replicate,primary_beta_D,remote_beta_D,trimmed_beta_D
1,0.061698028199845725,-0.050338306696010804,0.05341905787685722
2,0.13833045972125513,-0.030208279646125817,0.13644137988122046
3,0.07876449149569055,-0.10837491618822792,0.07594336692112473
4,0.1699045919041338,0.029374103348833405,0.1471339828436278
5,0.041523099514737837,-0.026283895345756342,0.051847594724938086
6,0.2247619451545551,-0.01629636498879082,0.21009119897961487
7,0.10113885862126906,-0.011699346001505082,0.09585912793490059
8,0.08800755995822179,0.034369818718574,0.09401508102290047
9,0.06290061134973951,-0.026770453299574754,0.0630458058330111
10,0.22683443246571222,0.08381154407525103,0.2373519988645124
11,0.09512005915053073,0.024724724392778872,0.06207507559194022
12,0.052087074849967656,-0.06988604500752804,0.03181031212417266
13,0.10207357937721169,-0.02573387836022418,0.09806550652265028
14,0.20448576277029326,-0.08688153876081962,0.20276609658154562
15,0.06975161941487609,0.01379097268616449,0.06372314891296098
16,0.1083602481876019,0.031286409287446575,0.08240800862874789
17,0.0960016311434867,0.05062569296978756,0.10790721606632907
18,0.09909061648586744,-0.055621134991359365,0.1023204145081777
19,0.06744948572109921,-0.10159293298059467,0.0844631868028754
20,0.1306093474947946,0.0606071403691397,0.12910161516310675
21,0.10608183668611183,-0.048073832709605066,0.10637957689094314
22,0.05032745424652721,-0.07315706018931882,0.06931674373451574
23,0.10923448741286824,-0.07392202720653335,0.10751979217091627
24,0.16834065603819437,-0.03283395746835411,0.1849670389523539
25,0.13459460795365333,0.036747509569588326,0.14064787734360776
26,0.08944230879594367,0.004466950065253766,0.11055817272774732
27,0.1601828276085382,0.05260637382878313,0.15133480992244686
28,0.026548545659686916,-0.06842319652744375,0.0360270245757545
29,0.07806005584841522,-0.08336087627529516,0.07432679974885735
30,0.13961192144923812,0.02171428731954582,0.13914210447168196
31,0.07110178840408897,0.012625502385580202,0.0746760312997609
32,0.10616783621365701,-0.0675134938570333,0.10735152944999027
33,0.13284323524799174,0.015943809869949466,0.13759303557778046
34,0.09474946384198034,-0.04784738913356207,0.08892862759298105
35,0.12709583248621514,0.01862954438101568,0.1254169755238765
36,0.11762838792643177,-0.08480283638815195,0.12011795593970236
37,0.01498021579599998,-0.016897073158450487,0.025822165546185025
38,0.02285090995878864,-0.031227231280955017,0.04090506198997222
39,0.12225220855786605,-0.05234273890092073,0.1003973153047238
40,0.16072365678652936,0.03896049496809522,0.16036504544995778
41,0.033038903531826015,-0.06731392428928075,0.04378213137150818
42,0.1692190600328657,-0.011894316538013337,0.17356517318084183
43,0.08286947387303865,-0.0549143610720749,0.06106956588377179
44,0.10754548838990183,-0.10893387875562406,0.09476741787112403
45,0.12781399708242383,-0.017480785361256614,0.12246819510493663
46,0.06687260248768612,-0.04807206362288352,0.07348262937550473
47,0.06451405362534081,-0.023979578610211123,0.06656686217028457
48,0.16475576415710635,0.013445052092179745,0.18152476739897622
49,0.18514312233528873,-0.045368834417192375,0.17204868392536868
50,0.060555632032954894,-0.12325486599298666,0.04908869737685306
51,0.13995606577650377,-0.0005007259784580081,0.1283433226418239
52,0.04640102420445203,-0.05166870912946234,0.02807526225481931
53,0.10377246958876843,0.07351743126304795,0.0990546685880692
54,0.0800185406969289,0.03251147606070563,0.09895438411814378
55,0.11033769276553594,0.06147643096214081,0.12055448123969732
56,0.07958274335315546,-0.10352611041453759,0.08657959684437914
57,0.11040508085507658,0.08507351404489008,0.10130666163181831
58,0.11447277152627033,-0.051285768940781566,0.11956245577858622
59,0.06354123906652838,0.020546320193011065,0.03869316371323547
60,0.14091985162030424,0.040497659356377405,0.1364401679492542
61,0.17448021488736637,-0.012483926858004039,0.17229128080946546
62,0.04385028224088059,-0.08517032979130594,0.024684154456052865
63,0.07373763671485939,0.038077385610098456,0.08143911324551485
64,0.07910604708072617,0.00542816830811037,0.07362992688222575
65,-0.020195867569951873,-0.07580070908789431,-0.016806942219683586
66,0.14982022020213345,0.08046391373216383,0.12186117461496014
67,0.13221205292772722,-0.0008064918848859707,0.12117873182934165
68,0.12758024593340547,-0.06906683427710306,0.14158074956972821
69,0.09574658152455533,-0.08535953189356127,0.09789760385115381
70,0.19171158142215458,0.06998877343585601,0.1952948818532277
71,0.1508803298705854,-0.009121156361428647,0.12995527856829123
72,0.12042996755491059,0.0242195007421978,0.1213569989264472
73,0.09850657711872847,-0.016498501401282,0.08739637981520008
74,0.09337402101526215,0.06253275282809527,0.08356555997775299
75,-0.026762025820068647,-0.15958291933193622,-0.031045333271889422
76,0.10855075327873666,-0.0625428457690787,0.10487092012824581
77,0.129169075972836,0.053235361943897504,0.1281385964426482
78,0.013697345774760923,-0.05464871733306655,0.012029409609504637
79,0.18825099770087295,0.048534094115480625,0.18009216955658086
80,0.18951298795467078,0.04170646453425308,0.1978963849493141
81,0.08811512887747501,0.04264114585388035,0.09045472286942123
82,0.04935014089627,0.0069470253569074445,0.05767554168903512
83,0.013896854060424178,-0.012901305032575198,0.012263570616187849
84,0.16638603153874823,0.007462644774018599,0.16686290849329538
85,0.019280878363229198,-0.10253721606157626,0.05163679933524426
86,0.11286311674509375,-0.06289686419303388,0.09715015038915625
87,0.09294117455296583,-0.010467753217612135,0.08338222661678626
88,0.23386066187671622,0.029522389143615393,0.23011220400614743
89,0.054649276818277054,-0.07743779122723063,0.052141326835165466
90,0.06645650560720488,-0.029901800465207722,0.058096091420094385
91,0.0977821623091792,0.035502859913839606,0.10678818792153195
92,-0.016415036567370596,0.004501900420933497,-0.0029425820293163592
93,0.07534526182878414,-0.024539834533708987,0.05915147468417801
94,0.08501636802630884,-0.03752779276873246,0.07702055650252948
95,-0.020133979637131098,-0.009269068577356813,-0.01992660762333267
96,0.08441340121221129,0.040935521007366214,0.07438420467794735
97,0.07980267564133652,-0.045872692202508766,0.04829329023588384
98,0.13525443886382923,-0.027852776724442658,0.1172304368844179
99,0.06395991291548707,-0.03879642459439415,0.07276914857743055
100,0.05789586116119906,-0.008296850212673297,0.06690363549043252
101,0.08968531796959599,-0.05382534935807491,0.08615967452193546
102,0.1907814609896907,0.07656658271926528,0.18107693446408393
103,0.1460735093720818,0.03563133580386975,0.1033533648425667
104,0.10865854085830436,-0.021954868782585527,0.10506833610775312
105,0.05163972287851072,-0.022899322042400683,0.058538284905656476
106,0.15030241730295693,0.08607725417892415,0.17076128918513087
107,-0.0498264151451495,-0.12980210541021575,-0.0457225449527696
108,0.14922966725722045,0.013618630696589038,0.14580517046661387
109,0.05746646010876432,-0.027033187592350235,0.059471920965991715
110,0.11630027779979206,-0.0432824061576017,0.10701860557197876
111,0.05518710225212645,-0.0540308047124416,0.037860481724778766
112,-0.008602007147118593,-0.1262085227236343,-0.047719574143797745
113,0.23366012544309636,0.07989256737004927,0.22302380597891977
114,0.10577970943798792,-0.010584030792121207,0.10641277472338985
115,0.06999059886698687,-0.08405058012913744,0.08060050278877666
116,0.17048981644663122,0.11114222759332477,0.17161929121914807
117,0.12655579618357135,-0.03368959163311745,0.11791545377694056
118,0.08164570179779636,-0.023299493782346456,0.08437764440879232
119,0.008904016986652913,-0.19149505832578936,-0.005823641343423776
120,0.15820854939240492,0.01262043969565417,0.16384384973084812
121,0.021682557108361016,-0.11927963597747736,0.016642959605457395
122,0.07121285882624709,0.02044272369523727,0.047497959458023604
123,0.10028555454190756,-0.04474573818507103,0.13029666110502644
124,0.16190995552254028,-0.009823985238602884,0.15072595836087924
125,0.044817199564771724,-0.044615130103287236,0.02692142123694646
126,0.10299536853547434,-0.001278760347838009,0.10021326122508224
127,0.08628222930019463,-0.07058161315463009,0.0943781120202887
128,0.04156433741279994,-0.06795593957447878,0.03821321966776628
129,0.11502727232348918,0.03925530321800275,0.12775167400910747
130,0.08069774222019968,-0.06575846222526707,0.08557302339797081
131,-0.09172527990080578,-0.1672204216847678,-0.09825199119261221
132,0.12035285329374401,-0.08248866380668238,0.13487269336114818
133,0.07369133651998491,-0.0988645492142139,0.07942763662625021
134,0.1245512984627644,0.03254386060545351,0.10323317578149352
135,0.10782075682588818,-0.04535410102820436,0.11842947832107167
136,-0.006439370100076098,-0.09113931429105278,-0.00816216053954767
137,0.09123265096453452,-0.06251499822360775,0.09885821445300894
138,0.08508089108187578,-0.035651015063767104,0.1092515315986901
139,0.1526110770565963,0.00017431389489950056,0.138562969315281
140,-0.031674110284836104,-0.02171396654285783,-0.010675158285999586
141,0.10510918342511771,0.019032093695753628,0.12079183750347734
142,0.07608825985414139,-0.07969340421255186,0.04290415515820924
143,0.029864898583685656,-0.03805468595813,-0.0032662535042514026
144,0.08853195962211229,-0.06886184611721367,0.08943604970872804
145,0.13366127823752522,-0.0525441526246102,0.1417638828679803
146,0.09482002044373147,0.021469688670603195,0.09875240111258739
147,0.07791189049914697,0.007608607772669189,0.08104409319665953
148,0.02769127587715129,-0.07159964897468216,0.025495799840307636
149,0.11578886743912244,0.003288038062108514,0.12820743220721798
150,0.07431735881794292,-0.04917696620868034,0.05933836128181732
151,0.11745696202700803,-0.05347352396166985,0.1240108975682298
152,0.24226340478650873,0.0566003498771502,0.24589066194836526
153,0.10163534362047329,-0.11760093197243361,0.058261322790212206
154,0.13652424010816316,0.030975866362527523,0.14661042889790715
155,0.13316943468877743,-0.03249146775683027,0.11727179681747467
156,-0.05084875462766666,-0.13143096949734306,-0.027983121400672325
157,0.18404477489616164,0.06831523785160121,0.16770135500417552
158,0.10534600916390104,0.05667472586556563,0.1149964451937719
159,0.13248421005733507,0.11867173643018944,0.1078154020622202
160,0.024062339000277974,-0.03764103485415423,0.03306961324254529
161,0.2100500411583268,0.0629348223495465,0.2242003606003338
162,0.13249997442185496,0.023092218717718386,0.10896440748346573
163,0.09921338513782896,0.013275311782343494,0.11102151197992326
164,0.1754138327018943,0.026540490341913227,0.17321894864504195
165,0.1206891610322373,-0.01413189872181417,0.1203185644186765
166,0.023548540140999403,-0.11901528527993668,0.023273975568342965
167,0.14486433902142884,-0.04383734393654398,0.1551722904621814
168,0.07447429150935252,-0.034613436684630725,0.06416501382357453
169,0.052938560059649815,-0.057736084381934206,0.07110512631377976
170,0.14436627888058856,-0.004194721546713133,0.12482710714928583
171,0.13213286964660284,-0.05679617614120844,0.13343668396154282
172,-0.013388794038188791,-0.14026122003088062,-0.020572985005165693
173,0.025852264197133767,-0.0081193347982062,0.035211264336673015
174,0.027168181193010902,0.012027856905863322,0.03540681176348883
175,0.0605401528572403,-0.062088532833799455,0.08759829093363102
176,0.11364282239236463,-0.08715358407574644,0.12156639261094432
177,0.25762800868364505,0.03325203855781414,0.29192293242598294
178,-0.004836692293492214,-0.1564327136256262,0.0005739821721447896
179,0.11780300105936478,0.04504113044671583,0.1182017783594686
180,0.06577553227065473,-0.08822960607675989,0.06099847524757529
181,0.08119465017591627,-0.03442499083238286,0.07045590723888329
182,0.12386320734721619,-0.0015520891567154136,0.14129533711380032
183,0.08373355898593927,-0.0059571797244785665,0.08422662717458858
184,0.030290161209856538,-0.10712992576509191,0.025180741766736413
185,1.658520493307205e-05,0.0038510770769004375,0.004357399993472096
186,0.13796307234087718,-0.04645858934300977,0.13265520346056053
187,0.028711462425645432,-0.06350878212732232,0.02110570099859181
188,0.11115578929541506,0.010438202873050592,0.11031166140770923
189,0.09540797804042073,-0.06885264767964111,0.07569343060383067
190,0.10016280992081818,0.05071442153130658,0.08642541713310764
191,0.04554883702349586,-0.019345031694884364,0.07099518726041877
192,0.051827984968808,0.052743505126200504,0.06363626600618391
193,0.19423296223958972,0.043884700506526264,0.17988758808042163
194,0.1275599917329912,-0.0002718386109417925,0.1112988743346329
195,0.16278397931009553,0.022188698895760615,0.15778554945726486
196,0.025707106151108626,0.010840616270650383,0.023583744418696543
197,0.09823526269712606,-0.005913281483110976,0.11822146243809391
198,0.12611450015593534,-0.03373600983566451,0.13814429479421553
199,-0.04469935566666176,-0.053287086832245686,-0.03404344350179677
200,0.10814170707091722,-0.016523453142382395,0.12029484600526376
201,0.1572299902777932,-0.027278383476670734,0.1473263216553637
202,0.1593677566679525,-0.058446815783811834,0.14854987186791233
203,-0.04493874890407795,0.001978632519504278,-0.05535902875004736
204,0.16717319559478258,0.05150422233872654,0.1456542402217295
205,0.16062210101869823,0.07440051780925681,0.16974612755318086
206,0.09607530035856374,0.07040831784332026,0.1054556082151113
207,0.10720085417197935,0.019735871119428663,0.11004935364463733
208,0.13121218047502758,0.05329731972069396,0.12340807676218316
209,0.029942412715591827,-0.01859383692540901,0.015978693017066392
210,0.14918261193516835,0.032145485264941126,0.15115506087118405
211,0.12208824917619458,0.02145320946161707,0.12417068508249977
212,0.13324449914477693,-0.06602993655156843,0.1314386215329765
213,0.17897304714291146,0.052220800761999094,0.17402249293054514
214,-0.030173575805723354,-0.060074774730472506,-0.062259440398216695
215,0.18583242001836892,0.03649944465190162,0.16559267298544322
216,0.051417251318553105,0.009284986916463641,0.054206774506640146
217,0.03418023021357353,-0.03255553217941128,0.037954303040798235
218,0.12528801820283073,0.04808763349426528,0.11867377355846673
219,0.04070319801267681,-0.06709951451390872,0.015463318101734623
220,0.1643490248946977,0.06367625804361834,0.16746946332356488
221,0.058541311145431346,-0.12433762337786444,9.429546560744918e-05
222,0.07562489667910116,0.00306311677434935,0.08334687330999963
223,0.0023688018383494075,-0.11567585428738394,0.0059091738637160225
224,0.1063900554138529,0.008991734791610594,0.08568826613890168
225,0.20509207467516083,0.03803096182959341,0.1993950899443745
226,0.03871090404365684,-0.062173618095577164,0.043339469180934384
227,0.08245028573874652,-0.04887133627782987,0.07656789774814059
228,0.08466700940341819,-0.04050911953682052,0.07616464292523908
229,0.07499133800427613,-0.07691248572122039,0.05869999252177834
230,0.07683041791864043,0.05844224431566559,0.07487985624330411
231,0.10332384947267027,0.041519333929709475,0.10591003876493134
232,0.12128383147964401,0.028301359493444422,0.1266339372233359
233,0.08011479393742268,0.0655636920515078,0.06561659077843741
234,-0.05649518471299579,-0.12225037527746505,-0.04601177329121259
235,0.10798646288375384,-0.05659816858786648,0.08389186965625371
236,0.19990576145878744,0.08577282429680501,0.18335153989824046
237,0.18085906282960967,0.05987024693373504,0.1849666301747566
238,0.08605121608523796,-0.02808696842991337,0.08966102148064853
239,0.10279336480855314,-0.039226827151397727,0.09064855751250439
240,0.15443857322217341,-0.06419151266425292,0.1420025361401329
241,0.22798008472404913,0.048244721213890285,0.22089323906473585
242,0.11015574449421155,0.007062405617932452,0.09794731112965217
243,0.09863939859289154,0.0037107461921568018,0.10615013790623724
244,0.13168349875894006,-0.03531937772790421,0.1216428486615429
245,0.01583599676654132,-0.06380658307085606,0.033393813269901665
246,0.1333415910514121,-0.03575760368559087,0.11866272945462487
247,0.09625919587713751,0.0028931382435172614,0.09881203401123925
248,0.11767876085256404,0.04320747313373895,0.1215278952250966
249,0.009975942837281253,-0.07615351592266717,0.006354925918405976
250,0.10382341058467218,-0.017454237629338842,0.12294904981743673
251,0.10112826694802843,-0.056660313956977244,0.06548449400917515
252,0.07885698311547423,0.04109531885842239,0.06632513506036809
253,0.12296645098007548,-0.028007194534855142,0.08470561176969005
254,0.06901262206161786,0.01083424160938626,0.05350318281166786
255,0.11259952137051173,-0.02765576669992932,0.11455942544687578
256,0.026183918710857092,-0.06959884938989401,0.0330277491251754
257,0.056353469794923935,-0.07022050617732752,0.05118873528612285
258,0.07113447749865953,-0.014103636741840144,0.07643245240570418
259,0.0176376094677776,-0.014098412392319966,0.026333519154806563
260,0.032585078541073655,-0.07534807534141709,0.03456043554013634
261,0.110972253385952,0.0064101075258784146,0.10098695583158576
262,-0.03155160191474725,-0.12278240720920809,-0.009238927323598678
263,0.059067547804103,-0.03688642969939274,0.06556851851913122
264,0.061564063115180576,-0.07321401598539026,0.06124167596600077
265,0.17399019774661437,0.05085880043347913,0.1743701973962227
266,0.0741906837928919,-0.010153946267322203,0.04727971207944034
267,0.09719555485699531,0.024575704725481786,0.10584208086481031
268,-0.04329029711761868,-0.1423527644465643,-0.0927629818617941
269,0.14268052646830398,-0.0517647791343919,0.1217788930974041
270,0.14337665595377247,-0.06865596868272518,0.14075940246602814
271,0.10811537403298124,-0.0056448941235862264,0.11606002640883685
272,0.058113377738026314,-0.08937550108778652,0.06852915241483018
273,0.04465939487803409,-0.11205499650396329,0.03324480720828793
274,0.05280071750793217,-0.07615901513473651,0.028884226660727853
275,0.09082647759442226,-0.08912767847989535,0.10511441077185184
276,0.14792582251680372,0.0036481584782520273,0.13340273312946774
277,0.08966567085076806,0.03348810024529353,0.10270146096723361
278,0.13141803829444137,0.017756120877675193,0.12038524109198713
279,0.17948174903630953,0.048058710214517346,0.15981971103521767
280,0.1636464840094913,0.05903481089360914,0.15893282418240529
281,0.028216508920037586,-0.0734153118680168,0.01127140071080376
282,0.1614639463469581,0.020115581748812054,0.16051709266263195
283,0.12939056296260582,-0.019557592806934337,0.12263528633703935
284,0.15603712270539558,0.037619207398558514,0.12916471092667625
285,0.056172016843068835,-0.06765615772386444,0.061896142978753066
286,0.08083729202749343,-0.03538194228997921,0.05891514611149337
287,0.0804595416335755,-0.04236709114164214,0.09078161902305357
288,0.044659660452050866,0.04188177457294168,0.042623850976868646
289,0.09218653989419705,-0.08303489287011617,0.06324330108717875
290,-0.004222484114267249,-0.07816036610256578,-0.001038401699509303
291,0.09525960266811759,0.0389031370533568,0.09346755390134862
292,0.08730726515685718,0.01783384213261111,0.09648211466861988
293,0.08215031221255246,-0.02390203666332532,0.07139594005640681
294,0.13303030483672904,0.014022876142288304,0.13624910708618782
295,0.15707244067488052,0.0012732482790378703,0.15320251690453315
296,0.24219076662411504,0.05970694508859684,0.2416374821800105
297,0.2102128384135971,0.06661259096626755,0.20101558384839008
298,0.16027558924313873,0.09858486107084044,0.12344285249312531
299,0.006235154914855693,-0.05542702970877623,-0.03575162004691875
300,0.18769052958134505,0.012430618081009816,0.16287516004806116
301,0.161879383638279,0.00852281660287281,0.15045840508653033
302,0.03171198090841315,-0.02212716385670216,0.04148691679768742
303,0.1364759434255438,0.09759693399723894,0.13976975239680334
304,0.1854322363013674,0.023585431608661892,0.16089303209886993
305,0.12634546955202597,0.06423611393084534,0.13924848720999453
306,0.11253898266776045,0.007055819094160418,0.11016883992665935
307,0.05817197400308293,0.03588871195109244,0.05996812001242995
308,0.16936844182103683,-0.023763340540166045,0.160393038004733
309,0.13494837843530638,-0.07884547390253574,0.12336049308872854
310,0.014173713156946254,-0.03142831262244095,0.016993532780473
311,0.15099090469750018,0.05702966624003977,0.15076138977206388
312,0.09618313923913407,-0.022492993957961168,0.09618020099040021
313,0.10281285361967099,-0.012956325972651818,0.12616537436609704
314,0.06571000197668761,-0.0741128549509369,0.054267958383744486
315,0.11822212243677964,-0.08627277992932829,0.12065694560633046
316,0.0004539575462604901,-0.043332457728858464,-0.007540906899110563
317,0.16014751143116662,0.0047801454352877195,0.15938878024915287
318,0.05197117888612276,-0.07993652346324938,0.049781258146242895
319,0.07949865643088934,0.011327312696379557,0.0585176642273328
320,0.12560911078622364,-0.0036156182184035757,0.13257094886616486
321,0.0306444873787546,-0.012233362833529262,0.04132985900637816
322,-0.008066461439844054,-0.0638688934781431,-0.004041369995736509
323,0.1340453673495725,0.04592391907487294,0.13702816284863242
324,0.21095347543118312,0.050322448801802554,0.23304442691499833
325,0.03027298032119398,-0.07416137356398027,0.031185392820558808
326,0.06161298150066327,-0.08159085864936491,0.07095526504103182
327,0.058135342185085676,-0.019137777574550187,0.0501953419609054
328,0.13457430768976417,-0.007942445554163954,0.14032154878149186
329,0.027492801290899507,-0.07068056290376218,0.03191825016115846
330,0.04907231856633998,-0.0705390233788975,0.059088314406125754
331,0.1138550168070906,-0.07885436207747752,0.11034835947466441
332,0.036796990349334605,-0.01090453971795178,0.030864771135940532
333,0.12097425056217809,0.04549264143393335,0.13279469293937338
334,-0.042514151933508326,-0.14053015461700205,-0.0384602735768685
335,0.09385199017792466,0.02706585222800699,0.08816029413941565
336,-0.028414934061923556,-0.0972508382989275,-0.011954565992799177
337,-0.0028281782972378604,0.0005021195326627893,-0.0034214716901117487
338,0.1697956460482461,0.04794421523892362,0.18155337697945934
339,0.12373993710578973,-0.05698237826255473,0.10334151255512576
340,0.031174221018345775,-0.028420672812717394,0.03887738243518701
341,0.03384462295135634,-0.07821989400773065,0.0015626873882739459
342,0.0824937847257777,-0.06941990667541548,0.08020440333049636
343,-0.03266796683148321,-0.03006852719731916,-0.012255144669367161
344,0.05653720131643438,-0.09231632683871188,0.04215223257039488
345,0.061384607384194705,-0.10626516558690965,0.039924842629268126
346,0.13092713561707398,-0.008296120320391589,0.13891400427006728
347,0.11662277952911868,0.03229813932389477,0.12456605491031668
348,0.07375491002697321,-0.04068491982183738,0.07397847100082322
349,-0.013612393218999574,0.035831945996893384,0.0034242851575042666
350,-0.07983912940934934,-0.13469580042797777,-0.07463216678167046
351,0.08550294158575081,-0.031523595937645914,0.09410678685610573
352,0.039279939072142514,-0.01907297017465729,0.049778937348984115
353,0.07232607636991999,0.011808194622428688,0.05013562452142314
354,-0.017279177179551256,-0.15050897506173033,-0.013129243662835523
355,0.049723055058410355,-0.010751739806763517,0.0665877546860224
356,0.03988165724174603,-0.03692465021356889,0.012137733701907296
357,-0.027645971567113257,-0.11382852883083358,-0.049913175227546756
358,0.08927942351673553,0.033859194581885084,0.1038610740597149
359,0.04717405153165581,-0.11464188277733588,0.06524678702843428
360,0.1384880126413846,-0.011423278617996732,0.12997067025726858
361,-0.029043906009411733,-0.14035742842971557,-0.05813208873151107
362,0.07434039053551737,-0.10063774178966844,0.055272346225215235
363,0.05796090050424481,-0.048353778244634264,0.0463221560681321
364,0.008835289624608392,-0.06256322698093955,-0.010642125213082698
365,0.09541052652161813,-0.034352268100763694,0.0977814493552178
366,-0.003586613801087217,-0.11463060283901101,0.002373173687016152
367,0.13832689894458094,-0.02983079229172347,0.15591452860722063
368,0.08945727620335109,-0.03598944224272331,0.0601043576192972
369,0.02453561398014832,-0.12321626983381455,0.01868411319420631
370,0.15631162617713412,0.09315766759775437,0.16246655700120904
371,0.1066148422382224,0.05707337166812458,0.09760265511236885
372,0.19304063469786095,0.03214805000231881,0.1767470652659229
373,0.056188918697640734,-0.1053315606842183,0.05239600794885419
374,0.17023529305484783,0.08789363731216371,0.18366695517774545
375,0.15464913701324412,-0.0034529468008268433,0.15806941492286417
376,0.10885499937027697,0.01429882381320803,0.10911733164463752
377,0.15235873285434093,0.008067664928274109,0.14811683433150333
378,0.14645285263448252,-0.020163008677372106,0.1432694535039233
379,-0.06912346755975536,-0.08488773501395958,-0.07576136233542895
380,0.12121594138901613,-0.00019361284571678763,0.12520534517533838
381,0.004536550374904618,-0.04783552620964489,0.017702123497118638
382,0.033715159118043944,-0.06901276840760699,0.02208963364769812
383,0.11848589016031835,0.06636185823975473,0.11805993641695943
384,0.06687203060087442,-0.003744200353434627,0.07707534403774223
385,0.02445789820928349,-0.029747647975774234,0.04722330264901212
386,0.162804090846866,0.08247375693603054,0.16758435262819485
387,0.16167943427953094,0.10112876321109762,0.16288528266291066
388,0.1897261313441857,0.059452555095181395,0.18725627841187076
389,0.08459319201249366,-0.06606346453894162,0.07985597325588753
390,0.10377527263689483,-0.025099149323533018,0.10143770459489702
391,0.07525794491411494,-0.04714136602934011,0.08928178697013932
392,0.13513654804080819,-0.053369855037216515,0.14401772715644276
393,0.0008441315398162615,-0.013821098917782533,0.03088389021790355
394,0.02565910497592394,-0.02651365188556758,0.013691733013544533
395,0.12246536971582504,-0.05741391413717758,0.13630719445503592
396,0.1528384476795321,0.015380944171827686,0.1396882703937405
397,0.08272859021735585,0.0009489611492727591,0.09685985960352257
398,0.11419125990813277,-0.0833463548253347,0.13421736833165607
399,0.07078366502668362,0.000637194563502859,0.08912301654254202
400,0.11658277701806205,-0.008412341069766445,0.11840631839096494
401,0.12580321116442506,-0.06791621317789111,0.12382520269456468
402,0.11259893862329655,-0.11418928498174542,0.10719209344661498
403,-0.025158136139474405,-0.14296965382550583,-0.023749525636787956
404,0.1284092349845215,0.04028101484199993,0.12782963061940578
405,0.020106939856917264,-0.012550171560064972,0.018962191634100563
406,0.007741360570649006,-0.02097906738619251,0.016392008952087905
407,0.12270005462272758,-0.004025929286453721,0.13282664064975475
408,0.11765492235884208,0.019825894029593637,0.11792439184995249
409,0.09183764688981376,-0.02430335345048026,0.0938626498436364
410,0.09939817333910035,0.026044336137685187,0.13591852269094173
411,0.08990344202357947,-0.04048622600501927,0.07181702954681389
412,0.08297450513724391,-0.04793102268571746,0.08919019565347636
413,0.11428740408642164,0.050979984048694076,0.12017829345001577
414,0.1301256879446784,0.02515376488683707,0.10411779094567462
415,0.025913738519142367,-0.1963166453212034,0.03182974364232718
416,0.11929346676347836,-0.0375622151306506,0.12320519235937095
417,0.08366171149143166,-0.06868642108884655,0.07352659424826859
418,0.026811398048991363,-0.08782141295014427,0.022165873589078258
419,0.10160268022095248,-0.02823278472031397,0.08041189783575621
420,0.09150466881938239,-0.04458426782648923,0.08147889071195079
421,0.12922859969740702,0.07210592337322388,0.12701660056001224
422,0.17667909665730588,0.03953415039559124,0.172627465801843
423,0.1657299901775652,-0.008946500865446403,0.146232983678568
424,0.14072393534144967,0.0036277448604979832,0.13223947284290075
425,0.16274751391424802,0.09670077338999976,0.15467619510314473
426,0.10564654737031201,-0.013255208207108063,0.10534927846432415
427,-0.05967669370883308,-0.12619177451805558,-0.05302098641478345
428,0.05895323900390155,-0.03697843198610971,0.06692639158217384
429,0.07548067657403561,-0.02192631325649114,0.06936954718725129
430,0.1079984999013093,-0.10108341227354058,0.09564304091867715
431,0.13109063185707678,0.0427549473977293,0.1185815320293296
432,0.03950288631290517,-0.07579034489653634,0.028219281607245975
433,0.06101799834210621,0.009992569007788919,0.04042587848223012
434,0.056568383737471035,-0.018703824634208426,0.05955375944422412
435,0.16426009084789123,0.08455811872145881,0.17950545670230716
436,0.05934824137485001,-0.021783146100306596,0.04937230464485138
437,0.15334954203286924,0.03853497213100308,0.15098745153702034
438,0.028556208992487817,-0.0591110774920987,-0.004988873425442555
439,0.06850030191145522,-0.03611182635994138,0.0542926239953008
440,0.07774820280812687,-0.09432675941271378,0.07296619420255206
441,0.1302674879173624,0.026666950843297364,0.12821362539659437
442,0.0905751907752608,-0.08333044316138317,0.07634649953124632
443,0.061078711298889726,-0.10146407081641268,0.07292063270682188
444,0.013004279835986517,-0.10850310617981998,-0.004526121258238055
445,0.11695661395657565,-0.025508027668651876,0.09845335170224055
446,0.1838300459153672,-0.0068115272124965615,0.15566842551237126
447,0.09929341310439654,0.10780324530802346,0.0992104629915414
448,0.01812407830009849,-0.11560435025480853,0.019931428201816988
449,0.05880136183218482,0.011671546374544404,0.05650647318141888
450,-0.000822266768230296,-0.01026042279545557,-0.026293097184833344
451,0.07987572053608268,-0.01134434586051734,0.08804464681808981
452,0.1723961435683947,0.011265698484576646,0.1675420881844612
453,0.10979475193662684,-0.04080237563051816,0.10644092613703839
454,0.09279926721591764,-0.005599514492401841,0.10345972046717013
455,0.0021809142049852093,-0.023299266307159498,0.012054334611893123
456,0.20844227713425856,0.05345160593465179,0.19715401504271057
457,0.08330669029288719,0.057309618077124404,0.08239563901387398
458,0.13704710724380006,0.03689496081882616,0.13823875279368528
459,0.08357523823990277,-0.08830570118066776,0.09047249687059317
460,0.20009524220791144,0.07107584276111883,0.20298258462809673
461,0.02232602410669436,-0.13577456610975414,0.03036796328575577
462,0.09495891980594592,-0.10457254299388224,0.09400225724752227
463,0.14210449531674063,-0.03017451900556022,0.14157996151277102
464,0.13591054660697424,0.03675298483528469,0.11313035981956944
465,0.12045420029575897,0.023518443001232785,0.10270024170513502
466,0.13141209661406972,0.03321956138191212,0.12128390756216467
467,0.1250979252141171,-0.01092973346099312,0.09290148722394576
468,0.16337772141598117,-0.012847715360027198,0.15864419664889512
469,0.09384924950651669,-0.08019389484510728,0.10667762037872484
470,0.0803290657424354,0.009599065132825471,0.08032842983180354
471,0.13617146411131484,0.024173714789653314,0.14497501999711995
472,0.05157295785271867,-0.05650379174697608,0.02759909560799762
473,0.2405612005792776,0.06776889967287544,0.22561226273717794
474,0.14928317679486366,0.035198386500538616,0.17025510830379065
475,0.17709071768059173,-0.0006118155569404942,0.15627751777415397
476,0.1216738042358244,0.05207127030409545,0.11458043955381858
477,0.26087614809092546,0.1129873485542615,0.26514983663445607
478,0.030845780521109326,-0.0241476370066936,0.019509182871212706
479,0.13881024960284827,-0.07182317633879272,0.13503095318648642
480,0.07950067525800669,-0.06940036555067179,0.08738357064515548
481,0.14173393361341102,0.018575160044686723,0.12225857049892103
482,0.14264350477819546,0.03665873235438307,0.13158214494226975
483,0.037125684145172685,-0.04394517519435324,0.058593695868485764
484,0.08121599008194633,0.01114426009906336,0.057106153664356854
485,0.08461487199563399,0.014629228108408653,0.10762221276071546
486,0.07683276582796321,-0.09619749898760874,0.08379666744678647
487,0.03446985546065561,-0.029356261042140237,0.02240100486357231
488,0.08856090887153135,-0.08348737838803397,0.09525368285422607
489,0.02180888997848151,-0.03837322920331222,0.034231616363888245
490,0.12171544561552086,-0.03850116961395384,0.08340798047184815
491,0.1825811547201591,0.08817297565202771,0.2008989549668282
492,0.07955363519981065,-0.02304954203326727,0.09176365744801085
493,0.057448037606717586,-0.16025834734243005,0.04326655472927118
494,0.1411542619495831,0.005204760481386319,0.15017139209386937
495,0.052803146752063886,-0.10148195979509472,0.0194338613672543
496,0.08887102030234781,0.03941510450993048,0.07886882735187234
497,0.0935848404737276,-0.0485742961717664,0.08736282071684845
498,0.11768951066382086,0.029087081509438242,0.11582720984891967
499,0.07192871334157375,0.016338548951756883,0.06697380521156496
500,0.11181633056007176,-0.021433307397014403,0.1033048509044864
501,0.17140959260795244,0.011718663505825948,0.1623064547767563
502,0.24249077460121596,0.11050441160645141,0.23559019464440986
503,0.07602166287914142,-0.058971544294331636,0.05914849862738794
504,0.08340794118166821,-0.059558249619611855,0.07339615373774905
505,0.12274171664896782,0.011545783851572318,0.12398248249636769
506,0.07853943637885369,0.030019133388130018,0.09734059038390602
507,0.051036854888031495,-0.08921522301036534,0.045612945888278175
508,0.09544415934981189,-0.025065231856995274,0.057058866150987674
509,0.18016288043771525,0.01746269446146416,0.182393094574172
510,0.07904950297837858,-0.0527570484144889,0.03946439671653992
511,0.10516280270730276,-0.07029273875383199,0.08502899932961497
512,0.14094081255372123,0.00878658973059268,0.143770263645896
513,0.17702850607676293,0.05733646726861039,0.17855876452696803
514,0.08969244081491658,-0.02659469683297088,0.07554882200482235
515,0.11271560926819249,-0.06459114236138958,0.11451518184269872
516,0.07986640980643771,-0.032571357813583696,0.05909465848523126
517,0.1285030030959392,-0.03589786287549156,0.14567951186195519
518,0.08995639636854812,0.05712375240236618,0.09986775272684591
519,0.11437968092036653,-0.03404687007910643,0.1351606218877376
520,0.09605464819806224,-0.04060287802749986,0.09133501333364413
521,0.13419367659753537,-0.062441700372640074,0.139321110614019
522,0.055849868026303366,-0.0362851237517125,0.027121575484174047
523,0.06765181904043939,-0.07754158519942704,0.04983644448921699
524,0.036145965822321095,-0.01872068945458175,0.009407596338528204
525,0.14171681097086644,0.061075834822283764,0.12360564059045946
526,-0.0040942939175020706,-0.08688108028218967,-0.017980040850964735
527,-0.013049575991737797,-0.0918085090981954,-0.000688511000233772
528,-0.007326278534214813,-0.07638575914687253,0.0009507038870503055
529,0.08504742263116542,-0.03284815675786215,0.09796576081240845
530,0.04064386544376042,-0.03976973975081408,0.0471563941642029
531,0.20283546776743705,-0.0676372729632673,0.1959834701785183
532,0.10826763871796448,0.013735826725431647,0.11743978303126171
533,0.10964532215303645,0.05554897723983087,0.11852958038149072
534,-0.03336414271363123,-0.17183645280707013,-0.018214369090221477
535,0.10904296445175027,0.004600295885917655,0.08371238203917383
536,0.12741358955748394,-0.03180312439590465,0.11723284315186099
537,0.1497810282725124,0.01998530860377567,0.15240071219981993
538,0.04344659521591978,-0.10348850740105402,0.046130195760729034
539,0.055146029140884505,-0.03997203508831091,0.07144608795861468
540,0.04465078197554004,-0.001333962655478757,0.054266090146364326
541,0.12295319168133349,0.03216973529194577,0.11605903389844867
542,0.17968596779035442,0.043640998024573746,0.16397260715411258
543,0.1395552170792778,-0.022527770973652144,0.12817226707104482
544,0.07461731374030701,-0.01506378392581984,0.08881960828816526
545,0.056878827975666436,-0.01462642391378156,0.03997967681784911
546,0.01730114209291113,-0.048604893006225273,0.022627725801691402
547,0.0744295701179796,-0.07518461641633062,0.06675326640873995
548,0.15287638037985746,-0.028682729182932108,0.13359928622716025
549,0.1621504350491792,-0.05770640395212509,0.14967257260528047
550,0.07500248154105194,-0.03769686899837787,0.07205730635894002
551,0.020663720939337896,-0.09396046474758192,0.020349966664438984
552,-0.012817085160330104,-0.06934750666564375,-0.010296289570976606
553,0.19195445524709623,0.10432219577878955,0.21124757097103966
554,-0.0018837341670057436,-0.11550311386548653,0.005165874724891971
555,0.13594942336348975,-0.0089604592231074,0.11345308529510775
556,0.09538322802093918,-0.030474530546120152,0.10431559396914437
557,0.13141455034530033,-0.03724479146632449,0.1315124068597754
558,0.09189327141403333,-0.04454826234579222,0.11160678784676549
559,0.05083659525748577,-0.06166247352941518,0.0597455249898231
560,0.09287686260972933,0.03594746772414952,0.10039867415643633
561,0.10823787205368843,-0.01695517270417572,0.10852734713069413
562,-0.10081380977088997,-0.09630319873352604,-0.10758784931478137
563,0.04099468231743164,-0.122772549307674,0.029355052550156843
564,0.004169967755374495,-0.011326939107397828,0.005098429901277867
565,0.023910184302753604,-0.04678647812395947,0.03698060127406125
566,0.18402622514794378,0.04833560847101561,0.1884110192196704
567,0.08981908183160782,-0.1198004694200395,0.08298373655614458
568,0.08460719163476144,0.07072435004524193,0.09591671018573406
569,0.07201523555930536,-0.018533020648667815,0.0720739481744973
570,0.0849677117572548,-0.0724946732136755,0.08180202042750893
571,0.15754340577106732,0.051554526216324253,0.1630454348965656
572,0.11108649369362016,-0.04171652413956151,0.10260606387170178
573,0.03844693336691951,-0.033828782698382305,0.05063299251787068
574,0.018178557651004804,-0.06874505676371949,0.008951008971921368
575,0.1461245427244982,0.06534739500890137,0.15066525699839747
576,0.11558788951361552,0.005969774539791554,0.11949311259590681
577,0.19868861701530233,0.002039356960707508,0.1927881981309837
578,0.07602316491188083,-0.06858839868718042,0.05725893819956344
579,0.04086265695402968,-0.024072074642266017,0.055198791570235536
580,0.12847182154351722,-0.010562658284494863,0.11020434652265576
581,0.06128456388255194,0.05698221403056324,0.08007255410652102
582,0.02644063026585007,0.00932625798230397,0.01750264588247663
583,0.12608676696829588,0.05070744512658914,0.14752791715528482
584,0.054560200629160886,-0.013500775679252003,0.0689825349763327
585,0.17240174938413455,0.0654333441796908,0.17678971844257968
586,0.1297148507446663,0.02132502622576481,0.12704946280853474
587,0.1259828291729652,-0.05528349052702406,0.12777380540842181
588,0.15271516876745495,0.019863641934095407,0.13705275589227536
589,0.024465486115710974,-0.06981439839170726,0.025658534277771455
590,-0.008240118216159026,-0.09553812757600127,-0.01816238540367257
591,0.08028022651467444,-0.05451919480547626,0.06928034641731566
592,0.047424809604511786,0.03217951756043322,0.04279128754072592
593,0.13590271779313323,-0.030139280638372262,0.1313302040599708
594,0.12952626299839937,-0.03320248509610238,0.11322482927232576
595,0.1779150910912529,0.033960858671859155,0.18632032071973753
596,0.04505106873016373,-0.03140695381933173,0.040892357683364564
597,0.11588462939714113,-0.05861778138245022,0.09772459731128764
598,0.01113842087986067,-0.033812221534546695,0.014614828749827868
599,0.08094647823902303,-0.041745723578978475,0.07966650073144803
600,0.11053177836370319,0.08475941557064925,0.0942617987220319
601,0.15524311304408658,0.028979553005162938,0.14715141700008774
602,0.13938349377551085,0.07593565309818637,0.13488102151247014
603,0.04352337755453342,-0.06775027446440182,0.04565467143350849
604,0.1348620363447931,-0.01383585578467442,0.13123506221904008
605,0.14233041558171003,0.029507730266876572,0.10460533630768627
606,0.10039776430775035,-0.06085656017111246,0.09203821730196757
607,-0.029128927346481055,-0.1416787905423011,-0.023270899469536553
608,0.025833531070977904,-0.0949490027220851,0.021335296014895932
609,0.06993255352833605,0.005583475308551494,0.07168077268903514
610,0.11011564756595672,-0.03180967515463089,0.10879021670235774
611,0.007723486585098132,-0.08574048346072831,-0.0021053147585158986
612,0.028982381538670787,-0.14591084730948656,0.021702702583772455
613,0.16080935534156948,-0.004413572780063157,0.13290959470442457
614,0.15460721322907803,-0.05372098315155426,0.1529911531227
615,0.10846273288272193,0.013269952335173854,0.0923415084120275
616,0.06878127975438982,0.005171924293947756,0.08529559013702492
617,0.07179566753994181,0.01685761099556328,0.08302522144452984
618,0.06036758179136403,-0.06268486203327933,0.07079516129235616
619,0.04664181286281211,-0.06930297429650904,0.018481756485533716
620,0.23560427926385738,0.030219870955256304,0.22792955259212594
621,0.13688331567732184,-0.0014279021922573927,0.10649498387405514
622,0.07765152141086511,-0.10177286741100862,0.0768941212865267
623,0.10720594111611272,-0.0011981725792620463,0.11612497952773752
624,0.06562730830256092,0.0021346977024645102,0.06495255990559233
625,0.05337172493936243,0.04488121267274955,0.04095445446766092
626,0.08200181807728767,-0.054631758265352576,0.05829312988465121
627,0.18109409481244151,0.02990705521889458,0.17659273487325675
628,0.11020768963783269,-0.1269688921229618,0.1051418567431045
629,0.04653513865690448,-0.055805109410254065,0.05315304078711049
630,0.07203455009358456,-0.041847870829606316,0.05956933315301654
631,0.10700794693582348,-0.08192831458642952,0.09118122826871759
632,0.20171462424417308,0.04319852081924064,0.20734259855917564
633,0.064375644752315,0.015784339311687625,0.074903319384136
634,0.02917680460657432,-0.017852693338921134,0.03438656101556381
635,0.047610922230529894,-0.05483999471409083,0.04254368079073477
636,0.07980258647396549,-0.03523296021627192,0.09665844745081709
637,0.0900670747785114,-0.09273285553163116,0.11461121531965238
638,0.08623590895265686,-0.004458269265898544,0.07561301660549356
639,0.09820094455639763,-0.04615739907095215,0.08695706416901497
640,0.16978547967739813,-0.04707526122425041,0.1713964947284643
641,0.13408102275009995,-0.04588718033887904,0.11217616821474549
642,0.062079389016042034,-0.0320261739916572,0.06322198574124628
643,0.13236443842352832,-0.033466013408021626,0.11900308671625683
644,0.06051267263520503,-0.05559174992388861,0.07137876701483162
645,0.05097226905200413,-0.083474296969923,0.05663386130102043
646,0.13540662512973425,-0.06255113288745608,0.13151555965197442
647,0.12664636306436844,-0.051832635585341104,0.12550071609303926
648,0.04587012309195981,-0.016845866760615228,0.0452502902276365
649,0.10525768141237708,-0.017254738566946655,0.10698021489000747
650,-0.00845408327985725,-0.05608924677706289,-0.01652674006403645
651,0.11718365523623002,0.010278011815665107,0.11940403137650056
652,-0.012812246275720938,-0.13320014210945041,-0.004675767736199235
653,0.16495801527246512,0.02541262309309784,0.18021362747210806
654,-0.1825953596389357,-0.14637755112933518,-0.1940507539011324
655,0.0003625234768710229,-0.10583877344343759,0.013381715628122954
656,0.19325961378195286,-0.006425699540996421,0.19678769617570985
657,0.09898478378692578,0.05716528278323874,0.11346425689131515
658,0.014768652082725812,-0.017832982556037012,0.030243451743912127
659,0.058421343247599664,-0.07655231950211164,0.05251222510383866
660,-0.10064891136992533,-0.146669518730865,-0.09646964127321289
661,0.1526802039092056,0.015223906468992758,0.17366229375189796
662,0.04923413593270164,-0.04724746707096624,0.05392814330143967
663,0.09300520124272789,0.002622008091889028,0.10056292981578391
664,0.12044532418307273,0.020024188197617285,0.10982093379083074
665,0.08764881232673732,0.03348806024880747,0.08263917598690877
666,0.057582676105118615,-0.07453575248812484,0.04203296871232048
667,0.05011903610743843,-0.02296368885032137,0.028162192277377734
668,0.13052523684396208,-0.017593827238433835,0.1309934196802278
669,0.12861209400654855,0.02644366083941622,0.1303324828897322
670,0.011407254422602032,-0.06341799491156976,0.032664603648418035
671,0.08261893933398741,0.06876531780129597,0.09525770425213574
672,0.11616761101666341,-0.04050477066268875,0.10533318837664005
673,0.07053580562873617,0.04820465532756932,0.08304155336296941
674,-0.007661234164526364,-0.001167301919708002,0.03382440155727131
675,-0.00048665879963809326,-0.09438342236416222,-0.01835170252224576
676,0.13982980192284022,-0.021138463902375042,0.14147670809916463
677,0.15985213292688497,0.018285343840590794,0.12489777280833071
678,0.17889623484020797,0.0902607309956524,0.18186034586595784
679,0.024773219159548564,-0.0591235620724683,0.04413219676783367
680,0.07520171579180876,-0.02052875874725814,0.07257832907746684
681,0.03176251433899623,-0.09515618902965148,0.03943027374662414
682,0.06879227864058855,0.021769368169284584,0.07482247540634902
683,-0.04520683118125203,-0.08782534397309497,-0.03634623059067895
684,0.06110185853805261,0.08709880087663395,0.08892558530791998
685,0.09296099799151339,-0.06812981875049162,0.10057133079059391
686,0.11067598893927133,-0.03381505714399546,0.11170771963463945
687,0.11772457895694848,0.02156278633847888,0.13776131886483697
688,0.1780053794246695,0.056893659771289004,0.18092507149066211
689,0.1782577740936896,0.08061735480882808,0.18298487937368418
690,0.045266203821716526,-0.037424698223830995,0.0413313818087342
691,0.17441731474124048,-0.01914861841897385,0.17344093819205458
692,0.1922552416802131,-0.03165390040768292,0.18371585679774294
693,0.04860412619851884,-0.05831983674732231,0.04957765955333708
694,0.10414521073986484,0.015944402995758795,0.10677120075515778
695,0.16398274865090956,-0.0717406620050641,0.17163437454011699
696,0.033289757180590684,-0.017796618587888596,0.05853702707632463
697,0.11640817849630226,-0.018109610418830697,0.11640721549315766
698,0.09279976658957999,-0.033334885822663536,0.09055867193956775
699,0.1157926535800289,0.008280343957938351,0.11936793140164409
700,0.07895963864177782,-0.08464612105281,0.07257389157935398
701,0.12550361517573422,0.014690549085039643,0.10360779490163251
702,0.13103037527790445,0.023697013081323312,0.13637831761931304
703,0.1135252057950589,0.00031800318664874873,0.09492538143880025
704,0.11169921849253406,0.054502527433743814,0.09962623853756371
705,-0.008560381566319993,-0.09113925272532182,-0.015798508222625303
706,0.06582289364142352,-0.07295119211844998,0.06803680518667521
707,-0.021483832055118755,-0.08247117534511823,-0.017527509437503776
708,-0.005154965598160056,-0.020185305432705154,-0.0008539936237500767
709,0.1539668093724199,0.041884831646650876,0.15448221315337088
710,0.01401599185088668,-0.12198327320770518,-0.0025098887893755767
711,0.06455773197276943,-0.0068036939954571,0.06314441010081752
712,0.15574385720885608,-0.0644623096759181,0.1450452632787034
713,0.18615628247392624,0.03493830701309518,0.19486866261966168
714,0.036348654088366926,0.029783615272009567,0.027691121903247545
715,0.0863224727245345,0.11934803738652702,0.11171212375626945
716,0.14832417342808119,0.07052072841898706,0.15105766794083084
717,0.07349809960296833,-0.003392513907337336,0.060235696823146806
718,-0.05014709681127539,-0.08252093538987669,-0.04647062245212278
719,0.15283418921746364,0.04564303590474368,0.14481017093394327
720,0.03036284649144959,-0.08183172389722934,0.03834377487978589
721,0.07590421182884123,-0.06243206163070275,0.06611720128583774
722,0.10145976488345179,-0.057712654165823045,0.10124940881301421
723,0.09971988658823902,-0.008670655185877264,0.0926090108199831
724,0.044528689422331826,-0.08713015511508145,0.045468096649000915
725,0.032020333683267725,-0.10133551175219058,0.03365304266840871
726,0.006754550740565293,0.015824311568415975,-0.008592595955992946
727,0.11905781550322948,0.030519117377539446,0.12241141369462015
728,0.14625658929131435,-0.1008496992263004,0.08876856276471821
729,0.16241718798552418,0.0012329175443951356,0.17479054758651622
730,0.1134098439915002,-0.024183601246365552,0.12359384082881429
731,0.17775725259484149,0.042342502442646215,0.17945023094700885
732,0.012119582594909773,-0.10210044054974303,0.010117667808121044
733,0.10322036342564668,0.04652236593307332,0.07831953774752744
734,0.1233376829087439,0.01709747255954291,0.12182167512176256
735,0.022276145360787685,-0.0549975450192771,0.02737500510844157
736,0.17546235607109292,-0.05955170025856883,0.14332412484703647
737,0.14125648054699036,-0.015556398787644215,0.135824878583927
738,0.03321292562977698,-0.021681927871467405,0.025957204312487058
739,0.04429289277263036,-0.08705339910713143,0.06072710745532462
740,0.08322071075662157,-0.012306852277201095,0.033901471899837575
741,-0.030874376443494916,-0.1936823321226997,-0.024596003862683385
742,0.07803425413392485,-0.05723517552433106,0.08002062897337311
743,0.23939119785974858,0.02065049434542979,0.23397736650253267
744,0.020653253196698435,0.012464183746656667,0.03555652200405347
745,0.17714427197090404,0.0551909191367848,0.1716129531640301
746,0.2027210026575844,0.13934038541412194,0.18056727256802863
747,0.044552173259387186,-0.08620524761791298,0.030925074289569338
748,0.029541501760496372,-0.064643067237088,0.001588967152827368
749,0.0844565845073596,0.0034426640380313222,0.07288740788153666
750,0.04994302028754036,-0.017759729016660904,0.06200833506273562
751,0.09149899760613256,-0.052463320111115444,0.09965227770895484
752,0.13643854361158678,-0.002235205782152534,0.13731003626986293
753,0.052984070930330744,-0.07058278634791476,0.0541854918148016
754,-0.08319647914115408,-0.16033380444947315,-0.10131958696668096
755,0.08663566099391957,-0.024420052556457333,0.0831394771026096
756,0.1274997576808317,-0.0652181639120286,0.12547577644204855
757,-0.03180747358490041,-0.10064465544570737,-0.05380106372237392
758,0.0960684051450607,-0.05886006647572509,0.09516212915000229
759,0.09680532715858922,-0.007822797604282287,0.10095149227872767
760,0.15139014241841542,-0.023849323930054497,0.12974167841205425
761,-0.030763219061396722,-0.11583926071504358,-0.04220490728744069
762,0.15879109162458158,0.07506124523133215,0.12508250005131724
763,0.06788277313374466,-0.08867229353021842,0.07428479179731852
764,0.051791720618124114,-0.04202595742135705,0.05367035604568488
765,0.15177074356113393,0.02023328385993365,0.14414974602029418
766,0.023457219797747925,-0.06859796026242629,0.010428841518193547
767,0.05007961286684013,-0.04603745306057978,0.0632327908989531
768,0.07876011299278733,-0.13025721150298186,0.07982178540916265
769,-0.04689484239636421,-0.14916947726245006,-0.09423690204953757
770,0.0413148534603861,-0.05031954547758487,0.03353211173946783
771,0.12059712615452342,0.036370633611874696,0.1485815079948103
772,0.08448034524003413,0.01661515031492542,0.07927357911891644
773,-0.03289452825217009,-0.01890911424296215,-0.02125916526544735
774,0.1913552160115945,-0.056839733934960814,0.20094578984097894
775,0.03494949972074916,-0.026867215391319664,0.020483864960378222
776,0.06505821266458071,-0.08714626762132383,0.07314638409112408
777,0.03189918907503496,-0.034221851471026216,0.03421415989627192
778,0.12332033153102956,-0.07884751156085225,0.13342906027992488
779,0.007653594748068975,-0.039764824739280176,-0.009928346418149705
780,0.14411448779954392,0.026115556773985766,0.13692947109001372
781,0.04066935058561642,-0.0927246950665459,0.044047875024405346
782,0.06477437845398076,-0.07852804466117777,0.06616129574040608
783,0.008150502331629308,-0.035543375775296565,0.01945391204163949
784,0.1080460744476076,-0.05498177127120724,0.09515241070379407
785,0.17157239959186688,0.027680942976633566,0.18302611711132077
786,0.09258073767335365,-0.03940355681027003,0.10401246074008005
787,0.006460811814744805,-0.10356571378040635,-0.0072078291181127616
788,-0.00012802442518636368,-0.09623745357804853,-0.0023730959888423123
789,0.18398351350558603,0.050940979083535114,0.18268327607756837
790,0.1167956268442295,0.0004908077030655311,0.07369213040684897
791,0.14541672664654323,0.12623522780263047,0.16262324192401567
792,0.07900942798307029,-0.06804709228022285,0.10303269387735269
793,0.049450556355376624,-0.019849914730874524,0.06992471450563977
794,0.21626427120124742,0.05055679974680395,0.19263630784397054
795,0.1127301735068365,-0.009082936814751395,0.10494829317193045
796,0.07285725141521514,-0.01483327781940673,0.0788871945344486
797,0.18491193253415206,0.06324046681098211,0.18038893195518815
798,0.09701576080330014,0.012035554959069968,0.09597661834606465
799,0.06523038306993521,-0.07158821347921461,0.05234765760486958
800,0.10768732580605181,-0.0372158421634538,0.0995273915681883
801,0.05034861628721809,0.0019616867738114583,0.04013149453321969
802,0.15012063263461908,0.0009659793635995497,0.1331835109476389
803,0.07541414064383481,-0.014708227788014847,0.07172533637024534
804,0.06163532197072323,-0.0033668074040860093,0.06656800640421766
805,0.01643461738617906,-0.10567537400856963,0.03717858087505901
806,0.1462721363611055,-0.036381320442388225,0.13910091149232415
807,0.08849102215793847,-0.040869406511812006,0.09281819835410118
808,0.1393056898004278,-0.01275188503571108,0.11758509408579045
809,0.1795300887802667,0.01845748814974387,0.20201435771640744
810,0.1249656752701566,0.019584757672758937,0.1326433414004167
811,0.10024998607678967,-0.03333380594515843,0.0940523165472877
812,0.13212986178575714,-0.01164133533145652,0.11655268931717325
813,0.06076339474833816,-0.10943759187238332,0.025985105148623455
814,0.09703957116339783,-0.09147778492241393,0.09802699925155563
815,0.19386398970661212,-0.05651065270882993,0.18171831696152646
816,0.1687774748371432,-0.02020126027791856,0.1433835969668333
817,0.19321789063679154,0.022153540070855206,0.1767220362920319
818,0.15246967167327577,0.017189577902878755,0.14812072354725164
819,0.1378281961358786,0.07808251012622788,0.13831945859059674
820,-0.07255572999002505,-0.0974420089770059,-0.07949481486188048
821,0.2529341133789911,0.027971714372075084,0.2432829096225363
822,0.09440747911806727,-0.0256174198754787,0.09206163144489343
823,0.06418200364745685,-0.027035725097609202,0.07424180189954718
824,0.13604530956846217,0.01929228990120392,0.12063862266202731
825,0.18024619288686305,0.015852633432484806,0.17613580558611838
826,-0.0817208934554164,-0.06108971694963784,-0.08123683507042447
827,0.08549744620481665,-0.0504973628391805,0.0752168259861743
828,0.0811643263692025,-0.038445470497045275,0.07048877994711315
829,0.16841251944147254,-0.019298863883459246,0.15830089481012483
830,0.057364570635879485,-0.00023587039495073157,0.060244009999103114
831,0.19510061834029205,-0.02229660228792426,0.18604975408883428
832,0.0336649350805447,-0.10940186470623188,0.04689750170251233
833,0.1149074945210055,-0.0005096008262486466,0.08993688132107437
834,0.14849080319435007,-0.009813849652121783,0.15616420476381632
835,0.11937927543019358,-0.02071131398059364,0.12906067215651107
836,0.16752717554144428,-0.02461978769931374,0.15523283089135909
837,0.10965692581926646,-0.05250085110186394,0.11454247179463392
838,0.15949773668820022,0.0018737914973207812,0.1599299805912664
839,0.09711781591058019,0.08914997529215338,0.12197498517349983
840,0.07241414315402173,0.02597413579308742,0.0927728014407597
841,0.1099876079056284,0.006465886281310287,0.12005067821639206
842,-0.029323519455787338,-0.058769801722788534,-0.024535418733232714
843,0.19500651435410266,0.028978091009162214,0.20444841653119053
844,0.03473566541412454,-0.05769523178617154,0.054988257034333375
845,0.06016309361095358,-0.06767192700909533,0.033978516914127586
846,0.052882531350357614,0.004652530152308251,0.06796857159899015
847,0.13944483599662258,0.08243451584548737,0.1260222199892893
848,0.06780705720254147,-0.10950600919869415,0.060360318688056046
849,0.12404016582367643,0.02414771360095455,0.12645575916203178
850,0.028207372622345635,-0.06272669770346205,0.03134464221010377
851,0.1558446734679888,0.07925293143380185,0.16850238063242287
852,0.09113839897652173,-0.012646781458205837,0.0908034308135303
853,0.05242890948672338,-0.02655067512096918,0.05840479933952254
854,-0.008199853524844255,-0.035189925250513655,-0.01589967022879248
855,0.041758761242421595,-0.0010539501734922825,0.011599652267238069
856,0.13076664457908463,0.002038472061650105,0.13282545507053678
857,0.053906193436056876,-0.09292837686101951,0.051061611496012044
858,0.07401529726746955,-0.04733541941429799,0.07507485362031585
859,0.11740752825261275,0.015276045346431944,0.12510594073212458
860,0.16063837051862154,-0.01822490829919047,0.14842037185037302
861,0.07920937668814156,-0.05336165034413296,0.06850706444655374
862,0.05385689455015675,-0.031701397752577534,0.042474265691199276
863,0.11713667624377896,-0.09735727326580065,0.11774035725430505
864,0.11314383767566309,0.03353333137931148,0.09857226642715065
865,0.1280105201896408,0.004636202753798564,0.1453663288079516
866,0.09292892675096132,-0.047407509549312825,0.0858991835285954
867,0.1925699559974319,-0.046217616144087065,0.18873191278266696
868,0.07499656600810806,-0.126654785439875,0.07380346744825138
869,0.015292124427442292,-0.07625659696777502,0.01773139503662186
870,0.1384337304201874,0.02449612696537958,0.1172960290130433
871,0.11333347966617997,0.04061818704712176,0.11107992516369586
872,0.03544646409402247,-0.026152247753752196,0.03786875960911567
873,0.10171287277491213,-0.04186673154190586,0.0758292805968941
874,0.1295388412505076,-0.04120718226185236,0.1352326919157533
875,0.10426981221584004,-0.01850082631386599,0.10959966431190689
876,0.14196287728732573,0.0043163495848608,0.13596153322204052
877,-0.057734660516381923,-0.11395169442294786,-0.07784655698090219
878,0.09341183948892072,-0.029482239012010327,0.07661019725434567
879,0.0184177049109157,-0.0607919041320631,0.026891445316406623
880,0.1239575399915826,0.04350987272569831,0.10709912031204807
881,0.03502787454001647,0.0005971691753393889,0.04413808876603015
882,0.012007793192576522,-0.04134384718031584,0.03468171508232776
883,0.0061867332091327595,-0.09702379394241546,-0.004194493325682993
884,0.13125395684639937,0.0740008301707075,0.13592435874878436
885,0.21656387811574104,0.02803938460258977,0.22033035998474113
886,0.10334280550698001,0.054944568239311035,0.11641312083588234
887,0.05990184177501711,-0.10158556939272843,0.03244251251535857
888,0.10347175958059855,0.007128098969859887,0.11425772579865093
889,0.08736414896256951,-0.02005505988596754,0.1254072309505462
890,0.09682126201868442,-0.16495218121421798,0.09563440414145224
891,0.07111577283506013,-0.047704062740115065,0.057294882931172145
892,0.07006648142230042,-0.048497471163303,0.0953976943762404
893,0.05424414983561807,-0.0652022171023517,0.07436144039533386
894,0.05228673762625233,-0.03370120743127466,0.05664565835466664
895,0.1907674186610867,0.09532289231866474,0.18963559315196876
896,0.16734015872754054,0.04479213009799865,0.17903849935426847
897,0.17288430253618242,0.05965579051567161,0.18148983621107817
898,0.004506006789551118,-0.10471701170710893,0.0042821858432938705
899,0.11971040651811365,0.01472784555103796,0.1190011600597955
900,0.05083074702840161,-0.12829968331412617,0.04471335174579753
901,0.05878990933315101,0.022197714577453575,0.06520888380619393
902,0.062124183413452154,-0.024842576710556667,0.05971261456799991
903,0.0762960262570364,-0.051359944442863625,0.08081058277868627
904,0.11887116822069617,-0.011375205146251288,0.11530576162323024
905,0.09941150142270472,-0.00869667605578219,0.11099164554889658
906,0.04138830869021952,-0.0005445408944127508,0.04606633566666898
907,0.07409211794111333,-0.028967011640543446,0.10945893874840477
908,0.01361702704766705,-0.0395141798167365,-4.015183547484627e-06
909,0.12556126475910837,-0.03628570639817932,0.1295683573066494
910,0.1597824875761439,0.015475019368146634,0.1736096822565547
911,0.25149845790652364,0.030995697760377278,0.23629648839743325
912,0.12588467636339434,0.011552375649228983,0.12426195561740745
913,0.14589976336586782,-0.07315143127560435,0.13307127689331716
914,0.0658575460148421,-0.03816915424199549,0.07043037609520898
915,0.04226300440365515,-0.0027375454718003376,0.060447545707379854
916,0.052437346228368584,-0.10336150937856299,0.058345288325154204
917,-0.006967284955177279,-0.018338177229826818,0.0030125328513600533
918,0.12944551258755196,0.028831192280473514,0.1278862902878298
919,0.14967272654818065,-0.05535621845883905,0.1290712783777243
920,-0.037821378127611445,-0.10780975412599333,-0.03933183064314382
921,0.09862686995848784,0.01592275188305332,0.07829206324521441
922,0.15040479605700027,0.043627123782035836,0.14851163238844364
923,0.18056053534295952,0.03324565456248873,0.14246436377683894
924,0.1593366843152543,0.014937186923620706,0.13013397824797718
925,0.09899504578209667,-0.08731180173108231,0.10322907411335268
926,0.16159398246828763,-0.035074116360509736,0.14550245571427942
927,0.10052580037335744,-0.07607138642721768,0.0974728200736016
928,0.0771295569436415,-0.0100596935949249,0.08643191976504712
929,0.18353358096254335,0.004354833668823438,0.17296178397239453
930,0.12404493204449918,0.05618092305443318,0.12947736171834198
931,0.004504346814231073,-0.02723347257306366,0.0016160619432696727
932,0.202692416866224,-0.007360533437398908,0.188155348359081
933,0.11729295620357053,0.032372451036071184,0.10581310247115026
934,0.20500087733755976,0.06955306411277985,0.19596534563470097
935,0.13740796497844515,0.03576076267931778,0.1218567116421696
936,0.028958553596466208,-0.009934693354575223,0.038074097657342085
937,0.012326334719268306,0.004161091820171682,-0.0662494554568659
938,0.17698132944484565,-0.022980010827469748,0.16556147528522042
939,0.08464221190420851,0.012809213148517578,0.10933691694939908
940,0.1638844000002862,-0.029073039003061574,0.1602238526697727
941,0.10412685517031291,-0.02024003629165819,0.11424272993871744
942,0.07210955558405646,-0.0083481387809438,0.061861771009181284
943,0.060543807097803125,-0.013252236143183226,0.07693350357085144
944,0.24585051095241278,0.07758040271799445,0.2181899059670345
945,-0.03990986532876683,-0.16964817379121033,-0.05129736985181684
946,0.0657996322562739,0.019608934971447157,0.0705520598579965
947,0.09020247897795947,-0.07288883110462963,0.10572716457331922
948,0.19678962333863034,0.0017076966874214393,0.2003568996398921
949,0.07552337321610587,-0.05685635076908913,0.06329533615135569
950,0.06710514013758385,-0.04005639807910226,0.06699203351832743
951,0.11165398242290088,-0.03492761112942903,0.09537621011290569
952,0.09422401963803329,0.0002674423807672181,0.1121099876639524
953,0.13875835380402882,0.16455565029396194,0.15652965352479506
954,0.18953119424133452,0.013106797316237448,0.18887687220472124
955,0.049728121832176064,-0.020026837573725805,0.04663948443116456
956,0.09797334281768179,-0.09697296434703111,0.09492338435842845
957,0.2093479313956784,0.15524565518710712,0.20592699974405845
958,0.16957713540025543,-0.02325177587616658,0.15472867999254397
959,0.10353354391395013,-0.017407415979687098,0.09707662191899395
960,0.11939419193893029,-0.07541714676548128,0.12655825615887528
961,0.16119297293441015,0.008707001047782558,0.15504466044362838
962,0.02251153021416591,-0.020811969313174885,0.023082619877850177
963,0.171879513076829,0.06613402555820506,0.16342383158151605
964,0.11547482400604737,-0.0892420878682948,0.09487824398336103
965,0.14860084649155386,0.0003364702183475302,0.1383407036573648
966,0.09832198338797313,-0.03771209425320606,0.0992321026170693
967,0.12093690838800022,0.017970955584211218,0.1146512900455229
968,0.1423167005893346,0.016296233149958678,0.14054980335608674
969,0.1585656507199242,0.001607805035802427,0.1535209581762768
970,0.06614464973311837,-0.053261195836598337,0.07359356282731976
971,0.07850168613562249,-0.05712005725859435,0.0778915844202219
972,0.08803985205612906,-0.060475725914787615,0.06480309382461455
973,0.03279535763416953,-0.04522639832798444,0.026719149155846993
974,0.006983971076827549,-0.057475812970306316,0.02010856423460774
975,0.08961704084956472,-0.06138614480470774,0.08027950959348691
976,0.15062042341477605,0.03934762275701938,0.16355148878812986
977,0.1474921493805412,-0.08462110229732998,0.14372808407326426
978,0.07733970582370475,-0.05687411581241257,0.09449314226965681
979,0.00024214536365556926,0.0036074563771270507,-0.004374867524222054
980,0.04848862562608988,-0.07440820179559915,0.06419048762060094
981,0.16021865005935515,0.061265813339042824,0.12064552429646992
982,0.13655025370757634,0.06204210665003842,0.148149812761761
983,-0.03753915475371451,-0.12023616143977171,-0.035763756166750926
984,-0.007167792071465928,-0.09686630294341174,0.011031651105564156
985,0.1348163192906652,-0.050942891478930385,0.13634465435725493
986,0.07752988329677002,0.005976423776277789,0.07174731095752816
987,0.19284386767350675,0.02270332236085412,0.17030716716402947
988,0.1752868376716646,-0.012131172885150247,0.19484327615138855
989,0.030052081950653398,-0.0733028025768581,0.04731983941341029
990,0.08954995350426592,-0.04794743338050844,0.07640334501034785
991,0.09453341203760154,-0.040328777441087725,0.0726486591847683
992,0.09282050579584665,-0.026319821665761654,0.0963325325539012
993,0.04780159616996082,-0.07165140965414413,0.03259462444988616
994,0.1352388101778639,-0.0698645399019562,0.14551912314926274
995,0.09940218987046583,-0.013308497776762424,0.11506200690471562
996,0.0686269524587082,0.05458788338273172,0.0903858702504822
997,0.05933156459280411,-0.0506055286527441,0.05969505939307281
998,0.15497232864349963,0.06505115988362403,0.14435471824321308
999,0.10386145050915492,0.003248333278946466,0.10350389470456105
1000,0.11441256677351945,0.012806372652039261,0.08482231713153443
1001,0.12742558813926758,-0.030525814965841978,0.14106342480627818
1002,0.13229917554152296,0.024681046124074752,0.14020283102268824
1003,0.11767663369127936,0.08487325569025891,0.13035044885582953
1004,0.14757355272486677,0.043187214046299875,0.149371304395645
1005,0.1334837776248782,0.014124738857846967,0.1368343128747571
1006,0.09771219424043603,-0.038170817714467904,0.1121597701162223
1007,0.12978983280256692,0.0030323454464115667,0.13251242532529545
1008,0.03598806886909593,0.012549810935325086,0.024003257378434627
1009,0.003954261394834528,-0.09135216361288685,0.008640146692146428
1010,0.1018608042732424,-0.026855295983922157,0.10163905021749396
1011,0.017001649323495484,0.012245945130534397,0.036465124560344106
1012,0.10706002943436398,0.092797632040461,0.09527585402492071
1013,0.07307400028013258,0.060542290197050215,0.059323060204933324
1014,0.15795961767281216,0.015715683323400047,0.15700730957409523
1015,0.04461209428914974,-0.004639688775013836,0.032138510955496566
1016,0.11379082084858597,0.04213816291092678,0.1494929450941497
1017,0.11506210397287304,-0.0004925977686897723,0.1168482982202917
1018,0.06366307901223428,-0.045514981611043094,0.060895881599373196
1019,-0.02577660027796989,-0.1110787717061076,-0.025232231849662893
1020,0.09187072141677084,-0.09687694637924221,0.08604882840057315
1021,0.04934384496302685,-0.14020646487266789,0.0389782716122795
1022,0.12133324567494701,0.0003430143290457719,0.10388377817818296
1023,0.11345536128506133,-0.0469157381478996,0.10674721070301185
1024,0.05649919382458226,-0.08774786530132668,0.02333574665811441
1025,0.17320714920358596,0.06327962175100774,0.17791554538834725
1026,0.05761379005864007,-0.0376597399954171,0.05533245268755911
1027,-0.1147246230362719,-0.05979141367844809,-0.11816517373500146
1028,0.11952801421479436,-0.07133575010493005,0.07984663760496538
1029,0.06644122858687154,-0.042021226867615634,0.06595462760133955
1030,0.09029976630369044,0.0011766237628633143,0.10604990002257933
1031,0.06352236835869632,-0.03636531427484449,0.07160436923962869
1032,0.1585663397171052,-0.039353798973334984,0.1482645806182236
1033,0.007410776018959309,-0.06004307561917214,0.030309352837026675
1034,0.19761813021183144,-0.014627062162279976,0.20074352197495843
1035,0.1016523055867345,-0.047533876798380614,0.09807541335930399
1036,0.12443365705610343,0.025743269898182576,0.12599004907189268
1037,0.04970884383337877,-0.008891486648811835,0.049163870077243314
1038,0.08519032290659635,0.00023653728716959305,0.09347566521580997
1039,0.10914522967606229,-0.037643231288147484,0.0984639006296514
1040,0.11061465135349267,0.03153103513924945,0.0867663794561273
1041,0.1251811045111354,-0.0049084435492179205,0.1307627770016946
1042,0.06352262152504007,-0.12624659738042282,0.06510895172409549
1043,0.1297060093250523,0.0147097556121956,0.12237700607862628
1044,0.17055434329600966,0.04467280076212331,0.14932120952036237
1045,0.16856282607702355,-0.025017386995754953,0.15931079792233155
1046,0.038720149637741466,-0.03766398690045881,0.0164557819800649
1047,-0.08740845785207489,-0.10115710486990762,-0.08269725985975168
1048,0.1469023835105333,-0.02499011637673135,0.16413396342456263
1049,0.10457485408197914,-0.04150830223949374,0.11821096812259242
1050,0.05430691936687818,0.006952094698471457,0.06567507529327107
1051,0.0962001980565473,-0.08619491944171212,0.08877297043331307
1052,0.1257312695364988,-0.07919727069313609,0.1259365850344999
1053,0.17751823604996775,-0.002880551645997177,0.1825096492274259
1054,-0.042155570474160554,-0.049421283185846585,-0.043907554689898966
1055,0.12998119730310292,0.0018788453744693668,0.11669807673779593
1056,0.12070050035156586,0.06352306398290945,0.1203202203433642
1057,0.029647174575272005,-0.054192846375471344,0.02231300128677293
1058,0.07912409878873443,0.037499390348997644,0.07190091907833854
1059,0.07174170543954221,-0.029645902530908815,0.07983064842574128
1060,0.07302442185056478,-0.0053279290774528735,0.05475698119664308
1061,0.04425323631701976,-0.04220771900640423,0.03271735918121776
1062,0.10878855736813331,-0.03743984328893543,0.12333842170188296
1063,0.1648010181352882,-0.011795167069390577,0.16459042904636226
1064,0.12663966679282299,-0.09165738655576516,0.13847315034232568
1065,0.08676323902415986,-0.062349311558068235,0.08799022434353748
1066,0.10251675820141953,-0.0030909063968502194,0.11524761462729063
1067,0.07283000701561858,0.002035607066671765,0.053507172201560774
1068,0.12014025967090688,-0.1028374450537409,0.1297537175544687
1069,-0.03243765801370383,-0.06175460692723611,-0.028338023902167074
1070,0.0930070185810377,-0.03458215993263648,0.10260198165752589
1071,0.14845849944312123,-0.042801865826147735,0.1595868353846802
1072,0.10743893289422882,-0.049209817463158806,0.11606450780874981
1073,0.031647760170109535,-0.03270814562684582,0.0372376561265111
1074,0.21927095538631874,0.03549611439602044,0.21413166107145065
1075,0.10267959152221118,-0.09118360206991258,0.08416477191355025
1076,0.14291807749179275,0.032118945040244,0.1319461725860748
1077,0.0678140123106847,-0.012416195705909247,0.08310478454243649
1078,0.1548987558101048,0.02882077889478862,0.16062585892335027
1079,0.1618380024609197,0.022622573751170293,0.1430490499670155
1080,0.07275146429141444,-0.07716640668851615,0.05875410461767721
1081,0.13952234793838347,0.10943033064775483,0.14074900501538679
1082,0.1432878423293244,0.05349887394677704,0.1530030146335939
1083,0.1280208319026429,0.0706913721386789,0.15154797352643531
1084,-0.001275786476779422,-0.05865499840012084,-0.017979057325384202
1085,0.07563486037797686,-0.06791147414488329,0.07525265190460043
1086,-0.06116080624867748,-0.11673461307201251,-0.0737443872241659
1087,0.15708248496923868,-0.016836014751001445,0.15715762815102602
1088,0.11640915470491192,0.025167170695344788,0.10937380174598701
1089,0.02679429496948911,0.017277211823178224,0.053423169862355215
1090,0.10735117863635989,-0.008158718212800366,0.09460887060442394
1091,0.10726341980783227,0.1308380098100744,0.11497772245408215
1092,-0.01392227781215781,-0.06594910181545229,-0.02246917023060029
1093,-0.017278358772556356,-0.047450218920653514,-0.00467591399750843
1094,0.06342827831057192,-0.09753145677439264,0.062159948940012644
1095,0.09585571166542795,-0.07744687936328899,0.10506161814319405
1096,0.057416377275976954,0.08929646036354907,0.07184615355194443
1097,0.10016770389801588,-0.02566950637717386,0.08953902623533114
1098,0.035042958083504154,-0.0624959888909824,0.04199669594875597
1099,0.28871207260466125,0.16163521940290695,0.27896212043755964
1100,0.06362676360057597,-0.0946814536260296,0.05783601852374528
1101,0.12130406389068256,0.02473808188518271,0.07878953879499431
1102,0.14940581277773723,-0.007455455499920589,0.1593461200572336
1103,0.13325811984912908,-0.0780790343312304,0.12047778310700981
1104,0.09360301283168108,-0.05429302918481339,0.08137300805762963
1105,0.13019593540542768,-0.025194665383280846,0.11990540133464686
1106,0.15522415898437936,0.022388633092239353,0.1640933805147881
1107,0.13213162186334254,0.0019168634695353839,0.12247330614090372
1108,0.16258660612644724,0.0411954320752098,0.14467805754805577
1109,0.03517690134338185,0.005850872230709332,0.04996466239964397
1110,0.09562728544792165,-0.05075312352298404,0.09141558566036832
1111,0.2077356677548935,0.07903569563281009,0.22449375081285883
1112,0.09572145403039403,-0.004354840616144794,0.07408389826562699
1113,0.08583502641072538,-0.07843424812237179,0.0820256499648449
1114,0.1274368817380813,-0.07030632111182684,0.12229099095481717
1115,0.125045338557573,-0.029377330476656666,0.13448810148832183
1116,0.07161046197722311,0.08650120362912878,0.06526172499724997
1117,0.07309098877817431,-0.03790666596550637,0.047000741245224534
1118,0.11688701108941267,0.024870269474721027,0.12894558285160335
1119,0.044630204837372144,0.0042817372529638745,0.05846606074596128
1120,0.008754666913923785,-0.05546135981225141,0.008477468566097619
1121,-0.03350241726621438,-0.07608257802167555,-0.016396148588520214
1122,0.07075483997817071,-0.10260153359209888,0.05368206851383645
1123,0.06637379987367145,0.07987609175098717,0.07135350831921584
1124,0.13413077847182356,-0.11756231944675549,0.12109704483799658
1125,0.04000997607724187,-0.011901672488771638,0.05368826291913518
1126,0.05959779023721059,-0.029813790205695637,0.06598991006535938
1127,0.16141660886135992,-0.037282303690234574,0.1589442282204227
1128,0.06363019969036932,-0.005122173991927688,0.059798713480652944
1129,0.12297557589916168,-0.08043154727921638,0.12291182565027671
1130,0.04707136084514722,-0.06619665832468681,0.05301154891078551
1131,0.13877344618881549,0.02925209581705016,0.14665322578631323
1132,-0.01704872319001222,-0.058138294381067705,-0.02395925852335588
1133,0.16485849810619296,-0.019141480101093924,0.15027751496450725
1134,-0.020015881444131536,-0.05526638755642768,-0.034442817337270344
1135,0.13682642497150507,-0.030770754147715695,0.08857206364070397
1136,0.09462851786890092,-0.025215724021451464,0.11400259032037474
1137,0.11242256829801958,0.05833511245682079,0.12051673160005368
1138,0.054674403251041316,-0.004501021878298107,0.06150200680603482
1139,-0.015429678797168639,-0.1303890495879765,-0.004206931471317185
1140,0.03823647262388376,-0.06671001926726833,0.0355049456132665
1141,0.11325709863655078,-0.06004667790898483,0.11176639398299631
1142,0.05636313822268508,-0.10766182007869654,0.05105229262059067
1143,0.14177993804301534,0.03869350104548622,0.13923736016401342
1144,0.014611817037165083,-0.0190221983422625,0.015436976408632234
1145,0.06372745756960556,-0.10553768024154948,0.0642735719945322
1146,0.10430389659656951,0.069662948366091,0.07819970853174851
1147,0.0639096675591152,-0.0023786935741812345,0.06186231929594437
1148,0.11595642078805807,0.028919157237592124,0.08897029596702406
1149,0.119783812479241,-0.10846335071833418,0.08798368218162533
1150,0.04367775400231129,-0.042369763620139084,0.03899562525883815
1151,0.162034583975771,0.0668869876184913,0.14950344609972022
1152,0.10076051455833515,-0.004946176425132184,0.11468733655485898
1153,0.10262022129196677,-0.017522280002606496,0.09785511763706896
1154,0.04879502703217831,-0.0354151667691233,0.024640281885897414
1155,0.08488761467577847,0.014685402059351314,0.06495351962770417
1156,0.07912377846494913,-0.035926937132312466,0.09491471461943032
1157,0.08516811551031613,0.033820927727143686,0.08122956282761662
1158,0.14820271305557375,0.004341141788296899,0.16781988399934689
1159,0.13497103298014065,0.032967027027471923,0.12580264635129998
1160,0.027587566808841002,-0.02769413247117053,0.0021660534818557123
1161,0.1500175852731062,0.10808199474938006,0.1343944174054064
1162,-0.015336994772842834,-0.06212011233785938,-0.06020977721777888
1163,0.10243941726994966,-0.05047438087490083,0.11407285399769014
1164,0.1968160757327553,0.10982437327688445,0.21048733792960914
1165,0.13691976749054485,0.006417693126920002,0.15707118151574806
1166,0.22427714004886778,0.03754801898008932,0.21493652604014718
1167,0.045268846772888956,-0.02840277606637322,0.02408198209201323
1168,0.05405681200564927,-0.039180422704866776,0.06007607053207066
1169,-0.048270445303329995,-0.1001867514082776,-0.06733531809671099
1170,0.10625244083215347,0.04540213949220019,0.09126023460747529
1171,0.04797857049457956,-0.07390174278020316,0.050073609110579856
1172,-0.006289124466092092,-0.142300569737009,-0.010528664074881176
1173,0.012597860797446347,-0.016110738136636844,0.010995668857738098
1174,0.10021248518605287,-0.15522968478207008,0.0760454586044131
1175,0.05093244924982402,-0.09204660498810098,0.05001399332811779
1176,0.11831919698167533,-0.017124807469579572,0.11182690985998002
1177,0.10796630133648082,0.023061027320826894,0.10509689915618385
1178,0.16140050296197875,-0.0088995469570633,0.16526074247874958
1179,0.16793278996964683,-0.04335985836726824,0.15599029110564616
1180,0.09737004350239956,-0.04231189238813961,0.10161943431424499
1181,0.11508369968415526,-0.027296214566145338,0.115137446194307
1182,0.14244170014399102,0.003655639215518618,0.09340963552951498
1183,0.10201978669720939,0.021150232277526722,0.11908490574099631
1184,0.06784209168935973,-0.06473232584937522,0.0639793886596462
1185,0.03211946072817363,-0.041497033473095656,0.037786090013891355
1186,-0.17196957801018053,-0.13634880030863836,-0.16755256098023327
1187,0.11788790775349307,-0.06353083494098621,0.12681329290016566
1188,0.14711678060238512,0.05053666072791642,0.14437887608873715
1189,0.1456034581388185,0.002256147923715397,0.1505415263723785
1190,0.1592117235510581,0.044005399887722514,0.17518112559009566
1191,0.07125014541332313,-0.08771668893163341,0.08219833336773638
1192,0.18018907896545722,0.1046229613566673,0.18535526818345138
1193,0.06565363898228511,-0.06631154120959785,0.05514426415651687
1194,0.11937134268469561,-0.06172628444615408,0.12773548870096155
1195,0.11281141752797452,-0.04876992899667991,0.10341382873049142
1196,0.13509726387428034,0.026228435710775995,0.13651652402444764
1197,0.06139807205931342,-0.03545869058383918,0.076905712527259
1198,0.01874677286740315,-0.09340362079269414,0.02207790084164406
1199,0.07478989264448174,-0.05684692021839093,0.07169392078158113
1200,0.14288425845392455,0.007227108657146368,0.1304348225341294
1201,0.07241617659349324,-0.07282191547793604,0.08017366920432616
1202,0.033816623592280985,-0.052772975970796894,0.025160458552972838
1203,0.08642908015609789,-0.005138076067595928,0.08842320445394307
1204,0.1544684828651105,-0.006159333190829425,0.158495982658966
1205,0.06459665068833245,-0.011964919131555965,0.0384428557466001
1206,0.0915128883327728,-0.03352918722738123,0.06089779189054609
1207,0.15746503205677045,-0.01913062754834093,0.14234072942687653
1208,0.005915792989662426,-0.022154591909744833,0.01828957198169909
1209,0.04466046436948535,-0.1456802000891013,0.06264935437310425
1210,0.12059501164911862,0.01717578382720758,0.12564268644204732
1211,0.060819917822025844,0.011757183963283546,0.05976164733424842
1212,0.18680665281610825,-0.041047923568800875,0.184422497207631
1213,0.136765220572967,-0.02979596598385822,0.11755842100538916
1214,0.0875195950015688,-0.05694806943532243,0.06919642266232941
1215,0.1020912638408733,0.06458863949800911,0.09520544654449188
1216,-0.03697845957939518,-0.05481943382036848,-0.042104626793170154
1217,0.13997611937230067,-0.002486618458896772,0.14679868831085005
1218,0.059695197864942824,-0.02091101024458674,0.052084328532299586
1219,0.06099676270038912,-0.03207902951024431,0.06743989801119442
1220,0.10175457118865194,0.04813412053987397,0.0836978678798571
1221,0.03814014823688557,-0.051893065639967394,0.03934613160231909
1222,0.07782029872696322,-0.02762615323430404,0.09178138521414556
1223,0.09729386686717671,0.05418891784757859,0.10492289988285393
1224,0.1519943313542792,-0.008581315396157956,0.14941913602192328
1225,0.1550128530735603,0.05109462749079916,0.15028752177551757
1226,0.15526834687923424,-0.030918721146037043,0.14017404001823633
1227,0.12302064504224709,-0.027260975088654327,0.12560100505239608
1228,0.08663606993917694,-0.08856626381337455,0.12532112669736825
1229,0.151627919272895,0.01158026607067013,0.16921920601197857
1230,0.06305159532284943,-0.06345703017908458,0.036710391069416946
1231,0.09574764618768375,-0.04590890422217738,0.08834333804623255
1232,-0.03884029492689775,-0.07010211956446105,-0.021235662627249394
1233,0.11003595328754652,0.028216340811366633,0.11862064537658858
1234,0.12574784670120787,-0.0643300035617336,0.1429722872025877
1235,0.12326485603562408,0.017990488958772016,0.11429357241337362
1236,0.14827782573213524,0.08336806278177933,0.10781054393141375
1237,0.16550224519357284,-0.03950732301538538,0.1702535249680701
1238,0.0764544367503463,-0.09940628913572892,0.08525091736428102
1239,0.22453901606009113,0.00581101379768507,0.2167329846119945
1240,0.0645224378639445,-0.03238707302916982,0.05117322173059831
1241,0.05598384270645518,-0.11334420907181897,0.06282342024415422
1242,0.05629931070759259,-0.030702216117971373,0.05436374174851134
1243,0.08034022596555938,-0.04144952996724983,0.06916295984352211
1244,0.1432063572945139,0.06489245337083438,0.12200289123346243
1245,0.1379215179825496,0.00413498522626939,0.10959194671371093
1246,0.11745410428813376,-0.057668812269195444,0.1181269160022922
1247,0.08702374003348025,0.047144724738851174,0.0732614136894613
1248,0.08780591448822729,-0.02788241065014683,0.07368429751541322
1249,0.15897971421538157,0.04760429573906765,0.15997304509244473
1250,0.15692062518423538,-0.01591967877041941,0.14047074160480916
1251,0.05787530024434045,-0.03675605331510936,0.0583872893997367
1252,0.15352286993745384,0.01475800041852558,0.15176367749994604
1253,0.047010373053992374,-0.03777204509432805,0.052284606404438896
1254,0.12256365919412854,0.0524046464141698,0.13796659318117332
1255,0.1008229185884954,-0.06334348086588246,0.0947818397660848
1256,0.07941559854022721,0.008209216770914353,0.0877993713699935
1257,0.017929945259954137,0.012058598481921607,0.02721462474823266
1258,0.0660563714754585,-0.026240021780367585,0.05126765355145723
1259,0.10889023324411015,0.0049289987894850324,0.1153433978379326
1260,0.061191826739371985,-0.09546751558512193,0.06688675188815459
1261,0.107566577860648,-0.017955684912755558,0.13488462252652417
1262,0.007431738019714796,-0.02370952534986495,0.0008831962612672728
1263,0.01824935993435383,-0.06827383434148582,0.019350002946982588
1264,0.07928784384138672,0.01738026961270715,0.08140207854930138
1265,0.14836314019366714,0.011024361081589152,0.11757150330005464
1266,0.10913153552412005,-0.023998562595775656,0.1042685611587701
1267,-0.03430214246131172,-0.16866148946114728,-0.030881556943811412
1268,0.12658708154682058,0.059086932085228853,0.11465723293179185
1269,-0.0077652089169224624,-0.06618022886412729,-0.0009139681035582992
1270,0.07325806737317554,0.03931621024147157,0.07104103260521807
1271,0.06148064390387976,-0.04853226439341736,0.037119595356353424
1272,0.1504622310467862,-0.05799505673082056,0.16095012341910434
1273,0.12756768110244843,0.018805619398393845,0.13971458181871235
1274,0.14549614162692495,-0.04079452179471651,0.13464850147233962
1275,0.05460691096899651,-0.0655231963094904,0.04822673556140821
1276,0.14917814953618086,-0.08238604646004168,0.14622024101049014
1277,-0.002310811077397832,-0.07019677513546285,-0.023071822656567532
1278,0.06268396513969873,-0.05876481920883194,0.040699279235708694
1279,0.218924499982117,0.06732507322480105,0.2180419500428362
1280,0.10127146554206418,-0.0297307358207834,0.09614803951362437
1281,0.11441369113888503,0.024533338974857453,0.1078131591812377
1282,0.0820599644634593,-0.10551431053504014,0.04684065759224656
1283,0.048612301289101545,-0.059542300502395853,0.03740369956903767
1284,0.10732887072492998,-0.07039041731581294,0.10693693949204808
1285,0.1185368107185303,-0.020058504905653432,0.09794282312775228
1286,0.06718135877228697,-0.04303342210819277,0.06157106338112747
1287,0.054129015569867954,-0.06164128999118741,0.05273861641922917
1288,0.09012122350091804,-0.06800560091923494,0.06824337862170542
1289,0.08599375987042558,0.0033887161886812104,0.1091400032472976
1290,0.15144298748613916,0.08414328901454839,0.1440124295980138
1291,0.10110085719997018,-0.02323362576254857,0.09162889905787563
1292,0.0699888526811207,-0.015293568817835973,0.08953809007963176
1293,0.15271916147502082,-0.02869390830016655,0.14282014361720938
1294,0.06828435143200443,0.02548830025678207,0.07940425102073682
1295,0.16057414238707754,-0.06154320563985502,0.14190298678330063
1296,0.053305842544478135,-0.028890156370020934,0.043421546127678956
1297,0.13023737220911188,0.033473668358681666,0.1330543433474668
1298,0.18602678538476256,0.023148833481563286,0.18993298226865168
1299,0.19894104519710773,0.020666080665198025,0.18757279203723984
1300,0.13410930218758982,-0.03407430809342713,0.12568781972377113
1301,-0.0005278130431525013,-0.08731531919255925,0.007856358147560414
1302,0.08415517499929609,-0.06214373325455577,0.07300035073395852
1303,0.10658677143200075,-0.07656591388070537,0.09981797039868193
1304,-0.015266982086383997,-0.091887765955948,-0.011130918588156633
1305,0.1292518649191209,0.0011946058708512013,0.14856700486773944
1306,0.05437477894325065,-0.062156742867125636,0.026947586965161485
1307,0.07250393474695983,-0.05502867085104776,0.08049309630463948
1308,-0.022525481370856932,-0.028517779192467257,-0.01862808606258621
1309,0.03210283604141494,-0.05319552796960911,0.03317693372394061
1310,0.07587246553009608,0.02157539294063082,0.07429138230400284
1311,0.17409442306566428,0.0011110381067911946,0.15649845294616488
1312,0.08523412172674591,0.023092725303939392,0.09044657830211131
1313,0.0789212456376202,-0.021027304029555393,0.07468818943517484
1314,0.0653445142785848,-0.012173742989940473,0.08196324283468781
1315,0.1012187970036649,-0.0566511711296119,0.10739735452136442
1316,0.09969568361142583,-0.03125064896095823,0.0846968262851187
1317,0.1624927111505475,-0.03388356673863162,0.14496199250007288
1318,0.04072175697786141,-0.11708265668145174,0.014306470675661914
1319,0.0847121140971741,-0.06382539845634382,0.08463966053570268
1320,0.1800558203354469,-0.009198987240676698,0.16321416787274123
1321,0.09225815991979372,0.014701381049972541,0.09541783011426865
1322,0.1662271479759085,-0.016596708116777454,0.16983442423395148
1323,0.050905257797112496,-0.0668942715123711,0.0516645595560947
1324,0.13405084210977355,-0.003318762397438159,0.152998263509171
1325,0.07682936225302976,0.03265054325292559,0.08222314871814707
1326,0.15473576704487293,0.001012971317916406,0.16784960237981378
1327,0.03817308792986649,-0.01724975110683833,0.024935860972195103
1328,0.21866010808810538,0.06825642743404405,0.21502426995982293
1329,0.12578893055207246,-0.0069562446918904515,0.12743089168612404
1330,0.07982428917330818,-0.020824211137394202,0.08005781560395572
1331,0.02985433854439813,-0.02709292370183351,0.011906777813643191
1332,0.07831319576703863,-0.03432103260756577,0.09556519091577324
1333,0.17201335035438703,-0.02964871733867024,0.1601003306371225
1334,0.1411790861260847,0.08590399476991642,0.13630140675413174
1335,-0.007453835820076432,-0.05817267728271639,-0.00966241635310713
1336,0.12302739747080042,-3.2297540099134815e-05,0.12566410118120455
1337,-0.05370887937943503,-0.13326402897530717,-0.06344057656046499
1338,0.12144059677579178,0.007324256434558826,0.12248606062405845
1339,0.08972241482336538,0.007707388076510225,0.10312764430687807
1340,0.15555560397845422,0.01646354892411298,0.16417941847326628
1341,0.20757436358298628,0.055769805152891004,0.16962500146752088
1342,0.055683076939334726,0.015352292504331793,0.028401269278443032
1343,0.014329344972233808,-0.04850867194535792,0.01709630876945794
1344,0.04750187182106111,-0.10309927709228096,0.055278688953726764
1345,0.10628736796104699,-0.01272682181252833,0.10291048154281161
1346,0.05153406775766229,-0.009139687428978336,0.04785750600990334
1347,-0.002185678895805831,-0.04411632729999616,-0.0006767481650283284
1348,0.09248493288256397,-0.020192852100413425,0.09296266209141738
1349,0.11729144136004865,-0.07646936708413324,0.12571175225572967
1350,0.02833664490813486,-0.03817759952914257,0.035974788892523854
1351,0.011605808508461386,-0.1537808483444011,0.0029430359544469786
1352,0.026432824102009228,-0.02343908081091235,0.024885468716364625
1353,0.11008082237276078,-0.10516276065001685,0.11403811258768666
1354,0.21423923566973535,0.028568050153742332,0.16618867770979986
1355,0.04629755597693421,-0.06455132833469966,0.04435863078678641
1356,0.1605363782591038,0.018075946654770216,0.14235204878003288
1357,0.05891906199786571,-0.05312850425376945,0.017102332485971376
1358,0.21880195048794798,0.016979749938611757,0.2054121908478965
1359,0.14665302040442854,0.043881282404897456,0.14859511724875413
1360,0.02364056452037213,0.0320481096877379,0.02488594745208738
1361,0.03564486690201086,-0.08441696448126744,0.02888130857920474
1362,0.13426165616147512,0.029103472047610483,0.14223179551316092
1363,0.011118534203969372,-0.07046918664871529,-0.010232790794917877
1364,0.08936113976318169,0.012630817690214093,0.08633731636453634
1365,0.06961673901491354,-0.0502545570845356,0.08172232540320264
1366,0.20986483849414714,0.012418464299943116,0.20941271480340826
1367,0.049667181875537585,-0.05708178162838477,0.03236291401868986
1368,0.1697785064657539,0.002407612661143118,0.16081231611428182
1369,0.058602360031692495,-0.0550832020126433,0.04522759161653492
1370,0.10598014405254289,0.04424069414231675,0.1229411298167726
1371,0.09170620446321531,-0.05578044952971585,0.09298653193891494
1372,0.031626930909483146,-0.06473327007165118,0.03144017592530677
1373,0.06884017716727103,-0.04889171230789181,0.07933154005694375
1374,0.07337676019137657,-0.10603641810187747,0.09095708229895677
1375,0.052034176062454134,-0.02718384322473261,0.06527739084166422
1376,0.11122647975864373,-0.006828110917296559,0.12103520468297756
1377,0.054452912403334025,0.0339241398529914,0.06522252273678204
1378,0.07337055761763463,-0.024863211314623303,0.076531036536872
1379,0.12075562256739274,-0.030695541965240943,0.11874310924468222
1380,0.04979339207972589,-0.007569083800640483,0.05411581217178013
1381,0.12685499535310452,0.048121060098713635,0.10005575566407125
1382,0.015984332968109395,0.003927664761500341,0.036296341794278236
1383,0.04317615140335306,-0.08977412802001575,0.03614688613849816
1384,0.05643140135489676,0.0037364404292782255,0.0625865920910573
1385,0.11826370312175968,-0.0299914833184452,0.1231360955834737
1386,0.09675102811760322,-0.03023343038094485,0.08460902005492299
1387,0.06427548409788708,-0.061557348504300724,0.03155180949177037
1388,0.04918651846994729,-0.0042389950430145075,0.058183165977060435
1389,0.12273720594899622,-0.0014026733321551468,0.11363307160302936
1390,0.16912742243713288,-0.0007653043590548205,0.1455832309819278
1391,0.11365365957188958,-0.08012041395155016,0.12164073677474375
1392,0.06034091667976908,-0.12066567674146203,0.050450227822962275
1393,-0.0383900099721793,-0.10385045532542024,-0.0322998507317174
1394,0.10195595962968443,-0.03536616169106087,0.07625421911125174
1395,0.07706246962852241,0.05030506471397699,0.07023034674344032
1396,0.1859929743181726,-0.003539377920794378,0.1969704262318392
1397,0.18784921538840946,-0.033735218250329074,0.20311808869722406
1398,0.15839549068535042,-0.05015260923339953,0.1445772566849545
1399,0.13837524323600467,-0.021138931543442454,0.11125630238811979
1400,0.1395618502532816,0.05191222008301086,0.15182834923799013
1401,0.03636739998895962,-0.045272568802033585,0.04034570190243358
1402,0.2201772208858362,0.0022693687100795784,0.22515917128752094
1403,0.06731619307069969,-0.0567485375863752,0.048240762169639385
1404,0.13232604982462023,-0.07917947346439072,0.1221296427575527
1405,0.10581320029140766,-0.047007353944699445,0.0881715127934429
1406,0.1189911367277764,-0.06946476116601118,0.12468691009883183
1407,0.09938614848376567,-0.02801208727783621,0.11140696105757547
1408,0.00864525524326255,-0.08158669188705944,0.01597665384743148
1409,0.12049983309307341,0.03899595548249281,0.11510821645583079
1410,0.02428457111127946,-0.10043995655742287,0.004547854035976607
1411,0.06198015422376565,-0.05514388848954702,0.047689437144954744
1412,0.1024504672525298,0.021478436719760075,0.11874550654990147
1413,0.04454686470606539,-0.07437132133412981,0.0524985114406341
1414,0.11631344192044647,-0.06692820819115976,0.11954342961324145
1415,0.15718357854386864,0.087247620120368,0.15257102592261343
1416,0.107719743588322,0.07243215403511932,0.11321096226547604
1417,0.05233203415555485,0.05936074998491939,0.06648426049301055
1418,0.1564097537928466,0.031740133603100004,0.15651996075660132
1419,0.11113412744366485,-0.054345410821643673,0.1082031821910002
1420,-0.0024405997384909436,-0.009841123787354933,-0.01903040875499344
1421,0.028158844106417672,-0.02476998984031029,0.03195156310691028
1422,0.15314036732513106,0.012909503670586773,0.14642686146596204
1423,-0.005988673261153588,-0.12407922086664817,0.00575388961885312
1424,-0.0434321625770971,-0.08305511189095237,-0.018466299334061815
1425,0.11814609553610442,0.01700378556690117,0.09887913976501865
1426,0.011429674307356275,-0.021062262778598448,-0.013435473607588589
1427,0.20664060535188605,0.06981604304739329,0.19411394360868492
1428,0.08070305465994447,-0.027976256549116136,0.07420446286895588
1429,-0.13998122952442574,-0.13186521147487482,-0.13439761822011884
1430,0.20363189704525914,0.03476665982172667,0.2134813341516559
1431,-0.024407070154628504,-0.09938793772457638,-0.014202623885620063
1432,0.06310339772865205,-0.035543308962543624,0.049267977640208585
1433,0.10844384383679666,-0.035389386834014054,0.1105961014486672
1434,0.03766139568699461,-0.03509270354806962,0.05165178027680171
1435,0.11281893307776408,0.03044807809303704,0.12780167307955745
1436,0.042694134942185526,-0.05153286307701096,0.04628123873081516
1437,0.1140284464359506,0.018707454666274232,0.11125560091753678
1438,0.08302269917785682,0.027769216573550318,0.09087194290103093
1439,0.16302924626474655,-0.01254769883234901,0.1741153916724384
1440,0.11053268384182181,0.011959666581652461,0.12370613764779076
1441,-0.021689834395295447,-0.15671781364884382,-0.015467616666647583
1442,0.13045604262641797,0.011330111904874532,0.11103816341464248
1443,0.05755895030303845,-0.07574354478516922,0.0667711299799951
1444,0.03930472974578538,-0.05626898352825134,0.06812455968793533
1445,0.1363867700801196,0.027368672478271346,0.13037923510065894
1446,0.22806976366478834,0.01083478438873185,0.2203976829117452
1447,0.06480906151467622,-0.033033412439922055,0.0785083991759231
1448,0.13042165442736178,0.01721568087003333,0.11765034742175876
1449,0.18025898591039963,0.03237172288580982,0.16787506889374787
1450,0.09438002105094034,-0.01848509705690458,0.07312034449552361
1451,0.008242768713387263,-0.05825832880316205,0.018593470584967093
1452,0.20326374962645544,0.00808550772904388,0.19605755371730446
1453,0.08289940202092873,-0.04281957313368624,0.09001004946861052
1454,0.10048730587392407,-0.020664037283864907,0.09347531461725268
1455,0.06465138593943845,-0.011249548316864089,0.051025620946871755
1456,0.11366159343063778,-0.05065434391655719,0.10991927347238846
1457,0.0868220407393835,-0.038005371050166666,0.0866089632141886
1458,0.08029025889068342,-0.10729486517462479,0.07953083022898397
1459,0.15303915992347006,0.034122100203929175,0.13359571302688378
1460,0.12259622773148811,0.01846132060329314,0.11119502085387825
1461,0.1455016646228219,0.004134050629391112,0.15074294246205378
1462,0.11997647743614988,-0.030539717647895606,0.1191794505438766
1463,0.13021366626387926,-0.02361006808672893,0.13785989175903784
1464,0.07531981020596633,-0.01078817420804314,0.07084260004092688
1465,-0.00683942878199083,-0.05807975673241793,-0.002704277880817407
1466,0.05819543876386655,-0.022642275903185582,0.052129667158239024
1467,0.07425988744405985,-0.04402562727593431,0.0674038529830663
1468,0.13169040692832307,0.018118935682708545,0.12493485678701959
1469,0.07906528419691719,-0.11019088462097096,0.0710506946307236
1470,0.08867449491061972,-0.004983733675828923,0.0780323108145779
1471,0.12089967793170772,-0.01901566815218599,0.11464112537818906
1472,0.1290266608371147,-0.04557405345506289,0.12458819810245039
1473,-0.002961002641872512,-0.10827779363210444,-0.005019026134880145
1474,0.08722064417908276,-0.07966807656162403,0.08220362856608197
1475,0.04798697996451949,-0.027857585471451722,0.05292488345402286
1476,0.0791290002472247,0.01792544328019354,0.06356356097726659
1477,0.1749124149920878,0.029025217979627718,0.1861912598730625
1478,0.109324794359563,0.1376187828678258,0.13606877896940126
1479,-0.008001918891291203,0.0004991048586760458,0.003053729961406788
1480,0.1660317998183972,-0.012275179278516712,0.16733732635019888
1481,0.19060813685759584,0.018625508101226023,0.1750986309518057
1482,0.21142167994275218,0.020447216632402936,0.19669050538237393
1483,0.10026018851824102,0.00014555345276932256,0.08083713869855202
1484,0.13464717683229319,0.06140925502330968,0.1591639211992677
1485,0.06581222665468989,-0.0901232766132928,0.03256108751706693
1486,0.1374184418151406,-0.03166299729353946,0.1395351775646049
1487,0.05801691097835101,0.00782211703970907,0.03609191331453169
1488,0.10726095230433125,0.03249929520219121,0.12264816758039511
1489,0.1147669761020673,0.0033039794039207487,0.107508788509122
1490,0.09602716293955839,-0.011028955648580125,0.0935132725940892
1491,0.12896807527688112,0.0708871973066637,0.1289156924038603
1492,0.08309394522778583,-0.1096741124553788,0.0762284005115107
1493,0.08281425072186108,-0.031057115410002736,0.04057965681518249
1494,0.15849306376276376,0.03061169697859852,0.15564551072060784
1495,0.12605870939578087,0.007862442711629133,0.12153788720597872
1496,0.11688445835730606,-0.07995458361689237,0.11182739462133016
1497,0.16900768270221742,-0.038419317935181045,0.16808189384331862
1498,0.05268577547775762,-0.022494264623580968,0.04921792807186947
1499,0.16712542772300076,0.049285128091228744,0.16858490095634157
1500,0.17063229109377281,0.08210777312317967,0.1623776968526343
1501,-0.01886213581906885,-0.07364911721039429,-0.017946381916342485
1502,0.11690906064293768,0.007465329687437815,0.11568855880253984
1503,0.0392580412832937,-0.015334288974229487,0.04736961411498273
1504,-0.0662508861959324,-0.12225538878001437,-0.07332676684157692
1505,0.16130946265367296,-0.08880586279521392,0.1537247345224265
1506,-0.005564871905925125,-0.014917402528354995,0.004753909558765978
1507,0.11018429222992954,-0.013862748647354733,0.1063496458687343
1508,-0.018319239071287772,-0.0421587040662302,-0.038897131006599896
1509,0.1313439720934497,-0.0017542092394075947,0.14817335993251887
1510,0.07260328535754139,-0.07006474919471428,0.0719633217167071
1511,0.099492349099275,0.08501511158774429,0.1212818491541978
1512,0.10364069557146723,0.010338968497751318,0.103137898263416
1513,0.13734720487788168,-0.0064765573747747876,0.14013952364330667
1514,0.13088276693820675,-0.0182274429862488,0.14614194142053696
1515,0.13805581076998147,0.026912688387549847,0.1617046204421792
1516,0.0936348532865769,-0.020644346726173216,0.1014417459966131
1517,0.09678238582741705,-0.10146446680868777,0.07565721249737745
1518,0.12778218193885515,-0.02028731883282135,0.10252050515331626
1519,0.15769812278894094,-0.023683688355971535,0.1498548177550309
1520,0.09132340306436479,-0.04281965936361166,0.09911744587094108
1521,0.03466409210326219,-0.04920913092293429,0.04442518953796319
1522,0.19336731442456281,0.048986169685340135,0.15748468867124488
1523,0.1363661073061433,0.11526891742330915,0.15723139014429785
1524,0.14644638659175296,-0.014114924991028755,0.12429013793428532
1525,0.14750727367483485,-0.002017318240325737,0.16654264737848126
1526,0.19390729477698007,-0.017303235428644866,0.16445231777072677
1527,0.07713584263750702,-0.0690443442532136,0.06548886860010784
1528,0.11538723709346055,-0.02237702606733307,0.09238096707514801
1529,0.1073431865717046,0.0536960301591768,0.12513205623931026
1530,0.06314321134585804,-0.02086483714768161,0.07011144619669958
1531,0.03782514101373208,-0.053520758581701446,0.03090443230595164
1532,0.05603438191306981,-0.0007860077637425843,0.037291958057244695
1533,0.05644001888663812,-0.04018010997804588,0.05918306711823095
1534,0.20815481757371407,0.04949187830586161,0.19889761084485325
1535,0.1695112608041946,0.019168143518156166,0.1469750955716315
1536,0.018756943790570007,-0.07443450525896117,0.006338276264568023
1537,0.12178469924550853,-0.027965982247008348,0.10649332999124503
1538,-0.046721622560920044,-0.09903048838646925,-0.03070238944252997
1539,0.15843086063376252,0.00883575695019336,0.15015393805239674
1540,0.09208917505015726,-0.04699475893826171,0.07416912425910868
1541,0.14151410765082015,-0.061876953729676124,0.1307910379628657
1542,0.13237042584027825,-0.004119287786450274,0.1251685090590887
1543,0.23865125119663533,0.14240561300609467,0.251276978188888
1544,0.02797830443554631,0.0001776529175741066,0.023804799493841833
1545,-0.00914485310493987,-0.02356735050171168,-0.007489352756934144
1546,0.11598163458940275,-0.0039705510359839625,0.0899771363463516
1547,0.1562726211418541,0.026557910598274906,0.1500222591782446
1548,0.15522354651137954,0.0261946324134602,0.10892953054916298
1549,0.07426262452460057,-0.03105613340012066,0.08589065089945835
1550,0.001699971949868607,-0.10201454223665334,0.0013616862040659664
1551,0.11559503880487111,0.04387950158271892,0.10906799393302838
1552,0.1570704136938874,0.06694222712343594,0.1510237132879916
1553,0.03768674954571198,-0.11869586712541336,0.015834869297825963
1554,0.11302362098102692,0.0005892951503458018,0.12165821119217934
1555,0.0879534055989194,0.009911035996924274,0.07688067775652085
1556,0.12320988860838517,-0.013531873611643982,0.13073436161676347
1557,0.044229004926620116,-0.05702779443186556,0.04311963415902029
1558,0.06563194440062114,0.0013931924240065897,0.06909336747788569
1559,-0.04603830139497019,-0.08908990179302381,-0.0755257652053359
1560,0.11460763509536756,-0.06457893662900653,0.09298962870946854
1561,0.09851429171328889,0.03941951218753362,0.09319103605772151
1562,0.11443344918738173,-0.05724431954768917,0.101455789144125
1563,0.07047887041963832,-0.01572902689224199,0.07021776249275052
1564,-0.004282735703072125,-0.08207237409206525,-0.0020900813979702532
1565,0.10422612385348867,-0.02794541760872939,0.08722988778540246
1566,-0.021654932751599736,-0.09215510581700033,-0.0013544628057838312
1567,0.16248733351489905,0.13125843813410934,0.19263846256851078
1568,0.13646060791225256,0.03623060264050207,0.1287515310524857
1569,0.11147561737612545,0.038073660955557156,0.0760259375190056
1570,0.1624517272885126,0.02221302682680177,0.17313762047457015
1571,0.08287794883638401,0.010889689902161562,0.10138305814470447
1572,0.18801916853433187,0.07253159396777867,0.19762631338635236
1573,0.14275111985789388,-0.0020993579188180954,0.1382455062065817
1574,0.03487036897471596,-0.01792077757196598,0.033290567425285314
1575,0.03937746279614275,-0.10411248068900737,0.027690252906860984
1576,0.075342847021472,0.06415986885748273,0.10204535010749666
1577,0.026980843905698708,-0.06990447987600694,0.027090881328899297
1578,0.0825321462523415,-0.027437309695287133,0.07165416573059484
1579,0.10105112406821101,-0.025368029900628235,0.10454634541302454
1580,0.13773147215241346,-0.051808383799965226,0.18746571733216874
1581,-0.005568701779886561,-0.012958121266658025,0.007817029871156829
1582,0.04202020104200889,-0.017900276923934994,0.024469581792364345
1583,0.10485602565599189,0.02323600893193061,0.12497993845537199
1584,0.1663175752907629,0.024085758789036793,0.17871919182511536
1585,0.08489470233784246,-0.007910541930510568,0.06998814543295553
1586,0.1309295347795565,0.02780048863940037,0.13588090463713828
1587,0.020254295468800598,-0.08219457879555045,0.00503192438158208
1588,0.014967213789797982,-0.050435613300107617,-0.014274209086173896
1589,0.17719835754250704,0.014469340106078,0.14562640040552924
1590,0.07435647718252292,-0.01046358343808628,0.07500739611039134
1591,0.11129716317258566,0.08187166545583995,0.13198875355452508
1592,0.02852582069423919,-0.02281087270438185,0.05908151663007705
1593,0.11257413340555998,0.0010379297559027542,0.12836501960210286
1594,0.15166385523948733,-0.0016386935179388557,0.16206349939294445
1595,0.04862838277417388,-0.075265667314623,0.06758146755159537
1596,0.08669180021175975,-0.028593805651104472,0.10153245963101452
1597,0.04472569061491142,-0.0855342000664699,0.012031256585634333
1598,0.07318171338014898,-0.07612319461632104,0.04771895175856901
1599,0.06083425070274799,0.045274504995213814,0.05780726508206578
1600,0.116980517104911,-0.056130474725442595,0.1165508988880848
1601,0.12265334027501344,-0.019215021948223575,0.1261131468679013
1602,0.05425355253881843,-0.05361754847038059,0.0644721310190884
1603,-0.0634389700432477,-0.05454390269321866,-0.04898773807685921
1604,0.15460019235934522,0.0930435723307988,0.1572815604733463
1605,0.12335170724773874,-0.01534714777677156,0.12757536157170335
1606,0.06574039481892226,-0.031359892805811584,0.052854399734499465
1607,0.07511749832959212,-0.0355742916433466,0.06626082821392903
1608,0.16837440629528988,-0.01089319490984264,0.18436121165935015
1609,0.12443351513009772,-0.03294565540829244,0.12334347929781442
1610,0.09780292827807983,-0.06222156987966608,0.08526559467988486
1611,0.02025511222346071,-0.029527559903615896,0.01893415554885565
1612,0.0924136068569361,0.03886746496643467,0.07581653914787036
1613,0.15861160727466114,-0.01585615607688153,0.1567337799079869
1614,0.10029204254265797,-0.048800589194652806,0.08377778067501518
1615,0.12154890885166184,-0.081526622281063,0.12106106743505246
1616,0.03990276208340915,-0.023997753418563285,0.031297155962027874
1617,0.1280909034602427,0.0515082167763656,0.14042489693062615
1618,0.15113259182237002,-0.06676984783582003,0.14216563219181672
1619,0.09178278225108776,-0.1556706891404617,0.08667814644671663
1620,0.0526080063372772,-0.08921844726247634,0.042390552022208615
1621,0.06555611753190849,-0.06824087548525375,0.08206137003117779
1622,0.12263128267827812,0.011118699957434667,0.12225737409854828
1623,0.09525640115029115,-0.014576260234657553,0.11078372820251563
1624,0.08105118839197013,-0.01757719066576289,0.06685154303098763
1625,0.007117691611254917,-0.07404457778171455,0.0035789959375564563
1626,0.10814513012945827,0.013360586456050972,0.10394345199515793
1627,0.0571805310443387,-0.021487837054178123,0.08359588412355766
1628,0.11411710461449666,-0.10559906100559953,0.10508781231276815
1629,0.09590596117954156,-0.06339941032982063,0.0725827956572073
1630,0.20905835833235692,-0.03936881862056724,0.187637557944054
1631,0.08293708994531777,-0.03012912313237626,0.09620061860863399
1632,0.015583957255623258,-0.11620134202387479,0.024208419630439883
1633,0.0198078880343857,-0.11223043572129161,0.007318983825490576
1634,0.24476060904470454,0.06563282112720432,0.24204422473835457
1635,0.1056079920550655,0.13993922622205573,0.11955228740670927
1636,0.09768152806861669,-0.03929682425249357,0.10636553940372687
1637,0.0782591424571733,-0.04775046264213667,0.05935296734760051
1638,0.08887924889806084,0.025725260016453564,0.08565453903593227
1639,0.1119421987409137,-0.03595125490977588,0.11180242823713864
1640,0.0432087343970722,-0.014767761098787855,0.0430173654733632
1641,0.06241338997009649,-0.07576232401822154,0.041874426711691976
1642,0.08738937325814394,-0.041102195583277844,0.0790938025651183
1643,0.11924509725266437,-0.018045884002244987,0.09959355365593464
1644,0.02406067387549496,0.007584225524298842,0.02597204439899483
1645,-0.00847011008545952,-0.02030725581777055,0.004255175619794059
1646,0.14090896266842057,-0.07818249175753506,0.14546239852633408
1647,0.07981312755826561,-0.004640577714896571,0.0929639835954871
1648,0.09289205175781258,0.011805444650235846,0.08618158298449219
1649,0.019324270619060113,-0.10338742685096816,-0.01914849225583043
1650,0.1449847046359467,0.07917441189249795,0.1231185085404199
1651,0.044512496619102955,-0.06229561471435855,0.04179698411875037
1652,0.0265993384827984,-0.12580505783871523,0.015074772632310827
1653,0.15594695811553233,-0.06736100747341876,0.16130366626991616
1654,0.04814137096228888,-0.07176566192086462,0.056609726058112333
1655,0.12504908444304588,-0.01815871809961629,0.11097111419152976
1656,0.006997455669629197,-0.09368509634964017,0.0075066301321602925
1657,0.09269269429934944,-0.050985265654545545,0.08591567491833026
1658,0.0557255181667124,-0.044712824828759816,0.0675807092689157
1659,0.050265684850497844,0.05001891575728443,0.05859427330227297
1660,0.11167053221103197,0.0061199662476192325,0.13157203743018273
1661,0.08879079813269235,-0.038716013259682575,0.09523424521055311
1662,0.047585009408870754,-0.047861086019106394,0.05207896200774366
1663,0.24961643103052303,0.08959290128739908,0.24343576718864038
1664,-0.08708728210196842,-0.11086375955299517,-0.07751746797920801
1665,0.04505551152937764,-0.0701726778604018,0.04015605075643076
1666,-0.11068530939872163,-0.09615121043091131,-0.11372937554750999
1667,0.045908397232265766,-0.07516843231580124,0.03771100849117248
1668,0.18303964593998714,-0.06060125334004376,0.18142317397397328
1669,0.11890770556872436,-0.061744756797887664,0.1104966911906163
1670,0.04440239778057126,-0.05181738711177279,0.0475161152909212
1671,0.0832246964001057,-0.030436467486925568,0.07442491900595052
1672,0.12450497803680717,-0.08023813951307947,0.09639234070188946
1673,0.11191190007048188,0.0032541445155593344,0.11123962780765098
1674,0.04412703029705956,0.017210948586413484,0.026716340757061793
1675,0.14337107233099794,0.018089266873890692,0.14841521470216545
1676,4.156141480552596e-05,-0.036464891635761554,-0.011575643483760592
1677,0.007794203976509109,-0.0552358817034613,0.025372566137387722
1678,0.10932864997185038,-0.035233546410411085,0.07971050588441388
1679,0.19417091880374607,-0.08306290355404705,0.18361579905886888
1680,-0.019240761339059897,-0.0764532721858043,-0.02593769985234557
1681,0.10598661192610248,0.027888732002259012,0.10877097905429872
1682,0.10989017112956088,0.0619335496184248,0.12253139427323424
1683,0.13631100531621115,-0.031889601320578935,0.1685615431005855
1684,0.1278620512288649,-0.09158576579498995,0.13301170837983625
1685,0.12335855874965525,0.001992574773421728,0.09868346666023109
1686,0.08578203448808111,-0.036478876068488035,0.07113845927045848
1687,0.074761275835315,-0.08908884141054839,0.06806336204199998
1688,0.1795053603069476,0.017404296883884167,0.1763061763660172
1689,0.10585914716971676,-0.053862345223556055,0.10026179036265863
1690,0.1335319922255946,0.0004343919837066449,0.14834416191906463
1691,0.01659088104599263,-0.04220936681873896,0.02782984279902599
1692,0.15571841884668036,0.021708052458549256,0.13806665035159843
1693,0.03240299860238005,0.04109149001553403,0.02657301020881952
1694,0.15436769132987602,-0.0413598315660927,0.13370770043174496
1695,0.02217008669041507,-0.04125558419876404,0.017948719548456844
1696,0.03700599527018619,-0.014028874143176885,0.04424947789463291
1697,0.05879275008540977,0.007103083068576719,0.04236880276651883
1698,0.04340815349342473,-0.07147480215592583,0.018516058562961117
1699,0.15450258887833657,-0.07125634326137495,0.13860347390524147
1700,0.15985067667514977,0.11103114134204094,0.1432394519339902
1701,0.04055181140805223,-0.03845772930696377,0.05627804226160313
1702,0.07875790744025864,0.03305631063146028,0.07414519407396132
1703,0.1748867532185156,-0.043776722327083614,0.17919646819504012
1704,0.13751786597654286,-0.009297827373507615,0.11456692976676414
1705,0.12564689863690884,0.03540052494367049,0.12424800616419526
1706,0.09387091878172565,-0.003691269898870631,0.08523336621957135
1707,0.10226020842910283,0.02563229430170924,0.10525203046211656
1708,0.1029975957070806,0.02596490742626324,0.10461045162798105
1709,-0.009182831627243867,0.044340558969301974,0.004221720868771127
1710,0.03198486996669343,-0.09351979003563296,0.015278419970202682
1711,0.08394244708448294,-0.01387076132281984,0.10379366611913655
1712,0.10797270862765637,-0.029916079107305454,0.10609717233439676
1713,0.19775439536459352,0.05547275091764498,0.18000888861918543
1714,0.08687114963795761,0.005819246108508021,0.09435157340251277
1715,0.12204935252717258,0.03829269161394903,0.12185944564126723
1716,0.1443546410176548,0.005172115597064542,0.1515787804889831
1717,0.057681560722529626,-0.0640035226982945,0.04446681919909391
1718,0.1764292697926338,0.005091328088177833,0.1599727271473085
1719,0.08498416270257317,-0.01628675963369305,0.07280069804876299
1720,0.02892966589596228,-0.02245330780373099,0.03899655695211367
1721,0.1294836850178541,-0.0919733608696437,0.1355040926182414
1722,0.10909972409929387,-0.06450547593276612,0.10344801790664727
1723,0.13368815237678364,-0.053305025417433524,0.11302415161402798
1724,0.05337913242315739,-0.030921226366333026,0.03793392817112558
1725,0.1175902628018286,0.019579920274139757,0.10651388313601275
1726,0.11446193954696415,-0.10398833322462371,0.10853063998418175
1727,0.0005102533409341094,-0.08181428862367321,0.0028193172595226542
1728,0.07377815158645686,0.03538204324479402,0.07007963974746816
1729,0.12012038665895271,-0.06884050437414072,0.1176697753101344
1730,0.050199963543947436,-0.06530283361514491,0.0405312552088217
1731,0.09569334782589416,-0.06908287362251163,0.08663070568440279
1732,0.12216812439726019,-0.011729077537701492,0.11933781068090349
1733,0.08161915434960026,-0.027658188517832995,0.09079543545208663
1734,0.1762015142003955,0.04208737508750349,0.19482013436404025
1735,0.15036885293474866,-0.032224256530625085,0.12341410849604614
1736,-0.004853803426119851,-0.11383474352327938,-0.007732051190714327
1737,0.08285368617523856,0.001994574340844614,0.08730964286615156
1738,0.15483648782457626,0.08225971102395067,0.12673847233911492
1739,0.1472890160341046,0.04104403651038245,0.15307312377791238
1740,0.08417348444565967,-0.07126821667530622,0.09150131341197205
1741,0.2706637634875458,0.12484207279034121,0.24156502304607466
1742,0.0733975682147301,-0.040480831565243805,0.07508160311888647
1743,0.044379718522731225,-0.043331318898561275,0.009272851000380078
1744,0.10485815935483679,0.00785717577894611,0.11560387244031438
1745,0.06937260104998397,-0.11618030058452196,0.06852975840768259
1746,0.025207853305739252,-0.009474058686005624,0.02664186125677802
1747,0.10392680199334134,-0.05959909379714303,0.10442336553304084
1748,0.11554324860007924,0.02900766321342889,0.12415704397448017
1749,-0.09909271585956528,-0.22082266699010578,-0.10586284509585973
1750,0.14998863903194726,-0.040357872004524044,0.14111793045184454
1751,0.1456349220212494,0.0009494878873008356,0.1288084614832837
1752,0.1661237596565284,-0.03108843293420199,0.15898363759036213
1753,0.2349374356120543,-0.0034281326461908157,0.2353194461810257
1754,0.08784753881300182,-0.04704893642655932,0.09573751196203864
1755,0.0784966652819145,-0.045526850668886086,0.06335035388623976
1756,0.19974651673247992,0.044431794951461406,0.1921094295565988
1757,0.14114882962590325,-0.003784856752224686,0.15775962256087314
1758,0.06439839431538155,-0.09505781654845498,0.0522027923700705
1759,-0.006666097623426591,-0.09999321332423314,-0.0022755034164471644
1760,0.1016611556621932,-0.026812305652612573,0.10081548087649
1761,0.0004779352032112159,-0.10480846483013864,0.0030769757519644673
1762,0.055188683222539066,-0.013297082035355963,0.04887756658418473
1763,0.14764698371374788,0.07791291252940007,0.1535573876098033
1764,0.07362522664825397,-0.04588157573664363,0.06245567633681601
1765,0.10370506006046186,-0.041874923971688634,0.11429546172729582
1766,0.10550458211732498,-0.06025255907003729,0.09187879537378615
1767,0.15350421350899177,0.05271377838581388,0.14562944869654532
1768,-0.0651783407921067,-0.03797229109127636,-0.05588406348648616
1769,-0.1028158127298331,-0.1883366181606266,-0.11244792000669182
1770,0.12766753067385264,-0.03525918938415692,0.0980670337376793
1771,-0.07068769907119336,-0.0823262695237945,-0.10378820936423636
1772,0.039626374033991586,-0.08041938875682465,0.025155633146876497
1773,0.11876597309656037,-0.049718300404662304,0.12061477499005675
1774,0.11730183322139515,0.014795550675057188,0.11773096891348868
1775,0.05005332091675509,-0.025839323769042234,0.038838799278089975
1776,0.09724479350190263,0.007970519943452126,0.10040823581721971
1777,0.1750580203001592,0.004064709518743206,0.18409740113924214
1778,0.09486315060843807,-0.06392778176769634,0.108386144598837
1779,0.04959634858049573,-0.03736613375320428,0.06630640742365385
1780,0.08811071533719818,-0.0913204423301204,0.0873764418958569
1781,0.06838591279384114,-0.005536090847404735,0.0632854086176068
1782,0.09449166904515674,-0.06211343377114962,0.0914038819184158
1783,0.17115227844326883,-0.034373909269903136,0.1663480870777568
1784,0.07545183866319448,-0.038425890718952874,0.07684108675875374
1785,0.045292269914004556,0.03709621158396293,0.02327836287990956
1786,0.11738064662012736,0.005620347728072234,0.10564970847582432
1787,0.14240101860213888,0.012086249131170226,0.11376309436852308
1788,0.007973195449996489,-0.07336665656308461,0.02279738188597036
1789,0.11324432052054473,-0.07041042109768339,0.12200539104230529
1790,0.06194099115327439,-0.04216230566412202,0.05666434889804132
1791,0.08960311053268019,-0.07721427862277125,0.09131239430482924
1792,0.1890797903972196,0.013560859588124504,0.1805504124779898
1793,0.1353303037462086,0.1256940619291991,0.15156130496387832
1794,0.10881882674525395,-0.02813868614045279,0.07242591027263293
1795,0.007682444486788373,-0.14262684440089407,-0.0031176212923226345
1796,0.10757916808777032,0.047664995176571724,0.08705735984488192
1797,0.02271732827559203,-0.02596482283487587,0.014285051188320715
1798,0.13770384125987564,0.042311188038523816,0.1376074564818635
1799,0.04194632832061012,-0.027240411063278784,0.04911779993979941
1800,0.06182972650569272,-0.07864554463139935,0.06720974249597035
1801,0.07149714264377598,-0.05973711304753724,0.07903967309450036
1802,0.13496605245269908,-0.025858906140623427,0.14401139149525588
1803,0.08715769785300267,-0.06868709395751088,0.0860484528004995
1804,0.09551224103488351,-0.037919409620360806,0.09559410693542349
1805,0.048669430695543324,-0.09552512511932174,0.06399995319403472
1806,0.14737362676270627,-0.01374484264363281,0.1535568109549313
1807,0.08228872961716348,-0.027879139039041784,0.08686748065226815
1808,0.10296785109358358,-0.02293211629780446,0.08899626556875576
1809,0.049411365321835675,-0.0771071265576828,0.030335241067630775
1810,0.12526950040912455,-0.013180999225829696,0.11101478313970944
1811,0.18077969352539675,-0.012187042373009578,0.18829359807183133
1812,0.06720449156665341,-0.061045625311006546,0.05082516525284898
1813,0.15579544407287807,0.006971188683749828,0.15300197796804801
1814,0.13131445865101,0.10836405527494093,0.14688981306298077
1815,0.02183386136497521,-0.03779825817481046,0.0052587791473976695
1816,0.19622356641009744,0.019025359781440373,0.19225681372112657
1817,0.01016080496154321,-0.1182404174945761,0.008543378451196477
1818,0.16970358141938155,0.06001825990237666,0.18131873618978683
1819,0.18071065116518306,-0.012570709610475373,0.17117053716911607
1820,0.0839078945013825,-0.06091656245200945,0.07136897037161034
1821,0.19472628075363835,0.030842108305991517,0.20635454534234784
1822,0.10228872228679242,0.0046148563145190094,0.10642250546418937
1823,0.11425956674887694,0.014782951823729372,0.09892624985015018
1824,0.22074437000077982,0.08083570222278437,0.2191883114548589
1825,0.11458451065265414,-0.07394497542855137,0.12556111596035785
1826,0.007317617714865508,-0.09149229077554526,-0.004019622420900853
1827,0.06743187637985025,-0.0546579331113919,0.06590861310342344
1828,0.09855025780434261,-0.03705364649393879,0.10168665002234765
1829,0.058529807394311566,-0.09888237017756732,0.07620630082611318
1830,0.13337751409020976,0.02480944850423353,0.1390112237503203
1831,0.07545292703763339,-0.059128571318293,0.07805583090170082
1832,0.09441302856088826,-0.062163542417120646,0.07849630103555104
1833,0.07791890179568448,-0.0548037261012169,0.0734104607993306
1834,0.050309362279501196,0.037015253706984365,0.07090966422815163
1835,0.16031935765656452,0.0009394930650272577,0.16500949604643989
1836,0.16104587147983573,0.0704487835196031,0.1816502972897455
1837,-0.009923573676586495,-0.06482854315903193,-0.017182324473937673
1838,0.15731788699364452,-0.008972946028586526,0.1504503530188854
1839,0.0035330292033228412,-0.09226823245579259,0.009402054555478366
1840,0.09904770861449959,-0.0620819187622151,0.10252644349662283
1841,0.04404738492715681,-0.036710574737961334,0.0396901705244526
1842,-0.005130809323310772,0.04428401664582095,0.004836708956395802
1843,0.11294023477235353,0.005156678909425283,0.13415268562860558
1844,0.1406815639353258,-0.014227790156961549,0.14244901296889217
1845,0.20215268578164847,0.016767846905277908,0.20107037154708274
1846,0.16341295245864448,-0.017936018793422482,0.14934939911999587
1847,0.030711959532057475,-0.04304876883067929,0.05325529379475026
1848,0.05913211126984872,-0.03274847378457399,0.06626186510118971
1849,0.09216363079488,-0.007628770457153266,0.09679796343140869
1850,0.0507597790063854,-0.07928715172295138,0.04671492998674524
1851,0.17517687678777802,0.12436446045229396,0.18478237760973323
1852,0.11357846973920437,-0.017800175373581386,0.10504017703139232
1853,0.006417447259698773,-0.07776994991252074,0.024977864873600254
1854,-0.05962962754106726,-0.059921504887841974,-0.06302885378470717
1855,0.10471297862879332,-0.021799688050883195,0.09426381453746627
1856,0.11764189514138991,-0.013042169137465514,0.1161793345130665
1857,0.10981314070134283,-0.005633463745525359,0.10704726186085255
1858,-0.0394010546445436,-0.15535697209155078,-0.037754088829337396
1859,0.17734197714056674,-0.022749444658429818,0.14493654245203338
1860,0.1131643052178736,-0.08912557186151626,0.10294127797881777
1861,0.07327571642359408,0.11692090884540593,0.082313535460811
1862,0.08453374755222987,-0.041211205477025184,0.09735263503575096
1863,0.0534077794623335,-0.002175088675988445,0.038008175959037806
1864,-0.025934630684734485,-0.13964333195834056,-0.014446624162798896
1865,0.17962423819914375,-0.011164157401387521,0.16668815002727755
1866,0.0980876621712238,0.05467763909523295,0.10202413267491081
1867,0.09273395744029028,-0.06047564232879621,0.07930563042181739
1868,0.08345108375026185,0.003641964761494397,0.07942237186973092
1869,0.14631288465206377,0.06091355703905627,0.15141239251748928
1870,0.17270212001643034,-0.03535347315228467,0.16462468580565576
1871,0.06476626769320717,-0.0656209784641677,0.06220042733946447
1872,0.07906173391072581,-0.007104342920212367,0.07866685321622566
1873,0.08595362057450906,0.05856919890630368,0.1042139141576961
1874,0.11014312547635674,0.040592268052461744,0.10737215835833626
1875,0.056424526619868375,-0.010032724498349998,0.07914789874257869
1876,0.24032569860923889,0.03631070470324052,0.21269555367790993
1877,0.11053856115375942,-0.01077965281205748,0.10161260950989257
1878,0.050968857976598655,-0.07858076148821228,0.03335634943558021
1879,0.1445652062210903,-0.03517335310270375,0.1387503495992207
1880,0.0947886815291759,-0.020720898668076086,0.08949328213342132
1881,0.21946692666330747,0.05178281673367346,0.1883407495097612
1882,0.11511019220114169,-0.06299566111644277,0.10756734203334718
1883,0.0703706662355111,-0.013789136537454642,0.077813018977292
1884,0.05401238636454506,0.016901793494921543,0.047937657823695655
1885,-0.09291404429519075,-0.047122439387388124,-0.08978260486083739
1886,-0.0432967034866545,-0.011230100072596623,-0.027551885663245037
1887,0.07233812982446568,-0.06719038694351614,0.07888420930361581
1888,0.10373269493116445,-0.011489741294457552,0.09982577334104283
1889,0.09098094023591069,-0.020326048983757082,0.09697771952117706
1890,0.1576899760289275,0.00914603313740207,0.1660098940986759
1891,0.15564447281936108,-0.007116861565293741,0.15523663536644808
1892,0.09440668763021563,-0.019192501324403265,0.11573499265988654
1893,0.11429496401205483,0.04176227272731281,0.08649961279738118
1894,0.06149248050343759,-0.047013277304555075,0.06119255515898624
1895,0.07801881379877583,-0.08701705792592085,0.051888469687244546
1896,0.1350211090282827,0.019320647672736103,0.11192036894973639
1897,0.07997101652781878,-0.036915078082322875,0.08187679948428589
1898,0.07457478174127635,-0.041449866482517174,0.0858555599040308
1899,0.12025257449915394,0.029931182096064067,0.12671749002640786
1900,0.07387276545126877,-0.0858623016194863,0.05266418887031004
1901,0.1188658090228942,-0.10694254440748002,0.1176792480084553
1902,0.09817315872762317,-0.0603326791960174,0.06832654174741143
1903,0.1063046992588052,0.047664030114275266,0.12198927791308037
1904,0.03605546135506511,-0.052424750508252044,0.0369662050281132
1905,0.1001782661675724,-0.007924205393745443,0.12406928466495266
1906,0.11432795233589534,-0.029312795981516437,0.1169087138492233
1907,0.14686353987832912,-0.01245090960859659,0.1745703185871541
1908,0.19182363913001071,0.0695776983277069,0.18519476026549056
1909,0.10694229356378512,-0.0013886675244237459,0.09829983629211798
1910,0.020365971139321436,-0.10162833968813026,0.014002381594504792
1911,0.10414677247171152,0.002798243525392082,0.09138716517491373
1912,0.18072950136362623,0.062251808433630644,0.18410986044433233
1913,0.13425408284744064,0.019152383961845813,0.12953957844030944
1914,0.09109269725460695,-0.041483033568755816,0.08693621707362678
1915,0.19356928236607118,-0.006440430452293083,0.1998720599630266
1916,-0.10365501575517483,-0.10217355676952591,-0.11653743845305524
1917,-0.004021615969214441,-0.0789950752261217,-0.01102289548503839
1918,0.10377705473160195,0.04361842663707858,0.08115782390929183
1919,0.043262477341245796,-0.04165086105242671,0.06285746422282057
1920,0.1167438568443352,0.02087071059017337,0.12035834372112898
1921,0.15600746774242777,0.02264930530497684,0.143458900440624
1922,0.09915454186538215,-0.05513600437695823,0.08490762316381269
1923,0.05476431099981536,-0.11881739919263234,0.049324744030575185
1924,0.12955121959716906,-0.06825349314894118,0.12185204744645213
1925,0.10844232275219613,0.013815751209128218,0.1087986791495807
1926,0.10171164099065173,-0.03858698791432707,0.09399789248610288
1927,0.014178381551870213,-0.10431973511206907,0.02251754245429194
1928,0.010591834729256185,-0.1403223141235344,0.007557943223848492
1929,-0.08398783462096185,-0.07997278900443001,-0.07075505280039082
1930,0.11422243256489194,0.01127127070266386,0.11472394586724328
1931,0.12340981986583217,0.052350935048754495,0.13552029922964118
1932,0.10706611655685734,-0.09489372293823195,0.09865546581563703
1933,0.09707391434379169,0.03669365982999032,0.09152338399688267
1934,0.10888998967645072,0.006433105806278525,0.10571701803207592
1935,0.18240649400983303,0.0827980746329501,0.1880174315200593
1936,0.10434206862502629,-0.022867483182815174,0.10587674050070803
1937,0.05193382225382976,-0.09217677990486266,0.0095313905293849
1938,0.0675965163221034,-0.058536038794050504,0.06854098091240851
1939,0.08354431306124534,-0.009680144930225544,0.08814593396085632
1940,0.17041181580836356,0.02066646442504982,0.1583285293848911
1941,0.12355315127434063,-0.013386813878629883,0.05997116752687657
1942,0.12261848578881271,-0.04680428176848957,0.12634986421066557
1943,0.10110144118000539,-0.011836797326939787,0.11327660505982126
1944,0.09027476493686032,-0.11452757051221026,0.07931976276032365
1945,0.009702425093783967,-0.07867898479886205,-0.0022586820414985443
1946,0.13469703358226964,0.07028675949797913,0.13250370320070606
1947,-0.07082941968973777,-0.08677605482035991,-0.08223145181560301
1948,0.07780956733426948,-0.0014421711022117702,0.06419796951585932
1949,0.08762011337014447,0.045960555236654745,0.07854721855154503
1950,0.19448130348954798,-0.009525834736697382,0.180163050545828
1951,0.06137134927425202,0.0806736043576233,0.07786872972581328
1952,0.14076049323918102,0.021678376306755946,0.14778664754211226
1953,0.16604592767267926,-0.024960983587850885,0.16844710067389876
1954,0.03547548439429533,-0.05392408504670866,0.03700898896019589
1955,0.11106285551156869,0.03303096389496482,0.11734024305465982
1956,0.030380810164685076,-0.024850729609996035,0.01855931813575597
1957,0.0997903213962052,0.03570562033363017,0.09678089944626811
1958,0.007384485614207666,-0.012610238864639158,0.01615110576618452
1959,0.04966268183302008,-0.16247026329322842,0.02043593694822123
1960,0.0024028402685703754,-0.021031240816796044,0.007051613229320954
1961,0.08212891157731488,-0.051853023408224286,0.09085058829322194
1962,0.003940255728334461,-0.00611147038208366,-0.0020992101265314964
1963,0.1458727229375641,-0.061933294119196236,0.13831532485861361
1964,0.1404947402747826,-0.01034247644358103,0.15686708358106538
1965,0.046166872227659125,-0.04532187925297635,0.05738166827639488
1966,0.06973099223531723,-0.026056529568238958,0.07076961989814785
1967,0.14268468414495214,0.08411839255681827,0.14067817013950804
1968,0.0853969850436696,0.016190381589010563,0.0777320831146239
1969,0.04592098039340739,-0.05475119433359984,0.04445706832478717
1970,0.061915664783074205,-0.02125640888448501,0.049407579437083786
1971,0.039769256038642654,-0.05895947782119803,0.05228962193939197
1972,0.14744186433473797,-0.03348380964203864,0.12202248923683444
1973,-0.0779011843033494,-0.1746657093718107,-0.09630420311808421
1974,0.08261698231409217,-0.014945376238098766,0.06409358726551609
1975,0.05622713334374296,-0.019892971528351646,0.05801150957627225
1976,0.044226078085848844,-0.03901939020659283,0.05384605318315567
1977,0.10645013037095898,-0.07168627657420568,0.10978269596638854
1978,0.2216811674329611,4.6455354528143565e-05,0.2253118789094295
1979,0.08976435722843791,-0.012362102020775976,0.09102902159172237
1980,0.08269147508538223,-0.021783529622244942,0.06306091977330858
1981,-0.00852014802243473,-0.08000105550055422,-0.00819726631641634
1982,-0.03787539865720486,-0.10404983378785691,-0.02257022757001547
1983,0.20058929153244073,0.002308116001375846,0.2179069025319201
1984,0.1604611165463441,-0.016596633433815986,0.13302935767270466
1985,0.06196213479478283,-0.06382769454995925,0.06506975540950362
1986,0.16575434183631846,0.09172456904914023,0.1804724780329982
1987,0.024402617593805017,0.041361142631349594,0.04221937987930061
1988,0.03718033222893365,-0.047601000700216896,0.022345092371746887
1989,0.15436336649490595,0.011862282431974285,0.1565892851923939
1990,0.0252199866499638,-0.12087440588009217,0.0015172154594436155
1991,0.13098218535835465,0.02057304143809936,0.10943468840412848
1992,0.10644793689575927,-0.024903237482323853,0.10797358995407139
1993,0.06868454421156443,0.007184794472739691,0.08029032840522252
1994,0.1893710400756969,0.06389163672054321,0.21303658479521323
1995,0.17932168524174644,-0.00525897398430149,0.18031078626048447
1996,0.058448327933502596,-0.07412274661733728,0.07581608453034623
1997,0.11312903182084628,-0.06991217060892117,0.11540680056957905
1998,0.12134646723420846,-0.09571801050673316,0.12385325493143116
1999,0.08685369566369107,0.016018693562252283,0.10489428093102472
2000,0.09718477965029512,-0.07246348948356482,0.11269355629417217
