diagnostic_id,match_id,team_key,player_key,period,start_frame_provider,end_frame_provider,start_time_period_s,end_time_period_s,start_time_match_s,end_time_match_s,raw_link_delta_x_m,raw_link_delta_y_m,coordinate_difference_m,elapsed_s,raw_link_speed_mps,above_report_threshold,hard_raw_jump
LINK-metrica:Away:15-P1-F12-13,metrica:sample-game-2,metrica:Away,metrica:Away:15,1,12,13,0.47999999999999998,0.52000000000000002,0.47999999999999998,0.52000000000000002,1.0583999999999918,0.0034000000000098396,1.0584054610592213,0.040000000000000036,26.460136526480508,True,True
LINK-metrica:Away:15-P1-F13-14,metrica:sample-game-2,metrica:Away,metrica:Away:15,1,13,14,0.52000000000000002,0.56000000000000005,0.52000000000000002,0.56000000000000005,1.0594500000000053,0.0033999999999991815,1.0594554556469145,0.040000000000000036,26.486386391172839,True,True
LINK-metrica:Away:15-P1-F14-15,metrica:sample-game-2,metrica:Away,metrica:Away:15,1,14,15,0.56000000000000005,0.59999999999999998,0.56000000000000005,0.59999999999999998,1.0594499999999982,0.0027199999999929503,1.0594534916172564,0.039999999999999925,26.486337290431461,True,True
LINK-metrica:Away:15-P1-F15-16,metrica:sample-game-2,metrica:Away,metrica:Away:15,1,15,16,0.59999999999999998,0.64000000000000001,0.59999999999999998,0.64000000000000001,1.0594499999999982,0.0034000000000027342,1.0594554556469074,0.040000000000000036,26.486386391172662,True,True
LINK-metrica:Away:15-P1-F16-17,metrica:sample-game-2,metrica:Away,metrica:Away:15,1,16,17,0.64000000000000001,0.68000000000000005,0.64000000000000001,0.68000000000000005,1.0605000000000047,0.0033999999999991815,1.0605054502453111,0.040000000000000036,26.512636256132755,True,True
LINK-metrica:Away:15-P1-F17-18,metrica:sample-game-2,metrica:Away,metrica:Away:15,1,17,18,0.68000000000000005,0.71999999999999997,0.68000000000000005,0.71999999999999997,1.0604999999999976,0.0033999999999991815,1.060505450245304,0.039999999999999925,26.512636256132648,True,True
LINK-metrica:Away:15-P1-F10050-10051,metrica:sample-game-2,metrica:Away,metrica:Away:15,1,10050,10051,402,402.04000000000002,402,402.04000000000002,-0.19635000000000247,0.81940000000000168,0.842596986999125,0.040000000000020464,21.064924674967347,True,True
LINK-metrica:Away:15-P1-F10051-10052,metrica:sample-game-2,metrica:Away,metrica:Away:15,1,10051,10052,402.04000000000002,402.07999999999998,402.04000000000002,402.07999999999998,-0.19950000000000045,0.83708000000000027,0.86052494234624055,0.03999999999996362,21.513123558675581,True,True
LINK-metrica:Away:15-P1-F10052-10053,metrica:sample-game-2,metrica:Away,metrica:Away:15,1,10052,10053,402.07999999999998,402.12,402.07999999999998,402.12,-0.20475000000000421,0.85612000000000066,0.88026360648387758,0.040000000000020464,22.006590162085683,True,True
LINK-metrica:Away:15-P1-F10053-10054,metrica:sample-game-2,metrica:Away,metrica:Away:15,1,10053,10054,402.12,402.16000000000003,402.12,402.16000000000003,-0.20999999999999375,0.8751600000000046,0.90000279199567235,0.040000000000020464,22.500069799880297,True,True
LINK-metrica:Away:15-P1-F10054-10055,metrica:sample-game-2,metrica:Away,metrica:Away:15,1,10054,10055,402.16000000000003,402.19999999999999,402.16000000000003,402.19999999999999,-0.21420000000000528,0.89555999999999258,0.92081993549227037,0.03999999999996362,23.020498387327695,True,True
LINK-metrica:Away:15-P1-F10055-10056,metrica:sample-game-2,metrica:Away,metrica:Away:15,1,10055,10056,402.19999999999999,402.24000000000001,402.19999999999999,402.24000000000001,-0.21839999999999549,0.91664000000000101,0.94229902345274663,0.040000000000020464,23.557475586306612,True,True
LINK-metrica:Away:15-P1-F10222-10223,metrica:sample-game-2,metrica:Away,metrica:Away:15,1,10222,10223,408.88,408.92000000000002,408.88,408.92000000000002,-0.19530000000000314,0.82892000000000365,0.85161637865884621,0.040000000000020464,21.290409466460265,True,True
LINK-metrica:Away:15-P1-F10223-10224,metrica:sample-game-2,metrica:Away,metrica:Away:15,1,10223,10224,408.92000000000002,408.95999999999998,408.92000000000002,408.95999999999998,-0.19950000000000045,0.84591999999999956,0.86912651346049696,0.03999999999996362,21.728162836532185,True,True
LINK-metrica:Away:15-P1-F10224-10225,metrica:sample-game-2,metrica:Away,metrica:Away:15,1,10224,10225,408.95999999999998,409,408.95999999999998,409,-0.20264999999999844,0.8622399999999999,0.8857340684991174,0.040000000000020464,22.143351712466607,True,True
LINK-metrica:Away:15-P1-F10225-10226,metrica:sample-game-2,metrica:Away,metrica:Away:15,1,10225,10226,409,409.04000000000002,409,409.04000000000002,-0.20789999999999509,0.87991999999999848,0.90414689979007024,0.040000000000020464,22.603672494740191,True,True
LINK-metrica:Away:15-P1-F10226-10227,metrica:sample-game-2,metrica:Away,metrica:Away:15,1,10226,10227,409.04000000000002,409.07999999999998,409.04000000000002,409.07999999999998,-0.21105000000000018,0.89896000000000242,0.9234019623652554,0.03999999999996362,23.085049059152382,True,True
LINK-metrica:Away:15-P1-F10227-10228,metrica:sample-game-2,metrica:Away,metrica:Away:15,1,10227,10228,409.07999999999998,409.12,409.07999999999998,409.12,-0.21630000000000393,0.9166399999999939,0.94181451443476416,0.040000000000020464,23.545362860857058,True,True
LINK-metrica:Away:15-P1-F10229-10230,metrica:sample-game-2,metrica:Away,metrica:Away:15,1,10229,10230,409.16000000000003,409.19999999999999,409.16000000000003,409.19999999999999,-0.19530000000000314,0.60043999999999187,0.63140342381079262,0.03999999999996362,15.785085595284173,True,False
LINK-metrica:Away:15-P1-F10230-10231,metrica:sample-game-2,metrica:Away,metrica:Away:15,1,10230,10231,409.19999999999999,409.24000000000001,409.19999999999999,409.24000000000001,-0.23729999999999762,0.66708000000000567,0.70803037816184577,0.040000000000020464,17.70075945403709,True,False
LINK-metrica:Away:15-P1-F10231-10232,metrica:sample-game-2,metrica:Away,metrica:Away:15,1,10231,10232,409.24000000000001,409.27999999999997,409.24000000000001,409.27999999999997,-0.17954999999999899,0.50523999999999347,0.53619554278266157,0.03999999999996362,13.404888569578731,True,False
LINK-metrica:Away:15-P1-F11766-11767,metrica:sample-game-2,metrica:Away,metrica:Away:15,1,11766,11767,470.63999999999999,470.68000000000001,470.63999999999999,470.68000000000001,-0.42839999999999634,1.4483999999999995,1.5104268006096804,0.040000000000020464,37.760670015222694,True,True
LINK-metrica:Away:15-P1-F11767-11768,metrica:sample-game-2,metrica:Away,metrica:Away:15,1,11767,11768,470.68000000000001,470.72000000000003,470.68000000000001,470.72000000000003,-0.44519999999999982,1.5021200000000015,1.5667059502025273,0.040000000000020464,39.167648755043146,True,True
LINK-metrica:Away:15-P1-F11768-11769,metrica:sample-game-2,metrica:Away,metrica:Away:15,1,11768,11769,470.72000000000003,470.75999999999999,470.72000000000003,470.75999999999999,-0.46095000000000397,1.5599199999999982,1.6265993080350176,0.03999999999996362,40.664982700912425,True,True
LINK-metrica:Away:15-P1-F11769-11770,metrica:sample-game-2,metrica:Away,metrica:Away:15,1,11769,11770,470.75999999999999,470.80000000000001,470.75999999999999,470.80000000000001,-0.479849999999999,1.6197599999999959,1.6893426177362558,0.040000000000020464,42.233565443384791,True,True
LINK-metrica:Away:15-P1-F11770-11771,metrica:sample-game-2,metrica:Away,metrica:Away:15,1,11770,11771,470.80000000000001,470.83999999999997,470.80000000000001,470.83999999999997,-0.49875000000000114,1.683679999999999,1.755998264492308,0.03999999999996362,43.89995661234763,True,True
LINK-metrica:Away:15-P1-F11771-11772,metrica:sample-game-2,metrica:Away,metrica:Away:15,1,11771,11772,470.83999999999997,470.88,470.83999999999997,470.88,-0.51764999999999617,1.7510000000000048,1.8259141607698903,0.040000000000020464,45.647854019223907,True,True
LINK-metrica:Away:15-P1-F11804-11805,metrica:sample-game-2,metrica:Away,metrica:Away:15,1,11804,11805,472.16000000000003,472.19999999999999,472.16000000000003,472.19999999999999,-0.097650000000001569,-1.0118399999999994,1.0165410508680892,0.03999999999996362,25.413526271725345,True,True
LINK-metrica:Away:15-P1-F11805-11806,metrica:sample-game-2,metrica:Away,metrica:Away:15,1,11805,11806,472.19999999999999,472.24000000000001,472.19999999999999,472.24000000000001,-0.095549999999995805,-0.98803999999999448,0.99264940643713084,0.040000000000020464,24.816235160915575,True,True
LINK-metrica:Away:15-P1-F11806-11807,metrica:sample-game-2,metrica:Away,metrica:Away:15,1,11806,11807,472.24000000000001,472.27999999999997,472.24000000000001,472.27999999999997,-0.093449999999997146,-0.96628000000000114,0.97078830900459534,0.03999999999996362,24.269707725136957,True,True
LINK-metrica:Away:15-P1-F11807-11808,metrica:sample-game-2,metrica:Away,metrica:Away:15,1,11807,11808,472.27999999999997,472.31999999999999,472.27999999999997,472.31999999999999,-0.090299999999999159,-0.94451999999999714,0.94882670725480456,0.040000000000020464,23.72066768135798,True,True
LINK-metrica:Away:15-P1-F11808-11809,metrica:sample-game-2,metrica:Away,metrica:Away:15,1,11808,11809,472.31999999999999,472.36000000000001,472.31999999999999,472.36000000000001,-0.089250000000006935,-0.92412000000000205,0.92841980639148636,0.040000000000020464,23.210495159775284,True,True
LINK-metrica:Away:15-P1-F11809-11810,metrica:sample-game-2,metrica:Away,metrica:Away:15,1,11809,11810,472.36000000000001,472.39999999999998,472.36000000000001,472.39999999999998,-0.087149999999994066,-0.90371999999999986,0.90791241917929433,0.03999999999996362,22.697810479503001,True,True
LINK-metrica:Away:15-P1-F11810-11811,metrica:sample-game-2,metrica:Away,metrica:Away:15,1,11810,11811,472.39999999999998,472.44,472.39999999999998,472.44,-0.086100000000001842,-0.88400000000000034,0.88818309486276581,0.040000000000020464,22.204577371557786,True,True
LINK-metrica:Away:15-P1-F33853-33854,metrica:sample-game-2,metrica:Away,metrica:Away:15,1,33853,33854,1354.1199999999999,1354.1600000000001,1354.1199999999999,1354.1600000000001,-0.15959999999999752,0.68952000000000169,0.70774994906393418,0.040000000000190994,17.693748726513871,True,False
LINK-metrica:Away:15-P1-F49123-49124,metrica:sample-game-2,metrica:Away,metrica:Away:15,1,49123,49124,1964.9200000000001,1964.96,1964.9200000000001,1964.96,0.2152499999999975,0.45219999999999416,0.50081673544320948,0.03999999999996362,12.520418386091624,True,False
LINK-metrica:Away:15-P1-F58028-58029,metrica:sample-game-2,metrica:Away,metrica:Away:15,1,58028,58029,2321.1199999999999,2321.1599999999999,2321.1199999999999,2321.1599999999999,-0.22049999999999415,-1.009800000000002,1.033593870918361,0.03999999999996362,25.839846772982526,True,True
LINK-metrica:Away:15-P1-F58029-58030,metrica:sample-game-2,metrica:Away,metrica:Away:15,1,58029,58030,2321.1599999999999,2321.1999999999998,2321.1599999999999,2321.1999999999998,-0.20895000000000863,-0.90167999999999537,0.92557383546640692,0.03999999999996362,23.13934588668122,True,True
LINK-metrica:Away:15-P1-F58030-58031,metrica:sample-game-2,metrica:Away,metrica:Away:15,1,58030,58031,2321.1999999999998,2321.2399999999998,2321.1999999999998,2321.2399999999998,-0.15644999999999953,-0.67387999999999693,0.69180261411763666,0.03999999999996362,17.295065352956648,True,False
LINK-metrica:Away:15-P1-F58031-58032,metrica:sample-game-2,metrica:Away,metrica:Away:15,1,58031,58032,2321.2399999999998,2321.2800000000002,2321.2399999999998,2321.2800000000002,-0.087149999999994066,-0.46443999999999974,0.47254590898662824,0.040000000000418368,11.813647724542145,True,False
LINK-metrica:Away:15-P2-F67959-67960,metrica:sample-game-2,metrica:Away,metrica:Away:15,2,67959,67960,0.71999999999999997,0.76000000000000001,2718.3600000000001,2718.4000000000001,7.2365999999999957,0.045559999999994716,7.2367434163164814,0.03999999999996362,180.91858540807658,True,True
LINK-metrica:Away:15-P2-F67960-67961,metrica:sample-game-2,metrica:Away,metrica:Away:15,2,67960,67961,0.76000000000000001,0.80000000000000004,2718.4000000000001,2718.4400000000001,7.2460500000000039,0.0462400000000045,7.2461975366463793,0.03999999999996362,181.15493841632426,True,True
LINK-metrica:Away:15-P2-F67961-67962,metrica:sample-game-2,metrica:Away,metrica:Away:15,2,67961,67962,0.80000000000000004,0.83999999999999997,2718.4400000000001,2718.48,7.2544499999999985,0.046239999999997394,7.2545973658156919,0.03999999999996362,181.36493414555724,True,True
LINK-metrica:Away:15-P2-F67962-67963,metrica:sample-game-2,metrica:Away,metrica:Away:15,2,67962,67963,0.83999999999999997,0.88,2718.48,2718.52,7.2638999999999996,0.0462400000000045,7.2640471741034283,0.03999999999996362,181.60117935275088,True,True
LINK-metrica:Away:15-P2-F67963-67964,metrica:sample-game-2,metrica:Away,metrica:Away:15,2,67963,67964,0.88,0.92000000000000004,2718.52,2718.5599999999999,7.2733500000000006,0.046919999999992967,7.2735013376571258,0.03999999999996362,181.83753344159354,True,True
LINK-metrica:Away:15-P2-F67964-67965,metrica:sample-game-2,metrica:Away,metrica:Away:15,2,67964,67965,0.92000000000000004,0.95999999999999996,2718.5599999999999,2718.5999999999999,7.2817499999999953,0.0462400000000045,7.2818968133378501,0.03999999999996362,182.04742033361183,True,True
LINK-metrica:Away:15-P2-F81465-81466,metrica:sample-game-2,metrica:Away,metrica:Away:15,2,81465,81466,540.96000000000004,541,3258.5999999999999,3258.6399999999999,0.050400000000010436,0.82959999999999923,0.8311295446559458,0.03999999999996362,20.778238616417543,True,True
LINK-metrica:Away:15-P2-F81466-81467,metrica:sample-game-2,metrica:Away,metrica:Away:15,2,81466,81467,541,541.03999999999996,3258.6399999999999,3258.6799999999998,0.052499999999994884,0.84524000000000399,0.84686888453880882,0.03999999999996362,21.171722113489476,True,True
LINK-metrica:Away:15-P2-F81467-81468,metrica:sample-game-2,metrica:Away,metrica:Away:15,2,81467,81468,541.03999999999996,541.08000000000004,3258.6799999999998,3258.7199999999998,0.052499999999994884,0.8622399999999999,0.86383682926812011,0.03999999999996362,21.595920731722643,True,True
LINK-metrica:Away:15-P2-F81468-81469,metrica:sample-game-2,metrica:Away,metrica:Away:15,2,81468,81469,541.08000000000004,541.12,3258.7199999999998,3258.7600000000002,0.054600000000007753,0.87924000000000291,0.88093367378027154,0.040000000000418368,22.023341844276441,True,True
LINK-metrica:Away:15-P2-F81469-81470,metrica:sample-game-2,metrica:Away,metrica:Away:15,2,81469,81470,541.12,541.15999999999997,3258.7600000000002,3258.8000000000002,0.054599999999993543,0.89623999999999882,0.89790160797272056,0.03999999999996362,22.44754019933843,True,True
LINK-metrica:Away:15-P2-F81470-81471,metrica:sample-game-2,metrica:Away,metrica:Away:15,2,81470,81471,541.15999999999997,541.20000000000005,3258.8000000000002,3258.8400000000001,0.056700000000006412,0.91527999999999565,0.91703455136651901,0.03999999999996362,22.925863784183825,True,True
LINK-metrica:Away:15-P2-F82449-82450,metrica:sample-game-2,metrica:Away,metrica:Away:15,2,82449,82450,580.32000000000005,580.36000000000001,3297.96,3298,0.7444500000000005,0.1325999999999965,0.75616702024089877,0.03999999999996362,18.904175506039664,True,False
LINK-metrica:Away:15-P2-F82450-82451,metrica:sample-game-2,metrica:Away,metrica:Away:15,2,82450,82451,580.36000000000001,580.39999999999998,3298,3298.04,0.74654999999999916,0.1326000000000036,0.7582345695759326,0.03999999999996362,18.955864239415554,True,False
LINK-metrica:Away:15-P2-F82451-82452,metrica:sample-game-2,metrica:Away,metrica:Away:15,2,82451,82452,580.39999999999998,580.44000000000005,3298.04,3298.0799999999999,0.74864999999999782,0.13328000000000628,0.76042118651442003,0.03999999999996362,19.01052966287779,True,False
LINK-metrica:Away:15-P2-F82452-82453,metrica:sample-game-2,metrica:Away,metrica:Away:15,2,82452,82453,580.44000000000005,580.48000000000002,3298.0799999999999,3298.1199999999999,0.75074999999999648,0.13395999999999475,0.76260792291976176,0.03999999999996362,19.065198073011384,True,False
LINK-metrica:Away:15-P2-F82453-82454,metrica:sample-game-2,metrica:Away,metrica:Away:15,2,82453,82454,580.48000000000002,580.51999999999998,3298.1199999999999,3298.1599999999999,0.75285000000000935,0.13396000000000186,0.76467535863267788,0.03999999999996362,19.116883965834333,True,False
LINK-metrica:Away:15-P2-F82454-82455,metrica:sample-game-2,metrica:Away,metrica:Away:15,2,82454,82455,580.51999999999998,580.55999999999995,3298.1599999999999,3298.1999999999998,0.75599999999998602,0.13395999999998764,0.76777684362057674,0.03999999999996362,19.194421090531876,True,False
LINK-metrica:Away:15-P2-F84161-84162,metrica:sample-game-2,metrica:Away,metrica:Away:15,2,84161,84162,648.79999999999995,648.84000000000003,3366.4400000000001,3366.48,-0.51660000000000039,0.3087200000000081,0.60181691435186946,0.03999999999996362,15.04542285881042,True,False
LINK-metrica:Away:15-P2-F84162-84163,metrica:sample-game-2,metrica:Away,metrica:Away:15,2,84162,84163,648.84000000000003,648.88,3366.48,3366.52,-0.5187000000000026,0.31075999999998771,0.60466641018002243,0.03999999999996362,15.11666025451431,True,False
LINK-metrica:Away:15-P2-F84163-84164,metrica:sample-game-2,metrica:Away,metrica:Away:15,2,84163,84164,648.88,648.91999999999996,3366.52,3366.5599999999999,-0.52185000000000059,0.31212000000000728,0.60806769105092662,0.03999999999996362,15.201692276286991,True,False
LINK-metrica:Away:15-P2-F84164-84165,metrica:sample-game-2,metrica:Away,metrica:Away:15,2,84164,84165,648.91999999999996,648.96000000000004,3366.5599999999999,3366.5999999999999,-0.52394999999999925,0.31347999999999843,0.61056802479330519,0.03999999999996362,15.264200619846513,True,False
LINK-metrica:Away:15-P2-F84165-84166,metrica:sample-game-2,metrica:Away,metrica:Away:15,2,84165,84166,648.96000000000004,649,3366.5999999999999,3366.6399999999999,-0.52709999999999724,0.31552000000000646,0.61431854961412424,0.03999999999996362,15.357963740367074,True,False
LINK-metrica:Away:15-P2-F84166-84167,metrica:sample-game-2,metrica:Away,metrica:Away:15,2,84166,84167,649,649.03999999999996,3366.6399999999999,3366.6799999999998,-0.53025000000000233,0.31687999999999761,0.61771999878585848,0.03999999999996362,15.442999969660507,True,False
LINK-metrica:Away:15-P2-F85179-85180,metrica:sample-game-2,metrica:Away,metrica:Away:15,2,85179,85180,689.51999999999998,689.55999999999995,3407.1599999999999,3407.1999999999998,0.59430000000000049,-0.2393599999999978,0.64069157915490005,0.03999999999996362,16.017289478887069,True,False
LINK-metrica:Away:15-P2-F85180-85181,metrica:sample-game-2,metrica:Away,metrica:Away:15,2,85180,85181,689.55999999999995,689.60000000000002,3407.1999999999998,3407.2399999999998,0.59114999999999895,-0.23867999999999512,0.63751585462637428,0.03999999999996362,15.937896365673852,True,False
LINK-metrica:Away:15-P2-F85181-85182,metrica:sample-game-2,metrica:Away,metrica:Away:15,2,85181,85182,689.60000000000002,689.63999999999999,3407.2399999999998,3407.2800000000002,0.5890500000000003,-0.2366400000000084,0.63480579085260735,0.040000000000418368,15.870144771149196,True,False
LINK-metrica:Away:15-P2-F85182-85183,metrica:sample-game-2,metrica:Away,metrica:Away:15,2,85182,85183,689.63999999999999,689.67999999999995,3407.2800000000002,3407.3200000000002,0.58484999999999943,-0.23663999999999419,0.63091046282336816,0.03999999999996362,15.772761570598549,True,False
LINK-metrica:Away:15-P2-F85183-85184,metrica:sample-game-2,metrica:Away,metrica:Away:15,2,85183,85184,689.67999999999995,689.72000000000003,3407.3200000000002,3407.3600000000001,0.58275000000000077,-0.23460000000000036,0.62819958810874832,0.03999999999996362,15.704989702732991,True,False
LINK-metrica:Away:15-P2-F85184-85185,metrica:sample-game-2,metrica:Away,metrica:Away:15,2,85184,85185,689.72000000000003,689.75999999999999,3407.3600000000001,3407.4000000000001,0.57959999999999923,-0.23392000000000479,0.62502378066758491,0.03999999999996362,15.625594516703835,True,False
LINK-metrica:Away:15-P2-F88683-88684,metrica:sample-game-2,metrica:Away,metrica:Away:15,2,88683,88684,829.67999999999995,829.72000000000003,3547.3200000000002,3547.3600000000001,0.7549500000000009,-0.68272000000000332,1.0178684104048057,0.03999999999996362,25.446710260143284,True,True
LINK-metrica:Away:15-P2-F88684-88685,metrica:sample-game-2,metrica:Away,metrica:Away:15,2,88684,88685,829.72000000000003,829.75999999999999,3547.3600000000001,3547.4000000000001,0.74654999999999205,-0.67592000000000496,1.0070773301489786,0.03999999999996362,25.176933253747364,True,True
LINK-metrica:Away:15-P2-F88685-88686,metrica:sample-game-2,metrica:Away,metrica:Away:15,2,88685,88686,829.75999999999999,829.79999999999995,3547.4000000000001,3547.4400000000001,0.73920000000000385,-0.66776000000000124,0.99615262766305412,0.03999999999996362,24.903815691599004,True,True
LINK-metrica:Away:15-P2-F88686-88687,metrica:sample-game-2,metrica:Away,metrica:Away:15,2,88686,88687,829.79999999999995,829.84000000000003,3547.4400000000001,3547.48,0.72974999999999568,-0.66027999999999309,0.98412638461733393,0.03999999999996362,24.603159615455723,True,True
LINK-metrica:Away:15-P2-F88687-88688,metrica:sample-game-2,metrica:Away,metrica:Away:15,2,88687,88688,829.84000000000003,829.88,3547.48,3547.52,0.72240000000000748,-0.65348000000000184,0.97411388985067515,0.03999999999996362,24.352847246289027,True,True
LINK-metrica:Away:15-P2-F88688-88689,metrica:sample-game-2,metrica:Away,metrica:Away:15,2,88688,88689,829.88,829.91999999999996,3547.52,3547.5599999999999,0.71504999999999797,-0.6460000000000008,0.96364542363879779,0.03999999999996362,24.091135590991854,True,True
LINK-metrica:Away:15-P2-F91623-91624,metrica:sample-game-2,metrica:Away,metrica:Away:15,2,91623,91624,947.27999999999997,947.32000000000005,3664.9200000000001,3664.96,0.24044999999999916,-0.4467599999999976,0.50735658081865598,0.03999999999996362,12.683914520477936,True,False
LINK-metrica:Away:15-P2-F91624-91625,metrica:sample-game-2,metrica:Away,metrica:Away:15,2,91624,91625,947.32000000000005,947.36000000000001,3664.96,3665,0.23519999999999897,-0.43588000000001159,0.49528821346768348,0.03999999999996362,12.382205336703349,True,False
LINK-metrica:Away:15-P2-F91625-91626,metrica:sample-game-2,metrica:Away,metrica:Away:15,2,91625,91626,947.36000000000001,947.39999999999998,3665,3665.04,0.23310000000000031,-0.43316000000000088,0.49189754583652978,0.03999999999996362,12.297438645924428,True,False
LINK-metrica:Away:15-P2-F91626-91627,metrica:sample-game-2,metrica:Away,metrica:Away:15,2,91626,91627,947.39999999999998,947.44000000000005,3665.04,3665.0799999999999,0.22890000000000299,-0.43044000000000437,0.48751800335988116,0.03999999999996362,12.187950084008113,True,False
LINK-metrica:Away:15-P2-F91627-91628,metrica:sample-game-2,metrica:Away,metrica:Away:15,2,91627,91628,947.44000000000005,947.48000000000002,3665.0799999999999,3665.1199999999999,0.2257499999999979,-0.41887999999998726,0.47583980171901169,0.03999999999996362,11.895995042986112,True,False
LINK-metrica:Away:15-P2-F91628-91629,metrica:sample-game-2,metrica:Away,metrica:Away:15,2,91628,91629,947.48000000000002,947.51999999999998,3665.1199999999999,3665.1599999999999,0.22155000000000058,-0.40868000000000393,0.46486959988797233,0.03999999999996362,11.621739997209879,True,False
LINK-metrica:Away:15-P2-F91629-91630,metrica:sample-game-2,metrica:Away,metrica:Away:15,2,91629,91630,947.51999999999998,947.55999999999995,3665.1599999999999,3665.1999999999998,0.21945000000000192,-0.40595999999999322,0.46147786956688974,0.03999999999996362,11.536946739182737,True,False
LINK-metrica:Away:15-P2-F91630-91631,metrica:sample-game-2,metrica:Away,metrica:Away:15,2,91630,91631,947.55999999999995,947.60000000000002,3665.1999999999998,3665.2399999999998,0.2152499999999975,-0.40460000000000207,0.4582943622825843,0.03999999999996362,11.457359057075028,True,False
LINK-metrica:Away:15-P2-F91631-91632,metrica:sample-game-2,metrica:Away,metrica:Away:15,2,91631,91632,947.60000000000002,947.63999999999999,3665.2399999999998,3665.2800000000002,0.21105000000000018,-0.40256000000000824,0.45452904868666721,0.040000000000418368,11.36322621704783,True,False
LINK-metrica:Away:15-P2-F91632-91633,metrica:sample-game-2,metrica:Away,metrica:Away:15,2,91632,91633,947.63999999999999,947.67999999999995,3665.2800000000002,3665.3200000000002,0.20789999999999864,-0.38284000000000162,0.43564765074541684,0.03999999999996362,10.891191268645326,True,False
LINK-metrica:Away:15-P2-F91633-91634,metrica:sample-game-2,metrica:Away,metrica:Away:15,2,91633,91634,947.67999999999995,947.72000000000003,3665.3200000000002,3665.3600000000001,0.20580000000000354,-0.38963999999999288,0.44065062078703116,0.03999999999996362,11.016265519685797,True,False
LINK-metrica:Away:15-P2-F98948-98949,metrica:sample-game-2,metrica:Away,metrica:Away:15,2,98948,98949,1240.28,1240.3199999999999,3957.9200000000001,3957.96,-0.27719999999999345,-0.34340000000000259,0.44132006525876222,0.03999999999996362,11.03300163147909,True,False
LINK-metrica:Away:15-P2-F98949-98950,metrica:sample-game-2,metrica:Away,metrica:Away:15,2,98949,98950,1240.3199999999999,1240.3599999999999,3957.96,3958,-0.30030000000000712,-0.37671999999999883,0.48176555335557503,0.03999999999996362,12.04413883390033,True,False
LINK-metrica:Away:15-P2-F98950-98951,metrica:sample-game-2,metrica:Away,metrica:Away:15,2,98950,98951,1240.3599999999999,1240.4000000000001,3958,3958.04,-0.2824499999999972,-0.36515999999999593,0.46164903129974771,0.03999999999996362,11.54122578250419,True,False
LINK-metrica:Away:15-P2-F98951-98952,metrica:sample-game-2,metrica:Away,metrica:Away:15,2,98951,98952,1240.4000000000001,1240.4400000000001,3958.04,3958.0799999999999,-0.26145000000001062,-0.34272000000000702,0.43106043764188146,0.03999999999996362,10.776510941056838,True,False
LINK-metrica:Away:15-P2-F98955-98956,metrica:sample-game-2,metrica:Away,metrica:Away:15,2,98955,98956,1240.5599999999999,1240.5999999999999,3958.1999999999998,3958.2399999999998,0.37694999999999368,0.3835200000000043,0.53775356149448095,0.03999999999996362,13.44383903737425,True,False
LINK-metrica:Away:15-P2-F98956-98957,metrica:sample-game-2,metrica:Away,metrica:Away:15,2,98956,98957,1240.5999999999999,1240.6400000000001,3958.2399999999998,3958.2800000000002,0.38010000000001298,0.3862399999999937,0.54190160324546466,0.040000000000418368,13.547540080994921,True,False
LINK-metrica:Away:15-P2-F98957-98958,metrica:sample-game-2,metrica:Away,metrica:Away:15,2,98957,98958,1240.6400000000001,1240.6800000000001,3958.2800000000002,3958.3200000000002,0.38324999999998965,0.39032000000000266,0.54701943740601588,0.03999999999996362,13.675485935162834,True,False
LINK-metrica:Away:15-P2-F98958-98959,metrica:sample-game-2,metrica:Away,metrica:Away:15,2,98958,98959,1240.6800000000001,1240.72,3958.3200000000002,3958.3600000000001,0.38745000000001539,0.39303999999999206,0.55190392651258213,0.03999999999996362,13.797598162827102,True,False
LINK-metrica:Away:15-P2-F98959-98960,metrica:sample-game-2,metrica:Away,metrica:Away:15,2,98959,98960,1240.72,1240.76,3958.3600000000001,3958.4000000000001,0.38954999999998563,0.39644000000000545,0.55580021239649879,0.03999999999996362,13.895005309925107,True,False
LINK-metrica:Away:15-P2-F98960-98961,metrica:sample-game-2,metrica:Away,metrica:Away:15,2,98960,98961,1240.76,1240.8,3958.4000000000001,3958.4400000000001,0.39270000000000493,0.39916000000000196,0.55994820796213418,0.03999999999996362,13.998705199066086,True,False
LINK-metrica:Away:15-P2-F99041-99042,metrica:sample-game-2,metrica:Away,metrica:Away:15,2,99041,99042,1244,1244.04,3961.6399999999999,3961.6799999999998,0.66150000000000375,-0.58547999999999689,0.88338501255115331,0.03999999999996362,22.08462531379892,True,True
LINK-metrica:Away:15-P2-F99042-99043,metrica:sample-game-2,metrica:Away,metrica:Away:15,2,99042,99043,1244.04,1244.0799999999999,3961.6799999999998,3961.7199999999998,0.65415000000000134,-0.57799999999999585,0.8729239500093906,0.03999999999996362,21.823098750254612,True,True
LINK-metrica:Away:15-P2-F99043-99044,metrica:sample-game-2,metrica:Away,metrica:Away:15,2,99043,99044,1244.0799999999999,1244.1199999999999,3961.7199999999998,3961.7600000000002,0.6457499999999925,-0.57188000000000017,0.86257741501849583,0.040000000000418368,21.564435375236851,True,True
LINK-metrica:Away:15-P2-F99044-99045,metrica:sample-game-2,metrica:Away,metrica:Away:15,2,99044,99045,1244.1199999999999,1244.1600000000001,3961.7600000000002,3961.8000000000002,0.63839999999999009,-0.56508000000000891,0.85256669322698586,0.03999999999996362,21.314167330694033,True,True
LINK-metrica:Away:15-P2-F99045-99046,metrica:sample-game-2,metrica:Away,metrica:Away:15,2,99045,99046,1244.1600000000001,1244.2,3961.8000000000002,3961.8400000000001,0.6310500000000161,-0.55895999999999191,0.84300675210819709,0.03999999999996362,21.075168802724097,True,True
LINK-metrica:Away:15-P2-F99046-99047,metrica:sample-game-2,metrica:Away,metrica:Away:15,2,99046,99047,1244.2,1244.24,3961.8400000000001,3961.8800000000001,0.62475000000000591,-0.55216000000000065,0.83378248248569498,0.03999999999996362,20.844562062161334,True,True
LINK-metrica:Away:15-P2-F99313-99314,metrica:sample-game-2,metrica:Away,metrica:Away:15,2,99313,99314,1254.8800000000001,1254.9200000000001,3972.52,3972.5599999999999,0.73184999999998013,1.2593600000000009,1.4565685813239186,0.03999999999996362,36.414214533131087,True,True
LINK-metrica:Away:15-P2-F99314-99315,metrica:sample-game-2,metrica:Away,metrica:Away:15,2,99314,99315,1254.9200000000001,1254.96,3972.5599999999999,3972.5999999999999,0.75390000000001578,1.2940399999999954,1.497633043038251,0.03999999999996362,37.440826075990323,True,True
LINK-metrica:Away:15-P2-F99315-99316,metrica:sample-game-2,metrica:Away,metrica:Away:15,2,99315,99316,1254.96,1255,3972.5999999999999,3972.6399999999999,0.77384999999999593,1.330760000000005,1.5394044303236261,0.03999999999996362,38.485110758125657,True,True
LINK-metrica:Away:15-P2-F99316-99317,metrica:sample-game-2,metrica:Away,metrica:Away:15,2,99316,99317,1255,1255.04,3972.6399999999999,3972.6799999999998,0.79589999999998895,1.368159999999996,1.5828198241113773,0.03999999999996362,39.570495602820422,True,True
LINK-metrica:Away:15-P2-F99317-99318,metrica:sample-game-2,metrica:Away,metrica:Away:15,2,99317,99318,1255.04,1255.0799999999999,3972.6799999999998,3972.7199999999998,0.81900000000000261,1.4082799999999978,1.6291143478589825,0.03999999999996362,40.727858696511603,True,True
LINK-metrica:Away:15-P2-F99318-99319,metrica:sample-game-2,metrica:Away,metrica:Away:15,2,99318,99319,1255.0799999999999,1255.1199999999999,3972.7199999999998,3972.7600000000002,0.8431500000000085,1.4483999999999995,1.6759368969325823,0.040000000000418368,41.898422422876337,True,True
LINK-metrica:Away:15-P2-F99319-99320,metrica:sample-game-2,metrica:Away,metrica:Away:15,2,99319,99320,1255.1199999999999,1255.1600000000001,3972.7600000000002,3972.8000000000002,-2.0664000000000016,-2.9641199999999941,3.6133109933134695,0.03999999999996362,90.332774832918901,True,True
LINK-metrica:Away:15-P2-F102939-102940,metrica:sample-game-2,metrica:Away,metrica:Away:15,2,102939,102940,1399.9200000000001,1399.96,4117.5600000000004,4117.6000000000004,1.3481999999999985,-1.0818799999999982,1.7286143509759462,0.03999999999996362,43.215358774437959,True,True
LINK-metrica:Away:15-P2-F102940-102941,metrica:sample-game-2,metrica:Away,metrica:Away:15,2,102940,102941,1399.96,1400,4117.6000000000004,4117.6400000000003,1.3240499999999997,-1.0628400000000013,1.697862558660153,0.03999999999996362,42.446563966542428,True,True
LINK-metrica:Away:15-P2-F102941-102942,metrica:sample-game-2,metrica:Away,metrica:Away:15,2,102941,102942,1400,1400.04,4117.6400000000003,4117.6800000000003,1.2999000000000009,-1.0437999999999974,1.6671108091545674,0.03999999999996362,41.677770228902091,True,True
LINK-metrica:Away:15-P2-F102942-102943,metrica:sample-game-2,metrica:Away,metrica:Away:15,2,102942,102943,1400.04,1400.0799999999999,4117.6800000000003,4117.7200000000003,1.2778500000000008,-1.0247600000000006,1.6379968498443467,0.03999999999996362,40.949921246145912,True,True
LINK-metrica:Away:15-P2-F102943-102944,metrica:sample-game-2,metrica:Away,metrica:Away:15,2,102943,102944,1400.0799999999999,1400.1199999999999,4117.7200000000003,4117.7600000000002,1.2547500000000014,-1.007080000000002,1.6089150657819098,0.03999999999996362,40.222876644584325,True,True
LINK-metrica:Away:15-P2-F102944-102945,metrica:sample-game-2,metrica:Away,metrica:Away:15,2,102944,102945,1400.1199999999999,1400.1600000000001,4117.7600000000002,4117.8000000000002,1.2326999999999941,-0.98939999999999628,1.580652286241341,0.03999999999996362,39.516307156069466,True,True
LINK-metrica:Away:15-P2-F103307-103308,metrica:sample-game-2,metrica:Away,metrica:Away:15,2,103307,103308,1414.6400000000001,1414.6800000000001,4132.2799999999997,4132.3199999999997,-0.72240000000000038,0.49436000000000035,0.87535910893758395,0.03999999999996362,21.883977723459502,True,True
LINK-metrica:Away:15-P2-F103308-103309,metrica:sample-game-2,metrica:Away,metrica:Away:15,2,103308,103309,1414.6800000000001,1414.72,4132.3199999999997,4132.3599999999997,-0.72764999999999702,0.49980000000000047,0.88276529298562489,0.03999999999996362,22.069132324660693,True,True
LINK-metrica:Away:15-P2-F103309-103310,metrica:sample-game-2,metrica:Away,metrica:Away:15,2,103309,103310,1414.72,1414.76,4132.3599999999997,4132.3999999999996,-0.7339500000000001,0.50320000000000675,0.88988361177179054,0.03999999999996362,22.247090294314997,True,True
LINK-metrica:Away:15-P2-F103310-103311,metrica:sample-game-2,metrica:Away,metrica:Away:15,2,103310,103311,1414.76,1414.8,4132.3999999999996,4132.4399999999996,-0.74130000000000251,0.5072799999999944,0.89825313158374132,0.03999999999996362,22.456328289613957,True,True
LINK-metrica:Away:15-P2-F103311-103312,metrica:sample-game-2,metrica:Away,metrica:Away:15,2,103311,103312,1414.8,1414.8399999999999,4132.4399999999996,4132.4799999999996,-0.74654999999999916,0.51203999999999894,0.90527446893193542,0.03999999999996362,22.63186172331897,True,True
LINK-metrica:Away:15-P2-F103312-103313,metrica:sample-game-2,metrica:Away,metrica:Away:15,2,103312,103313,1414.8399999999999,1414.8800000000001,4132.4799999999996,4132.5200000000004,-0.75284999999999869,0.51680000000000348,0.9131622870552647,0.040000000000873115,22.829057175883307,True,True
LINK-metrica:Away:15-P2-F103895-103896,metrica:sample-game-2,metrica:Away,metrica:Away:15,2,103895,103896,1438.1600000000001,1438.2,4155.8000000000002,4155.8400000000001,0.46304999999999552,-0.22984000000000293,0.51695428047361902,0.03999999999996362,12.923857011852229,True,False
LINK-metrica:Away:15-P2-F103896-103897,metrica:sample-game-2,metrica:Away,metrica:Away:15,2,103896,103897,1438.2,1438.24,4155.8400000000001,4155.8800000000001,0.46094999999998265,-0.22847999999999757,0.51446867047467804,0.03999999999996362,12.861716761878649,True,False
LINK-metrica:Away:15-P2-F103897-103898,metrica:sample-game-2,metrica:Away,metrica:Away:15,2,103897,103898,1438.24,1438.28,4155.8800000000001,4155.9200000000001,0.45885000000001241,-0.227800000000002,0.5122852354889923,0.03999999999996362,12.807130887236456,True,False
LINK-metrica:Away:15-P2-F103898-103899,metrica:sample-game-2,metrica:Away,metrica:Away:15,2,103898,103899,1438.28,1438.3199999999999,4155.9200000000001,4155.96,0.45674999999999955,-0.22644000000000375,0.50979960386410783,0.03999999999996362,12.744990096614288,True,False
LINK-metrica:Away:15-P2-F103899-103900,metrica:sample-game-2,metrica:Away,metrica:Away:15,2,103899,103900,1438.3199999999999,1438.3599999999999,4155.96,4156,0.45465000000000089,-0.22575999999999397,0.50761619369361932,0.03999999999996362,12.690404842352025,True,False
LINK-metrica:Away:15-P2-F103900-103901,metrica:sample-game-2,metrica:Away,metrica:Away:15,2,103900,103901,1438.3599999999999,1438.4000000000001,4156,4156.04,0.45255000000000223,-0.22439999999999571,0.50513054005870606,0.03999999999996362,12.628263501479136,True,False
LINK-metrica:Away:15-P2-F105011-105012,metrica:sample-game-2,metrica:Away,metrica:Away:15,2,105011,105012,1482.8,1482.8399999999999,4200.4399999999996,4200.4799999999996,0.56699999999999307,0.82348000000001065,0.99980413601865525,0.03999999999996362,24.995103400489114,True,True
LINK-metrica:Away:15-P2-F105012-105013,metrica:sample-game-2,metrica:Away,metrica:Away:15,2,105012,105013,1482.8399999999999,1482.8800000000001,4200.4799999999996,4200.5200000000004,0.578550000000007,0.83843999999999141,1.0186764629164617,0.040000000000873115,25.466911572355656,True,True
LINK-metrica:Away:15-P2-F105013-105014,metrica:sample-game-2,metrica:Away,metrica:Away:15,2,105013,105014,1482.8800000000001,1482.9200000000001,4200.5200000000004,4200.5600000000004,0.58799999999999386,0.85408000000001039,1.0369168946448941,0.03999999999996362,25.922922366145929,True,True
LINK-metrica:Away:15-P2-F105014-105015,metrica:sample-game-2,metrica:Away,metrica:Away:15,2,105014,105015,1482.9200000000001,1482.96,4200.5600000000004,4200.6000000000004,0.60060000000000002,0.87039999999999651,1.0575048557808111,0.03999999999996362,26.437621394544323,True,True
LINK-metrica:Away:15-P2-F105015-105016,metrica:sample-game-2,metrica:Away,metrica:Away:15,2,105015,105016,1482.96,1483,4200.6000000000004,4200.6400000000003,0.61110000000000753,0.88604000000000127,1.0763410665769524,0.03999999999996362,26.908526664448281,True,True
LINK-metrica:Away:15-P2-F105016-105017,metrica:sample-game-2,metrica:Away,metrica:Away:15,2,105016,105017,1483,1483.04,4200.6400000000003,4200.6800000000003,0.62265000000000725,0.90371999999999986,1.0974528968935335,0.03999999999996362,27.436322422363293,True,True
LINK-metrica:Away:15-P2-F105697-105698,metrica:sample-game-2,metrica:Away,metrica:Away:15,2,105697,105698,1510.24,1510.28,4227.8800000000001,4227.9200000000001,-0.090299999999999159,-0.5018400000000014,0.50989947597541341,0.03999999999996362,12.747486899396929,True,False
LINK-metrica:Away:15-P2-F105698-105699,metrica:sample-game-2,metrica:Away,metrica:Away:15,2,105698,105699,1510.28,1510.3199999999999,4227.9200000000001,4227.96,-0.21840000000000259,-1.1321999999999974,1.1530721573258091,0.03999999999996362,28.826803933171448,True,True
LINK-metrica:Away:15-P2-F105699-105700,metrica:sample-game-2,metrica:Away,metrica:Away:15,2,105699,105700,1510.3199999999999,1510.3599999999999,4227.96,4228,-0.1837499999999892,-0.83436000000000377,0.85435395012840099,0.03999999999996362,21.358848753229449,True,True
LINK-metrica:Away:15-P2-F134765-134766,metrica:sample-game-2,metrica:Away,metrica:Away:15,2,134765,134766,2672.96,2673,5390.6000000000004,5390.6400000000003,-0.0020999999999986585,-0.4039200000000136,0.40392545896490722,0.03999999999996362,10.098136474131865,True,False
LINK-metrica:Away:15-P2-F134766-134767,metrica:sample-game-2,metrica:Away,metrica:Away:15,2,134766,134767,2673,2673.04,5390.6400000000003,5390.6800000000003,-0.0021000000000057639,-0.41003999999999508,0.41004537748887743,0.03999999999996362,10.25113443723126,True,False
LINK-metrica:Away:15-P2-F134776-134777,metrica:sample-game-2,metrica:Away,metrica:Away:15,2,134776,134777,2673.4000000000001,2673.4400000000001,5391.04,5391.0799999999999,0.0021000000000057639,-0.40867999999999682,0.40868539538378107,0.03999999999996362,10.217134884603819,True,False
LINK-metrica:Away:15-P2-F134777-134778,metrica:sample-game-2,metrica:Away,metrica:Away:15,2,134777,134778,2673.4400000000001,2673.48,5391.0799999999999,5391.1199999999999,0.012599999999999056,-0.45832000000000761,0.45849316505266136,0.03999999999996362,11.462329126326958,True,False
LINK-metrica:Away:15-P2-F134778-134779,metrica:sample-game-2,metrica:Away,metrica:Away:15,2,134778,134779,2673.48,2673.52,5391.1199999999999,5391.1599999999999,0.028350000000003206,-0.57187999999999306,0.5725822708572037,0.03999999999996362,14.314556771443112,True,False
LINK-metrica:Away:15-P2-F134779-134780,metrica:sample-game-2,metrica:Away,metrica:Away:15,2,134779,134780,2673.52,2673.5599999999999,5391.1599999999999,5391.1999999999998,0.046199999999998909,-0.68136000000000507,0.68292451237307839,0.03999999999996362,17.073112809342486,True,False
LINK-metrica:Away:15-P2-F134780-134781,metrica:sample-game-2,metrica:Away,metrica:Away:15,2,134780,134781,2673.5599999999999,2673.5999999999999,5391.1999999999998,5391.2399999999998,0.059849999999997294,-0.78947999999999752,0.79174534599200252,0.03999999999996362,19.793633649818066,True,False
LINK-metrica:Away:15-P2-F134781-134782,metrica:sample-game-2,metrica:Away,metrica:Away:15,2,134781,134782,2673.5999999999999,2673.6399999999999,5391.2399999999998,5391.2799999999997,0.089250000000006935,-0.98123999999999967,0.98529056633056245,0.03999999999996362,24.632264158286464,True,True
LINK-metrica:Away:15-P2-F134782-134783,metrica:sample-game-2,metrica:Away,metrica:Away:15,2,134782,134783,2673.6399999999999,2673.6799999999998,5391.2799999999997,5391.3199999999997,0.1060499999999962,-1.1600800000000007,1.1649172541000501,0.03999999999996362,29.12293135252774,True,True
LINK-metrica:Away:15-P2-F134783-134784,metrica:sample-game-2,metrica:Away,metrica:Away:15,2,134783,134784,2673.6799999999998,2673.7199999999998,5391.3199999999997,5391.3599999999997,0.11549999999999727,-1.2614000000000019,1.2666768372398716,0.03999999999996362,31.66692093102559,True,True
LINK-metrica:Away:15-P2-F134784-134785,metrica:sample-game-2,metrica:Away,metrica:Away:15,2,134784,134785,2673.7199999999998,2673.7600000000002,5391.3599999999997,5391.3999999999996,0.12914999999999566,-1.3688399999999987,1.3749191496593518,0.03999999999996362,34.372978741515055,True,True
LINK-metrica:Away:15-P2-F134785-134786,metrica:sample-game-2,metrica:Away,metrica:Away:15,2,134785,134786,2673.7600000000002,2673.8000000000002,5391.3999999999996,5391.4399999999996,0.092400000000012028,-1.2090399999999946,1.2125656607375903,0.03999999999996362,30.314141518467327,True,True
LINK-metrica:Away:15-P2-F134786-134787,metrica:sample-game-2,metrica:Away,metrica:Away:15,2,134786,134787,2673.8000000000002,2673.8400000000001,5391.4399999999996,5391.4799999999996,0.037799999999990064,-0.90168000000000603,0.90247197319363337,0.03999999999996362,22.561799329861355,True,True
LINK-metrica:Away:15-P2-F134787-134788,metrica:sample-game-2,metrica:Away,metrica:Away:15,2,134787,134788,2673.8400000000001,2673.8800000000001,5391.4799999999996,5391.5200000000004,-0.039899999999995828,-0.42636000000000251,0.42822290877532676,0.040000000000873115,10.705572719149488,True,False
LINK-metrica:Away:15-P2-F134789-134790,metrica:sample-game-2,metrica:Away,metrica:Away:15,2,134789,134790,2673.9200000000001,2673.96,5391.5600000000004,5391.6000000000004,-0.26144999999999641,2.16648,2.1821988206623151,0.03999999999996362,54.554970516607497,True,True
LINK-metrica:Away:15-P2-F134790-134791,metrica:sample-game-2,metrica:Away,metrica:Away:15,2,134790,134791,2673.96,2674,5391.6000000000004,5391.6400000000003,-0.27089999999999748,2.2575999999999965,2.2737951908648197,0.03999999999996362,56.844879771672197,True,True
LINK-metrica:Away:15-P2-F134791-134792,metrica:sample-game-2,metrica:Away,metrica:Away:15,2,134791,134792,2674,2674.04,5391.6400000000003,5391.6800000000003,-0.28350000000000364,2.3541600000000074,2.3711688163435425,0.03999999999996362,59.279220408642473,True,True
LINK-metrica:Away:15-P2-F134792-134793,metrica:sample-game-2,metrica:Away,metrica:Away:15,2,134792,134793,2674.04,2674.0799999999999,5391.6800000000003,5391.7200000000003,-0.29505000000000337,2.4568399999999997,2.4744933396758215,0.03999999999996362,61.862333491951802,True,True
LINK-metrica:Away:15-P2-F134793-134794,metrica:sample-game-2,metrica:Away,metrica:Away:15,2,134793,134794,2674.0799999999999,2674.1199999999999,5391.7200000000003,5391.7600000000002,-0.30974999999999397,2.5669999999999931,2.58562063390977,0.03999999999996362,64.640515847803044,True,True
LINK-metrica:Away:15-P2-F134794-134795,metrica:sample-game-2,metrica:Away,metrica:Away:15,2,134794,134795,2674.1199999999999,2674.1599999999999,5391.7600000000002,5391.8000000000002,-0.32235000000000014,2.6846400000000017,2.7039233443461392,0.03999999999996362,67.598083608714958,True,True
LINK-metrica:Away:15-P2-F140526-140527,metrica:sample-game-2,metrica:Away,metrica:Away:15,2,140526,140527,2903.4000000000001,2903.4400000000001,5621.04,5621.0799999999999,-0.42735000000000412,0,0.42735000000000412,0.03999999999996362,10.68375000000982,True,False
LINK-metrica:Away:16-P1-F6-7,metrica:sample-game-2,metrica:Away,metrica:Away:16,1,6,7,0.23999999999999999,0.28000000000000003,0.23999999999999999,0.28000000000000003,0.086100000000001842,-0.54400000000000048,0.55077146803370347,0.040000000000000036,13.769286700842574,True,False
LINK-metrica:Away:16-P1-F11969-11970,metrica:sample-game-2,metrica:Away,metrica:Away:16,1,11969,11970,478.75999999999999,478.80000000000001,478.75999999999999,478.80000000000001,0.25305000000000177,-0.33932000000000428,0.42328756761804825,0.040000000000020464,10.582189190445792,True,False
LINK-metrica:Away:16-P2-F82413-82414,metrica:sample-game-2,metrica:Away,metrica:Away:16,2,82413,82414,578.88,578.91999999999996,3296.52,3296.5599999999999,0.033599999999992747,0.55964000000000169,0.5606477410995262,0.03999999999996362,14.016193527500903,True,False
LINK-metrica:Away:16-P2-F82414-82415,metrica:sample-game-2,metrica:Away,metrica:Away:16,2,82414,82415,578.91999999999996,578.96000000000004,3296.5599999999999,3296.5999999999999,0.033599999999992747,0.56644000000000005,0.56743566472332319,0.03999999999996362,14.185891618095981,True,False
LINK-metrica:Away:16-P2-F82415-82416,metrica:sample-game-2,metrica:Away,metrica:Away:16,2,82415,82416,578.96000000000004,579,3296.5999999999999,3296.6399999999999,0.034650000000013392,0.5739200000000011,0.57496503276286481,0.03999999999996362,14.374125819084693,True,False
LINK-metrica:Away:16-P2-F82416-82417,metrica:sample-game-2,metrica:Away,metrica:Away:16,2,82416,82417,579,579.03999999999996,3296.6399999999999,3296.6799999999998,0.034649999999984971,0.58140000000000214,0.58243161186529147,0.03999999999996362,14.56079029664553,True,False
LINK-metrica:Away:16-P2-F82417-82418,metrica:sample-game-2,metrica:Away,metrica:Away:16,2,82417,82418,579.03999999999996,579.08000000000004,3296.6799999999998,3296.7199999999998,0.034650000000013392,0.58955999999999875,0.59057735826900737,0.03999999999996362,14.764433956738612,True,False
LINK-metrica:Away:16-P2-F82418-82419,metrica:sample-game-2,metrica:Away,metrica:Away:16,2,82418,82419,579.08000000000004,579.12,3296.7199999999998,3296.7600000000002,0.035700000000005616,0.59635999999999711,0.59742760197365918,0.040000000000418368,14.935690049185265,True,False
LINK-metrica:Away:16-P2-F85511-85512,metrica:sample-game-2,metrica:Away,metrica:Away:16,2,85511,85512,702.79999999999995,702.84000000000003,3420.4400000000001,3420.48,-0.52710000000000434,0.44948000000000121,0.69272410121202344,0.03999999999996362,17.318102530316338,True,False
LINK-metrica:Away:16-P2-F85512-85513,metrica:sample-game-2,metrica:Away,metrica:Away:16,2,85512,85513,702.84000000000003,702.88,3420.48,3420.52,-0.53235000000000099,0.45355999999999597,0.69936628178658811,0.03999999999996362,17.484157044680604,True,False
LINK-metrica:Away:16-P2-F85513-85514,metrica:sample-game-2,metrica:Away,metrica:Away:16,2,85513,85514,702.88,702.91999999999996,3420.52,3420.5599999999999,-0.53864999999999696,0.45764000000000493,0.70680845502865997,0.03999999999996362,17.670211375732571,True,False
LINK-metrica:Away:16-P2-F85514-85515,metrica:sample-game-2,metrica:Away,metrica:Away:16,2,85514,85515,702.91999999999996,702.96000000000004,3420.5599999999999,3420.5999999999999,-0.54285000000000139,0.46307999999999794,0.71353290666934177,0.03999999999996362,17.838322666749768,True,False
LINK-metrica:Away:16-P2-F85515-85516,metrica:sample-game-2,metrica:Away,metrica:Away:16,2,85515,85516,702.96000000000004,703,3420.5999999999999,3420.6399999999999,-0.5502000000000038,0.46783999999999537,0.72221486110436683,0.03999999999996362,18.055371527625592,True,False
LINK-metrica:Away:16-P2-F85516-85517,metrica:sample-game-2,metrica:Away,metrica:Away:16,2,85516,85517,703,703.03999999999996,3420.6399999999999,3420.6799999999998,-0.55439999999999401,0.47259999999999991,0.72849853809049836,0.03999999999996362,18.212463452279025,True,False
LINK-metrica:Away:16-P2-F85549-85550,metrica:sample-game-2,metrica:Away,metrica:Away:16,2,85549,85550,704.32000000000005,704.36000000000001,3421.96,3422,0.36329999999999529,-0.3461200000000062,0.50178276614487349,0.03999999999996362,12.544569153633246,True,False
LINK-metrica:Away:16-P2-F85550-85551,metrica:sample-game-2,metrica:Away,metrica:Away:16,2,85550,85551,704.36000000000001,704.39999999999998,3422,3422.04,0.36015000000000441,-0.34271999999999281,0.49715693789788173,0.03999999999996362,12.428923447458347,True,False
LINK-metrica:Away:16-P2-F85551-85552,metrica:sample-game-2,metrica:Away,metrica:Away:16,2,85551,85552,704.39999999999998,704.44000000000005,3422.04,3422.0799999999999,0.35699999999999932,-0.34067999999999898,0.4934692111976175,0.03999999999996362,12.336730279951658,True,False
LINK-metrica:Away:16-P2-F85552-85553,metrica:sample-game-2,metrica:Away,metrica:Away:16,2,85552,85553,704.44000000000005,704.48000000000002,3422.0799999999999,3422.1199999999999,0.35490000000000066,-0.33864000000000516,0.49054159823607618,0.03999999999996362,12.263539955913059,True,False
LINK-metrica:Away:16-P2-F85553-85554,metrica:sample-game-2,metrica:Away,metrica:Away:16,2,85553,85554,704.48000000000002,704.51999999999998,3422.1199999999999,3422.1599999999999,0.35174999999999557,-0.33523999999999887,0.48591554832089506,0.03999999999996362,12.147888708033426,True,False
LINK-metrica:Away:16-P2-F85554-85555,metrica:sample-game-2,metrica:Away,metrica:Away:16,2,85554,85555,704.51999999999998,704.55999999999995,3422.1599999999999,3422.1999999999998,0.34964999999999691,-0.33319999999999794,0.48298795274830247,0.03999999999996362,12.074698818718543,True,False
LINK-metrica:Away:16-P2-F85555-85556,metrica:sample-game-2,metrica:Away,metrica:Away:16,2,85555,85556,704.55999999999995,704.60000000000002,3422.1999999999998,3422.2399999999998,-0.11444999999999084,0.46783999999999537,0.48163582518329506,0.03999999999996362,12.040895629593328,True,False
LINK-metrica:Away:16-P2-F85556-85557,metrica:sample-game-2,metrica:Away,metrica:Away:16,2,85556,85557,704.60000000000002,704.63999999999999,3422.2399999999998,3422.2800000000002,-0.1197000000000088,0.41547999999999519,0.43237913964482388,0.040000000000418368,10.809478491007539,True,False
LINK-metrica:Away:16-P2-F85557-85558,metrica:sample-game-2,metrica:Away,metrica:Away:16,2,85557,85558,704.63999999999999,704.67999999999995,3422.2800000000002,3422.3200000000002,-0.13439999999999941,0.43792000000000542,0.45808000000000498,0.03999999999996362,11.452000000010541,True,False
LINK-metrica:Away:16-P2-F115025-115026,metrica:sample-game-2,metrica:Away,metrica:Away:16,2,115025,115026,1883.3599999999999,1883.4000000000001,4601,4601.04,-0.46829999999999927,0.016320000000000334,0.46858428526786866,0.03999999999996362,11.714607131707371,True,False
LINK-metrica:Away:16-P2-F115026-115027,metrica:sample-game-2,metrica:Away,metrica:Away:16,2,115026,115027,1883.4000000000001,1883.4400000000001,4601.04,4601.0799999999999,-0.46829999999999927,0.01699999999999946,0.46860846129791478,0.03999999999996362,11.715211532458525,True,False
LINK-metrica:Away:16-P2-F115027-115028,metrica:sample-game-2,metrica:Away,metrica:Away:16,2,115027,115028,1883.4400000000001,1883.48,4601.0799999999999,4601.1199999999999,-0.46829999999999927,0.016320000000000334,0.46858428526786866,0.03999999999996362,11.714607131707371,True,False
LINK-metrica:Away:16-P2-F115028-115029,metrica:sample-game-2,metrica:Away,metrica:Away:16,2,115028,115029,1883.48,1883.52,4601.1199999999999,4601.1599999999999,-0.46829999999999927,0.016319999999993229,0.46858428526786844,0.03999999999996362,11.714607131707366,True,False
LINK-metrica:Away:16-P2-F115029-115030,metrica:sample-game-2,metrica:Away,metrica:Away:16,2,115029,115030,1883.52,1883.5599999999999,4601.1599999999999,4601.1999999999998,-0.4693499999999986,0.017000000000006565,0.46965777168061312,0.03999999999996362,11.741444292026006,True,False
LINK-metrica:Away:16-P2-F115030-115031,metrica:sample-game-2,metrica:Away,metrica:Away:16,2,115030,115031,1883.5599999999999,1883.5999999999999,4601.1999999999998,4601.2399999999998,-0.46829999999999927,0.016320000000000334,0.46858428526786866,0.03999999999996362,11.714607131707371,True,False
LINK-metrica:Away:16-P2-F115053-115054,metrica:sample-game-2,metrica:Away,metrica:Away:16,2,115053,115054,1884.48,1884.52,4602.1199999999999,4602.1599999999999,-0.68249999999999744,0.22168000000000276,0.71759896348865904,0.03999999999996362,17.939974087232791,True,False
LINK-metrica:Away:16-P2-F115054-115055,metrica:sample-game-2,metrica:Away,metrica:Away:16,2,115054,115055,1884.52,1884.5599999999999,4602.1599999999999,4602.1999999999998,-0.68670000000000186,0.22235999999999834,0.72180389275758405,0.03999999999996362,18.045097318956014,True,False
LINK-metrica:Away:16-P2-F115055-115056,metrica:sample-game-2,metrica:Away,metrica:Away:16,2,115055,115056,1884.5599999999999,1884.5999999999999,4602.1999999999998,4602.2399999999998,-0.69089999999999918,0.22303999999999746,0.72600940186749496,0.03999999999996362,18.15023504670388,True,False
LINK-metrica:Away:16-P2-F115056-115057,metrica:sample-game-2,metrica:Away,metrica:Away:16,2,115056,115057,1884.5999999999999,1884.6400000000001,4602.2399999999998,4602.2799999999997,-0.69404999999999717,0.22508000000000195,0.72963443511117054,0.03999999999996362,18.240860877795853,True,False
LINK-metrica:Away:16-P2-F115057-115058,metrica:sample-game-2,metrica:Away,metrica:Away:16,2,115057,115058,1884.6400000000001,1884.6800000000001,4602.2799999999997,4602.3199999999997,-0.69825000000000159,0.22576000000000107,0.73383965557879383,0.03999999999996362,18.345991389486532,True,False
LINK-metrica:Away:16-P2-F115058-115059,metrica:sample-game-2,metrica:Away,metrica:Away:16,2,115058,115059,1884.6800000000001,1884.72,4602.3199999999997,4602.3599999999997,-0.70244999999999891,0.22711999999999932,0.73825435786048577,0.03999999999996362,18.45635894652893,True,False
LINK-metrica:Away:16-P2-F115059-115060,metrica:sample-game-2,metrica:Away,metrica:Away:16,2,115059,115060,1884.72,1884.76,4602.3599999999997,4602.3999999999996,0.3212999999999937,-0.37059999999999604,0.49048756355283163,0.03999999999996362,12.262189088831944,True,False
LINK-metrica:Away:16-P2-F115060-115061,metrica:sample-game-2,metrica:Away,metrica:Away:16,2,115060,115061,1884.76,1884.8,4602.3999999999996,4602.4399999999996,0.24780000000000513,-0.34544000000000707,0.42512778502469983,0.03999999999996362,10.628194625627161,True,False
LINK-metrica:Away:16-P2-F115529-115530,metrica:sample-game-2,metrica:Away,metrica:Away:16,2,115529,115530,1903.52,1903.5599999999999,4621.1599999999999,4621.1999999999998,0.40005000000000024,0.060520000000003904,0.4046018696200015,0.03999999999996362,10.115046740509237,True,False
LINK-metrica:Away:16-P2-F115530-115531,metrica:sample-game-2,metrica:Away,metrica:Away:16,2,115530,115531,1903.5599999999999,1903.5999999999999,4621.1999999999998,4621.2399999999998,0.402150000000006,0.060519999999996799,0.40667836541916569,0.03999999999996362,10.166959135488389,True,False
LINK-metrica:Away:16-P2-F115531-115532,metrica:sample-game-2,metrica:Away,metrica:Away:16,2,115531,115532,1903.5999999999999,1903.6400000000001,4621.2399999999998,4621.2799999999997,0.40319999999999823,0.060520000000003904,0.40771670360680473,0.03999999999996362,10.192917590179389,True,False
LINK-metrica:Away:16-P2-F115532-115533,metrica:sample-game-2,metrica:Away,metrica:Away:16,2,115532,115533,1903.6400000000001,1903.6800000000001,4621.2799999999997,4621.3199999999997,0.40319999999999823,0.061199999999999477,0.40781819478782272,0.03999999999996362,10.195454869704841,True,False
LINK-metrica:Away:16-P2-F115533-115534,metrica:sample-game-2,metrica:Away,metrica:Away:16,2,115533,115534,1903.6800000000001,1903.72,4621.3199999999997,4621.3599999999997,0.40424999999999756,0.061199999999999477,0.40885633479255029,0.03999999999996362,10.221408369823054,True,False
LINK-metrica:Away:16-P2-F115534-115535,metrica:sample-game-2,metrica:Away,metrica:Away:16,2,115534,115535,1903.72,1903.76,4621.3599999999997,4621.3999999999996,0.40635000000000332,0.061199999999999477,0.41093279560045171,0.03999999999996362,10.273319890020636,True,False
LINK-metrica:Away:16-P2-F115695-115696,metrica:sample-game-2,metrica:Away,metrica:Away:16,2,115695,115696,1910.1600000000001,1910.2,4627.8000000000002,4627.8400000000001,-0.53025000000000944,-0.28355999999999781,0.60130802098426128,0.03999999999996362,15.032700524620203,True,False
LINK-metrica:Away:16-P2-F115696-115697,metrica:sample-game-2,metrica:Away,metrica:Away:16,2,115696,115697,1910.2,1910.24,4627.8400000000001,4627.8800000000001,-0.52604999999999791,-0.28083999999999776,0.59632181588467525,0.03999999999996362,14.90804539713044,True,False
LINK-metrica:Away:16-P2-F115697-115698,metrica:sample-game-2,metrica:Away,metrica:Away:16,2,115697,115698,1910.24,1910.28,4627.8800000000001,4627.9200000000001,-0.52079999999999416,-0.27880000000000038,0.59073012450694784,0.03999999999996362,14.768253112687127,True,False
LINK-metrica:Away:16-P2-F115698-115699,metrica:sample-game-2,metrica:Away,metrica:Away:16,2,115698,115699,1910.28,1910.3199999999999,4627.9200000000001,4627.96,-0.51555000000000462,-0.27539999999999765,0.58449718776056014,0.03999999999996362,14.612429694027293,True,False
LINK-metrica:Away:16-P2-F115699-115700,metrica:sample-game-2,metrica:Away,metrica:Away:16,2,115699,115700,1910.3199999999999,1910.3599999999999,4627.96,4628,-0.51029999999999376,-0.27268000000000825,0.57858488780817474,0.03999999999996362,14.464622195217524,True,False
LINK-metrica:Away:16-P2-F115700-115701,metrica:sample-game-2,metrica:Away,metrica:Away:16,2,115700,115701,1910.3599999999999,1910.4000000000001,4628,4628.04,-0.50505000000000422,-0.26995999999999043,0.57267259765069878,0.03999999999996362,14.316814941280491,True,False
LINK-metrica:Away:16-P2-F116341-116342,metrica:sample-game-2,metrica:Away,metrica:Away:16,2,116341,116342,1936,1936.04,4653.6400000000003,4653.6800000000003,0.094499999999996476,0.42432000000000158,0.43471566845468163,0.03999999999996362,10.867891711376926,True,False
LINK-metrica:Away:16-P2-F116342-116343,metrica:sample-game-2,metrica:Away,metrica:Away:16,2,116342,116343,1936.04,1936.0799999999999,4653.6800000000003,4653.7200000000003,0.09555000000000291,0.43043999999999372,0.4409176749689166,0.03999999999996362,11.02294187423294,True,False
LINK-metrica:Away:16-P2-F116343-116344,metrica:sample-game-2,metrica:Away,metrica:Away:16,2,116343,116344,1936.0799999999999,1936.1199999999999,4653.7200000000003,4653.7600000000002,0.097649999999994463,0.43588000000000449,0.44668433697635163,0.03999999999996362,11.167108424418947,True,False
LINK-metrica:Away:16-P2-F116344-116345,metrica:sample-game-2,metrica:Away,metrica:Away:16,2,116344,116345,1936.1199999999999,1936.1600000000001,4653.7600000000002,4653.8000000000002,0.098700000000000898,0.44200000000000372,0.45288595694722467,0.03999999999996362,11.322148923690914,True,False
LINK-metrica:Away:16-P2-F116345-116346,metrica:sample-game-2,metrica:Away,metrica:Away:16,2,116345,116346,1936.1600000000001,1936.2,4653.8000000000002,4653.8400000000001,0.099750000000000227,0.44879999999999498,0.45975156606584339,0.03999999999996362,11.493789151656538,True,False
LINK-metrica:Away:16-P2-F116346-116347,metrica:sample-game-2,metrica:Away,metrica:Away:16,2,116346,116347,1936.2,1936.24,4653.8400000000001,4653.8800000000001,0.10185000000000599,0.45492000000000132,0.46618196972856257,0.03999999999996362,11.654549243224665,True,False
LINK-metrica:Away:16-P2-F120445-120446,metrica:sample-game-2,metrica:Away,metrica:Away:16,2,120445,120446,2100.1599999999999,2100.1999999999998,4817.8000000000002,4817.8400000000001,0.068249999999991928,0.48551999999999396,0.4902935170895012,0.03999999999996362,12.257337927248678,True,False
LINK-metrica:Away:16-P2-F120446-120447,metrica:sample-game-2,metrica:Away,metrica:Away:16,2,120446,120447,2100.1999999999998,2100.2399999999998,4817.8400000000001,4817.8800000000001,0.068249999999991928,0.49096000000000117,0.49568113147466086,0.03999999999996362,12.392028286877792,True,False
LINK-metrica:Away:16-P2-F120447-120448,metrica:sample-game-2,metrica:Away,metrica:Away:16,2,120447,120448,2100.2399999999998,2100.2800000000002,4817.8800000000001,4817.9200000000001,0.069300000000012574,0.49708000000000396,0.50188745391771428,0.03999999999996362,12.547186347954268,True,False
LINK-metrica:Away:16-P2-F120448-120449,metrica:sample-game-2,metrica:Away,metrica:Away:16,2,120448,120449,2100.2800000000002,2100.3200000000002,4817.9200000000001,4817.96,0.069299999999998363,0.50252000000000052,0.5072759016551055,0.03999999999996362,12.681897541389171,True,False
LINK-metrica:Away:16-P2-F120449-120450,metrica:sample-game-2,metrica:Away,metrica:Away:16,2,120449,120450,2100.3200000000002,2100.3600000000001,4817.96,4818,0.071399999999997021,0.50864000000000331,0.5136269167401597,0.03999999999996362,12.84067291851567,True,False
LINK-metrica:Away:16-P2-F120450-120451,metrica:sample-game-2,metrica:Away,metrica:Away:16,2,120450,120451,2100.3600000000001,2100.4000000000001,4818,4818.04,0.071399999999997021,0.51475999999999544,0.51968819266940713,0.03999999999996362,12.992204816746995,True,False
LINK-metrica:Away:16-P2-F120652-120653,metrica:sample-game-2,metrica:Away,metrica:Away:16,2,120652,120653,2108.4400000000001,2108.48,4826.0799999999999,4826.1199999999999,-0.046199999999998909,0.42023999999999972,0.42277192148958953,0.03999999999996362,10.56929803724935,True,False
LINK-metrica:Away:16-P2-F120653-120654,metrica:sample-game-2,metrica:Away,metrica:Away:16,2,120653,120654,2108.48,2108.52,4826.1199999999999,4826.1599999999999,-0.047249999999991132,0.42432000000000158,0.42694264825618033,0.03999999999996362,10.673566206414216,True,False
LINK-metrica:Away:16-P2-F120654-120655,metrica:sample-game-2,metrica:Away,metrica:Away:16,2,120654,120655,2108.52,2108.5599999999999,4826.1599999999999,4826.1999999999998,-0.046199999999998909,0.42772000000000077,0.43020790136862963,0.03999999999996362,10.755197534225523,True,False
LINK-metrica:Away:16-P2-F120655-120656,metrica:sample-game-2,metrica:Away,metrica:Away:16,2,120655,120656,2108.5599999999999,2108.5999999999999,4826.1999999999998,4826.2399999999998,-0.047250000000005343,0.43180000000000263,0.43437748848208374,0.03999999999996362,10.85943721206197,True,False
LINK-metrica:Away:16-P2-F120656-120657,metrica:sample-game-2,metrica:Away,metrica:Away:16,2,120656,120657,2108.5999999999999,2108.6399999999999,4826.2399999999998,4826.2799999999997,-0.048299999999997567,0.4351999999999947,0.4378720475207285,0.03999999999996362,10.946801188028168,True,False
LINK-metrica:Away:16-P2-F120657-120658,metrica:sample-game-2,metrica:Away,metrica:Away:16,2,120657,120658,2108.6399999999999,2108.6799999999998,4826.2799999999997,4826.3199999999997,-0.048299999999997567,0.43860000000000099,0.44125145892110162,0.03999999999996362,11.031286473037573,True,False
LINK-metrica:Away:17-P1-F6-7,metrica:sample-game-2,metrica:Away,metrica:Away:17,1,6,7,0.23999999999999999,0.28000000000000003,0.23999999999999999,0.28000000000000003,0.15120000000000289,-1.6163600000000002,1.6234164867956717,0.040000000000000036,40.585412169891761,True,True
LINK-metrica:Away:17-P1-F9950-9951,metrica:sample-game-2,metrica:Away,metrica:Away:17,1,9950,9951,398,398.04000000000002,398,398.04000000000002,-0.26039999999999708,0.6833999999999989,0.7313301033049282,0.040000000000020464,18.283252582613851,True,False
LINK-metrica:Away:17-P1-F9951-9952,metrica:sample-game-2,metrica:Away,metrica:Away:17,1,9951,9952,398.04000000000002,398.07999999999998,398.04000000000002,398.07999999999998,-0.2646000000000015,0.69427999999999557,0.74299251570927327,0.03999999999996362,18.574812892748724,True,False
LINK-metrica:Away:17-P1-F9952-9953,metrica:sample-game-2,metrica:Away,metrica:Away:17,1,9952,9953,398.07999999999998,398.12,398.07999999999998,398.12,-0.26879999999999882,0.70720000000000738,0.756561484613121,0.040000000000020464,18.914037115318347,True,False
LINK-metrica:Away:17-P1-F9953-9954,metrica:sample-game-2,metrica:Away,metrica:Away:17,1,9953,9954,398.12,398.16000000000003,398.12,398.16000000000003,-0.27299999999999613,0.71875999999999607,0.7688595044609855,0.040000000000020464,19.221487611514803,True,False
LINK-metrica:Away:17-P1-F9954-9955,metrica:sample-game-2,metrica:Away,metrica:Away:17,1,9954,9955,398.16000000000003,398.19999999999999,398.16000000000003,398.19999999999999,-0.27824999999999989,0.73100000000000165,0.78216626269611145,0.03999999999996362,19.55415656742057,True,False
LINK-metrica:Away:17-P1-F9955-9956,metrica:sample-game-2,metrica:Away,metrica:Away:17,1,9955,9956,398.19999999999999,398.24000000000001,398.19999999999999,398.24000000000001,-0.28350000000000364,0.74391999999999925,0.79610879683621194,0.040000000000020464,19.902719920895116,True,False
LINK-metrica:Away:17-P1-F32136-32137,metrica:sample-game-2,metrica:Away,metrica:Away:17,1,32136,32137,1285.4400000000001,1285.48,1285.4400000000001,1285.48,0.17745000000000033,-0.41955999999999705,0.45554263916783644,0.03999999999996362,11.38856597920627,True,False
LINK-metrica:Away:17-P1-F32137-32138,metrica:sample-game-2,metrica:Away,metrica:Away:17,1,32137,32138,1285.48,1285.52,1285.48,1285.52,0.20579999999999643,-0.59364000000000061,0.62830095463877755,0.03999999999996362,15.707523865983724,True,False
LINK-metrica:Away:17-P1-F32138-32139,metrica:sample-game-2,metrica:Away,metrica:Away:17,1,32138,32139,1285.52,1285.5599999999999,1285.52,1285.5599999999999,-0.14279999999999404,0.43315999999999377,0.45609146626525793,0.03999999999996362,11.402286656641818,True,False
LINK-metrica:Away:17-P1-F32139-32140,metrica:sample-game-2,metrica:Away,metrica:Away:17,1,32139,32140,1285.5599999999999,1285.5999999999999,1285.5599999999999,1285.5999999999999,-0.14385000000000048,0.43724000000000274,0.46029516627920664,0.03999999999996362,11.507379156990632,True,False
LINK-metrica:Away:17-P1-F32140-32141,metrica:sample-game-2,metrica:Away,metrica:Away:17,1,32140,32141,1285.5999999999999,1285.6400000000001,1285.5999999999999,1285.6400000000001,-0.14490000000000691,0.44200000000000017,0.46514514938887858,0.040000000000190994,11.628628734666439,True,False
LINK-metrica:Away:17-P1-F32141-32142,metrica:sample-game-2,metrica:Away,metrica:Away:17,1,32141,32142,1285.6400000000001,1285.6800000000001,1285.6400000000001,1285.6800000000001,-0.14699999999999847,0.44608000000000203,0.46967687445732448,0.03999999999996362,11.741921861443791,True,False
LINK-metrica:Away:17-P1-F32142-32143,metrica:sample-game-2,metrica:Away,metrica:Away:17,1,32142,32143,1285.6800000000001,1285.72,1285.6800000000001,1285.72,-0.14804999999999779,0.45083999999999946,0.47452661474357666,0.03999999999996362,11.863165368600207,True,False
LINK-metrica:Away:17-P1-F32143-32144,metrica:sample-game-2,metrica:Away,metrica:Away:17,1,32143,32144,1285.72,1285.76,1285.72,1285.76,-0.14909999999999712,0.45492000000000132,0.4787306303131233,0.03999999999996362,11.968265757838967,True,False
LINK-metrica:Away:17-P1-F44332-44333,metrica:sample-game-2,metrica:Away,metrica:Away:17,1,44332,44333,1773.28,1773.3199999999999,1773.28,1773.3199999999999,-0.017850000000002808,-1.1430799999999977,1.1432193616712387,0.03999999999996362,28.580484041806962,True,True
LINK-metrica:Away:17-P1-F44333-44334,metrica:sample-game-2,metrica:Away,metrica:Away:17,1,44333,44334,1773.3199999999999,1773.3599999999999,1773.3199999999999,1773.3599999999999,-0.017849999999995703,-1.117919999999998,1.1180624977611919,0.03999999999996362,27.95156244405522,True,True
LINK-metrica:Away:17-P1-F44334-44335,metrica:sample-game-2,metrica:Away,metrica:Away:17,1,44334,44335,1773.3599999999999,1773.4000000000001,1773.3599999999999,1773.4000000000001,-0.016800000000003479,-1.0934400000000011,1.0935690529637361,0.040000000000190994,27.339226323962862,True,True
LINK-metrica:Away:17-P1-F44335-44336,metrica:sample-game-2,metrica:Away,metrica:Away:17,1,44335,44336,1773.4000000000001,1773.4400000000001,1773.4000000000001,1773.4400000000001,-0.016799999999996373,-1.068959999999997,1.0690920080142745,0.03999999999996362,26.727300200381173,True,True
LINK-metrica:Away:17-P1-F44336-44337,metrica:sample-game-2,metrica:Away,metrica:Away:17,1,44336,44337,1773.4400000000001,1773.48,1773.4400000000001,1773.48,-0.01575000000000415,-1.046520000000001,1.0466385110915812,0.03999999999996362,26.165962777313329,True,True
LINK-metrica:Away:17-P1-F44337-44338,metrica:sample-game-2,metrica:Away,metrica:Away:17,1,44337,44338,1773.48,1773.52,1773.48,1773.52,-0.015749999999997044,-1.0234000000000023,1.0235211881050652,0.03999999999996362,25.588029702649902,True,True
LINK-metrica:Away:17-P1-F56296-56297,metrica:sample-game-2,metrica:Away,metrica:Away:17,1,56296,56297,2251.8400000000001,2251.8800000000001,2251.8400000000001,2251.8800000000001,-0.042000000000001592,0.47463999999999373,0.47649462704210443,0.03999999999996362,11.912365676063445,True,False
LINK-metrica:Away:17-P1-F56297-56298,metrica:sample-game-2,metrica:Away,metrica:Away:17,1,56297,56298,2251.8800000000001,2251.9200000000001,2251.8800000000001,2251.9200000000001,-0.04410000000000025,0.47940000000000538,0.48142410616836084,0.03999999999996362,12.035602654219968,True,False
LINK-metrica:Away:17-P1-F56298-56299,metrica:sample-game-2,metrica:Away,metrica:Away:17,1,56298,56299,2251.9200000000001,2251.96,2251.9200000000001,2251.96,-0.043049999999993815,0.4841599999999957,0.4860701678770209,0.03999999999996362,12.151754196936574,True,False
LINK-metrica:Away:17-P1-F56299-56300,metrica:sample-game-2,metrica:Away,metrica:Away:17,1,56299,56300,2251.96,2252,2251.96,2252,-0.04410000000000025,0.48892000000000735,0.49090485473257156,0.03999999999996362,12.272621368325451,True,False
LINK-metrica:Away:17-P1-F56300-56301,metrica:sample-game-2,metrica:Away,metrica:Away:17,1,56300,56301,2252,2252.04,2252,2252.04,-0.045150000000006685,0.49504000000000303,0.49709468323449568,0.03999999999996362,12.427367080873694,True,False
LINK-metrica:Away:17-P1-F56301-56302,metrica:sample-game-2,metrica:Away,metrica:Away:17,1,56301,56302,2252.04,2252.0799999999999,2252.04,2252.0799999999999,-0.045149999999992474,0.49980000000000047,0.5018351945609234,0.03999999999996362,12.545879864034495,True,False
LINK-metrica:Away:17-P2-F86698-86699,metrica:sample-game-2,metrica:Away,metrica:Away:17,2,86698,86699,750.27999999999997,750.32000000000005,3467.9200000000001,3467.96,0.098699999999993793,0.42635999999999541,0.43763516723407281,0.03999999999996362,10.940879180861771,True,False
LINK-metrica:Away:18-P1-F10218-10219,metrica:sample-game-2,metrica:Away,metrica:Away:18,1,10218,10219,408.72000000000003,408.75999999999999,408.72000000000003,408.75999999999999,-0.11339999999999861,0.3862400000000008,0.40254303819591802,0.03999999999996362,10.063575954907103,True,False
LINK-metrica:Away:18-P1-F10219-10220,metrica:sample-game-2,metrica:Away,metrica:Away:18,1,10219,10220,408.75999999999999,408.80000000000001,408.75999999999999,408.80000000000001,-0.11444999999999794,0.39032000000000266,0.40675361694765744,0.040000000000020464,10.168840423686234,True,False
LINK-metrica:Away:18-P1-F10220-10221,metrica:sample-game-2,metrica:Away,metrica:Away:18,1,10220,10221,408.80000000000001,408.83999999999997,408.80000000000001,408.83999999999997,-0.11550000000000438,0.39303999999999917,0.40965923839210605,0.03999999999996362,10.241480959811966,True,False
LINK-metrica:Away:18-P1-F10221-10222,metrica:sample-game-2,metrica:Away,metrica:Away:18,1,10221,10222,408.83999999999997,408.88,408.83999999999997,408.88,-0.1165499999999966,0.39711999999999392,0.41386978254034734,0.040000000000020464,10.346744563503391,True,False
LINK-metrica:Away:18-P1-F10222-10223,metrica:sample-game-2,metrica:Away,metrica:Away:18,1,10222,10223,408.88,408.92000000000002,408.88,408.92000000000002,-0.11760000000000304,0.39984000000000464,0.41677546184966846,0.040000000000020464,10.419386546236382,True,False
LINK-metrica:Away:18-P1-F10223-10224,metrica:sample-game-2,metrica:Away,metrica:Away:18,1,10223,10224,408.92000000000002,408.95999999999998,408.92000000000002,408.95999999999998,-0.11864999999999526,0.40391999999999939,0.42098597233161861,0.03999999999996362,10.524649308300038,True,False
LINK-metrica:Away:18-P1-F59926-59927,metrica:sample-game-2,metrica:Away,metrica:Away:18,1,59926,59927,2397.04,2397.0799999999999,2397.04,2397.0799999999999,-0.35070000000000334,-0.19583999999999691,0.4016762323065694,0.03999999999996362,10.041905807673368,True,False
LINK-metrica:Away:18-P1-F59928-59929,metrica:sample-game-2,metrica:Away,metrica:Away:18,1,59928,59929,2397.1199999999999,2397.1599999999999,2397.1199999999999,2397.1599999999999,-0.39690000000000225,-0.25567999999999813,0.47212484831874801,0.03999999999996362,11.803121207979435,True,False
LINK-metrica:Away:18-P1-F59929-59930,metrica:sample-game-2,metrica:Away,metrica:Away:18,1,59929,59930,2397.1599999999999,2397.1999999999998,2397.1599999999999,2397.1999999999998,-0.33389999999999986,-0.24480000000000501,0.41402445579941571,0.03999999999996362,10.350611394994807,True,False
LINK-metrica:Away:18-P1-F59930-59931,metrica:sample-game-2,metrica:Away,metrica:Away:18,1,59930,59931,2397.1999999999998,2397.2399999999998,2397.1999999999998,2397.2399999999998,-0.41474999999999795,-0.26655999999999125,0.49302311923478154,0.03999999999996362,12.325577980880748,True,False
LINK-metrica:Away:18-P1-F59931-59932,metrica:sample-game-2,metrica:Away,metrica:Away:18,1,59931,59932,2397.2399999999998,2397.2800000000002,2397.2399999999998,2397.2800000000002,-0.67620000000000147,0.26723999999999393,0.72709260593132063,0.040000000000418368,18.177315148092895,True,False
LINK-metrica:Away:18-P1-F59940-59941,metrica:sample-game-2,metrica:Away,metrica:Away:18,1,59940,59941,2397.5999999999999,2397.6399999999999,2397.5999999999999,2397.6399999999999,-0.41055000000000064,0.10743999999998977,0.42437560733387863,0.03999999999996362,10.609390183356615,True,False
LINK-metrica:Away:18-P2-F79901-79902,metrica:sample-game-2,metrica:Away,metrica:Away:18,2,79901,79902,478.39999999999998,478.44,3196.04,3196.0799999999999,-0.26879999999999882,0.38556000000000523,0.470010588816894,0.03999999999996362,11.750264720433037,True,False
LINK-metrica:Away:18-P2-F111125-111126,metrica:sample-game-2,metrica:Away,metrica:Away:18,2,111125,111126,1727.3599999999999,1727.4000000000001,4445,4445.04,-0.41580000000000439,-0.25023999999999802,0.48529341392605219,0.03999999999996362,12.132335348162339,True,False
LINK-metrica:Away:18-P2-F111126-111127,metrica:sample-game-2,metrica:Away,metrica:Away:18,2,111126,111127,1727.4000000000001,1727.4400000000001,4445.04,4445.0799999999999,-0.4126499999999993,-0.24887999999999977,0.48189342898611859,0.03999999999996362,12.047335724663922,True,False
LINK-metrica:Away:18-P2-F111127-111128,metrica:sample-game-2,metrica:Away,metrica:Away:18,2,111127,111128,1727.4400000000001,1727.48,4445.0799999999999,4445.1199999999999,-0.41159999999999286,-0.24752000000000152,0.48029231765664843,0.03999999999996362,12.007307941427131,True,False
LINK-metrica:Away:18-P2-F111128-111129,metrica:sample-game-2,metrica:Away,metrica:Away:18,2,111128,111129,1727.48,1727.52,4445.1199999999999,4445.1599999999999,-0.40845000000001619,-0.24615999999999616,0.47689217659761551,0.03999999999996362,11.922304414951231,True,False
LINK-metrica:Away:18-P2-F111129-111130,metrica:sample-game-2,metrica:Away,metrica:Away:18,2,111129,111130,1727.52,1727.5599999999999,4445.1599999999999,4445.1999999999998,-0.40634999999998911,-0.24480000000000501,0.47439157085681194,0.03999999999996362,11.859789271431085,True,False
LINK-metrica:Away:18-P2-F111130-111131,metrica:sample-game-2,metrica:Away,metrica:Away:18,2,111130,111131,1727.5599999999999,1727.5999999999999,4445.1999999999998,4445.2399999999998,-0.40425000000000466,-0.24343999999999966,0.47189097904071403,0.03999999999996362,11.79727447602858,True,False
LINK-metrica:Away:18-P2-F117257-117258,metrica:sample-game-2,metrica:Away,metrica:Away:18,2,117257,117258,1972.6400000000001,1972.6800000000001,4690.2799999999997,4690.3199999999997,-0.27089999999999748,-0.31551999999999936,0.41586016928770447,0.03999999999996362,10.396504232202068,True,False
LINK-metrica:Away:18-P2-F117258-117259,metrica:sample-game-2,metrica:Away,metrica:Away:18,2,117258,117259,1972.6800000000001,1972.72,4690.3199999999997,4690.3599999999997,-0.26775000000000659,-0.31212000000000018,0.41122859445812332,0.03999999999996362,10.280714861462434,True,False
LINK-metrica:Away:18-P2-F117259-117260,metrica:sample-game-2,metrica:Away,metrica:Away:18,2,117259,117260,1972.72,1972.76,4690.3599999999997,4690.3999999999996,-0.26564999999999372,-0.31007999999999925,0.40831302808016817,0.03999999999996362,10.207825702013489,True,False
LINK-metrica:Away:18-P2-F117260-117261,metrica:sample-game-2,metrica:Away,metrica:Away:18,2,117260,117261,1972.76,1972.8,4690.3999999999996,4690.4399999999996,-0.26250000000000284,-0.30668000000000006,0.40368164734107187,0.03999999999996362,10.092041183535976,True,False
LINK-metrica:Away:18-P2-F117263-117264,metrica:sample-game-2,metrica:Away,metrica:Away:18,2,117263,117264,1972.8800000000001,1972.9200000000001,4690.5200000000004,4690.5600000000004,0.61530000000000484,0.92956000000000572,1.1147537322655692,0.03999999999996362,27.868843306664576,True,True
LINK-metrica:Away:18-P2-F117264-117265,metrica:sample-game-2,metrica:Away,metrica:Away:18,2,117264,117265,1972.9200000000001,1972.96,4690.5600000000004,4690.6000000000004,0.254099999999994,0.4079999999999977,0.48065664460193941,0.03999999999996362,12.016416115059414,True,False
LINK-metrica:Away:19-P1-F14336-14337,metrica:sample-game-2,metrica:Away,metrica:Away:19,1,14336,14337,573.44000000000005,573.48000000000002,573.44000000000005,573.48000000000002,-0.43994999999999607,-0.0027200000000036084,0.4399584081478573,0.03999999999996362,10.998960203706437,True,False
LINK-metrica:Away:19-P1-F14337-14338,metrica:sample-game-2,metrica:Away,metrica:Away:19,1,14337,14338,573.48000000000002,573.51999999999998,573.48000000000002,573.51999999999998,-0.43890000000000384,-0.0027199999999929503,0.43890842826266546,0.03999999999996362,10.972710706576617,True,False
LINK-metrica:Away:19-P1-F14338-14339,metrica:sample-game-2,metrica:Away,metrica:Away:19,1,14338,14339,573.51999999999998,573.55999999999995,573.51999999999998,573.55999999999995,-0.43994999999999607,-0.0034000000000027342,0.43996313766041417,0.03999999999996362,10.999078441520357,True,False
LINK-metrica:Away:19-P1-F14339-14340,metrica:sample-game-2,metrica:Away,metrica:Away:19,1,14339,14340,573.55999999999995,573.60000000000002,573.55999999999995,573.60000000000002,-0.43890000000000384,-0.0027200000000000557,0.43890842826266552,0.040000000000077307,10.972710706545431,True,False
LINK-metrica:Away:19-P1-F14340-14341,metrica:sample-game-2,metrica:Away,metrica:Away:19,1,14340,14341,573.60000000000002,573.63999999999999,573.60000000000002,573.63999999999999,-0.43994999999999607,-0.002719999999996503,0.43995840814785719,0.03999999999996362,10.998960203706433,True,False
LINK-metrica:Away:19-P1-F14341-14342,metrica:sample-game-2,metrica:Away,metrica:Away:19,1,14341,14342,573.63999999999999,573.67999999999995,573.63999999999999,573.67999999999995,-0.43890000000000384,-0.0027200000000000557,0.43890842826266552,0.03999999999996362,10.972710706576617,True,False
LINK-metrica:Away:19-P1-F27959-27960,metrica:sample-game-2,metrica:Away,metrica:Away:19,1,27959,27960,1118.3599999999999,1118.4000000000001,1118.3599999999999,1118.4000000000001,0.27194999999999681,0.45627999999999957,0.53117628043804621,0.040000000000190994,13.279407010887748,True,False
LINK-metrica:Away:19-P1-F35865-35866,metrica:sample-game-2,metrica:Away,metrica:Away:19,1,35865,35866,1434.5999999999999,1434.6400000000001,1434.5999999999999,1434.6400000000001,0.30974999999999397,0.47939999999999827,0.57076214178937501,0.040000000000190994,14.269053544666242,True,False
LINK-metrica:Away:19-P1-F35902-35903,metrica:sample-game-2,metrica:Away,metrica:Away:19,1,35902,35903,1436.0799999999999,1436.1199999999999,1436.0799999999999,1436.1199999999999,-0.38009999999999877,-0.178840000000001,0.42007113159558995,0.03999999999996362,10.501778289899301,True,False
LINK-metrica:Away:19-P1-F35903-35904,metrica:sample-game-2,metrica:Away,metrica:Away:19,1,35903,35904,1436.1199999999999,1436.1600000000001,1436.1199999999999,1436.1600000000001,-0.37800000000000011,-0.17815999999999477,0.4178815449382734,0.040000000000190994,10.447038623406952,True,False
LINK-metrica:Away:19-P1-F35904-35905,metrica:sample-game-2,metrica:Away,metrica:Away:19,1,35904,35905,1436.1600000000001,1436.2,1436.1600000000001,1436.2,-0.37590000000000146,-0.17679999999999652,0.41540227490951448,0.03999999999996362,10.385056872747308,True,False
LINK-metrica:Away:19-P1-F35905-35906,metrica:sample-game-2,metrica:Away,metrica:Away:19,1,35905,35906,1436.2,1436.24,1436.2,1436.24,-0.3738000000000028,-0.17544000000000182,0.41292327810381763,0.03999999999996362,10.323081952604829,True,False
LINK-metrica:Away:19-P1-F35906-35907,metrica:sample-game-2,metrica:Away,metrica:Away:19,1,35906,35907,1436.24,1436.28,1436.24,1436.28,-0.3706499999999977,-0.17476000000000624,0.40978345513209835,0.03999999999996362,10.244586378311777,True,False
LINK-metrica:Away:19-P1-F35907-35908,metrica:sample-game-2,metrica:Away,metrica:Away:19,1,35907,35908,1436.28,1436.3199999999999,1436.28,1436.3199999999999,-0.36854999999999905,-0.17339999999999378,0.40730414004770094,0.03999999999996362,10.182603501201784,True,False
LINK-metrica:Away:19-P1-F41240-41241,metrica:sample-game-2,metrica:Away,metrica:Away:19,1,41240,41241,1649.5999999999999,1649.6400000000001,1649.5999999999999,1649.6400000000001,-0.40845000000000198,0.022439999999996019,0.40906595568441212,0.040000000000190994,10.226648892061473,True,False
LINK-metrica:Away:19-P1-F41241-41242,metrica:sample-game-2,metrica:Away,metrica:Away:19,1,41241,41242,1649.6400000000001,1649.6800000000001,1649.6400000000001,1649.6800000000001,-0.40950000000000131,0.02312000000000225,0.41015214786710696,0.03999999999996362,10.253803696686999,True,False
LINK-metrica:Away:19-P1-F41242-41243,metrica:sample-game-2,metrica:Away,metrica:Away:19,1,41242,41243,1649.6800000000001,1649.72,1649.6800000000001,1649.72,-0.4094999999999942,0.023119999999998697,0.41015214786709969,0.03999999999996362,10.253803696686818,True,False
LINK-metrica:Away:19-P1-F41243-41244,metrica:sample-game-2,metrica:Away,metrica:Away:19,1,41243,41244,1649.72,1649.76,1649.72,1649.76,-0.40950000000000131,0.022440000000003124,0.41011437867990097,0.03999999999996362,10.25285946700685,True,False
LINK-metrica:Away:19-P1-F41244-41245,metrica:sample-game-2,metrica:Away,metrica:Away:19,1,41244,41245,1649.76,1649.8,1649.76,1649.8,-0.40950000000000131,0.02312000000000225,0.41015214786710696,0.03999999999996362,10.253803696686999,True,False
LINK-metrica:Away:19-P1-F41245-41246,metrica:sample-game-2,metrica:Away,metrica:Away:19,1,41245,41246,1649.8,1649.8399999999999,1649.8,1649.8399999999999,-0.41055000000000064,0.022439999999996019,0.41116280972383717,0.03999999999996362,10.279070243105279,True,False
LINK-metrica:Away:19-P1-F67100-67101,metrica:sample-game-2,metrica:Away,metrica:Away:19,1,67100,67101,2684,2684.04,2684,2684.04,-0.13964999999999606,-0.45355999999999597,0.47457222432417517,0.03999999999996362,11.864305608115171,True,False
LINK-metrica:Away:19-P1-F67101-67102,metrica:sample-game-2,metrica:Away,metrica:Away:19,1,67101,67102,2684.04,2684.0799999999999,2684.04,2684.0799999999999,-0.1375499999999974,-0.44811999999999941,0.46875530599663484,0.03999999999996362,11.718882649926529,True,False
LINK-metrica:Away:19-P1-F67102-67103,metrica:sample-game-2,metrica:Away,metrica:Away:19,1,67102,67103,2684.0799999999999,2684.1199999999999,2684.0799999999999,2684.1199999999999,-0.13650000000000517,-0.4426799999999993,0.46324705330957128,0.03999999999996362,11.581176332749815,True,False
LINK-metrica:Away:19-P1-F67103-67104,metrica:sample-game-2,metrica:Away,metrica:Away:19,1,67103,67104,2684.1199999999999,2684.1599999999999,2684.1199999999999,2684.1599999999999,-0.13439999999999941,-0.43792000000000186,0.4580800000000016,0.03999999999996362,11.452000000010456,True,False
LINK-metrica:Away:19-P1-F67104-67105,metrica:sample-game-2,metrica:Away,metrica:Away:19,1,67104,67105,2684.1599999999999,2684.1999999999998,2684.1599999999999,2684.1999999999998,-0.13335000000000008,-0.43248000000000175,0.45257173232538678,0.03999999999996362,11.314293308144959,True,False
LINK-metrica:Away:19-P1-F67105-67106,metrica:sample-game-2,metrica:Away,metrica:Away:19,1,67105,67106,2684.1999999999998,2684.2399999999998,2684.1999999999998,2684.2399999999998,-0.13125000000000142,-0.42839999999999989,0.44805482086459048,0.03999999999996362,11.20137052162495,True,False
LINK-metrica:Away:19-P1-F67112-67113,metrica:sample-game-2,metrica:Away,metrica:Away:19,1,67112,67113,2684.48,2684.52,2684.48,2684.52,0.35174999999999557,0.25908000000000442,0.43686440562261325,0.03999999999996362,10.921610140575265,True,False
LINK-metrica:Away:19-P1-F67113-67114,metrica:sample-game-2,metrica:Away,metrica:Away:19,1,67113,67114,2684.52,2684.5599999999999,2684.52,2684.5599999999999,0.352800000000002,0.26179999999999382,0.43932571060660469,0.03999999999996362,10.983142765175106,True,False
LINK-metrica:Away:19-P1-F67114-67115,metrica:sample-game-2,metrica:Away,metrica:Away:19,1,67114,67115,2684.5599999999999,2684.5999999999999,2684.5599999999999,2684.5999999999999,0.35699999999999932,0.26316000000000273,0.44351120121142479,0.03999999999996362,11.087780030295704,True,False
LINK-metrica:Away:19-P1-F67115-67116,metrica:sample-game-2,metrica:Away,metrica:Away:19,1,67115,67116,2684.5999999999999,2684.6399999999999,2684.5999999999999,2684.6399999999999,0.35804999999999865,0.2652000000000001,0.44556799986085077,0.03999999999996362,11.139199996531401,True,False
LINK-metrica:Away:19-P1-F67116-67117,metrica:sample-game-2,metrica:Away,metrica:Away:19,1,67116,67117,2684.6399999999999,2684.6799999999998,2684.6399999999999,2684.6799999999998,0.36120000000000374,0.26724000000000103,0.44931354041471228,0.03999999999996362,11.232838510378023,True,False
LINK-metrica:Away:19-P1-F67117-67118,metrica:sample-game-2,metrica:Away,metrica:Away:19,1,67117,67118,2684.6799999999998,2684.7199999999998,2684.6799999999998,2684.7199999999998,0.36329999999999529,0.26859999999999928,0.45181063511165404,0.03999999999996362,11.295265877801624,True,False
LINK-metrica:Away:19-P2-F67957-67958,metrica:sample-game-2,metrica:Away,metrica:Away:19,2,67957,67958,0.64000000000000001,0.68000000000000005,2718.2800000000002,2718.3200000000002,-0.046199999999998909,-1.8856399999999951,1.8862058873834482,0.03999999999996362,47.155147184629094,True,True
LINK-metrica:Away:19-P2-F115085-115086,metrica:sample-game-2,metrica:Away,metrica:Away:19,2,115085,115086,1885.76,1885.8,4603.3999999999996,4603.4399999999996,0.03674999999999784,-0.40256000000000114,0.40423398681951617,0.03999999999996362,10.105849670497095,True,False
LINK-metrica:Away:19-P2-F115086-115087,metrica:sample-game-2,metrica:Away,metrica:Away:19,2,115086,115087,1885.8,1885.8399999999999,4603.4399999999996,4603.4799999999996,0.03674999999999784,-0.39847999999999928,0.40017105455042506,0.03999999999996362,10.004276363769726,True,False
LINK-metrica:Away:19-P2-F115093-115094,metrica:sample-game-2,metrica:Away,metrica:Away:19,2,115093,115094,1886.0799999999999,1886.1199999999999,4603.7200000000003,4603.7600000000002,-0.39375000000000426,0.41004000000000573,0.56848207016581276,0.03999999999996362,14.212051754158244,True,False
LINK-metrica:Away:19-P2-F115094-115095,metrica:sample-game-2,metrica:Away,metrica:Away:19,2,115094,115095,1886.1199999999999,1886.1600000000001,4603.7600000000002,4603.8000000000002,-0.39900000000000091,0.41479999999999961,0.57555194378961172,0.03999999999996362,14.38879859475338,True,False
LINK-metrica:Away:19-P2-F115095-115096,metrica:sample-game-2,metrica:Away,metrica:Away:19,2,115095,115096,1886.1600000000001,1886.2,4603.8000000000002,4603.8400000000001,-0.4021499999999989,0.41819999999999879,0.58018605851915994,0.03999999999996362,14.504651462992191,True,False
LINK-metrica:Away:19-P2-F115096-115097,metrica:sample-game-2,metrica:Away,metrica:Away:19,2,115096,115097,1886.2,1886.24,4603.8400000000001,4603.8800000000001,-0.40634999999999621,0.42295999999999978,0.58652833188175724,0.03999999999996362,14.663208297057267,True,False
LINK-metrica:Away:19-P2-F115097-115098,metrica:sample-game-2,metrica:Away,metrica:Away:19,2,115097,115098,1886.24,1886.28,4603.8800000000001,4603.9200000000001,-0.41055000000000064,0.42771999999999366,0.5928707286584447,0.03999999999996362,14.821768216474597,True,False
LINK-metrica:Away:19-P2-F115098-115099,metrica:sample-game-2,metrica:Away,metrica:Away:19,2,115098,115099,1886.28,1886.3199999999999,4603.9200000000001,4603.96,-0.41475000000000506,0.43111999999999995,0.59823241043929087,0.03999999999996362,14.955810260995873,True,False
LINK-metrica:Away:19-P2-F115099-115100,metrica:sample-game-2,metrica:Away,metrica:Away:19,2,115099,115100,1886.3199999999999,1886.3599999999999,4603.96,4604,0.075600000000001444,-0.50931999999999888,0.51490020625359934,0.03999999999996362,12.872505156351691,True,False
LINK-metrica:Away:19-P2-F115100-115101,metrica:sample-game-2,metrica:Away,metrica:Away:19,2,115100,115101,1886.3599999999999,1886.4000000000001,4604,4604.04,0.13650000000000517,-0.61199999999999832,0.62703767829373647,0.03999999999996362,15.675941957357669,True,False
LINK-metrica:Away:19-P2-F115101-115102,metrica:sample-game-2,metrica:Away,metrica:Away:19,2,115101,115102,1886.4000000000001,1886.4400000000001,4604.04,4604.0799999999999,0.099750000000000227,-0.53447999999999851,0.54370849993355663,0.03999999999996362,13.592712498351279,True,False
LINK-metrica:Away:19-P2-F115102-115103,metrica:sample-game-2,metrica:Away,metrica:Away:19,2,115102,115103,1886.4400000000001,1886.48,4604.0799999999999,4604.1199999999999,0.096599999999995134,-0.50456000000000145,0.51372400527909978,0.03999999999996362,12.843100131989175,True,False
LINK-metrica:Away:20-P1-F6-7,metrica:sample-game-2,metrica:Away,metrica:Away:20,1,6,7,0.23999999999999999,0.28000000000000003,0.23999999999999999,0.28000000000000003,0.15225000000000222,-1.7271999999999963,1.7338973160196045,0.040000000000000036,43.347432900490077,True,True
LINK-metrica:Away:20-P1-F3674-3675,metrica:sample-game-2,metrica:Away,metrica:Away:20,1,3674,3675,146.96000000000001,147,146.96000000000001,147,-0.032550000000007628,0.47123999999999455,0.47236282675502245,0.039999999999992042,11.809070668877911,True,False
LINK-metrica:Away:20-P1-F3675-3676,metrica:sample-game-2,metrica:Away,metrica:Away:20,1,3675,3676,147,147.03999999999999,147,147.03999999999999,-0.054599999999993543,0.64667999999999637,0.64898087984161335,0.039999999999992042,16.22452199604356,True,False
LINK-metrica:Away:20-P1-F3676-3677,metrica:sample-game-2,metrica:Away,metrica:Away:20,1,3676,3677,147.03999999999999,147.08000000000001,147.03999999999999,147.08000000000001,-0.073500000000002785,0.74188000000000898,0.74551202834026342,0.040000000000020464,18.63780070849705,True,False
LINK-metrica:Away:20-P1-F3677-3678,metrica:sample-game-2,metrica:Away,metrica:Away:20,1,3677,3678,147.08000000000001,147.12,147.08000000000001,147.12,-0.10289999999999822,0.8533999999999935,0.85958127597103262,0.039999999999992042,21.489531899280092,True,True
LINK-metrica:Away:20-P1-F3678-3679,metrica:sample-game-2,metrica:Away,metrica:Away:20,1,3678,3679,147.12,147.16,147.12,147.16,0.0052499999999966462,-0.94383999999999446,0.94385460114362396,0.039999999999992042,23.596365028595294,True,True
LINK-metrica:Away:20-P1-F3679-3680,metrica:sample-game-2,metrica:Away,metrica:Away:20,1,3679,3680,147.16,147.19999999999999,147.16,147.19999999999999,0.0052500000000037517,-0.92819999999999681,0.92821484716631963,0.039999999999992042,23.205371179162608,True,True
LINK-metrica:Away:20-P1-F3680-3681,metrica:sample-game-2,metrica:Away,metrica:Away:20,1,3680,3681,147.19999999999999,147.24000000000001,147.19999999999999,147.24000000000001,0.0052499999999966462,-0.91255999999999915,0.91257510162177802,0.040000000000020464,22.814377540532778,True,True
LINK-metrica:Away:20-P1-F3681-3682,metrica:sample-game-2,metrica:Away,metrica:Away:20,1,3681,3682,147.24000000000001,147.28,147.24000000000001,147.28,0.0052500000000037517,-0.89760000000001128,0.89761535331121667,0.039999999999992042,22.440383832784882,True,True
LINK-metrica:Away:20-P1-F3682-3683,metrica:sample-game-2,metrica:Away,metrica:Away:20,1,3682,3683,147.28,147.31999999999999,147.28,147.31999999999999,0.0052499999999966462,-0.88195999999999231,0.88197562557022302,0.039999999999992042,22.049390639259961,True,True
LINK-metrica:Away:20-P1-F3683-3684,metrica:sample-game-2,metrica:Away,metrica:Away:20,1,3683,3684,147.31999999999999,147.36000000000001,147.31999999999999,147.36000000000001,0.0052500000000037517,-0.86768000000000711,0.86769588272620746,0.040000000000020464,21.692397068144089,True,True
LINK-metrica:Away:20-P1-F11792-11793,metrica:sample-game-2,metrica:Away,metrica:Away:20,1,11792,11793,471.68000000000001,471.72000000000003,471.68000000000001,471.72000000000003,-0.20264999999999844,0.35224000000000188,0.40637426111898461,0.040000000000020464,10.159356527969418,True,False
LINK-metrica:Away:20-P1-F11793-11794,metrica:sample-game-2,metrica:Away,metrica:Away:20,1,11793,11794,471.72000000000003,471.75999999999999,471.72000000000003,471.75999999999999,-0.20475000000000065,0.35495999999999839,0.40977940907273402,0.03999999999996362,10.244485226827669,True,False
LINK-metrica:Away:20-P1-F11794-11795,metrica:sample-game-2,metrica:Away,metrica:Away:20,1,11794,11795,471.75999999999999,471.80000000000001,471.75999999999999,471.80000000000001,-0.20684999999999931,0.357680000000002,0.41318507342352184,0.040000000000020464,10.329626835582761,True,False
LINK-metrica:Away:20-P1-F11795-11796,metrica:sample-game-2,metrica:Away,metrica:Away:20,1,11795,11796,471.80000000000001,471.83999999999997,471.80000000000001,471.83999999999997,-0.20790000000000219,0.3604000000000056,0.41606558377256453,0.03999999999996362,10.401639594323573,True,False
LINK-metrica:Away:20-P1-F11796-11797,metrica:sample-game-2,metrica:Away,metrica:Away:20,1,11796,11797,471.83999999999997,471.88,471.83999999999997,471.88,-0.21000000000000085,0.363119999999995,0.41947125574942168,0.040000000000020464,10.486781393730176,True,False
LINK-metrica:Away:20-P1-F11797-11798,metrica:sample-game-2,metrica:Away,metrica:Away:20,1,11797,11798,471.88,471.92000000000002,471.88,471.92000000000002,-0.21104999999999663,0.36583999999999861,0.42235175872724567,0.040000000000020464,10.55879396817574,True,False
LINK-metrica:Away:20-P1-F27056-27057,metrica:sample-game-2,metrica:Away,metrica:Away:20,1,27056,27057,1082.24,1082.28,1082.24,1082.28,-0.31604999999999706,0.48076000000000363,0.57534144653414432,0.03999999999996362,14.38353616336669,True,False
LINK-metrica:Away:20-P1-F27057-27058,metrica:sample-game-2,metrica:Away,metrica:Away:20,1,27057,27058,1082.28,1082.3199999999999,1082.28,1082.3199999999999,-0.31920000000000215,0.48619999999999663,0.58161764072283617,0.03999999999996362,14.540441018084129,True,False
LINK-metrica:Away:20-P1-F27058-27059,metrica:sample-game-2,metrica:Away,metrica:Away:20,1,27058,27059,1082.3199999999999,1082.3599999999999,1082.3199999999999,1082.3599999999999,-0.32339999999999947,0.49096000000000117,0.5879024422470116,0.03999999999996362,14.697561056188658,True,False
LINK-metrica:Away:20-P1-F27059-27060,metrica:sample-game-2,metrica:Away,metrica:Away:20,1,27059,27060,1082.3599999999999,1082.4000000000001,1082.3599999999999,1082.4000000000001,-0.32655000000000456,0.49640000000000128,0.59417830867510157,0.040000000000190994,14.854457716806612,True,False
LINK-metrica:Away:20-P1-F27060-27061,metrica:sample-game-2,metrica:Away,metrica:Away:20,1,27060,27061,1082.4000000000001,1082.4400000000001,1082.4000000000001,1082.4400000000001,-0.32969999999999544,0.50251999999999697,0.60102282851818023,0.03999999999996362,15.025570712968172,True,False
LINK-metrica:Away:20-P1-F27061-27062,metrica:sample-game-2,metrica:Away,metrica:Away:20,1,27061,27062,1082.4400000000001,1082.48,1082.4400000000001,1082.48,-0.33389999999999986,0.50728000000000151,0.60730734261986441,0.03999999999996362,15.182683565510418,True,False
LINK-metrica:Away:20-P1-F33426-33427,metrica:sample-game-2,metrica:Away,metrica:Away:20,1,33426,33427,1337.04,1337.0799999999999,1337.04,1337.0799999999999,-0.19845000000000113,1.1124800000000015,1.1300416598072851,0.03999999999996362,28.251041495207822,True,True
LINK-metrica:Away:20-P1-F39339-39340,metrica:sample-game-2,metrica:Away,metrica:Away:20,1,39339,39340,1573.5599999999999,1573.5999999999999,1573.5599999999999,1573.5999999999999,0.12810000000000343,-0.45152000000000214,0.46933987727445747,0.03999999999996362,11.733496931872109,True,False
LINK-metrica:Away:20-P1-F39341-39342,metrica:sample-game-2,metrica:Away,metrica:Away:20,1,39341,39342,1573.6400000000001,1573.6800000000001,1573.6400000000001,1573.6800000000001,-0.37169999999998993,0.30668000000000006,0.48188537267693915,0.03999999999996362,12.047134316934436,True,False
LINK-metrica:Away:20-P1-F39342-39343,metrica:sample-game-2,metrica:Away,metrica:Away:20,1,39342,39343,1573.6800000000001,1573.72,1573.6800000000001,1573.72,-0.37485000000000213,0.30804000000000542,0.48518157848377236,0.03999999999996362,12.12953946210534,True,False
LINK-metrica:Away:20-P1-F39343-39344,metrica:sample-game-2,metrica:Away,metrica:Away:20,1,39343,39344,1573.72,1573.76,1573.72,1573.76,-0.37590000000000146,0.30939999999999657,0.4868564162050234,0.03999999999996362,12.171410405136655,True,False
LINK-metrica:Away:20-P1-F39344-39345,metrica:sample-game-2,metrica:Away,metrica:Away:20,1,39344,39345,1573.76,1573.8,1573.76,1573.8,-0.37904999999999944,0.3114400000000046,0.49058513644422863,0.03999999999996362,12.26462841111687,True,False
LINK-metrica:Away:20-P1-F39345-39346,metrica:sample-game-2,metrica:Away,metrica:Away:20,1,39345,39346,1573.8,1573.8399999999999,1573.8,1573.8399999999999,-0.38009999999999877,0.31279999999999575,0.49225994149432517,0.03999999999996362,12.306498537369322,True,False
LINK-metrica:Away:20-P1-F39346-39347,metrica:sample-game-2,metrica:Away,metrica:Away:20,1,39346,39347,1573.8399999999999,1573.8800000000001,1573.8399999999999,1573.8800000000001,-0.38220000000001164,0.31416000000000111,0.49474573833435859,0.040000000000190994,12.368643458299907,True,False
LINK-metrica:Away:20-P1-F53476-53477,metrica:sample-game-2,metrica:Away,metrica:Away:20,1,53476,53477,2139.04,2139.0799999999999,2139.04,2139.0799999999999,0.51345000000000596,-0.04012000000000171,0.51501506473112635,0.03999999999996362,12.875376618289868,True,False
LINK-metrica:Away:20-P1-F53477-53478,metrica:sample-game-2,metrica:Away,metrica:Away:20,1,53477,53478,2139.0799999999999,2139.1199999999999,2139.0799999999999,2139.1199999999999,0.51239999999999952,-0.04012000000000171,0.51396826205515811,0.03999999999996362,12.849206551390639,True,False
LINK-metrica:Away:20-P1-F53478-53479,metrica:sample-game-2,metrica:Away,metrica:Away:20,1,53478,53479,2139.1199999999999,2139.1599999999999,2139.1199999999999,2139.1599999999999,0.51134999999999309,-0.039439999999991926,0.51286873184080184,0.03999999999996362,12.821718296031706,True,False
LINK-metrica:Away:20-P1-F53479-53480,metrica:sample-game-2,metrica:Away,metrica:Away:20,1,53479,53480,2139.1599999999999,2139.1999999999998,2139.1599999999999,2139.1999999999998,0.5113500000000073,-0.040120000000008815,0.51292147244973885,0.03999999999996362,12.823036811255134,True,False
LINK-metrica:Away:20-P1-F53480-53481,metrica:sample-game-2,metrica:Away,metrica:Away:20,1,53480,53481,2139.1999999999998,2139.2399999999998,2139.1999999999998,2139.2399999999998,0.51134999999999309,-0.040119999999994604,0.51292147244972353,0.03999999999996362,12.823036811254751,True,False
LINK-metrica:Away:20-P1-F53481-53482,metrica:sample-game-2,metrica:Away,metrica:Away:20,1,53481,53482,2139.2399999999998,2139.2800000000002,2139.2399999999998,2139.2800000000002,0.5113500000000073,-0.039440000000006137,0.51286873184081716,0.040000000000418368,12.821718295886324,True,False
LINK-metrica:Away:20-P1-F53498-53499,metrica:sample-game-2,metrica:Away,metrica:Away:20,1,53498,53499,2139.9200000000001,2139.96,2139.9200000000001,2139.96,-0.71400000000001285,-0.078200000000009595,0.71826961511678877,0.03999999999996362,17.95674037793605,True,False
LINK-metrica:Away:20-P1-F53499-53500,metrica:sample-game-2,metrica:Away,metrica:Away:20,1,53499,53500,2139.96,2140,2139.96,2140,-0.71189999999999998,-0.078199999999995384,0.71618213465570291,0.03999999999996362,17.904553366408855,True,False
LINK-metrica:Away:20-P1-F53500-53501,metrica:sample-game-2,metrica:Away,metrica:Away:20,1,53500,53501,2140,2140.04,2140,2140.04,-0.71085000000000775,-0.07820000000000249,0.71513842191565358,0.03999999999996362,17.878460547907601,True,False
LINK-metrica:Away:20-P1-F53501-53502,metrica:sample-game-2,metrica:Away,metrica:Away:20,1,53501,53502,2140.04,2140.0799999999999,2140.04,2140.0799999999999,-0.70979999999998711,-0.078199999999995384,0.7140947276097066,0.03999999999996362,17.8523681902589,True,False
LINK-metrica:Away:20-P1-F53502-53503,metrica:sample-game-2,metrica:Away,metrica:Away:20,1,53502,53503,2140.0799999999999,2140.1199999999999,2140.0799999999999,2140.1199999999999,-0.70874999999999488,-0.07820000000000249,0.71305105181886741,0.03999999999996362,17.826276295487897,True,False
LINK-metrica:Away:20-P1-F53503-53504,metrica:sample-game-2,metrica:Away,metrica:Away:20,1,53503,53504,2140.1199999999999,2140.1599999999999,2140.1199999999999,2140.1599999999999,-0.70770000000001687,-0.077519999999999811,0.71193303083929449,0.03999999999996362,17.798325770998549,True,False
LINK-metrica:Away:20-P2-F67947-67948,metrica:sample-game-2,metrica:Away,metrica:Away:20,2,67947,67948,0.23999999999999999,0.28000000000000003,2717.8800000000001,2717.9200000000001,5.6909999999999989,0.031280000000002417,5.6910859630126822,0.03999999999996362,142.27714907544646,True,True
LINK-metrica:Away:20-P2-F67948-67949,metrica:sample-game-2,metrica:Away,metrica:Away:20,2,67948,67949,0.28000000000000003,0.32000000000000001,2717.9200000000001,2717.96,5.6972999999999985,0.031279999999995312,5.6973858679573368,0.03999999999996362,142.43464669906297,True,True
LINK-metrica:Away:20-P2-F67949-67950,metrica:sample-game-2,metrica:Away,metrica:Away:20,2,67949,67950,0.32000000000000001,0.35999999999999999,2717.96,2718,5.7025500000000022,0.031280000000002417,5.7026357889049892,0.03999999999996362,142.56589472275439,True,True
LINK-metrica:Away:20-P2-F67950-67951,metrica:sample-game-2,metrica:Away,metrica:Away:20,2,67950,67951,0.35999999999999999,0.40000000000000002,2718,2718.04,5.707800000000006,0.031280000000002417,5.7078857099980613,0.03999999999996362,142.69714275008133,True,True
LINK-metrica:Away:20-P2-F67951-67952,metrica:sample-game-2,metrica:Away,metrica:Away:20,2,67951,67952,0.40000000000000002,0.44,2718.04,2718.0799999999999,5.7140999999999948,0.03195999999999799,5.7141893783457984,0.03999999999996362,142.85473445877489,True,True
LINK-metrica:Away:20-P2-F67952-67953,metrica:sample-game-2,metrica:Away,metrica:Away:20,2,67952,67953,0.44,0.47999999999999998,2718.0799999999999,2718.1199999999999,5.7193499999999986,0.031280000000002417,5.7194355369127106,0.03999999999996362,142.9858884229478,True,True
LINK-metrica:Away:20-P2-F113117-113118,metrica:sample-game-2,metrica:Away,metrica:Away:20,2,113117,113118,1807.04,1807.0799999999999,4524.6800000000003,4524.7200000000003,-0.29714999999999492,0.38147999999999627,0.48355466381785017,0.03999999999996362,12.088866595457249,True,False
LINK-metrica:Away:20-P2-F113118-113119,metrica:sample-game-2,metrica:Away,metrica:Away:20,2,113118,113119,1807.0799999999999,1807.1199999999999,4524.7200000000003,4524.7600000000002,-0.58275000000000432,0.76160000000000139,0.95897451608476392,0.03999999999996362,23.974362902140903,True,True
LINK-metrica:Away:20-P2-F140807-140808,metrica:sample-game-2,metrica:Away,metrica:Away:20,2,140807,140808,2914.6399999999999,2914.6799999999998,5632.2799999999997,5632.3199999999997,-0.29505000000000337,0.36856000000000932,0.4721133085393896,0.03999999999996362,11.802832713495475,True,False
LINK-metrica:Away:20-P2-F140808-140809,metrica:sample-game-2,metrica:Away,metrica:Away:20,2,140808,140809,2914.6799999999998,2914.7199999999998,5632.3199999999997,5632.3599999999997,-0.31814999999999571,0.41547999999999519,0.52330015564682697,0.03999999999996362,13.082503891182572,True,False
LINK-metrica:Away:20-P2-F140809-140810,metrica:sample-game-2,metrica:Away,metrica:Away:20,2,140809,140810,2914.7199999999998,2914.7600000000002,5632.3599999999997,5632.3999999999996,-0.34335000000000093,0.46172000000000679,0.57539080710418633,0.03999999999996362,14.384770177617741,True,False
LINK-metrica:Away:20-P2-F140810-140811,metrica:sample-game-2,metrica:Away,metrica:Away:20,2,140810,140811,2914.7600000000002,2914.8000000000002,5632.3999999999996,5632.4399999999996,-0.37694999999999723,0.53379999999999228,0.65347818823583514,0.03999999999996362,16.336954705910738,True,False
LINK-metrica:Away:20-P2-F140811-140812,metrica:sample-game-2,metrica:Away,metrica:Away:20,2,140811,140812,2914.8000000000002,2914.8400000000001,5632.4399999999996,5632.4799999999996,-0.40950000000000131,0.59499999999999886,0.72229858784300538,0.03999999999996362,18.057464696091557,True,False
LINK-metrica:Away:20-P2-F140812-140813,metrica:sample-game-2,metrica:Away,metrica:Away:20,2,140812,140813,2914.8400000000001,2914.8800000000001,5632.4799999999996,5632.5200000000004,-0.42630000000000123,0.63103999999999871,0.76153999999999966,0.040000000000873115,19.03849999958442,True,False
LINK-metrica:Away:20-P2-F140813-140814,metrica:sample-game-2,metrica:Away,metrica:Away:20,2,140813,140814,2914.8800000000001,2914.9200000000001,5632.5200000000004,5632.5600000000004,-0.41475000000000151,0.62492000000000303,0.75002837872976846,0.03999999999996362,18.750709468261267,True,False
LINK-metrica:Away:20-P2-F140814-140815,metrica:sample-game-2,metrica:Away,metrica:Away:20,2,140814,140815,2914.9200000000001,2914.96,5632.5600000000004,5632.6000000000004,-0.35384999999999778,0.5304000000000002,0.63760017448240913,0.03999999999996362,15.940004362074726,True,False
LINK-metrica:Away:20-P2-F140815-140816,metrica:sample-game-2,metrica:Away,metrica:Away:20,2,140815,140816,2914.96,2915,5632.6000000000004,5632.6400000000003,-0.28245000000000431,0.42228000000000776,0.50803385802523926,0.03999999999996362,12.700846450642533,True,False
LINK-metrica:Away:21-P1-F6-7,metrica:sample-game-2,metrica:Away,metrica:Away:21,1,6,7,0.23999999999999999,0.28000000000000003,0.23999999999999999,0.28000000000000003,-0.021000000000000796,-2.8417200000000022,2.8417975927922825,0.040000000000000036,71.044939819806999,True,True
LINK-metrica:Away:21-P1-F7-8,metrica:sample-game-2,metrica:Away,metrica:Away:21,1,7,8,0.28000000000000003,0.32000000000000001,0.28000000000000003,0.32000000000000001,-0.0010499999999993292,-0.59227999999999525,0.59228093072459653,0.03999999999999998,14.807023268114921,True,False
LINK-metrica:Away:22-P1-F6-7,metrica:sample-game-2,metrica:Away,metrica:Away:22,1,6,7,0.23999999999999999,0.28000000000000003,0.23999999999999999,0.28000000000000003,-0.099750000000007333,-2.6145999999999958,2.6165020967887602,0.040000000000000036,65.412552419718949,True,True
LINK-metrica:Away:22-P1-F7-8,metrica:sample-game-2,metrica:Away,metrica:Away:22,1,7,8,0.28000000000000003,0.32000000000000001,0.28000000000000003,0.32000000000000001,-0.012599999999999056,-0.50999999999999091,0.51015562331507303,0.03999999999999998,12.753890582876831,True,False
LINK-metrica:Away:22-P2-F67947-67948,metrica:sample-game-2,metrica:Away,metrica:Away:22,2,67947,67948,0.23999999999999999,0.28000000000000003,2717.8800000000001,2717.9200000000001,-0.043050000000000921,-0.4453999999999958,0.44747565576240717,0.03999999999996362,11.186891394070354,True,False
LINK-metrica:Away:23-P1-F6253-6254,metrica:sample-game-2,metrica:Away,metrica:Away:23,1,6253,6254,250.12,250.16,250.12,250.16,0.17850000000001387,0.53856000000000392,0.56737035840798844,0.039999999999992042,14.184258960202532,True,False
LINK-metrica:Away:23-P1-F6254-6255,metrica:sample-game-2,metrica:Away,metrica:Away:23,1,6254,6255,250.16,250.19999999999999,250.16,250.19999999999999,0.18059999999998411,0.54400000000000404,0.57319487087725995,0.039999999999992042,14.32987177193435,True,False
LINK-metrica:Away:23-P1-F6255-6256,metrica:sample-game-2,metrica:Away,metrica:Away:23,1,6255,6256,250.19999999999999,250.24000000000001,250.19999999999999,250.24000000000001,0.18270000000001119,0.54943999999999704,0.57901951918739392,0.040000000000020464,14.475487979677442,True,False
LINK-metrica:Away:23-P1-F6256-6257,metrica:sample-game-2,metrica:Away,metrica:Away:23,1,6256,6257,250.24000000000001,250.28,250.24000000000001,250.28,0.1837499999999892,0.55488000000000426,0.58451336759735506,0.039999999999992042,14.612834189936784,True,False
LINK-metrica:Away:23-P1-F6257-6258,metrica:sample-game-2,metrica:Away,metrica:Away:23,1,6257,6258,250.28,250.31999999999999,250.28,250.31999999999999,0.18585000000000207,0.56099999999999284,0.59098326752962538,0.039999999999992042,14.774581688243574,True,False
LINK-metrica:Away:23-P1-F6258-6259,metrica:sample-game-2,metrica:Away,metrica:Away:23,1,6258,6259,250.31999999999999,250.36000000000001,250.31999999999999,250.36000000000001,0.18795000000000073,0.56576000000000448,0.59616237729330535,0.040000000000020464,14.90405943232501,True,False
LINK-metrica:Away:23-P1-F6259-6260,metrica:sample-game-2,metrica:Away,metrica:Away:23,1,6259,6260,250.36000000000001,250.40000000000001,250.36000000000001,250.40000000000001,-0.21839999999998838,0.63307999999999964,0.66969309866534721,0.039999999999992042,16.742327466637011,True,False
LINK-metrica:Away:23-P1-F6260-6261,metrica:sample-game-2,metrica:Away,metrica:Away:23,1,6260,6261,250.40000000000001,250.44,250.40000000000001,250.44,-0.25410000000000821,0.63376000000000232,0.68280198271534565,0.039999999999992042,17.070049567887036,True,False
LINK-metrica:Away:23-P1-F6263-6264,metrica:sample-game-2,metrica:Away,metrica:Away:23,1,6263,6264,250.52000000000001,250.56,250.52000000000001,250.56,-0.054600000000007753,-0.5161200000000008,0.51900001387283379,0.039999999999992042,12.975000346823427,True,False
LINK-metrica:Away:23-P1-F6264-6265,metrica:sample-game-2,metrica:Away,metrica:Away:23,1,6264,6265,250.56,250.59999999999999,250.56,250.59999999999999,-0.10394999999998333,-0.52972000000000463,0.53982300886494405,0.039999999999992042,13.495575221626286,True,False
LINK-metrica:Away:23-P1-F6265-6266,metrica:sample-game-2,metrica:Away,metrica:Away:23,1,6265,6266,250.59999999999999,250.63999999999999,250.59999999999999,250.63999999999999,-0.15750000000001307,-0.48619999999999663,0.51107405529923045,0.039999999999992042,12.776851382483303,True,False
LINK-metrica:Away:23-P1-F6266-6267,metrica:sample-game-2,metrica:Away,metrica:Away:23,1,6266,6267,250.63999999999999,250.68000000000001,250.63999999999999,250.68000000000001,-0.19950000000000045,-0.51747999999999905,0.55460418353993624,0.040000000000020464,13.865104588491313,True,False
LINK-metrica:Away:23-P1-F6267-6268,metrica:sample-game-2,metrica:Away,metrica:Away:23,1,6267,6268,250.68000000000001,250.72,250.68000000000001,250.72,-0.176400000000001,-0.49436000000000035,0.52488929270847262,0.039999999999992042,13.122232317714426,True,False
LINK-metrica:Away:23-P1-F6268-6269,metrica:sample-game-2,metrica:Away,metrica:Away:23,1,6268,6269,250.72,250.75999999999999,250.72,250.75999999999999,-0.10814999999999486,-0.39372000000000185,0.40830363811751708,0.039999999999992042,10.207590952939958,True,False
LINK-metrica:Away:23-P1-F6339-6340,metrica:sample-game-2,metrica:Away,metrica:Away:23,1,6339,6340,253.56,253.59999999999999,253.56,253.59999999999999,-0.07349999999999568,0.60860000000000269,0.61302219372548228,0.039999999999992042,15.325554843140106,True,False
LINK-metrica:Away:23-P1-F42897-42898,metrica:sample-game-2,metrica:Away,metrica:Away:23,1,42897,42898,1715.8800000000001,1715.9200000000001,1715.8800000000001,1715.9200000000001,-0.090300000000006264,-0.48211999999999833,0.49050360284099803,0.03999999999996362,12.262590071036104,True,False
LINK-metrica:Away:23-P1-F42898-42899,metrica:sample-game-2,metrica:Away,metrica:Away:23,1,42898,42899,1715.9200000000001,1715.96,1715.9200000000001,1715.96,-0.088199999999993395,-0.47532000000000352,0.48343390696143995,0.03999999999996362,12.08584767404699,True,False
LINK-metrica:Away:23-P1-F42899-42900,metrica:sample-game-2,metrica:Away,metrica:Away:23,1,42899,42900,1715.96,1716,1715.96,1716,-0.087150000000001171,-0.46715999999999269,0.47521951569773874,0.03999999999996362,11.880487892454275,True,False
LINK-metrica:Away:23-P1-F42900-42901,metrica:sample-game-2,metrica:Away,metrica:Away:23,1,42900,42901,1716,1716.04,1716,1716.04,-0.086100000000008947,-0.46104000000000056,0.46901075851200053,0.03999999999996362,11.725268962810677,True,False
LINK-metrica:Away:23-P1-F42901-42902,metrica:sample-game-2,metrica:Away,metrica:Away:23,1,42901,42902,1716.04,1716.0799999999999,1716.04,1716.0799999999999,-0.083999999999996078,-0.45356000000000662,0.46127288409357575,0.03999999999996362,11.531822102349881,True,False
LINK-metrica:Away:23-P1-F42902-42903,metrica:sample-game-2,metrica:Away,metrica:Away:23,1,42902,42903,1716.0799999999999,1716.1199999999999,1716.0799999999999,1716.1199999999999,-0.083999999999996078,-0.44743999999999318,0.45525657996342372,0.03999999999996362,11.381414499095944,True,False
LINK-metrica:Away:23-P1-F49104-49105,metrica:sample-game-2,metrica:Away,metrica:Away:23,1,49104,49105,1964.1600000000001,1964.2,1964.1600000000001,1964.2,0.22154999999999347,0.38963999999999999,0.44822285985879512,0.03999999999996362,11.205571496480069,True,False
LINK-metrica:Away:23-P1-F61906-61907,metrica:sample-game-2,metrica:Away,metrica:Away:23,1,61906,61907,2476.2399999999998,2476.2800000000002,2476.2399999999998,2476.2800000000002,0.13544999999999163,0.3808000000000078,0.40417241679758859,0.040000000000418368,10.104310419834032,True,False
LINK-metrica:Away:23-P1-F61907-61908,metrica:sample-game-2,metrica:Away,metrica:Away:23,1,61907,61908,2476.2800000000002,2476.3200000000002,2476.2800000000002,2476.3200000000002,0.19530000000001735,0.42635999999999541,0.46896155450100901,0.03999999999996362,11.724038862535888,True,False
LINK-metrica:Away:23-P1-F61908-61909,metrica:sample-game-2,metrica:Away,metrica:Away:23,1,61908,61909,2476.3200000000002,2476.3600000000001,2476.3200000000002,2476.3600000000001,0.24779999999998381,0.47464000000000084,0.53543250704453194,0.03999999999996362,13.385812676125473,True,False
LINK-metrica:Away:23-P1-F61909-61910,metrica:sample-game-2,metrica:Away,metrica:Away:23,1,61909,61910,2476.3600000000001,2476.4000000000001,2476.3600000000001,2476.4000000000001,0.25200000000000955,0.45967999999999876,0.5242229510427826,0.03999999999996362,13.105573776081485,True,False
LINK-metrica:Away:23-P1-F61910-61911,metrica:sample-game-2,metrica:Away,metrica:Away:23,1,61910,61911,2476.4000000000001,2476.4400000000001,2476.4000000000001,2476.4400000000001,0.25095000000000312,0.43111999999999995,0.49883900899989919,0.03999999999996362,12.470975225008821,True,False
LINK-metrica:Away:23-P1-F61911-61912,metrica:sample-game-2,metrica:Away,metrica:Away:23,1,61911,61912,2476.4400000000001,2476.48,2476.4400000000001,2476.48,0.22889999999999588,0.36719999999999686,0.43270203373683813,0.03999999999996362,10.817550843430793,True,False
LINK-metrica:Away:23-P1-F61912-61913,metrica:sample-game-2,metrica:Away,metrica:Away:23,1,61912,61913,2476.48,2476.52,2476.48,2476.52,0.27300000000001035,0.37944000000000244,0.46744380795985252,0.03999999999996362,11.686095199006941,True,False
LINK-metrica:Away:23-P1-F61914-61915,metrica:sample-game-2,metrica:Away,metrica:Away:23,1,61914,61915,2476.5599999999999,2476.5999999999999,2476.5599999999999,2476.5999999999999,-0.68354999999999677,-0.28492000000001383,0.74055385280207919,0.03999999999996362,18.513846320068819,True,False
LINK-metrica:Away:23-P1-F61915-61916,metrica:sample-game-2,metrica:Away,metrica:Away:23,1,61915,61916,2476.5999999999999,2476.6399999999999,2476.5999999999999,2476.6399999999999,-0.67830000000000723,-0.28287999999999158,0.73492311461812454,0.03999999999996362,18.373077865469824,True,False
LINK-metrica:Away:23-P1-F61916-61917,metrica:sample-game-2,metrica:Away,metrica:Away:23,1,61916,61917,2476.6399999999999,2476.6799999999998,2476.6399999999999,2476.6799999999998,-0.6740999999999957,-0.28152000000000754,0.73052331954565175,0.03999999999996362,18.263082988657903,True,False
LINK-metrica:Away:23-P1-F61917-61918,metrica:sample-game-2,metrica:Away,metrica:Away:23,1,61917,61918,2476.6799999999998,2476.7199999999998,2476.6799999999998,2476.7199999999998,-0.6699000000000126,-0.2794799999999924,0.72586161243036718,0.03999999999996362,18.146540310775684,True,False
LINK-metrica:Away:23-P1-F61918-61919,metrica:sample-game-2,metrica:Away,metrica:Away:23,1,61918,61919,2476.7199999999998,2476.7600000000002,2476.7199999999998,2476.7600000000002,-0.66674999999999329,-0.27812000000000836,0.72243082499295097,0.040000000000418368,18.060770624634873,True,False
LINK-metrica:Away:23-P1-F61919-61920,metrica:sample-game-2,metrica:Away,metrica:Away:23,1,61919,61920,2476.7600000000002,2476.8000000000002,2476.7600000000002,2476.8000000000002,-0.66254999999999598,-0.27607999999999322,0.71776923095100065,0.03999999999996362,17.944230773791336,True,False
LINK-metrica:Away:23-P1-F61920-61921,metrica:sample-game-2,metrica:Away,metrica:Away:23,1,61920,61921,2476.8000000000002,2476.8400000000001,2476.8000000000002,2476.8400000000001,-0.65730000000000643,-0.27472000000000207,0.71240042700717809,0.03999999999996362,17.810010675195649,True,False
LINK-metrica:Away:23-P1-F64091-64092,metrica:sample-game-2,metrica:Away,metrica:Away:23,1,64091,64092,2563.6399999999999,2563.6799999999998,2563.6399999999999,2563.6799999999998,-0.36539999999999395,-0.37127999999999517,0.52092801652434861,0.03999999999996362,13.023200413120559,True,False
LINK-metrica:Away:23-P1-F64092-64093,metrica:sample-game-2,metrica:Away,metrica:Away:23,1,64092,64093,2563.6799999999998,2563.7199999999998,2563.6799999999998,2563.7199999999998,-0.36119999999999663,-0.36720000000000397,0.51507405292831487,0.03999999999996362,12.876851323219583,True,False
LINK-metrica:Away:23-P1-F64093-64094,metrica:sample-game-2,metrica:Away,metrica:Away:23,1,64093,64094,2563.7199999999998,2563.7600000000002,2563.7199999999998,2563.7600000000002,-0.35805000000000575,-0.36243999999999588,0.50947282174812925,0.040000000000418368,12.736820543570014,True,False
LINK-metrica:Away:23-P1-F64094-64095,metrica:sample-game-2,metrica:Away,metrica:Away:23,1,64094,64095,2563.7600000000002,2563.8000000000002,2563.7600000000002,2563.8000000000002,-0.352800000000002,-0.35904000000000735,0.50336623009495451,0.03999999999996362,12.584155752385309,True,False
LINK-metrica:Away:23-P1-F64095-64096,metrica:sample-game-2,metrica:Away,metrica:Away:23,1,64095,64096,2563.8000000000002,2563.8400000000001,2563.8000000000002,2563.8400000000001,-0.34964999999999691,-0.35427999999999571,0.49776444318572494,0.03999999999996362,12.444111079654441,True,False
LINK-metrica:Away:23-P1-F64096-64097,metrica:sample-game-2,metrica:Away,metrica:Away:23,1,64096,64097,2563.8400000000001,2563.8800000000001,2563.8400000000001,2563.8800000000001,-0.34440000000000737,-0.3501999999999974,0.49117349277012418,0.03999999999996362,12.279337319264272,True,False
LINK-metrica:Away:24-P1-F32222-32223,metrica:sample-game-2,metrica:Away,metrica:Away:24,1,32222,32223,1288.8800000000001,1288.9200000000001,1288.8800000000001,1288.9200000000001,0.27509999999999479,-0.95539999999999736,0.99421786847752447,0.03999999999996362,24.855446711960717,True,True
LINK-metrica:Away:24-P1-F32223-32224,metrica:sample-game-2,metrica:Away,metrica:Away:24,1,32223,32224,1288.9200000000001,1288.96,1288.9200000000001,1288.96,0.089250000000003382,-0.42908000000000257,0.43826385762460818,0.03999999999996362,10.956596440625169,True,False
LINK-metrica:Away:24-P1-F32225-32226,metrica:sample-game-2,metrica:Away,metrica:Away:24,1,32225,32226,1289,1289.04,1289,1289.04,0.17220000000000368,-0.67523999999999873,0.69685141716150623,0.03999999999996362,17.421285429053501,True,False
LINK-metrica:Away:24-P1-F32228-32229,metrica:sample-game-2,metrica:Away,metrica:Away:24,1,32228,32229,1289.1199999999999,1289.1600000000001,1289.1199999999999,1289.1600000000001,-0.074549999999998562,0.48620000000000019,0.49188224454639545,0.040000000000190994,12.297056113601169,True,False
LINK-metrica:Away:24-P1-F32229-32230,metrica:sample-game-2,metrica:Away,metrica:Away:24,1,32229,32230,1289.1600000000001,1289.2,1289.1600000000001,1289.2,-0.076650000000000773,0.49095999999999762,0.4969073798002982,0.03999999999996362,12.422684495018753,True,False
LINK-metrica:Away:24-P1-F32230-32231,metrica:sample-game-2,metrica:Away,metrica:Away:24,1,32230,32231,1289.2,1289.24,1289.2,1289.24,-0.076650000000000773,0.49708000000000396,0.50295501677585841,0.03999999999996362,12.573875419407896,True,False
LINK-metrica:Away:24-P1-F32231-32232,metrica:sample-game-2,metrica:Away,metrica:Away:24,1,32231,32232,1289.24,1289.28,1289.24,1289.28,-0.078749999999995879,0.50319999999999965,0.50932484967847291,0.03999999999996362,12.733121241973404,True,False
LINK-metrica:Away:24-P1-F32232-32233,metrica:sample-game-2,metrica:Away,metrica:Away:24,1,32232,32233,1289.28,1289.3199999999999,1289.28,1289.3199999999999,-0.078750000000002984,0.50795999999999708,0.5140281355139984,0.03999999999996362,12.850703387861648,True,False
LINK-metrica:Away:24-P1-F32233-32234,metrica:sample-game-2,metrica:Away,metrica:Away:24,1,32233,32234,1289.3199999999999,1289.3599999999999,1289.3199999999999,1289.3599999999999,-0.079799999999998761,0.51476000000000255,0.52090872290642476,0.03999999999996362,13.022718072672463,True,False
LINK-metrica:Away:24-P2-F67947-67948,metrica:sample-game-2,metrica:Away,metrica:Away:24,2,67947,67948,0.23999999999999999,0.28000000000000003,2717.8800000000001,2717.9200000000001,-0.1974000000000018,-1.3382400000000132,1.3527206132827414,0.03999999999996362,33.818015332099293,True,True
LINK-metrica:Away:24-P2-F75804-75805,metrica:sample-game-2,metrica:Away,metrica:Away:24,2,75804,75805,314.51999999999998,314.56,3032.1599999999999,3032.1999999999998,-0.39375000000000426,-0.43859999999999388,0.58941413496793404,0.03999999999996362,14.735353374211753,True,False
LINK-metrica:Away:24-P2-F75805-75806,metrica:sample-game-2,metrica:Away,metrica:Away:24,2,75805,75806,314.56,314.60000000000002,3032.1999999999998,3032.2399999999998,-0.36959999999999837,-0.18291999999999575,0.41238802892421267,0.03999999999996362,10.309700723114693,True,False
LINK-metrica:Away:24-P2-F75811-75812,metrica:sample-game-2,metrica:Away,metrica:Away:24,2,75811,75812,314.80000000000001,314.83999999999997,3032.4400000000001,3032.48,-0.40319999999999823,0.052359999999993079,0.40658555016133791,0.03999999999996362,10.164638754042691,True,False
LINK-metrica:Away:24-P2-F75812-75813,metrica:sample-game-2,metrica:Away,metrica:Away:24,2,75812,75813,314.83999999999997,314.88,3032.48,3032.52,-0.4021499999999989,0.040120000000008815,0.40414630630503084,0.03999999999996362,10.10365765763496,True,False
LINK-metrica:Away:24-P2-F88663-88664,metrica:sample-game-2,metrica:Away,metrica:Away:24,2,88663,88664,828.88,828.91999999999996,3546.52,3546.5599999999999,-0.022050000000000125,0.62424000000000035,0.62462931415360301,0.03999999999996362,15.615732853854277,True,False
LINK-metrica:Home:1-P1-F1438-1439,metrica:sample-game-2,metrica:Home,metrica:Home:1,1,1438,1439,57.520000000000003,57.560000000000002,57.520000000000003,57.560000000000002,0.39480000000000359,0.078879999999998063,0.40260289914505404,0.039999999999999147,10.065072478626565,True,False
LINK-metrica:Home:1-P1-F1439-1440,metrica:sample-game-2,metrica:Home,metrica:Home:1,1,1439,1440,57.560000000000002,57.600000000000001,57.560000000000002,57.600000000000001,0.39480000000000359,0.078879999999998063,0.40260289914505404,0.039999999999999147,10.065072478626565,True,False
LINK-metrica:Home:1-P1-F1440-1441,metrica:sample-game-2,metrica:Home,metrica:Home:1,1,1440,1441,57.600000000000001,57.640000000000001,57.600000000000001,57.640000000000001,0.39584999999999582,0.078880000000005168,0.40363260138397827,0.039999999999999147,10.090815034599672,True,False
LINK-metrica:Home:1-P1-F1441-1442,metrica:sample-game-2,metrica:Home,metrica:Home:1,1,1441,1442,57.640000000000001,57.68,57.640000000000001,57.68,0.39584999999999582,0.078879999999998063,0.40363260138397689,0.039999999999999147,10.090815034599638,True,False
LINK-metrica:Home:1-P1-F1442-1443,metrica:sample-game-2,metrica:Home,metrica:Home:1,1,1442,1443,57.68,57.719999999999999,57.68,57.719999999999999,0.39690000000000225,0.079559999999993636,0.40479550837429112,0.039999999999999147,10.119887709357494,True,False
LINK-metrica:Home:1-P1-F1443-1444,metrica:sample-game-2,metrica:Home,metrica:Home:1,1,1443,1444,57.719999999999999,57.759999999999998,57.719999999999999,57.759999999999998,0.39795000000000869,0.078880000000005168,0.4056923180194662,0.039999999999999147,10.142307950486872,True,False
LINK-metrica:Home:1-P1-F7875-7876,metrica:sample-game-2,metrica:Home,metrica:Home:1,1,7875,7876,315,315.04000000000002,315,315.04000000000002,-0.0020999999999986585,-0.40596000000000032,0.40596543153327752,0.040000000000020464,10.149135788326745,True,False
LINK-metrica:Home:1-P1-F7882-7883,metrica:sample-game-2,metrica:Home,metrica:Home:1,1,7882,7883,315.27999999999997,315.31999999999999,315.27999999999997,315.31999999999999,0.17115000000001146,0.49843999999999511,0.52700546116714864,0.040000000000020464,13.175136529171976,True,False
LINK-metrica:Home:1-P1-F9899-9900,metrica:sample-game-2,metrica:Home,metrica:Home:1,1,9899,9900,395.95999999999998,396,395.95999999999998,396,-0.10709999999999553,0.444039999999994,0.4567733919570991,0.040000000000020464,11.419334798921636,True,False
LINK-metrica:Home:1-P1-F17541-17542,metrica:sample-game-2,metrica:Home,metrica:Home:1,1,17541,17542,701.63999999999999,701.67999999999995,701.63999999999999,701.67999999999995,0.14805000000001201,0.38215999999999894,0.40983541586837363,0.03999999999996362,10.245885396718659,True,False
LINK-metrica:Home:1-P1-F17574-17575,metrica:sample-game-2,metrica:Home,metrica:Home:1,1,17574,17575,702.96000000000004,703,702.96000000000004,703,0.16169999999999618,0.37468000000001211,0.40808331551290827,0.03999999999996362,10.202082887831985,True,False
LINK-metrica:Home:1-P1-F17575-17576,metrica:sample-game-2,metrica:Home,metrica:Home:1,1,17575,17576,703,703.03999999999996,703,703.03999999999996,0.16275000000000261,0.37875999999999266,0.41224592187187886,0.03999999999996362,10.306148046806346,True,False
LINK-metrica:Home:1-P1-F17576-17577,metrica:sample-game-2,metrica:Home,metrica:Home:1,1,17576,17577,703.03999999999996,703.08000000000004,703.03999999999996,703.08000000000004,0.16485000000000127,0.38148000000000337,0.41557491851650885,0.040000000000077307,10.389372962892642,True,False
LINK-metrica:Home:1-P1-F17577-17578,metrica:sample-game-2,metrica:Home,metrica:Home:1,1,17577,17578,703.08000000000004,703.12,703.08000000000004,703.12,0.16590000000000771,0.38419999999999277,0.41848829135353,0.03999999999996362,10.462207283847766,True,False
LINK-metrica:Home:1-P1-F17578-17579,metrica:sample-game-2,metrica:Home,metrica:Home:1,1,17578,17579,703.12,703.15999999999997,703.12,703.15999999999997,0.16694999999999993,0.38828000000000884,0.42265075523416118,0.03999999999996362,10.566268880863639,True,False
LINK-metrica:Home:1-P1-F17579-17580,metrica:sample-game-2,metrica:Home,metrica:Home:1,1,17579,17580,703.15999999999997,703.20000000000005,703.15999999999997,703.20000000000005,0.16904999999999859,0.39168000000000092,0.42660417824958097,0.040000000000077307,10.665104456218913,True,False
LINK-metrica:Home:1-P1-F17580-17581,metrica:sample-game-2,metrica:Home,metrica:Home:1,1,17580,17581,703.20000000000005,703.24000000000001,703.20000000000005,703.24000000000001,0.16904999999999859,0.39439999999999742,0.42910285771595313,0.03999999999996362,10.727571442908586,True,False
LINK-metrica:Home:1-P1-F23002-23003,metrica:sample-game-2,metrica:Home,metrica:Home:1,1,23002,23003,920.08000000000004,920.12,920.08000000000004,920.12,0.16064999999998975,0.59500000000000597,0.61630627329275478,0.03999999999996362,15.407656832332883,True,False
LINK-metrica:Home:1-P1-F34925-34926,metrica:sample-game-2,metrica:Home,metrica:Home:1,1,34925,34926,1397,1397.04,1397,1397.04,0.44520000000000692,0.84116000000000923,0.95171066275419114,0.03999999999996362,23.792766568876416,True,True
LINK-metrica:Home:1-P1-F37233-37234,metrica:sample-game-2,metrica:Home,metrica:Home:1,1,37233,37234,1489.3199999999999,1489.3599999999999,1489.3199999999999,1489.3599999999999,-0.12494999999999834,-0.41819999999999879,0.43646734413928218,0.03999999999996362,10.911683603491978,True,False
LINK-metrica:Home:1-P1-F59943-59944,metrica:sample-game-2,metrica:Home,metrica:Home:1,1,59943,59944,2397.7199999999998,2397.7600000000002,2397.7199999999998,2397.7600000000002,-0.1375500000000045,-0.47735999999999734,0.49678221797886313,0.040000000000418368,12.419555449341679,True,False
LINK-metrica:Home:1-P2-F67947-67948,metrica:sample-game-2,metrica:Home,metrica:Home:1,2,67947,67948,0.23999999999999999,0.28000000000000003,2717.8800000000001,2717.9200000000001,0.072449999999996351,-0.5895599999999952,0.59399494619061688,0.03999999999996362,14.849873654778929,True,False
LINK-metrica:Home:10-P1-F6-7,metrica:sample-game-2,metrica:Home,metrica:Home:10,1,6,7,0.23999999999999999,0.28000000000000003,0.23999999999999999,0.28000000000000003,-0.1092000000000013,-2.0175599999999996,2.0205130520736554,0.040000000000000036,50.512826301841336,True,True
LINK-metrica:Home:10-P1-F6342-6343,metrica:sample-game-2,metrica:Home,metrica:Home:10,1,6342,6343,253.68000000000001,253.72,253.68000000000001,253.72,-0.12389999999999901,-0.39303999999999917,0.41210635957237923,0.039999999999992042,10.30265898931153,True,False
LINK-metrica:Home:10-P1-F10520-10521,metrica:sample-game-2,metrica:Home,metrica:Home:10,1,10520,10521,420.80000000000001,420.83999999999997,420.80000000000001,420.83999999999997,0.32339999999999947,-0.26927999999999841,0.42083165090092595,0.03999999999996362,10.520791272532717,True,False
LINK-metrica:Home:10-P1-F10521-10522,metrica:sample-game-2,metrica:Home,metrica:Home:10,1,10521,10522,420.83999999999997,420.88,420.83999999999997,420.88,0.32235000000000014,-0.26791999999999661,0.41915468373859105,0.040000000000020464,10.478867093459415,True,False
LINK-metrica:Home:10-P1-F10522-10523,metrica:sample-game-2,metrica:Home,metrica:Home:10,1,10522,10523,420.88,420.92000000000002,420.88,420.92000000000002,0.31920000000000215,-0.26588000000000633,0.41542847085870843,0.040000000000020464,10.385711771462397,True,False
LINK-metrica:Home:10-P1-F10523-10524,metrica:sample-game-2,metrica:Home,metrica:Home:10,1,10523,10524,420.92000000000002,420.95999999999998,420.92000000000002,420.95999999999998,0.31814999999999571,-0.26451999999999387,0.41375143854734092,0.03999999999996362,10.34378596369293,True,False
LINK-metrica:Home:10-P1-F10524-10525,metrica:sample-game-2,metrica:Home,metrica:Home:10,1,10524,10525,420.95999999999998,421,420.95999999999998,421,0.31500000000000483,-0.26316000000000273,0.41046094284353596,0.040000000000020464,10.261523571083149,True,False
LINK-metrica:Home:10-P1-F10525-10526,metrica:sample-game-2,metrica:Home,metrica:Home:10,1,10525,10526,421,421.04000000000002,421,421.04000000000002,0.3139499999999984,-0.26044000000000267,0.40791371158616424,0.040000000000020464,10.197842789648888,True,False
LINK-metrica:Home:10-P1-F11887-11888,metrica:sample-game-2,metrica:Home,metrica:Home:10,1,11887,11888,475.48000000000002,475.51999999999998,475.48000000000002,475.51999999999998,0.14699999999999847,-0.62015999999999849,0.63734404021689706,0.03999999999996362,15.933601005436918,True,False
LINK-metrica:Home:10-P1-F18952-18953,metrica:sample-game-2,metrica:Home,metrica:Home:10,1,18952,18953,758.08000000000004,758.12,758.08000000000004,758.12,0.48615000000000919,0.41751999999999612,0.64083131391966619,0.03999999999996362,16.020782848006224,True,False
LINK-metrica:Home:10-P1-F18953-18954,metrica:sample-game-2,metrica:Home,metrica:Home:10,1,18953,18954,758.12,758.15999999999997,758.12,758.15999999999997,0.49034999999999229,0.42160000000000508,0.64667587128328574,0.03999999999996362,16.166896782096849,True,False
LINK-metrica:Home:10-P1-F18954-18955,metrica:sample-game-2,metrica:Home,metrica:Home:10,1,18954,18955,758.15999999999997,758.20000000000005,758.15999999999997,758.20000000000005,0.49455000000000382,0.42636000000000251,0.65296443402378812,0.040000000000077307,16.324110850563155,True,False
LINK-metrica:Home:10-P1-F18955-18956,metrica:sample-game-2,metrica:Home,metrica:Home:10,1,18955,18956,758.20000000000005,758.24000000000001,758.20000000000005,758.24000000000001,0.49979999999999336,0.42975999999999459,0.65916135930437303,0.03999999999996362,16.479033982624312,True,False
LINK-metrica:Home:10-P1-F18956-18957,metrica:sample-game-2,metrica:Home,metrica:Home:10,1,18956,18957,758.24000000000001,758.27999999999997,758.24000000000001,758.27999999999997,0.50504999999999711,0.43384000000000356,0.66580225900788303,0.03999999999996362,16.645056475212215,True,False
LINK-metrica:Home:10-P1-F18957-18958,metrica:sample-game-2,metrica:Home,metrica:Home:10,1,18957,18958,758.27999999999997,758.32000000000005,758.27999999999997,758.32000000000005,0.50925000000000864,0.43792000000000542,0.67164684835113575,0.040000000000077307,16.791171208745943,True,False
LINK-metrica:Home:10-P1-F19099-19100,metrica:sample-game-2,metrica:Home,metrica:Home:10,1,19099,19100,763.96000000000004,764,763.96000000000004,764,-0.067199999999999704,-0.45627999999999957,0.46120199305727161,0.03999999999996362,11.530049826442276,True,False
LINK-metrica:Home:10-P1-F19100-19101,metrica:sample-game-2,metrica:Home,metrica:Home:10,1,19100,19101,764,764.03999999999996,764,764.03999999999996,-0.065100000000015257,-0.45152000000000925,0.45618890867710754,0.03999999999996362,11.404722716938061,True,False
LINK-metrica:Home:10-P1-F19101-19102,metrica:sample-game-2,metrica:Home,metrica:Home:10,1,19101,19102,764.03999999999996,764.08000000000004,764.03999999999996,764.08000000000004,-0.065099999999986835,-0.4467599999999976,0.45147813634770417,0.040000000000077307,11.28695340867079,True,False
LINK-metrica:Home:10-P1-F19102-19103,metrica:sample-game-2,metrica:Home,metrica:Home:10,1,19102,19103,764.08000000000004,764.12,764.08000000000004,764.12,-0.064050000000008822,-0.44199999999999307,0.44661661690984472,0.03999999999996362,11.165415422756272,True,False
LINK-metrica:Home:10-P1-F19103-19104,metrica:sample-game-2,metrica:Home,metrica:Home:10,1,19103,19104,764.12,764.15999999999997,764.12,764.15999999999997,-0.064049999999994611,-0.43792000000000542,0.44257917811393255,0.03999999999996362,11.064479452858377,True,False
LINK-metrica:Home:10-P1-F19104-19105,metrica:sample-game-2,metrica:Home,metrica:Home:10,1,19104,19105,764.15999999999997,764.20000000000005,764.15999999999997,764.20000000000005,-0.063000000000002387,-0.43384000000000356,0.43839040317963551,0.040000000000077307,10.959760079469707,True,False
LINK-metrica:Home:10-P1-F23921-23922,metrica:sample-game-2,metrica:Home,metrica:Home:10,1,23921,23922,956.84000000000003,956.88,956.84000000000003,956.88,-0.0094499999999939632,-0.43995999999999924,0.4400614776369311,0.03999999999996362,11.001536940933283,True,False
LINK-metrica:Home:10-P1-F26780-26781,metrica:sample-game-2,metrica:Home,metrica:Home:10,1,26780,26781,1071.2,1071.24,1071.2,1071.24,-0.050399999999996226,-0.41411999999999694,0.41717566371972981,0.03999999999996362,10.42939159300273,True,False
LINK-metrica:Home:10-P1-F26781-26782,metrica:sample-game-2,metrica:Home,metrica:Home:10,1,26781,26782,1071.24,1071.28,1071.24,1071.28,-0.050400000000003331,-0.41004000000000218,0.41312584232894722,0.03999999999996362,10.328146058233074,True,False
LINK-metrica:Home:10-P1-F26782-26783,metrica:sample-game-2,metrica:Home,metrica:Home:10,1,26782,26783,1071.28,1071.3199999999999,1071.28,1071.3199999999999,-0.050400000000003331,-0.406640000000003,0.40975144856364182,0.03999999999996362,10.243786214100362,True,False
LINK-metrica:Home:10-P1-F26783-26784,metrica:sample-game-2,metrica:Home,metrica:Home:10,1,26783,26784,1071.3199999999999,1071.3599999999999,1071.3199999999999,1071.3599999999999,-0.049349999999996896,-0.40255999999999403,0.40557363831984311,0.03999999999996362,10.139340958005299,True,False
LINK-metrica:Home:10-P1-F26784-26785,metrica:sample-game-2,metrica:Home,metrica:Home:10,1,26784,26785,1071.3599999999999,1071.4000000000001,1071.3599999999999,1071.4000000000001,-0.048299999999997567,-0.39916000000000196,0.40207162993675805,0.040000000000190994,10.051790748370955,True,False
LINK-metrica:Home:10-P1-F26930-26931,metrica:sample-game-2,metrica:Home,metrica:Home:10,1,26930,26931,1077.2,1077.24,1077.2,1077.24,-0.35909999999999798,0.22100000000000364,0.42165603280399078,0.03999999999996362,10.541400820109358,True,False
LINK-metrica:Home:10-P1-F26931-26932,metrica:sample-game-2,metrica:Home,metrica:Home:10,1,26931,26932,1077.24,1077.28,1077.24,1077.28,-0.36015000000000441,0.22236000000000899,0.42326350197011692,0.03999999999996362,10.581587549262547,True,False
LINK-metrica:Home:10-P1-F26932-26933,metrica:sample-game-2,metrica:Home,metrica:Home:10,1,26932,26933,1077.28,1077.3199999999999,1077.28,1077.3199999999999,-0.36329999999999529,0.22303999999999036,0.42630239455108893,0.03999999999996362,10.657559863786917,True,False
LINK-metrica:Home:10-P1-F26933-26934,metrica:sample-game-2,metrica:Home,metrica:Home:10,1,26933,26934,1077.3199999999999,1077.3599999999999,1077.3199999999999,1077.3599999999999,-0.36435000000000173,0.22372000000000725,0.4275529919203051,0.03999999999996362,10.688824798017349,True,False
LINK-metrica:Home:10-P1-F26934-26935,metrica:sample-game-2,metrica:Home,metrica:Home:10,1,26934,26935,1077.3599999999999,1077.4000000000001,1077.3599999999999,1077.4000000000001,-0.36540000000000106,0.22507999999999129,0.42915983782268913,0.040000000000190994,10.728995945515999,True,False
LINK-metrica:Home:10-P1-F26935-26936,metrica:sample-game-2,metrica:Home,metrica:Home:10,1,26935,26936,1077.4000000000001,1077.4400000000001,1077.4000000000001,1077.4400000000001,-0.36855000000000615,0.22644000000000375,0.4325554023474984,0.03999999999996362,10.813885058697295,True,False
LINK-metrica:Home:10-P1-F27355-27356,metrica:sample-game-2,metrica:Home,metrica:Home:10,1,27355,27356,1094.2,1094.24,1094.2,1094.24,-0.14175000000000182,-0.84728000000000492,0.8590555633368594,0.03999999999996362,21.476389083441017,True,True
LINK-metrica:Home:10-P1-F27356-27357,metrica:sample-game-2,metrica:Home,metrica:Home:10,1,27356,27357,1094.24,1094.28,1094.24,1094.28,-0.13964999999999606,-0.8316399999999966,0.84328358936955083,0.03999999999996362,21.082089734257945,True,True
LINK-metrica:Home:10-P1-F27357-27358,metrica:sample-game-2,metrica:Home,metrica:Home:10,1,27357,27358,1094.28,1094.3199999999999,1094.28,1094.3199999999999,-0.13649999999999807,-0.81532000000000338,0.8266673771233537,0.03999999999996362,20.666684428102638,True,True
LINK-metrica:Home:10-P1-F27358-27359,metrica:sample-game-2,metrica:Home,metrica:Home:10,1,27358,27359,1094.3199999999999,1094.3599999999999,1094.3199999999999,1094.3599999999999,-0.13439999999999941,-0.80035999999999774,0.81156607223318322,0.03999999999996362,20.289151805848032,True,True
LINK-metrica:Home:10-P1-F27359-27360,metrica:sample-game-2,metrica:Home,metrica:Home:10,1,27359,27360,1094.3599999999999,1094.4000000000001,1094.3599999999999,1094.4000000000001,-0.13125000000000142,-0.78540000000000276,0.79629122970179989,0.040000000000190994,19.907280742449942,True,False
LINK-metrica:Home:10-P1-F27360-27361,metrica:sample-game-2,metrica:Home,metrica:Home:10,1,27360,27361,1094.4000000000001,1094.4400000000001,1094.4000000000001,1094.4400000000001,-0.13020000000000209,-0.77043999999999713,0.78136408517412415,0.03999999999996362,19.534102129370869,True,False
LINK-metrica:Home:10-P1-F51746-51747,metrica:sample-game-2,metrica:Home,metrica:Home:10,1,51746,51747,2069.8400000000001,2069.8800000000001,2069.8400000000001,2069.8800000000001,0.31920000000000215,0.30395999999999646,0.44077241474484224,0.03999999999996362,11.019310368631078,True,False
LINK-metrica:Home:10-P1-F60038-60039,metrica:sample-game-2,metrica:Home,metrica:Home:10,1,60038,60039,2401.52,2401.5599999999999,2401.52,2401.5599999999999,0.37065000000000481,-0.3243599999999951,0.49253510747966017,0.03999999999996362,12.313377687002703,True,False
LINK-metrica:Home:10-P1-F60039-60040,metrica:sample-game-2,metrica:Home,metrica:Home:10,1,60039,60040,2401.5599999999999,2401.5999999999999,2401.5599999999999,2401.5999999999999,0.36749999999999972,-0.32232000000000838,0.4888214729326088,0.03999999999996362,12.220536823326334,True,False
LINK-metrica:Home:10-P1-F60040-60041,metrica:sample-game-2,metrica:Home,metrica:Home:10,1,60040,60041,2401.5999999999999,2401.6399999999999,2401.5999999999999,2401.6399999999999,0.36539999999999395,-0.31959999999999411,0.48544960603546877,0.03999999999996362,12.136240150897757,True,False
LINK-metrica:Home:10-P1-F60041-60042,metrica:sample-game-2,metrica:Home,metrica:Home:10,1,60041,60042,2401.6399999999999,2401.6799999999998,2401.6399999999999,2401.6799999999998,0.36225000000000307,-0.31687999999999761,0.48128785243344829,0.03999999999996362,12.03219631084715,True,False
LINK-metrica:Home:10-P1-F60042-60043,metrica:sample-game-2,metrica:Home,metrica:Home:10,1,60042,60043,2401.6799999999998,2401.7199999999998,2401.6799999999998,2401.7199999999998,0.35909999999999798,-0.31484000000000378,0.47757411529520832,0.03999999999996362,11.939352882391066,True,False
LINK-metrica:Home:10-P1-F60043-60044,metrica:sample-game-2,metrica:Home,metrica:Home:10,1,60043,60044,2401.7199999999998,2401.7600000000002,2401.7199999999998,2401.7600000000002,0.35699999999999932,-0.31280000000000285,0.47465022911613697,0.040000000000418368,11.866255727779313,True,False
LINK-metrica:Home:10-P2-F67947-67948,metrica:sample-game-2,metrica:Home,metrica:Home:10,2,67947,67948,0.23999999999999999,0.28000000000000003,2717.8800000000001,2717.9200000000001,0.20895000000000152,-2.9362400000000051,2.9436653070789198,0.03999999999996362,73.591632677039925,True,True
LINK-metrica:Home:10-P2-F67948-67949,metrica:sample-game-2,metrica:Home,metrica:Home:10,2,67948,67949,0.28000000000000003,0.32000000000000001,2717.9200000000001,2717.96,0.035699999999998511,-0.59159999999999258,0.5926761763391466,0.03999999999996362,14.816904408492141,True,False
LINK-metrica:Home:10-P2-F74535-74536,metrica:sample-game-2,metrica:Home,metrica:Home:10,2,74535,74536,263.75999999999999,263.80000000000001,2981.4000000000001,2981.4400000000001,0.34230000000000871,0.2162399999999991,0.40488149821893021,0.03999999999996362,10.122037455482461,True,False
LINK-metrica:Home:10-P2-F74536-74537,metrica:sample-game-2,metrica:Home,metrica:Home:10,2,74536,74537,263.80000000000001,263.83999999999997,2981.4400000000001,2981.48,0.34544999999999959,0.21759999999999735,0.40827130991535343,0.03999999999996362,10.206782747893119,True,False
LINK-metrica:Home:10-P2-F74537-74538,metrica:sample-game-2,metrica:Home,metrica:Home:10,2,74537,74538,263.83999999999997,263.88,2981.48,2981.52,0.34754999999999825,0.21964000000000539,0.41113590465927585,0.03999999999996362,10.278397616491244,True,False
LINK-metrica:Home:10-P2-F74538-74539,metrica:sample-game-2,metrica:Home,metrica:Home:10,2,74538,74539,263.88,263.92000000000002,2981.52,2981.5599999999999,0.35070000000000334,0.22167999999999566,0.41488855419256915,0.03999999999996362,10.372213854823663,True,False
LINK-metrica:Home:10-P2-F74539-74540,metrica:sample-game-2,metrica:Home,metrica:Home:10,2,74539,74540,263.92000000000002,263.95999999999998,2981.5599999999999,2981.5999999999999,0.352800000000002,0.22235999999999834,0.41702734874346148,0.03999999999996362,10.425683718596019,True,False
LINK-metrica:Home:10-P2-F74540-74541,metrica:sample-game-2,metrica:Home,metrica:Home:10,2,74540,74541,263.95999999999998,264,2981.5999999999999,2981.6399999999999,0.35594999999999288,0.22440000000000637,0.42077994545842817,0.03999999999996362,10.519498636470273,True,False
LINK-metrica:Home:10-P2-F74544-74545,metrica:sample-game-2,metrica:Home,metrica:Home:10,2,74544,74545,264.12,264.16000000000003,2981.7600000000002,2981.8000000000002,0.30030000000000712,0.37264000000000408,0.47858192569298658,0.03999999999996362,11.964548142335547,True,False
LINK-metrica:Home:10-P2-F74545-74546,metrica:sample-game-2,metrica:Home,metrica:Home:10,2,74545,74546,264.16000000000003,264.19999999999999,2981.8000000000002,2981.8400000000001,0.30870000000000175,0.38963999999999999,0.49710664811486988,0.03999999999996362,12.427666202883049,True,False
LINK-metrica:Home:10-P2-F74546-74547,metrica:sample-game-2,metrica:Home,metrica:Home:10,2,74546,74547,264.19999999999999,264.24000000000001,2981.8400000000001,2981.8800000000001,0.27824999999999989,0.36379999999999768,0.45801037379081083,0.03999999999996362,11.450259344780685,True,False
LINK-metrica:Home:10-P2-F74547-74548,metrica:sample-game-2,metrica:Home,metrica:Home:10,2,74547,74548,264.24000000000001,264.27999999999997,2981.8800000000001,2981.9200000000001,0.25410000000000821,0.34000000000000341,0.42446061065781654,0.03999999999996362,10.611515266455065,True,False
LINK-metrica:Home:10-P2-F74563-74564,metrica:sample-game-2,metrica:Home,metrica:Home:10,2,74563,74564,264.88,264.92000000000002,2982.52,2982.5599999999999,-1.0688999999999851,-1.1301600000000072,1.5555734748317047,0.03999999999996362,38.889336870827989,True,True
LINK-metrica:Home:10-P2-F74564-74565,metrica:sample-game-2,metrica:Home,metrica:Home:10,2,74564,74565,264.92000000000002,264.95999999999998,2982.5599999999999,2982.5999999999999,-1.0321500000000015,-1.0927599999999913,1.5031493738481163,0.03999999999996362,37.578734346237084,True,True
LINK-metrica:Home:10-P2-F74565-74566,metrica:sample-game-2,metrica:Home,metrica:Home:10,2,74565,74566,264.95999999999998,265,2982.5999999999999,2982.6399999999999,-0.99855000000002292,-1.0567200000000021,1.4538773197557111,0.03999999999996362,36.346932993925833,True,True
LINK-metrica:Home:10-P2-F74566-74567,metrica:sample-game-2,metrica:Home,metrica:Home:10,2,74566,74567,265,265.04000000000002,2982.6399999999999,2982.6799999999998,-0.9670499999999862,-1.0220400000000005,1.407036411788968,0.03999999999996362,35.175910294756193,True,True
LINK-metrica:Home:10-P2-F74567-74568,metrica:sample-game-2,metrica:Home,metrica:Home:10,2,74567,74568,265.04000000000002,265.07999999999998,2982.6799999999998,2982.7199999999998,-0.93554999999999211,-0.99007999999999896,1.3621718720117455,0.03999999999996362,34.054296800324607,True,True
LINK-metrica:Home:10-P2-F74568-74569,metrica:sample-game-2,metrica:Home,metrica:Home:10,2,74568,74569,265.07999999999998,265.12,2982.7199999999998,2982.7600000000002,-0.90615000000001089,-0.9588000000000001,1.3192442012379739,0.040000000000418368,32.98110503060439,True,True
LINK-metrica:Home:10-P2-F85367-85368,metrica:sample-game-2,metrica:Home,metrica:Home:10,2,85367,85368,697.03999999999996,697.08000000000004,3414.6799999999998,3414.7199999999998,0.1554000000000002,-1.2185600000000036,1.2284289289983401,0.03999999999996362,30.710723224986435,True,True
LINK-metrica:Home:10-P2-F85368-85369,metrica:sample-game-2,metrica:Home,metrica:Home:10,2,85368,85369,697.08000000000004,697.12,3414.7199999999998,3414.7600000000002,0.15225000000000222,-1.1872800000000012,1.1970020304494071,0.040000000000418368,29.925050760922186,True,True
LINK-metrica:Home:10-P2-F85369-85370,metrica:sample-game-2,metrica:Home,metrica:Home:10,2,85369,85370,697.12,697.15999999999997,3414.7600000000002,3414.8000000000002,0.14804999999999779,-1.1580399999999926,1.1674653931059296,0.03999999999996362,29.186634827674784,True,True
LINK-metrica:Home:10-P2-F85370-85371,metrica:sample-game-2,metrica:Home,metrica:Home:10,2,85370,85371,697.15999999999997,697.20000000000005,3414.8000000000002,3414.8400000000001,0.14385000000000758,-1.1294800000000009,1.1386034836149082,0.03999999999996362,28.465087090398594,True,True
LINK-metrica:Home:10-P2-F85371-85372,metrica:sample-game-2,metrica:Home,metrica:Home:10,2,85371,85372,697.20000000000005,697.24000000000001,3414.8400000000001,3414.8800000000001,0.14069999999999538,-1.1029600000000102,1.1118980401098031,0.03999999999996362,27.797451002770359,True,True
LINK-metrica:Home:10-P2-F85372-85373,metrica:sample-game-2,metrica:Home,metrica:Home:10,2,85372,85373,697.24000000000001,697.27999999999997,3414.8800000000001,3414.9200000000001,0.1375499999999974,-1.0757599999999954,1.0845181326745945,0.03999999999996362,27.112953316889524,True,True
LINK-metrica:Home:10-P2-F85373-85374,metrica:sample-game-2,metrica:Home,metrica:Home:10,2,85373,85374,697.27999999999997,697.32000000000005,3414.9200000000001,3414.96,-0.070349999999997692,0.81192000000000064,0.81496209046801726,0.03999999999996362,20.374052261718962,True,True
LINK-metrica:Home:10-P2-F85374-85375,metrica:sample-game-2,metrica:Home,metrica:Home:10,2,85374,85375,697.32000000000005,697.36000000000001,3414.96,3415,-0.049350000000004002,0.71876000000000317,0.72045219140481831,0.03999999999996362,18.01130478513684,True,False
LINK-metrica:Home:10-P2-F85375-85376,metrica:sample-game-2,metrica:Home,metrica:Home:10,2,85375,85376,697.36000000000001,697.39999999999998,3415,3415.04,-0.023099999999999454,0.42635999999999541,0.42698531543836027,0.03999999999996362,10.674632885968716,True,False
LINK-metrica:Home:10-P2-F98850-98851,metrica:sample-game-2,metrica:Home,metrica:Home:10,2,98850,98851,1236.3599999999999,1236.4000000000001,3954,3954.04,-0.22574999999999079,-0.59499999999999886,0.63638672401299701,0.03999999999996362,15.909668100339395,True,False
LINK-metrica:Home:10-P2-F98869-98870,metrica:sample-game-2,metrica:Home,metrica:Home:10,2,98869,98870,1237.1199999999999,1237.1600000000001,3954.7600000000002,3954.8000000000002,0.35909999999999798,0.62151999999999674,0.7178021457198317,0.03999999999996362,17.945053643012113,True,False
LINK-metrica:Home:10-P2-F98870-98871,metrica:sample-game-2,metrica:Home,metrica:Home:10,2,98870,98871,1237.1600000000001,1237.2,3954.8000000000002,3954.8400000000001,0.36224999999998886,0.62968000000000046,0.72644474318422347,0.03999999999996362,18.161118579622105,True,False
LINK-metrica:Home:10-P2-F98871-98872,metrica:sample-game-2,metrica:Home,metrica:Home:10,2,98871,98872,1237.2,1237.24,3954.8400000000001,3954.8800000000001,0.36854999999999905,0.63920000000000954,0.73783856127205194,0.03999999999996362,18.445964031818075,True,False
LINK-metrica:Home:10-P2-F98872-98873,metrica:sample-game-2,metrica:Home,metrica:Home:10,2,98872,98873,1237.24,1237.28,3954.8800000000001,3954.9200000000001,0.3738000000000028,0.64803999999999462,0.74811916270069911,0.03999999999996362,18.702979067534489,True,False
LINK-metrica:Home:10-P2-F98873-98874,metrica:sample-game-2,metrica:Home,metrica:Home:10,2,98873,98874,1237.28,1237.3199999999999,3954.9200000000001,3954.96,0.37905000000000655,0.65755999999999659,0.75898883792846417,0.03999999999996362,18.97472094822886,True,False
LINK-metrica:Home:10-P2-F98874-98875,metrica:sample-game-2,metrica:Home,metrica:Home:10,2,98874,98875,1237.3199999999999,1237.3599999999999,3954.96,3955,0.38429999999999609,0.66640000000000299,0.76926942614405325,0.03999999999996362,19.231735653618824,True,False
LINK-metrica:Home:10-P2-F100068-100069,metrica:sample-game-2,metrica:Home,metrica:Home:10,2,100068,100069,1285.0799999999999,1285.1199999999999,4002.7199999999998,4002.7600000000002,-0.275100000000009,-0.85611999999999711,0.89923382076076297,0.040000000000418368,22.480845518783944,True,True
LINK-metrica:Home:10-P2-F104060-104061,metrica:sample-game-2,metrica:Home,metrica:Home:10,2,104060,104061,1444.76,1444.8,4162.3999999999996,4162.4399999999996,-0.078749999999999432,0.45084000000001367,0.45766610984429712,0.03999999999996362,11.441652746117834,True,False
LINK-metrica:Home:10-P2-F116028-116029,metrica:sample-game-2,metrica:Home,metrica:Home:10,2,116028,116029,1923.48,1923.52,4641.1199999999999,4641.1599999999999,-0.10815000000000907,-0.43111999999999995,0.44447820745229111,0.03999999999996362,11.111955186317385,True,False
LINK-metrica:Home:12-P2-F107118-107119,metrica:sample-game-2,metrica:Home,metrica:Home:12,2,107118,107119,1567.0799999999999,1567.1199999999999,4284.7200000000003,4284.7600000000002,-0.18585000000000207,0.54128000000000043,0.57229735356718303,0.03999999999996362,14.307433839192589,True,False
LINK-metrica:Home:12-P2-F112147-112148,metrica:sample-game-2,metrica:Home,metrica:Home:12,2,112147,112148,1768.24,1768.28,4485.8800000000001,4485.9200000000001,-0.16169999999999618,0.38488000000000255,0.41746796811252562,0.03999999999996362,10.436699202822632,True,False
LINK-metrica:Home:12-P2-F112148-112149,metrica:sample-game-2,metrica:Home,metrica:Home:12,2,112148,112149,1768.28,1768.3199999999999,4485.9200000000001,4485.96,-0.18900000000000006,0.41479999999999961,0.4558289591502494,0.03999999999996362,11.395723978766599,True,False
LINK-metrica:Home:12-P2-F112149-112150,metrica:sample-game-2,metrica:Home,metrica:Home:12,2,112149,112150,1768.3199999999999,1768.3599999999999,4485.96,4486,-0.19320000000000448,0.43655999999999651,0.47740011897778017,0.03999999999996362,11.93500297445536,True,False
LINK-metrica:Home:12-P2-F112150-112151,metrica:sample-game-2,metrica:Home,metrica:Home:12,2,112150,112151,1768.3599999999999,1768.4000000000001,4486,4486.04,-0.19109999999999872,0.43111999999999995,0.4715757249901647,0.03999999999996362,11.789393124764841,True,False
LINK-metrica:Home:12-P2-F112151-112152,metrica:sample-game-2,metrica:Home,metrica:Home:12,2,112151,112152,1768.4000000000001,1768.4400000000001,4486.04,4486.0799999999999,-0.18059999999999832,0.40324000000000026,0.44183578125814982,0.03999999999996362,11.045894531463791,True,False
LINK-metrica:Home:12-P2-F112243-112244,metrica:sample-game-2,metrica:Home,metrica:Home:12,2,112243,112244,1772.0799999999999,1772.1199999999999,4489.7200000000003,4489.7600000000002,-0.050400000000003331,0.71263999999999683,0.71441999524089173,0.03999999999996362,17.860499881038539,True,False
LINK-metrica:Home:12-P2-F112244-112245,metrica:sample-game-2,metrica:Home,metrica:Home:12,2,112244,112245,1772.1199999999999,1772.1600000000001,4489.7600000000002,4489.8000000000002,-0.051449999999995555,0.72556000000000509,0.72738189151229693,0.03999999999996362,18.18454728782396,True,False
LINK-metrica:Home:12-P2-F112245-112246,metrica:sample-game-2,metrica:Home,metrica:Home:12,2,112245,112246,1772.1600000000001,1772.2,4489.8000000000002,4489.8400000000001,-0.05250000000000199,0.73847999999999558,0.74034381229263591,0.03999999999996362,18.50859530733273,True,False
LINK-metrica:Home:12-P2-F112246-112247,metrica:sample-game-2,metrica:Home,metrica:Home:12,2,112246,112247,1772.2,1772.24,4489.8400000000001,4489.8800000000001,-0.053550000000001319,0.75207999999999942,0.75398403756312993,0.03999999999996362,18.849600939095392,True,False
LINK-metrica:Home:12-P2-F112247-112248,metrica:sample-game-2,metrica:Home,metrica:Home:12,2,112247,112248,1772.24,1772.28,4489.8800000000001,4489.9200000000001,-0.054600000000000648,0.76704000000000505,0.76898083305112863,0.03999999999996362,19.224520826295702,True,False
LINK-metrica:Home:12-P2-F112248-112249,metrica:sample-game-2,metrica:Home,metrica:Home:12,2,112248,112249,1772.28,1772.3199999999999,4489.9200000000001,4489.96,-0.054600000000000648,0.78063999999999467,0.78254710375797298,0.03999999999996362,19.563677593967117,True,False
LINK-metrica:Home:12-P2-F112826-112827,metrica:sample-game-2,metrica:Home,metrica:Home:12,2,112826,112827,1795.4000000000001,1795.4400000000001,4513.04,4513.0799999999999,-0.40634999999999621,0.30939999999999657,0.51073347501411615,0.03999999999996362,12.768336875364517,True,False
LINK-metrica:Home:12-P2-F112827-112828,metrica:sample-game-2,metrica:Home,metrica:Home:12,2,112827,112828,1795.4400000000001,1795.48,4513.0799999999999,4513.1199999999999,-0.40845000000000198,0.3114399999999975,0.51364022048511737,0.03999999999996362,12.841005512139613,True,False
LINK-metrica:Home:12-P2-F112828-112829,metrica:sample-game-2,metrica:Home,metrica:Home:12,2,112828,112829,1795.48,1795.52,4513.1199999999999,4513.1599999999999,-0.4126499999999993,0.31416000000000111,0.51862947091348377,0.03999999999996362,12.965736772848887,True,False
LINK-metrica:Home:12-P2-F112829-112830,metrica:sample-game-2,metrica:Home,metrica:Home:12,2,112829,112830,1795.52,1795.5599999999999,4513.1599999999999,4513.1999999999998,-0.41475000000000506,0.31620000000000203,0.52153619481298275,0.03999999999996362,13.038404870336427,True,False
LINK-metrica:Home:12-P2-F112830-112831,metrica:sample-game-2,metrica:Home,metrica:Home:12,2,112830,112831,1795.5599999999999,1795.5999999999999,4513.1999999999998,4513.2399999999998,-0.41789999999999594,0.31824000000000296,0.52527812404477547,0.03999999999996362,13.13195310113133,True,False
LINK-metrica:Home:12-P2-F112831-112832,metrica:sample-game-2,metrica:Home,metrica:Home:12,2,112831,112832,1795.5999999999999,1795.6400000000001,4513.2399999999998,4513.2799999999997,-0.42000000000000171,0.32095999999999947,0.5285975043452259,0.03999999999996362,13.214937608642666,True,False
LINK-metrica:Home:12-P2-F115107-115108,metrica:sample-game-2,metrica:Home,metrica:Home:12,2,115107,115108,1886.6400000000001,1886.6800000000001,4604.2799999999997,4604.3199999999997,-0.15224999999999511,-0.43791999999999831,0.46363130707491812,0.03999999999996362,11.590782676883494,True,False
LINK-metrica:Home:12-P2-F115108-115109,metrica:sample-game-2,metrica:Home,metrica:Home:12,2,115108,115109,1886.6800000000001,1886.72,4604.3199999999997,4604.3599999999997,-0.14700000000000557,-0.43451999999999913,0.45871192528644911,0.03999999999996362,11.467798132171657,True,False
LINK-metrica:Home:12-P2-F115109-115110,metrica:sample-game-2,metrica:Home,metrica:Home:12,2,115109,115110,1886.72,1886.76,4604.3599999999997,4604.3999999999996,0.064050000000001717,0.44335999999999487,0.44796260122916026,0.03999999999996362,11.199065030739192,True,False
LINK-metrica:Home:12-P2-F115110-115111,metrica:sample-game-2,metrica:Home,metrica:Home:12,2,115110,115111,1886.76,1886.8,4604.3999999999996,4604.4399999999996,0.065100000000001046,0.44880000000000564,0.45349691288916749,0.03999999999996362,11.337422822239498,True,False
LINK-metrica:Home:12-P2-F115111-115112,metrica:sample-game-2,metrica:Home,metrica:Home:12,2,115111,115112,1886.8,1886.8399999999999,4604.4399999999996,4604.4799999999996,0.066150000000000375,0.45355999999999597,0.45835847990409906,0.03999999999996362,11.458961997612898,True,False
LINK-metrica:Home:12-P2-F115112-115113,metrica:sample-game-2,metrica:Home,metrica:Home:12,2,115112,115113,1886.8399999999999,1886.8800000000001,4604.4799999999996,4604.5200000000004,0.067199999999999704,0.45900000000000318,0.46389313424538081,0.040000000000873115,11.597328355881375,True,False
LINK-metrica:Home:12-P2-F115113-115114,metrica:sample-game-2,metrica:Home,metrica:Home:12,2,115113,115114,1886.8800000000001,1886.9200000000001,4604.5200000000004,4604.5600000000004,0.068249999999999034,0.46511999999999531,0.47010070931662662,0.03999999999996362,11.752517732926353,True,False
LINK-metrica:Home:12-P2-F115114-115115,metrica:sample-game-2,metrica:Home,metrica:Home:12,2,115114,115115,1886.9200000000001,1886.96,4604.5600000000004,4604.6000000000004,0.068249999999999034,0.46988000000000696,0.47481078010088018,0.03999999999996362,11.8702695025328,True,False
LINK-metrica:Home:12-P2-F115183-115184,metrica:sample-game-2,metrica:Home,metrica:Home:12,2,115183,115184,1889.6800000000001,1889.72,4607.3199999999997,4607.3599999999997,0.47775000000000034,-0.67320000000000135,0.82549579193355205,0.03999999999996362,20.637394798357573,True,True
LINK-metrica:Home:12-P2-F115184-115185,metrica:sample-game-2,metrica:Home,metrica:Home:12,2,115184,115185,1889.72,1889.76,4607.3599999999997,4607.3999999999996,0.4693499999999915,-0.661640000000002,0.81120707103673273,0.03999999999996362,20.280176775936763,True,True
LINK-metrica:Home:12-P2-F115185-115186,metrica:sample-game-2,metrica:Home,metrica:Home:12,2,115185,115186,1889.76,1889.8,4607.3999999999996,4607.4399999999996,0.46305000000000973,-0.6514399999999938,0.79924300190868169,0.03999999999996362,19.981075047735214,True,False
LINK-metrica:Home:12-P2-F115186-115187,metrica:sample-game-2,metrica:Home,metrica:Home:12,2,115186,115187,1889.8,1889.8399999999999,4607.4399999999996,4607.4799999999996,0.45464999999999378,-0.64124000000000336,0.78606320362932569,0.03999999999996362,19.651580090751015,True,False
LINK-metrica:Home:12-P2-F115187-115188,metrica:sample-game-2,metrica:Home,metrica:Home:12,2,115187,115188,1889.8399999999999,1889.8800000000001,4607.4799999999996,4607.5200000000004,0.44729999999999848,-0.63103999999999871,0.77349128734588668,0.040000000000873115,19.337282183225074,True,False
LINK-metrica:Home:12-P2-F115188-115189,metrica:sample-game-2,metrica:Home,metrica:Home:12,2,115188,115189,1889.8800000000001,1889.9200000000001,4607.5200000000004,4607.5600000000004,0.4410000000000025,-0.62084000000000472,0.7615269565813203,0.03999999999996362,19.038173914550324,True,False
LINK-metrica:Home:12-P2-F121601-121602,metrica:sample-game-2,metrica:Home,metrica:Home:12,2,121601,121602,2146.4000000000001,2146.4400000000001,4864.04,4864.0799999999999,0.52605000000001212,-0.058479999999995869,0.52929057510975219,0.03999999999996362,13.23226437775584,True,False
LINK-metrica:Home:12-P2-F121602-121603,metrica:sample-game-2,metrica:Home,metrica:Home:12,2,121602,121603,2146.4400000000001,2146.48,4864.0799999999999,4864.1199999999999,0.52604999999999791,-0.058479999999995869,0.52929057510973809,0.03999999999996362,13.232264377755486,True,False
LINK-metrica:Home:12-P2-F121603-121604,metrica:sample-game-2,metrica:Home,metrica:Home:12,2,121603,121604,2146.48,2146.52,4864.1199999999999,4864.1599999999999,0.52394999999999925,-0.057800000000003848,0.52712848765742082,0.03999999999996362,13.178212191447505,True,False
LINK-metrica:Home:12-P2-F121604-121605,metrica:sample-game-2,metrica:Home,metrica:Home:12,2,121604,121605,2146.52,2146.5599999999999,4864.1599999999999,4864.1999999999998,0.52289999999999281,-0.058479999999999421,0.52615997605290399,0.03999999999996362,13.153999401334563,True,False
LINK-metrica:Home:12-P2-F121605-121606,metrica:sample-game-2,metrica:Home,metrica:Home:12,2,121605,121606,2146.5599999999999,2146.5999999999999,4864.1999999999998,4864.2399999999998,0.52290000000000703,-0.057800000000000296,0.52608483156237007,0.03999999999996362,13.152120789071214,True,False
LINK-metrica:Home:12-P2-F121606-121607,metrica:sample-game-2,metrica:Home,metrica:Home:12,2,121606,121607,2146.5999999999999,2146.6399999999999,4864.2399999999998,4864.2799999999997,0.52185000000000059,-0.058480000000002974,0.52511649459905652,0.03999999999996362,13.127912364988353,True,False
LINK-metrica:Home:12-P2-F121711-121712,metrica:sample-game-2,metrica:Home,metrica:Home:12,2,121711,121712,2150.8000000000002,2150.8400000000001,4868.4399999999996,4868.4799999999996,1.2347999999999928,-0.44811999999999941,1.3135990919607023,0.03999999999996362,32.839977299047426,True,True
LINK-metrica:Home:12-P2-F121712-121713,metrica:sample-game-2,metrica:Home,metrica:Home:12,2,121712,121713,2150.8400000000001,2150.8800000000001,4868.4799999999996,4868.5200000000004,1.2169499999999971,-0.44199999999999662,1.2947321354241541,0.040000000000873115,32.368303384897324,True,True
LINK-metrica:Home:12-P2-F121713-121714,metrica:sample-game-2,metrica:Home,metrica:Home:12,2,121713,121714,2150.8800000000001,2150.9200000000001,4868.5200000000004,4868.5600000000004,1.2012,-0.43655999999999651,1.2780712318176937,0.03999999999996362,31.9517807954714,True,True
LINK-metrica:Home:12-P2-F121714-121715,metrica:sample-game-2,metrica:Home,metrica:Home:12,2,121714,121715,2150.9200000000001,2150.96,4868.5600000000004,4868.6000000000004,1.1843999999999966,-0.43044000000000437,1.2601912369160466,0.03999999999996362,31.504780922929818,True,True
LINK-metrica:Home:12-P2-F121715-121716,metrica:sample-game-2,metrica:Home,metrica:Home:12,2,121715,121716,2150.96,2151,4868.6000000000004,4868.6400000000003,1.1686500000000137,-0.42432000000000158,1.2432981480320935,0.03999999999996362,31.082453700830605,True,True
LINK-metrica:Home:12-P2-F121716-121717,metrica:sample-game-2,metrica:Home,metrica:Home:12,2,121716,121717,2151,2151.04,4868.6400000000003,4868.6800000000003,1.1529000000000025,-0.41887999999999792,1.2266372179254974,0.03999999999996362,30.665930448165327,True,True
LINK-metrica:Home:12-P2-F131287-131288,metrica:sample-game-2,metrica:Home,metrica:Home:12,2,131287,131288,2533.8400000000001,2533.8800000000001,5251.4799999999996,5251.5200000000004,-0.42210000000000036,0.68679999999999808,0.80614058947555645,0.040000000000873115,20.153514736449004,True,True
LINK-metrica:Home:12-P2-F131288-131289,metrica:sample-game-2,metrica:Home,metrica:Home:12,2,131288,131289,2533.8800000000001,2533.9200000000001,5251.5200000000004,5251.5600000000004,-0.42735000000000412,0.69699999999999562,0.81757997926808201,0.03999999999996362,20.439499481720642,True,True
LINK-metrica:Home:12-P2-F131289-131290,metrica:sample-game-2,metrica:Home,metrica:Home:12,2,131289,131290,2533.9200000000001,2533.96,5251.5600000000004,5251.6000000000004,-0.43469999999999942,0.7065200000000047,0.82953878776101009,0.03999999999996362,20.738469694044113,True,True
LINK-metrica:Home:12-P2-F131290-131291,metrica:sample-game-2,metrica:Home,metrica:Home:12,2,131290,131291,2533.96,2534,5251.6000000000004,5251.6400000000003,-0.4409999999999954,0.71740000000000492,0.84210673907765576,0.03999999999996362,21.052668476960541,True,True
LINK-metrica:Home:12-P2-F131291-131292,metrica:sample-game-2,metrica:Home,metrica:Home:12,2,131291,131292,2534,2534.04,5251.6400000000003,5251.6800000000003,-0.44730000000000558,0.72827999999999804,0.85467482026792052,0.03999999999996362,21.366870506717447,True,True
LINK-metrica:Home:12-P2-F131292-131293,metrica:sample-game-2,metrica:Home,metrica:Home:12,2,131292,131293,2534.04,2534.0799999999999,5251.6800000000003,5251.7200000000003,-0.45360000000000156,0.73847999999998848,0.86666352778917866,0.03999999999996362,21.666588194749171,True,True
LINK-metrica:Home:12-P2-F131828-131829,metrica:sample-game-2,metrica:Home,metrica:Home:12,2,131828,131829,2555.48,2555.52,5273.1199999999999,5273.1599999999999,0.40005000000000024,-0.32707999999999515,0.51674106562184219,0.03999999999996362,12.918526640557804,True,False
LINK-metrica:Home:12-P2-F131829-131830,metrica:sample-game-2,metrica:Home,metrica:Home:12,2,131829,131830,2555.52,2555.5599999999999,5273.1599999999999,5273.1999999999998,0.39795000000000158,-0.32504000000000133,0.51382409840333698,0.03999999999996362,12.845602460095108,True,False
LINK-metrica:Home:12-P2-F131830-131831,metrica:sample-game-2,metrica:Home,metrica:Home:12,2,131830,131831,2555.5599999999999,2555.5999999999999,5273.1999999999998,5273.2399999999998,0.39479999999999649,-0.3230000000000004,0.51009414817266574,0.03999999999996362,12.752353704328241,True,False
LINK-metrica:Home:12-P2-F131831-131832,metrica:sample-game-2,metrica:Home,metrica:Home:12,2,131831,131832,2555.5999999999999,2555.6399999999999,5273.2399999999998,5273.2799999999997,0.39269999999999783,-0.32095999999999947,0.50717710082376344,0.03999999999996362,12.679427520605618,True,False
LINK-metrica:Home:12-P2-F131832-131833,metrica:sample-game-2,metrica:Home,metrica:Home:12,2,131832,131833,2555.6399999999999,2555.6799999999998,5273.2799999999997,5273.3199999999997,0.38954999999999984,-0.31824000000000296,0.50301679902365259,0.03999999999996362,12.575419975602752,True,False
LINK-metrica:Home:12-P2-F131833-131834,metrica:sample-game-2,metrica:Home,metrica:Home:12,2,131833,131834,2555.6799999999998,2555.7199999999998,5273.3199999999997,5273.3599999999997,0.38640000000000185,-0.31620000000000203,0.49928689147623606,0.03999999999996362,12.482172286917255,True,False
LINK-metrica:Home:13-P2-F112738-112739,metrica:sample-game-2,metrica:Home,metrica:Home:13,2,112738,112739,1791.8800000000001,1791.9200000000001,4509.5200000000004,4509.5600000000004,0.11235000000000639,0.75275999999999499,0.76109798324525457,0.03999999999996362,19.027449581148669,True,False
LINK-metrica:Home:13-P2-F112739-112740,metrica:sample-game-2,metrica:Home,metrica:Home:13,2,112739,112740,1791.9200000000001,1791.96,4509.5600000000004,4509.6000000000004,-0.29295000000000471,0.70720000000000738,0.76547471708738568,0.03999999999996362,19.136867927202047,True,False
LINK-metrica:Home:13-P2-F112740-112741,metrica:sample-game-2,metrica:Home,metrica:Home:13,2,112740,112741,1791.96,1792,4509.6000000000004,4509.6400000000003,-0.29715000000000202,0.71875999999999607,0.77776221308314764,0.03999999999996362,19.444055327096375,True,False
LINK-metrica:Home:13-P2-F112741-112742,metrica:sample-game-2,metrica:Home,metrica:Home:13,2,112741,112742,1792,1792.04,4509.6400000000003,4509.6800000000003,-0.30239999999999867,0.73100000000000165,0.79107949031687175,0.03999999999996362,19.77698725793978,True,False
LINK-metrica:Home:13-P2-F112742-112743,metrica:sample-game-2,metrica:Home,metrica:Home:13,2,112742,112743,1792.04,1792.0799999999999,4509.6800000000003,4509.7200000000003,-0.30659999999999599,0.74255999999999744,0.80336723458203962,0.03999999999996362,20.084180864569259,True,True
LINK-metrica:Home:13-P2-F112743-112744,metrica:sample-game-2,metrica:Home,metrica:Home:13,2,112743,112744,1792.0799999999999,1792.1199999999999,4509.7200000000003,4509.7600000000002,-0.31289999999999907,0.7554799999999986,0.81771415568033146,0.03999999999996362,20.442853892026879,True,True
LINK-metrica:Home:13-P2-F112744-112745,metrica:sample-game-2,metrica:Home,metrica:Home:13,2,112744,112745,1792.1199999999999,1792.1600000000001,4509.7600000000002,4509.8000000000002,-0.31710000000000349,0.76772000000000418,0.83063012731299879,0.03999999999996362,20.765753182843856,True,True
LINK-metrica:Home:13-P2-F113073-113074,metrica:sample-game-2,metrica:Home,metrica:Home:13,2,113073,113074,1805.28,1805.3199999999999,4522.9200000000001,4522.96,0.15120000000000289,-0.40255999999999403,0.43001859680715682,0.03999999999996362,10.750464920188698,True,False
LINK-metrica:Home:13-P2-F113079-113080,metrica:sample-game-2,metrica:Home,metrica:Home:13,2,113079,113080,1805.52,1805.5599999999999,4523.1599999999999,4523.1999999999998,-0.090299999999999159,0.42431999999999448,0.43382202848633117,0.03999999999996362,10.845550712168142,True,False
LINK-metrica:Home:13-P2-F113080-113081,metrica:sample-game-2,metrica:Home,metrica:Home:13,2,113080,113081,1805.5599999999999,1805.5999999999999,4523.1999999999998,4523.2399999999998,-0.091349999999998488,0.42772000000000077,0.43736623200699931,0.03999999999996362,10.934155800184927,True,False
LINK-metrica:Home:13-P2-F113081-113082,metrica:sample-game-2,metrica:Home,metrica:Home:13,2,113081,113082,1805.5999999999999,1805.6400000000001,4523.2399999999998,4523.2799999999997,-0.092400000000004923,0.43180000000000973,0.44157558809337427,0.03999999999996362,11.039389702344398,True,False
LINK-metrica:Home:13-P2-F113082-113083,metrica:sample-game-2,metrica:Home,metrica:Home:13,2,113082,113083,1805.6400000000001,1805.6800000000001,4523.2799999999997,4523.3199999999997,-0.092399999999997817,0.43655999999998585,0.44623132297048268,0.03999999999996362,11.155783074272213,True,False
LINK-metrica:Home:13-P2-F113083-113084,metrica:sample-game-2,metrica:Home,metrica:Home:13,2,113083,113084,1805.6800000000001,1805.72,4523.3199999999997,4523.3599999999997,-0.094499999999996476,0.43995999999999924,0.44999450174418648,0.03999999999996362,11.249862543614894,True,False
LINK-metrica:Home:13-P2-F113084-113085,metrica:sample-game-2,metrica:Home,metrica:Home:13,2,113084,113085,1805.72,1805.76,4523.3599999999997,4523.3999999999996,-0.094500000000003581,0.44472000000001088,0.45464945661466521,0.03999999999996362,11.366236415376967,True,False
LINK-metrica:Home:13-P2-F129821-129822,metrica:sample-game-2,metrica:Home,metrica:Home:13,2,129821,129822,2475.1999999999998,2475.2399999999998,5192.8400000000001,5192.8800000000001,-0.32654999999999745,-0.44744000000000028,0.55392910746773238,0.03999999999996362,13.848227686705904,True,False
LINK-metrica:Home:13-P2-F132789-132790,metrica:sample-game-2,metrica:Home,metrica:Home:13,2,132789,132790,2593.9200000000001,2593.96,5311.5600000000004,5311.6000000000004,0.12809999999999988,-0.51203999999999894,0.52782058656327424,0.03999999999996362,13.195514664093857,True,False
LINK-metrica:Home:13-P2-F132790-132791,metrica:sample-game-2,metrica:Home,metrica:Home:13,2,132790,132791,2593.96,2594,5311.6000000000004,5311.6400000000003,0.12600000000000122,-0.50592000000000326,0.52137419038537347,0.03999999999996362,13.034354759646192,True,False
LINK-metrica:Home:13-P2-F132791-132792,metrica:sample-game-2,metrica:Home,metrica:Home:13,2,132791,132792,2594,2594.04,5311.6400000000003,5311.6800000000003,0.12495000000000189,-0.50047999999999604,0.51584177118569652,0.03999999999996362,12.896044279654141,True,False
LINK-metrica:Home:13-P2-F132792-132793,metrica:sample-game-2,metrica:Home,metrica:Home:13,2,132792,132793,2594.04,2594.0799999999999,5311.6800000000003,5311.7200000000003,0.12389999999999546,-0.49504000000000303,0.51030952528833118,0.03999999999996362,12.757738132219883,True,False
LINK-metrica:Home:13-P2-F132793-132794,metrica:sample-game-2,metrica:Home,metrica:Home:13,2,132793,132794,2594.0799999999999,2594.1199999999999,5311.7200000000003,5311.7600000000002,0.12180000000000391,-0.48892000000000024,0.50386308298981497,0.03999999999996362,12.59657707475683,True,False
LINK-metrica:Home:13-P2-F132794-132795,metrica:sample-game-2,metrica:Home,metrica:Home:13,2,132794,132795,2594.1199999999999,2594.1599999999999,5311.7600000000002,5311.8000000000002,0.12074999999999747,-0.4841599999999957,0.498990448906585,0.03999999999996362,12.474761222675971,True,False
LINK-metrica:Home:14-P2-F133374-133375,metrica:sample-game-2,metrica:Home,metrica:Home:14,2,133374,133375,2617.3200000000002,2617.3600000000001,5334.96,5335,0.071399999999997021,0.6833999999999989,0.68711972755844963,0.03999999999996362,17.177993188976863,True,False
LINK-metrica:Home:14-P2-F136001-136002,metrica:sample-game-2,metrica:Home,metrica:Home:14,2,136001,136002,2722.4000000000001,2722.4400000000001,5440.04,5440.0799999999999,-0.43679999999999808,0.010880000000003776,0.43693548082067951,0.03999999999996362,10.923387020526922,True,False
LINK-metrica:Home:14-P2-F136002-136003,metrica:sample-game-2,metrica:Home,metrica:Home:14,2,136002,136003,2722.4400000000001,2722.48,5440.0799999999999,5440.1199999999999,-0.41685000000000372,0.055759999999995813,0.42056283727880978,0.03999999999996362,10.514070931979807,True,False
LINK-metrica:Home:14-P2-F136009-136010,metrica:sample-game-2,metrica:Home,metrica:Home:14,2,136009,136010,2722.7199999999998,2722.7600000000002,5440.3599999999997,5440.3999999999996,-0.43574999999999875,0.028559999999998809,0.43668493917239559,0.03999999999996362,10.91712347931982,True,False
LINK-metrica:Home:14-P2-F136010-136011,metrica:sample-game-2,metrica:Home,metrica:Home:14,2,136010,136011,2722.7600000000002,2722.8000000000002,5440.3999999999996,5440.4399999999996,-0.43469999999999942,0.028559999999998809,0.43563719262707523,0.03999999999996362,10.890929815686786,True,False
LINK-metrica:Home:14-P2-F136011-136012,metrica:sample-game-2,metrica:Home,metrica:Home:14,2,136011,136012,2722.8000000000002,2722.8400000000001,5440.4399999999996,5440.4799999999996,-0.43574999999999875,0.027879999999999683,0.43664099315112287,0.03999999999996362,10.916024828788,True,False
LINK-metrica:Home:14-P2-F136012-136013,metrica:sample-game-2,metrica:Home,metrica:Home:14,2,136012,136013,2722.8400000000001,2722.8800000000001,5440.4799999999996,5440.5200000000004,-0.43679999999999808,0.028559999999998809,0.43773269651694768,0.040000000000873115,10.943317412684824,True,False
LINK-metrica:Home:14-P2-F136013-136014,metrica:sample-game-2,metrica:Home,metrica:Home:14,2,136013,136014,2722.8800000000001,2722.9200000000001,5440.5200000000004,5440.5600000000004,-0.43575000000000585,0.028559999999998809,0.4366849391724027,0.03999999999996362,10.917123479319997,True,False
LINK-metrica:Home:14-P2-F136014-136015,metrica:sample-game-2,metrica:Home,metrica:Home:14,2,136014,136015,2722.9200000000001,2722.96,5440.5600000000004,5440.6000000000004,-0.43679999999999808,0.028559999999998809,0.43773269651694768,0.03999999999996362,10.943317412933645,True,False
LINK-metrica:Home:2-P1-F18888-18889,metrica:sample-game-2,metrica:Home,metrica:Home:2,1,18888,18889,755.51999999999998,755.55999999999995,755.51999999999998,755.55999999999995,-0.59430000000000405,-0.52156000000000802,0.79070685060900614,0.03999999999996362,19.767671265243131,True,False
LINK-metrica:Home:2-P1-F18889-18890,metrica:sample-game-2,metrica:Home,metrica:Home:2,1,18889,18890,755.55999999999995,755.60000000000002,755.55999999999995,755.60000000000002,-0.58695000000000164,-0.51543999999999102,0.78114575854957613,0.040000000000077307,19.528643963701661,True,False
LINK-metrica:Home:2-P1-F18890-18891,metrica:sample-game-2,metrica:Home,metrica:Home:2,1,18890,18891,755.60000000000002,755.63999999999999,755.60000000000002,755.63999999999999,-0.58064999999999145,-0.51000000000000512,0.77282237448199909,0.03999999999996362,19.320559362067549,True,False
LINK-metrica:Home:2-P1-F18891-18892,metrica:sample-game-2,metrica:Home,metrica:Home:2,1,18891,18892,755.63999999999999,755.67999999999995,755.63999999999999,755.67999999999995,-0.57435000000000969,-0.50319999999999965,0.76360209697198367,0.03999999999996362,19.090052424316955,True,False
LINK-metrica:Home:2-P1-F18892-18893,metrica:sample-game-2,metrica:Home,metrica:Home:2,1,18892,18893,755.67999999999995,755.72000000000003,755.67999999999995,755.72000000000003,-0.56700000000000728,-0.49775999999999954,0.75448924286566721,0.040000000000077307,18.862231071605226,True,False
LINK-metrica:Home:2-P1-F18893-18894,metrica:sample-game-2,metrica:Home,metrica:Home:2,1,18893,18894,755.72000000000003,755.75999999999999,755.72000000000003,755.75999999999999,-0.56069999999999709,-0.49231999999999942,0.74616584778452311,0.03999999999996362,18.654146194630044,True,False
LINK-metrica:Home:2-P1-F21191-21192,metrica:sample-game-2,metrica:Home,metrica:Home:2,1,21191,21192,847.63999999999999,847.67999999999995,847.63999999999999,847.67999999999995,-0.40634999999999621,-0.13328000000000628,0.42764924985319291,0.03999999999996362,10.691231246339546,True,False
LINK-metrica:Home:2-P1-F21192-21193,metrica:sample-game-2,metrica:Home,metrica:Home:2,1,21192,21193,847.67999999999995,847.72000000000003,847.67999999999995,847.72000000000003,-0.40424999999999756,-0.13327999999999207,0.42565434439224969,0.040000000000077307,10.641358609785676,True,False
LINK-metrica:Home:2-P1-F21193-21194,metrica:sample-game-2,metrica:Home,metrica:Home:2,1,21193,21194,847.72000000000003,847.75999999999999,847.72000000000003,847.75999999999999,-0.40425000000000466,-0.1326000000000036,0.42544191436670259,0.03999999999996362,10.636047859177237,True,False
LINK-metrica:Home:2-P1-F21194-21195,metrica:sample-game-2,metrica:Home,metrica:Home:2,1,21194,21195,847.75999999999999,847.79999999999995,847.75999999999999,847.79999999999995,-0.4021499999999989,-0.13192000000000093,0.42323457904570999,0.03999999999996362,10.580864476152373,True,False
LINK-metrica:Home:2-P1-F21195-21196,metrica:sample-game-2,metrica:Home,metrica:Home:2,1,21195,21196,847.79999999999995,847.84000000000003,847.79999999999995,847.84000000000003,-0.40109999999999957,-0.13192000000000093,0.42223701448357165,0.040000000000077307,10.555925362068891,True,False
LINK-metrica:Home:2-P1-F21196-21197,metrica:sample-game-2,metrica:Home,metrica:Home:2,1,21196,21197,847.84000000000003,847.88,847.84000000000003,847.88,-0.40005000000000024,-0.13191999999999382,0.42123970480000883,0.03999999999996362,10.530992620009799,True,False
LINK-metrica:Home:2-P1-F21200-21201,metrica:sample-game-2,metrica:Home,metrica:Home:2,1,21200,21201,848,848.03999999999996,848,848.03999999999996,-0.23204999999999387,-0.38759999999999906,0.4517532097284937,0.03999999999996362,11.293830243222613,True,False
LINK-metrica:Home:2-P1-F21201-21202,metrica:sample-game-2,metrica:Home,metrica:Home:2,1,21201,21202,848.03999999999996,848.08000000000004,848.03999999999996,848.08000000000004,-0.23100000000000875,-0.38487999999999545,0.44888040099786108,0.040000000000077307,11.222010024924838,True,False
LINK-metrica:Home:2-P1-F21202-21203,metrica:sample-game-2,metrica:Home,metrica:Home:2,1,21202,21203,848.08000000000004,848.12,848.08000000000004,848.12,-0.22889999999999588,-0.38148000000001048,0.44488447983718887,0.03999999999996362,11.122111995939838,True,False
LINK-metrica:Home:2-P1-F21203-21204,metrica:sample-game-2,metrica:Home,metrica:Home:2,1,21203,21204,848.12,848.15999999999997,848.12,848.15999999999997,-0.22680000000000433,-0.37807999999999709,0.44088856460561526,0.03999999999996362,11.022214115150406,True,False
LINK-metrica:Home:2-P1-F21204-21205,metrica:sample-game-2,metrica:Home,metrica:Home:2,1,21204,21205,848.15999999999997,848.20000000000005,848.15999999999997,848.20000000000005,-0.22469999999999857,-0.37536000000000058,0.43747596459691335,0.040000000000077307,10.936899114901696,True,False
LINK-metrica:Home:2-P1-F21205-21206,metrica:sample-game-2,metrica:Home,metrica:Home:2,1,21205,21206,848.20000000000005,848.24000000000001,848.20000000000005,848.24000000000001,-0.22364999999999924,-0.3719600000000014,0.4340202346665426,0.03999999999996362,10.850505866673434,True,False
LINK-metrica:Home:2-P1-F21206-21207,metrica:sample-game-2,metrica:Home,metrica:Home:2,1,21206,21207,848.24000000000001,848.27999999999997,848.24000000000001,848.27999999999997,-0.48194999999999766,0.095880000000008181,0.49139472616217539,0.03999999999996362,12.284868154065558,True,False
LINK-metrica:Home:2-P1-F21207-21208,metrica:sample-game-2,metrica:Home,metrica:Home:2,1,21207,21208,848.27999999999997,848.32000000000005,848.27999999999997,848.32000000000005,-0.48405000000000342,0.096559999999996649,0.49358711095408747,0.040000000000077307,12.339677773828338,True,False
LINK-metrica:Home:2-P1-F21208-21209,metrica:sample-game-2,metrica:Home,metrica:Home:2,1,21208,21209,848.32000000000005,848.36000000000001,848.32000000000005,848.36000000000001,-0.48509999999999565,0.096559999999996649,0.4946168654625468,0.03999999999996362,12.365421636574917,True,False
LINK-metrica:Home:2-P1-F21209-21210,metrica:sample-game-2,metrica:Home,metrica:Home:2,1,21209,21210,848.36000000000001,848.39999999999998,848.36000000000001,848.39999999999998,-0.48509999999999565,0.096559999999996649,0.4946168654625468,0.03999999999996362,12.365421636574917,True,False
LINK-metrica:Home:2-P1-F21210-21211,metrica:sample-game-2,metrica:Home,metrica:Home:2,1,21210,21211,848.39999999999998,848.44000000000005,848.39999999999998,848.44000000000005,-0.48720000000000852,0.097240000000006432,0.49680927688601945,0.040000000000077307,12.420231922126481,True,False
LINK-metrica:Home:2-P1-F21211-21212,metrica:sample-game-2,metrica:Home,metrica:Home:2,1,21211,21212,848.44000000000005,848.48000000000002,848.44000000000005,848.48000000000002,-0.4871999999999943,0.097239999999999327,0.49680927688600413,0.03999999999996362,12.420231922161399,True,False
LINK-metrica:Home:2-P1-F32526-32527,metrica:sample-game-2,metrica:Home,metrica:Home:2,1,32526,32527,1301.04,1301.0799999999999,1301.04,1301.0799999999999,-0.12810000000000343,-0.38556000000000523,0.40628330460407169,0.03999999999996362,10.15708261511103,True,False
LINK-metrica:Home:2-P1-F32527-32528,metrica:sample-game-2,metrica:Home,metrica:Home:2,1,32527,32528,1301.0799999999999,1301.1199999999999,1301.0799999999999,1301.1199999999999,-0.12599999999999767,-0.3835199999999972,0.40368749101253715,0.03999999999996362,10.092187275322608,True,False
LINK-metrica:Home:2-P1-F32528-32529,metrica:sample-game-2,metrica:Home,metrica:Home:2,1,32528,32529,1301.1199999999999,1301.1600000000001,1301.1199999999999,1301.1600000000001,-0.12599999999999767,-0.38080000000000069,0.40110427571892066,0.040000000000190994,10.027606892925137,True,False
LINK-metrica:Home:2-P1-F33618-33619,metrica:sample-game-2,metrica:Home,metrica:Home:2,1,33618,33619,1344.72,1344.76,1344.72,1344.76,0.19109999999999161,0.57255999999998863,0.60360928057807706,0.03999999999996362,15.09023201446565,True,False
LINK-metrica:Home:2-P1-F33619-33620,metrica:sample-game-2,metrica:Home,metrica:Home:2,1,33619,33620,1344.76,1344.8,1344.76,1344.8,0.19214999999999804,0.58004000000001099,0.61103848004852523,0.03999999999996362,15.275962001227024,True,False
LINK-metrica:Home:2-P1-F33620-33621,metrica:sample-game-2,metrica:Home,metrica:Home:2,1,33620,33621,1344.8,1344.8399999999999,1344.8,1344.8399999999999,0.19635000000000957,0.58751999999999782,0.61946192207431217,0.03999999999996362,15.486548051871889,True,False
LINK-metrica:Home:2-P1-F33621-33622,metrica:sample-game-2,metrica:Home,metrica:Home:2,1,33621,33622,1344.8399999999999,1344.8800000000001,1344.8399999999999,1344.8800000000001,0.19739999999999469,0.59567999999999444,0.62753599291195339,0.040000000000190994,15.688399822723925,True,False
LINK-metrica:Home:2-P1-F33622-33623,metrica:sample-game-2,metrica:Home,metrica:Home:2,1,33622,33623,1344.8800000000001,1344.9200000000001,1344.8800000000001,1344.9200000000001,0.20054999999999978,0.60316000000000258,0.63562747588505253,0.03999999999996362,15.890686897140766,True,False
LINK-metrica:Home:2-P1-F33623-33624,metrica:sample-game-2,metrica:Home,metrica:Home:2,1,33623,33624,1344.9200000000001,1344.96,1344.9200000000001,1344.96,0.20370000000000488,0.61131999999999209,0.64436467345750137,0.03999999999996362,16.109116836452184,True,False
LINK-metrica:Home:2-P1-F36300-36301,metrica:sample-game-2,metrica:Home,metrica:Home:2,1,36300,36301,1452,1452.04,1452,1452.04,-0.24465000000000714,-0.34951999999999828,0.42663550356246993,0.03999999999996362,10.665887589071449,True,False
LINK-metrica:Home:2-P1-F46120-46121,metrica:sample-game-2,metrica:Home,metrica:Home:2,1,46120,46121,1844.8,1844.8399999999999,1844.8,1844.8399999999999,0.048299999999997567,-0.81939999999999458,0.82082230111028964,0.03999999999996362,20.520557527775903,True,True
LINK-metrica:Home:2-P1-F46121-46122,metrica:sample-game-2,metrica:Home,metrica:Home:2,1,46121,46122,1844.8399999999999,1844.8800000000001,1844.8399999999999,1844.8800000000001,0.048300000000011778,-0.80716000000000321,0.80860383105696843,0.040000000000190994,20.215095776327686,True,True
LINK-metrica:Home:2-P1-F46122-46123,metrica:sample-game-2,metrica:Home,metrica:Home:2,1,46122,46123,1844.8800000000001,1844.9200000000001,1844.8800000000001,1844.9200000000001,0.046199999999998909,-0.79356000000000648,0.7949037134144048,0.03999999999996362,19.872592835378192,True,False
LINK-metrica:Home:2-P1-F46123-46124,metrica:sample-game-2,metrica:Home,metrica:Home:2,1,46123,46124,1844.9200000000001,1844.96,1844.9200000000001,1844.96,0.046199999999998909,-0.7813199999999938,0.78268472733278127,0.03999999999996362,19.567118183337328,True,False
LINK-metrica:Home:2-P1-F46124-46125,metrica:sample-game-2,metrica:Home,metrica:Home:2,1,46124,46125,1844.96,1845,1844.96,1845,0.045150000000006685,-0.76907999999999532,0.77040415945138396,0.03999999999996362,19.260103986302116,True,False
LINK-metrica:Home:2-P1-F46125-46126,metrica:sample-game-2,metrica:Home,metrica:Home:2,1,46125,46126,1845,1845.04,1845,1845.04,0.045149999999992474,-0.75751999999999953,0.75886433102366768,0.03999999999996362,18.971608275608947,True,False
LINK-metrica:Home:2-P1-F51290-51291,metrica:sample-game-2,metrica:Home,metrica:Home:2,1,51290,51291,2051.5999999999999,2051.6399999999999,2051.5999999999999,2051.6399999999999,0.30660000000000309,-0.5304000000000002,0.61263995951945716,0.03999999999996362,15.315998988000359,True,False
LINK-metrica:Home:2-P1-F51291-51292,metrica:sample-game-2,metrica:Home,metrica:Home:2,1,51291,51292,2051.6399999999999,2051.6799999999998,2051.6399999999999,2051.6799999999998,0.303449999999998,-0.52495999999999299,0.60635377800422041,0.03999999999996362,15.158844450119297,True,False
LINK-metrica:Home:2-P1-F51292-51293,metrica:sample-game-2,metrica:Home,metrica:Home:2,1,51292,51293,2051.6799999999998,2051.7199999999998,2051.6799999999998,2051.7199999999998,0.30029999999999291,-0.52019999999999555,0.600656415931763,0.03999999999996362,15.016410398307732,True,False
LINK-metrica:Home:2-P1-F51293-51294,metrica:sample-game-2,metrica:Home,metrica:Home:2,1,51293,51294,2051.7199999999998,2051.7600000000002,2051.7199999999998,2051.7600000000002,0.29715000000000202,-0.51408000000000698,0.59378141508471649,0.040000000000418368,14.84453537696265,True,False
LINK-metrica:Home:2-P1-F51294-51295,metrica:sample-game-2,metrica:Home,metrica:Home:2,1,51294,51295,2051.7600000000002,2051.8000000000002,2051.7600000000002,2051.8000000000002,0.29400000000000404,-0.50863999999999976,0.58749523368279521,0.03999999999996362,14.687380842083238,True,False
LINK-metrica:Home:2-P1-F51295-51296,metrica:sample-game-2,metrica:Home,metrica:Home:2,1,51295,51296,2051.8000000000002,2051.8400000000001,2051.8000000000002,2051.8400000000001,0.29085000000000605,-0.50388000000000233,0.58179788320344195,0.03999999999996362,14.544947080099277,True,False
LINK-metrica:Home:2-P1-F51996-51997,metrica:sample-game-2,metrica:Home,metrica:Home:2,1,51996,51997,2079.8400000000001,2079.8800000000001,2079.8400000000001,2079.8800000000001,0.45255000000001644,-0.11627999999998906,0.46724997688604797,0.03999999999996362,11.681249422161823,True,False
LINK-metrica:Home:2-P1-F53596-53597,metrica:sample-game-2,metrica:Home,metrica:Home:2,1,53596,53597,2143.8400000000001,2143.8800000000001,2143.8400000000001,2143.8800000000001,-0.48825000000000784,-1.5558400000000034,1.6306520683763348,0.03999999999996362,40.76630170944545,True,True
LINK-metrica:Home:2-P1-F53597-53598,metrica:sample-game-2,metrica:Home,metrica:Home:2,1,53597,53598,2143.8800000000001,2143.9200000000001,2143.8800000000001,2143.9200000000001,-0.47354999999998881,-1.5082400000000007,1.5808344315898459,0.03999999999996362,39.520860789782091,True,True
LINK-metrica:Home:2-P1-F53598-53599,metrica:sample-game-2,metrica:Home,metrica:Home:2,1,53598,53599,2143.9200000000001,2143.96,2143.9200000000001,2143.96,-0.45990000000000464,-1.4640400000000042,1.5345752283938434,0.03999999999996362,38.364380709880976,True,True
LINK-metrica:Home:2-P1-F53599-53600,metrica:sample-game-2,metrica:Home,metrica:Home:2,1,53599,53600,2143.96,2144,2143.96,2144,-0.44624999999999204,-1.4205199999999962,1.488964785648063,0.03999999999996362,37.224119641235433,True,True
LINK-metrica:Home:2-P1-F53600-53601,metrica:sample-game-2,metrica:Home,metrica:Home:2,1,53600,53601,2144,2144.04,2144,2144.04,-0.43260000000000787,-1.3797199999999989,1.4459495283031161,0.03999999999996362,36.148738207610776,True,True
LINK-metrica:Home:2-P1-F53601-53602,metrica:sample-game-2,metrica:Home,metrica:Home:2,1,53601,53602,2144.04,2144.0799999999999,2144.04,2144.0799999999999,-0.42105000000000814,-1.3402799999999999,1.4048606980409148,0.03999999999996362,35.121517451054814,True,True
LINK-metrica:Home:2-P1-F53602-53603,metrica:sample-game-2,metrica:Home,metrica:Home:2,1,53602,53603,2144.0799999999999,2144.1199999999999,2144.0799999999999,2144.1199999999999,-0.40844999999998777,-1.3021999999999991,1.3647550118977354,0.03999999999996362,34.118875297474418,True,True
LINK-metrica:Home:2-P2-F67947-67948,metrica:sample-game-2,metrica:Home,metrica:Home:2,2,67947,67948,0.23999999999999999,0.28000000000000003,2717.8800000000001,2717.9200000000001,-0.17324999999999591,-1.0621599999999987,1.0761967422827463,0.03999999999996362,26.904918557093129,True,True
LINK-metrica:Home:2-P2-F82451-82452,metrica:sample-game-2,metrica:Home,metrica:Home:2,2,82451,82452,580.39999999999998,580.44000000000005,3298.04,3298.0799999999999,0.28454999999999586,0.29240000000000066,0.40800301775844505,0.03999999999996362,10.200075443970404,True,False
LINK-metrica:Home:2-P2-F82452-82453,metrica:sample-game-2,metrica:Home,metrica:Home:2,2,82452,82453,580.44000000000005,580.48000000000002,3298.0799999999999,3298.1199999999999,0.28664999999999452,0.29375999999999891,0.41044263923232466,0.03999999999996362,10.261065980817449,True,False
LINK-metrica:Home:2-P2-F82453-82454,metrica:sample-game-2,metrica:Home,metrica:Home:2,2,82453,82454,580.48000000000002,580.51999999999998,3298.1199999999999,3298.1599999999999,0.28770000000000095,0.29648000000000252,0.41312429170892634,0.03999999999996362,10.328107292732552,True,False
LINK-metrica:Home:2-P2-F82454-82455,metrica:sample-game-2,metrica:Home,metrica:Home:2,2,82454,82455,580.51999999999998,580.55999999999995,3298.1599999999999,3298.1999999999998,0.29085000000000605,0.29784000000000077,0.41629603421123768,0.03999999999996362,10.407400855290406,True,False
LINK-metrica:Home:2-P2-F82455-82456,metrica:sample-game-2,metrica:Home,metrica:Home:2,2,82455,82456,580.55999999999995,580.60000000000002,3298.1999999999998,3298.2399999999998,0.29189999999999827,0.2998799999999946,0.41848969449676504,0.03999999999996362,10.462242362428642,True,False
LINK-metrica:Home:2-P2-F82456-82457,metrica:sample-game-2,metrica:Home,metrica:Home:2,2,82456,82457,580.60000000000002,580.63999999999999,3298.2399999999998,3298.2800000000002,0.29400000000001114,0.30192000000000263,0.4214162863487933,0.040000000000418368,10.53540715860964,True,False
LINK-metrica:Home:2-P2-F85865-85866,metrica:sample-game-2,metrica:Home,metrica:Home:2,2,85865,85866,716.96000000000004,717,3434.5999999999999,3434.6399999999999,0.61635000000000417,-0.58888000000000318,0.85244763880253005,0.03999999999996362,21.311190970082635,True,True
LINK-metrica:Home:2-P2-F85866-85867,metrica:sample-game-2,metrica:Home,metrica:Home:2,2,85866,85867,717,717.03999999999996,3434.6399999999999,3434.6799999999998,0.60794999999999533,-0.58140000000000214,0.84120696769582026,0.03999999999996362,21.030174192414634,True,True
LINK-metrica:Home:2-P2-F85867-85868,metrica:sample-game-2,metrica:Home,metrica:Home:2,2,85867,85868,717.03999999999996,717.08000000000004,3434.6799999999998,3434.7199999999998,0.60164999999999935,-0.57391999999999399,0.83148474964968078,0.03999999999996362,20.787118741260926,True,True
LINK-metrica:Home:2-P2-F85868-85869,metrica:sample-game-2,metrica:Home,metrica:Home:2,2,85868,85869,717.08000000000004,717.12,3434.7199999999998,3434.7600000000002,0.59220000000000539,-0.56644000000000716,0.81948466343185122,0.040000000000418368,20.487116585582001,True,True
LINK-metrica:Home:2-P2-F85869-85870,metrica:sample-game-2,metrica:Home,metrica:Home:2,2,85869,85870,717.12,717.15999999999997,3434.7600000000002,3434.8000000000002,0.5858999999999952,-0.55963999999999459,0.8102319048272465,0.03999999999996362,20.255797620699585,True,True
LINK-metrica:Home:2-P2-F85870-85871,metrica:sample-game-2,metrica:Home,metrica:Home:2,2,85870,85871,717.15999999999997,717.20000000000005,3434.8000000000002,3434.8400000000001,0.5785499999999999,-0.55284000000000333,0.80022007479193102,0.03999999999996362,20.00550186981647,True,True
LINK-metrica:Home:2-P2-F90214-90215,metrica:sample-game-2,metrica:Home,metrica:Home:2,2,90214,90215,890.91999999999996,890.96000000000004,3608.5599999999999,3608.5999999999999,0.04410000000000025,-0.48619999999999663,0.48819591354291031,0.03999999999996362,12.204897838583857,True,False
LINK-metrica:Home:2-P2-F90215-90216,metrica:sample-game-2,metrica:Home,metrica:Home:2,2,90215,90216,890.96000000000004,891,3608.5999999999999,3608.6399999999999,0.054599999999993543,-0.49708000000000396,0.50006968154448561,0.03999999999996362,12.50174203862351,True,False
LINK-metrica:Home:2-P2-F90216-90217,metrica:sample-game-2,metrica:Home,metrica:Home:2,2,90216,90217,891,891.03999999999996,3608.6399999999999,3608.6799999999998,0.017850000000002808,-0.42227999999999355,0.42265709611929458,0.03999999999996362,10.566427402991975,True,False
LINK-metrica:Home:2-P2-F90223-90224,metrica:sample-game-2,metrica:Home,metrica:Home:2,2,90223,90224,891.27999999999997,891.32000000000005,3608.9200000000001,3608.96,-0.055649999999999977,1.3035599999999974,1.3047473303670689,0.03999999999996362,32.618683259206392,True,True
LINK-metrica:Home:2-P2-F90224-90225,metrica:sample-game-2,metrica:Home,metrica:Home:2,2,90224,90225,891.32000000000005,891.36000000000001,3608.96,3609,-0.056699999999999307,1.3416400000000053,1.3428375849670033,0.03999999999996362,33.570939624205614,True,True
LINK-metrica:Home:2-P2-F90225-90226,metrica:sample-game-2,metrica:Home,metrica:Home:2,2,90225,90226,891.36000000000001,891.39999999999998,3609,3609.04,-0.05880000000000507,1.3817599999999999,1.3830105341608936,0.03999999999996362,34.575263354053789,True,True
LINK-metrica:Home:2-P2-F90226-90227,metrica:sample-game-2,metrica:Home,metrica:Home:2,2,90226,90227,891.39999999999998,891.44000000000005,3609.04,3609.0799999999999,-0.060899999999996624,1.4232399999999998,1.4245423502304166,0.03999999999996362,35.613558755792809,True,True
LINK-metrica:Home:2-P2-F90227-90228,metrica:sample-game-2,metrica:Home,metrica:Home:2,2,90227,90228,891.44000000000005,891.48000000000002,3609.0799999999999,3609.1199999999999,-0.061950000000003058,1.4667599999999936,1.46806767558583,0.03999999999996362,36.701691889679132,True,True
LINK-metrica:Home:2-P2-F90228-90229,metrica:sample-game-2,metrica:Home,metrica:Home:2,2,90228,90229,891.48000000000002,891.51999999999998,3609.1199999999999,3609.1599999999999,-0.064050000000001717,1.5129999999999981,1.5143551110951468,0.03999999999996362,37.858877777413099,True,True
LINK-metrica:Home:2-P2-F96863-96864,metrica:sample-game-2,metrica:Home,metrica:Home:2,2,96863,96864,1156.8800000000001,1156.9200000000001,3874.52,3874.5599999999999,0.10395000000000465,-1.0941200000000002,1.0990469402623353,0.03999999999996362,27.476173506583372,True,True
LINK-metrica:Home:2-P2-F96864-96865,metrica:sample-game-2,metrica:Home,metrica:Home:2,2,96864,96865,1156.9200000000001,1156.96,3874.5599999999999,3874.5999999999999,0.10184999999999889,-1.0607999999999969,1.065678217146242,0.03999999999996362,26.64195542868028,True,True
LINK-metrica:Home:2-P2-F96865-96866,metrica:sample-game-2,metrica:Home,metrica:Home:2,2,96865,96866,1156.96,1157,3874.5999999999999,3874.6399999999999,0.097650000000001569,-1.0281599999999997,1.0327867679729441,0.03999999999996362,25.819669199347086,True,True
LINK-metrica:Home:2-P2-F96866-96867,metrica:sample-game-2,metrica:Home,metrica:Home:2,2,96866,96867,1157,1157.04,3874.6399999999999,3874.6799999999998,0.095549999999995805,-0.99824000000000268,1.0028025229824686,0.03999999999996362,25.070063074584517,True,True
LINK-metrica:Home:2-P2-F96867-96868,metrica:sample-game-2,metrica:Home,metrica:Home:2,2,96867,96868,1157.04,1157.0799999999999,3874.6799999999998,3874.7199999999998,0.092399999999997817,-0.96832000000000562,0.97271855251147055,0.03999999999996362,24.31796381280888,True,True
LINK-metrica:Home:2-P2-F96868-96869,metrica:sample-game-2,metrica:Home,metrica:Home:2,2,96868,96869,1157.0799999999999,1157.1199999999999,3874.7199999999998,3874.7600000000002,0.089249999999999829,-0.94111999999999441,0.94534248656240427,0.040000000000418368,23.633562163812918,True,True
LINK-metrica:Home:2-P2-F96869-96870,metrica:sample-game-2,metrica:Home,metrica:Home:2,2,96869,96870,1157.1199999999999,1157.1600000000001,3874.7600000000002,3874.8000000000002,-0.10814999999999486,1.568760000000001,1.5724835007401514,0.03999999999996362,39.312087518539542,True,True
LINK-metrica:Home:2-P2-F96870-96871,metrica:sample-game-2,metrica:Home,metrica:Home:2,2,96870,96871,1157.1600000000001,1157.2,3874.8000000000002,3874.8400000000001,-0.093450000000004252,1.3518399999999957,1.3550661563554707,0.03999999999996362,33.876653908917575,True,True
LINK-metrica:Home:2-P2-F96871-96872,metrica:sample-game-2,metrica:Home,metrica:Home:2,2,96871,96872,1157.2,1157.24,3874.8400000000001,3874.8800000000001,-0.056699999999999307,0.84456000000000486,0.8464611530365751,0.03999999999996362,21.161528825933622,True,True
LINK-metrica:Home:2-P2-F96872-96873,metrica:sample-game-2,metrica:Home,metrica:Home:2,2,96872,96873,1157.24,1157.28,3874.8800000000001,3874.9200000000001,-0.02205000000000723,0.46239999999999171,0.46292543946081927,0.03999999999996362,11.573135986531007,True,False
LINK-metrica:Home:2-P2-F108703-108704,metrica:sample-game-2,metrica:Home,metrica:Home:2,2,108703,108704,1630.48,1630.52,4348.1199999999999,4348.1599999999999,0.42840000000000344,-0.70176000000000016,0.82218833462899676,0.03999999999996362,20.554708365743615,True,True
LINK-metrica:Home:2-P2-F108704-108705,metrica:sample-game-2,metrica:Home,metrica:Home:2,2,108704,108705,1630.52,1630.5599999999999,4348.1599999999999,4348.1999999999998,0.42000000000000171,-0.68952000000000169,0.80736474433802452,0.03999999999996362,20.184118608468971,True,True
LINK-metrica:Home:2-P2-F108705-108706,metrica:sample-game-2,metrica:Home,metrica:Home:2,2,108705,108706,1630.5599999999999,1630.5999999999999,4348.1999999999998,4348.2399999999998,0.41369999999999862,-0.67863999999999791,0.79479553320334917,0.03999999999996362,19.869888330101801,True,False
LINK-metrica:Home:2-P2-F108706-108707,metrica:sample-game-2,metrica:Home,metrica:Home:2,2,108706,108707,1630.5999999999999,1630.6400000000001,4348.2399999999998,4348.2799999999997,0.40635000000000332,-0.66707999999999856,0.78109925675294356,0.03999999999996362,19.527481418841351,True,False
LINK-metrica:Home:2-P2-F108707-108708,metrica:sample-game-2,metrica:Home,metrica:Home:2,2,108707,108708,1630.6400000000001,1630.6800000000001,4348.2799999999997,4348.3199999999997,0.40004999999999313,-0.65551999999999921,0.76794952496892233,0.03999999999996362,19.198738124240521,True,False
LINK-metrica:Home:2-P2-F108708-108709,metrica:sample-game-2,metrica:Home,metrica:Home:2,2,108708,108709,1630.6800000000001,1630.72,4348.3199999999997,4348.3599999999997,0.39270000000000493,-0.64532000000000167,0.75541458312638232,0.03999999999996362,18.885364578176734,True,False
LINK-metrica:Home:2-P2-F114671-114672,metrica:sample-game-2,metrica:Home,metrica:Home:2,2,114671,114672,1869.2,1869.24,4586.8400000000001,4586.8800000000001,-0.042000000000001592,0.66436000000000561,0.66568626964960576,0.03999999999996362,16.642156741255281,True,False
LINK-metrica:Home:2-P2-F114672-114673,metrica:sample-game-2,metrica:Home,metrica:Home:2,2,114672,114673,1869.24,1869.28,4586.8800000000001,4586.9200000000001,-0.043050000000008026,0.67523999999999873,0.67661093702363329,0.03999999999996362,16.915273425606216,True,False
LINK-metrica:Home:2-P2-F114673-114674,metrica:sample-game-2,metrica:Home,metrica:Home:2,2,114673,114674,1869.28,1869.3199999999999,4586.9200000000001,4586.96,-0.043049999999993815,0.68680000000000163,0.68814790742979215,0.03999999999996362,17.203697685760449,True,False
LINK-metrica:Home:2-P2-F114674-114675,metrica:sample-game-2,metrica:Home,metrica:Home:2,2,114674,114675,1869.3199999999999,1869.3599999999999,4586.96,4587,-0.04410000000000025,0.69835999999999743,0.69975102686598212,0.03999999999996362,17.493775671665464,True,False
LINK-metrica:Home:2-P2-F114675-114676,metrica:sample-game-2,metrica:Home,metrica:Home:2,2,114675,114676,1869.3599999999999,1869.4000000000001,4587,4587.04,-0.045149999999999579,0.70923999999999765,0.71067566449119146,0.03999999999996362,17.766891612295947,True,False
LINK-metrica:Home:2-P2-F114676-114677,metrica:sample-game-2,metrica:Home,metrica:Home:2,2,114676,114677,1869.4000000000001,1869.4400000000001,4587.04,4587.0799999999999,-0.046199999999998909,0.72216000000000591,0.72363630754682862,0.03999999999996362,18.090907688687167,True,False
LINK-metrica:Home:2-P2-F114693-114694,metrica:sample-game-2,metrica:Home,metrica:Home:2,2,114693,114694,1870.0799999999999,1870.1199999999999,4587.7200000000003,4587.7600000000002,0.073500000000002785,-0.69291999999999376,0.69680727349819749,0.03999999999996362,17.420181837470782,True,False
LINK-metrica:Home:2-P2-F114694-114695,metrica:sample-game-2,metrica:Home,metrica:Home:2,2,114694,114695,1870.1199999999999,1870.1600000000001,4587.7600000000002,4587.8000000000002,0.072449999999996351,-0.68136000000000152,0.68520103042829816,0.03999999999996362,17.130025760723033,True,False
LINK-metrica:Home:2-P2-F114695-114696,metrica:sample-game-2,metrica:Home,metrica:Home:2,2,114695,114696,1870.1600000000001,1870.2,4587.8000000000002,4587.8400000000001,0.071399999999997021,-0.6704800000000013,0.67427100664347217,0.03999999999996362,16.856775166102135,True,False
LINK-metrica:Home:2-P2-F114696-114697,metrica:sample-game-2,metrica:Home,metrica:Home:2,2,114696,114697,1870.2,1870.24,4587.8400000000001,4587.8800000000001,0.070350000000004798,-0.65960000000000107,0.66334100016507502,0.03999999999996362,16.583525004141958,True,False
LINK-metrica:Home:2-P2-F114697-114698,metrica:sample-game-2,metrica:Home,metrica:Home:2,2,114697,114698,1870.24,1870.28,4587.8800000000001,4587.9200000000001,0.069299999999998363,-0.65008000000000266,0.65376333363075911,0.03999999999996362,16.344083340783843,True,False
LINK-metrica:Home:2-P2-F114698-114699,metrica:sample-game-2,metrica:Home,metrica:Home:2,2,114698,114699,1870.28,1870.3199999999999,4587.9200000000001,4587.96,0.067199999999999704,-0.63919999999999533,0.64272270848321045,0.03999999999996362,16.068067712094876,True,False
LINK-metrica:Home:2-P2-F120229-120230,metrica:sample-game-2,metrica:Home,metrica:Home:2,2,120229,120230,2091.52,2091.5599999999999,4809.1599999999999,4809.1999999999998,0.099749999999986017,0.52699999999999392,0.5363572153891385,0.03999999999996362,13.408930384740657,True,False
LINK-metrica:Home:2-P2-F120230-120231,metrica:sample-game-2,metrica:Home,metrica:Home:2,2,120230,120231,2091.5599999999999,2091.5999999999999,4809.1999999999998,4809.2399999999998,0.10080000000000666,0.53312000000000381,0.54256573279189446,0.03999999999996362,13.564143319809698,True,False
LINK-metrica:Home:2-P2-F120231-120232,metrica:sample-game-2,metrica:Home,metrica:Home:2,2,120231,120232,2091.5999999999999,2091.6399999999999,4809.2399999999998,4809.2799999999997,0.1018500000000131,0.5392399999999995,0.54877427062500128,0.03999999999996362,13.71935676563751,True,False
LINK-metrica:Home:2-P2-F120232-120233,metrica:sample-game-2,metrica:Home,metrica:Home:2,2,120232,120233,2091.6399999999999,2091.6799999999998,4809.2799999999997,4809.3199999999997,0.10394999999998333,0.54535999999999518,0.55517846869271803,0.03999999999996362,13.879461717330575,True,False
LINK-metrica:Home:2-P2-F120233-120234,metrica:sample-game-2,metrica:Home,metrica:Home:2,2,120233,120234,2091.6799999999998,2091.7199999999998,4809.3199999999997,4809.3599999999997,0.10395000000001176,0.55284000000000333,0.56252792650677008,0.03999999999996362,14.063198162682042,True,False
LINK-metrica:Home:2-P2-F120234-120235,metrica:sample-game-2,metrica:Home,metrica:Home:2,2,120234,120235,2091.7199999999998,2091.7600000000002,4809.3599999999997,4809.3999999999996,0.1060499999999962,0.55827999999999633,0.56826328484250599,0.03999999999996362,14.20658212107557,True,False
LINK-metrica:Home:2-P2-F120267-120268,metrica:sample-game-2,metrica:Home,metrica:Home:2,2,120267,120268,2093.04,2093.0799999999999,4810.6800000000003,4810.7200000000003,-0.19949999999998624,-0.50796000000000419,0.54573217937006313,0.03999999999996362,13.643304484263986,True,False
LINK-metrica:Home:2-P2-F120268-120269,metrica:sample-game-2,metrica:Home,metrica:Home:2,2,120268,120269,2093.0799999999999,2093.1199999999999,4810.7200000000003,4810.7600000000002,-0.18270000000001119,-0.50932000000000244,0.54109717463687301,0.03999999999996362,13.527429365934129,True,False
LINK-metrica:Home:2-P2-F120309-120310,metrica:sample-game-2,metrica:Home,metrica:Home:2,2,120309,120310,2094.7199999999998,2094.7600000000002,4812.3599999999997,4812.3999999999996,0.24464999999999293,0.36856000000000222,0.44236873318533509,0.03999999999996362,11.059218329643436,True,False
LINK-metrica:Home:2-P2-F120312-120313,metrica:sample-game-2,metrica:Home,metrica:Home:2,2,120312,120313,2094.8400000000001,2094.8800000000001,4812.4799999999996,4812.5200000000004,0.34335000000001514,0.73100000000000165,0.80762009788019318,0.040000000000873115,20.190502446564114,True,True
LINK-metrica:Home:2-P2-F120313-120314,metrica:sample-game-2,metrica:Home,metrica:Home:2,2,120313,120314,2094.8800000000001,2094.9200000000001,4812.5200000000004,4812.5600000000004,0.2436000000000007,0.49775999999999954,0.55417143340305797,0.03999999999996362,13.854285835089049,True,False
LINK-metrica:Home:2-P2-F120314-120315,metrica:sample-game-2,metrica:Home,metrica:Home:2,2,120314,120315,2094.9200000000001,2094.96,4812.5600000000004,4812.6000000000004,0.23624999999999829,0.48348000000000724,0.53811427494539321,0.03999999999996362,13.452856873647066,True,False
LINK-metrica:Home:2-P2-F120315-120316,metrica:sample-game-2,metrica:Home,metrica:Home:2,2,120315,120316,2094.96,2095,4812.6000000000004,4812.6400000000003,0.21629999999998972,0.43111999999999995,0.48233820541192413,0.03999999999996362,12.058455135309071,True,False
LINK-metrica:Home:2-P2-F120316-120317,metrica:sample-game-2,metrica:Home,metrica:Home:2,2,120316,120317,2095,2095.04,4812.6400000000003,4812.6800000000003,0.1974000000000018,0.37603999999999616,0.42470323945079325,0.03999999999996362,10.617580986279489,True,False
LINK-metrica:Home:3-P1-F513-514,metrica:sample-game-2,metrica:Home,metrica:Home:3,1,513,514,20.52,20.559999999999999,20.52,20.559999999999999,-0.33705000000000496,-0.54536000000000229,0.6411085961832097,0.039999999999999147,16.027714904580584,True,False
LINK-metrica:Home:3-P1-F37584-37585,metrica:sample-game-2,metrica:Home,metrica:Home:3,1,37584,37585,1503.3599999999999,1503.4000000000001,1503.3599999999999,1503.4000000000001,0.38219999999999743,-0.20127999999999702,0.4319612001094506,0.040000000000190994,10.799030002684701,True,False
LINK-metrica:Home:3-P1-F37585-37586,metrica:sample-game-2,metrica:Home,metrica:Home:3,1,37585,37586,1503.4000000000001,1503.4400000000001,1503.4000000000001,1503.4400000000001,0.22995000000001653,-0.33184000000001035,0.40372613006840968,0.03999999999996362,10.093153251719421,True,False
LINK-metrica:Home:3-P1-F48007-48008,metrica:sample-game-2,metrica:Home,metrica:Home:3,1,48007,48008,1920.28,1920.3199999999999,1920.28,1920.3199999999999,-0.22364999999999924,-0.69699999999999562,0.73200295252136349,0.03999999999996362,18.30007381305073,True,False
LINK-metrica:Home:3-P2-F67947-67948,metrica:sample-game-2,metrica:Home,metrica:Home:3,2,67947,67948,0.23999999999999999,0.28000000000000003,2717.8800000000001,2717.9200000000001,-0.03674999999999784,-0.49708000000000396,0.4984366448205868,0.03999999999996362,12.460916120526003,True,False
LINK-metrica:Home:3-P2-F75969-75970,metrica:sample-game-2,metrica:Home,metrica:Home:3,2,75969,75970,321.12,321.16000000000003,3038.7600000000002,3038.8000000000002,0.038850000000003604,-0.43044000000000437,0.43218967606827913,0.03999999999996362,10.804741901716804,True,False
LINK-metrica:Home:3-P2-F75970-75971,metrica:sample-game-2,metrica:Home,metrica:Home:3,2,75970,75971,321.16000000000003,321.19999999999999,3038.8000000000002,3038.8400000000001,0.037799999999997169,-0.42703999999999809,0.42870969384887736,0.03999999999996362,10.717742346231681,True,False
LINK-metrica:Home:3-P2-F75971-75972,metrica:sample-game-2,metrica:Home,metrica:Home:3,2,75971,75972,321.19999999999999,321.24000000000001,3038.8400000000001,3038.8800000000001,0.038850000000003604,-0.42295999999999623,0.42474049029966177,0.03999999999996362,10.618512257501202,True,False
LINK-metrica:Home:3-P2-F75972-75973,metrica:sample-game-2,metrica:Home,metrica:Home:3,2,75972,75973,321.24000000000001,321.27999999999997,3038.8800000000001,3038.9200000000001,0.037799999999997169,-0.42024000000000683,0.4219366037688666,0.03999999999996362,10.54841509423126,True,False
LINK-metrica:Home:3-P2-F75973-75974,metrica:sample-game-2,metrica:Home,metrica:Home:3,2,75973,75974,321.27999999999997,321.31999999999999,3038.9200000000001,3038.96,0.03674999999999784,-0.41684000000000054,0.41845686528004328,0.03999999999996362,10.461421632010596,True,False
LINK-metrica:Home:3-P2-F75974-75975,metrica:sample-game-2,metrica:Home,metrica:Home:3,2,75974,75975,321.31999999999999,321.36000000000001,3038.96,3039,0.037800000000004275,-0.41275999999999868,0.41448722248098219,0.03999999999996362,10.362180562033979,True,False
LINK-metrica:Home:3-P2-F75975-75976,metrica:sample-game-2,metrica:Home,metrica:Home:3,2,75975,75976,321.36000000000001,321.39999999999998,3039,3039.04,0.10184999999999889,0.49164000000000385,0.50207898990099509,0.03999999999996362,12.551974747536294,True,False
LINK-metrica:Home:3-P2-F75976-75977,metrica:sample-game-2,metrica:Home,metrica:Home:3,2,75976,75977,321.39999999999998,321.44,3039.04,3039.0799999999999,0.085050000000002512,0.53651999999999589,0.54321930460910173,0.03999999999996362,13.580482615239895,True,False
LINK-metrica:Home:3-P2-F75977-75978,metrica:sample-game-2,metrica:Home,metrica:Home:3,2,75977,75978,321.44,321.48000000000002,3039.0799999999999,3039.1199999999999,0.091349999999998488,0.50116000000000582,0.50941747918579083,0.03999999999996362,12.735436979656354,True,False
LINK-metrica:Home:3-P2-F116671-116672,metrica:sample-game-2,metrica:Home,metrica:Home:3,2,116671,116672,1949.2,1949.24,4666.8400000000001,4666.8800000000001,-0.038850000000003604,0.43587999999999028,0.43760792600225124,0.03999999999996362,10.94019815006623,True,False
LINK-metrica:Home:3-P2-F116672-116673,metrica:sample-game-2,metrica:Home,metrica:Home:3,2,116672,116673,1949.24,1949.28,4666.8800000000001,4666.9200000000001,-0.039899999999995828,0.44064000000000192,0.44244278680977656,0.03999999999996362,11.061069670254474,True,False
LINK-metrica:Home:3-P2-F116673-116674,metrica:sample-game-2,metrica:Home,metrica:Home:3,2,116673,116674,1949.28,1949.3199999999999,4666.9200000000001,4666.96,-0.039900000000002933,0.44472000000000378,0.44650631395312157,0.03999999999996362,11.162657848838192,True,False
LINK-metrica:Home:3-P2-F116674-116675,metrica:sample-game-2,metrica:Home,metrica:Home:3,2,116674,116675,1949.3199999999999,1949.3599999999999,4666.96,4667,-0.040949999999995157,0.44879999999999853,0.45066433462167638,0.03999999999996362,11.266608365552157,True,False
LINK-metrica:Home:3-P2-F116675-116676,metrica:sample-game-2,metrica:Home,metrica:Home:3,2,116675,116676,1949.3599999999999,1949.4000000000001,4667,4667.04,-0.040950000000002262,0.45424000000000575,0.45608209798237576,0.03999999999996362,11.402052449569764,True,False
LINK-metrica:Home:3-P2-F116676-116677,metrica:sample-game-2,metrica:Home,metrica:Home:3,2,116676,116677,1949.4000000000001,1949.4400000000001,4667.04,4667.0799999999999,-0.040950000000002262,0.4583199999999934,0.4601457648397887,0.03999999999996362,11.503644121005181,True,False
LINK-metrica:Home:3-P2-F140757-140758,metrica:sample-game-2,metrica:Home,metrica:Home:3,2,140757,140758,2912.6399999999999,2912.6799999999998,5630.2799999999997,5630.3199999999997,0.0010499999999957765,-0.62899999999999778,0.62900087639048419,0.03999999999996362,15.725021909776407,True,False
LINK-metrica:Home:4-P1-F12742-12743,metrica:sample-game-2,metrica:Home,metrica:Home:4,1,12742,12743,509.68000000000001,509.72000000000003,509.68000000000001,509.72000000000003,-0.025199999999998113,0.68748000000000786,0.68794170566989954,0.040000000000020464,17.19854264173869,True,False
LINK-metrica:Home:4-P1-F12743-12744,metrica:sample-game-2,metrica:Home,metrica:Home:4,1,12743,12744,509.72000000000003,509.75999999999999,509.72000000000003,509.75999999999999,-0.026249999999997442,0.69699999999999562,0.69749413079967471,0.03999999999996362,17.437353270007726,True,False
LINK-metrica:Home:4-P1-F12744-12745,metrica:sample-game-2,metrica:Home,metrica:Home:4,1,12744,12745,509.75999999999999,509.80000000000001,509.75999999999999,509.80000000000001,-0.025200000000005218,0.70584000000000202,0.70628970373353395,0.040000000000020464,17.657242593329315,True,False
LINK-metrica:Home:4-P1-F12745-12746,metrica:sample-game-2,metrica:Home,metrica:Home:4,1,12745,12746,509.80000000000001,509.83999999999997,509.80000000000001,509.83999999999997,-0.027299999999996771,0.71536000000000399,0.71588073001024788,0.03999999999996362,17.897018250272474,True,False
LINK-metrica:Home:4-P1-F12746-12747,metrica:sample-game-2,metrica:Home,metrica:Home:4,1,12746,12747,509.83999999999997,509.88,509.83999999999997,509.88,-0.026249999999997442,0.72487999999999886,0.72535513846666733,0.040000000000020464,18.133878461657407,True,False
LINK-metrica:Home:4-P1-F12747-12748,metrica:sample-game-2,metrica:Home,metrica:Home:4,1,12747,12748,509.88,509.92000000000002,509.88,509.92000000000002,-0.027300000000003877,0.7350799999999964,0.7355867701365999,0.040000000000020464,18.389669253405589,True,False
LINK-metrica:Home:4-P1-F12814-12815,metrica:sample-game-2,metrica:Home,metrica:Home:4,1,12814,12815,512.55999999999995,512.60000000000002,512.55999999999995,512.60000000000002,-0.48825000000000074,-0.14688000000000301,0.50986448876147628,0.040000000000077307,12.746612219012272,True,False
LINK-metrica:Home:4-P1-F12815-12816,metrica:sample-game-2,metrica:Home,metrica:Home:4,1,12815,12816,512.60000000000002,512.63999999999999,512.60000000000002,512.63999999999999,-0.48615000000000208,-0.1468799999999959,0.50785387356994816,0.03999999999996362,12.696346839260251,True,False
LINK-metrica:Home:4-P1-F12816-12817,metrica:sample-game-2,metrica:Home,metrica:Home:4,1,12816,12817,512.63999999999999,512.67999999999995,512.63999999999999,512.67999999999995,-0.48509999999999565,-0.14620000000000744,0.50665219825832986,0.03999999999996362,12.666304956469766,True,False
LINK-metrica:Home:4-P1-F12817-12818,metrica:sample-game-2,metrica:Home,metrica:Home:4,1,12817,12818,512.67999999999995,512.72000000000003,512.67999999999995,512.72000000000003,-0.48300000000000409,-0.14551999999999055,0.50444530962236256,0.040000000000077307,12.611132740534691,True,False
LINK-metrica:Home:4-P1-F12818-12819,metrica:sample-game-2,metrica:Home,metrica:Home:4,1,12818,12819,512.72000000000003,512.75999999999999,512.72000000000003,512.75999999999999,-0.48299999999999699,-0.14552000000000476,0.50444530962235978,0.03999999999996362,12.611132740570465,True,False
LINK-metrica:Home:4-P1-F12819-12820,metrica:sample-game-2,metrica:Home,metrica:Home:4,1,12819,12820,512.75999999999999,512.79999999999995,512.75999999999999,512.79999999999995,-0.48090000000000543,-0.14552000000000476,0.50243495141162964,0.03999999999996362,12.560873785302165,True,False
LINK-metrica:Home:4-P1-F12980-12981,metrica:sample-game-2,metrica:Home,metrica:Home:4,1,12980,12981,519.20000000000005,519.24000000000001,519.20000000000005,519.24000000000001,-0.30870000000000175,0.85407999999998907,0.9081565594103157,0.03999999999996362,22.703913985278543,True,True
LINK-metrica:Home:4-P1-F12981-12982,metrica:sample-game-2,metrica:Home,metrica:Home:4,1,12981,12982,519.24000000000001,519.27999999999997,519.24000000000001,519.27999999999997,-0.31499999999999773,0.86904000000000536,0.9243676333580747,0.03999999999996362,23.109190833972885,True,True
LINK-metrica:Home:4-P1-F12982-12983,metrica:sample-game-2,metrica:Home,metrica:Home:4,1,12982,12983,519.27999999999997,519.32000000000005,519.27999999999997,519.32000000000005,-0.31920000000000925,0.88331999999999766,0.93922460700303301,0.040000000000077307,23.480615175030444,True,True
LINK-metrica:Home:4-P1-F12983-12984,metrica:sample-game-2,metrica:Home,metrica:Home:4,1,12983,12984,519.32000000000005,519.36000000000001,519.32000000000005,519.36000000000001,-0.32549999999999102,0.89896000000000242,0.9560749612870314,0.03999999999996362,23.901874032197522,True,True
LINK-metrica:Home:4-P1-F12984-12985,metrica:sample-game-2,metrica:Home,metrica:Home:4,1,12984,12985,519.36000000000001,519.39999999999998,519.36000000000001,519.39999999999998,-0.33075000000000898,0.91460000000000008,0.97256810686964545,0.03999999999996362,24.314202671763251,True,True
LINK-metrica:Home:4-P1-F12985-12986,metrica:sample-game-2,metrica:Home,metrica:Home:4,1,12985,12986,519.39999999999998,519.44000000000005,519.39999999999998,519.44000000000005,-0.33704999999999785,0.93091999999999331,0.99005795229369586,0.040000000000077307,24.751448807294562,True,True
LINK-metrica:Home:4-P1-F13472-13473,metrica:sample-game-2,metrica:Home,metrica:Home:4,1,13472,13473,538.88,538.91999999999996,538.88,538.91999999999996,0.058799999999997965,1.4749199999999973,1.4760916117910812,0.03999999999996362,36.902290294810591,True,True
LINK-metrica:Home:4-P1-F13473-13474,metrica:sample-game-2,metrica:Home,metrica:Home:4,1,13473,13474,538.91999999999996,538.96000000000004,538.91999999999996,538.96000000000004,0.060899999999996624,1.5211600000000018,1.5223785848467539,0.040000000000077307,38.059464621095294,True,True
LINK-metrica:Home:4-P1-F13474-13475,metrica:sample-game-2,metrica:Home,metrica:Home:4,1,13474,13475,538.96000000000004,539,538.96000000000004,539,0.063000000000002387,1.5701199999999957,1.5713834078289064,0.03999999999996362,39.284585195758389,True,True
LINK-metrica:Home:4-P1-F13475-13476,metrica:sample-game-2,metrica:Home,metrica:Home:4,1,13475,13476,539,539.03999999999996,539,539.03999999999996,0.065100000000001046,1.6211199999999977,1.6224265975383887,0.03999999999996362,40.560664938496608,True,True
LINK-metrica:Home:4-P1-F13476-13477,metrica:sample-game-2,metrica:Home,metrica:Home:4,1,13476,13477,539.03999999999996,539.08000000000004,539.03999999999996,539.08000000000004,0.067199999999999704,1.6741600000000076,1.6755081454890113,0.040000000000077307,41.887703637144327,True,True
LINK-metrica:Home:4-P1-F13477-13478,metrica:sample-game-2,metrica:Home,metrica:Home:4,1,13477,13478,539.08000000000004,539.12,539.08000000000004,539.12,0.069299999999998363,1.7299199999999928,1.7313075106404334,0.03999999999996362,43.282687766050202,True,True
LINK-metrica:Home:4-P1-F13618-13619,metrica:sample-game-2,metrica:Home,metrica:Home:4,1,13618,13619,544.72000000000003,544.75999999999999,544.72000000000003,544.75999999999999,0.96179999999999666,-2.2616799999999984,2.457693158716113,0.03999999999996362,61.442328967958709,True,True
LINK-metrica:Home:4-P1-F13619-13620,metrica:sample-game-2,metrica:Home,metrica:Home:4,1,13619,13620,544.75999999999999,544.79999999999995,544.75999999999999,544.79999999999995,0.92085000000000861,-2.1651199999999946,2.3528088186038389,0.03999999999996362,58.820220465149468,True,True
LINK-metrica:Home:4-P1-F13620-13621,metrica:sample-game-2,metrica:Home,metrica:Home:4,1,13620,13621,544.79999999999995,544.84000000000003,544.79999999999995,544.84000000000003,0.88199999999999079,-2.0733200000000025,2.2531266769536047,0.040000000000077307,56.328166923731253,True,True
LINK-metrica:Home:4-P1-F13621-13622,metrica:sample-game-2,metrica:Home,metrica:Home:4,1,13621,13622,544.84000000000003,544.88,544.84000000000003,544.88,0.84629999999999939,-1.9883200000000016,2.1609350088329831,0.03999999999996362,54.02337522087371,True,True
LINK-metrica:Home:4-P1-F13622-13623,metrica:sample-game-2,metrica:Home,metrica:Home:4,1,13622,13623,544.88,544.91999999999996,544.88,544.91999999999996,0.8116500000000002,-1.9080799999999982,2.0735344243344489,0.03999999999996362,51.838360608408372,True,True
LINK-metrica:Home:4-P1-F13623-13624,metrica:sample-game-2,metrica:Home,metrica:Home:4,1,13623,13624,544.91999999999996,544.96000000000004,544.91999999999996,544.96000000000004,0.77909999999999968,-1.8326000000000064,1.9913361268254095,0.040000000000077307,49.783403170539025,True,True
LINK-metrica:Home:4-P1-F13639-13640,metrica:sample-game-2,metrica:Home,metrica:Home:4,1,13639,13640,545.55999999999995,545.60000000000002,545.55999999999995,545.60000000000002,0.055649999999999977,-0.41479999999999961,0.41851638259451646,0.040000000000077307,10.46290956484269,True,False
LINK-metrica:Home:4-P1-F20429-20430,metrica:sample-game-2,metrica:Home,metrica:Home:4,1,20429,20430,817.15999999999997,817.20000000000005,817.15999999999997,817.20000000000005,-0.02099999999999369,0.65484000000000364,0.65517663694610218,0.040000000000077307,16.379415923620897,True,False
LINK-metrica:Home:4-P1-F35865-35866,metrica:sample-game-2,metrica:Home,metrica:Home:4,1,35865,35866,1434.5999999999999,1434.6400000000001,1434.5999999999999,1434.6400000000001,0.30974999999999397,0.47939999999999827,0.57076214178937501,0.040000000000190994,14.269053544666242,True,False
LINK-metrica:Home:4-P1-F59560-59561,metrica:sample-game-2,metrica:Home,metrica:Home:4,1,59560,59561,2382.4000000000001,2382.4400000000001,2382.4000000000001,2382.4400000000001,0.032550000000000523,-0.72623999999999356,0.72696907781554965,0.03999999999996362,18.17422694540527,True,False
LINK-metrica:Home:4-P1-F59561-59562,metrica:sample-game-2,metrica:Home,metrica:Home:4,1,59561,59562,2382.4400000000001,2382.48,2382.4400000000001,2382.48,0.032550000000000523,-0.71128000000000213,0.71202439628147796,0.03999999999996362,17.80060990705314,True,False
LINK-metrica:Home:4-P1-F59562-59563,metrica:sample-game-2,metrica:Home,metrica:Home:4,1,59562,59563,2382.48,2382.52,2382.48,2382.52,0.030450000000001864,-0.69835999999999743,0.6990235275725678,0.03999999999996362,17.47558818933009,True,False
LINK-metrica:Home:4-P1-F59563-59564,metrica:sample-game-2,metrica:Home,metrica:Home:4,1,59563,59564,2382.52,2382.5599999999999,2382.52,2382.5599999999999,0.030449999999994759,-0.68476000000000425,0.68543669299214316,0.03999999999996362,17.135917324819165,True,False
LINK-metrica:Home:4-P1-F59564-59565,metrica:sample-game-2,metrica:Home,metrica:Home:4,1,59564,59565,2382.5599999999999,2382.5999999999999,2382.5599999999999,2382.5999999999999,0.030450000000001864,-0.67183999999999955,0.67252969309912225,0.03999999999996362,16.813242327493349,True,False
LINK-metrica:Home:4-P1-F59565-59566,metrica:sample-game-2,metrica:Home,metrica:Home:4,1,59565,59566,2382.5999999999999,2382.6399999999999,2382.5999999999999,2382.6399999999999,0.029400000000002535,-0.6589199999999984,0.65957556534486483,0.03999999999996362,16.489389133636617,True,False
LINK-metrica:Home:4-P1-F59566-59567,metrica:sample-game-2,metrica:Home,metrica:Home:4,1,59566,59567,2382.6399999999999,2382.6799999999998,2382.6399999999999,2382.6799999999998,-0.055649999999999977,1.7197199999999953,1.7206201791505247,0.03999999999996362,43.015504478802242,True,True
LINK-metrica:Home:4-P1-F59567-59568,metrica:sample-game-2,metrica:Home,metrica:Home:4,1,59567,59568,2382.6799999999998,2382.7199999999998,2382.6799999999998,2382.7199999999998,-0.03674999999999784,1.1240400000000044,1.1246406021925448,0.03999999999996362,28.116015054839192,True,True
LINK-metrica:Home:4-P1-F59568-59569,metrica:sample-game-2,metrica:Home,metrica:Home:4,1,59568,59569,2382.7199999999998,2382.7600000000002,2382.7199999999998,2382.7600000000002,-0.036750000000004945,0.61812000000000111,0.61921151224763393,0.040000000000418368,15.480287806028937,True,False
LINK-metrica:Home:4-P2-F67947-67948,metrica:sample-game-2,metrica:Home,metrica:Home:4,2,67947,67948,0.23999999999999999,0.28000000000000003,2717.8800000000001,2717.9200000000001,0.40845000000000198,-3.0865200000000002,3.1134285141785418,0.03999999999996362,77.835712854534336,True,True
LINK-metrica:Home:4-P2-F67948-67949,metrica:sample-game-2,metrica:Home,metrica:Home:4,2,67948,67949,0.28000000000000003,0.32000000000000001,2717.9200000000001,2717.96,0.086100000000001842,-0.53652000000000299,0.5433846891475721,0.03999999999996362,13.584617228701658,True,False
LINK-metrica:Home:4-P2-F74567-74568,metrica:sample-game-2,metrica:Home,metrica:Home:4,2,74567,74568,265.04000000000002,265.07999999999998,2982.6799999999998,2982.7199999999998,-0.28140000000000498,-2.232440000000004,2.2501054005534984,0.03999999999996362,56.252635013888622,True,True
LINK-metrica:Home:4-P2-F84159-84160,metrica:sample-game-2,metrica:Home,metrica:Home:4,2,84159,84160,648.72000000000003,648.75999999999999,3366.3600000000001,3366.4000000000001,0.31605000000000061,0.33999999999999631,0.46420642229507969,0.03999999999996362,11.605160557387547,True,False
LINK-metrica:Home:4-P2-F84160-84161,metrica:sample-game-2,metrica:Home,metrica:Home:4,2,84160,84161,648.75999999999999,648.79999999999995,3366.4000000000001,3366.4400000000001,0.31709999999999994,0.34136000000000166,0.46591743860903201,0.03999999999996362,11.647935965236394,True,False
LINK-metrica:Home:4-P2-F84161-84162,metrica:sample-game-2,metrica:Home,metrica:Home:4,2,84161,84162,648.79999999999995,648.84000000000003,3366.4400000000001,3366.48,0.31920000000000215,0.34407999999999817,0.46933962798809148,0.03999999999996362,11.733490699712959,True,False
LINK-metrica:Home:4-P2-F84162-84163,metrica:sample-game-2,metrica:Home,metrica:Home:4,2,84162,84163,648.84000000000003,648.88,3366.48,3366.52,0.32129999999999725,0.34543999999999642,0.47176528443707655,0.03999999999996362,11.794132110937641,True,False
LINK-metrica:Home:4-P2-F84163-84164,metrica:sample-game-2,metrica:Home,metrica:Home:4,2,84163,84164,648.88,648.91999999999996,3366.52,3366.5599999999999,0.32340000000000302,0.34816000000000003,0.47518727424037988,0.03999999999996362,11.879681856020301,True,False
LINK-metrica:Home:4-P2-F84164-84165,metrica:sample-game-2,metrica:Home,metrica:Home:4,2,84164,84165,648.91999999999996,648.96000000000004,3366.5599999999999,3366.5999999999999,0.32444999999999879,0.34952000000000538,0.47689834650583868,0.03999999999996362,11.92245866265681,True,False
LINK-metrica:Home:4-P2-F84848-84849,metrica:sample-game-2,metrica:Home,metrica:Home:4,2,84848,84849,676.27999999999997,676.32000000000005,3393.9200000000001,3393.96,0.055649999999999977,0.50183999999999429,0.50491613967073212,0.03999999999996362,12.622903491779784,True,False
LINK-metrica:Home:4-P2-F84849-84850,metrica:sample-game-2,metrica:Home,metrica:Home:4,2,84849,84850,676.32000000000005,676.36000000000001,3393.96,3394,0.055649999999999977,0.50796000000000774,0.51099929951029077,0.03999999999996362,12.774982487768888,True,False
LINK-metrica:Home:4-P2-F84850-84851,metrica:sample-game-2,metrica:Home,metrica:Home:4,2,84850,84851,676.36000000000001,676.39999999999998,3394,3394.04,0.057749999999998636,0.51407999999999276,0.51731354989019218,0.03999999999996362,12.932838747266567,True,False
LINK-metrica:Home:4-P2-F84851-84852,metrica:sample-game-2,metrica:Home,metrica:Home:4,2,84851,84852,676.39999999999998,676.44000000000005,3394.04,3394.0799999999999,0.057749999999998636,0.52020000000000266,0.52339574176716663,0.03999999999996362,13.084893544191067,True,False
LINK-metrica:Home:4-P2-F84852-84853,metrica:sample-game-2,metrica:Home,metrica:Home:4,2,84852,84853,676.44000000000005,676.48000000000002,3394.0799999999999,3394.1199999999999,0.05880000000000507,0.52700000000000102,0.53027015756122053,0.03999999999996362,13.25675393904257,True,False
LINK-metrica:Home:4-P2-F84853-84854,metrica:sample-game-2,metrica:Home,metrica:Home:4,2,84853,84854,676.48000000000002,676.51999999999998,3394.1199999999999,3394.1599999999999,0.058799999999997965,0.53312000000000026,0.53635284505631187,0.03999999999996362,13.408821126419992,True,False
LINK-metrica:Home:4-P2-F84957-84958,metrica:sample-game-2,metrica:Home,metrica:Home:4,2,84957,84958,680.63999999999999,680.67999999999995,3398.2800000000002,3398.3200000000002,0.082949999999996749,0.44472000000000023,0.45238985499235018,0.03999999999996362,11.30974637481904,True,False
LINK-metrica:Home:4-P2-F84958-84959,metrica:sample-game-2,metrica:Home,metrica:Home:4,2,84958,84959,680.67999999999995,680.72000000000003,3398.3200000000002,3398.3600000000001,0.084000000000003183,0.44948000000000121,0.45726170887140949,0.03999999999996362,11.431542721795633,True,False
LINK-metrica:Home:4-P2-F84959-84960,metrica:sample-game-2,metrica:Home,metrica:Home:4,2,84959,84960,680.72000000000003,680.75999999999999,3398.3600000000001,3398.4000000000001,0.084000000000003183,0.45491999999999777,0.46261021000405783,0.03999999999996362,11.565255250111964,True,False
LINK-metrica:Home:4-P2-F84960-84961,metrica:sample-game-2,metrica:Home,metrica:Home:4,2,84960,84961,680.75999999999999,680.79999999999995,3398.4000000000001,3398.4400000000001,0.086100000000001842,0.45899999999999963,0.46700557812514398,0.03999999999996362,11.675139453139218,True,False
LINK-metrica:Home:4-P2-F84961-84962,metrica:sample-game-2,metrica:Home,metrica:Home:4,2,84961,84962,680.79999999999995,680.84000000000003,3398.4400000000001,3398.48,0.086099999999994736,0.46511999999999887,0.47302201259560639,0.03999999999996362,11.825550314900916,True,False
LINK-metrica:Home:4-P2-F84962-84963,metrica:sample-game-2,metrica:Home,metrica:Home:4,2,84962,84963,680.84000000000003,680.88,3398.48,3398.52,0.087150000000001171,0.4698799999999963,0.47789364601341661,0.03999999999996362,11.947341150346281,True,False
LINK-metrica:Home:4-P2-F85433-85434,metrica:sample-game-2,metrica:Home,metrica:Home:4,2,85433,85434,699.67999999999995,699.72000000000003,3417.3200000000002,3417.3600000000001,0.078749999999999432,0.41003999999999863,0.41753366822329285,0.03999999999996362,10.438341705591816,True,False
LINK-metrica:Home:4-P2-F85434-85435,metrica:sample-game-2,metrica:Home,metrica:Home:4,2,85434,85435,699.72000000000003,699.75999999999999,3417.3600000000001,3417.4000000000001,0.079800000000005866,0.41412000000000404,0.42173856167062113,0.03999999999996362,10.543464041775117,True,False
LINK-metrica:Home:4-P2-F85435-85436,metrica:sample-game-2,metrica:Home,metrica:Home:4,2,85435,85436,699.75999999999999,699.79999999999995,3417.4000000000001,3417.4400000000001,0.08084999999999809,0.41887999999999437,0.42661127141695987,0.03999999999996362,10.665281785433697,True,False
LINK-metrica:Home:4-P2-F85436-85437,metrica:sample-game-2,metrica:Home,metrica:Home:4,2,85436,85437,699.79999999999995,699.84000000000003,3417.4400000000001,3417.48,0.081900000000004525,0.42228000000000421,0.43014882122354386,0.03999999999996362,10.753720530598377,True,False
LINK-metrica:Home:4-P2-F85437-85438,metrica:sample-game-2,metrica:Home,metrica:Home:4,2,85437,85438,699.84000000000003,699.88,3417.48,3417.52,0.081899999999997419,0.42703999999999809,0.43482268984035088,0.03999999999996362,10.870567246018659,True,False
LINK-metrica:Home:4-P2-F85438-85439,metrica:sample-game-2,metrica:Home,metrica:Home:4,2,85438,85439,699.88,699.91999999999996,3417.52,3417.5599999999999,0.082950000000003854,0.43111999999999995,0.43902751269140367,0.03999999999996362,10.975687817295073,True,False
LINK-metrica:Home:4-P2-F85507-85508,metrica:sample-game-2,metrica:Home,metrica:Home:4,2,85507,85508,702.63999999999999,702.67999999999995,3420.2800000000002,3420.3200000000002,-0.41790000000000305,-0.25364000000000431,0.48884932197969216,0.03999999999996362,12.22123304950342,True,False
LINK-metrica:Home:4-P2-F85508-85509,metrica:sample-game-2,metrica:Home,metrica:Home:4,2,85508,85509,702.67999999999995,702.72000000000003,3420.3200000000002,3420.3600000000001,-0.41684999999999661,-0.25228000000000605,0.48724646832994101,0.03999999999996362,12.181161708259603,True,False
LINK-metrica:Home:4-P2-F85509-85510,metrica:sample-game-2,metrica:Home,metrica:Home:4,2,85509,85510,702.72000000000003,702.75999999999999,3420.3600000000001,3420.4000000000001,-0.41370000000000573,-0.2509200000000007,0.48384763758853372,0.03999999999996362,12.096190939724345,True,False
LINK-metrica:Home:4-P2-F85510-85511,metrica:sample-game-2,metrica:Home,metrica:Home:4,2,85510,85511,702.75999999999999,702.79999999999995,3420.4000000000001,3420.4400000000001,-0.4126499999999993,-0.24955999999999534,0.48224497519414039,0.03999999999996362,12.056124379864475,True,False
LINK-metrica:Home:4-P2-F85511-85512,metrica:sample-game-2,metrica:Home,metrica:Home:4,2,85511,85512,702.79999999999995,702.84000000000003,3420.4400000000001,3420.48,-0.4094999999999942,-0.2482000000000042,0.47884599820818941,0.03999999999996362,11.971149955215623,True,False
LINK-metrica:Home:4-P2-F85512-85513,metrica:sample-game-2,metrica:Home,metrica:Home:4,2,85512,85513,702.84000000000003,702.88,3420.48,3420.52,-0.40635000000000332,-0.24615999999999616,0.47509479906646085,0.03999999999996362,11.877369976672323,True,False
LINK-metrica:Home:4-P2-F85522-85523,metrica:sample-game-2,metrica:Home,metrica:Home:4,2,85522,85523,703.24000000000001,703.27999999999997,3420.8800000000001,3420.9200000000001,-0.094500000000003581,0.49367999999999768,0.50264320586276545,0.03999999999996362,12.566080146580566,True,False
LINK-metrica:Home:4-P2-F85523-85524,metrica:sample-game-2,metrica:Home,metrica:Home:4,2,85523,85524,703.27999999999997,703.32000000000005,3420.9200000000001,3420.96,-0.097650000000001569,0.50047999999998893,0.50991739811462522,0.03999999999996362,12.747934952877225,True,False
LINK-metrica:Home:4-P2-F85525-85526,metrica:sample-game-2,metrica:Home,metrica:Home:4,2,85525,85526,703.36000000000001,703.39999999999998,3421,3421.04,-0.34020000000000294,-0.68952000000000169,0.76887831963191966,0.03999999999996362,19.221957990815472,True,False
LINK-metrica:Home:4-P2-F85526-85527,metrica:sample-game-2,metrica:Home,metrica:Home:4,2,85526,85527,703.39999999999998,703.44000000000005,3421.04,3421.0799999999999,-0.33494999999999919,-0.67931999999999704,0.75740818908960539,0.03999999999996362,18.935204727257357,True,False
LINK-metrica:Home:4-P2-F85527-85528,metrica:sample-game-2,metrica:Home,metrica:Home:4,2,85527,85528,703.44000000000005,703.48000000000002,3421.0799999999999,3421.1199999999999,-0.33074999999999477,-0.6691200000000066,0.74640279802530574,0.03999999999996362,18.660069950649614,True,False
LINK-metrica:Home:4-P2-F85528-85529,metrica:sample-game-2,metrica:Home,metrica:Home:4,2,85528,85529,703.48000000000002,703.51999999999998,3421.1199999999999,3421.1599999999999,-0.32550000000000523,-0.65960000000000463,0.73554225575422216,0.03999999999996362,18.388556393872278,True,False
LINK-metrica:Home:4-P2-F85529-85530,metrica:sample-game-2,metrica:Home,metrica:Home:4,2,85529,85530,703.51999999999998,703.55999999999995,3421.1599999999999,3421.1999999999998,-0.32130000000000081,-0.65007999999999555,0.72514667233601426,0.03999999999996362,18.128666808416845,True,False
LINK-metrica:Home:4-P2-F85530-85531,metrica:sample-game-2,metrica:Home,metrica:Home:4,2,85530,85531,703.55999999999995,703.60000000000002,3421.1999999999998,3421.2399999999998,-0.31604999999999706,-0.64056000000000068,0.71428615841271836,0.03999999999996362,17.857153960334202,True,False
LINK-metrica:Home:4-P2-F86003-86004,metrica:sample-game-2,metrica:Home,metrica:Home:4,2,86003,86004,722.48000000000002,722.51999999999998,3440.1199999999999,3440.1599999999999,-0.11549999999999727,0.93363999999999692,0.94075708851966333,0.03999999999996362,23.518927213012972,True,True
LINK-metrica:Home:4-P2-F86004-86005,metrica:sample-game-2,metrica:Home,metrica:Home:4,2,86004,86005,722.51999999999998,722.55999999999995,3440.1599999999999,3440.1999999999998,-0.11865000000000236,0.95268000000000796,0.9600401058810073,0.03999999999996362,24.001002647047013,True,True
LINK-metrica:Home:4-P2-F86005-86006,metrica:sample-game-2,metrica:Home,metrica:Home:4,2,86005,86006,722.55999999999995,722.60000000000002,3440.1999999999998,3440.2399999999998,-0.12075000000000102,0.97375999999999152,0.98121817150926416,0.03999999999996362,24.530454287753916,True,True
LINK-metrica:Home:4-P2-F86006-86007,metrica:sample-game-2,metrica:Home,metrica:Home:4,2,86006,86007,722.60000000000002,722.63999999999999,3440.2399999999998,3440.2800000000002,-0.12284999999999968,0.99416000000000793,1.0017216320415647,0.040000000000418368,25.043040800777188,True,True
LINK-metrica:Home:4-P2-F86007-86008,metrica:sample-game-2,metrica:Home,metrica:Home:4,2,86007,86008,722.63999999999999,722.67999999999995,3440.2800000000002,3440.3200000000002,-0.12600000000000477,1.0165999999999968,1.0243786214090935,0.03999999999996362,25.609465535250632,True,True
LINK-metrica:Home:4-P2-F86008-86009,metrica:sample-game-2,metrica:Home,metrica:Home:4,2,86008,86009,722.67999999999995,722.72000000000003,3440.3200000000002,3440.3600000000001,-0.12914999999999566,1.03904,1.0470357415580418,0.03999999999996362,26.175893538974851,True,True
LINK-metrica:Home:4-P2-F90781-90782,metrica:sample-game-2,metrica:Home,metrica:Home:4,2,90781,90782,913.60000000000002,913.63999999999999,3631.2399999999998,3631.2800000000002,0.42524999999999835,-0.27608000000000033,0.50700860830956196,0.040000000000418368,12.675215207606476,True,False
LINK-metrica:Home:4-P2-F90782-90783,metrica:sample-game-2,metrica:Home,metrica:Home:4,2,90782,90783,913.63999999999999,913.67999999999995,3631.2800000000002,3631.3200000000002,0.42210000000000036,-0.27472000000000207,0.5036263380721876,0.03999999999996362,12.590658451816141,True,False
LINK-metrica:Home:4-P2-F90783-90784,metrica:sample-game-2,metrica:Home,metrica:Home:4,2,90783,90784,913.67999999999995,913.72000000000003,3631.3200000000002,3631.3600000000001,0.42000000000000171,-0.27268000000000114,0.50075381416420794,0.03999999999996362,12.518845354116584,True,False
LINK-metrica:Home:4-P2-F90784-90785,metrica:sample-game-2,metrica:Home,metrica:Home:4,2,90784,90785,913.72000000000003,913.75999999999999,3631.3600000000001,3631.4000000000001,0.41789999999999594,-0.27063999999999311,0.49788193339384479,0.03999999999996362,12.44704833485744,True,False
LINK-metrica:Home:4-P2-F90785-90786,metrica:sample-game-2,metrica:Home,metrica:Home:4,2,90785,90786,913.75999999999999,913.79999999999995,3631.4000000000001,3631.4400000000001,0.41475000000000506,-0.26928000000000196,0.49449902012036917,0.03999999999996362,12.362475503020473,True,False
LINK-metrica:Home:4-P2-F90786-90787,metrica:sample-game-2,metrica:Home,metrica:Home:4,2,90786,90787,913.79999999999995,913.84000000000003,3631.4400000000001,3631.48,0.4126499999999993,-0.26791999999999661,0.49199710253211609,0.03999999999996362,12.299927563314089,True,False
LINK-metrica:Home:4-P2-F95673-95674,metrica:sample-game-2,metrica:Home,metrica:Home:4,2,95673,95674,1109.28,1109.3199999999999,3826.9200000000001,3826.96,-0.26040000000000418,-0.48076000000000363,0.54675253780847299,0.03999999999996362,13.668813445224256,True,False
LINK-metrica:Home:4-P2-F95674-95675,metrica:sample-game-2,metrica:Home,metrica:Home:4,2,95674,95675,1109.3199999999999,1109.3599999999999,3826.96,3827,-0.25514999999999333,-0.47327999999999548,0.53767599992931836,0.03999999999996362,13.441899998245184,True,False
LINK-metrica:Home:4-P2-F95675-95676,metrica:sample-game-2,metrica:Home,metrica:Home:4,2,95675,95676,1109.3599999999999,1109.4000000000001,3827,3827.04,-0.25200000000000955,-0.46444000000000329,0.52840184859631956,0.03999999999996362,13.210046214920004,True,False
LINK-metrica:Home:4-P2-F95676-95677,metrica:sample-game-2,metrica:Home,metrica:Home:4,2,95676,95677,1109.4000000000001,1109.4400000000001,3827.04,3827.0799999999999,-0.24674999999999159,-0.45763999999999783,0.51992300593452667,0.03999999999996362,12.998075148374989,True,False
LINK-metrica:Home:4-P2-F95677-95678,metrica:sample-game-2,metrica:Home,metrica:Home:4,2,95677,95678,1109.4400000000001,1109.48,3827.0799999999999,3827.1199999999999,-0.2436000000000007,-0.45016000000000389,0.51184468894382784,0.03999999999996362,12.796117223607334,True,False
LINK-metrica:Home:4-P2-F95678-95679,metrica:sample-game-2,metrica:Home,metrica:Home:4,2,95678,95679,1109.48,1109.52,3827.1199999999999,3827.1599999999999,-0.23834999999999695,-0.44200000000000017,0.50217001354122959,0.03999999999996362,12.554250338542158,True,False
LINK-metrica:Home:5-P1-F22-23,metrica:sample-game-2,metrica:Home,metrica:Home:5,1,22,23,0.88,0.92000000000000004,0.88,0.92000000000000004,6.2212500000000013,0.043520000000000891,6.22140221757925,0.040000000000000036,155.53505543948111,True,True
LINK-metrica:Home:5-P1-F23-24,metrica:sample-game-2,metrica:Home,metrica:Home:5,1,23,24,0.92000000000000004,0.95999999999999996,0.92000000000000004,0.95999999999999996,6.229650000000003,0.043520000000000891,6.2298020123355471,0.039999999999999925,155.74505030838898,True,True
LINK-metrica:Home:5-P1-F24-25,metrica:sample-game-2,metrica:Home,metrica:Home:5,1,24,25,0.95999999999999996,1,0.95999999999999996,1,6.2380499999999941,0.043520000000000891,6.2382018076445656,0.040000000000000036,155.95504519111401,True,True
LINK-metrica:Home:5-P1-F25-26,metrica:sample-game-2,metrica:Home,metrica:Home:5,1,25,26,1,1.04,1,1.04,6.2464500000000029,0.043520000000000891,6.2466016035041028,0.040000000000000036,156.16504008760242,True,True
LINK-metrica:Home:5-P1-F26-27,metrica:sample-game-2,metrica:Home,metrica:Home:5,1,26,27,1.04,1.0800000000000001,1.04,1.0800000000000001,6.2537999999999982,0.043520000000007997,6.2539514253310262,0.040000000000000036,156.34878563327553,True,True
LINK-metrica:Home:5-P1-F27-28,metrica:sample-game-2,metrica:Home,metrica:Home:5,1,27,28,1.0800000000000001,1.1200000000000001,1.0800000000000001,1.1200000000000001,6.2622,0.044199999999989359,6.2623559847712258,0.040000000000000036,156.55889961928051,True,True
LINK-metrica:Home:5-P1-F9990-9991,metrica:sample-game-2,metrica:Home,metrica:Home:5,1,9990,9991,399.60000000000002,399.63999999999999,399.60000000000002,399.63999999999999,-0.23730000000000473,0.61336000000000368,0.65766388041309276,0.03999999999996362,16.441597010342271,True,False
LINK-metrica:Home:5-P1-F13846-13847,metrica:sample-game-2,metrica:Home,metrica:Home:5,1,13846,13847,553.84000000000003,553.88,553.84000000000003,553.88,-0.084000000000003183,0.59499999999999176,0.6009001580961606,0.03999999999996362,15.022503952417678,True,False
LINK-metrica:Home:5-P1-F13847-13848,metrica:sample-game-2,metrica:Home,metrica:Home:5,1,13847,13848,553.88,553.91999999999996,553.88,553.91999999999996,-0.086100000000001842,0.60248000000000701,0.60860115050828556,0.03999999999996362,15.215028762720976,True,False
LINK-metrica:Home:5-P1-F13848-13849,metrica:sample-game-2,metrica:Home,metrica:Home:5,1,13848,13849,553.91999999999996,553.96000000000004,553.91999999999996,553.96000000000004,-0.086100000000008947,0.60927999999999827,0.61533350989524327,0.040000000000077307,15.383337747351352,True,False
LINK-metrica:Home:5-P1-F13849-13850,metrica:sample-game-2,metrica:Home,metrica:Home:5,1,13849,13850,553.96000000000004,554,553.96000000000004,554,-0.088199999999993395,0.61676000000000641,0.62303461990487075,0.03999999999996362,15.575865497635935,True,False
LINK-metrica:Home:5-P1-F13850-13851,metrica:sample-game-2,metrica:Home,metrica:Home:5,1,13850,13851,554,554.03999999999996,554,554.03999999999996,-0.088199999999993395,0.62423999999999324,0.63044017765366955,0.03999999999996362,15.761004441356073,True,False
LINK-metrica:Home:5-P1-F13851-13852,metrica:sample-game-2,metrica:Home,metrica:Home:5,1,13851,13852,554.03999999999996,554.08000000000004,554.03999999999996,554.08000000000004,-0.09030000000001337,0.63172000000000139,0.63814124486668633,0.040000000000077307,15.953531121636326,True,False
LINK-metrica:Home:5-P1-F13852-13853,metrica:sample-game-2,metrica:Home,metrica:Home:5,1,13852,13853,554.08000000000004,554.12,554.08000000000004,554.12,-0.090299999999992053,0.63988000000000511,0.64622016712572905,0.03999999999996362,16.155504178157919,True,False
LINK-metrica:Home:5-P1-F13853-13854,metrica:sample-game-2,metrica:Home,metrica:Home:5,1,13853,13854,554.12,554.15999999999997,554.12,554.15999999999997,0.10289999999999822,-1.2301200000000065,1.2344163091923306,0.03999999999996362,30.860407729836332,True,True
LINK-metrica:Home:5-P1-F13854-13855,metrica:sample-game-2,metrica:Home,metrica:Home:5,1,13854,13855,554.15999999999997,554.20000000000005,554.15999999999997,554.20000000000005,0.070350000000004798,-0.75479999999998881,0.75807134393801201,0.040000000000077307,18.951783598413673,True,False
LINK-metrica:Home:5-P1-F26438-26439,metrica:sample-game-2,metrica:Home,metrica:Home:5,1,26438,26439,1057.52,1057.5599999999999,1057.52,1057.5599999999999,0.025199999999998113,0.68612000000000251,0.68658262022862426,0.03999999999996362,17.164565505731218,True,False
LINK-metrica:Home:5-P1-F26439-26440,metrica:sample-game-2,metrica:Home,metrica:Home:5,1,26439,26440,1057.5599999999999,1057.5999999999999,1057.5599999999999,1057.5999999999999,0.024150000000005889,0.69427999999999912,0.694699892687482,0.03999999999996362,17.367497317202847,True,False
LINK-metrica:Home:5-P1-F26440-26441,metrica:sample-game-2,metrica:Home,metrica:Home:5,1,26440,26441,1057.5999999999999,1057.6400000000001,1057.5999999999999,1057.6400000000001,0.025199999999998113,0.70311999999999841,0.70357144228571256,0.040000000000190994,17.589286057058828,True,False
LINK-metrica:Home:5-P1-F26441-26442,metrica:sample-game-2,metrica:Home,metrica:Home:5,1,26441,26442,1057.6400000000001,1057.6800000000001,1057.6400000000001,1057.6800000000001,0.026249999999997442,0.71128000000000213,0.71176421720960581,0.03999999999996362,17.79410543025633,True,False
LINK-metrica:Home:5-P1-F26442-26443,metrica:sample-game-2,metrica:Home,metrica:Home:5,1,26442,26443,1057.6800000000001,1057.72,1057.6800000000001,1057.72,0.025200000000005218,0.72011999999999432,0.72056079160608788,0.03999999999996362,18.014019790168582,True,False
LINK-metrica:Home:5-P1-F26443-26444,metrica:sample-game-2,metrica:Home,metrica:Home:5,1,26443,26444,1057.72,1057.76,1057.72,1057.76,0.026249999999990337,0.7296400000000034,0.73011204078552516,0.03999999999996362,18.252801019654729,True,False
LINK-metrica:Home:5-P1-F32846-32847,metrica:sample-game-2,metrica:Home,metrica:Home:5,1,32846,32847,1313.8399999999999,1313.8800000000001,1313.8399999999999,1313.8800000000001,-0.14279999999999404,0.77451999999999899,0.78757416818988968,0.040000000000190994,19.689354204653227,True,False
LINK-metrica:Home:5-P1-F32847-32848,metrica:sample-game-2,metrica:Home,metrica:Home:5,1,32847,32848,1313.8800000000001,1313.9200000000001,1313.8800000000001,1313.9200000000001,-0.14595000000000624,0.79151999999999845,0.80486353681850897,0.03999999999996362,20.121588420481025,True,True
LINK-metrica:Home:5-P1-F32848-32849,metrica:sample-game-2,metrica:Home,metrica:Home:5,1,32848,32849,1313.9200000000001,1313.96,1313.9200000000001,1313.96,-0.14909999999999712,0.80784000000000233,0.82148419071824075,0.03999999999996362,20.537104767974697,True,True
LINK-metrica:Home:5-P1-F32849-32850,metrica:sample-game-2,metrica:Home,metrica:Home:5,1,32849,32850,1313.96,1314,1313.96,1314,-0.15225000000000222,0.82619999999999649,0.84011100605812494,0.03999999999996362,21.002775151472225,True,True
LINK-metrica:Home:5-P1-F32850-32851,metrica:sample-game-2,metrica:Home,metrica:Home:5,1,32850,32851,1314,1314.04,1314,1314.04,-0.15644999999999953,0.84319999999999951,0.85759130271942419,0.03999999999996362,21.439782568005104,True,True
LINK-metrica:Home:5-P1-F32851-32852,metrica:sample-game-2,metrica:Home,metrica:Home:5,1,32851,32852,1314.04,1314.0799999999999,1314.04,1314.0799999999999,-0.15959999999999752,0.86292000000000613,0.8775551757012261,0.03999999999996362,21.938879392550607,True,True
LINK-metrica:Home:5-P1-F43360-43361,metrica:sample-game-2,metrica:Home,metrica:Home:5,1,43360,43361,1734.4000000000001,1734.4400000000001,1734.4000000000001,1734.4400000000001,0.59429999999998984,1.4382000000000019,1.5561528620286613,0.03999999999996362,38.903821550751914,True,True
LINK-metrica:Home:5-P1-F43361-43362,metrica:sample-game-2,metrica:Home,metrica:Home:5,1,43361,43362,1734.4400000000001,1734.48,1734.4400000000001,1734.48,0.61005000000000109,1.4796800000000019,1.6005042658174975,0.03999999999996362,40.012606645473831,True,True
LINK-metrica:Home:5-P1-F43362-43363,metrica:sample-game-2,metrica:Home,metrica:Home:5,1,43362,43363,1734.48,1734.52,1734.48,1734.52,0.62894999999998902,1.5225200000000001,1.6473145579700272,0.03999999999996362,41.182863949288134,True,True
LINK-metrica:Home:5-P1-F43363-43364,metrica:sample-game-2,metrica:Home,metrica:Home:5,1,43363,43364,1734.52,1734.5599999999999,1734.52,1734.5599999999999,0.64680000000001314,1.5673999999999992,1.6956099197633914,0.03999999999996362,42.390247994123335,True,True
LINK-metrica:Home:5-P1-F43364-43365,metrica:sample-game-2,metrica:Home,metrica:Home:5,1,43364,43365,1734.5599999999999,1734.5999999999999,1734.5599999999999,1734.5999999999999,0.66674999999999329,1.6143199999999993,1.7465922892592847,0.03999999999996362,43.664807231521827,True,True
LINK-metrica:Home:5-P1-F43365-43366,metrica:sample-game-2,metrica:Home,metrica:Home:5,1,43365,43366,1734.5999999999999,1734.6400000000001,1734.5999999999999,1734.6400000000001,0.68670000000000186,1.663960000000003,1.8000888232529006,0.040000000000190994,45.002220581107636,True,True
LINK-metrica:Home:5-P1-F49242-49243,metrica:sample-game-2,metrica:Home,metrica:Home:5,1,49242,49243,1969.6800000000001,1969.72,1969.6800000000001,1969.72,-0.067200000000013915,1.1390000000000029,1.1409806483898,0.03999999999996362,28.52451620977094,True,True
LINK-metrica:Home:5-P1-F49243-49244,metrica:sample-game-2,metrica:Home,metrica:Home:5,1,49243,49244,1969.72,1969.76,1969.72,1969.76,-0.068249999999991928,1.1702799999999982,1.1722684593982706,0.03999999999996362,29.30671148498342,True,True
LINK-metrica:Home:5-P1-F49244-49245,metrica:sample-game-2,metrica:Home,metrica:Home:5,1,49244,49245,1969.76,1969.8,1969.76,1969.8,-0.070350000000004798,1.2036000000000016,1.2056542134874346,0.03999999999996362,30.14135533721328,True,True
LINK-metrica:Home:5-P1-F49245-49246,metrica:sample-game-2,metrica:Home,metrica:Home:5,1,49245,49246,1969.8,1969.8399999999999,1969.8,1969.8399999999999,-0.071399999999997021,1.2376000000000005,1.239657904423636,0.03999999999996362,30.991447610619087,True,True
LINK-metrica:Home:5-P1-F49246-49247,metrica:sample-game-2,metrica:Home,metrica:Home:5,1,49246,49247,1969.8399999999999,1969.8800000000001,1969.8399999999999,1969.8800000000001,-0.074550000000002115,1.2736399999999932,1.2758199528538434,0.040000000000190994,31.89549882119379,True,True
LINK-metrica:Home:5-P1-F49247-49248,metrica:sample-game-2,metrica:Home,metrica:Home:5,1,49247,49248,1969.8800000000001,1969.9200000000001,1969.8800000000001,1969.9200000000001,-0.076650000000000773,1.3110400000000055,1.3132787610024059,0.03999999999996362,32.831969025090011,True,True
LINK-metrica:Home:5-P1-F49248-49249,metrica:sample-game-2,metrica:Home,metrica:Home:5,1,49248,49249,1969.9200000000001,1969.96,1969.9200000000001,1969.96,-0.078749999999985221,1.3498000000000019,1.3520952638405337,0.03999999999996362,33.802381596044086,True,True
LINK-metrica:Home:5-P1-F50848-50849,metrica:sample-game-2,metrica:Home,metrica:Home:5,1,50848,50849,2033.9200000000001,2033.96,2033.9200000000001,2033.96,-0.061950000000010164,1.2845199999999934,1.2860129987290114,0.03999999999996362,32.150324968254523,True,True
LINK-metrica:Home:5-P1-F50849-50850,metrica:sample-game-2,metrica:Home,metrica:Home:5,1,50849,50850,2033.96,2034,2033.96,2034,-0.063000000000002387,1.321239999999996,1.3227411453493043,0.03999999999996362,33.068528633762682,True,True
LINK-metrica:Home:5-P1-F50850-50851,metrica:sample-game-2,metrica:Home,metrica:Home:5,1,50850,50851,2034,2034.04,2034,2034.04,-0.065100000000001046,1.3593200000000039,1.3608779785124052,0.03999999999996362,34.021949462841071,True,True
LINK-metrica:Home:5-P1-F50851-50852,metrica:sample-game-2,metrica:Home,metrica:Home:5,1,50851,50852,2034.04,2034.0799999999999,2034.04,2034.0799999999999,-0.067199999999999704,1.3994399999999985,1.4010525163604666,0.03999999999996362,35.026312909043519,True,True
LINK-metrica:Home:5-P1-F50852-50853,metrica:sample-game-2,metrica:Home,metrica:Home:5,1,50852,50853,2034.0799999999999,2034.1199999999999,2034.0799999999999,2034.1199999999999,-0.069299999999998363,1.4402399999999957,1.441906289465438,0.03999999999996362,36.047657236668734,True,True
LINK-metrica:Home:5-P1-F50853-50854,metrica:sample-game-2,metrica:Home,metrica:Home:5,1,50853,50854,2034.1199999999999,2034.1600000000001,2034.1199999999999,2034.1600000000001,-0.070349999999990587,1.4844399999999993,1.486106064889043,0.040000000000190994,37.152651622048673,True,True
LINK-metrica:Home:5-P1-F50956-50957,metrica:sample-game-2,metrica:Home,metrica:Home:5,1,50956,50957,2038.24,2038.28,2038.24,2038.28,-0.51765000000000327,-0.12375999999999721,0.53223872472792011,0.03999999999996362,13.305968118210105,True,False
LINK-metrica:Home:5-P1-F50957-50958,metrica:sample-game-2,metrica:Home,metrica:Home:5,1,50957,50958,2038.28,2038.3199999999999,2038.28,2038.3199999999999,-0.5155499999999904,-0.12308000000000874,0.53003819569913291,0.03999999999996362,13.250954892490375,True,False
LINK-metrica:Home:5-P1-F50958-50959,metrica:sample-game-2,metrica:Home,metrica:Home:5,1,50958,50959,2038.3199999999999,2038.3599999999999,2038.3199999999999,2038.3599999999999,-0.51555000000000462,-0.12307999999999453,0.53003819569914346,0.03999999999996362,13.250954892490638,True,False
LINK-metrica:Home:5-P1-F50959-50960,metrica:sample-game-2,metrica:Home,metrica:Home:5,1,50959,50960,2038.3599999999999,2038.4000000000001,2038.3599999999999,2038.4000000000001,-0.51345000000000596,-0.12308000000000163,0.52799582280545221,0.040000000000190994,13.199895570073277,True,False
LINK-metrica:Home:5-P1-F50960-50961,metrica:sample-game-2,metrica:Home,metrica:Home:5,1,50960,50961,2038.4000000000001,2038.4400000000001,2038.4000000000001,2038.4400000000001,-0.51134999999999309,-0.12239999999999895,0.52579519063984659,0.03999999999996362,13.14487976600812,True,False
LINK-metrica:Home:5-P1-F50961-50962,metrica:sample-game-2,metrica:Home,metrica:Home:5,1,50961,50962,2038.4400000000001,2038.48,2038.4400000000001,2038.48,-0.51134999999999309,-0.12239999999999895,0.52579519063984659,0.03999999999996362,13.14487976600812,True,False
LINK-metrica:Home:5-P1-F53412-53413,metrica:sample-game-2,metrica:Home,metrica:Home:5,1,53412,53413,2136.48,2136.52,2136.48,2136.52,-0.45989999999999043,1.1451199999999986,1.2340209983626647,0.03999999999996362,30.850524959094674,True,True
LINK-metrica:Home:5-P1-F53413-53414,metrica:sample-game-2,metrica:Home,metrica:Home:5,1,53413,53414,2136.52,2136.5599999999999,2136.52,2136.5599999999999,-0.47459999999999525,1.1804800000000029,1.2723121434616593,0.03999999999996362,31.807803586570412,True,True
LINK-metrica:Home:5-P1-F53414-53415,metrica:sample-game-2,metrica:Home,metrica:Home:5,1,53414,53415,2136.5599999999999,2136.5999999999999,2136.5599999999999,2136.5999999999999,-0.48930000000000007,1.2171999999999912,1.311865210301721,0.03999999999996362,32.796630257572851,True,True
LINK-metrica:Home:5-P1-F53415-53416,metrica:sample-game-2,metrica:Home,metrica:Home:5,1,53415,53416,2136.5999999999999,2136.6399999999999,2136.5999999999999,2136.6399999999999,-0.50505000000001132,1.2573200000000035,1.3549646065119267,0.03999999999996362,33.874115162828978,True,True
LINK-metrica:Home:5-P1-F53416-53417,metrica:sample-game-2,metrica:Home,metrica:Home:5,1,53416,53417,2136.6399999999999,2136.6799999999998,2136.6399999999999,2136.6799999999998,-0.52184999999998638,1.2974400000000053,1.3984555681536683,0.03999999999996362,34.961389203873509,True,True
LINK-metrica:Home:5-P1-F53417-53418,metrica:sample-game-2,metrica:Home,metrica:Home:5,1,53417,53418,2136.6799999999998,2136.7199999999998,2136.6799999999998,2136.7199999999998,-0.53865000000000407,1.3409599999999955,1.4451012227868305,0.03999999999996362,36.127530569703623,True,True
LINK-metrica:Home:5-P1-F54266-54267,metrica:sample-game-2,metrica:Home,metrica:Home:5,1,54266,54267,2170.6399999999999,2170.6799999999998,2170.6399999999999,2170.6799999999998,0.11025000000000063,0.81939999999999813,0.82678378219459348,0.03999999999996362,20.669594554883634,True,True
LINK-metrica:Home:5-P1-F54267-54268,metrica:sample-game-2,metrica:Home,metrica:Home:5,1,54267,54268,2170.6799999999998,2170.7199999999998,2170.6799999999998,2170.7199999999998,0.11129999999999285,0.83708000000000382,0.84444692929751652,0.03999999999996362,21.111173232457112,True,True
LINK-metrica:Home:5-P1-F54268-54269,metrica:sample-game-2,metrica:Home,metrica:Home:5,1,54268,54269,2170.7199999999998,2170.7600000000002,2170.7199999999998,2170.7600000000002,0.11549999999999727,0.85543999999999443,0.86320208734686799,0.040000000000418368,21.580052183445989,True,True
LINK-metrica:Home:5-P1-F54269-54270,metrica:sample-game-2,metrica:Home,metrica:Home:5,1,54269,54270,2170.7600000000002,2170.8000000000002,2170.7600000000002,2170.8000000000002,0.11655000000000371,0.8738000000000028,0.88153862223955093,0.03999999999996362,22.038465556008816,True,True
LINK-metrica:Home:5-P1-F54270-54271,metrica:sample-game-2,metrica:Home,metrica:Home:5,1,54270,54271,2170.8000000000002,2170.8400000000001,2170.8000000000002,2170.8400000000001,0.1197000000000088,0.89352000000000231,0.90150212445673483,0.03999999999996362,22.537553111438868,True,True
LINK-metrica:Home:5-P1-F54271-54272,metrica:sample-game-2,metrica:Home,metrica:Home:5,1,54271,54272,2170.8400000000001,2170.8800000000001,2170.8400000000001,2170.8800000000001,0.12284999999999968,0.91323999999999472,0.92146590826790242,0.03999999999996362,23.036647706718512,True,True
LINK-metrica:Home:5-P1-F64452-64453,metrica:sample-game-2,metrica:Home,metrica:Home:5,1,64452,64453,2578.0799999999999,2578.1199999999999,2578.0799999999999,2578.1199999999999,0.3811499999999981,0.19040000000000035,0.42606042118459997,0.03999999999996362,10.651510529624687,True,False
LINK-metrica:Home:5-P1-F64453-64454,metrica:sample-game-2,metrica:Home,metrica:Home:5,1,64453,64454,2578.1199999999999,2578.1599999999999,2578.1199999999999,2578.1599999999999,-0.40739999999999554,-0.607240000000008,0.73124221541155987,0.03999999999996362,18.281055385305624,True,False
LINK-metrica:Home:5-P1-F65498-65499,metrica:sample-game-2,metrica:Home,metrica:Home:5,1,65498,65499,2619.9200000000001,2619.96,2619.9200000000001,2619.96,-0.40109999999999957,0.13327999999999918,0.42266389531162873,0.03999999999996362,10.566597382800328,True,False
LINK-metrica:Home:5-P1-F65499-65500,metrica:sample-game-2,metrica:Home,metrica:Home:5,1,65499,65500,2619.96,2620,2619.96,2620,-0.40320000000000533,0.13327999999999562,0.42465727169095213,0.03999999999996362,10.616431792283459,True,False
LINK-metrica:Home:5-P1-F65500-65501,metrica:sample-game-2,metrica:Home,metrica:Home:5,1,65500,65501,2620,2620.04,2620,2620.04,-0.40424999999999045,0.13396000000000186,0.42586775423832313,0.03999999999996362,10.646693855967762,True,False
LINK-metrica:Home:5-P1-F65501-65502,metrica:sample-game-2,metrica:Home,metrica:Home:5,1,65501,65502,2620.04,2620.0799999999999,2620.04,2620.0799999999999,-0.40635000000000332,0.13396000000000186,0.42786166467680087,0.03999999999996362,10.69654161692975,True,False
LINK-metrica:Home:5-P1-F65502-65503,metrica:sample-game-2,metrica:Home,metrica:Home:5,1,65502,65503,2620.0799999999999,2620.1199999999999,2620.0799999999999,2620.1199999999999,-0.40635000000000332,0.13464000000000098,0.42807505428371195,0.03999999999996362,10.701876357102533,True,False
LINK-metrica:Home:5-P1-F65503-65504,metrica:sample-game-2,metrica:Home,metrica:Home:5,1,65503,65504,2620.1199999999999,2620.1599999999999,2620.1199999999999,2620.1599999999999,-0.40845000000000198,0.13532000000000366,0.43028235485550947,0.03999999999996362,10.75705887139752,True,False
LINK-metrica:Home:5-P2-F76711-76712,metrica:sample-game-2,metrica:Home,metrica:Home:5,2,76711,76712,350.80000000000001,350.83999999999997,3068.4400000000001,3068.48,-0.14489999999999981,-0.44335999999999487,0.46643766957654204,0.03999999999996362,11.660941739424157,True,False
LINK-metrica:Home:5-P2-F76712-76713,metrica:sample-game-2,metrica:Home,metrica:Home:5,2,76712,76713,350.83999999999997,350.88,3068.48,3068.52,-0.14280000000000825,-0.43792000000000186,0.46061455296158849,0.03999999999996362,11.515363824050185,True,False
LINK-metrica:Home:5-P2-F76713-76714,metrica:sample-game-2,metrica:Home,metrica:Home:5,2,76713,76714,350.88,350.92000000000002,3068.52,3068.5599999999999,-0.14174999999999471,-0.43248000000000175,0.45511758140067499,0.03999999999996362,11.377939535027222,True,False
LINK-metrica:Home:5-P2-F76714-76715,metrica:sample-game-2,metrica:Home,metrica:Home:5,2,76714,76715,350.92000000000002,350.95999999999998,3068.5599999999999,3068.5999999999999,-0.13964999999999606,-0.42772000000000077,0.44994057485405731,0.03999999999996362,11.248514371361663,True,False
LINK-metrica:Home:5-P2-F76715-76716,metrica:sample-game-2,metrica:Home,metrica:Home:5,2,76715,76716,350.95999999999998,351,3068.5999999999999,3068.6399999999999,-0.1375500000000045,-0.42159999999999798,0.44347103907696106,0.03999999999996362,11.08677597693411,True,False
LINK-metrica:Home:5-P2-F76716-76717,metrica:sample-game-2,metrica:Home,metrica:Home:5,2,76716,76717,351,351.04000000000002,3068.6399999999999,3068.6799999999998,-0.13649999999999807,-0.41684000000000054,0.43862037754760086,0.03999999999996362,10.965509438699995,True,False
LINK-metrica:Home:5-P2-F81475-81476,metrica:sample-game-2,metrica:Home,metrica:Home:5,2,81475,81476,541.36000000000001,541.39999999999998,3259,3259.04,-0.57749999999998636,-0.27199999999999847,0.63834962990510413,0.03999999999996362,15.958740747642118,True,False
LINK-metrica:Home:5-P2-F81476-81477,metrica:sample-game-2,metrica:Home,metrica:Home:5,2,81476,81477,541.39999999999998,541.44000000000005,3259.04,3259.0799999999999,-0.78015000000000612,-0.24888000000000332,0.81888660808442282,0.03999999999996362,20.47216520212919,True,True
LINK-metrica:Home:5-P2-F81523-81524,metrica:sample-game-2,metrica:Home,metrica:Home:5,2,81523,81524,543.27999999999997,543.32000000000005,3260.9200000000001,3260.96,-0.63105000000000189,-0.49980000000000047,0.80499946739112993,0.03999999999996362,20.124986684796554,True,True
LINK-metrica:Home:5-P2-F81524-81525,metrica:sample-game-2,metrica:Home,metrica:Home:5,2,81524,81525,543.32000000000005,543.36000000000001,3260.96,3261,-0.58694999999998743,-0.19107999999999947,0.61726968895287992,0.03999999999996362,15.431742223836034,True,False
LINK-metrica:Home:5-P2-F82026-82027,metrica:sample-game-2,metrica:Home,metrica:Home:5,2,82026,82027,563.39999999999998,563.44000000000005,3281.04,3281.0799999999999,-0.40740000000000975,-0.0020399999999938245,0.40740510747903974,0.03999999999996362,10.185127686985258,True,False
LINK-metrica:Home:5-P2-F82027-82028,metrica:sample-game-2,metrica:Home,metrica:Home:5,2,82027,82028,563.44000000000005,563.48000000000002,3281.0799999999999,3281.1199999999999,-0.60164999999999225,-0.025840000000009411,0.6022046397197478,0.03999999999996362,15.055115993007387,True,False
LINK-metrica:Home:5-P2-F82028-82029,metrica:sample-game-2,metrica:Home,metrica:Home:5,2,82028,82029,563.48000000000002,563.51999999999998,3281.1199999999999,3281.1599999999999,-0.65100000000001046,-0.017000000000003013,0.65122192837773341,0.03999999999996362,16.280548209458143,True,False
LINK-metrica:Home:5-P2-F82030-82031,metrica:sample-game-2,metrica:Home,metrica:Home:5,2,82030,82031,563.55999999999995,563.60000000000002,3281.1999999999998,3281.2399999999998,-0.45780000000000598,0.0462400000000045,0.46012930530450452,0.03999999999996362,11.503232632623074,True,False
LINK-metrica:Home:5-P2-F82031-82032,metrica:sample-game-2,metrica:Home,metrica:Home:5,2,82031,82032,563.60000000000002,563.63999999999999,3281.2399999999998,3281.2800000000002,-0.4588499999999982,0.046239999999997394,0.46117400197755953,0.040000000000418368,11.529350049318401,True,False
LINK-metrica:Home:5-P2-F82032-82033,metrica:sample-game-2,metrica:Home,metrica:Home:5,2,82032,82033,563.63999999999999,563.67999999999995,3281.2800000000002,3281.3200000000002,-0.4588499999999982,0.0462400000000045,0.46117400197756031,0.03999999999996362,11.529350049449494,True,False
LINK-metrica:Home:5-P2-F82033-82034,metrica:sample-game-2,metrica:Home,metrica:Home:5,2,82033,82034,563.67999999999995,563.72000000000003,3281.3200000000002,3281.3600000000001,-0.46094999999999686,0.046239999999997394,0.46326346726241741,0.03999999999996362,11.581586681570968,True,False
LINK-metrica:Home:5-P2-F82034-82035,metrica:sample-game-2,metrica:Home,metrica:Home:5,2,82034,82035,563.72000000000003,563.75999999999999,3281.3600000000001,3281.4000000000001,-0.46094999999999686,0.0462400000000045,0.46326346726241813,0.03999999999996362,11.581586681570986,True,False
LINK-metrica:Home:5-P2-F82035-82036,metrica:sample-game-2,metrica:Home,metrica:Home:5,2,82035,82036,563.75999999999999,563.79999999999995,3281.4000000000001,3281.4400000000001,-0.46094999999999686,0.046919999999985862,0.46333183454193583,0.03999999999996362,11.583295863558931,True,False
LINK-metrica:Home:5-P2-F82038-82039,metrica:sample-game-2,metrica:Home,metrica:Home:5,2,82038,82039,563.88,563.91999999999996,3281.52,3281.5599999999999,0.43260000000000787,-0.035360000000004277,0.4340427278506197,0.03999999999996362,10.851068196275362,True,False
LINK-metrica:Home:5-P2-F82039-82040,metrica:sample-game-2,metrica:Home,metrica:Home:5,2,82039,82040,563.91999999999996,563.96000000000004,3281.5599999999999,3281.5999999999999,0.44310000000000116,-0.06187999999999505,0.4473999825659366,0.03999999999996362,11.184999564158588,True,False
LINK-metrica:Home:5-P2-F82040-82041,metrica:sample-game-2,metrica:Home,metrica:Home:5,2,82040,82041,563.96000000000004,564,3281.5999999999999,3281.6399999999999,0.45045000000000357,-0.07412000000000063,0.45650736784854118,0.03999999999996362,11.412684196223909,True,False
LINK-metrica:Home:5-P2-F82041-82042,metrica:sample-game-2,metrica:Home,metrica:Home:5,2,82041,82042,564,564.03999999999996,3281.6399999999999,3281.6799999999998,0.45989999999999043,-0.073439999999997951,0.46572679072605527,0.03999999999996362,11.643169768161972,True,False
LINK-metrica:Home:5-P2-F82042-82043,metrica:sample-game-2,metrica:Home,metrica:Home:5,2,82042,82043,564.03999999999996,564.08000000000004,3281.6799999999998,3281.7199999999998,0.39479999999998938,-0.068680000000000518,0.40072931312794136,0.03999999999996362,10.018232828207646,True,False
LINK-metrica:Home:5-P2-F86439-86440,metrica:sample-game-2,metrica:Home,metrica:Home:5,2,86439,86440,739.91999999999996,739.96000000000004,3457.5599999999999,3457.5999999999999,-0.033599999999999852,-1.0553600000000003,1.0558947341473015,0.03999999999996362,26.397368353706547,True,True
LINK-metrica:Home:5-P2-F86440-86441,metrica:sample-game-2,metrica:Home,metrica:Home:5,2,86440,86441,739.96000000000004,740,3457.5999999999999,3457.6399999999999,-0.03254999999999697,-1.0308799999999927,1.0313937545379963,0.03999999999996362,25.784843863473359,True,True
LINK-metrica:Home:5-P2-F86441-86442,metrica:sample-game-2,metrica:Home,metrica:Home:5,2,86441,86442,740,740.03999999999996,3457.6399999999999,3457.6799999999998,-0.031500000000001194,-1.0064000000000028,1.0068928493141689,0.03999999999996362,25.172321232877117,True,True
LINK-metrica:Home:5-P2-F86442-86443,metrica:sample-game-2,metrica:Home,metrica:Home:5,2,86442,86443,740.03999999999996,740.08000000000004,3457.6799999999998,3457.7199999999998,-0.030450000000001864,-0.9832800000000006,0.9837513714857028,0.03999999999996362,24.593784287164937,True,True
LINK-metrica:Home:5-P2-F86443-86444,metrica:sample-game-2,metrica:Home,metrica:Home:5,2,86443,86444,740.08000000000004,740.12,3457.7199999999998,3457.7600000000002,-0.030449999999994759,-0.96084000000000103,0.96132237470060045,0.040000000000418368,24.033059367263643,True,True
LINK-metrica:Home:5-P2-F86444-86445,metrica:sample-game-2,metrica:Home,metrica:Home:5,2,86444,86445,740.12,740.15999999999997,3457.7600000000002,3457.8000000000002,-0.029399999999998983,-0.93907999999999703,0.93954010366774354,0.03999999999996362,23.488502591714951,True,True
LINK-metrica:Home:5-P2-F91239-91240,metrica:sample-game-2,metrica:Home,metrica:Home:5,2,91239,91240,931.91999999999996,931.96000000000004,3649.5599999999999,3649.5999999999999,0.32130000000000081,-0.42024000000000328,0.52899465743994356,0.03999999999996362,13.224866436010617,True,False
LINK-metrica:Home:5-P2-F91240-91241,metrica:sample-game-2,metrica:Home,metrica:Home:5,2,91240,91241,931.96000000000004,932,3649.5999999999999,3649.6399999999999,0.31605000000000416,-0.41411999999999694,0.52094431266691077,0.03999999999996362,13.023607816684613,True,False
LINK-metrica:Home:5-P2-F91241-91242,metrica:sample-game-2,metrica:Home,metrica:Home:5,2,91241,91242,932,932.03999999999996,3649.6399999999999,3649.6799999999998,0.31184999999999974,-0.4093599999999995,0.51461250674658054,0.03999999999996362,12.865312668676214,True,False
LINK-metrica:Home:5-P2-F91242-91243,metrica:sample-game-2,metrica:Home,metrica:Home:5,2,91242,91243,932.03999999999996,932.08000000000004,3649.6799999999998,3649.7199999999998,0.30870000000000175,-0.4039200000000065,0.50837688421092309,0.03999999999996362,12.709422105284636,True,False
LINK-metrica:Home:5-P2-F91243-91244,metrica:sample-game-2,metrica:Home,metrica:Home:5,2,91243,91244,932.08000000000004,932.12,3649.7199999999998,3649.7600000000002,0.303449999999998,-0.39847999999999928,0.50086746041243113,0.040000000000418368,12.521686510179812,True,False
LINK-metrica:Home:5-P2-F91244-91245,metrica:sample-game-2,metrica:Home,metrica:Home:5,2,91244,91245,932.12,932.15999999999997,3649.7600000000002,3649.8000000000002,0.30030000000000001,-0.39303999999999917,0.49463171309571263,0.03999999999996362,12.365792827404062,True,False
LINK-metrica:Home:5-P2-F105493-105494,metrica:sample-game-2,metrica:Home,metrica:Home:5,2,105493,105494,1502.0799999999999,1502.1199999999999,4219.7200000000003,4219.7600000000002,-0.17534999999999457,0.84728000000000492,0.86523466233155877,0.03999999999996362,21.630866558308643,True,True
LINK-metrica:Home:5-P2-F105494-105495,metrica:sample-game-2,metrica:Home,metrica:Home:5,2,105494,105495,1502.1199999999999,1502.1600000000001,4219.7600000000002,4219.8000000000002,-0.17850000000000676,0.86291999999999547,0.8811885021946182,0.03999999999996362,22.029712554885492,True,True
LINK-metrica:Home:5-P2-F105495-105496,metrica:sample-game-2,metrica:Home,metrica:Home:5,2,105495,105496,1502.1600000000001,1502.2,4219.8000000000002,4219.8400000000001,-0.18164999999999765,0.87856000000000023,0.89714234996459707,0.03999999999996362,22.428558749135327,True,True
LINK-metrica:Home:5-P2-F105496-105497,metrica:sample-game-2,metrica:Home,metrica:Home:5,2,105496,105497,1502.2,1502.24,4219.8400000000001,4219.8800000000001,-0.18480000000000274,0.89556000000001035,0.91442810193039215,0.03999999999996362,22.860702548280596,True,True
LINK-metrica:Home:5-P2-F105497-105498,metrica:sample-game-2,metrica:Home,metrica:Home:5,2,105497,105498,1502.24,1502.28,4219.8800000000001,4219.9200000000001,-0.18900000000000006,0.91255999999999915,0.9319263670483835,0.03999999999996362,23.298159176230776,True,True
LINK-metrica:Home:5-P2-F105498-105499,metrica:sample-game-2,metrica:Home,metrica:Home:5,2,105498,105499,1502.28,1502.3199999999999,4219.9200000000001,4219.96,-0.19214999999999804,0.93023999999999063,0.94987792905192914,0.03999999999996362,23.746948226319827,True,True
LINK-metrica:Home:5-P2-F111266-111267,metrica:sample-game-2,metrica:Home,metrica:Home:5,2,111266,111267,1733,1733.04,4450.6400000000003,4450.6800000000003,-0.58484999999999943,0.07616000000000156,0.58978798572029223,0.03999999999996362,14.744699643020716,True,False
LINK-metrica:Home:5-P2-F111267-111268,metrica:sample-game-2,metrica:Home,metrica:Home:5,2,111267,111268,1733.04,1733.0799999999999,4450.6800000000003,4450.7200000000003,-0.58589999999999876,0.07616000000000156,0.59082921017837198,0.03999999999996362,14.770730254472733,True,False
LINK-metrica:Home:5-P2-F111268-111269,metrica:sample-game-2,metrica:Home,metrica:Home:5,2,111268,111269,1733.0799999999999,1733.1199999999999,4450.7200000000003,4450.7600000000002,-0.58589999999999876,0.076159999999987349,0.59082921017837009,0.03999999999996362,14.770730254472687,True,False
LINK-metrica:Home:5-P2-F111269-111270,metrica:sample-game-2,metrica:Home,metrica:Home:5,2,111269,111270,1733.1199999999999,1733.1600000000001,4450.7600000000002,4450.8000000000002,-0.58800000000000097,0.07616000000000156,0.5929117519496484,0.03999999999996362,14.822793798754692,True,False
LINK-metrica:Home:5-P2-F111270-111271,metrica:sample-game-2,metrica:Home,metrica:Home:5,2,111270,111271,1733.1600000000001,1733.2,4450.8000000000002,4450.8400000000001,-0.58695000000000164,0.07616000000000156,0.59187046564261181,0.03999999999996362,14.796761641078753,True,False
LINK-metrica:Home:5-P2-F111271-111272,metrica:sample-game-2,metrica:Home,metrica:Home:5,2,111271,111272,1733.2,1733.24,4450.8400000000001,4450.8800000000001,-0.58904999999999674,0.07616000000000156,0.59395306893726585,0.03999999999996362,14.848826723445152,True,False
LINK-metrica:Home:5-P2-F114444-114445,metrica:sample-game-2,metrica:Home,metrica:Home:5,2,114444,114445,1860.1199999999999,1860.1600000000001,4577.7600000000002,4577.8000000000002,0.47039999999999793,-0.55488000000000426,0.72743932695449087,0.03999999999996362,18.18598317387881,True,False
LINK-metrica:Home:5-P2-F114445-114446,metrica:sample-game-2,metrica:Home,metrica:Home:5,2,114445,114446,1860.1600000000001,1860.2,4577.8000000000002,4577.8400000000001,0.46620000000000061,-0.54875999999999436,0.72005553785801435,0.03999999999996362,18.001388446466731,True,False
LINK-metrica:Home:5-P2-F114446-114447,metrica:sample-game-2,metrica:Home,metrica:Home:5,2,114446,114447,1860.2,1860.24,4577.8400000000001,4577.8800000000001,0.46094999999999686,-0.54264000000000578,0.7119923258715668,0.03999999999996362,17.799808146805358,True,False
LINK-metrica:Home:5-P2-F114447-114448,metrica:sample-game-2,metrica:Home,metrica:Home:5,2,114447,114448,1860.24,1860.28,4577.8800000000001,4577.9200000000001,0.45570000000000022,-0.53651999999999589,0.70392911603370678,0.03999999999996362,17.598227900858674,True,False
LINK-metrica:Home:5-P2-F114448-114449,metrica:sample-game-2,metrica:Home,metrica:Home:5,2,114448,114449,1860.28,1860.3199999999999,4577.9200000000001,4577.96,0.44940000000000424,-0.53040000000000731,0.69518667996446215,0.03999999999996362,17.379666999127359,True,False
LINK-metrica:Home:5-P2-F114449-114450,metrica:sample-game-2,metrica:Home,metrica:Home:5,2,114449,114450,1860.3199999999999,1860.3599999999999,4577.96,4578,0.44519999999999982,-0.52427999999999741,0.68780270310605574,0.03999999999996362,17.195067577667032,True,False
LINK-metrica:Home:5-P2-F114467-114468,metrica:sample-game-2,metrica:Home,metrica:Home:5,2,114467,114468,1861.04,1861.0799999999999,4578.6800000000003,4578.7200000000003,-0.57014999999999816,0.58071999999999946,0.81382230302443626,0.03999999999996362,20.34555757562941,True,True
LINK-metrica:Home:5-P2-F114468-114469,metrica:sample-game-2,metrica:Home,metrica:Home:5,2,114468,114469,1861.0799999999999,1861.1199999999999,4578.7200000000003,4578.7600000000002,-0.57645000000000834,0.58752000000000493,0.82308830200654381,0.03999999999996362,20.577207550182312,True,True
LINK-metrica:Home:5-P2-F114469-114470,metrica:sample-game-2,metrica:Home,metrica:Home:5,2,114469,114470,1861.1199999999999,1861.1600000000001,4578.7600000000002,4578.8000000000002,-0.58379999999999654,0.59499999999999886,0.83357509559726806,0.03999999999996362,20.839377389950656,True,True
LINK-metrica:Home:5-P2-F114470-114471,metrica:sample-game-2,metrica:Home,metrica:Home:5,2,114470,114471,1861.1600000000001,1861.2,4578.8000000000002,4578.8400000000001,-0.59114999999999895,0.60315999999999548,0.8445473983738232,0.03999999999996362,21.113684959364782,True,True
LINK-metrica:Home:5-P2-F114471-114472,metrica:sample-game-2,metrica:Home,metrica:Home:5,2,114471,114472,1861.2,1861.24,4578.8400000000001,4578.8800000000001,-0.59955000000000069,0.61063999999999652,0.85576948537558672,0.03999999999996362,21.394237134409128,True,True
LINK-metrica:Home:5-P2-F114472-114473,metrica:sample-game-2,metrica:Home,metrica:Home:5,2,114472,114473,1861.24,1861.28,4578.8800000000001,4578.9200000000001,-0.6069000000000031,0.61812000000000467,0.86625628101619534,0.03999999999996362,21.656407025424581,True,True
LINK-metrica:Home:5-P2-F114881-114882,metrica:sample-game-2,metrica:Home,metrica:Home:5,2,114881,114882,1877.5999999999999,1877.6400000000001,4595.2399999999998,4595.2799999999997,-0.49454999999999671,0.64735999999999905,0.81465003044251805,0.03999999999996362,20.366250761081474,True,True
LINK-metrica:Home:5-P2-F114882-114883,metrica:sample-game-2,metrica:Home,metrica:Home:5,2,114882,114883,1877.6400000000001,1877.6800000000001,4595.2799999999997,4595.3199999999997,-0.50190000000000623,0.65552000000000987,0.82559680256164947,0.03999999999996362,20.639920064060007,True,True
LINK-metrica:Home:5-P2-F114883-114884,metrica:sample-game-2,metrica:Home,metrica:Home:5,2,114883,114884,1877.6800000000001,1877.72,4595.3199999999997,4595.3599999999997,-0.5081999999999951,0.66503999999999053,0.83698592676339689,0.03999999999996362,20.924648169103953,True,True
LINK-metrica:Home:5-P2-F114884-114885,metrica:sample-game-2,metrica:Home,metrica:Home:5,2,114884,114885,1877.72,1877.76,4595.3599999999997,4595.3999999999996,-0.51554999999999751,0.6745599999999996,0.84901295402366916,0.03999999999996362,21.225323850611034,True,True
LINK-metrica:Home:5-P2-F114885-114886,metrica:sample-game-2,metrica:Home,metrica:Home:5,2,114885,114886,1877.76,1877.8,4595.3999999999996,4595.4399999999996,-0.52290000000000703,0.68408000000000868,0.86103998536654447,0.03999999999996362,21.52599963418319,True,True
LINK-metrica:Home:5-P2-F114886-114887,metrica:sample-game-2,metrica:Home,metrica:Home:5,2,114886,114887,1877.8,1877.8399999999999,4595.4399999999996,4595.4799999999996,-0.53024999999999523,0.69427999999999201,0.87360733793849499,0.03999999999996362,21.840183448482239,True,True
LINK-metrica:Home:5-P2-F115075-115076,metrica:sample-game-2,metrica:Home,metrica:Home:5,2,115075,115076,1885.3599999999999,1885.4000000000001,4603,4603.04,-0.58064999999999856,-0.26384000000000185,0.63778206944065097,0.03999999999996362,15.944551736030776,True,False
LINK-metrica:Home:5-P2-F115076-115077,metrica:sample-game-2,metrica:Home,metrica:Home:5,2,115076,115077,1885.4000000000001,1885.4400000000001,4603.04,4603.0799999999999,-0.57750000000000057,-0.26180000000000092,0.63407057178203841,0.03999999999996362,15.851764294565378,True,False
LINK-metrica:Home:5-P2-F115077-115078,metrica:sample-game-2,metrica:Home,metrica:Home:5,2,115077,115078,1885.4400000000001,1885.48,4603.0799999999999,4603.1199999999999,-0.57434999999999548,-0.26044000000000267,0.63064008443802255,0.03999999999996362,15.766002110964903,True,False
LINK-metrica:Home:5-P2-F115078-115079,metrica:sample-game-2,metrica:Home,metrica:Home:5,2,115078,115079,1885.48,1885.52,4603.1199999999999,4603.1599999999999,-0.57120000000000459,-0.25907999999999731,0.62720960324281061,0.03999999999996362,15.680240081084527,True,False
LINK-metrica:Home:5-P2-F115079-115080,metrica:sample-game-2,metrica:Home,metrica:Home:5,2,115079,115080,1885.52,1885.5599999999999,4603.1599999999999,4603.1999999999998,-0.5680499999999995,-0.25771999999999906,0.62377912829782856,0.03999999999996362,15.594478207459897,True,False
LINK-metrica:Home:5-P2-F115080-115081,metrica:sample-game-2,metrica:Home,metrica:Home:5,2,115080,115081,1885.5599999999999,1885.5999999999999,4603.1999999999998,4603.2399999999998,-0.56490000000000151,-0.25567999999999813,0.62006795788848879,0.03999999999996362,15.501698947226318,True,False
LINK-metrica:Home:5-P2-F115799-115800,metrica:sample-game-2,metrica:Home,metrica:Home:5,2,115799,115800,1914.3199999999999,1914.3599999999999,4631.96,4632,0.32549999999999812,-0.24955999999999534,0.41015904671236553,0.03999999999996362,10.253976167818465,True,False
LINK-metrica:Home:5-P2-F115800-115801,metrica:sample-game-2,metrica:Home,metrica:Home:5,2,115800,115801,1914.3599999999999,1914.4000000000001,4632,4632.04,0.32444999999999879,-0.2482000000000042,0.40849852202915166,0.03999999999996362,10.21246305073808,True,False
LINK-metrica:Home:5-P2-F115801-115802,metrica:sample-game-2,metrica:Home,metrica:Home:5,2,115801,115802,1914.4000000000001,1914.4400000000001,4632.04,4632.0799999999999,0.32130000000000081,-0.24683999999999173,0.40517116827335631,0.03999999999996362,10.129279206843121,True,False
LINK-metrica:Home:5-P2-F115802-115803,metrica:sample-game-2,metrica:Home,metrica:Home:5,2,115802,115803,1914.4400000000001,1914.48,4632.0799999999999,4632.1199999999999,0.32130000000000081,-0.2454800000000148,0.40434406190768746,0.03999999999996362,10.10860154770138,True,False
LINK-metrica:Home:5-P2-F115803-115804,metrica:sample-game-2,metrica:Home,metrica:Home:5,2,115803,115804,1914.48,1914.52,4632.1199999999999,4632.1599999999999,0.31815000000000282,-0.2447999999999908,0.40143052014015734,0.03999999999996362,10.035763003513061,True,False
LINK-metrica:Home:5-P2-F115804-115805,metrica:sample-game-2,metrica:Home,metrica:Home:5,2,115804,115805,1914.52,1914.5599999999999,4632.1599999999999,4632.1999999999998,0.31815000000000282,-0.24275999999999698,0.40018975511624522,0.03999999999996362,10.00474387791523,True,False
LINK-metrica:Home:5-P2-F116821-116822,metrica:sample-game-2,metrica:Home,metrica:Home:5,2,116821,116822,1955.2,1955.24,4672.8400000000001,4672.8800000000001,-0.39794999999999447,1.1369599999999949,1.2045921484469273,0.03999999999996362,30.114803711200572,True,True
LINK-metrica:Home:5-P2-F116822-116823,metrica:sample-game-2,metrica:Home,metrica:Home:5,2,116822,116823,1955.24,1955.28,4672.8800000000001,4672.9200000000001,-0.40739999999999554,1.1634799999999998,1.2327450954678327,0.03999999999996362,30.818627386723847,True,True
LINK-metrica:Home:5-P2-F116823-116824,metrica:sample-game-2,metrica:Home,metrica:Home:5,2,116823,116824,1955.28,1955.3199999999999,4672.9200000000001,4672.96,-0.41790000000000305,1.1920400000000058,1.2631705235636306,0.03999999999996362,31.579263089119486,True,True
LINK-metrica:Home:5-P2-F116824-116825,metrica:sample-game-2,metrica:Home,metrica:Home:5,2,116824,116825,1955.3199999999999,1955.3599999999999,4672.96,4673,-0.42734999999999701,1.2205999999999975,1.2932487705387512,0.03999999999996362,32.331219263498184,True,True
LINK-metrica:Home:5-P2-F116825-116826,metrica:sample-game-2,metrica:Home,metrica:Home:5,2,116825,116826,1955.3599999999999,1955.4000000000001,4673,4673.04,-0.43785000000000451,1.2505200000000016,1.3249576947585942,0.03999999999996362,33.123942368994982,True,True
LINK-metrica:Home:5-P2-F116826-116827,metrica:sample-game-2,metrica:Home,metrica:Home:5,2,116826,116827,1955.4000000000001,1955.4400000000001,4673.04,4673.0799999999999,-0.44939999999999714,1.2824799999999996,1.358939038514972,0.03999999999996362,33.973475962905198,True,True
LINK-metrica:Home:5-P2-F116827-116828,metrica:sample-game-2,metrica:Home,metrica:Home:5,2,116827,116828,1955.4400000000001,1955.48,4673.0799999999999,4673.1199999999999,-0.45990000000000464,1.3144399999999976,1.3925733458601015,0.03999999999996362,34.814333646534202,True,True
LINK-metrica:Home:5-P2-F120933-120934,metrica:sample-game-2,metrica:Home,metrica:Home:5,2,120933,120934,2119.6799999999998,2119.7199999999998,4837.3199999999997,4837.3599999999997,-0.25200000000000955,1.1029599999999959,1.1313817930300964,0.03999999999996362,28.284544825778134,True,True
LINK-metrica:Home:5-P2-F120934-120935,metrica:sample-game-2,metrica:Home,metrica:Home:5,2,120934,120935,2119.7199999999998,2119.7600000000002,4837.3599999999997,4837.3999999999996,-0.25724999999999909,1.1254000000000062,1.1544274435840536,0.03999999999996362,28.860686089627588,True,True
LINK-metrica:Home:5-P2-F120935-120936,metrica:sample-game-2,metrica:Home,metrica:Home:5,2,120935,120936,2119.7600000000002,2119.8000000000002,4837.3999999999996,4837.4399999999996,-0.26249999999998863,1.1505599999999987,1.1801248084842513,0.03999999999996362,29.503120212133116,True,True
LINK-metrica:Home:5-P2-F120936-120937,metrica:sample-game-2,metrica:Home,metrica:Home:5,2,120936,120937,2119.8000000000002,2119.8400000000001,4837.4399999999996,4837.4799999999996,-0.26879999999999882,1.1750400000000027,1.2053930651866245,0.03999999999996362,30.13482662969302,True,True
LINK-metrica:Home:5-P2-F120937-120938,metrica:sample-game-2,metrica:Home,metrica:Home:5,2,120937,120938,2119.8400000000001,2119.8800000000001,4837.4799999999996,4837.5200000000004,-0.27405000000000257,1.2015600000000006,1.2324162592647028,0.040000000000873115,30.810406480945044,True,True
LINK-metrica:Home:5-P2-F120938-120939,metrica:sample-game-2,metrica:Home,metrica:Home:5,2,120938,120939,2119.8800000000001,2119.9200000000001,4837.5200000000004,4837.5600000000004,-0.28140000000000498,1.2273999999999958,1.2592445036608231,0.03999999999996362,31.481112591549209,True,True
LINK-metrica:Home:5-P2-F121443-121444,metrica:sample-game-2,metrica:Home,metrica:Home:5,2,121443,121444,2140.0799999999999,2140.1199999999999,4857.7200000000003,4857.7600000000002,0.11759999999999593,-0.39236000000000359,0.40960484567446448,0.03999999999996362,10.240121141870926,True,False
LINK-metrica:Home:5-P2-F121444-121445,metrica:sample-game-2,metrica:Home,metrica:Home:5,2,121444,121445,2140.1199999999999,2140.1599999999999,4857.7600000000002,4857.8000000000002,0.12284999999999968,-0.40460000000000207,0.42283954699152915,0.03999999999996362,10.570988674797842,True,False
LINK-metrica:Home:5-P2-F121445-121446,metrica:sample-game-2,metrica:Home,metrica:Home:5,2,121445,121446,2140.1599999999999,2140.1999999999998,4857.8000000000002,4857.8400000000001,0.12599999999999056,-0.4209199999999953,0.43937415308594757,0.03999999999996362,10.98435382715868,True,False
LINK-metrica:Home:5-P2-F121446-121447,metrica:sample-game-2,metrica:Home,metrica:Home:5,2,121446,121447,2140.1999999999998,2140.2399999999998,4857.8400000000001,4857.8800000000001,0.12914999999999566,-0.43044000000000437,0.44939772596220673,0.03999999999996362,11.234943149065387,True,False
LINK-metrica:Home:5-P2-F121447-121448,metrica:sample-game-2,metrica:Home,metrica:Home:5,2,121447,121448,2140.2399999999998,2140.2800000000002,4857.8800000000001,4857.9200000000001,0.12915000000000987,-0.43995999999999569,0.45852428954200314,0.03999999999996362,11.463107238560504,True,False
LINK-metrica:Home:5-P2-F121456-121457,metrica:sample-game-2,metrica:Home,metrica:Home:5,2,121456,121457,2140.5999999999999,2140.6399999999999,4858.2399999999998,4858.2799999999997,0.12600000000000477,-0.39100000000000179,0.41080043816919498,0.03999999999996362,10.270010954239215,True,False
LINK-metrica:Home:5-P2-F121457-121458,metrica:sample-game-2,metrica:Home,metrica:Home:5,2,121457,121458,2140.6399999999999,2140.6799999999998,4858.2799999999997,4858.3199999999997,0.13439999999999941,-0.42703999999999809,0.44769020717455749,0.03999999999996362,11.192255179374117,True,False
LINK-metrica:Home:5-P2-F121458-121459,metrica:sample-game-2,metrica:Home,metrica:Home:5,2,121458,121459,2140.6799999999998,2140.7199999999998,4858.3199999999997,4858.3599999999997,0.13965000000000316,-0.4787200000000027,0.49867320050309849,0.03999999999996362,12.466830012588801,True,False
LINK-metrica:Home:5-P2-F121459-121460,metrica:sample-game-2,metrica:Home,metrica:Home:5,2,121459,121460,2140.7199999999998,2140.7600000000002,4858.3599999999997,4858.3999999999996,0.15854999999999109,-0.53040000000000376,0.5535903381562951,0.03999999999996362,13.839758453919965,True,False
LINK-metrica:Home:5-P2-F121460-121461,metrica:sample-game-2,metrica:Home,metrica:Home:5,2,121460,121461,2140.7600000000002,2140.8000000000002,4858.3999999999996,4858.4399999999996,0.17430000000000234,-0.60383999999999816,0.62849282859870292,0.03999999999996362,15.712320714981864,True,False
LINK-metrica:Home:5-P2-F121461-121462,metrica:sample-game-2,metrica:Home,metrica:Home:5,2,121461,121462,2140.8000000000002,2140.8400000000001,4858.4399999999996,4858.4799999999996,0.18375000000000341,-0.6833999999999989,0.70767197379859526,0.03999999999996362,17.691799344980971,True,False
LINK-metrica:Home:5-P2-F121462-121463,metrica:sample-game-2,metrica:Home,metrica:Home:5,2,121462,121463,2140.8400000000001,2140.8800000000001,4858.4799999999996,4858.5200000000004,0.19950000000000045,-0.7439199999999957,0.7702059571309442,0.040000000000873115,19.255148927853305,True,False
LINK-metrica:Home:5-P2-F121463-121464,metrica:sample-game-2,metrica:Home,metrica:Home:5,2,121463,121464,2140.8800000000001,2140.9200000000001,4858.5200000000004,4858.5600000000004,0.20264999999999134,-0.79356000000000648,0.81902655396513657,0.03999999999996362,20.475663849147036,True,True
LINK-metrica:Home:5-P2-F121464-121465,metrica:sample-game-2,metrica:Home,metrica:Home:5,2,121464,121465,2140.9200000000001,2140.96,4858.5600000000004,4858.6000000000004,0.21210000000000662,-0.82211999999999463,0.84903928319012079,0.03999999999996362,21.225982079772326,True,True
LINK-metrica:Home:5-P2-F121465-121466,metrica:sample-game-2,metrica:Home,metrica:Home:5,2,121465,121466,2140.96,2141,4858.6000000000004,4858.6400000000003,0.1974000000000018,-0.8391200000000012,0.86202617964885653,0.03999999999996362,21.550654491241012,True,True
LINK-metrica:Home:5-P2-F121466-121467,metrica:sample-game-2,metrica:Home,metrica:Home:5,2,121466,121467,2141,2141.04,4858.6400000000003,4858.6800000000003,0.19320000000000448,-0.80784000000000233,0.83062127687653509,0.03999999999996362,20.765531921932265,True,True
LINK-metrica:Home:5-P2-F121467-121468,metrica:sample-game-2,metrica:Home,metrica:Home:5,2,121467,121468,2141.04,2141.0799999999999,4858.6800000000003,4858.7200000000003,0.18584999999998786,-0.75207999999999942,0.77470287781832503,0.03999999999996362,19.367571945475742,True,False
LINK-metrica:Home:5-P2-F121468-121469,metrica:sample-game-2,metrica:Home,metrica:Home:5,2,121468,121469,2141.0799999999999,2141.1199999999999,4858.7200000000003,4858.7600000000002,0.1585500000000053,-0.66776000000000124,0.68632464628629164,0.03999999999996362,17.158116157172895,True,False
LINK-metrica:Home:5-P2-F121469-121470,metrica:sample-game-2,metrica:Home,metrica:Home:5,2,121469,121470,2141.1199999999999,2141.1599999999999,4858.7600000000002,4858.8000000000002,0.12914999999999566,-0.56167999999999552,0.57633683285036874,0.03999999999996362,14.408420821272323,True,False
LINK-metrica:Home:5-P2-F122895-122896,metrica:sample-game-2,metrica:Home,metrica:Home:5,2,122895,122896,2198.1599999999999,2198.1999999999998,4915.8000000000002,4915.8400000000001,0.053550000000001319,-3.478199999999994,3.4786122006484077,0.03999999999996362,86.965305016289292,True,True
LINK-metrica:Home:5-P2-F122896-122897,metrica:sample-game-2,metrica:Home,metrica:Home:5,2,122896,122897,2198.1999999999998,2198.2399999999998,4915.8400000000001,4915.8800000000001,-0.016800000000003479,-0.64395999999999987,0.64417910677077994,0.03999999999996362,16.104477669284144,True,False
LINK-metrica:Home:5-P2-F123977-123978,metrica:sample-game-2,metrica:Home,metrica:Home:5,2,123977,123978,2241.4400000000001,2241.48,4959.0799999999999,4959.1199999999999,0.32654999999999745,0.69359999999999644,0.7666262860742471,0.03999999999996362,19.16565715187361,True,False
LINK-metrica:Home:5-P2-F123978-123979,metrica:sample-game-2,metrica:Home,metrica:Home:5,2,123978,123979,2241.48,2241.52,4959.1199999999999,4959.1599999999999,0.33180000000000121,0.70311999999999841,0.77747602818350525,0.03999999999996362,19.436900704605311,True,False
LINK-metrica:Home:5-P2-F123979-123980,metrica:sample-game-2,metrica:Home,metrica:Home:5,2,123979,123980,2241.52,2241.5599999999999,4959.1599999999999,4959.1999999999998,0.33599999999999852,0.71264000000000038,0.78787801695440107,0.03999999999996362,19.69695042387794,True,False
LINK-metrica:Home:5-P2-F123980-123981,metrica:sample-game-2,metrica:Home,metrica:Home:5,2,123980,123981,2241.5599999999999,2241.5999999999999,4959.1999999999998,4959.2399999999998,0.34125000000000227,0.7235199999999935,0.79995796945839115,0.03999999999996362,19.998949236477969,True,False
LINK-metrica:Home:5-P2-F123981-123982,metrica:sample-game-2,metrica:Home,metrica:Home:5,2,123981,123982,2241.5999999999999,2241.6399999999999,4959.2399999999998,4959.2799999999997,0.34649999999999892,0.73304000000000258,0.81080817188777954,0.03999999999996362,20.270204297212924,True,True
LINK-metrica:Home:5-P2-F123982-123983,metrica:sample-game-2,metrica:Home,metrica:Home:5,2,123982,123983,2241.6399999999999,2241.6799999999998,4959.2799999999997,4959.3199999999997,0.35069999999999624,0.74459999999999837,0.82305507106146603,0.03999999999996362,20.576376776555364,True,True
LINK-metrica:Home:5-P2-F134351-134352,metrica:sample-game-2,metrica:Home,metrica:Home:5,2,134351,134352,2656.4000000000001,2656.4400000000001,5374.04,5374.0799999999999,-0.68144999999999811,-0.91255999999999915,1.1389204783917075,0.03999999999996362,28.473011959818585,True,True
LINK-metrica:Home:5-P2-F134352-134353,metrica:sample-game-2,metrica:Home,metrica:Home:5,2,134352,134353,2656.4400000000001,2656.48,5374.0799999999999,5374.1199999999999,-0.66989999999998417,-0.89759999999999707,1.1200231113686778,0.03999999999996362,28.000577784242413,True,True
LINK-metrica:Home:5-P2-F134353-134354,metrica:sample-game-2,metrica:Home,metrica:Home:5,2,134353,134354,2656.48,2656.52,5374.1199999999999,5374.1599999999999,-0.65835000000001287,-0.88332000000000477,1.1016709785140142,0.03999999999996362,27.541774462875402,True,True
LINK-metrica:Home:5-P2-F134354-134355,metrica:sample-game-2,metrica:Home,metrica:Home:5,2,134354,134355,2656.52,2656.5599999999999,5374.1599999999999,5374.1999999999998,-0.64889999999999759,-0.86904000000000536,1.0845744472372592,0.03999999999996362,27.114361180956138,True,True
LINK-metrica:Home:5-P2-F134355-134356,metrica:sample-game-2,metrica:Home,metrica:Home:5,2,134355,134356,2656.5599999999999,2656.5999999999999,5374.1999999999998,5374.2399999999998,-0.63839999999999719,-0.85475999999999885,1.0668501383043423,0.03999999999996362,26.671253457632815,True,True
LINK-metrica:Home:5-P2-F134356-134357,metrica:sample-game-2,metrica:Home,metrica:Home:5,2,134356,134357,2656.5999999999999,2656.6399999999999,5374.2399999999998,5374.2799999999997,-0.6279000000000039,-0.8418399999999906,1.0502156900370461,0.03999999999996362,26.255392250950031,True,True
LINK-metrica:Home:5-P2-F134829-134830,metrica:sample-game-2,metrica:Home,metrica:Home:5,2,134829,134830,2675.52,2675.5599999999999,5393.1599999999999,5393.1999999999998,0.58169999999999789,-2.5880799999999979,2.6526464099838085,0.03999999999996362,66.316160249655525,True,True
LINK-metrica:Home:5-P2-F134830-134831,metrica:sample-game-2,metrica:Home,metrica:Home:5,2,134830,134831,2675.5599999999999,2675.5999999999999,5393.1999999999998,5393.2399999999998,0.55649999999999977,-2.4779200000000046,2.5396416629910648,0.03999999999996362,63.491041574834362,True,True
LINK-metrica:Home:5-P2-F134831-134832,metrica:sample-game-2,metrica:Home,metrica:Home:5,2,134831,134832,2675.5999999999999,2675.6399999999999,5393.2399999999998,5393.2799999999997,0.53340000000000032,-2.3745599999999953,2.4337318573745912,0.03999999999996362,60.843296434420118,True,True
LINK-metrica:Home:5-P2-F134832-134833,metrica:sample-game-2,metrica:Home,metrica:Home:5,2,134832,134833,2675.6399999999999,2675.6799999999998,5393.2799999999997,5393.3199999999997,0.51135000000000019,-2.2766399999999933,2.3333599191080596,0.03999999999996362,58.333997977754542,True,True
LINK-metrica:Home:5-P2-F134833-134834,metrica:sample-game-2,metrica:Home,metrica:Home:5,2,134833,134834,2675.6799999999998,2675.7199999999998,5393.3199999999997,5393.3599999999997,0.4903499999999994,-2.1861999999999995,2.2405163606856338,0.03999999999996362,56.012909017191788,True,True
LINK-metrica:Home:5-P2-F134834-134835,metrica:sample-game-2,metrica:Home,metrica:Home:5,2,134834,134835,2675.7199999999998,2675.7600000000002,5393.3599999999997,5393.3999999999996,0.47250000000000014,-2.0998400000000004,2.1523439027255851,0.03999999999996362,53.808597568188567,True,True
LINK-metrica:Home:5-P2-F134873-134874,metrica:sample-game-2,metrica:Home,metrica:Home:5,2,134873,134874,2677.2800000000002,2677.3200000000002,5394.9200000000001,5394.96,-0.47565000000000168,1.2851999999999961,1.3703948199332889,0.03999999999996362,34.259870498363384,True,True
LINK-metrica:Home:5-P2-F134874-134875,metrica:sample-game-2,metrica:Home,metrica:Home:5,2,134874,134875,2677.3200000000002,2677.3600000000001,5394.96,5395,-0.48824999999999719,1.3178400000000039,1.4053790691838297,0.03999999999996362,35.1344767296277,True,True
LINK-metrica:Home:5-P2-F134875-134876,metrica:sample-game-2,metrica:Home,metrica:Home:5,2,134875,134876,2677.3600000000001,2677.4000000000001,5395,5395.04,-0.50085000000000335,1.3518399999999957,1.441638688472251,0.03999999999996362,36.040967211839053,True,True
LINK-metrica:Home:5-P2-F134876-134877,metrica:sample-game-2,metrica:Home,metrica:Home:5,2,134876,134877,2677.4000000000001,2677.4400000000001,5395.04,5395.0799999999999,-0.51449999999999818,1.3885600000000053,1.4808136694398837,0.03999999999996362,37.020341736030765,True,True
LINK-metrica:Home:5-P2-F134877-134878,metrica:sample-game-2,metrica:Home,metrica:Home:5,2,134877,134878,2677.4400000000001,2677.48,5395.0799999999999,5395.1199999999999,-0.52815000000000012,1.4245999999999981,1.5193510399180286,0.03999999999996362,37.983775997985262,True,True
LINK-metrica:Home:5-P2-F134878-134879,metrica:sample-game-2,metrica:Home,metrica:Home:5,2,134878,134879,2677.48,2677.52,5395.1199999999999,5395.1599999999999,-0.54180000000000206,1.4640399999999971,1.5610766674318062,0.03999999999996362,39.026916685830649,True,True
LINK-metrica:Home:5-P2-F136501-136502,metrica:sample-game-2,metrica:Home,metrica:Home:5,2,136501,136502,2742.4000000000001,2742.4400000000001,5460.04,5460.0799999999999,-0.13439999999999941,-0.40800000000000125,0.42956647913914425,0.03999999999996362,10.739161978488374,True,False
LINK-metrica:Home:5-P2-F136502-136503,metrica:sample-game-2,metrica:Home,metrica:Home:5,2,136502,136503,2742.4400000000001,2742.48,5460.0799999999999,5460.1199999999999,-0.13440000000000296,-0.40391999999999939,0.42569323039014878,0.03999999999996362,10.642330759763398,True,False
LINK-metrica:Home:5-P2-F136503-136504,metrica:sample-game-2,metrica:Home,metrica:Home:5,2,136503,136504,2742.48,2742.52,5460.1199999999999,5460.1599999999999,-0.13334999999999653,-0.40120000000000289,0.42278086818114347,0.03999999999996362,10.5695217045382,True,False
LINK-metrica:Home:5-P2-F136504-136505,metrica:sample-game-2,metrica:Home,metrica:Home:5,2,136504,136505,2742.52,2742.5599999999999,5460.1599999999999,5460.1999999999998,-0.13125000000000497,-0.39712000000000813,0.41824736329116025,0.03999999999996362,10.456184082288516,True,False
LINK-metrica:Home:5-P2-F136505-136506,metrica:sample-game-2,metrica:Home,metrica:Home:5,2,136505,136506,2742.5599999999999,2742.5999999999999,5460.1999999999998,5460.2399999999998,-0.13124999999999787,-0.39439999999999031,0.41566563786292438,0.03999999999996362,10.391640946582561,True,False
LINK-metrica:Home:5-P2-F136506-136507,metrica:sample-game-2,metrica:Home,metrica:Home:5,2,136506,136507,2742.5999999999999,2742.6399999999999,5460.2399999999998,5460.2799999999997,-0.12914999999999921,-0.39031999999999556,0.41113188261188932,0.03999999999996362,10.278297065306582,True,False
LINK-metrica:Home:5-P2-F138741-138742,metrica:sample-game-2,metrica:Home,metrica:Home:5,2,138741,138742,2832,2832.04,5549.6400000000003,5549.6800000000003,-0.4053000000000111,0.19516000000000133,0.4498394331314336,0.03999999999996362,11.245985828296067,True,False
LINK-metrica:Home:5-P2-F138742-138743,metrica:sample-game-2,metrica:Home,metrica:Home:5,2,138742,138743,2832.04,2832.0799999999999,5549.6800000000003,5549.7200000000003,-0.40634999999998911,0.19651999999999958,0.45137615455403818,0.03999999999996362,11.284403863861218,True,False
LINK-metrica:Home:5-P2-F138743-138744,metrica:sample-game-2,metrica:Home,metrica:Home:5,2,138743,138744,2832.0799999999999,2832.1199999999999,5549.7200000000003,5549.7600000000002,-0.40845000000001619,0.19787999999999784,0.45385889536287854,0.03999999999996362,11.346472384082283,True,False
LINK-metrica:Home:5-P2-F138744-138745,metrica:sample-game-2,metrica:Home,metrica:Home:5,2,138744,138745,2832.1199999999999,2832.1599999999999,5549.7600000000002,5549.8000000000002,-0.4094999999999942,0.19787999999999784,0.45480407254112665,0.03999999999996362,11.370101813538508,True,False
LINK-metrica:Home:5-P2-F138745-138746,metrica:sample-game-2,metrica:Home,metrica:Home:5,2,138745,138746,2832.1599999999999,2832.1999999999998,5549.8000000000002,5549.8400000000001,-0.41159999999999286,0.1992400000000103,0.45728671268690746,0.03999999999996362,11.432167817183084,True,False
LINK-metrica:Home:5-P2-F138746-138747,metrica:sample-game-2,metrica:Home,metrica:Home:5,2,138746,138747,2832.1999999999998,2832.2399999999998,5549.8400000000001,5549.8800000000001,-0.41370000000000573,0.19923999999998898,0.4591778169729025,0.03999999999996362,11.479445424333003,True,False
LINK-metrica:Home:5-P2-F138846-138847,metrica:sample-game-2,metrica:Home,metrica:Home:5,2,138846,138847,2836.1999999999998,2836.2399999999998,5553.8400000000001,5553.8800000000001,-0.072449999999989245,-0.45015999999999678,0.4559528792539812,0.03999999999996362,11.398821981359898,True,False
LINK-metrica:Home:5-P2-F138847-138848,metrica:sample-game-2,metrica:Home,metrica:Home:5,2,138847,138848,2836.2399999999998,2836.2800000000002,5553.8800000000001,5553.9200000000001,-0.071400000000011232,-0.46512000000000597,0.47056835252703422,0.03999999999996362,11.764208813186555,True,False
LINK-metrica:Home:5-P2-F138848-138849,metrica:sample-game-2,metrica:Home,metrica:Home:5,2,138848,138849,2836.2800000000002,2836.3200000000002,5553.9200000000001,5553.96,-0.063000000000002387,-0.43792000000000186,0.44242844212369747,0.03999999999996362,11.060711053102496,True,False
LINK-metrica:Home:5-P2-F138857-138858,metrica:sample-game-2,metrica:Home,metrica:Home:5,2,138857,138858,2836.6399999999999,2836.6799999999998,5554.2799999999997,5554.3199999999997,0.32864999999999611,1.5320400000000021,1.5668941840788113,0.03999999999996362,39.17235460200591,True,True
LINK-metrica:Home:5-P2-F138858-138859,metrica:sample-game-2,metrica:Home,metrica:Home:5,2,138858,138859,2836.6799999999998,2836.7199999999998,5554.3199999999997,5554.3599999999997,0.34019999999999584,1.588479999999997,1.6245013851640717,0.03999999999996362,40.612534629138729,True,True
LINK-metrica:Home:5-P2-F138859-138860,metrica:sample-game-2,metrica:Home,metrica:Home:5,2,138859,138860,2836.7199999999998,2836.7600000000002,5554.3599999999997,5554.3999999999996,0.35384999999999422,1.64696,1.6845435773823116,0.03999999999996362,42.113589434596093,True,True
LINK-metrica:Home:5-P2-F138860-138861,metrica:sample-game-2,metrica:Home,metrica:Home:5,2,138860,138861,2836.7600000000002,2836.8000000000002,5554.3999999999996,5554.4399999999996,0.36750000000000682,1.7095200000000048,1.7485751000171601,0.03999999999996362,43.714377500468764,True,True
LINK-metrica:Home:5-P2-F138861-138862,metrica:sample-game-2,metrica:Home,metrica:Home:5,2,138861,138862,2836.8000000000002,2836.8400000000001,5554.4399999999996,5554.4799999999996,0.38009999999999877,1.7761599999999973,1.816375609723933,0.03999999999996362,45.409390243139626,True,True
LINK-metrica:Home:5-P2-F138862-138863,metrica:sample-game-2,metrica:Home,metrica:Home:5,2,138862,138863,2836.8400000000001,2836.8800000000001,5554.4799999999996,5554.5200000000004,0.39690000000000225,1.8455199999999934,1.8877165254348909,0.040000000000873115,47.192913134842151,True,True
LINK-metrica:Home:5-P2-F138867-138868,metrica:sample-game-2,metrica:Home,metrica:Home:5,2,138867,138868,2837.04,2837.0799999999999,5554.6800000000003,5554.7200000000003,-0.14385000000000048,-0.45899999999999608,0.48101332881740039,0.03999999999996362,12.025333220445948,True,False
LINK-metrica:Home:5-P2-F138964-138965,metrica:sample-game-2,metrica:Home,metrica:Home:5,2,138964,138965,2840.9200000000001,2840.96,5558.5600000000004,5558.6000000000004,-0.35174999999999557,-0.54127999999999332,0.64553241661437089,0.03999999999996362,16.138310415373951,True,False
LINK-metrica:Home:5-P2-F138965-138966,metrica:sample-game-2,metrica:Home,metrica:Home:5,2,138965,138966,2840.96,2841,5558.6000000000004,5558.6400000000003,-0.34754999999999825,-0.53584000000000032,0.63868263488214483,0.03999999999996362,15.967065872068142,True,False
LINK-metrica:Home:5-P2-F138966-138967,metrica:sample-game-2,metrica:Home,metrica:Home:5,2,138966,138967,2841,2841.04,5558.6400000000003,5558.6800000000003,-0.34335000000000093,-0.52904000000000195,0.63069211514018686,0.03999999999996362,15.767302878519011,True,False
LINK-metrica:Home:5-P2-F138967-138968,metrica:sample-game-2,metrica:Home,metrica:Home:5,2,138967,138968,2841.04,2841.0799999999999,5558.6800000000003,5558.7200000000003,-0.33915000000000362,-0.52360000000000184,0.62384267447811259,0.03999999999996362,15.596066861967,True,False
LINK-metrica:Home:5-P2-F138968-138969,metrica:sample-game-2,metrica:Home,metrica:Home:5,2,138968,138969,2841.0799999999999,2841.1199999999999,5558.7200000000003,5558.7600000000002,-0.33599999999999852,-0.51747999999999905,0.6169939630174659,0.03999999999996362,15.424849075450677,True,False
LINK-metrica:Home:5-P2-F138969-138970,metrica:sample-game-2,metrica:Home,metrica:Home:5,2,138969,138970,2841.1199999999999,2841.1599999999999,5558.7600000000002,5558.8000000000002,-0.33284999999999343,-0.51204000000000605,0.61071604211777653,0.03999999999996362,15.267901052958299,True,False
LINK-metrica:Home:5-P2-F138970-138971,metrica:sample-game-2,metrica:Home,metrica:Home:5,2,138970,138971,2841.1599999999999,2841.1999999999998,5558.8000000000002,5558.8400000000001,-0.32760000000000389,-0.50591999999998905,0.60272448631193953,0.03999999999996362,15.068112157812193,True,False
LINK-metrica:Home:5-P2-F138971-138972,metrica:sample-game-2,metrica:Home,metrica:Home:5,2,138971,138972,2841.1999999999998,2841.2399999999998,5558.8400000000001,5558.8800000000001,-0.32550000000000523,-0.50048000000000314,0.59701799001370681,0.03999999999996362,14.925449750356245,True,False
LINK-metrica:Home:5-P2-F138972-138973,metrica:sample-game-2,metrica:Home,metrica:Home:5,2,138972,138973,2841.2399999999998,2841.2800000000002,5558.8800000000001,5558.9200000000001,-0.3212999999999937,-0.49572000000000571,0.59073852794616466,0.03999999999996362,14.768463198667549,True,False
LINK-metrica:Home:5-P2-F138973-138974,metrica:sample-game-2,metrica:Home,metrica:Home:5,2,138973,138974,2841.2800000000002,2841.3200000000002,5558.9200000000001,5558.96,-0.31815000000000282,-0.48959999999999582,0.58389004315881066,0.03999999999996362,14.597251078983543,True,False
LINK-metrica:Home:5-P2-F138974-138975,metrica:sample-game-2,metrica:Home,metrica:Home:5,2,138974,138975,2841.3200000000002,2841.3600000000001,5558.96,5559,-0.3139500000000055,-0.48483999999999838,0.57761096604895057,0.03999999999996362,14.440274151236897,True,False
LINK-metrica:Home:5-P2-F138975-138976,metrica:sample-game-2,metrica:Home,metrica:Home:5,2,138975,138976,2841.3600000000001,2841.4000000000001,5559,5559.04,-0.31184999999999263,-0.47939999999999827,0.57190452218879484,0.03999999999996362,14.297613054732874,True,False
LINK-metrica:Home:5-P2-F138976-138977,metrica:sample-game-2,metrica:Home,metrica:Home:5,2,138976,138977,2841.4000000000001,2841.4400000000001,5559.04,5559.0799999999999,-0.30764999999999532,-0.47464000000000084,0.56562501014364452,0.03999999999996362,14.140625253603973,True,False
LINK-metrica:Home:5-P2-F138977-138978,metrica:sample-game-2,metrica:Home,metrica:Home:5,2,138977,138978,2841.4400000000001,2841.48,5559.0799999999999,5559.1199999999999,-0.36015000000000441,-0.81056000000000239,0.88696986200209027,0.03999999999996362,22.174246550072425,True,True
LINK-metrica:Home:5-P2-F139019-139020,metrica:sample-game-2,metrica:Home,metrica:Home:5,2,139019,139020,2843.1199999999999,2843.1599999999999,5560.7600000000002,5560.8000000000002,0.76650000000000773,0.84931999999999874,1.1440571281190506,0.03999999999996362,28.601428203002278,True,True
LINK-metrica:Home:5-P2-F139020-139021,metrica:sample-game-2,metrica:Home,metrica:Home:5,2,139020,139021,2843.1599999999999,2843.1999999999998,5560.8000000000002,5560.8400000000001,0.78119999999999834,0.86632000000000176,1.1665263744982368,0.03999999999996362,29.163159362482443,True,True
LINK-metrica:Home:5-P2-F139021-139022,metrica:sample-game-2,metrica:Home,metrica:Home:5,2,139021,139022,2843.1999999999998,2843.2399999999998,5560.8400000000001,5560.8800000000001,0.79694999999999538,0.88332000000000477,1.1896989219546268,0.03999999999996362,29.74247304889272,True,True
LINK-metrica:Home:5-P2-F139022-139023,metrica:sample-game-2,metrica:Home,metrica:Home:5,2,139022,139023,2843.2399999999998,2843.2800000000002,5560.8800000000001,5560.9200000000001,0.81270000000000664,0.90032000000000068,1.2128715481863741,0.03999999999996362,30.321788704686931,True,True
LINK-metrica:Home:5-P2-F139023-139024,metrica:sample-game-2,metrica:Home,metrica:Home:5,2,139023,139024,2843.2800000000002,2843.3200000000002,5560.9200000000001,5560.96,0.82844999999998947,0.91868000000000194,1.2370538973302603,0.03999999999996362,30.926347433284633,True,True
LINK-metrica:Home:5-P2-F139024-139025,metrica:sample-game-2,metrica:Home,metrica:Home:5,2,139024,139025,2843.3200000000002,2843.3600000000001,5560.96,5561,0.84629999999999939,0.93771999999999878,1.2631478489868067,0.03999999999996362,31.578696224698888,True,True
LINK-metrica:Home:5-P2-F139030-139031,metrica:sample-game-2,metrica:Home,metrica:Home:5,2,139030,139031,2843.5599999999999,2843.5999999999999,5561.1999999999998,5561.2399999999998,-0.20999999999999375,-0.47804000000000002,0.52213239853508164,0.03999999999996362,13.053309963388912,True,False
LINK-metrica:Home:5-P2-F139375-139376,metrica:sample-game-2,metrica:Home,metrica:Home:5,2,139375,139376,2857.3600000000001,2857.4000000000001,5575,5575.04,0.079799999999991655,-0.57800000000000296,0.58348268183383312,0.03999999999996362,14.587067045859095,True,False
LINK-metrica:Home:5-P2-F139376-139377,metrica:sample-game-2,metrica:Home,metrica:Home:5,2,139376,139377,2857.4000000000001,2857.4400000000001,5575.04,5575.0799999999999,0.078749999999999432,-0.57120000000000459,0.57660298516397324,0.03999999999996362,14.415074629112441,True,False
LINK-metrica:Home:5-P2-F139377-139378,metrica:sample-game-2,metrica:Home,metrica:Home:5,2,139377,139378,2857.4400000000001,2857.48,5575.0799999999999,5575.1199999999999,0.078750000000013642,-0.5650799999999947,0.57054094410479972,0.03999999999996362,14.263523602632965,True,False
LINK-metrica:Home:5-P2-F139378-139379,metrica:sample-game-2,metrica:Home,metrica:Home:5,2,139378,139379,2857.48,2857.52,5575.1199999999999,5575.1599999999999,0.076650000000000773,-0.55827999999999633,0.56351732972464652,0.03999999999996362,14.087933243128976,True,False
LINK-metrica:Home:5-P2-F139379-139380,metrica:sample-game-2,metrica:Home,metrica:Home:5,2,139379,139380,2857.52,2857.5599999999999,5575.1599999999999,5575.1999999999998,0.075599999999994338,-0.55216000000000776,0.5573114260447275,0.03999999999996362,13.932785651130859,True,False
LINK-metrica:Home:5-P2-F139380-139381,metrica:sample-game-2,metrica:Home,metrica:Home:5,2,139380,139381,2857.5599999999999,2857.5999999999999,5575.1999999999998,5575.2399999999998,0.075599999999994338,-0.54603999999999786,0.5512486204971373,0.03999999999996362,13.781215512440966,True,False
LINK-metrica:Home:5-P2-F139991-139992,metrica:sample-game-2,metrica:Home,metrica:Home:5,2,139991,139992,2882,2882.04,5599.6400000000003,5599.6800000000003,0.96914999999999907,0.56712000000000273,1.1228877133979165,0.03999999999996362,28.072192834973443,True,True
LINK-metrica:Home:5-P2-F139992-139993,metrica:sample-game-2,metrica:Home,metrica:Home:5,2,139992,139993,2882.04,2882.0799999999999,5599.6800000000003,5599.7200000000003,0.98069999999999879,0.5739200000000011,1.1362907446600095,0.03999999999996362,28.407268616526071,True,True
LINK-metrica:Home:5-P2-F139993-139994,metrica:sample-game-2,metrica:Home,metrica:Home:5,2,139993,139994,2882.0799999999999,2882.1199999999999,5599.7200000000003,5599.7600000000002,0.99330000000000496,0.58071999999999946,1.1506001079436805,0.03999999999996362,28.765002698618176,True,True
LINK-metrica:Home:5-P2-F139994-139995,metrica:sample-game-2,metrica:Home,metrica:Home:5,2,139994,139995,2882.1199999999999,2882.1599999999999,5599.7600000000002,5599.8000000000002,1.0037999999999982,0.58752000000000493,1.1630968104160557,0.03999999999996362,29.077420260427839,True,True
LINK-metrica:Home:5-P2-F139995-139996,metrica:sample-game-2,metrica:Home,metrica:Home:5,2,139995,139996,2882.1599999999999,2882.1999999999998,5599.8000000000002,5599.8400000000001,1.0174499999999966,0.59499999999999176,1.1786558032351868,0.03999999999996362,29.466395080906469,True,True
LINK-metrica:Home:5-P2-F139996-139997,metrica:sample-game-2,metrica:Home,metrica:Home:5,2,139996,139997,2882.1999999999998,2882.2399999999998,5599.8400000000001,5599.8800000000001,1.0290000000000106,0.60180000000000433,1.1920588240519119,0.03999999999996362,29.801470601324901,True,True
LINK-metrica:Home:6-P1-F346-347,metrica:sample-game-2,metrica:Home,metrica:Home:6,1,346,347,13.84,13.880000000000001,13.84,13.880000000000001,0.11025000000000063,0.88400000000000745,0.890848507042591,0.040000000000000924,22.271212676064259,True,True
LINK-metrica:Home:6-P1-F347-348,metrica:sample-game-2,metrica:Home,metrica:Home:6,1,347,348,13.880000000000001,13.92,13.880000000000001,13.92,0.11340000000001282,0.90099999999999625,0.90810823143499586,0.039999999999999147,22.702705785875381,True,True
LINK-metrica:Home:6-P1-F348-349,metrica:sample-game-2,metrica:Home,metrica:Home:6,1,348,349,13.92,13.960000000000001,13.92,13.960000000000001,0.11444999999999084,0.91732000000000369,0.92443214185791089,0.040000000000000924,23.11080354644724,True,True
LINK-metrica:Home:6-P1-F349-350,metrica:sample-game-2,metrica:Home,metrica:Home:6,1,349,350,13.960000000000001,14,13.960000000000001,14,0.11655000000000371,0.93499999999999517,0.9422361182315141,0.039999999999999147,23.555902955788355,True,True
LINK-metrica:Home:6-P1-F350-351,metrica:sample-game-2,metrica:Home,metrica:Home:6,1,350,351,14,14.039999999999999,14,14.039999999999999,0.11970000000000169,0.95268000000000086,0.96017043924503431,0.039999999999999147,24.004260981126368,True,True
LINK-metrica:Home:6-P1-F351-352,metrica:sample-game-2,metrica:Home,metrica:Home:6,1,351,352,14.039999999999999,14.08,14.039999999999999,14.08,0.12179999999999325,0.9717199999999977,0.97932374544886525,0.040000000000000924,24.483093636221067,True,True
LINK-metrica:Home:6-P1-F352-353,metrica:sample-game-2,metrica:Home,metrica:Home:6,1,352,353,14.08,14.119999999999999,14.08,14.119999999999999,-0.34649999999999181,-2.1617200000000025,2.1893139583897065,0.039999999999999147,54.732848959743833,True,True
LINK-metrica:Home:6-P1-F353-354,metrica:sample-game-2,metrica:Home,metrica:Home:6,1,353,354,14.119999999999999,14.16,14.119999999999999,14.16,-0.22155000000000769,-1.3273599999999988,1.3457224721687604,0.040000000000000924,33.643061804218235,True,True
LINK-metrica:Home:6-P1-F354-355,metrica:sample-game-2,metrica:Home,metrica:Home:6,1,354,355,14.16,14.199999999999999,14.16,14.199999999999999,-0.11864999999999526,-0.71739999999999782,0.72714550297722103,0.039999999999999147,18.178637574430912,True,False
LINK-metrica:Home:6-P1-F355-356,metrica:sample-game-2,metrica:Home,metrica:Home:6,1,355,356,14.199999999999999,14.24,14.199999999999999,14.24,-0.080849999999990985,-0.46308000000000504,0.47008489541784176,0.040000000000000924,11.752122385445773,True,False
LINK-metrica:Home:6-P1-F10533-10534,metrica:sample-game-2,metrica:Home,metrica:Home:6,1,10533,10534,421.31999999999999,421.36000000000001,421.31999999999999,421.36000000000001,0.15015000000000356,-0.41888000000000503,0.44497806339189944,0.040000000000020464,11.124451584791794,True,False
LINK-metrica:Home:6-P1-F24506-24507,metrica:sample-game-2,metrica:Home,metrica:Home:6,1,24506,24507,980.24000000000001,980.27999999999997,980.24000000000001,980.27999999999997,0.26775000000000659,-0.32979999999999876,0.42480360462218625,0.03999999999996362,10.620090115564315,True,False
LINK-metrica:Home:6-P1-F24507-24508,metrica:sample-game-2,metrica:Home,metrica:Home:6,1,24507,24508,980.27999999999997,980.32000000000005,980.27999999999997,980.32000000000005,0.26670000000000016,-0.32708000000000226,0.42203106094220311,0.040000000000077307,10.550776523534687,True,False
LINK-metrica:Home:6-P1-F24508-24509,metrica:sample-game-2,metrica:Home,metrica:Home:6,1,24508,24509,980.32000000000005,980.36000000000001,980.32000000000005,980.36000000000001,0.26355000000000928,-0.32435999999999865,0.41793302346189876,0.03999999999996362,10.448325586556972,True,False
LINK-metrica:Home:6-P1-F24509-24510,metrica:sample-game-2,metrica:Home,metrica:Home:6,1,24509,24510,980.36000000000001,980.39999999999998,980.36000000000001,980.39999999999998,0.26249999999998863,-0.32231999999999772,0.41568790263849703,0.03999999999996362,10.392197565971877,True,False
LINK-metrica:Home:6-P1-F24510-24511,metrica:sample-game-2,metrica:Home,metrica:Home:6,1,24510,24511,980.39999999999998,980.44000000000005,980.39999999999998,980.44000000000005,0.25934999999999775,-0.32027999999999679,0.41211855199686992,0.040000000000077307,10.302963799901836,True,False
LINK-metrica:Home:6-P1-F24511-24512,metrica:sample-game-2,metrica:Home,metrica:Home:6,1,24511,24512,980.44000000000005,980.48000000000002,980.44000000000005,980.48000000000002,0.25830000000000553,-0.31756000000000739,0.40934489565647153,0.03999999999996362,10.233622391421095,True,False
LINK-metrica:Home:6-P1-F27539-27540,metrica:sample-game-2,metrica:Home,metrica:Home:6,1,27539,27540,1101.5599999999999,1101.5999999999999,1101.5599999999999,1101.5999999999999,0.34649999999999181,-0.23732000000001108,0.41997979999042762,0.03999999999996362,10.49949499977024,True,False
LINK-metrica:Home:6-P1-F27549-27550,metrica:sample-game-2,metrica:Home,metrica:Home:6,1,27549,27550,1101.96,1102,1101.96,1102,-0.077700000000000102,1.6469599999999929,1.6487918399846528,0.03999999999996362,41.219795999653812,True,True
LINK-metrica:Home:6-P1-F27550-27551,metrica:sample-game-2,metrica:Home,metrica:Home:6,1,27550,27551,1102,1102.04,1102,1102.04,0.22995000000000232,-0.61947999999999581,0.6607817135030265,0.03999999999996362,16.519542837590688,True,False
LINK-metrica:Home:6-P1-F42135-42136,metrica:sample-game-2,metrica:Home,metrica:Home:6,1,42135,42136,1685.4000000000001,1685.4400000000001,1685.4000000000001,1685.4400000000001,-0.27615000000000123,0.53584000000000032,0.60281284666138379,0.03999999999996362,15.070321166548302,True,False
LINK-metrica:Home:6-P2-F114570-114571,metrica:sample-game-2,metrica:Home,metrica:Home:6,2,114570,114571,1865.1600000000001,1865.2,4582.8000000000002,4582.8400000000001,-0.19320000000000448,0.67999999999999972,0.70691317712997914,0.03999999999996362,17.672829428265551,True,False
LINK-metrica:Home:6-P2-F121250-121251,metrica:sample-game-2,metrica:Home,metrica:Home:6,2,121250,121251,2132.3600000000001,2132.4000000000001,4850,4850.04,0.38114999999997679,-0.44404000000000465,0.58518957962354934,0.03999999999996362,14.62973949060204,True,False
LINK-metrica:Home:6-P2-F121251-121252,metrica:sample-game-2,metrica:Home,metrica:Home:6,2,121251,121252,2132.4000000000001,2132.4400000000001,4850.04,4850.0799999999999,0.37485000000000923,-0.43723999999999563,0.57592650581476379,0.03999999999996362,14.39816264538219,True,False
LINK-metrica:Home:6-P2-F121252-121253,metrica:sample-game-2,metrica:Home,metrica:Home:6,2,121252,121253,2132.4400000000001,2132.48,4850.0799999999999,4850.1199999999999,0.3706499999999977,-0.43180000000000263,0.56906296883561192,0.03999999999996362,14.226574220903236,True,False
LINK-metrica:Home:6-P2-F121253-121254,metrica:sample-game-2,metrica:Home,metrica:Home:6,2,121253,121254,2132.48,2132.52,4850.1199999999999,4850.1599999999999,0.36540000000000816,-0.42636000000000251,0.5615158142029556,0.03999999999996362,14.037895355086658,True,False
LINK-metrica:Home:6-P2-F121254-121255,metrica:sample-game-2,metrica:Home,metrica:Home:6,2,121254,121255,2132.52,2132.5599999999999,4850.1599999999999,4850.1999999999998,0.36119999999999663,-0.42023999999999617,0.55413635289520069,0.03999999999996362,13.853408822392616,True,False
LINK-metrica:Home:6-P2-F121255-121256,metrica:sample-game-2,metrica:Home,metrica:Home:6,2,121255,121256,2132.5599999999999,2132.5999999999999,4850.1999999999998,4850.2399999999998,0.35490000000000066,-0.41479999999999961,0.54590571530256049,0.03999999999996362,13.647642882576426,True,False
LINK-metrica:Home:7-P1-F6-7,metrica:sample-game-2,metrica:Home,metrica:Home:7,1,6,7,0.23999999999999999,0.28000000000000003,0.23999999999999999,0.28000000000000003,-0.20055000000000689,-1.7611999999999952,1.7725816603192039,0.040000000000000036,44.31454150798006,True,True
LINK-metrica:Home:7-P2-F67963-67964,metrica:sample-game-2,metrica:Home,metrica:Home:7,2,67963,67964,0.88,0.92000000000000004,2718.52,2718.5599999999999,2.2816500000000062,0.0067999999999983629,2.2816601329952775,0.03999999999996362,57.041503324933814,True,True
LINK-metrica:Home:7-P2-F67964-67965,metrica:sample-game-2,metrica:Home,metrica:Home:7,2,67964,67965,0.92000000000000004,0.95999999999999996,2718.5599999999999,2718.5999999999999,2.2816499999999991,0.0067999999999983629,2.2816601329952704,0.03999999999996362,57.041503324933636,True,True
LINK-metrica:Home:7-P2-F67965-67966,metrica:sample-game-2,metrica:Home,metrica:Home:7,2,67965,67966,0.95999999999999996,1,2718.5999999999999,2718.6399999999999,2.2826999999999984,0.0067999999999983629,2.282710128334299,0.03999999999996362,57.067753208409378,True,True
LINK-metrica:Home:7-P2-F67966-67967,metrica:sample-game-2,metrica:Home,metrica:Home:7,2,67966,67967,1,1.04,2718.6399999999999,2718.6799999999998,2.2837500000000048,0.0068000000000019156,2.2837601236776206,0.03999999999996362,57.094003091992441,True,True
LINK-metrica:Home:7-P2-F67967-67968,metrica:sample-game-2,metrica:Home,metrica:Home:7,2,67967,67968,1.04,1.0800000000000001,2718.6799999999998,2718.7199999999998,2.2847999999999971,0.0074800000000045941,2.2848122440148089,0.03999999999996362,57.120306100422169,True,True
LINK-metrica:Home:7-P2-F67968-67969,metrica:sample-game-2,metrica:Home,metrica:Home:7,2,67968,67969,1.0800000000000001,1.1200000000000001,2718.7199999999998,2718.7600000000002,2.2858500000000035,0.0067999999999983629,2.2858601143770838,0.040000000000418368,57.146502858829386,True,True
LINK-metrica:Home:7-P2-F67969-67970,metrica:sample-game-2,metrica:Home,metrica:Home:7,2,67969,67970,1.1200000000000001,1.1599999999999999,2718.7600000000002,2718.8000000000002,2.2869000000000028,0.0067999999999983629,2.286910109733221,0.03999999999996362,57.172752743382524,True,True
LINK-metrica:Home:7-P2-F75527-75528,metrica:sample-game-2,metrica:Home,metrica:Home:7,2,75527,75528,303.44,303.48000000000002,3021.0799999999999,3021.1199999999999,0.64784999999999826,2.4479999999999968,2.5322743971576189,0.03999999999996362,63.306859928998051,True,True
LINK-metrica:Home:7-P2-F75528-75529,metrica:sample-game-2,metrica:Home,metrica:Home:7,2,75528,75529,303.48000000000002,303.51999999999998,3021.1199999999999,3021.1599999999999,0.69299999999999784,2.6180000000000057,2.708167830840627,0.03999999999996362,67.704195771077252,True,True
LINK-metrica:Home:7-P2-F75529-75530,metrica:sample-game-2,metrica:Home,metrica:Home:7,2,75529,75530,303.51999999999998,303.56,3021.1599999999999,3021.1999999999998,0.74235000000000895,2.8049999999999926,2.9015700099256558,0.03999999999996362,72.539250248207367,True,True
LINK-metrica:Home:7-P2-F75530-75531,metrica:sample-game-2,metrica:Home,metrica:Home:7,2,75530,75531,303.56,303.60000000000002,3021.1999999999998,3021.2399999999998,0.79799999999999471,3.0137600000000013,3.1176198192852187,0.03999999999996362,77.940495482201356,True,True
LINK-metrica:Home:7-P2-F75531-75532,metrica:sample-game-2,metrica:Home,metrica:Home:7,2,75531,75532,303.60000000000002,303.63999999999999,3021.2399999999998,3021.2800000000002,0.85890000000000555,3.2456400000000016,3.3573632838285494,0.040000000000418368,83.934082094835858,True,True
LINK-metrica:Home:7-P2-F75532-75533,metrica:sample-game-2,metrica:Home,metrica:Home:7,2,75532,75533,303.63999999999999,303.68000000000001,3021.2800000000002,3021.3200000000002,0.92819999999999681,3.5067599999999928,3.6275226998049153,0.03999999999996362,90.68806749520536,True,True
LINK-metrica:Home:7-P2-F79113-79114,metrica:sample-game-2,metrica:Home,metrica:Home:7,2,79113,79114,446.88,446.92000000000002,3164.52,3164.5599999999999,0.45044999999999646,0.60315999999999548,0.75279956701634154,0.03999999999996362,18.819989175425654,True,False
LINK-metrica:Home:7-P2-F79114-79115,metrica:sample-game-2,metrica:Home,metrica:Home:7,2,79114,79115,446.92000000000002,446.95999999999998,3164.5599999999999,3164.5999999999999,0.45780000000000243,0.61200000000000188,0.76428060292016087,0.03999999999996362,19.107015073021401,True,False
LINK-metrica:Home:7-P2-F79115-79116,metrica:sample-game-2,metrica:Home,metrica:Home:7,2,79115,79116,446.95999999999998,447,3164.5999999999999,3164.6399999999999,0.4640999999999984,0.62084000000000472,0.77513296639996188,0.03999999999996362,19.378324160016671,True,False
LINK-metrica:Home:7-P2-F79116-79117,metrica:sample-game-2,metrica:Home,metrica:Home:7,2,79116,79117,447,447.04000000000002,3164.6399999999999,3164.6799999999998,0.47145000000000081,0.62967999999999336,0.7866142669059546,0.03999999999996362,19.66535667266675,True,False
LINK-metrica:Home:7-P2-F79117-79118,metrica:sample-game-2,metrica:Home,metrica:Home:7,2,79117,79118,447.04000000000002,447.07999999999998,3164.6799999999998,3164.7199999999998,0.47670000000000456,0.63852000000000686,0.79683792605523807,0.03999999999996362,19.92094815139907,True,False
LINK-metrica:Home:7-P2-F79118-79119,metrica:sample-game-2,metrica:Home,metrica:Home:7,2,79118,79119,447.07999999999998,447.12,3164.7199999999998,3164.7600000000002,0.48509999999999209,0.6487199999999973,0.81003681916317161,0.040000000000418368,20.250920478867481,True,True
LINK-metrica:Home:7-P2-F82703-82704,metrica:sample-game-2,metrica:Home,metrica:Home:7,2,82703,82704,590.48000000000002,590.51999999999998,3308.1199999999999,3308.1599999999999,-0.010499999999993292,0.76907999999999532,0.76915167320886246,0.03999999999996362,19.22879183023905,True,False
LINK-metrica:Home:7-P2-F82704-82705,metrica:sample-game-2,metrica:Home,metrica:Home:7,2,82704,82705,590.51999999999998,590.55999999999995,3308.1599999999999,3308.1999999999998,-0.011550000000013938,0.78200000000000358,0.78208529106485947,0.03999999999996362,19.55213227663927,True,False
LINK-metrica:Home:7-P2-F82705-82706,metrica:sample-game-2,metrica:Home,metrica:Home:7,2,82705,82706,590.55999999999995,590.60000000000002,3308.1999999999998,3308.2399999999998,-0.011549999999985516,0.79627999999998877,0.79636376166923983,0.03999999999996362,19.909094041749103,True,False
LINK-metrica:Home:7-P2-F82706-82707,metrica:sample-game-2,metrica:Home,metrica:Home:7,2,82706,82707,590.60000000000002,590.63999999999999,3308.2399999999998,3308.2800000000002,-0.011550000000013938,0.80988000000000682,0.80996235523634763,0.040000000000418368,20.249058880696904,True,True
LINK-metrica:Home:7-P2-F82707-82708,metrica:sample-game-2,metrica:Home,metrica:Home:7,2,82707,82708,590.63999999999999,590.67999999999995,3308.2800000000002,3308.3200000000002,-0.012600000000006162,0.82415999999999201,0.82425631062187621,0.03999999999996362,20.606407765565645,True,True
LINK-metrica:Home:7-P2-F82708-82709,metrica:sample-game-2,metrica:Home,metrica:Home:7,2,82708,82709,590.67999999999995,590.72000000000003,3308.3200000000002,3308.3600000000001,-0.011549999999985516,0.8391200000000083,0.8391994857600984,0.03999999999996362,20.979987144021543,True,True
LINK-metrica:Home:7-P2-F91203-91204,metrica:sample-game-2,metrica:Home,metrica:Home:7,2,91203,91204,930.48000000000002,930.51999999999998,3648.1199999999999,3648.1599999999999,0.12600000000000477,0.53584000000000032,0.55045481703769439,0.03999999999996362,13.761370425954876,True,False
LINK-metrica:Home:7-P2-F91204-91205,metrica:sample-game-2,metrica:Home,metrica:Home:7,2,91204,91205,930.51999999999998,930.55999999999995,3648.1599999999999,3648.1999999999998,0.12914999999999566,0.54400000000000048,0.55912049014501286,0.03999999999996362,13.978012253638035,True,False
LINK-metrica:Home:7-P2-F91205-91206,metrica:sample-game-2,metrica:Home,metrica:Home:7,2,91205,91206,930.55999999999995,930.60000000000002,3648.1999999999998,3648.2399999999998,0.12915000000000276,0.55079999999999885,0.56573877584977272,0.03999999999996362,14.143469396257181,True,False
LINK-metrica:Home:7-P2-F91206-91207,metrica:sample-game-2,metrica:Home,metrica:Home:7,2,91206,91207,930.60000000000002,930.63999999999999,3648.2399999999998,3648.2800000000002,0.13230000000000075,0.55828000000000344,0.57374197022703854,0.040000000000418368,14.343549255525941,True,False
LINK-metrica:Home:7-P2-F91207-91208,metrica:sample-game-2,metrica:Home,metrica:Home:7,2,91207,91208,930.63999999999999,930.67999999999995,3648.2800000000002,3648.3200000000002,0.13335000000000008,0.56576000000000093,0.58126293542595764,0.03999999999996362,14.531573385662158,True,False
LINK-metrica:Home:7-P2-F91208-91209,metrica:sample-game-2,metrica:Home,metrica:Home:7,2,91208,91209,930.67999999999995,930.72000000000003,3648.3200000000002,3648.3600000000001,0.13544999999999874,0.57391999999999754,0.58968709405921105,0.03999999999996362,14.742177351493684,True,False
LINK-metrica:Home:7-P2-F99059-99060,metrica:sample-game-2,metrica:Home,metrica:Home:7,2,99059,99060,1244.72,1244.76,3962.3600000000001,3962.4000000000001,-0.3454500000000138,0.37536000000000058,0.51012825063900347,0.03999999999996362,12.753206265986686,True,False
LINK-metrica:Home:7-P2-F99060-99061,metrica:sample-game-2,metrica:Home,metrica:Home:7,2,99060,99061,1244.76,1244.8,3962.4000000000001,3962.4400000000001,-0.34859999999999047,0.37875999999999976,0.51476314708804982,0.03999999999996362,12.869078677212951,True,False
LINK-metrica:Home:7-P2-F99061-99062,metrica:sample-game-2,metrica:Home,metrica:Home:7,2,99061,99062,1244.8,1244.8399999999999,3962.4400000000001,3962.48,-0.34965000000001112,0.3808000000000078,0.51697559178360997,0.03999999999996362,12.924389794602003,True,False
LINK-metrica:Home:7-P2-F99062-99063,metrica:sample-game-2,metrica:Home,metrica:Home:7,2,99062,99063,1244.8399999999999,1244.8800000000001,3962.48,3962.52,-0.35279999999998779,0.38351999999999009,0.52110980647075122,0.03999999999996362,13.027745161780629,True,False
LINK-metrica:Home:7-P2-F99063-99064,metrica:sample-game-2,metrica:Home,metrica:Home:7,2,99063,99064,1244.8800000000001,1244.9200000000001,3962.52,3962.5599999999999,-0.35595000000000709,0.38692000000000348,0.52574469935512214,0.03999999999996362,13.143617483890008,True,False
LINK-metrica:Home:7-P2-F99064-99065,metrica:sample-game-2,metrica:Home,metrica:Home:7,2,99064,99065,1244.9200000000001,1244.96,3962.5599999999999,3962.5999999999999,-0.35804999999999154,0.38895999999999731,0.52866783910125636,0.03999999999996362,13.216695977543429,True,False
LINK-metrica:Home:7-P2-F114245-114246,metrica:sample-game-2,metrica:Home,metrica:Home:7,2,114245,114246,1852.1600000000001,1852.2,4569.8000000000002,4569.8400000000001,-0.038850000000003604,1.9196399999999976,1.9200330861992956,0.03999999999996362,48.000827155026045,True,True
LINK-metrica:Home:7-P2-F114246-114247,metrica:sample-game-2,metrica:Home,metrica:Home:7,2,114246,114247,1852.2,1852.24,4569.8400000000001,4569.8800000000001,-0.039899999999995828,2.0107599999999977,2.0111558337433699,0.03999999999996362,50.278895843629975,True,True
LINK-metrica:Home:7-P2-F114247-114248,metrica:sample-game-2,metrica:Home,metrica:Home:7,2,114247,114248,1852.24,1852.28,4569.8800000000001,4569.9200000000001,-0.042000000000001592,2.1086799999999997,2.1090982296706806,0.03999999999996362,52.727455741814971,True,True
LINK-metrica:Home:7-P2-F114248-114249,metrica:sample-game-2,metrica:Home,metrica:Home:7,2,114248,114249,1852.28,1852.3199999999999,4569.9200000000001,4569.96,-0.04410000000000025,2.2127200000000045,2.2131594177555356,0.03999999999996362,55.328985443938713,True,True
LINK-metrica:Home:7-P2-F114249-114250,metrica:sample-game-2,metrica:Home,metrica:Home:7,2,114249,114250,1852.3199999999999,1852.3599999999999,4569.96,4570,-0.046199999999998909,2.3256000000000014,2.3260588556612247,0.03999999999996362,58.151471391583506,True,True
LINK-metrica:Home:7-P2-F114250-114251,metrica:sample-game-2,metrica:Home,metrica:Home:7,2,114250,114251,1852.3599999999999,1852.4000000000001,4570,4570.04,-0.049349999999996896,2.4473199999999906,2.4478175187092588,0.03999999999996362,61.195437967787129,True,True
LINK-metrica:Home:7-P2-F115693-115694,metrica:sample-game-2,metrica:Home,metrica:Home:7,2,115693,115694,1910.0799999999999,1910.1199999999999,4627.7200000000003,4627.7600000000002,0.099750000000000227,-0.42975999999999459,0.44118445133526113,0.03999999999996362,11.02961128339156,True,False
LINK-metrica:Home:7-P2-F115694-115695,metrica:sample-game-2,metrica:Home,metrica:Home:7,2,115694,115695,1910.1199999999999,1910.1600000000001,4627.7600000000002,4627.8000000000002,0.10710000000000264,-0.48892000000000735,0.50051291331993397,0.03999999999996362,12.51282283300973,True,False
LINK-metrica:Home:7-P2-F115695-115696,metrica:sample-game-2,metrica:Home,metrica:Home:7,2,115695,115696,1910.1600000000001,1910.2,4627.8000000000002,4627.8400000000001,0.11655000000000371,-0.54535999999999518,0.55767502373693911,0.03999999999996362,13.941875593436158,True,False
LINK-metrica:Home:7-P2-F115696-115697,metrica:sample-game-2,metrica:Home,metrica:Home:7,2,115696,115697,1910.2,1910.24,4627.8400000000001,4627.8800000000001,0.12389999999999901,-0.60044000000000608,0.61309004526252675,0.03999999999996362,15.327251131577109,True,False
LINK-metrica:Home:7-P2-F115697-115698,metrica:sample-game-2,metrica:Home,metrica:Home:7,2,115697,115698,1910.24,1910.28,4627.8800000000001,4627.9200000000001,0.13125000000000142,-0.65823999999999216,0.67119778016616682,0.03999999999996362,16.779944504169432,True,False
LINK-metrica:Home:7-P2-F115698-115699,metrica:sample-game-2,metrica:Home,metrica:Home:7,2,115698,115699,1910.28,1910.3199999999999,4627.9200000000001,4627.96,0.14069999999999538,-0.70720000000000027,0.7210605591765501,0.03999999999996362,18.026513979430149,True,False
LINK-metrica:Home:7-P2-F115699-115700,metrica:sample-game-2,metrica:Home,metrica:Home:7,2,115699,115700,1910.3199999999999,1910.3599999999999,4627.96,4628,0.14700000000000557,-0.75480000000000302,0.76898117012057332,0.03999999999996362,19.224529253031818,True,False
LINK-metrica:Home:7-P2-F115700-115701,metrica:sample-game-2,metrica:Home,metrica:Home:7,2,115700,115701,1910.3599999999999,1910.4000000000001,4628,4628.04,0.15329999999999444,-0.8044399999999996,0.81891672568094354,0.03999999999996362,20.472918142042207,True,True
LINK-metrica:Home:7-P2-F115701-115702,metrica:sample-game-2,metrica:Home,metrica:Home:7,2,115701,115702,1910.4000000000001,1910.4400000000001,4628.04,4628.0799999999999,0.15960000000000463,-0.85135999999999967,0.86619051576428663,0.03999999999996362,21.654762894126861,True,True
LINK-metrica:Home:7-P2-F115702-115703,metrica:sample-game-2,metrica:Home,metrica:Home:7,2,115702,115703,1910.4400000000001,1910.48,4628.0799999999999,4628.1199999999999,0.16485000000000127,-0.88944000000000045,0.9045877713632885,0.03999999999996362,22.614694284102779,True,True
LINK-metrica:Home:7-P2-F115703-115704,metrica:sample-game-2,metrica:Home,metrica:Home:7,2,115703,115704,1910.48,1910.52,4628.1199999999999,4628.1599999999999,0.17219999999999658,-0.92955999999999506,0.94537539295244488,0.03999999999996362,23.634384823832619,True,True
LINK-metrica:Home:7-P2-F115704-115705,metrica:sample-game-2,metrica:Home,metrica:Home:7,2,115704,115705,1910.52,1910.5599999999999,4628.1599999999999,4628.1999999999998,0.17535000000000167,-0.95744000000000185,0.9733647703199475,0.03999999999996362,24.33411925802082,True,True
LINK-metrica:Home:7-P2-F115705-115706,metrica:sample-game-2,metrica:Home,metrica:Home:7,2,115705,115706,1910.5599999999999,1910.5999999999999,4628.1999999999998,4628.2399999999998,0.17954999999999899,-0.98667999999999978,1.002883654717734,0.03999999999996362,25.072091367966152,True,True
LINK-metrica:Home:7-P2-F115706-115707,metrica:sample-game-2,metrica:Home,metrica:Home:7,2,115706,115707,1910.5999999999999,1910.6400000000001,4628.2399999999998,4628.2799999999997,0.18269999999999698,-1.0186400000000013,1.0348945548218917,0.03999999999996362,25.872363870570826,True,True
LINK-metrica:Home:7-P2-F115707-115708,metrica:sample-game-2,metrica:Home,metrica:Home:7,2,115707,115708,1910.6400000000001,1910.6800000000001,4628.2799999999997,4628.3199999999997,0.18375000000000341,-1.0335999999999999,1.0498061833024233,0.03999999999996362,26.245154582584451,True,True
LINK-metrica:Home:7-P2-F115708-115709,metrica:sample-game-2,metrica:Home,metrica:Home:7,2,115708,115709,1910.6800000000001,1910.72,4628.3199999999997,4628.3599999999997,0.18584999999999496,-1.0506000000000029,1.0669117032350917,0.03999999999996362,26.67279258090155,True,True
LINK-metrica:Home:7-P2-F115709-115710,metrica:sample-game-2,metrica:Home,metrica:Home:7,2,115709,115710,1910.72,1910.76,4628.3599999999997,4628.3999999999996,0.18480000000000274,-1.0580799999999932,1.0740969818410191,0.03999999999996362,26.8524245460499,True,True
LINK-metrica:Home:7-P2-F115710-115711,metrica:sample-game-2,metrica:Home,metrica:Home:7,2,115710,115711,1910.76,1910.8,4628.3999999999996,4628.4399999999996,0.18480000000000274,-1.0621600000000058,1.0781163692292282,0.03999999999996362,26.952909230755218,True,True
LINK-metrica:Home:7-P2-F115711-115712,metrica:sample-game-2,metrica:Home,metrica:Home:7,2,115711,115712,1910.8,1910.8399999999999,4628.4399999999996,4628.4799999999996,0.18269999999999698,-1.0580800000000004,1.0737376664716571,0.03999999999996362,26.843441661815842,True,True
LINK-metrica:Home:7-P2-F115712-115713,metrica:sample-game-2,metrica:Home,metrica:Home:7,2,115712,115713,1910.8399999999999,1910.8800000000001,4628.4799999999996,4628.5200000000004,0.18060000000000542,-1.0519600000000011,1.0673500838993757,0.040000000000873115,26.683752096901944,True,True
LINK-metrica:Home:7-P2-F115713-115714,metrica:sample-game-2,metrica:Home,metrica:Home:7,2,115713,115714,1910.8800000000001,1910.9200000000001,4628.5200000000004,4628.5600000000004,0.17744999999999322,-1.0390399999999964,1.0540837841936428,0.03999999999996362,26.352094604865037,True,True
LINK-metrica:Home:7-P2-F115714-115715,metrica:sample-game-2,metrica:Home,metrica:Home:7,2,115714,115715,1910.9200000000001,1910.96,4628.5600000000004,4628.6000000000004,0.17535000000000167,-1.0247600000000006,1.0396541156076871,0.03999999999996362,25.991352890215815,True,True
LINK-metrica:Home:7-P2-F115715-115716,metrica:sample-game-2,metrica:Home,metrica:Home:7,2,115715,115716,1910.96,1911,4628.6000000000004,4628.6400000000003,0.17115000000000435,-1.0030000000000037,1.0174975786212017,0.03999999999996362,25.437439465553179,True,True
LINK-metrica:Home:7-P2-F115716-115717,metrica:sample-game-2,metrica:Home,metrica:Home:7,2,115716,115717,1911,1911.04,4628.6400000000003,4628.6800000000003,0.16694999999999283,-0.98327999999999349,0.99735242562495674,0.03999999999996362,24.933810640646595,True,True
LINK-metrica:Home:7-P2-F115717-115718,metrica:sample-game-2,metrica:Home,metrica:Home:7,2,115717,115718,1911.04,1911.0799999999999,4628.6800000000003,4628.7200000000003,0.16275000000000261,-0.95676000000000272,0.97050361158524601,0.03999999999996362,24.262590289653218,True,True
LINK-metrica:Home:7-P2-F115718-115719,metrica:sample-game-2,metrica:Home,metrica:Home:7,2,115718,115719,1911.0799999999999,1911.1199999999999,4628.7200000000003,4628.7600000000002,0.15749999999999886,-0.93364000000000047,0.946831505390479,0.03999999999996362,23.670787634783505,True,True
LINK-metrica:Home:7-P2-F115719-115720,metrica:sample-game-2,metrica:Home,metrica:Home:7,2,115719,115720,1911.1199999999999,1911.1600000000001,4628.7600000000002,4628.8000000000002,0.15330000000000155,-0.92003999999999664,0.93272423127095516,0.03999999999996362,23.318105781795087,True,True
LINK-metrica:Home:7-P2-F115720-115721,metrica:sample-game-2,metrica:Home,metrica:Home:7,2,115720,115721,1911.1600000000001,1911.2,4628.8000000000002,4628.8400000000001,0.14804999999999779,-0.87040000000000362,0.88290144551926386,0.03999999999996362,22.07253613800167,True,True
LINK-metrica:Home:7-P2-F115721-115722,metrica:sample-game-2,metrica:Home,metrica:Home:7,2,115721,115722,1911.2,1911.24,4628.8400000000001,4628.8800000000001,0.15749999999999886,-0.93500000000000227,0.9481725845013681,0.03999999999996362,23.704314612555763,True,True
LINK-metrica:Home:7-P2-F115722-115723,metrica:sample-game-2,metrica:Home,metrica:Home:7,2,115722,115723,1911.24,1911.28,4628.8800000000001,4628.9200000000001,0.17115000000000435,-1.0138799999999968,1.0282241861092332,0.03999999999996362,25.705604652754207,True,True
LINK-metrica:Home:7-P2-F115723-115724,metrica:sample-game-2,metrica:Home,metrica:Home:7,2,115723,115724,1911.28,1911.3199999999999,4628.9200000000001,4628.96,0.17954999999999899,-1.08324,1.098019626463935,0.03999999999996362,27.450490661623341,True,True
LINK-metrica:Home:7-P2-F115724-115725,metrica:sample-game-2,metrica:Home,metrica:Home:7,2,115724,115725,1911.3199999999999,1911.3599999999999,4628.96,4629,0.18795000000000073,-1.1328800000000001,1.1483650538482963,0.03999999999996362,28.709126346233518,True,True
LINK-metrica:Home:7-P2-F115725-115726,metrica:sample-game-2,metrica:Home,metrica:Home:7,2,115725,115726,1911.3599999999999,1911.4000000000001,4629,4629.04,0.19109999999999872,-1.1634799999999998,1.179069514659759,0.03999999999996362,29.476737866520782,True,True
LINK-metrica:Home:7-P2-F115726-115727,metrica:sample-game-2,metrica:Home,metrica:Home:7,2,115726,115727,1911.4000000000001,1911.4400000000001,4629.04,4629.0799999999999,0.19109999999999872,-1.1736800000000045,1.1891358006552533,0.03999999999996362,29.728395016408371,True,True
LINK-metrica:Home:7-P2-F115727-115728,metrica:sample-game-2,metrica:Home,metrica:Home:7,2,115727,115728,1911.4400000000001,1911.48,4629.0799999999999,4629.1199999999999,0.18480000000000274,-1.1559999999999988,1.1706780257611391,0.03999999999996362,29.266950644055097,True,True
LINK-metrica:Home:7-P2-F115728-115729,metrica:sample-game-2,metrica:Home,metrica:Home:7,2,115728,115729,1911.48,1911.52,4629.1199999999999,4629.1599999999999,0.17745000000000033,-1.105679999999996,1.1198288998324659,0.03999999999996362,27.995722495837111,True,True
LINK-metrica:Home:7-P2-F115729-115730,metrica:sample-game-2,metrica:Home,metrica:Home:7,2,115729,115730,1911.52,1911.5599999999999,4629.1599999999999,4629.1999999999998,0.16694999999999993,-1.0506000000000064,1.0637822439296556,0.03999999999996362,26.594556098265578,True,True
LINK-metrica:Home:7-P2-F115730-115731,metrica:sample-game-2,metrica:Home,metrica:Home:7,2,115730,115731,1911.5599999999999,1911.5999999999999,4629.1999999999998,4629.2399999999998,0.15749999999999886,-0.99415999999999727,1.0065586697257116,0.03999999999996362,25.163966743165677,True,True
LINK-metrica:Home:7-P2-F115731-115732,metrica:sample-game-2,metrica:Home,metrica:Home:7,2,115731,115732,1911.5999999999999,1911.6400000000001,4629.2399999999998,4629.2799999999997,0.14699999999999847,-0.92751999999999768,0.93909656074335357,0.03999999999996362,23.477414018605192,True,True
LINK-metrica:Home:7-P2-F115732-115733,metrica:sample-game-2,metrica:Home,metrica:Home:7,2,115732,115733,1911.6400000000001,1911.6800000000001,4629.2799999999997,4629.3199999999997,0.13650000000000517,-0.86020000000000252,0.870962852250316,0.03999999999996362,21.774071306277705,True,True
LINK-metrica:Home:7-P2-F115733-115734,metrica:sample-game-2,metrica:Home,metrica:Home:7,2,115733,115734,1911.6800000000001,1911.72,4629.3199999999997,4629.3599999999997,0.12389999999999901,-0.78607999999999478,0.79578450374456999,0.03999999999996362,19.894612593632345,True,False
LINK-metrica:Home:7-P2-F115734-115735,metrica:sample-game-2,metrica:Home,metrica:Home:7,2,115734,115735,1911.72,1911.76,4629.3599999999997,4629.3999999999996,0.10394999999999754,-0.6922400000000053,0.70000130007022621,0.03999999999996362,17.500032501771571,True,False
LINK-metrica:Home:7-P2-F115735-115736,metrica:sample-game-2,metrica:Home,metrica:Home:7,2,115735,115736,1911.76,1911.8,4629.3999999999996,4629.4399999999996,0.087150000000001171,-0.57799999999999585,0.58453325183431215,0.03999999999996362,14.613331295871095,True,False
LINK-metrica:Home:7-P2-F115736-115737,metrica:sample-game-2,metrica:Home,metrica:Home:7,2,115736,115737,1911.8,1911.8399999999999,4629.4399999999996,4629.4799999999996,0.071400000000004127,-0.45900000000000318,0.46452013949882037,0.03999999999996362,11.613003487481071,True,False
LINK-metrica:Home:7-P2-F115742-115743,metrica:sample-game-2,metrica:Home,metrica:Home:7,2,115742,115743,1912.04,1912.0799999999999,4629.6800000000003,4629.7200000000003,-0.093449999999997146,0.79152000000000555,0.79701744830336574,0.03999999999996362,19.925436207602267,True,False
LINK-metrica:Home:7-P2-F115743-115744,metrica:sample-game-2,metrica:Home,metrica:Home:7,2,115743,115744,1912.0799999999999,1912.1199999999999,4629.7200000000003,4629.7600000000002,-0.09660000000000224,0.81531999999999272,0.82102269298722097,0.03999999999996362,20.525567324699193,True,True
LINK-metrica:Home:7-P2-F115744-115745,metrica:sample-game-2,metrica:Home,metrica:Home:7,2,115744,115745,1912.1199999999999,1912.1600000000001,4629.7600000000002,4629.8000000000002,-0.098699999999993793,0.84048000000000656,0.84625546993801459,0.03999999999996362,21.156386748469608,True,True
LINK-metrica:Home:7-P2-F115745-115746,metrica:sample-game-2,metrica:Home,metrica:Home:7,2,115745,115746,1912.1600000000001,1912.2,4629.8000000000002,4629.8400000000001,-0.10185000000000599,0.8663199999999982,0.87228651537209845,0.03999999999996362,21.807162884322295,True,True
LINK-metrica:Home:7-P2-F115746-115747,metrica:sample-game-2,metrica:Home,metrica:Home:7,2,115746,115747,1912.2,1912.24,4629.8400000000001,4629.8800000000001,-0.10605000000000331,0.89352000000000231,0.8997914163293651,0.03999999999996362,22.494785408254586,True,True
LINK-metrica:Home:7-P2-F115747-115748,metrica:sample-game-2,metrica:Home,metrica:Home:7,2,115747,115748,1912.24,1912.28,4629.8800000000001,4629.9200000000001,-0.10814999999999486,0.92208000000000112,0.92840074800702366,0.03999999999996362,23.210018700196702,True,True
LINK-metrica:Home:7-P2-F115748-115749,metrica:sample-game-2,metrica:Home,metrica:Home:7,2,115748,115749,1912.28,1912.3199999999999,4629.9200000000001,4629.96,-0.11234999999999928,0.95200000000000173,0.95860655250212179,0.03999999999996362,23.96516381257484,True,True
LINK-metrica:Home:7-P2-F115749-115750,metrica:sample-game-2,metrica:Home,metrica:Home:7,2,115749,115750,1912.3199999999999,1912.3599999999999,4629.96,4630,-0.11655000000000371,0.98327999999999349,0.99016335061442673,0.03999999999996362,24.754083765383182,True,True
LINK-metrica:Home:7-P2-F115750-115751,metrica:sample-game-2,metrica:Home,metrica:Home:7,2,115750,115751,1912.3599999999999,1912.4000000000001,4630,4630.04,-0.11969999999999459,1.0159200000000048,1.022947474897909,0.03999999999996362,25.573686872470986,True,True
LINK-metrica:Home:7-P2-F115751-115752,metrica:sample-game-2,metrica:Home,metrica:Home:7,2,115751,115752,1912.4000000000001,1912.4400000000001,4630.04,4630.0799999999999,-0.12390000000000612,1.051280000000002,1.0585560204353881,0.03999999999996362,26.463900510908772,True,True
LINK-metrica:Home:7-P2-F115752-115753,metrica:sample-game-2,metrica:Home,metrica:Home:7,2,115752,115753,1912.4400000000001,1912.48,4630.0799999999999,4630.1199999999999,-0.12809999999999633,1.0873199999999983,1.0948398935004129,0.03999999999996362,27.370997337535215,True,True
LINK-metrica:Home:7-P2-F115753-115754,metrica:sample-game-2,metrica:Home,metrica:Home:7,2,115753,115754,1912.48,1912.52,4630.1199999999999,4630.1599999999999,-0.13230000000000786,1.1254000000000026,1.1331497915103756,0.03999999999996362,28.328744787785155,True,True
LINK-metrica:Home:7-P2-F115754-115755,metrica:sample-game-2,metrica:Home,metrica:Home:7,2,115754,115755,1912.52,1912.5599999999999,4630.1599999999999,4630.1999999999998,-0.1375499999999974,1.1661999999999999,1.1742837998116125,0.03999999999996362,29.357094995317013,True,True
LINK-metrica:Home:7-P2-F115755-115756,metrica:sample-game-2,metrica:Home,metrica:Home:7,2,115755,115756,1912.5599999999999,1912.5999999999999,4630.1999999999998,4630.2399999999998,-0.14279999999999404,1.2090399999999946,1.2174438638393086,0.03999999999996362,30.436096596010398,True,True
LINK-metrica:Home:7-P2-F115756-115757,metrica:sample-game-2,metrica:Home,metrica:Home:7,2,115756,115757,1912.5999999999999,1912.6400000000001,4630.2399999999998,4630.2799999999997,-0.1480500000000049,1.2539200000000008,1.2626298621924017,0.03999999999996362,31.56574655483875,True,True
LINK-metrica:Home:7-P2-F115757-115758,metrica:sample-game-2,metrica:Home,metrica:Home:7,2,115757,115758,1912.6400000000001,1912.6800000000001,4630.2799999999997,4630.3199999999997,-0.15330000000000155,1.3015200000000036,1.3105171499831696,0.03999999999996362,32.762928749609038,True,True
LINK-metrica:Home:7-P2-F115758-115759,metrica:sample-game-2,metrica:Home,metrica:Home:7,2,115758,115759,1912.6800000000001,1912.72,4630.3199999999997,4630.3599999999997,-0.15959999999999752,1.3518399999999993,1.3612286896770862,0.03999999999996362,34.030717241958108,True,True
LINK-metrica:Home:7-P2-F115759-115760,metrica:sample-game-2,metrica:Home,metrica:Home:7,2,115759,115760,1912.72,1912.76,4630.3599999999997,4630.3999999999996,-0.1659000000000006,1.4048800000000021,1.4146415179825615,0.03999999999996362,35.366037949596205,True,True
LINK-metrica:Home:7-P2-F115760-115761,metrica:sample-game-2,metrica:Home,metrica:Home:7,2,115760,115761,1912.76,1912.8,4630.3999999999996,4630.4399999999996,-0.17219999999999658,1.4619999999999962,1.4721062597516483,0.03999999999996362,36.802656493824678,True,True
LINK-metrica:Home:7-P2-F115761-115762,metrica:sample-game-2,metrica:Home,metrica:Home:7,2,115761,115762,1912.8,1912.8399999999999,4630.4399999999996,4630.4799999999996,-0.17955000000000609,1.5218399999999974,1.5323952453919956,0.03999999999996362,38.309881134834733,True,True
LINK-metrica:Home:7-P2-F115762-115763,metrica:sample-game-2,metrica:Home,metrica:Home:7,2,115762,115763,1912.8399999999999,1912.8800000000001,4630.4799999999996,4630.5200000000004,-0.18689999999999429,1.5857600000000005,1.5967361671860507,0.040000000000873115,39.918404178779937,True,True
LINK-metrica:Home:7-P2-F115763-115764,metrica:sample-game-2,metrica:Home,metrica:Home:7,2,115763,115764,1912.8800000000001,1912.9200000000001,4630.5200000000004,4630.5600000000004,-0.19530000000000314,1.6537599999999983,1.6652520012298426,0.03999999999996362,41.631300030783926,True,True
LINK-metrica:Home:7-P2-F115764-115765,metrica:sample-game-2,metrica:Home,metrica:Home:7,2,115764,115765,1912.9200000000001,1912.96,4630.5600000000004,4630.6000000000004,-0.20369999999999777,1.7265200000000043,1.7384950389345417,0.03999999999996362,43.46237597340307,True,True
LINK-metrica:Home:7-P2-F115765-115766,metrica:sample-game-2,metrica:Home,metrica:Home:7,2,115765,115766,1912.96,1913,4630.6000000000004,4630.6400000000003,-0.21209999999999951,1.8033599999999979,1.8157901033985155,0.03999999999996362,45.394752585004177,True,True
LINK-metrica:Home:7-P2-F115766-115767,metrica:sample-game-2,metrica:Home,metrica:Home:7,2,115766,115767,1913,1913.04,4630.6400000000003,4630.6800000000003,-0.22259999999999991,1.8863199999999978,1.8994088297151805,0.03999999999996362,47.485220742922699,True,True
LINK-metrica:Home:7-P2-F115767-115768,metrica:sample-game-2,metrica:Home,metrica:Home:7,2,115767,115768,1913.04,1913.0799999999999,4630.6800000000003,4630.7200000000003,-0.23310000000000031,1.9740400000000022,1.9877548972647532,0.03999999999996362,49.693872431664026,True,True
LINK-metrica:Home:7-P2-F115768-115769,metrica:sample-game-2,metrica:Home,metrica:Home:7,2,115768,115769,1913.0799999999999,1913.1199999999999,4630.7200000000003,4630.7600000000002,-0.24465000000000003,2.0692400000000042,2.0836525142403226,0.03999999999996362,52.091312856055445,True,True
LINK-metrica:Home:7-P2-F115769-115770,metrica:sample-game-2,metrica:Home,metrica:Home:7,2,115769,115770,1913.1199999999999,1913.1600000000001,4630.7600000000002,4630.8000000000002,-0.25515000000000043,2.1712399999999903,2.1861803814186875,0.03999999999996362,54.654509535516894,True,True
LINK-metrica:Home:7-P2-F115770-115771,metrica:sample-game-2,metrica:Home,metrica:Home:7,2,115770,115771,1913.1600000000001,1913.2,4630.8000000000002,4630.8400000000001,-0.26984999999999815,2.2807200000000094,2.2966285596282305,0.03999999999996362,57.415713990757986,True,True
LINK-metrica:Home:7-P2-F115771-115772,metrica:sample-game-2,metrica:Home,metrica:Home:7,2,115771,115772,1913.2,1913.24,4630.8400000000001,4630.8800000000001,-1.0731000000000037,1.3722399999999908,1.7420063798964638,0.03999999999996362,43.550159497451205,True,True
LINK-metrica:Home:7-P2-F115867-115868,metrica:sample-game-2,metrica:Home,metrica:Home:7,2,115867,115868,1917.04,1917.0799999999999,4634.6800000000003,4634.7200000000003,0.8788499999999928,-0.1761200000000116,0.89632336625795461,0.03999999999996362,22.408084156469247,True,True
LINK-metrica:Home:7-P2-F115868-115869,metrica:sample-game-2,metrica:Home,metrica:Home:7,2,115868,115869,1917.0799999999999,1917.1199999999999,4634.7200000000003,4634.7600000000002,0.87675000000000836,-0.17475999999999203,0.89399755038814954,0.03999999999996362,22.349938759724065,True,True
LINK-metrica:Home:7-P2-F115869-115870,metrica:sample-game-2,metrica:Home,metrica:Home:7,2,115869,115870,1917.1199999999999,1917.1600000000001,4634.7600000000002,4634.8000000000002,0.87254999999999683,-0.17475999999999914,0.88987895811733531,0.03999999999996362,22.246973952953617,True,True
LINK-metrica:Home:7-P2-F115870-115871,metrica:sample-game-2,metrica:Home,metrica:Home:7,2,115870,115871,1917.1600000000001,1917.2,4634.8000000000002,4634.8400000000001,0.86939999999999884,-0.17408000000000357,0.88665675793962073,0.03999999999996362,22.166418948510678,True,True
LINK-metrica:Home:7-P2-F115871-115872,metrica:sample-game-2,metrica:Home,metrica:Home:7,2,115871,115872,1917.2,1917.24,4634.8400000000001,4634.8800000000001,0.86625000000000085,-0.17407999999999646,0.88356828196806625,0.03999999999996362,22.089207049221745,True,True
LINK-metrica:Home:7-P2-F115872-115873,metrica:sample-game-2,metrica:Home,metrica:Home:7,2,115872,115873,1917.24,1917.28,4634.8800000000001,4634.9200000000001,0.86309999999999576,-0.17271999999999821,0.88021236551186444,0.03999999999996362,22.005309137816624,True,True
LINK-metrica:Home:7-P2-F116175-116176,metrica:sample-game-2,metrica:Home,metrica:Home:7,2,116175,116176,1929.3599999999999,1929.4000000000001,4647,4647.04,-1.2495000000000047,0.13872000000000639,1.2571767928179447,0.03999999999996362,31.429419820477204,True,True
LINK-metrica:Home:7-P2-F116176-116177,metrica:sample-game-2,metrica:Home,metrica:Home:7,2,116176,116177,1929.4000000000001,1929.4400000000001,4647.04,4647.0799999999999,-1.2526499999999956,0.13939999999998776,1.2603826333697181,0.03999999999996362,31.509565834271612,True,True
LINK-metrica:Home:7-P2-F116177-116178,metrica:sample-game-2,metrica:Home,metrica:Home:7,2,116177,116178,1929.4400000000001,1929.48,4647.0799999999999,4647.1199999999999,-1.25685,0.14008000000000465,1.2646320923098548,0.03999999999996362,31.615802307775127,True,True
LINK-metrica:Home:7-P2-F116178-116179,metrica:sample-game-2,metrica:Home,metrica:Home:7,2,116178,116179,1929.48,1929.52,4647.1199999999999,4647.1599999999999,-1.259999999999998,0.14008000000000465,1.2677627563546723,0.03999999999996362,31.694068908895634,True,True
LINK-metrica:Home:7-P2-F116179-116180,metrica:sample-game-2,metrica:Home,metrica:Home:7,2,116179,116180,1929.52,1929.5599999999999,4647.1599999999999,4647.1999999999998,-1.2631500000000031,0.14076000000000022,1.2709686463874739,0.03999999999996362,31.774216159715746,True,True
LINK-metrica:Home:7-P2-F116180-116181,metrica:sample-game-2,metrica:Home,metrica:Home:7,2,116180,116181,1929.5599999999999,1929.5999999999999,4647.1999999999998,4647.2399999999998,-1.2673500000000004,0.14143999999999579,1.2752181366730948,0.03999999999996362,31.880453416856366,True,True
LINK-metrica:Home:7-P2-F127243-127244,metrica:sample-game-2,metrica:Home,metrica:Home:7,2,127243,127244,2372.0799999999999,2372.1199999999999,5089.7200000000003,5089.7600000000002,-0.17744999999999322,0.63172000000000139,0.65616968910488338,0.03999999999996362,16.404242227637003,True,False
LINK-metrica:Home:7-P2-F127244-127245,metrica:sample-game-2,metrica:Home,metrica:Home:7,2,127244,127245,2372.1199999999999,2372.1599999999999,5089.7600000000002,5089.8000000000002,-0.18165000000000475,0.64124000000000336,0.66647240010371478,0.03999999999996362,16.661810002608025,True,False
LINK-metrica:Home:7-P2-F127245-127246,metrica:sample-game-2,metrica:Home,metrica:Home:7,2,127245,127246,2372.1599999999999,2372.1999999999998,5089.8000000000002,5089.8400000000001,-0.18374999999999631,0.65075999999999468,0.67620458450086818,0.03999999999996362,16.90511461253708,True,False
LINK-metrica:Home:7-P2-F127246-127247,metrica:sample-game-2,metrica:Home,metrica:Home:7,2,127246,127247,2372.1999999999998,2372.2399999999998,5089.8400000000001,5089.8800000000001,-0.18585000000000207,0.66095999999999577,0.68659183224095754,0.03999999999996362,17.16479580603955,True,False
LINK-metrica:Home:7-P2-F127247-127248,metrica:sample-game-2,metrica:Home,metrica:Home:7,2,127247,127248,2372.2399999999998,2372.2800000000002,5089.8800000000001,5089.9200000000001,-0.18900000000000006,0.67116000000000753,0.69726375612103209,0.03999999999996362,17.431593903041655,True,False
LINK-metrica:Home:7-P2-F127248-127249,metrica:sample-game-2,metrica:Home,metrica:Home:7,2,127248,127249,2372.2800000000002,2372.3200000000002,5089.9200000000001,5089.96,-0.19214999999999804,0.68135999999999797,0.70793578246900091,0.03999999999996362,17.698394561741118,True,False
LINK-metrica:Home:7-P2-F129029-129030,metrica:sample-game-2,metrica:Home,metrica:Home:7,2,129029,129030,2443.52,2443.5599999999999,5161.1599999999999,5161.1999999999998,0.0084000000000088448,0.42772000000000077,0.42780247591616483,0.03999999999996362,10.695061897913847,True,False
LINK-metrica:Home:7-P2-F129030-129031,metrica:sample-game-2,metrica:Home,metrica:Home:7,2,129030,129031,2443.5599999999999,2443.5999999999999,5161.1999999999998,5161.2399999999998,0.008399999999994634,0.50047999999999604,0.50055048736365837,0.03999999999996362,12.513762184102841,True,False
LINK-metrica:Home:7-P2-F129031-129032,metrica:sample-game-2,metrica:Home,metrica:Home:7,2,129031,129032,2443.5999999999999,2443.6399999999999,5161.2399999999998,5161.2799999999997,-0.01470000000000482,0.49164000000000385,0.49185971536608275,0.03999999999996362,12.296492884163252,True,False
LINK-metrica:Home:7-P2-F129032-129033,metrica:sample-game-2,metrica:Home,metrica:Home:7,2,129032,129033,2443.6399999999999,2443.6799999999998,5161.2799999999997,5161.3199999999997,-0.037800000000004275,0.4814399999999992,0.4829216433335739,0.03999999999996362,12.073041083350327,True,False
LINK-metrica:Home:7-P2-F129033-129034,metrica:sample-game-2,metrica:Home,metrica:Home:7,2,129033,129034,2443.6799999999998,2443.7199999999998,5161.3199999999997,5161.3599999999997,-0.077699999999992997,0.42635999999999896,0.43338220960256091,0.03999999999996362,10.834555240073877,True,False
LINK-metrica:Home:7-P2-F129039-129040,metrica:sample-game-2,metrica:Home,metrica:Home:7,2,129039,129040,2443.9200000000001,2443.96,5161.5600000000004,5161.6000000000004,0.013649999999998386,-1.3212400000000066,1.3213105085860846,0.03999999999996362,33.032762714682157,True,True
LINK-metrica:Home:7-P2-F129040-129041,metrica:sample-game-2,metrica:Home,metrica:Home:7,2,129040,129041,2443.96,2444,5161.6000000000004,5161.6400000000003,0.013649999999998386,-1.2743199999999959,1.2743931045403494,0.03999999999996362,31.859827613537711,True,True
LINK-metrica:Home:7-P2-F129041-129042,metrica:sample-game-2,metrica:Home,metrica:Home:7,2,129041,129042,2444,2444.04,5161.6400000000003,5161.6800000000003,0.013650000000005491,-1.2294400000000003,1.22951577301798,0.03999999999996362,30.737894325477455,True,True
LINK-metrica:Home:7-P2-F129042-129043,metrica:sample-game-2,metrica:Home,metrica:Home:7,2,129042,129043,2444.04,2444.0799999999999,5161.6800000000003,5161.7200000000003,0.012599999999999056,-1.1872800000000012,1.1873468568198606,0.03999999999996362,29.683671420523513,True,True
LINK-metrica:Home:7-P2-F129043-129044,metrica:sample-game-2,metrica:Home,metrica:Home:7,2,129043,129044,2444.0799999999999,2444.1199999999999,5161.7200000000003,5161.7600000000002,0.012600000000006162,-1.147159999999996,1.1472291948865279,0.03999999999996362,28.680729872189282,True,True
LINK-metrica:Home:7-P2-F129044-129045,metrica:sample-game-2,metrica:Home,metrica:Home:7,2,129044,129045,2444.1199999999999,2444.1599999999999,5161.7600000000002,5161.8000000000002,0.011549999999992622,-1.1084000000000067,1.1084601763257058,0.03999999999996362,27.711504408167848,True,True
LINK-metrica:Home:7-P2-F140114-140115,metrica:sample-game-2,metrica:Home,metrica:Home:7,2,140114,140115,2886.9200000000001,2886.96,5604.5600000000004,5604.6000000000004,-0.6489000000000047,-0.1699999999999946,0.67079893410768343,0.03999999999996362,16.769973352707339,True,False
LINK-metrica:Home:7-P2-F140115-140116,metrica:sample-game-2,metrica:Home,metrica:Home:7,2,140115,140116,2886.96,2887,5604.6000000000004,5604.6400000000003,-0.64679999999999893,-0.17000000000000526,0.66876770256943507,0.03999999999996362,16.719192564251085,True,False
LINK-metrica:Home:7-P2-F140116-140117,metrica:sample-game-2,metrica:Home,metrica:Home:7,2,140116,140117,2887,2887.04,5604.6400000000003,5604.6800000000003,-0.64260000000000161,-0.16863999999999635,0.66436000000000062,0.03999999999996362,16.609000000015122,True,False
LINK-metrica:Home:7-P2-F140117-140118,metrica:sample-game-2,metrica:Home,metrica:Home:7,2,140117,140118,2887.04,2887.0799999999999,5604.6800000000003,5604.7200000000003,-0.64049999999999585,-0.16796000000000433,0.66215618369082396,0.03999999999996362,16.553904592285654,True,False
LINK-metrica:Home:7-P2-F140118-140119,metrica:sample-game-2,metrica:Home,metrica:Home:7,2,140118,140119,2887.0799999999999,2887.1199999999999,5604.7200000000003,5604.7600000000002,-0.63629999999999853,-0.16727999999999454,0.65792118707334257,0.03999999999996362,16.448029676848524,True,False
LINK-metrica:Home:7-P2-F140119-140120,metrica:sample-game-2,metrica:Home,metrica:Home:7,2,140119,140120,2887.1199999999999,2887.1599999999999,5604.7600000000002,5604.8000000000002,-0.63419999999999987,-0.16591999999999985,0.65554487748742252,0.03999999999996362,16.388621937200469,True,False
LINK-metrica:Home:7-P2-F140120-140121,metrica:sample-game-2,metrica:Home,metrica:Home:7,2,140120,140121,2887.1599999999999,2887.1999999999998,5604.8000000000002,5604.8400000000001,0.53339999999999321,1.0444799999999965,1.1727975231897385,0.03999999999996362,29.319938079770129,True,True
LINK-metrica:Home:7-P2-F140121-140122,metrica:sample-game-2,metrica:Home,metrica:Home:7,2,140121,140122,2887.1999999999998,2887.2399999999998,5604.8400000000001,5604.8800000000001,-0.27509999999999479,0.36855999999999867,0.45990921234521509,0.03999999999996362,11.497730308640834,True,False
LINK-metrica:Home:8-P1-F6-7,metrica:sample-game-2,metrica:Home,metrica:Home:8,1,6,7,0.23999999999999999,0.28000000000000003,0.23999999999999999,0.28000000000000003,-0.25515000000000043,-1.468119999999999,1.4901267922227279,0.040000000000000036,37.253169805568163,True,True
LINK-metrica:Home:8-P1-F1549-1550,metrica:sample-game-2,metrica:Home,metrica:Home:8,1,1549,1550,61.960000000000001,62,61.960000000000001,62,-0.33074999999999477,-0.40324000000000026,0.52153433261866544,0.039999999999999147,13.038358315466914,True,False
LINK-metrica:Home:8-P1-F1550-1551,metrica:sample-game-2,metrica:Home,metrica:Home:8,1,1550,1551,62,62.039999999999999,62,62.039999999999999,-0.32655000000001166,-0.39983999999999753,0.51624309012325353,0.039999999999999147,12.906077253081614,True,False
LINK-metrica:Home:8-P1-F1551-1552,metrica:sample-game-2,metrica:Home,metrica:Home:8,1,1551,1552,62.039999999999999,62.079999999999998,62.039999999999999,62.079999999999998,-0.32339999999999236,-0.39576000000000278,0.51109053757626666,0.039999999999999147,12.777263439406939,True,False
LINK-metrica:Home:8-P1-F1552-1553,metrica:sample-game-2,metrica:Home,metrica:Home:8,1,1552,1553,62.079999999999998,62.119999999999997,62.079999999999998,62.119999999999997,-0.32130000000000791,-0.39235999999999649,0.50712923362788143,0.039999999999999147,12.678230840697307,True,False
LINK-metrica:Home:8-P1-F1553-1554,metrica:sample-game-2,metrica:Home,metrica:Home:8,1,1553,1554,62.119999999999997,62.159999999999997,62.119999999999997,62.159999999999997,-0.31709999999999638,-0.38828000000000884,0.50131204693285059,0.039999999999999147,12.532801173321532,True,False
LINK-metrica:Home:8-P1-F1554-1555,metrica:sample-game-2,metrica:Home,metrica:Home:8,1,1554,1555,62.159999999999997,62.200000000000003,62.159999999999997,62.200000000000003,-0.31499999999999773,-0.38419999999999277,0.49682455655894564,0.040000000000006253,12.4206139139717,True,False
LINK-metrica:Home:8-P1-F12967-12968,metrica:sample-game-2,metrica:Home,metrica:Home:8,1,12967,12968,518.67999999999995,518.72000000000003,518.67999999999995,518.72000000000003,0.34335000000000093,-0.25024000000000513,0.42486383712903031,0.040000000000077307,10.621595928205229,True,False
LINK-metrica:Home:8-P1-F12968-12969,metrica:sample-game-2,metrica:Home,metrica:Home:8,1,12968,12969,518.72000000000003,518.75999999999999,518.72000000000003,518.75999999999999,0.52185000000000059,-0.87991999999999138,1.0230281662300338,0.03999999999996362,25.575704155774105,True,True
LINK-metrica:Home:8-P1-F12969-12970,metrica:sample-game-2,metrica:Home,metrica:Home:8,1,12969,12970,518.75999999999999,518.79999999999995,518.75999999999999,518.79999999999995,1.7524499999999961,-4.4540000000000077,4.7863552942191889,0.03999999999996362,119.65888235558855,True,True
LINK-metrica:Home:8-P1-F12970-12971,metrica:sample-game-2,metrica:Home,metrica:Home:8,1,12970,12971,518.79999999999995,518.84000000000003,518.79999999999995,518.84000000000003,-0.076650000000000773,-0.47668000000000177,0.48280331906481527,0.040000000000077307,12.070082976597055,True,False
LINK-metrica:Home:8-P1-F12971-12972,metrica:sample-game-2,metrica:Home,metrica:Home:8,1,12971,12972,518.84000000000003,518.88,518.84000000000003,518.88,-0.075599999999994338,-0.47191999999999723,0.4779370736822961,0.03999999999996362,11.948426842068269,True,False
LINK-metrica:Home:8-P1-F12972-12973,metrica:sample-game-2,metrica:Home,metrica:Home:8,1,12972,12973,518.88,518.91999999999996,518.88,518.91999999999996,-0.075600000000001444,-0.46783999999999537,0.47390887900523232,0.03999999999996362,11.847721975141583,True,False
LINK-metrica:Home:8-P1-F12973-12974,metrica:sample-game-2,metrica:Home,metrica:Home:8,1,12973,12974,518.91999999999996,518.96000000000004,518.91999999999996,518.96000000000004,-0.073500000000002785,-0.46308000000000504,0.46887667504366765,0.040000000000077307,11.721916876069036,True,False
LINK-metrica:Home:8-P1-F12974-12975,metrica:sample-game-2,metrica:Home,metrica:Home:8,1,12974,12975,518.96000000000004,519,518.96000000000004,519,-0.074550000000002115,-0.45968000000000586,0.46568595093690096,0.03999999999996362,11.642148773433112,True,False
LINK-metrica:Home:8-P1-F12975-12976,metrica:sample-game-2,metrica:Home,metrica:Home:8,1,12975,12976,519,519.03999999999996,519,519.03999999999996,-0.072449999999996351,-0.45491999999998711,0.46065302441207062,0.03999999999996362,11.51632561031224,True,False
LINK-metrica:Home:8-P2-F67947-67948,metrica:sample-game-2,metrica:Home,metrica:Home:8,2,67947,67948,0.23999999999999999,0.28000000000000003,2717.8800000000001,2717.9200000000001,-0.46829999999999927,-3.4272000000000062,3.459046795000039,0.03999999999996362,86.47616987507962,True,True
LINK-metrica:Home:8-P2-F67948-67949,metrica:sample-game-2,metrica:Home,metrica:Home:8,2,67948,67949,0.28000000000000003,0.32000000000000001,2717.9200000000001,2717.96,-0.092400000000004923,-0.63375999999999522,0.64046037941467926,0.03999999999996362,16.011509485381545,True,False
LINK-metrica:Home:8-P2-F73195-73196,metrica:sample-game-2,metrica:Home,metrica:Home:8,2,73195,73196,210.16,210.19999999999999,2927.8000000000002,2927.8400000000001,-0.28664999999999807,0.6113200000000063,0.67518913268802438,0.03999999999996362,16.87972831721596,True,False
LINK-metrica:Home:8-P2-F73196-73197,metrica:sample-game-2,metrica:Home,metrica:Home:8,2,73196,73197,210.19999999999999,210.24000000000001,2927.8400000000001,2927.8800000000001,-1.1728499999999968,3.3102399999999932,3.5118749949421528,0.03999999999996362,87.796874873633669,True,True
LINK-metrica:Home:8-P2-F73197-73198,metrica:sample-game-2,metrica:Home,metrica:Home:8,2,73197,73198,210.24000000000001,210.28,2927.8800000000001,2927.9200000000001,0.055649999999999977,-0.70447999999999666,0.70667460185009856,0.03999999999996362,17.666865046268533,True,False
LINK-metrica:Home:8-P2-F73198-73199,metrica:sample-game-2,metrica:Home,metrica:Home:8,2,73198,73199,210.28,210.31999999999999,2927.9200000000001,2927.96,0.054599999999993543,-0.69563999999999737,0.69777945627540205,0.03999999999996362,17.444486406900918,True,False
LINK-metrica:Home:8-P2-F73199-73200,metrica:sample-game-2,metrica:Home,metrica:Home:8,2,73199,73200,210.31999999999999,210.36000000000001,2927.96,2928,0.054600000000000648,-0.68816000000000344,0.69032263877117983,0.03999999999996362,17.258065969295192,True,False
LINK-metrica:Home:8-P2-F73200-73201,metrica:sample-game-2,metrica:Home,metrica:Home:8,2,73200,73201,210.36000000000001,210.40000000000001,2928,2928.04,0.053550000000001319,-0.67999999999999972,0.68210527230039775,0.03999999999996362,17.052631807525454,True,False
LINK-metrica:Home:8-P2-F73201-73202,metrica:sample-game-2,metrica:Home,metrica:Home:8,2,73201,73202,210.40000000000001,210.44,2928.04,2928.0799999999999,0.053549999999994213,-0.6718400000000031,0.67397076205129514,0.03999999999996362,16.849269051297703,True,False
LINK-metrica:Home:8-P2-F73202-73203,metrica:sample-game-2,metrica:Home,metrica:Home:8,2,73202,73203,210.44,210.47999999999999,2928.0799999999999,2928.1199999999999,0.052500000000009095,-0.66367999999999938,0.66575325188841561,0.03999999999996362,16.643831297225528,True,False
LINK-metrica:Home:8-P2-F74768-74769,metrica:sample-game-2,metrica:Home,metrica:Home:8,2,74768,74769,273.07999999999998,273.12,2990.7199999999998,2990.7600000000002,0.47145000000000437,0.56235999999999819,0.73383504420271595,0.040000000000418368,18.345876104876016,True,False
LINK-metrica:Home:8-P2-F86124-86125,metrica:sample-game-2,metrica:Home,metrica:Home:8,2,86124,86125,727.32000000000005,727.36000000000001,3444.96,3445,-0.45465000000000089,-0.027879999999999683,0.45550402511942834,0.03999999999996362,11.387600627996065,True,False
LINK-metrica:Home:8-P2-F86125-86126,metrica:sample-game-2,metrica:Home,metrica:Home:8,2,86125,86126,727.36000000000001,727.39999999999998,3445,3445.04,-0.45360000000000156,-0.027199999999997004,0.45441478849174927,0.03999999999996362,11.360369712304063,True,False
LINK-metrica:Home:8-P2-F86126-86127,metrica:sample-game-2,metrica:Home,metrica:Home:8,2,86126,86127,727.39999999999998,727.44000000000005,3445.04,3445.0799999999999,-0.45359999999999445,-0.027880000000003236,0.45445599831006206,0.03999999999996362,11.361399957761884,True,False
LINK-metrica:Home:8-P2-F86127-86128,metrica:sample-game-2,metrica:Home,metrica:Home:8,2,86127,86128,727.44000000000005,727.48000000000002,3445.0799999999999,3445.1199999999999,-0.45255000000000223,-0.027879999999999683,0.45340798063113313,0.03999999999996362,11.335199515788638,True,False
LINK-metrica:Home:8-P2-F86128-86129,metrica:sample-game-2,metrica:Home,metrica:Home:8,2,86128,86129,727.48000000000002,727.51999999999998,3445.1199999999999,3445.1599999999999,-0.45360000000000156,-0.027879999999992577,0.4544559983100685,0.03999999999996362,11.361399957762046,True,False
LINK-metrica:Home:8-P2-F86129-86130,metrica:sample-game-2,metrica:Home,metrica:Home:8,2,86129,86130,727.51999999999998,727.55999999999995,3445.1599999999999,3445.1999999999998,-0.4515000000000029,-0.027200000000007662,0.45231857136315223,0.03999999999996362,11.30796428408909,True,False
LINK-metrica:Home:8-P2-F86435-86436,metrica:sample-game-2,metrica:Home,metrica:Home:8,2,86435,86436,739.75999999999999,739.79999999999995,3457.4000000000001,3457.4400000000001,0.17744999999999678,0.92071999999999932,0.93766402346469369,0.03999999999996362,23.441600586638661,True,True
LINK-metrica:Home:8-P2-F86436-86437,metrica:sample-game-2,metrica:Home,metrica:Home:8,2,86436,86437,739.79999999999995,739.84000000000003,3457.4400000000001,3457.48,0.1816500000000012,0.94111999999999796,0.95849025915759656,0.03999999999996362,23.962256478961706,True,True
LINK-metrica:Home:8-P2-F86437-86438,metrica:sample-game-2,metrica:Home,metrica:Home:8,2,86437,86438,739.84000000000003,739.88,3457.48,3457.52,0.18584999999999852,0.96219999999999928,0.97998421543410486,0.03999999999996362,24.499605385874904,True,True
LINK-metrica:Home:8-P2-F86438-86439,metrica:sample-game-2,metrica:Home,metrica:Home:8,2,86438,86439,739.88,739.91999999999996,3457.52,3457.5599999999999,0.19005000000000294,0.98531999999999798,1.0034811930973082,0.03999999999996362,25.08702982745552,True,True
LINK-metrica:Home:8-P2-F86439-86440,metrica:sample-game-2,metrica:Home,metrica:Home:8,2,86439,86440,739.91999999999996,739.96000000000004,3457.5599999999999,3457.5999999999999,0.1942499999999967,1.0077600000000047,1.0263105183617716,0.03999999999996362,25.657762959067625,True,True
LINK-metrica:Home:8-P2-F86440-86441,metrica:sample-game-2,metrica:Home,metrica:Home:8,2,86440,86441,739.96000000000004,740,3457.5999999999999,3457.6399999999999,0.19845000000000113,1.0315599999999989,1.0504753381683922,0.03999999999996362,26.26188345423369,True,True
LINK-metrica:Home:8-P2-F95738-95739,metrica:sample-game-2,metrica:Home,metrica:Home:8,2,95738,95739,1111.8800000000001,1111.9200000000001,3829.52,3829.5599999999999,0.70559999999998979,0.6310399999999845,0.94661652299120902,0.03999999999996362,23.665413074801748,True,True
LINK-metrica:Home:8-P2-F95739-95740,metrica:sample-game-2,metrica:Home,metrica:Home:8,2,95739,95740,1111.9200000000001,1111.96,3829.5599999999999,3829.5999999999999,0.71295000000000641,0.63784000000001129,0.95662822878066045,0.03999999999996362,23.915705719538263,True,True
LINK-metrica:Home:8-P2-F95740-95741,metrica:sample-game-2,metrica:Home,metrica:Home:8,2,95740,95741,1111.96,1112,3829.5999999999999,3829.6399999999999,0.72029999999999461,0.64463999999999544,0.96663996379209682,0.03999999999996362,24.1659990948244,True,True
LINK-metrica:Home:8-P2-F95741-95742,metrica:sample-game-2,metrica:Home,metrica:Home:8,2,95741,95742,1112,1112.04,3829.6399999999999,3829.6799999999998,0.72765000000001123,0.65211999999999648,0.97710542773029962,0.03999999999996362,24.427635693279708,True,True
LINK-metrica:Home:8-P2-F95742-95743,metrica:sample-game-2,metrica:Home,metrica:Home:8,2,95742,95743,1112.04,1112.0799999999999,3829.6799999999998,3829.7199999999998,0.73604999999999166,0.65824000000000638,0.98744594793841556,0.03999999999996362,24.686148698482842,True,True
LINK-metrica:Home:8-P2-F95743-95744,metrica:sample-game-2,metrica:Home,metrica:Home:8,2,95743,95744,1112.0799999999999,1112.1199999999999,3829.7199999999998,3829.7600000000002,0.7444500000000005,0.66571999999999321,0.99869360711881583,0.040000000000418368,24.967340177709257,True,True
LINK-metrica:Home:9-P1-F6-7,metrica:sample-game-2,metrica:Home,metrica:Home:9,1,6,7,0.23999999999999999,0.28000000000000003,0.23999999999999999,0.28000000000000003,-0.26249999999999574,-2.3609599999999986,2.3755080238972024,0.040000000000000036,59.387700597430005,True,True
LINK-metrica:Home:9-P1-F7-8,metrica:sample-game-2,metrica:Home,metrica:Home:9,1,7,8,0.28000000000000003,0.32000000000000001,0.28000000000000003,0.32000000000000001,-0.048299999999997567,-0.41819999999999879,0.42097996389376863,0.03999999999999998,10.52449909734422,True,False
LINK-metrica:Home:9-P1-F13172-13173,metrica:sample-game-2,metrica:Home,metrica:Home:9,1,13172,13173,526.88,526.91999999999996,526.88,526.91999999999996,0.100799999999996,0.71127999999999503,0.71838699765515812,0.03999999999996362,17.959674941395289,True,False
LINK-metrica:Home:9-P1-F13173-13174,metrica:sample-game-2,metrica:Home,metrica:Home:9,1,13173,13174,526.91999999999996,526.96000000000004,526.91999999999996,526.96000000000004,0.10080000000000311,0.72147999999999968,0.72848749501964694,0.040000000000077307,18.212187375455976,True,False
LINK-metrica:Home:9-P1-F13174-13175,metrica:sample-game-2,metrica:Home,metrica:Home:9,1,13174,13175,526.96000000000004,527,526.96000000000004,527,0.1039500000000011,0.73168000000000433,0.73902721526342086,0.03999999999996362,18.475680381602324,True,False
LINK-metrica:Home:9-P1-F13175-13176,metrica:sample-game-2,metrica:Home,metrica:Home:9,1,13175,13176,527,527.03999999999996,527,527.03999999999996,0.1039500000000011,0.74255999999999744,0.74980061089598771,0.03999999999996362,18.74501527241674,True,False
LINK-metrica:Home:9-P1-F13176-13177,metrica:sample-game-2,metrica:Home,metrica:Home:9,1,13176,13177,527.03999999999996,527.08000000000004,527.03999999999996,527.08000000000004,0.10604999999999976,0.75276000000000209,0.76019354121171212,0.040000000000077307,19.004838530256073,True,False
LINK-metrica:Home:9-P1-F13177-13178,metrica:sample-game-2,metrica:Home,metrica:Home:9,1,13177,13178,527.08000000000004,527.12,527.08000000000004,527.12,0.10709999999999553,0.76363999999999521,0.77111377863450981,0.03999999999996362,19.277844465880278,True,False
LINK-metrica:Home:9-P1-F16684-16685,metrica:sample-game-2,metrica:Home,metrica:Home:9,1,16684,16685,667.36000000000001,667.39999999999998,667.36000000000001,667.39999999999998,0.26040000000000418,-0.71603999999999246,0.76191957685833966,0.03999999999996362,19.047989421475815,True,False
LINK-metrica:Home:9-P1-F16685-16686,metrica:sample-game-2,metrica:Home,metrica:Home:9,1,16685,16686,667.39999999999998,667.44000000000005,667.39999999999998,667.44000000000005,0.25724999999999909,-0.70515999999999934,0.75061853700797887,0.040000000000077307,18.765463425163205,True,False
LINK-metrica:Home:9-P1-F16686-16687,metrica:sample-game-2,metrica:Home,metrica:Home:9,1,16686,16687,667.44000000000005,667.48000000000002,667.44000000000005,667.48000000000002,0.2541000000000011,-0.69292000000000087,0.73804128366914656,0.03999999999996362,18.451032091745446,True,False
LINK-metrica:Home:9-P1-F16687-16688,metrica:sample-game-2,metrica:Home,metrica:Home:9,1,16687,16688,667.48000000000002,667.51999999999998,667.48000000000002,667.51999999999998,0.24884999999999735,-0.68272000000000688,0.72665873757907029,0.03999999999996362,18.166468439493279,True,False
LINK-metrica:Home:9-P1-F16688-16689,metrica:sample-game-2,metrica:Home,metrica:Home:9,1,16688,16689,667.51999999999998,667.55999999999995,667.51999999999998,667.55999999999995,0.24465000000000003,-0.67183999999999955,0.71499832734070046,0.03999999999996362,17.874958183533767,True,False
LINK-metrica:Home:9-P1-F16689-16690,metrica:sample-game-2,metrica:Home,metrica:Home:9,1,16689,16690,667.55999999999995,667.60000000000002,667.55999999999995,667.60000000000002,0.24150000000000205,-0.66163999999999845,0.70433638241964958,0.040000000000077307,17.608409560457208,True,False
LINK-metrica:Home:9-P1-F19422-19423,metrica:sample-game-2,metrica:Home,metrica:Home:9,1,19422,19423,776.88,776.91999999999996,776.88,776.91999999999996,0.087150000000008276,0.75411999999999679,0.75913904977941726,0.03999999999996362,18.978476244502691,True,False
LINK-metrica:Home:9-P1-F19423-19424,metrica:sample-game-2,metrica:Home,metrica:Home:9,1,19423,19424,776.91999999999996,776.96000000000004,776.91999999999996,776.96000000000004,0.089249999999992724,0.76772000000000062,0.7728903938463717,0.040000000000077307,19.322259846121948,True,False
LINK-metrica:Home:9-P1-F19424-19425,metrica:sample-game-2,metrica:Home,metrica:Home:9,1,19424,19425,776.96000000000004,777,776.96000000000004,777,0.091350000000005593,0.78200000000000358,0.78731748519895495,0.03999999999996362,19.682937129991775,True,False
LINK-metrica:Home:9-P1-F19425-19426,metrica:sample-game-2,metrica:Home,metrica:Home:9,1,19425,19426,777,777.03999999999996,777,777.03999999999996,0.092399999999997817,0.79695999999999856,0.80229857384891157,0.03999999999996362,20.05746434624103,True,True
LINK-metrica:Home:9-P1-F19426-19427,metrica:sample-game-2,metrica:Home,metrica:Home:9,1,19426,19427,777.03999999999996,777.08000000000004,777.03999999999996,777.08000000000004,0.094500000000010687,0.81123999999999796,0.81672552770193163,0.040000000000077307,20.418138192508827,True,True
LINK-metrica:Home:9-P1-F19427-19428,metrica:sample-game-2,metrica:Home,metrica:Home:9,1,19427,19428,777.08000000000004,777.12,777.08000000000004,777.12,0.0955499999999887,0.82688000000000272,0.83238232615787944,0.03999999999996362,20.809558153965913,True,True
LINK-metrica:Home:9-P1-F20123-20124,metrica:sample-game-2,metrica:Home,metrica:Home:9,1,20123,20124,804.91999999999996,804.96000000000004,804.91999999999996,804.96000000000004,-0.1270500000000041,-0.49028000000000205,0.50647426479536262,0.040000000000077307,12.661856619859595,True,False
LINK-metrica:Home:9-P1-F34601-34602,metrica:sample-game-2,metrica:Home,metrica:Home:9,1,34601,34602,1384.04,1384.0799999999999,1384.04,1384.0799999999999,-0.20370000000000488,0.46716000000000335,0.50963924063989141,0.03999999999996362,12.740981016008874,True,False
LINK-metrica:Home:9-P2-F67949-67950,metrica:sample-game-2,metrica:Home,metrica:Home:9,2,67949,67950,0.32000000000000001,0.35999999999999999,2717.96,2718,3.2938499999999991,0.014280000000002957,3.2938809542695973,0.03999999999996362,82.347023856814829,True,True
LINK-metrica:Home:9-P2-F67950-67951,metrica:sample-game-2,metrica:Home,metrica:Home:9,2,67950,67951,0.35999999999999999,0.40000000000000002,2718,2718.04,3.2949000000000055,0.014960000000002083,3.2949339616447606,0.03999999999996362,82.373349041193933,True,True
LINK-metrica:Home:9-P2-F67951-67952,metrica:sample-game-2,metrica:Home,metrica:Home:9,2,67951,67952,0.40000000000000002,0.44,2718.04,2718.0799999999999,3.296999999999997,0.014279999999992299,3.2970309246957301,0.03999999999996362,82.425773117468225,True,True
LINK-metrica:Home:9-P2-F67952-67953,metrica:sample-game-2,metrica:Home,metrica:Home:9,2,67952,67953,0.44,0.47999999999999998,2718.0799999999999,2718.1199999999999,3.2991000000000028,0.01428000000000651,3.2991309050112001,0.03999999999996362,82.478272625355018,True,True
LINK-metrica:Home:9-P2-F67953-67954,metrica:sample-game-2,metrica:Home,metrica:Home:9,2,67953,67954,0.47999999999999998,0.52000000000000002,2718.1199999999999,2718.1599999999999,3.3001500000000021,0.014279999999992299,3.3001808951783258,0.03999999999996362,82.504522379533185,True,True
LINK-metrica:Home:9-P2-F67954-67955,metrica:sample-game-2,metrica:Home,metrica:Home:9,2,67954,67955,0.52000000000000002,0.56000000000000005,2718.1599999999999,2718.1999999999998,3.3033000000000001,0.014960000000002083,3.3033338752841805,0.03999999999996362,82.583346882179626,True,True
LINK-metrica:Home:9-P2-F74337-74338,metrica:sample-game-2,metrica:Home,metrica:Home:9,2,74337,74338,255.84,255.88,2973.48,2973.52,-0.2079000000000093,0.49912000000000134,0.54068769580970233,0.03999999999996362,13.517192395254852,True,False
LINK-metrica:Home:9-P2-F74338-74339,metrica:sample-game-2,metrica:Home,metrica:Home:9,2,74338,74339,255.88,255.91999999999999,2973.52,2973.5599999999999,-0.20999999999999375,0.50728000000000151,0.54902914166736072,0.03999999999996362,13.725728541696501,True,False
LINK-metrica:Home:9-P2-F74339-74340,metrica:sample-game-2,metrica:Home,metrica:Home:9,2,74339,74340,255.91999999999999,255.96000000000001,2973.5599999999999,2973.5999999999999,-0.21420000000000528,0.5161200000000008,0.55880362776202797,0.03999999999996362,13.970090694063405,True,False
LINK-metrica:Home:9-P2-F74340-74341,metrica:sample-game-2,metrica:Home,metrica:Home:9,2,74340,74341,255.96000000000001,256,2973.5999999999999,2973.6399999999999,-0.21734999999999616,0.52495999999999299,0.56817605026962459,0.03999999999996362,14.204401256753533,True,False
LINK-metrica:Home:9-P2-F74341-74342,metrica:sample-game-2,metrica:Home,metrica:Home:9,2,74341,74342,256,256.04000000000002,2973.6399999999999,2973.6799999999998,-0.22154999999999347,0.53380000000000294,0.57795055368084924,0.03999999999996362,14.448763842034372,True,False
LINK-metrica:Home:9-P2-F74342-74343,metrica:sample-game-2,metrica:Home,metrica:Home:9,2,74342,74343,256.04000000000002,256.07999999999998,2973.6799999999998,2973.7199999999998,-0.22470000000001278,0.54264000000000223,0.58732296021865871,0.03999999999996362,14.683074005479822,True,False
LINK-metrica:Home:9-P2-F74611-74612,metrica:sample-game-2,metrica:Home,metrica:Home:9,2,74611,74612,266.80000000000001,266.83999999999997,2984.4400000000001,2984.48,0.80534999999999002,-0.083640000000006154,0.80968158685991187,0.03999999999996362,20.242039671516206,True,True
LINK-metrica:Home:9-P2-F74612-74613,metrica:sample-game-2,metrica:Home,metrica:Home:9,2,74612,74613,266.83999999999997,266.88,2984.48,2984.52,0.80219999999999914,-0.083639999999995496,0.80654850418310109,0.03999999999996362,20.163712604595865,True,True
LINK-metrica:Home:9-P2-F74613-74614,metrica:sample-game-2,metrica:Home,metrica:Home:9,2,74613,74614,266.88,266.92000000000002,2984.52,2984.5599999999999,0.80010000000000048,-0.083640000000002601,0.80445985580388113,0.03999999999996362,20.111496395115321,True,True
LINK-metrica:Home:9-P2-F74614-74615,metrica:sample-game-2,metrica:Home,metrica:Home:9,2,74614,74615,266.92000000000002,266.95999999999998,2984.5599999999999,2984.5999999999999,0.79800000000000182,-0.083639999999999048,0.80237126668394776,0.03999999999996362,20.059281667116938,True,True
LINK-metrica:Home:9-P2-F74615-74616,metrica:sample-game-2,metrica:Home,metrica:Home:9,2,74615,74616,266.95999999999998,267,2984.5999999999999,2984.6399999999999,0.79590000000000316,-0.082959999999999923,0.80021195417214619,0.03999999999996362,20.00529885432185,True,True
LINK-metrica:Home:9-P2-F74616-74617,metrica:sample-game-2,metrica:Home,metrica:Home:9,2,74616,74617,267,267.04000000000002,2984.6399999999999,2984.6799999999998,0.7938000000000045,-0.082959999999999923,0.7981232997476061,0.03999999999996362,19.953082493708301,True,False
