period,time_period_s,time_match_s,player_key,attacking_team,defending_team,reason
1,4.04,4.04,metrica:Away:15,metrica:Away,metrica:Home,restart_or_ball_out_primary_span
1,4.04,4.04,metrica:Away:16,metrica:Away,metrica:Home,restart_or_ball_out_primary_span
1,4.04,4.04,metrica:Away:17,metrica:Away,metrica:Home,restart_or_ball_out_primary_span
1,4.04,4.04,metrica:Away:18,metrica:Away,metrica:Home,restart_or_ball_out_primary_span
1,4.04,4.04,metrica:Away:19,metrica:Away,metrica:Home,restart_or_ball_out_primary_span
1,4.04,4.04,metrica:Away:20,metrica:Away,metrica:Home,restart_or_ball_out_primary_span
1,4.04,4.04,metrica:Away:21,metrica:Away,metrica:Home,restart_or_ball_out_primary_span
1,4.04,4.04,metrica:Away:22,metrica:Away,metrica:Home,restart_or_ball_out_primary_span
1,4.04,4.04,metrica:Away:23,metrica:Away,metrica:Home,restart_or_ball_out_primary_span
1,4.04,4.04,metrica:Away:24,metrica:Away,metrica:Home,restart_or_ball_out_primary_span
1,4.04,4.04,metrica:Away:26,metrica:Away,metrica:Home,restart_or_ball_out_primary_span
1,4.04,4.04,metrica:Away:27,metrica:Away,metrica:Home,restart_or_ball_out_primary_span
1,4.04,4.04,metrica:Away:28,metrica:Away,metrica:Home,restart_or_ball_out_primary_span
1,8.04,8.04,metrica:Away:26,metrica:Away,metrica:Home,attacker_exposure_unavailable
1,8.04,8.04,metrica:Away:27,metrica:Away,metrica:Home,attacker_exposure_unavailable
1,8.04,8.04,metrica:Away:28,metrica:Away,metrica:Home,attacker_exposure_unavailable
1,12.04,12.04,metrica:Away:26,metrica:Away,metrica:Home,attacker_exposure_unavailable
1,12.04,12.04,metrica:Away:27,metrica:Away,metrica:Home,attacker_exposure_unavailable
1,12.04,12.04,metrica:Away:28,metrica:Away,metrica:Home,attacker_exposure_unavailable
1,16.04,16.04,metrica:Home:12,metrica:Home,metrica:Away,attacker_exposure_unavailable
1,16.04,16.04,metrica:Home:13,metrica:Home,metrica:Away,attacker_exposure_unavailable
1,16.04,16.04,metrica:Home:14,metrica:Home,metrica:Away,attacker_exposure_unavailable
1,20.04,20.04,metrica:Home:12,metrica:Home,metrica:Away,attacker_exposure_unavailable
1,20.04,20.04,metrica:Home:13,metrica:Home,metrica:Away,attacker_exposure_unavailable
1,20.04,20.04,metrica:Home:14,metrica:Home,metrica:Away,attacker_exposure_unavailable
1,24.04,24.04,metrica:Home:12,metrica:Home,metrica:Away,attacker_exposure_unavailable
1,24.04,24.04,metrica:Home:13,metrica:Home,metrica:Away,attacker_exposure_unavailable
1,24.04,24.04,metrica:Home:14,metrica:Home,metrica:Away,attacker_exposure_unavailable
1,28.04,28.04,metrica:Away:26,metrica:Away,metrica:Home,attacker_exposure_unavailable
1,28.04,28.04,metrica:Away:27,metrica:Away,metrica:Home,attacker_exposure_unavailable
1,28.04,28.04,metrica:Away:28,metrica:Away,metrica:Home,attacker_exposure_unavailable
1,32.04,32.04,metrica:Away:26,metrica:Away,metrica:Home,attacker_exposure_unavailable
1,32.04,32.04,metrica:Away:27,metrica:Away,metrica:Home,attacker_exposure_unavailable
1,32.04,32.04,metrica:Away:28,metrica:Away,metrica:Home,attacker_exposure_unavailable
1,36.04,36.04,metrica:Away:26,metrica:Away,metrica:Home,attacker_exposure_unavailable
1,36.04,36.04,metrica:Away:27,metrica:Away,metrica:Home,attacker_exposure_unavailable
1,36.04,36.04,metrica:Away:28,metrica:Away,metrica:Home,attacker_exposure_unavailable
1,40.04,40.04,metrica:Away:26,metrica:Away,metrica:Home,attacker_exposure_unavailable
1,40.04,40.04,metrica:Away:27,metrica:Away,metrica:Home,attacker_exposure_unavailable
1,40.04,40.04,metrica:Away:28,metrica:Away,metrica:Home,attacker_exposure_unavailable
1,44.04,44.04,metrica:Away:26,metrica:Away,metrica:Home,attacker_exposure_unavailable
1,44.04,44.04,metrica:Away:27,metrica:Away,metrica:Home,attacker_exposure_unavailable
1,44.04,44.04,metrica:Away:28,metrica:Away,metrica:Home,attacker_exposure_unavailable
1,48.04,48.04,metrica:Home:12,metrica:Home,metrica:Away,attacker_exposure_unavailable
1,48.04,48.04,metrica:Home:13,metrica:Home,metrica:Away,attacker_exposure_unavailable
1,48.04,48.04,metrica:Home:14,metrica:Home,metrica:Away,attacker_exposure_unavailable
1,52.04,52.04,metrica:Home:12,metrica:Home,metrica:Away,attacker_exposure_unavailable
1,52.04,52.04,metrica:Home:13,metrica:Home,metrica:Away,attacker_exposure_unavailable
1,52.04,52.04,metrica:Home:14,metrica:Home,metrica:Away,attacker_exposure_unavailable
1,56.04,56.04,metrica:Away:15,metrica:Away,metrica:Home,restart_or_ball_out_primary_span
1,56.04,56.04,metrica:Away:16,metrica:Away,metrica:Home,restart_or_ball_out_primary_span
1,56.04,56.04,metrica:Away:17,metrica:Away,metrica:Home,restart_or_ball_out_primary_span
1,56.04,56.04,metrica:Away:18,metrica:Away,metrica:Home,restart_or_ball_out_primary_span
1,56.04,56.04,metrica:Away:19,metrica:Away,metrica:Home,restart_or_ball_out_primary_span
1,56.04,56.04,metrica:Away:20,metrica:Away,metrica:Home,restart_or_ball_out_primary_span
1,56.04,56.04,metrica:Away:21,metrica:Away,metrica:Home,restart_or_ball_out_primary_span
1,56.04,56.04,metrica:Away:22,metrica:Away,metrica:Home,restart_or_ball_out_primary_span
1,56.04,56.04,metrica:Away:23,metrica:Away,metrica:Home,restart_or_ball_out_primary_span
1,56.04,56.04,metrica:Away:24,metrica:Away,metrica:Home,restart_or_ball_out_primary_span
1,56.04,56.04,metrica:Away:26,metrica:Away,metrica:Home,restart_or_ball_out_primary_span
1,56.04,56.04,metrica:Away:27,metrica:Away,metrica:Home,restart_or_ball_out_primary_span
1,56.04,56.04,metrica:Away:28,metrica:Away,metrica:Home,restart_or_ball_out_primary_span
1,60.04,60.04,metrica:Away:26,metrica:Away,metrica:Home,attacker_exposure_unavailable
1,60.04,60.04,metrica:Away:27,metrica:Away,metrica:Home,attacker_exposure_unavailable
1,60.04,60.04,metrica:Away:28,metrica:Away,metrica:Home,attacker_exposure_unavailable
1,64.04,64.04,metrica:Away:26,metrica:Away,metrica:Home,attacker_exposure_unavailable
1,64.04,64.04,metrica:Away:27,metrica:Away,metrica:Home,attacker_exposure_unavailable
1,64.04,64.04,metrica:Away:28,metrica:Away,metrica:Home,attacker_exposure_unavailable
1,68.04,68.04,metrica:Away:26,metrica:Away,metrica:Home,attacker_exposure_unavailable
1,68.04,68.04,metrica:Away:27,metrica:Away,metrica:Home,attacker_exposure_unavailable
1,68.04,68.04,metrica:Away:28,metrica:Away,metrica:Home,attacker_exposure_unavailable
1,72.04,72.04,metrica:Away:26,metrica:Away,metrica:Home,attacker_exposure_unavailable
1,72.04,72.04,metrica:Away:27,metrica:Away,metrica:Home,attacker_exposure_unavailable
1,72.04,72.04,metrica:Away:28,metrica:Away,metrica:Home,attacker_exposure_unavailable
1,76.04,76.04,metrica:Away:26,metrica:Away,metrica:Home,attacker_exposure_unavailable
1,76.04,76.04,metrica:Away:27,metrica:Away,metrica:Home,attacker_exposure_unavailable
1,76.04,76.04,metrica:Away:28,metrica:Away,metrica:Home,attacker_exposure_unavailable
1,80.04,80.04,metrica:Away:26,metrica:Away,metrica:Home,attacker_exposure_unavailable
1,80.04,80.04,metrica:Away:27,metrica:Away,metrica:Home,attacker_exposure_unavailable
1,80.04,80.04,metrica:Away:28,metrica:Away,metrica:Home,attacker_exposure_unavailable
1,84.04,84.04,metrica:Away:15,metrica:Away,metrica:Home,restart_or_ball_out_primary_span
1,84.04,84.04,metrica:Away:16,metrica:Away,metrica:Home,restart_or_ball_out_primary_span
1,84.04,84.04,metrica:Away:17,metrica:Away,metrica:Home,restart_or_ball_out_primary_span
1,84.04,84.04,metrica:Away:18,metrica:Away,metrica:Home,restart_or_ball_out_primary_span
1,84.04,84.04,metrica:Away:19,metrica:Away,metrica:Home,restart_or_ball_out_primary_span
1,84.04,84.04,metrica:Away:20,metrica:Away,metrica:Home,restart_or_ball_out_primary_span
1,84.04,84.04,metrica:Away:21,metrica:Away,metrica:Home,restart_or_ball_out_primary_span
1,84.04,84.04,metrica:Away:22,metrica:Away,metrica:Home,restart_or_ball_out_primary_span
1,84.04,84.04,metrica:Away:23,metrica:Away,metrica:Home,restart_or_ball_out_primary_span
1,84.04,84.04,metrica:Away:24,metrica:Away,metrica:Home,restart_or_ball_out_primary_span
1,84.04,84.04,metrica:Away:26,metrica:Away,metrica:Home,restart_or_ball_out_primary_span
1,84.04,84.04,metrica:Away:27,metrica:Away,metrica:Home,restart_or_ball_out_primary_span
1,84.04,84.04,metrica:Away:28,metrica:Away,metrica:Home,restart_or_ball_out_primary_span
1,88.04,88.04,metrica:Home:1,metrica:Home,metrica:Away,restart_or_ball_out_primary_span
1,88.04,88.04,metrica:Home:10,metrica:Home,metrica:Away,restart_or_ball_out_primary_span
1,88.04,88.04,metrica:Home:12,metrica:Home,metrica:Away,restart_or_ball_out_primary_span
1,88.04,88.04,metrica:Home:13,metrica:Home,metrica:Away,restart_or_ball_out_primary_span
1,88.04,88.04,metrica:Home:14,metrica:Home,metrica:Away,restart_or_ball_out_primary_span
1,88.04,88.04,metrica:Home:2,metrica:Home,metrica:Away,restart_or_ball_out_primary_span
1,88.04,88.04,metrica:Home:3,metrica:Home,metrica:Away,restart_or_ball_out_primary_span
1,88.04,88.04,metrica:Home:4,metrica:Home,metrica:Away,restart_or_ball_out_primary_span
1,88.04,88.04,metrica:Home:5,metrica:Home,metrica:Away,restart_or_ball_out_primary_span
1,88.04,88.04,metrica:Home:6,metrica:Home,metrica:Away,restart_or_ball_out_primary_span
1,88.04,88.04,metrica:Home:7,metrica:Home,metrica:Away,restart_or_ball_out_primary_span
1,88.04,88.04,metrica:Home:8,metrica:Home,metrica:Away,restart_or_ball_out_primary_span
1,88.04,88.04,metrica:Home:9,metrica:Home,metrica:Away,restart_or_ball_out_primary_span
1,92.04,92.04,metrica:Home:12,metrica:Home,metrica:Away,attacker_exposure_unavailable
1,92.04,92.04,metrica:Home:13,metrica:Home,metrica:Away,attacker_exposure_unavailable
1,92.04,92.04,metrica:Home:14,metrica:Home,metrica:Away,attacker_exposure_unavailable
1,96.04,96.04,metrica:Home:12,metrica:Home,metrica:Away,attacker_exposure_unavailable
1,96.04,96.04,metrica:Home:13,metrica:Home,metrica:Away,attacker_exposure_unavailable
1,96.04,96.04,metrica:Home:14,metrica:Home,metrica:Away,attacker_exposure_unavailable
1,100.04,100.04,metrica:Home:12,metrica:Home,metrica:Away,attacker_exposure_unavailable
1,100.04,100.04,metrica:Home:13,metrica:Home,metrica:Away,attacker_exposure_unavailable
1,100.04,100.04,metrica:Home:14,metrica:Home,metrica:Away,attacker_exposure_unavailable
1,104.04,104.04,metrica:Home:12,metrica:Home,metrica:Away,attacker_exposure_unavailable
1,104.04,104.04,metrica:Home:13,metrica:Home,metrica:Away,attacker_exposure_unavailable
1,104.04,104.04,metrica:Home:14,metrica:Home,metrica:Away,attacker_exposure_unavailable
1,108.04,108.04,metrica:Home:12,metrica:Home,metrica:Away,attacker_exposure_unavailable
1,108.04,108.04,metrica:Home:13,metrica:Home,metrica:Away,attacker_exposure_unavailable
1,108.04,108.04,metrica:Home:14,metrica:Home,metrica:Away,attacker_exposure_unavailable
1,112.04,112.04,metrica:Home:12,metrica:Home,metrica:Away,attacker_exposure_unavailable
1,112.04,112.04,metrica:Home:13,metrica:Home,metrica:Away,attacker_exposure_unavailable
1,112.04,112.04,metrica:Home:14,metrica:Home,metrica:Away,attacker_exposure_unavailable
1,116.04,116.04,metrica:Home:10,metrica:Home,metrica:Away,attacker_full_support_unavailable
1,116.04,116.04,metrica:Home:12,metrica:Home,metrica:Away,attacker_exposure_unavailable
1,116.04,116.04,metrica:Home:13,metrica:Home,metrica:Away,attacker_exposure_unavailable
1,116.04,116.04,metrica:Home:14,metrica:Home,metrica:Away,attacker_exposure_unavailable
1,120.04,120.04,metrica:Home:10,metrica:Home,metrica:Away,attacker_full_support_unavailable
1,120.04,120.04,metrica:Home:12,metrica:Home,metrica:Away,attacker_exposure_unavailable
1,120.04,120.04,metrica:Home:13,metrica:Home,metrica:Away,attacker_exposure_unavailable
1,120.04,120.04,metrica:Home:14,metrica:Home,metrica:Away,attacker_exposure_unavailable
1,124.04,124.04,metrica:Home:12,metrica:Home,metrica:Away,attacker_exposure_unavailable
1,124.04,124.04,metrica:Home:13,metrica:Home,metrica:Away,attacker_exposure_unavailable
1,124.04,124.04,metrica:Home:14,metrica:Home,metrica:Away,attacker_exposure_unavailable
1,128.04,128.04,metrica:Home:12,metrica:Home,metrica:Away,attacker_exposure_unavailable
1,128.04,128.04,metrica:Home:13,metrica:Home,metrica:Away,attacker_exposure_unavailable
1,128.04,128.04,metrica:Home:14,metrica:Home,metrica:Away,attacker_exposure_unavailable
1,132.04,132.04,metrica:Home:12,metrica:Home,metrica:Away,attacker_exposure_unavailable
1,132.04,132.04,metrica:Home:13,metrica:Home,metrica:Away,attacker_exposure_unavailable
1,132.04,132.04,metrica:Home:14,metrica:Home,metrica:Away,attacker_exposure_unavailable
1,136.04,136.04,metrica:Home:12,metrica:Home,metrica:Away,attacker_exposure_unavailable
1,136.04,136.04,metrica:Home:13,metrica:Home,metrica:Away,attacker_exposure_unavailable
1,136.04,136.04,metrica:Home:14,metrica:Home,metrica:Away,attacker_exposure_unavailable
1,140.04,140.04,metrica:Home:12,metrica:Home,metrica:Away,attacker_exposure_unavailable
1,140.04,140.04,metrica:Home:13,metrica:Home,metrica:Away,attacker_exposure_unavailable
1,140.04,140.04,metrica:Home:14,metrica:Home,metrica:Away,attacker_exposure_unavailable
1,144.04,144.04,metrica:Home:12,metrica:Home,metrica:Away,attacker_exposure_unavailable
1,144.04,144.04,metrica:Home:13,metrica:Home,metrica:Away,attacker_exposure_unavailable
1,144.04,144.04,metrica:Home:14,metrica:Home,metrica:Away,attacker_exposure_unavailable
1,148.04,148.04,metrica:Away:15,metrica:Away,metrica:Home,restart_or_ball_out_primary_span
1,148.04,148.04,metrica:Away:16,metrica:Away,metrica:Home,restart_or_ball_out_primary_span
1,148.04,148.04,metrica:Away:17,metrica:Away,metrica:Home,restart_or_ball_out_primary_span
1,148.04,148.04,metrica:Away:18,metrica:Away,metrica:Home,restart_or_ball_out_primary_span
1,148.04,148.04,metrica:Away:19,metrica:Away,metrica:Home,restart_or_ball_out_primary_span
1,148.04,148.04,metrica:Away:20,metrica:Away,metrica:Home,restart_or_ball_out_primary_span
1,148.04,148.04,metrica:Away:21,metrica:Away,metrica:Home,restart_or_ball_out_primary_span
1,148.04,148.04,metrica:Away:22,metrica:Away,metrica:Home,restart_or_ball_out_primary_span
1,148.04,148.04,metrica:Away:23,metrica:Away,metrica:Home,restart_or_ball_out_primary_span
1,148.04,148.04,metrica:Away:24,metrica:Away,metrica:Home,restart_or_ball_out_primary_span
1,148.04,148.04,metrica:Away:26,metrica:Away,metrica:Home,restart_or_ball_out_primary_span
1,148.04,148.04,metrica:Away:27,metrica:Away,metrica:Home,restart_or_ball_out_primary_span
1,148.04,148.04,metrica:Away:28,metrica:Away,metrica:Home,restart_or_ball_out_primary_span
1,152.04,152.04,metrica:Away:26,metrica:Away,metrica:Home,attacker_exposure_unavailable
1,152.04,152.04,metrica:Away:27,metrica:Away,metrica:Home,attacker_exposure_unavailable
1,152.04,152.04,metrica:Away:28,metrica:Away,metrica:Home,attacker_exposure_unavailable
1,156.04,156.04,metrica:Away:26,metrica:Away,metrica:Home,attacker_exposure_unavailable
1,156.04,156.04,metrica:Away:27,metrica:Away,metrica:Home,attacker_exposure_unavailable
1,156.04,156.04,metrica:Away:28,metrica:Away,metrica:Home,attacker_exposure_unavailable
1,160.04,160.04,metrica:Away:26,metrica:Away,metrica:Home,attacker_exposure_unavailable
1,160.04,160.04,metrica:Away:27,metrica:Away,metrica:Home,attacker_exposure_unavailable
1,160.04,160.04,metrica:Away:28,metrica:Away,metrica:Home,attacker_exposure_unavailable
1,164.04,164.04,metrica:Away:15,metrica:Away,metrica:Home,restart_or_ball_out_primary_span
1,164.04,164.04,metrica:Away:16,metrica:Away,metrica:Home,restart_or_ball_out_primary_span
1,164.04,164.04,metrica:Away:17,metrica:Away,metrica:Home,restart_or_ball_out_primary_span
1,164.04,164.04,metrica:Away:18,metrica:Away,metrica:Home,restart_or_ball_out_primary_span
1,164.04,164.04,metrica:Away:19,metrica:Away,metrica:Home,restart_or_ball_out_primary_span
1,164.04,164.04,metrica:Away:20,metrica:Away,metrica:Home,restart_or_ball_out_primary_span
1,164.04,164.04,metrica:Away:21,metrica:Away,metrica:Home,restart_or_ball_out_primary_span
1,164.04,164.04,metrica:Away:22,metrica:Away,metrica:Home,restart_or_ball_out_primary_span
1,164.04,164.04,metrica:Away:23,metrica:Away,metrica:Home,restart_or_ball_out_primary_span
1,164.04,164.04,metrica:Away:24,metrica:Away,metrica:Home,restart_or_ball_out_primary_span
1,164.04,164.04,metrica:Away:26,metrica:Away,metrica:Home,restart_or_ball_out_primary_span
1,164.04,164.04,metrica:Away:27,metrica:Away,metrica:Home,restart_or_ball_out_primary_span
1,164.04,164.04,metrica:Away:28,metrica:Away,metrica:Home,restart_or_ball_out_primary_span
1,168.04,168.04,metrica:Away:26,metrica:Away,metrica:Home,attacker_exposure_unavailable
1,168.04,168.04,metrica:Away:27,metrica:Away,metrica:Home,attacker_exposure_unavailable
1,168.04,168.04,metrica:Away:28,metrica:Away,metrica:Home,attacker_exposure_unavailable
1,172.04,172.04,metrica:Away:26,metrica:Away,metrica:Home,attacker_exposure_unavailable
1,172.04,172.04,metrica:Away:27,metrica:Away,metrica:Home,attacker_exposure_unavailable
1,172.04,172.04,metrica:Away:28,metrica:Away,metrica:Home,attacker_exposure_unavailable
1,176.04,176.04,metrica:Home:1,metrica:Home,metrica:Away,restart_or_ball_out_primary_span
1,176.04,176.04,metrica:Home:10,metrica:Home,metrica:Away,restart_or_ball_out_primary_span
1,176.04,176.04,metrica:Home:12,metrica:Home,metrica:Away,restart_or_ball_out_primary_span
1,176.04,176.04,metrica:Home:13,metrica:Home,metrica:Away,restart_or_ball_out_primary_span
1,176.04,176.04,metrica:Home:14,metrica:Home,metrica:Away,restart_or_ball_out_primary_span
1,176.04,176.04,metrica:Home:2,metrica:Home,metrica:Away,restart_or_ball_out_primary_span
1,176.04,176.04,metrica:Home:3,metrica:Home,metrica:Away,restart_or_ball_out_primary_span
1,176.04,176.04,metrica:Home:4,metrica:Home,metrica:Away,restart_or_ball_out_primary_span
1,176.04,176.04,metrica:Home:5,metrica:Home,metrica:Away,restart_or_ball_out_primary_span
1,176.04,176.04,metrica:Home:6,metrica:Home,metrica:Away,restart_or_ball_out_primary_span
1,176.04,176.04,metrica:Home:7,metrica:Home,metrica:Away,restart_or_ball_out_primary_span
1,176.04,176.04,metrica:Home:8,metrica:Home,metrica:Away,restart_or_ball_out_primary_span
1,176.04,176.04,metrica:Home:9,metrica:Home,metrica:Away,restart_or_ball_out_primary_span
1,180.04,180.04,metrica:Away:26,metrica:Away,metrica:Home,attacker_exposure_unavailable
1,180.04,180.04,metrica:Away:27,metrica:Away,metrica:Home,attacker_exposure_unavailable
1,180.04,180.04,metrica:Away:28,metrica:Away,metrica:Home,attacker_exposure_unavailable
1,184.04,184.04,metrica:Home:12,metrica:Home,metrica:Away,attacker_exposure_unavailable
1,184.04,184.04,metrica:Home:13,metrica:Home,metrica:Away,attacker_exposure_unavailable
1,184.04,184.04,metrica:Home:14,metrica:Home,metrica:Away,attacker_exposure_unavailable
1,188.04,188.04,metrica:Away:26,metrica:Away,metrica:Home,attacker_exposure_unavailable
1,188.04,188.04,metrica:Away:27,metrica:Away,metrica:Home,attacker_exposure_unavailable
1,188.04,188.04,metrica:Away:28,metrica:Away,metrica:Home,attacker_exposure_unavailable
1,192.04,192.04,metrica:Home:1,metrica:Home,metrica:Away,restart_or_ball_out_primary_span
1,192.04,192.04,metrica:Home:10,metrica:Home,metrica:Away,restart_or_ball_out_primary_span
1,192.04,192.04,metrica:Home:12,metrica:Home,metrica:Away,restart_or_ball_out_primary_span
1,192.04,192.04,metrica:Home:13,metrica:Home,metrica:Away,restart_or_ball_out_primary_span
1,192.04,192.04,metrica:Home:14,metrica:Home,metrica:Away,restart_or_ball_out_primary_span
1,192.04,192.04,metrica:Home:2,metrica:Home,metrica:Away,restart_or_ball_out_primary_span
1,192.04,192.04,metrica:Home:3,metrica:Home,metrica:Away,restart_or_ball_out_primary_span
1,192.04,192.04,metrica:Home:4,metrica:Home,metrica:Away,restart_or_ball_out_primary_span
1,192.04,192.04,metrica:Home:5,metrica:Home,metrica:Away,restart_or_ball_out_primary_span
1,192.04,192.04,metrica:Home:6,metrica:Home,metrica:Away,restart_or_ball_out_primary_span
1,192.04,192.04,metrica:Home:7,metrica:Home,metrica:Away,restart_or_ball_out_primary_span
1,192.04,192.04,metrica:Home:8,metrica:Home,metrica:Away,restart_or_ball_out_primary_span
1,192.04,192.04,metrica:Home:9,metrica:Home,metrica:Away,restart_or_ball_out_primary_span
1,196.04,196.04,metrica:Home:12,metrica:Home,metrica:Away,attacker_exposure_unavailable
1,196.04,196.04,metrica:Home:13,metrica:Home,metrica:Away,attacker_exposure_unavailable
1,196.04,196.04,metrica:Home:14,metrica:Home,metrica:Away,attacker_exposure_unavailable
1,200.04,200.04,metrica:Home:12,metrica:Home,metrica:Away,attacker_exposure_unavailable
1,200.04,200.04,metrica:Home:13,metrica:Home,metrica:Away,attacker_exposure_unavailable
1,200.04,200.04,metrica:Home:14,metrica:Home,metrica:Away,attacker_exposure_unavailable
1,204.04,204.04,metrica:Away:15,metrica:Away,metrica:Home,restart_or_ball_out_primary_span
1,204.04,204.04,metrica:Away:16,metrica:Away,metrica:Home,restart_or_ball_out_primary_span
1,204.04,204.04,metrica:Away:17,metrica:Away,metrica:Home,restart_or_ball_out_primary_span
1,204.04,204.04,metrica:Away:18,metrica:Away,metrica:Home,restart_or_ball_out_primary_span
1,204.04,204.04,metrica:Away:19,metrica:Away,metrica:Home,restart_or_ball_out_primary_span
1,204.04,204.04,metrica:Away:20,metrica:Away,metrica:Home,restart_or_ball_out_primary_span
1,204.04,204.04,metrica:Away:21,metrica:Away,metrica:Home,restart_or_ball_out_primary_span
1,204.04,204.04,metrica:Away:22,metrica:Away,metrica:Home,restart_or_ball_out_primary_span
1,204.04,204.04,metrica:Away:23,metrica:Away,metrica:Home,restart_or_ball_out_primary_span
1,204.04,204.04,metrica:Away:24,metrica:Away,metrica:Home,restart_or_ball_out_primary_span
1,204.04,204.04,metrica:Away:26,metrica:Away,metrica:Home,restart_or_ball_out_primary_span
1,204.04,204.04,metrica:Away:27,metrica:Away,metrica:Home,restart_or_ball_out_primary_span
1,204.04,204.04,metrica:Away:28,metrica:Away,metrica:Home,restart_or_ball_out_primary_span
1,208.04,208.04,metrica:Home:12,metrica:Home,metrica:Away,attacker_exposure_unavailable
1,208.04,208.04,metrica:Home:13,metrica:Home,metrica:Away,attacker_exposure_unavailable
1,208.04,208.04,metrica:Home:14,metrica:Home,metrica:Away,attacker_exposure_unavailable
1,212.04,212.04,metrica:Home:12,metrica:Home,metrica:Away,attacker_exposure_unavailable
1,212.04,212.04,metrica:Home:13,metrica:Home,metrica:Away,attacker_exposure_unavailable
1,212.04,212.04,metrica:Home:14,metrica:Home,metrica:Away,attacker_exposure_unavailable
1,216.04,216.04,metrica:Away:26,metrica:Away,metrica:Home,attacker_exposure_unavailable
1,216.04,216.04,metrica:Away:27,metrica:Away,metrica:Home,attacker_exposure_unavailable
1,216.04,216.04,metrica:Away:28,metrica:Away,metrica:Home,attacker_exposure_unavailable
1,220.04,220.04,metrica:Away:26,metrica:Away,metrica:Home,attacker_exposure_unavailable
1,220.04,220.04,metrica:Away:27,metrica:Away,metrica:Home,attacker_exposure_unavailable
1,220.04,220.04,metrica:Away:28,metrica:Away,metrica:Home,attacker_exposure_unavailable
1,224.04,224.04,metrica:Away:26,metrica:Away,metrica:Home,attacker_exposure_unavailable
1,224.04,224.04,metrica:Away:27,metrica:Away,metrica:Home,attacker_exposure_unavailable
1,224.04,224.04,metrica:Away:28,metrica:Away,metrica:Home,attacker_exposure_unavailable
1,228.04,228.04,metrica:Home:12,metrica:Home,metrica:Away,attacker_exposure_unavailable
1,228.04,228.04,metrica:Home:13,metrica:Home,metrica:Away,attacker_exposure_unavailable
1,228.04,228.04,metrica:Home:14,metrica:Home,metrica:Away,attacker_exposure_unavailable
1,232.04,232.04,metrica:Home:12,metrica:Home,metrica:Away,attacker_exposure_unavailable
1,232.04,232.04,metrica:Home:13,metrica:Home,metrica:Away,attacker_exposure_unavailable
1,232.04,232.04,metrica:Home:14,metrica:Home,metrica:Away,attacker_exposure_unavailable
1,236.04,236.04,metrica:Home:12,metrica:Home,metrica:Away,attacker_exposure_unavailable
1,236.04,236.04,metrica:Home:13,metrica:Home,metrica:Away,attacker_exposure_unavailable
1,236.04,236.04,metrica:Home:14,metrica:Home,metrica:Away,attacker_exposure_unavailable
1,240.04,240.04,metrica:Home:12,metrica:Home,metrica:Away,attacker_exposure_unavailable
1,240.04,240.04,metrica:Home:13,metrica:Home,metrica:Away,attacker_exposure_unavailable
1,240.04,240.04,metrica:Home:14,metrica:Home,metrica:Away,attacker_exposure_unavailable
1,244.04,244.04,metrica:Home:12,metrica:Home,metrica:Away,attacker_exposure_unavailable
1,244.04,244.04,metrica:Home:13,metrica:Home,metrica:Away,attacker_exposure_unavailable
1,244.04,244.04,metrica:Home:14,metrica:Home,metrica:Away,attacker_exposure_unavailable
1,248.04,248.04,metrica:Home:12,metrica:Home,metrica:Away,attacker_exposure_unavailable
1,248.04,248.04,metrica:Home:13,metrica:Home,metrica:Away,attacker_exposure_unavailable
1,248.04,248.04,metrica:Home:14,metrica:Home,metrica:Away,attacker_exposure_unavailable
1,252.04,252.04,metrica:Home:12,metrica:Home,metrica:Away,attacker_exposure_unavailable
1,252.04,252.04,metrica:Home:13,metrica:Home,metrica:Away,attacker_exposure_unavailable
1,252.04,252.04,metrica:Home:14,metrica:Home,metrica:Away,attacker_exposure_unavailable
1,256.04,256.04,metrica:Home:12,metrica:Home,metrica:Away,attacker_exposure_unavailable
1,256.04,256.04,metrica:Home:13,metrica:Home,metrica:Away,attacker_exposure_unavailable
1,256.04,256.04,metrica:Home:14,metrica:Home,metrica:Away,attacker_exposure_unavailable
1,260.04,260.04,metrica:Home:12,metrica:Home,metrica:Away,attacker_exposure_unavailable
1,260.04,260.04,metrica:Home:13,metrica:Home,metrica:Away,attacker_exposure_unavailable
1,260.04,260.04,metrica:Home:14,metrica:Home,metrica:Away,attacker_exposure_unavailable
1,264.04,264.04,metrica:Home:12,metrica:Home,metrica:Away,attacker_exposure_unavailable
1,264.04,264.04,metrica:Home:13,metrica:Home,metrica:Away,attacker_exposure_unavailable
1,264.04,264.04,metrica:Home:14,metrica:Home,metrica:Away,attacker_exposure_unavailable
1,268.04,268.04,metrica:Away:15,metrica:Away,metrica:Home,restart_or_ball_out_primary_span
1,268.04,268.04,metrica:Away:16,metrica:Away,metrica:Home,restart_or_ball_out_primary_span
1,268.04,268.04,metrica:Away:17,metrica:Away,metrica:Home,restart_or_ball_out_primary_span
1,268.04,268.04,metrica:Away:18,metrica:Away,metrica:Home,restart_or_ball_out_primary_span
1,268.04,268.04,metrica:Away:19,metrica:Away,metrica:Home,restart_or_ball_out_primary_span
1,268.04,268.04,metrica:Away:20,metrica:Away,metrica:Home,restart_or_ball_out_primary_span
1,268.04,268.04,metrica:Away:21,metrica:Away,metrica:Home,restart_or_ball_out_primary_span
1,268.04,268.04,metrica:Away:22,metrica:Away,metrica:Home,restart_or_ball_out_primary_span
1,268.04,268.04,metrica:Away:23,metrica:Away,metrica:Home,restart_or_ball_out_primary_span
1,268.04,268.04,metrica:Away:24,metrica:Away,metrica:Home,restart_or_ball_out_primary_span
1,268.04,268.04,metrica:Away:26,metrica:Away,metrica:Home,restart_or_ball_out_primary_span
1,268.04,268.04,metrica:Away:27,metrica:Away,metrica:Home,restart_or_ball_out_primary_span
1,268.04,268.04,metrica:Away:28,metrica:Away,metrica:Home,restart_or_ball_out_primary_span
1,272.04,272.04,metrica:Away:26,metrica:Away,metrica:Home,attacker_exposure_unavailable
1,272.04,272.04,metrica:Away:27,metrica:Away,metrica:Home,attacker_exposure_unavailable
1,272.04,272.04,metrica:Away:28,metrica:Away,metrica:Home,attacker_exposure_unavailable
1,276.04,276.04,metrica:Away:26,metrica:Away,metrica:Home,attacker_exposure_unavailable
1,276.04,276.04,metrica:Away:27,metrica:Away,metrica:Home,attacker_exposure_unavailable
1,276.04,276.04,metrica:Away:28,metrica:Away,metrica:Home,attacker_exposure_unavailable
1,280.04,280.04,metrica:Away:26,metrica:Away,metrica:Home,attacker_exposure_unavailable
1,280.04,280.04,metrica:Away:27,metrica:Away,metrica:Home,attacker_exposure_unavailable
1,280.04,280.04,metrica:Away:28,metrica:Away,metrica:Home,attacker_exposure_unavailable
1,284.04,284.04,metrica:Home:12,metrica:Home,metrica:Away,attacker_exposure_unavailable
1,284.04,284.04,metrica:Home:13,metrica:Home,metrica:Away,attacker_exposure_unavailable
1,284.04,284.04,metrica:Home:14,metrica:Home,metrica:Away,attacker_exposure_unavailable
1,288.04,288.04,metrica:Home:12,metrica:Home,metrica:Away,attacker_exposure_unavailable
1,288.04,288.04,metrica:Home:13,metrica:Home,metrica:Away,attacker_exposure_unavailable
1,288.04,288.04,metrica:Home:14,metrica:Home,metrica:Away,attacker_exposure_unavailable
1,292.04,292.04,metrica:Away:26,metrica:Away,metrica:Home,attacker_exposure_unavailable
1,292.04,292.04,metrica:Away:27,metrica:Away,metrica:Home,attacker_exposure_unavailable
1,292.04,292.04,metrica:Away:28,metrica:Away,metrica:Home,attacker_exposure_unavailable
1,296.04,296.04,metrica:Away:26,metrica:Away,metrica:Home,attacker_exposure_unavailable
1,296.04,296.04,metrica:Away:27,metrica:Away,metrica:Home,attacker_exposure_unavailable
1,296.04,296.04,metrica:Away:28,metrica:Away,metrica:Home,attacker_exposure_unavailable
1,300.04,300.04,metrica:Home:12,metrica:Home,metrica:Away,attacker_exposure_unavailable
1,300.04,300.04,metrica:Home:13,metrica:Home,metrica:Away,attacker_exposure_unavailable
1,300.04,300.04,metrica:Home:14,metrica:Home,metrica:Away,attacker_exposure_unavailable
1,304.04,304.04,metrica:Away:26,metrica:Away,metrica:Home,attacker_exposure_unavailable
1,304.04,304.04,metrica:Away:27,metrica:Away,metrica:Home,attacker_exposure_unavailable
1,304.04,304.04,metrica:Away:28,metrica:Away,metrica:Home,attacker_exposure_unavailable
1,308.04,308.04,metrica:Away:26,metrica:Away,metrica:Home,attacker_exposure_unavailable
1,308.04,308.04,metrica:Away:27,metrica:Away,metrica:Home,attacker_exposure_unavailable
1,308.04,308.04,metrica:Away:28,metrica:Away,metrica:Home,attacker_exposure_unavailable
1,312.04,312.04,metrica:Away:26,metrica:Away,metrica:Home,attacker_exposure_unavailable
1,312.04,312.04,metrica:Away:27,metrica:Away,metrica:Home,attacker_exposure_unavailable
1,312.04,312.04,metrica:Away:28,metrica:Away,metrica:Home,attacker_exposure_unavailable
1,316.04,316.04,metrica:Away:26,metrica:Away,metrica:Home,attacker_exposure_unavailable
1,316.04,316.04,metrica:Away:27,metrica:Away,metrica:Home,attacker_exposure_unavailable
1,316.04,316.04,metrica:Away:28,metrica:Away,metrica:Home,attacker_exposure_unavailable
1,320.04,320.04,metrica:Away:26,metrica:Away,metrica:Home,attacker_exposure_unavailable
1,320.04,320.04,metrica:Away:27,metrica:Away,metrica:Home,attacker_exposure_unavailable
1,320.04,320.04,metrica:Away:28,metrica:Away,metrica:Home,attacker_exposure_unavailable
1,324.04,324.04,metrica:Away:26,metrica:Away,metrica:Home,attacker_exposure_unavailable
1,324.04,324.04,metrica:Away:27,metrica:Away,metrica:Home,attacker_exposure_unavailable
1,324.04,324.04,metrica:Away:28,metrica:Away,metrica:Home,attacker_exposure_unavailable
1,328.04,328.04,metrica:Away:26,metrica:Away,metrica:Home,attacker_exposure_unavailable
1,328.04,328.04,metrica:Away:27,metrica:Away,metrica:Home,attacker_exposure_unavailable
1,328.04,328.04,metrica:Away:28,metrica:Away,metrica:Home,attacker_exposure_unavailable
1,332.04,332.04,metrica:Away:26,metrica:Away,metrica:Home,attacker_exposure_unavailable
1,332.04,332.04,metrica:Away:27,metrica:Away,metrica:Home,attacker_exposure_unavailable
1,332.04,332.04,metrica:Away:28,metrica:Away,metrica:Home,attacker_exposure_unavailable
1,336.04,336.04,metrica:Away:26,metrica:Away,metrica:Home,attacker_exposure_unavailable
1,336.04,336.04,metrica:Away:27,metrica:Away,metrica:Home,attacker_exposure_unavailable
1,336.04,336.04,metrica:Away:28,metrica:Away,metrica:Home,attacker_exposure_unavailable
1,340.04,340.04,metrica:Home:12,metrica:Home,metrica:Away,attacker_exposure_unavailable
1,340.04,340.04,metrica:Home:13,metrica:Home,metrica:Away,attacker_exposure_unavailable
1,340.04,340.04,metrica:Home:14,metrica:Home,metrica:Away,attacker_exposure_unavailable
1,344.04,344.04,metrica:Home:12,metrica:Home,metrica:Away,attacker_exposure_unavailable
1,344.04,344.04,metrica:Home:13,metrica:Home,metrica:Away,attacker_exposure_unavailable
1,344.04,344.04,metrica:Home:14,metrica:Home,metrica:Away,attacker_exposure_unavailable
1,348.04,348.04,metrica:Away:26,metrica:Away,metrica:Home,attacker_exposure_unavailable
1,348.04,348.04,metrica:Away:27,metrica:Away,metrica:Home,attacker_exposure_unavailable
1,348.04,348.04,metrica:Away:28,metrica:Away,metrica:Home,attacker_exposure_unavailable
1,352.04,352.04,metrica:Home:1,metrica:Home,metrica:Away,restart_or_ball_out_primary_span
1,352.04,352.04,metrica:Home:10,metrica:Home,metrica:Away,restart_or_ball_out_primary_span
1,352.04,352.04,metrica:Home:12,metrica:Home,metrica:Away,restart_or_ball_out_primary_span
1,352.04,352.04,metrica:Home:13,metrica:Home,metrica:Away,restart_or_ball_out_primary_span
1,352.04,352.04,metrica:Home:14,metrica:Home,metrica:Away,restart_or_ball_out_primary_span
1,352.04,352.04,metrica:Home:2,metrica:Home,metrica:Away,restart_or_ball_out_primary_span
1,352.04,352.04,metrica:Home:3,metrica:Home,metrica:Away,restart_or_ball_out_primary_span
1,352.04,352.04,metrica:Home:4,metrica:Home,metrica:Away,restart_or_ball_out_primary_span
1,352.04,352.04,metrica:Home:5,metrica:Home,metrica:Away,restart_or_ball_out_primary_span
1,352.04,352.04,metrica:Home:6,metrica:Home,metrica:Away,restart_or_ball_out_primary_span
1,352.04,352.04,metrica:Home:7,metrica:Home,metrica:Away,restart_or_ball_out_primary_span
1,352.04,352.04,metrica:Home:8,metrica:Home,metrica:Away,restart_or_ball_out_primary_span
1,352.04,352.04,metrica:Home:9,metrica:Home,metrica:Away,restart_or_ball_out_primary_span
1,356.04,356.04,metrica:Away:15,metrica:Away,metrica:Home,restart_or_ball_out_primary_span
1,356.04,356.04,metrica:Away:16,metrica:Away,metrica:Home,restart_or_ball_out_primary_span
1,356.04,356.04,metrica:Away:17,metrica:Away,metrica:Home,restart_or_ball_out_primary_span
1,356.04,356.04,metrica:Away:18,metrica:Away,metrica:Home,restart_or_ball_out_primary_span
1,356.04,356.04,metrica:Away:19,metrica:Away,metrica:Home,restart_or_ball_out_primary_span
1,356.04,356.04,metrica:Away:20,metrica:Away,metrica:Home,restart_or_ball_out_primary_span
1,356.04,356.04,metrica:Away:21,metrica:Away,metrica:Home,restart_or_ball_out_primary_span
1,356.04,356.04,metrica:Away:22,metrica:Away,metrica:Home,restart_or_ball_out_primary_span
1,356.04,356.04,metrica:Away:23,metrica:Away,metrica:Home,restart_or_ball_out_primary_span
1,356.04,356.04,metrica:Away:24,metrica:Away,metrica:Home,restart_or_ball_out_primary_span
1,356.04,356.04,metrica:Away:26,metrica:Away,metrica:Home,restart_or_ball_out_primary_span
1,356.04,356.04,metrica:Away:27,metrica:Away,metrica:Home,restart_or_ball_out_primary_span
1,356.04,356.04,metrica:Away:28,metrica:Away,metrica:Home,restart_or_ball_out_primary_span
1,360.04,360.04,metrica:Away:26,metrica:Away,metrica:Home,attacker_exposure_unavailable
1,360.04,360.04,metrica:Away:27,metrica:Away,metrica:Home,attacker_exposure_unavailable
1,360.04,360.04,metrica:Away:28,metrica:Away,metrica:Home,attacker_exposure_unavailable
1,364.04,364.04,metrica:Home:1,metrica:Home,metrica:Away,restart_or_ball_out_primary_span
1,364.04,364.04,metrica:Home:10,metrica:Home,metrica:Away,restart_or_ball_out_primary_span
1,364.04,364.04,metrica:Home:12,metrica:Home,metrica:Away,restart_or_ball_out_primary_span
1,364.04,364.04,metrica:Home:13,metrica:Home,metrica:Away,restart_or_ball_out_primary_span
1,364.04,364.04,metrica:Home:14,metrica:Home,metrica:Away,restart_or_ball_out_primary_span
1,364.04,364.04,metrica:Home:2,metrica:Home,metrica:Away,restart_or_ball_out_primary_span
1,364.04,364.04,metrica:Home:3,metrica:Home,metrica:Away,restart_or_ball_out_primary_span
1,364.04,364.04,metrica:Home:4,metrica:Home,metrica:Away,restart_or_ball_out_primary_span
1,364.04,364.04,metrica:Home:5,metrica:Home,metrica:Away,restart_or_ball_out_primary_span
1,364.04,364.04,metrica:Home:6,metrica:Home,metrica:Away,restart_or_ball_out_primary_span
1,364.04,364.04,metrica:Home:7,metrica:Home,metrica:Away,restart_or_ball_out_primary_span
1,364.04,364.04,metrica:Home:8,metrica:Home,metrica:Away,restart_or_ball_out_primary_span
1,364.04,364.04,metrica:Home:9,metrica:Home,metrica:Away,restart_or_ball_out_primary_span
1,368.04,368.04,metrica:Home:1,metrica:Home,metrica:Away,restart_or_ball_out_primary_span
1,368.04,368.04,metrica:Home:10,metrica:Home,metrica:Away,restart_or_ball_out_primary_span
1,368.04,368.04,metrica:Home:12,metrica:Home,metrica:Away,restart_or_ball_out_primary_span
1,368.04,368.04,metrica:Home:13,metrica:Home,metrica:Away,restart_or_ball_out_primary_span
1,368.04,368.04,metrica:Home:14,metrica:Home,metrica:Away,restart_or_ball_out_primary_span
1,368.04,368.04,metrica:Home:2,metrica:Home,metrica:Away,restart_or_ball_out_primary_span
1,368.04,368.04,metrica:Home:3,metrica:Home,metrica:Away,restart_or_ball_out_primary_span
1,368.04,368.04,metrica:Home:4,metrica:Home,metrica:Away,restart_or_ball_out_primary_span
1,368.04,368.04,metrica:Home:5,metrica:Home,metrica:Away,restart_or_ball_out_primary_span
1,368.04,368.04,metrica:Home:6,metrica:Home,metrica:Away,restart_or_ball_out_primary_span
1,368.04,368.04,metrica:Home:7,metrica:Home,metrica:Away,restart_or_ball_out_primary_span
1,368.04,368.04,metrica:Home:8,metrica:Home,metrica:Away,restart_or_ball_out_primary_span
1,368.04,368.04,metrica:Home:9,metrica:Home,metrica:Away,restart_or_ball_out_primary_span
1,372.04,372.04,metrica:Away:15,metrica:Away,metrica:Home,restart_or_ball_out_primary_span
1,372.04,372.04,metrica:Away:16,metrica:Away,metrica:Home,restart_or_ball_out_primary_span
1,372.04,372.04,metrica:Away:17,metrica:Away,metrica:Home,restart_or_ball_out_primary_span
1,372.04,372.04,metrica:Away:18,metrica:Away,metrica:Home,restart_or_ball_out_primary_span
1,372.04,372.04,metrica:Away:19,metrica:Away,metrica:Home,restart_or_ball_out_primary_span
1,372.04,372.04,metrica:Away:20,metrica:Away,metrica:Home,restart_or_ball_out_primary_span
1,372.04,372.04,metrica:Away:21,metrica:Away,metrica:Home,restart_or_ball_out_primary_span
1,372.04,372.04,metrica:Away:22,metrica:Away,metrica:Home,restart_or_ball_out_primary_span
1,372.04,372.04,metrica:Away:23,metrica:Away,metrica:Home,restart_or_ball_out_primary_span
1,372.04,372.04,metrica:Away:24,metrica:Away,metrica:Home,restart_or_ball_out_primary_span
1,372.04,372.04,metrica:Away:26,metrica:Away,metrica:Home,restart_or_ball_out_primary_span
1,372.04,372.04,metrica:Away:27,metrica:Away,metrica:Home,restart_or_ball_out_primary_span
1,372.04,372.04,metrica:Away:28,metrica:Away,metrica:Home,restart_or_ball_out_primary_span
1,376.04,376.04,metrica:Home:12,metrica:Home,metrica:Away,attacker_exposure_unavailable
1,376.04,376.04,metrica:Home:13,metrica:Home,metrica:Away,attacker_exposure_unavailable
1,376.04,376.04,metrica:Home:14,metrica:Home,metrica:Away,attacker_exposure_unavailable
1,380.04,380.04,metrica:Home:12,metrica:Home,metrica:Away,attacker_exposure_unavailable
1,380.04,380.04,metrica:Home:13,metrica:Home,metrica:Away,attacker_exposure_unavailable
1,380.04,380.04,metrica:Home:14,metrica:Home,metrica:Away,attacker_exposure_unavailable
1,384.04,384.04,metrica:Home:1,metrica:Home,metrica:Away,restart_or_ball_out_primary_span
1,384.04,384.04,metrica:Home:10,metrica:Home,metrica:Away,restart_or_ball_out_primary_span
1,384.04,384.04,metrica:Home:12,metrica:Home,metrica:Away,restart_or_ball_out_primary_span
1,384.04,384.04,metrica:Home:13,metrica:Home,metrica:Away,restart_or_ball_out_primary_span
1,384.04,384.04,metrica:Home:14,metrica:Home,metrica:Away,restart_or_ball_out_primary_span
1,384.04,384.04,metrica:Home:2,metrica:Home,metrica:Away,restart_or_ball_out_primary_span
1,384.04,384.04,metrica:Home:3,metrica:Home,metrica:Away,restart_or_ball_out_primary_span
1,384.04,384.04,metrica:Home:4,metrica:Home,metrica:Away,restart_or_ball_out_primary_span
1,384.04,384.04,metrica:Home:5,metrica:Home,metrica:Away,restart_or_ball_out_primary_span
1,384.04,384.04,metrica:Home:6,metrica:Home,metrica:Away,restart_or_ball_out_primary_span
1,384.04,384.04,metrica:Home:7,metrica:Home,metrica:Away,restart_or_ball_out_primary_span
1,384.04,384.04,metrica:Home:8,metrica:Home,metrica:Away,restart_or_ball_out_primary_span
1,384.04,384.04,metrica:Home:9,metrica:Home,metrica:Away,restart_or_ball_out_primary_span
1,388.04,388.04,metrica:Away:15,metrica:Away,metrica:Home,restart_or_ball_out_primary_span
1,388.04,388.04,metrica:Away:16,metrica:Away,metrica:Home,restart_or_ball_out_primary_span
1,388.04,388.04,metrica:Away:17,metrica:Away,metrica:Home,restart_or_ball_out_primary_span
1,388.04,388.04,metrica:Away:18,metrica:Away,metrica:Home,restart_or_ball_out_primary_span
1,388.04,388.04,metrica:Away:19,metrica:Away,metrica:Home,restart_or_ball_out_primary_span
1,388.04,388.04,metrica:Away:20,metrica:Away,metrica:Home,restart_or_ball_out_primary_span
1,388.04,388.04,metrica:Away:21,metrica:Away,metrica:Home,restart_or_ball_out_primary_span
1,388.04,388.04,metrica:Away:22,metrica:Away,metrica:Home,restart_or_ball_out_primary_span
1,388.04,388.04,metrica:Away:23,metrica:Away,metrica:Home,restart_or_ball_out_primary_span
1,388.04,388.04,metrica:Away:24,metrica:Away,metrica:Home,restart_or_ball_out_primary_span
1,388.04,388.04,metrica:Away:26,metrica:Away,metrica:Home,restart_or_ball_out_primary_span
1,388.04,388.04,metrica:Away:27,metrica:Away,metrica:Home,restart_or_ball_out_primary_span
1,388.04,388.04,metrica:Away:28,metrica:Away,metrica:Home,restart_or_ball_out_primary_span
1,392.04,392.04,metrica:Away:26,metrica:Away,metrica:Home,attacker_exposure_unavailable
1,392.04,392.04,metrica:Away:27,metrica:Away,metrica:Home,attacker_exposure_unavailable
1,392.04,392.04,metrica:Away:28,metrica:Away,metrica:Home,attacker_exposure_unavailable
1,396.04,396.04,metrica:Away:26,metrica:Away,metrica:Home,attacker_exposure_unavailable
1,396.04,396.04,metrica:Away:27,metrica:Away,metrica:Home,attacker_exposure_unavailable
1,396.04,396.04,metrica:Away:28,metrica:Away,metrica:Home,attacker_exposure_unavailable
1,400.04,400.04,metrica:Away:26,metrica:Away,metrica:Home,attacker_exposure_unavailable
1,400.04,400.04,metrica:Away:27,metrica:Away,metrica:Home,attacker_exposure_unavailable
1,400.04,400.04,metrica:Away:28,metrica:Away,metrica:Home,attacker_exposure_unavailable
1,404.04,404.04,metrica:Away:26,metrica:Away,metrica:Home,attacker_exposure_unavailable
1,404.04,404.04,metrica:Away:27,metrica:Away,metrica:Home,attacker_exposure_unavailable
1,404.04,404.04,metrica:Away:28,metrica:Away,metrica:Home,attacker_exposure_unavailable
1,408.04,408.04,metrica:Away:26,metrica:Away,metrica:Home,attacker_exposure_unavailable
1,408.04,408.04,metrica:Away:27,metrica:Away,metrica:Home,attacker_exposure_unavailable
1,408.04,408.04,metrica:Away:28,metrica:Away,metrica:Home,attacker_exposure_unavailable
1,412.04,412.04,metrica:Away:26,metrica:Away,metrica:Home,attacker_exposure_unavailable
1,412.04,412.04,metrica:Away:27,metrica:Away,metrica:Home,attacker_exposure_unavailable
1,412.04,412.04,metrica:Away:28,metrica:Away,metrica:Home,attacker_exposure_unavailable
1,416.04,416.04,metrica:Home:1,metrica:Home,metrica:Away,restart_or_ball_out_primary_span
1,416.04,416.04,metrica:Home:10,metrica:Home,metrica:Away,restart_or_ball_out_primary_span
1,416.04,416.04,metrica:Home:12,metrica:Home,metrica:Away,restart_or_ball_out_primary_span
1,416.04,416.04,metrica:Home:13,metrica:Home,metrica:Away,restart_or_ball_out_primary_span
1,416.04,416.04,metrica:Home:14,metrica:Home,metrica:Away,restart_or_ball_out_primary_span
1,416.04,416.04,metrica:Home:2,metrica:Home,metrica:Away,restart_or_ball_out_primary_span
1,416.04,416.04,metrica:Home:3,metrica:Home,metrica:Away,restart_or_ball_out_primary_span
1,416.04,416.04,metrica:Home:4,metrica:Home,metrica:Away,restart_or_ball_out_primary_span
1,416.04,416.04,metrica:Home:5,metrica:Home,metrica:Away,restart_or_ball_out_primary_span
1,416.04,416.04,metrica:Home:6,metrica:Home,metrica:Away,restart_or_ball_out_primary_span
1,416.04,416.04,metrica:Home:7,metrica:Home,metrica:Away,restart_or_ball_out_primary_span
1,416.04,416.04,metrica:Home:8,metrica:Home,metrica:Away,restart_or_ball_out_primary_span
1,416.04,416.04,metrica:Home:9,metrica:Home,metrica:Away,restart_or_ball_out_primary_span
1,420.04,420.04,metrica:Home:12,metrica:Home,metrica:Away,attacker_exposure_unavailable
1,420.04,420.04,metrica:Home:13,metrica:Home,metrica:Away,attacker_exposure_unavailable
1,420.04,420.04,metrica:Home:14,metrica:Home,metrica:Away,attacker_exposure_unavailable
1,424.04,424.04,metrica:Home:12,metrica:Home,metrica:Away,attacker_exposure_unavailable
1,424.04,424.04,metrica:Home:13,metrica:Home,metrica:Away,attacker_exposure_unavailable
1,424.04,424.04,metrica:Home:14,metrica:Home,metrica:Away,attacker_exposure_unavailable
1,428.04,428.04,metrica:Away:26,metrica:Away,metrica:Home,attacker_exposure_unavailable
1,428.04,428.04,metrica:Away:27,metrica:Away,metrica:Home,attacker_exposure_unavailable
1,428.04,428.04,metrica:Away:28,metrica:Away,metrica:Home,attacker_exposure_unavailable
1,432.04,432.04,metrica:Away:26,metrica:Away,metrica:Home,attacker_exposure_unavailable
1,432.04,432.04,metrica:Away:27,metrica:Away,metrica:Home,attacker_exposure_unavailable
1,432.04,432.04,metrica:Away:28,metrica:Away,metrica:Home,attacker_exposure_unavailable
1,436.04,436.04,metrica:Away:26,metrica:Away,metrica:Home,attacker_exposure_unavailable
1,436.04,436.04,metrica:Away:27,metrica:Away,metrica:Home,attacker_exposure_unavailable
1,436.04,436.04,metrica:Away:28,metrica:Away,metrica:Home,attacker_exposure_unavailable
1,440.04,440.04,metrica:Away:26,metrica:Away,metrica:Home,attacker_exposure_unavailable
1,440.04,440.04,metrica:Away:27,metrica:Away,metrica:Home,attacker_exposure_unavailable
1,440.04,440.04,metrica:Away:28,metrica:Away,metrica:Home,attacker_exposure_unavailable
1,444.04,444.04,metrica:Away:26,metrica:Away,metrica:Home,attacker_exposure_unavailable
1,444.04,444.04,metrica:Away:27,metrica:Away,metrica:Home,attacker_exposure_unavailable
1,444.04,444.04,metrica:Away:28,metrica:Away,metrica:Home,attacker_exposure_unavailable
1,448.04,448.04,metrica:Away:26,metrica:Away,metrica:Home,attacker_exposure_unavailable
1,448.04,448.04,metrica:Away:27,metrica:Away,metrica:Home,attacker_exposure_unavailable
1,448.04,448.04,metrica:Away:28,metrica:Away,metrica:Home,attacker_exposure_unavailable
1,452.04,452.04,metrica:Away:26,metrica:Away,metrica:Home,attacker_exposure_unavailable
1,452.04,452.04,metrica:Away:27,metrica:Away,metrica:Home,attacker_exposure_unavailable
1,452.04,452.04,metrica:Away:28,metrica:Away,metrica:Home,attacker_exposure_unavailable
1,456.04,456.04,metrica:Away:26,metrica:Away,metrica:Home,attacker_exposure_unavailable
1,456.04,456.04,metrica:Away:27,metrica:Away,metrica:Home,attacker_exposure_unavailable
1,456.04,456.04,metrica:Away:28,metrica:Away,metrica:Home,attacker_exposure_unavailable
1,460.04,460.04,metrica:Away:26,metrica:Away,metrica:Home,attacker_exposure_unavailable
1,460.04,460.04,metrica:Away:27,metrica:Away,metrica:Home,attacker_exposure_unavailable
1,460.04,460.04,metrica:Away:28,metrica:Away,metrica:Home,attacker_exposure_unavailable
1,464.04,464.04,metrica:Away:15,metrica:Away,metrica:Home,restart_or_ball_out_primary_span
1,464.04,464.04,metrica:Away:16,metrica:Away,metrica:Home,restart_or_ball_out_primary_span
1,464.04,464.04,metrica:Away:17,metrica:Away,metrica:Home,restart_or_ball_out_primary_span
1,464.04,464.04,metrica:Away:18,metrica:Away,metrica:Home,restart_or_ball_out_primary_span
1,464.04,464.04,metrica:Away:19,metrica:Away,metrica:Home,restart_or_ball_out_primary_span
1,464.04,464.04,metrica:Away:20,metrica:Away,metrica:Home,restart_or_ball_out_primary_span
1,464.04,464.04,metrica:Away:21,metrica:Away,metrica:Home,restart_or_ball_out_primary_span
1,464.04,464.04,metrica:Away:22,metrica:Away,metrica:Home,restart_or_ball_out_primary_span
1,464.04,464.04,metrica:Away:23,metrica:Away,metrica:Home,restart_or_ball_out_primary_span
1,464.04,464.04,metrica:Away:24,metrica:Away,metrica:Home,restart_or_ball_out_primary_span
1,464.04,464.04,metrica:Away:26,metrica:Away,metrica:Home,restart_or_ball_out_primary_span
1,464.04,464.04,metrica:Away:27,metrica:Away,metrica:Home,restart_or_ball_out_primary_span
1,464.04,464.04,metrica:Away:28,metrica:Away,metrica:Home,restart_or_ball_out_primary_span
1,468.04,468.04,metrica:Away:26,metrica:Away,metrica:Home,attacker_exposure_unavailable
1,468.04,468.04,metrica:Away:27,metrica:Away,metrica:Home,attacker_exposure_unavailable
1,468.04,468.04,metrica:Away:28,metrica:Away,metrica:Home,attacker_exposure_unavailable
1,472.04,472.04,metrica:Away:26,metrica:Away,metrica:Home,attacker_exposure_unavailable
1,472.04,472.04,metrica:Away:27,metrica:Away,metrica:Home,attacker_exposure_unavailable
1,472.04,472.04,metrica:Away:28,metrica:Away,metrica:Home,attacker_exposure_unavailable
1,476.04,476.04,metrica:Away:26,metrica:Away,metrica:Home,attacker_exposure_unavailable
1,476.04,476.04,metrica:Away:27,metrica:Away,metrica:Home,attacker_exposure_unavailable
1,476.04,476.04,metrica:Away:28,metrica:Away,metrica:Home,attacker_exposure_unavailable
1,480.04,480.04,metrica:Away:15,metrica:Away,metrica:Home,restart_or_ball_out_primary_span
1,480.04,480.04,metrica:Away:16,metrica:Away,metrica:Home,restart_or_ball_out_primary_span
1,480.04,480.04,metrica:Away:17,metrica:Away,metrica:Home,restart_or_ball_out_primary_span
1,480.04,480.04,metrica:Away:18,metrica:Away,metrica:Home,restart_or_ball_out_primary_span
1,480.04,480.04,metrica:Away:19,metrica:Away,metrica:Home,restart_or_ball_out_primary_span
1,480.04,480.04,metrica:Away:20,metrica:Away,metrica:Home,restart_or_ball_out_primary_span
1,480.04,480.04,metrica:Away:21,metrica:Away,metrica:Home,restart_or_ball_out_primary_span
1,480.04,480.04,metrica:Away:22,metrica:Away,metrica:Home,restart_or_ball_out_primary_span
1,480.04,480.04,metrica:Away:23,metrica:Away,metrica:Home,restart_or_ball_out_primary_span
1,480.04,480.04,metrica:Away:24,metrica:Away,metrica:Home,restart_or_ball_out_primary_span
1,480.04,480.04,metrica:Away:26,metrica:Away,metrica:Home,restart_or_ball_out_primary_span
1,480.04,480.04,metrica:Away:27,metrica:Away,metrica:Home,restart_or_ball_out_primary_span
1,480.04,480.04,metrica:Away:28,metrica:Away,metrica:Home,restart_or_ball_out_primary_span
1,484.04,484.04,metrica:Home:1,metrica:Home,metrica:Away,restart_or_ball_out_primary_span
1,484.04,484.04,metrica:Home:10,metrica:Home,metrica:Away,restart_or_ball_out_primary_span
1,484.04,484.04,metrica:Home:12,metrica:Home,metrica:Away,restart_or_ball_out_primary_span
1,484.04,484.04,metrica:Home:13,metrica:Home,metrica:Away,restart_or_ball_out_primary_span
1,484.04,484.04,metrica:Home:14,metrica:Home,metrica:Away,restart_or_ball_out_primary_span
1,484.04,484.04,metrica:Home:2,metrica:Home,metrica:Away,restart_or_ball_out_primary_span
1,484.04,484.04,metrica:Home:3,metrica:Home,metrica:Away,restart_or_ball_out_primary_span
1,484.04,484.04,metrica:Home:4,metrica:Home,metrica:Away,restart_or_ball_out_primary_span
1,484.04,484.04,metrica:Home:5,metrica:Home,metrica:Away,restart_or_ball_out_primary_span
1,484.04,484.04,metrica:Home:6,metrica:Home,metrica:Away,restart_or_ball_out_primary_span
1,484.04,484.04,metrica:Home:7,metrica:Home,metrica:Away,restart_or_ball_out_primary_span
1,484.04,484.04,metrica:Home:8,metrica:Home,metrica:Away,restart_or_ball_out_primary_span
1,484.04,484.04,metrica:Home:9,metrica:Home,metrica:Away,restart_or_ball_out_primary_span
1,488.04,488.04,metrica:Home:12,metrica:Home,metrica:Away,attacker_exposure_unavailable
1,488.04,488.04,metrica:Home:13,metrica:Home,metrica:Away,attacker_exposure_unavailable
1,488.04,488.04,metrica:Home:14,metrica:Home,metrica:Away,attacker_exposure_unavailable
1,492.04,492.04,metrica:Home:12,metrica:Home,metrica:Away,attacker_exposure_unavailable
1,492.04,492.04,metrica:Home:13,metrica:Home,metrica:Away,attacker_exposure_unavailable
1,492.04,492.04,metrica:Home:14,metrica:Home,metrica:Away,attacker_exposure_unavailable
1,496.04,496.04,metrica:Home:12,metrica:Home,metrica:Away,attacker_exposure_unavailable
1,496.04,496.04,metrica:Home:13,metrica:Home,metrica:Away,attacker_exposure_unavailable
1,496.04,496.04,metrica:Home:14,metrica:Home,metrica:Away,attacker_exposure_unavailable
1,500.04,500.04,metrica:Home:12,metrica:Home,metrica:Away,attacker_exposure_unavailable
1,500.04,500.04,metrica:Home:13,metrica:Home,metrica:Away,attacker_exposure_unavailable
1,500.04,500.04,metrica:Home:14,metrica:Home,metrica:Away,attacker_exposure_unavailable
1,504.04,504.04,metrica:Home:1,metrica:Home,metrica:Away,restart_or_ball_out_primary_span
1,504.04,504.04,metrica:Home:10,metrica:Home,metrica:Away,restart_or_ball_out_primary_span
1,504.04,504.04,metrica:Home:12,metrica:Home,metrica:Away,restart_or_ball_out_primary_span
1,504.04,504.04,metrica:Home:13,metrica:Home,metrica:Away,restart_or_ball_out_primary_span
1,504.04,504.04,metrica:Home:14,metrica:Home,metrica:Away,restart_or_ball_out_primary_span
1,504.04,504.04,metrica:Home:2,metrica:Home,metrica:Away,restart_or_ball_out_primary_span
1,504.04,504.04,metrica:Home:3,metrica:Home,metrica:Away,restart_or_ball_out_primary_span
1,504.04,504.04,metrica:Home:4,metrica:Home,metrica:Away,restart_or_ball_out_primary_span
1,504.04,504.04,metrica:Home:5,metrica:Home,metrica:Away,restart_or_ball_out_primary_span
1,504.04,504.04,metrica:Home:6,metrica:Home,metrica:Away,restart_or_ball_out_primary_span
1,504.04,504.04,metrica:Home:7,metrica:Home,metrica:Away,restart_or_ball_out_primary_span
1,504.04,504.04,metrica:Home:8,metrica:Home,metrica:Away,restart_or_ball_out_primary_span
1,504.04,504.04,metrica:Home:9,metrica:Home,metrica:Away,restart_or_ball_out_primary_span
1,508.04,508.04,metrica:Away:15,metrica:Away,metrica:Home,restart_or_ball_out_primary_span
1,508.04,508.04,metrica:Away:16,metrica:Away,metrica:Home,restart_or_ball_out_primary_span
1,508.04,508.04,metrica:Away:17,metrica:Away,metrica:Home,restart_or_ball_out_primary_span
1,508.04,508.04,metrica:Away:18,metrica:Away,metrica:Home,restart_or_ball_out_primary_span
1,508.04,508.04,metrica:Away:19,metrica:Away,metrica:Home,restart_or_ball_out_primary_span
1,508.04,508.04,metrica:Away:20,metrica:Away,metrica:Home,restart_or_ball_out_primary_span
1,508.04,508.04,metrica:Away:21,metrica:Away,metrica:Home,restart_or_ball_out_primary_span
1,508.04,508.04,metrica:Away:22,metrica:Away,metrica:Home,restart_or_ball_out_primary_span
1,508.04,508.04,metrica:Away:23,metrica:Away,metrica:Home,restart_or_ball_out_primary_span
1,508.04,508.04,metrica:Away:24,metrica:Away,metrica:Home,restart_or_ball_out_primary_span
1,508.04,508.04,metrica:Away:26,metrica:Away,metrica:Home,restart_or_ball_out_primary_span
1,508.04,508.04,metrica:Away:27,metrica:Away,metrica:Home,restart_or_ball_out_primary_span
1,508.04,508.04,metrica:Away:28,metrica:Away,metrica:Home,restart_or_ball_out_primary_span
1,512.04,512.04,metrica:Away:26,metrica:Away,metrica:Home,attacker_exposure_unavailable
1,512.04,512.04,metrica:Away:27,metrica:Away,metrica:Home,attacker_exposure_unavailable
1,512.04,512.04,metrica:Away:28,metrica:Away,metrica:Home,attacker_exposure_unavailable
1,516.04,516.04,metrica:Away:26,metrica:Away,metrica:Home,attacker_exposure_unavailable
1,516.04,516.04,metrica:Away:27,metrica:Away,metrica:Home,attacker_exposure_unavailable
1,516.04,516.04,metrica:Away:28,metrica:Away,metrica:Home,attacker_exposure_unavailable
1,520.04,520.04,metrica:Away:26,metrica:Away,metrica:Home,attacker_exposure_unavailable
1,520.04,520.04,metrica:Away:27,metrica:Away,metrica:Home,attacker_exposure_unavailable
1,520.04,520.04,metrica:Away:28,metrica:Away,metrica:Home,attacker_exposure_unavailable
1,524.04,524.04,metrica:Away:26,metrica:Away,metrica:Home,attacker_exposure_unavailable
1,524.04,524.04,metrica:Away:27,metrica:Away,metrica:Home,attacker_exposure_unavailable
1,524.04,524.04,metrica:Away:28,metrica:Away,metrica:Home,attacker_exposure_unavailable
1,528.04,528.04,metrica:Away:26,metrica:Away,metrica:Home,attacker_exposure_unavailable
1,528.04,528.04,metrica:Away:27,metrica:Away,metrica:Home,attacker_exposure_unavailable
1,528.04,528.04,metrica:Away:28,metrica:Away,metrica:Home,attacker_exposure_unavailable
1,532.04,532.04,metrica:Away:26,metrica:Away,metrica:Home,attacker_exposure_unavailable
1,532.04,532.04,metrica:Away:27,metrica:Away,metrica:Home,attacker_exposure_unavailable
1,532.04,532.04,metrica:Away:28,metrica:Away,metrica:Home,attacker_exposure_unavailable
1,536.04,536.04,metrica:Away:26,metrica:Away,metrica:Home,attacker_exposure_unavailable
1,536.04,536.04,metrica:Away:27,metrica:Away,metrica:Home,attacker_exposure_unavailable
1,536.04,536.04,metrica:Away:28,metrica:Away,metrica:Home,attacker_exposure_unavailable
1,540.04,540.04,metrica:Away:15,metrica:Away,metrica:Home,restart_or_ball_out_primary_span
1,540.04,540.04,metrica:Away:16,metrica:Away,metrica:Home,restart_or_ball_out_primary_span
1,540.04,540.04,metrica:Away:17,metrica:Away,metrica:Home,restart_or_ball_out_primary_span
1,540.04,540.04,metrica:Away:18,metrica:Away,metrica:Home,restart_or_ball_out_primary_span
1,540.04,540.04,metrica:Away:19,metrica:Away,metrica:Home,restart_or_ball_out_primary_span
1,540.04,540.04,metrica:Away:20,metrica:Away,metrica:Home,restart_or_ball_out_primary_span
1,540.04,540.04,metrica:Away:21,metrica:Away,metrica:Home,restart_or_ball_out_primary_span
1,540.04,540.04,metrica:Away:22,metrica:Away,metrica:Home,restart_or_ball_out_primary_span
1,540.04,540.04,metrica:Away:23,metrica:Away,metrica:Home,restart_or_ball_out_primary_span
1,540.04,540.04,metrica:Away:24,metrica:Away,metrica:Home,restart_or_ball_out_primary_span
1,540.04,540.04,metrica:Away:26,metrica:Away,metrica:Home,restart_or_ball_out_primary_span
1,540.04,540.04,metrica:Away:27,metrica:Away,metrica:Home,restart_or_ball_out_primary_span
1,540.04,540.04,metrica:Away:28,metrica:Away,metrica:Home,restart_or_ball_out_primary_span
1,544.04,544.04,metrica:Home:1,metrica:Home,metrica:Away,restart_or_ball_out_primary_span
1,544.04,544.04,metrica:Home:10,metrica:Home,metrica:Away,restart_or_ball_out_primary_span
1,544.04,544.04,metrica:Home:12,metrica:Home,metrica:Away,restart_or_ball_out_primary_span
1,544.04,544.04,metrica:Home:13,metrica:Home,metrica:Away,restart_or_ball_out_primary_span
1,544.04,544.04,metrica:Home:14,metrica:Home,metrica:Away,restart_or_ball_out_primary_span
1,544.04,544.04,metrica:Home:2,metrica:Home,metrica:Away,restart_or_ball_out_primary_span
1,544.04,544.04,metrica:Home:3,metrica:Home,metrica:Away,restart_or_ball_out_primary_span
1,544.04,544.04,metrica:Home:4,metrica:Home,metrica:Away,restart_or_ball_out_primary_span
1,544.04,544.04,metrica:Home:5,metrica:Home,metrica:Away,restart_or_ball_out_primary_span
1,544.04,544.04,metrica:Home:6,metrica:Home,metrica:Away,restart_or_ball_out_primary_span
1,544.04,544.04,metrica:Home:7,metrica:Home,metrica:Away,restart_or_ball_out_primary_span
1,544.04,544.04,metrica:Home:8,metrica:Home,metrica:Away,restart_or_ball_out_primary_span
1,544.04,544.04,metrica:Home:9,metrica:Home,metrica:Away,restart_or_ball_out_primary_span
1,548.04,548.04,metrica:Away:26,metrica:Away,metrica:Home,attacker_exposure_unavailable
1,548.04,548.04,metrica:Away:27,metrica:Away,metrica:Home,attacker_exposure_unavailable
1,548.04,548.04,metrica:Away:28,metrica:Away,metrica:Home,attacker_exposure_unavailable
1,552.04,552.04,metrica:Away:26,metrica:Away,metrica:Home,attacker_exposure_unavailable
1,552.04,552.04,metrica:Away:27,metrica:Away,metrica:Home,attacker_exposure_unavailable
1,552.04,552.04,metrica:Away:28,metrica:Away,metrica:Home,attacker_exposure_unavailable
1,556.04,556.04,metrica:Away:15,metrica:Away,metrica:Home,restart_or_ball_out_primary_span
1,556.04,556.04,metrica:Away:16,metrica:Away,metrica:Home,restart_or_ball_out_primary_span
1,556.04,556.04,metrica:Away:17,metrica:Away,metrica:Home,restart_or_ball_out_primary_span
1,556.04,556.04,metrica:Away:18,metrica:Away,metrica:Home,restart_or_ball_out_primary_span
1,556.04,556.04,metrica:Away:19,metrica:Away,metrica:Home,restart_or_ball_out_primary_span
1,556.04,556.04,metrica:Away:20,metrica:Away,metrica:Home,restart_or_ball_out_primary_span
1,556.04,556.04,metrica:Away:21,metrica:Away,metrica:Home,restart_or_ball_out_primary_span
1,556.04,556.04,metrica:Away:22,metrica:Away,metrica:Home,restart_or_ball_out_primary_span
1,556.04,556.04,metrica:Away:23,metrica:Away,metrica:Home,restart_or_ball_out_primary_span
1,556.04,556.04,metrica:Away:24,metrica:Away,metrica:Home,restart_or_ball_out_primary_span
1,556.04,556.04,metrica:Away:26,metrica:Away,metrica:Home,restart_or_ball_out_primary_span
1,556.04,556.04,metrica:Away:27,metrica:Away,metrica:Home,restart_or_ball_out_primary_span
1,556.04,556.04,metrica:Away:28,metrica:Away,metrica:Home,restart_or_ball_out_primary_span
1,560.04,560.04,metrica:Away:26,metrica:Away,metrica:Home,attacker_exposure_unavailable
1,560.04,560.04,metrica:Away:27,metrica:Away,metrica:Home,attacker_exposure_unavailable
1,560.04,560.04,metrica:Away:28,metrica:Away,metrica:Home,attacker_exposure_unavailable
1,564.04,564.04,metrica:Away:26,metrica:Away,metrica:Home,attacker_exposure_unavailable
1,564.04,564.04,metrica:Away:27,metrica:Away,metrica:Home,attacker_exposure_unavailable
1,564.04,564.04,metrica:Away:28,metrica:Away,metrica:Home,attacker_exposure_unavailable
1,568.04,568.04,metrica:Away:26,metrica:Away,metrica:Home,attacker_exposure_unavailable
1,568.04,568.04,metrica:Away:27,metrica:Away,metrica:Home,attacker_exposure_unavailable
1,568.04,568.04,metrica:Away:28,metrica:Away,metrica:Home,attacker_exposure_unavailable
1,572.04,572.04,metrica:Away:26,metrica:Away,metrica:Home,attacker_exposure_unavailable
1,572.04,572.04,metrica:Away:27,metrica:Away,metrica:Home,attacker_exposure_unavailable
1,572.04,572.04,metrica:Away:28,metrica:Away,metrica:Home,attacker_exposure_unavailable
1,576.04,576.04,metrica:Away:26,metrica:Away,metrica:Home,attacker_exposure_unavailable
1,576.04,576.04,metrica:Away:27,metrica:Away,metrica:Home,attacker_exposure_unavailable
1,576.04,576.04,metrica:Away:28,metrica:Away,metrica:Home,attacker_exposure_unavailable
1,580.04,580.04,metrica:Away:26,metrica:Away,metrica:Home,attacker_exposure_unavailable
1,580.04,580.04,metrica:Away:27,metrica:Away,metrica:Home,attacker_exposure_unavailable
1,580.04,580.04,metrica:Away:28,metrica:Away,metrica:Home,attacker_exposure_unavailable
1,584.04,584.04,metrica:Home:1,metrica:Home,metrica:Away,restart_or_ball_out_primary_span
1,584.04,584.04,metrica:Home:10,metrica:Home,metrica:Away,restart_or_ball_out_primary_span
1,584.04,584.04,metrica:Home:12,metrica:Home,metrica:Away,restart_or_ball_out_primary_span
1,584.04,584.04,metrica:Home:13,metrica:Home,metrica:Away,restart_or_ball_out_primary_span
1,584.04,584.04,metrica:Home:14,metrica:Home,metrica:Away,restart_or_ball_out_primary_span
1,584.04,584.04,metrica:Home:2,metrica:Home,metrica:Away,restart_or_ball_out_primary_span
1,584.04,584.04,metrica:Home:3,metrica:Home,metrica:Away,restart_or_ball_out_primary_span
1,584.04,584.04,metrica:Home:4,metrica:Home,metrica:Away,restart_or_ball_out_primary_span
1,584.04,584.04,metrica:Home:5,metrica:Home,metrica:Away,restart_or_ball_out_primary_span
1,584.04,584.04,metrica:Home:6,metrica:Home,metrica:Away,restart_or_ball_out_primary_span
1,584.04,584.04,metrica:Home:7,metrica:Home,metrica:Away,restart_or_ball_out_primary_span
1,584.04,584.04,metrica:Home:8,metrica:Home,metrica:Away,restart_or_ball_out_primary_span
1,584.04,584.04,metrica:Home:9,metrica:Home,metrica:Away,restart_or_ball_out_primary_span
1,588.04,588.04,metrica:Home:12,metrica:Home,metrica:Away,attacker_exposure_unavailable
1,588.04,588.04,metrica:Home:13,metrica:Home,metrica:Away,attacker_exposure_unavailable
1,588.04,588.04,metrica:Home:14,metrica:Home,metrica:Away,attacker_exposure_unavailable
1,592.04,592.04,metrica:Away:26,metrica:Away,metrica:Home,attacker_exposure_unavailable
1,592.04,592.04,metrica:Away:27,metrica:Away,metrica:Home,attacker_exposure_unavailable
1,592.04,592.04,metrica:Away:28,metrica:Away,metrica:Home,attacker_exposure_unavailable
1,596.04,596.04,metrica:Away:26,metrica:Away,metrica:Home,attacker_exposure_unavailable
1,596.04,596.04,metrica:Away:27,metrica:Away,metrica:Home,attacker_exposure_unavailable
1,596.04,596.04,metrica:Away:28,metrica:Away,metrica:Home,attacker_exposure_unavailable
1,600.04,600.04,metrica:Away:26,metrica:Away,metrica:Home,attacker_exposure_unavailable
1,600.04,600.04,metrica:Away:27,metrica:Away,metrica:Home,attacker_exposure_unavailable
1,600.04,600.04,metrica:Away:28,metrica:Away,metrica:Home,attacker_exposure_unavailable
1,604.04,604.04,metrica:Home:12,metrica:Home,metrica:Away,attacker_exposure_unavailable
1,604.04,604.04,metrica:Home:13,metrica:Home,metrica:Away,attacker_exposure_unavailable
1,604.04,604.04,metrica:Home:14,metrica:Home,metrica:Away,attacker_exposure_unavailable
1,608.04,608.04,metrica:Home:12,metrica:Home,metrica:Away,attacker_exposure_unavailable
1,608.04,608.04,metrica:Home:13,metrica:Home,metrica:Away,attacker_exposure_unavailable
1,608.04,608.04,metrica:Home:14,metrica:Home,metrica:Away,attacker_exposure_unavailable
1,612.04,612.04,metrica:Away:26,metrica:Away,metrica:Home,attacker_exposure_unavailable
1,612.04,612.04,metrica:Away:27,metrica:Away,metrica:Home,attacker_exposure_unavailable
1,612.04,612.04,metrica:Away:28,metrica:Away,metrica:Home,attacker_exposure_unavailable
1,616.04,616.04,metrica:Home:12,metrica:Home,metrica:Away,attacker_exposure_unavailable
1,616.04,616.04,metrica:Home:13,metrica:Home,metrica:Away,attacker_exposure_unavailable
1,616.04,616.04,metrica:Home:14,metrica:Home,metrica:Away,attacker_exposure_unavailable
1,620.04,620.04,metrica:Away:26,metrica:Away,metrica:Home,attacker_exposure_unavailable
1,620.04,620.04,metrica:Away:27,metrica:Away,metrica:Home,attacker_exposure_unavailable
1,620.04,620.04,metrica:Away:28,metrica:Away,metrica:Home,attacker_exposure_unavailable
1,624.04,624.04,metrica:Away:26,metrica:Away,metrica:Home,attacker_exposure_unavailable
1,624.04,624.04,metrica:Away:27,metrica:Away,metrica:Home,attacker_exposure_unavailable
1,624.04,624.04,metrica:Away:28,metrica:Away,metrica:Home,attacker_exposure_unavailable
1,628.04,628.04,metrica:Home:12,metrica:Home,metrica:Away,attacker_exposure_unavailable
1,628.04,628.04,metrica:Home:13,metrica:Home,metrica:Away,attacker_exposure_unavailable
1,628.04,628.04,metrica:Home:14,metrica:Home,metrica:Away,attacker_exposure_unavailable
1,632.04,632.04,metrica:Home:12,metrica:Home,metrica:Away,attacker_exposure_unavailable
1,632.04,632.04,metrica:Home:13,metrica:Home,metrica:Away,attacker_exposure_unavailable
1,632.04,632.04,metrica:Home:14,metrica:Home,metrica:Away,attacker_exposure_unavailable
1,636.04,636.04,metrica:Home:1,metrica:Home,metrica:Away,restart_or_ball_out_primary_span
1,636.04,636.04,metrica:Home:10,metrica:Home,metrica:Away,restart_or_ball_out_primary_span
1,636.04,636.04,metrica:Home:12,metrica:Home,metrica:Away,restart_or_ball_out_primary_span
1,636.04,636.04,metrica:Home:13,metrica:Home,metrica:Away,restart_or_ball_out_primary_span
1,636.04,636.04,metrica:Home:14,metrica:Home,metrica:Away,restart_or_ball_out_primary_span
1,636.04,636.04,metrica:Home:2,metrica:Home,metrica:Away,restart_or_ball_out_primary_span
1,636.04,636.04,metrica:Home:3,metrica:Home,metrica:Away,restart_or_ball_out_primary_span
1,636.04,636.04,metrica:Home:4,metrica:Home,metrica:Away,restart_or_ball_out_primary_span
1,636.04,636.04,metrica:Home:5,metrica:Home,metrica:Away,restart_or_ball_out_primary_span
1,636.04,636.04,metrica:Home:6,metrica:Home,metrica:Away,restart_or_ball_out_primary_span
1,636.04,636.04,metrica:Home:7,metrica:Home,metrica:Away,restart_or_ball_out_primary_span
1,636.04,636.04,metrica:Home:8,metrica:Home,metrica:Away,restart_or_ball_out_primary_span
1,636.04,636.04,metrica:Home:9,metrica:Home,metrica:Away,restart_or_ball_out_primary_span
1,640.04,640.04,metrica:Home:1,metrica:Home,metrica:Away,restart_or_ball_out_primary_span
1,640.04,640.04,metrica:Home:10,metrica:Home,metrica:Away,restart_or_ball_out_primary_span
1,640.04,640.04,metrica:Home:12,metrica:Home,metrica:Away,restart_or_ball_out_primary_span
1,640.04,640.04,metrica:Home:13,metrica:Home,metrica:Away,restart_or_ball_out_primary_span
1,640.04,640.04,metrica:Home:14,metrica:Home,metrica:Away,restart_or_ball_out_primary_span
1,640.04,640.04,metrica:Home:2,metrica:Home,metrica:Away,restart_or_ball_out_primary_span
1,640.04,640.04,metrica:Home:3,metrica:Home,metrica:Away,restart_or_ball_out_primary_span
1,640.04,640.04,metrica:Home:4,metrica:Home,metrica:Away,restart_or_ball_out_primary_span
1,640.04,640.04,metrica:Home:5,metrica:Home,metrica:Away,restart_or_ball_out_primary_span
1,640.04,640.04,metrica:Home:6,metrica:Home,metrica:Away,restart_or_ball_out_primary_span
1,640.04,640.04,metrica:Home:7,metrica:Home,metrica:Away,restart_or_ball_out_primary_span
1,640.04,640.04,metrica:Home:8,metrica:Home,metrica:Away,restart_or_ball_out_primary_span
1,640.04,640.04,metrica:Home:9,metrica:Home,metrica:Away,restart_or_ball_out_primary_span
1,644.04,644.04,metrica:Home:12,metrica:Home,metrica:Away,attacker_exposure_unavailable
1,644.04,644.04,metrica:Home:13,metrica:Home,metrica:Away,attacker_exposure_unavailable
1,644.04,644.04,metrica:Home:14,metrica:Home,metrica:Away,attacker_exposure_unavailable
1,648.04,648.04,metrica:Home:12,metrica:Home,metrica:Away,attacker_exposure_unavailable
1,648.04,648.04,metrica:Home:13,metrica:Home,metrica:Away,attacker_exposure_unavailable
1,648.04,648.04,metrica:Home:14,metrica:Home,metrica:Away,attacker_exposure_unavailable
1,652.04,652.04,metrica:Home:12,metrica:Home,metrica:Away,attacker_exposure_unavailable
1,652.04,652.04,metrica:Home:13,metrica:Home,metrica:Away,attacker_exposure_unavailable
1,652.04,652.04,metrica:Home:14,metrica:Home,metrica:Away,attacker_exposure_unavailable
1,656.04,656.04,metrica:Home:12,metrica:Home,metrica:Away,attacker_exposure_unavailable
1,656.04,656.04,metrica:Home:13,metrica:Home,metrica:Away,attacker_exposure_unavailable
1,656.04,656.04,metrica:Home:14,metrica:Home,metrica:Away,attacker_exposure_unavailable
1,660.04,660.04,metrica:Away:15,metrica:Away,metrica:Home,restart_or_ball_out_primary_span
1,660.04,660.04,metrica:Away:16,metrica:Away,metrica:Home,restart_or_ball_out_primary_span
1,660.04,660.04,metrica:Away:17,metrica:Away,metrica:Home,restart_or_ball_out_primary_span
1,660.04,660.04,metrica:Away:18,metrica:Away,metrica:Home,restart_or_ball_out_primary_span
1,660.04,660.04,metrica:Away:19,metrica:Away,metrica:Home,restart_or_ball_out_primary_span
1,660.04,660.04,metrica:Away:20,metrica:Away,metrica:Home,restart_or_ball_out_primary_span
1,660.04,660.04,metrica:Away:21,metrica:Away,metrica:Home,restart_or_ball_out_primary_span
1,660.04,660.04,metrica:Away:22,metrica:Away,metrica:Home,restart_or_ball_out_primary_span
1,660.04,660.04,metrica:Away:23,metrica:Away,metrica:Home,restart_or_ball_out_primary_span
1,660.04,660.04,metrica:Away:24,metrica:Away,metrica:Home,restart_or_ball_out_primary_span
1,660.04,660.04,metrica:Away:26,metrica:Away,metrica:Home,restart_or_ball_out_primary_span
1,660.04,660.04,metrica:Away:27,metrica:Away,metrica:Home,restart_or_ball_out_primary_span
1,660.04,660.04,metrica:Away:28,metrica:Away,metrica:Home,restart_or_ball_out_primary_span
1,664.04,664.04,metrica:Away:26,metrica:Away,metrica:Home,attacker_exposure_unavailable
1,664.04,664.04,metrica:Away:27,metrica:Away,metrica:Home,attacker_exposure_unavailable
1,664.04,664.04,metrica:Away:28,metrica:Away,metrica:Home,attacker_exposure_unavailable
1,668.04,668.04,metrica:Away:26,metrica:Away,metrica:Home,attacker_exposure_unavailable
1,668.04,668.04,metrica:Away:27,metrica:Away,metrica:Home,attacker_exposure_unavailable
1,668.04,668.04,metrica:Away:28,metrica:Away,metrica:Home,attacker_exposure_unavailable
1,672.04,672.04,metrica:Away:26,metrica:Away,metrica:Home,attacker_exposure_unavailable
1,672.04,672.04,metrica:Away:27,metrica:Away,metrica:Home,attacker_exposure_unavailable
1,672.04,672.04,metrica:Away:28,metrica:Away,metrica:Home,attacker_exposure_unavailable
1,676.04,676.04,metrica:Away:26,metrica:Away,metrica:Home,attacker_exposure_unavailable
1,676.04,676.04,metrica:Away:27,metrica:Away,metrica:Home,attacker_exposure_unavailable
1,676.04,676.04,metrica:Away:28,metrica:Away,metrica:Home,attacker_exposure_unavailable
1,680.04,680.04,metrica:Away:26,metrica:Away,metrica:Home,attacker_exposure_unavailable
1,680.04,680.04,metrica:Away:27,metrica:Away,metrica:Home,attacker_exposure_unavailable
1,680.04,680.04,metrica:Away:28,metrica:Away,metrica:Home,attacker_exposure_unavailable
1,684.04,684.04,metrica:Away:26,metrica:Away,metrica:Home,attacker_exposure_unavailable
1,684.04,684.04,metrica:Away:27,metrica:Away,metrica:Home,attacker_exposure_unavailable
1,684.04,684.04,metrica:Away:28,metrica:Away,metrica:Home,attacker_exposure_unavailable
1,688.04,688.04,metrica:Away:26,metrica:Away,metrica:Home,attacker_exposure_unavailable
1,688.04,688.04,metrica:Away:27,metrica:Away,metrica:Home,attacker_exposure_unavailable
1,688.04,688.04,metrica:Away:28,metrica:Away,metrica:Home,attacker_exposure_unavailable
1,692.04,692.04,metrica:Home:1,metrica:Home,metrica:Away,restart_or_ball_out_primary_span
1,692.04,692.04,metrica:Home:10,metrica:Home,metrica:Away,restart_or_ball_out_primary_span
1,692.04,692.04,metrica:Home:12,metrica:Home,metrica:Away,restart_or_ball_out_primary_span
1,692.04,692.04,metrica:Home:13,metrica:Home,metrica:Away,restart_or_ball_out_primary_span
1,692.04,692.04,metrica:Home:14,metrica:Home,metrica:Away,restart_or_ball_out_primary_span
1,692.04,692.04,metrica:Home:2,metrica:Home,metrica:Away,restart_or_ball_out_primary_span
1,692.04,692.04,metrica:Home:3,metrica:Home,metrica:Away,restart_or_ball_out_primary_span
1,692.04,692.04,metrica:Home:4,metrica:Home,metrica:Away,restart_or_ball_out_primary_span
1,692.04,692.04,metrica:Home:5,metrica:Home,metrica:Away,restart_or_ball_out_primary_span
1,692.04,692.04,metrica:Home:6,metrica:Home,metrica:Away,restart_or_ball_out_primary_span
1,692.04,692.04,metrica:Home:7,metrica:Home,metrica:Away,restart_or_ball_out_primary_span
1,692.04,692.04,metrica:Home:8,metrica:Home,metrica:Away,restart_or_ball_out_primary_span
1,692.04,692.04,metrica:Home:9,metrica:Home,metrica:Away,restart_or_ball_out_primary_span
1,696.04,696.04,metrica:Away:15,metrica:Away,metrica:Home,restart_or_ball_out_primary_span
1,696.04,696.04,metrica:Away:16,metrica:Away,metrica:Home,restart_or_ball_out_primary_span
1,696.04,696.04,metrica:Away:17,metrica:Away,metrica:Home,restart_or_ball_out_primary_span
1,696.04,696.04,metrica:Away:18,metrica:Away,metrica:Home,restart_or_ball_out_primary_span
1,696.04,696.04,metrica:Away:19,metrica:Away,metrica:Home,restart_or_ball_out_primary_span
1,696.04,696.04,metrica:Away:20,metrica:Away,metrica:Home,restart_or_ball_out_primary_span
1,696.04,696.04,metrica:Away:21,metrica:Away,metrica:Home,restart_or_ball_out_primary_span
1,696.04,696.04,metrica:Away:22,metrica:Away,metrica:Home,restart_or_ball_out_primary_span
1,696.04,696.04,metrica:Away:23,metrica:Away,metrica:Home,restart_or_ball_out_primary_span
1,696.04,696.04,metrica:Away:24,metrica:Away,metrica:Home,restart_or_ball_out_primary_span
1,696.04,696.04,metrica:Away:26,metrica:Away,metrica:Home,restart_or_ball_out_primary_span
1,696.04,696.04,metrica:Away:27,metrica:Away,metrica:Home,restart_or_ball_out_primary_span
1,696.04,696.04,metrica:Away:28,metrica:Away,metrica:Home,restart_or_ball_out_primary_span
1,700.04,700.04,metrica:Away:26,metrica:Away,metrica:Home,attacker_exposure_unavailable
1,700.04,700.04,metrica:Away:27,metrica:Away,metrica:Home,attacker_exposure_unavailable
1,700.04,700.04,metrica:Away:28,metrica:Away,metrica:Home,attacker_exposure_unavailable
1,704.04,704.04,metrica:Away:26,metrica:Away,metrica:Home,attacker_exposure_unavailable
1,704.04,704.04,metrica:Away:27,metrica:Away,metrica:Home,attacker_exposure_unavailable
1,704.04,704.04,metrica:Away:28,metrica:Away,metrica:Home,attacker_exposure_unavailable
1,708.04,708.04,metrica:Away:26,metrica:Away,metrica:Home,attacker_exposure_unavailable
1,708.04,708.04,metrica:Away:27,metrica:Away,metrica:Home,attacker_exposure_unavailable
1,708.04,708.04,metrica:Away:28,metrica:Away,metrica:Home,attacker_exposure_unavailable
1,712.04,712.04,metrica:Away:26,metrica:Away,metrica:Home,attacker_exposure_unavailable
1,712.04,712.04,metrica:Away:27,metrica:Away,metrica:Home,attacker_exposure_unavailable
1,712.04,712.04,metrica:Away:28,metrica:Away,metrica:Home,attacker_exposure_unavailable
1,716.04,716.04,metrica:Away:26,metrica:Away,metrica:Home,attacker_exposure_unavailable
1,716.04,716.04,metrica:Away:27,metrica:Away,metrica:Home,attacker_exposure_unavailable
1,716.04,716.04,metrica:Away:28,metrica:Away,metrica:Home,attacker_exposure_unavailable
1,720.04,720.04,metrica:Away:26,metrica:Away,metrica:Home,attacker_exposure_unavailable
1,720.04,720.04,metrica:Away:27,metrica:Away,metrica:Home,attacker_exposure_unavailable
1,720.04,720.04,metrica:Away:28,metrica:Away,metrica:Home,attacker_exposure_unavailable
1,724.04,724.04,metrica:Away:26,metrica:Away,metrica:Home,attacker_exposure_unavailable
1,724.04,724.04,metrica:Away:27,metrica:Away,metrica:Home,attacker_exposure_unavailable
1,724.04,724.04,metrica:Away:28,metrica:Away,metrica:Home,attacker_exposure_unavailable
1,728.04,728.04,metrica:Away:15,metrica:Away,metrica:Home,restart_or_ball_out_primary_span
1,728.04,728.04,metrica:Away:16,metrica:Away,metrica:Home,restart_or_ball_out_primary_span
1,728.04,728.04,metrica:Away:17,metrica:Away,metrica:Home,restart_or_ball_out_primary_span
1,728.04,728.04,metrica:Away:18,metrica:Away,metrica:Home,restart_or_ball_out_primary_span
1,728.04,728.04,metrica:Away:19,metrica:Away,metrica:Home,restart_or_ball_out_primary_span
1,728.04,728.04,metrica:Away:20,metrica:Away,metrica:Home,restart_or_ball_out_primary_span
1,728.04,728.04,metrica:Away:21,metrica:Away,metrica:Home,restart_or_ball_out_primary_span
1,728.04,728.04,metrica:Away:22,metrica:Away,metrica:Home,restart_or_ball_out_primary_span
1,728.04,728.04,metrica:Away:23,metrica:Away,metrica:Home,restart_or_ball_out_primary_span
1,728.04,728.04,metrica:Away:24,metrica:Away,metrica:Home,restart_or_ball_out_primary_span
1,728.04,728.04,metrica:Away:26,metrica:Away,metrica:Home,restart_or_ball_out_primary_span
1,728.04,728.04,metrica:Away:27,metrica:Away,metrica:Home,restart_or_ball_out_primary_span
1,728.04,728.04,metrica:Away:28,metrica:Away,metrica:Home,restart_or_ball_out_primary_span
1,732.04,732.04,metrica:Home:1,metrica:Home,metrica:Away,restart_or_ball_out_primary_span
1,732.04,732.04,metrica:Home:10,metrica:Home,metrica:Away,restart_or_ball_out_primary_span
1,732.04,732.04,metrica:Home:12,metrica:Home,metrica:Away,restart_or_ball_out_primary_span
1,732.04,732.04,metrica:Home:13,metrica:Home,metrica:Away,restart_or_ball_out_primary_span
1,732.04,732.04,metrica:Home:14,metrica:Home,metrica:Away,restart_or_ball_out_primary_span
1,732.04,732.04,metrica:Home:2,metrica:Home,metrica:Away,restart_or_ball_out_primary_span
1,732.04,732.04,metrica:Home:3,metrica:Home,metrica:Away,restart_or_ball_out_primary_span
1,732.04,732.04,metrica:Home:4,metrica:Home,metrica:Away,restart_or_ball_out_primary_span
1,732.04,732.04,metrica:Home:5,metrica:Home,metrica:Away,restart_or_ball_out_primary_span
1,732.04,732.04,metrica:Home:6,metrica:Home,metrica:Away,restart_or_ball_out_primary_span
1,732.04,732.04,metrica:Home:7,metrica:Home,metrica:Away,restart_or_ball_out_primary_span
1,732.04,732.04,metrica:Home:8,metrica:Home,metrica:Away,restart_or_ball_out_primary_span
1,732.04,732.04,metrica:Home:9,metrica:Home,metrica:Away,restart_or_ball_out_primary_span
1,736.04,736.04,metrica:Home:12,metrica:Home,metrica:Away,attacker_exposure_unavailable
1,736.04,736.04,metrica:Home:13,metrica:Home,metrica:Away,attacker_exposure_unavailable
1,736.04,736.04,metrica:Home:14,metrica:Home,metrica:Away,attacker_exposure_unavailable
1,740.04,740.04,metrica:Home:12,metrica:Home,metrica:Away,attacker_exposure_unavailable
1,740.04,740.04,metrica:Home:13,metrica:Home,metrica:Away,attacker_exposure_unavailable
1,740.04,740.04,metrica:Home:14,metrica:Home,metrica:Away,attacker_exposure_unavailable
1,744.04,744.04,metrica:Away:15,metrica:Away,metrica:Home,restart_or_ball_out_primary_span
1,744.04,744.04,metrica:Away:16,metrica:Away,metrica:Home,restart_or_ball_out_primary_span
1,744.04,744.04,metrica:Away:17,metrica:Away,metrica:Home,restart_or_ball_out_primary_span
1,744.04,744.04,metrica:Away:18,metrica:Away,metrica:Home,restart_or_ball_out_primary_span
1,744.04,744.04,metrica:Away:19,metrica:Away,metrica:Home,restart_or_ball_out_primary_span
1,744.04,744.04,metrica:Away:20,metrica:Away,metrica:Home,restart_or_ball_out_primary_span
1,744.04,744.04,metrica:Away:21,metrica:Away,metrica:Home,restart_or_ball_out_primary_span
1,744.04,744.04,metrica:Away:22,metrica:Away,metrica:Home,restart_or_ball_out_primary_span
1,744.04,744.04,metrica:Away:23,metrica:Away,metrica:Home,restart_or_ball_out_primary_span
1,744.04,744.04,metrica:Away:24,metrica:Away,metrica:Home,restart_or_ball_out_primary_span
1,744.04,744.04,metrica:Away:26,metrica:Away,metrica:Home,restart_or_ball_out_primary_span
1,744.04,744.04,metrica:Away:27,metrica:Away,metrica:Home,restart_or_ball_out_primary_span
1,744.04,744.04,metrica:Away:28,metrica:Away,metrica:Home,restart_or_ball_out_primary_span
1,748.04,748.04,metrica:Away:26,metrica:Away,metrica:Home,attacker_exposure_unavailable
1,748.04,748.04,metrica:Away:27,metrica:Away,metrica:Home,attacker_exposure_unavailable
1,748.04,748.04,metrica:Away:28,metrica:Away,metrica:Home,attacker_exposure_unavailable
1,752.04,752.04,metrica:Away:26,metrica:Away,metrica:Home,attacker_exposure_unavailable
1,752.04,752.04,metrica:Away:27,metrica:Away,metrica:Home,attacker_exposure_unavailable
1,752.04,752.04,metrica:Away:28,metrica:Away,metrica:Home,attacker_exposure_unavailable
1,756.04,756.04,metrica:Away:26,metrica:Away,metrica:Home,attacker_exposure_unavailable
1,756.04,756.04,metrica:Away:27,metrica:Away,metrica:Home,attacker_exposure_unavailable
1,756.04,756.04,metrica:Away:28,metrica:Away,metrica:Home,attacker_exposure_unavailable
1,760.04,760.04,metrica:Away:26,metrica:Away,metrica:Home,attacker_exposure_unavailable
1,760.04,760.04,metrica:Away:27,metrica:Away,metrica:Home,attacker_exposure_unavailable
1,760.04,760.04,metrica:Away:28,metrica:Away,metrica:Home,attacker_exposure_unavailable
1,764.04,764.04,metrica:Home:12,metrica:Home,metrica:Away,attacker_exposure_unavailable
1,764.04,764.04,metrica:Home:13,metrica:Home,metrica:Away,attacker_exposure_unavailable
1,764.04,764.04,metrica:Home:14,metrica:Home,metrica:Away,attacker_exposure_unavailable
1,768.04,768.04,metrica:Away:26,metrica:Away,metrica:Home,attacker_exposure_unavailable
1,768.04,768.04,metrica:Away:27,metrica:Away,metrica:Home,attacker_exposure_unavailable
1,768.04,768.04,metrica:Away:28,metrica:Away,metrica:Home,attacker_exposure_unavailable
1,772.04,772.04,metrica:Away:26,metrica:Away,metrica:Home,attacker_exposure_unavailable
1,772.04,772.04,metrica:Away:27,metrica:Away,metrica:Home,attacker_exposure_unavailable
1,772.04,772.04,metrica:Away:28,metrica:Away,metrica:Home,attacker_exposure_unavailable
1,776.04,776.04,metrica:Away:26,metrica:Away,metrica:Home,attacker_exposure_unavailable
1,776.04,776.04,metrica:Away:27,metrica:Away,metrica:Home,attacker_exposure_unavailable
1,776.04,776.04,metrica:Away:28,metrica:Away,metrica:Home,attacker_exposure_unavailable
1,780.04,780.04,metrica:Home:12,metrica:Home,metrica:Away,attacker_exposure_unavailable
1,780.04,780.04,metrica:Home:13,metrica:Home,metrica:Away,attacker_exposure_unavailable
1,780.04,780.04,metrica:Home:14,metrica:Home,metrica:Away,attacker_exposure_unavailable
1,784.04,784.04,metrica:Home:1,metrica:Home,metrica:Away,restart_or_ball_out_primary_span
1,784.04,784.04,metrica:Home:10,metrica:Home,metrica:Away,restart_or_ball_out_primary_span
1,784.04,784.04,metrica:Home:12,metrica:Home,metrica:Away,restart_or_ball_out_primary_span
1,784.04,784.04,metrica:Home:13,metrica:Home,metrica:Away,restart_or_ball_out_primary_span
1,784.04,784.04,metrica:Home:14,metrica:Home,metrica:Away,restart_or_ball_out_primary_span
1,784.04,784.04,metrica:Home:2,metrica:Home,metrica:Away,restart_or_ball_out_primary_span
1,784.04,784.04,metrica:Home:3,metrica:Home,metrica:Away,restart_or_ball_out_primary_span
1,784.04,784.04,metrica:Home:4,metrica:Home,metrica:Away,restart_or_ball_out_primary_span
1,784.04,784.04,metrica:Home:5,metrica:Home,metrica:Away,restart_or_ball_out_primary_span
1,784.04,784.04,metrica:Home:6,metrica:Home,metrica:Away,restart_or_ball_out_primary_span
1,784.04,784.04,metrica:Home:7,metrica:Home,metrica:Away,restart_or_ball_out_primary_span
1,784.04,784.04,metrica:Home:8,metrica:Home,metrica:Away,restart_or_ball_out_primary_span
1,784.04,784.04,metrica:Home:9,metrica:Home,metrica:Away,restart_or_ball_out_primary_span
1,788.04,788.04,metrica:Away:15,metrica:Away,metrica:Home,restart_or_ball_out_primary_span
1,788.04,788.04,metrica:Away:16,metrica:Away,metrica:Home,restart_or_ball_out_primary_span
1,788.04,788.04,metrica:Away:17,metrica:Away,metrica:Home,restart_or_ball_out_primary_span
1,788.04,788.04,metrica:Away:18,metrica:Away,metrica:Home,restart_or_ball_out_primary_span
1,788.04,788.04,metrica:Away:19,metrica:Away,metrica:Home,restart_or_ball_out_primary_span
1,788.04,788.04,metrica:Away:20,metrica:Away,metrica:Home,restart_or_ball_out_primary_span
1,788.04,788.04,metrica:Away:21,metrica:Away,metrica:Home,restart_or_ball_out_primary_span
1,788.04,788.04,metrica:Away:22,metrica:Away,metrica:Home,restart_or_ball_out_primary_span
1,788.04,788.04,metrica:Away:23,metrica:Away,metrica:Home,restart_or_ball_out_primary_span
1,788.04,788.04,metrica:Away:24,metrica:Away,metrica:Home,restart_or_ball_out_primary_span
1,788.04,788.04,metrica:Away:26,metrica:Away,metrica:Home,restart_or_ball_out_primary_span
1,788.04,788.04,metrica:Away:27,metrica:Away,metrica:Home,restart_or_ball_out_primary_span
1,788.04,788.04,metrica:Away:28,metrica:Away,metrica:Home,restart_or_ball_out_primary_span
1,792.04,792.04,metrica:Away:26,metrica:Away,metrica:Home,attacker_exposure_unavailable
1,792.04,792.04,metrica:Away:27,metrica:Away,metrica:Home,attacker_exposure_unavailable
1,792.04,792.04,metrica:Away:28,metrica:Away,metrica:Home,attacker_exposure_unavailable
1,796.04,796.04,metrica:Away:26,metrica:Away,metrica:Home,attacker_exposure_unavailable
1,796.04,796.04,metrica:Away:27,metrica:Away,metrica:Home,attacker_exposure_unavailable
1,796.04,796.04,metrica:Away:28,metrica:Away,metrica:Home,attacker_exposure_unavailable
1,800.04,800.04,metrica:Away:26,metrica:Away,metrica:Home,attacker_exposure_unavailable
1,800.04,800.04,metrica:Away:27,metrica:Away,metrica:Home,attacker_exposure_unavailable
1,800.04,800.04,metrica:Away:28,metrica:Away,metrica:Home,attacker_exposure_unavailable
1,804.04,804.04,metrica:Away:15,metrica:Away,metrica:Home,restart_or_ball_out_primary_span
1,804.04,804.04,metrica:Away:16,metrica:Away,metrica:Home,restart_or_ball_out_primary_span
1,804.04,804.04,metrica:Away:17,metrica:Away,metrica:Home,restart_or_ball_out_primary_span
1,804.04,804.04,metrica:Away:18,metrica:Away,metrica:Home,restart_or_ball_out_primary_span
1,804.04,804.04,metrica:Away:19,metrica:Away,metrica:Home,restart_or_ball_out_primary_span
1,804.04,804.04,metrica:Away:20,metrica:Away,metrica:Home,restart_or_ball_out_primary_span
1,804.04,804.04,metrica:Away:21,metrica:Away,metrica:Home,restart_or_ball_out_primary_span
1,804.04,804.04,metrica:Away:22,metrica:Away,metrica:Home,restart_or_ball_out_primary_span
1,804.04,804.04,metrica:Away:23,metrica:Away,metrica:Home,restart_or_ball_out_primary_span
1,804.04,804.04,metrica:Away:24,metrica:Away,metrica:Home,restart_or_ball_out_primary_span
1,804.04,804.04,metrica:Away:26,metrica:Away,metrica:Home,restart_or_ball_out_primary_span
1,804.04,804.04,metrica:Away:27,metrica:Away,metrica:Home,restart_or_ball_out_primary_span
1,804.04,804.04,metrica:Away:28,metrica:Away,metrica:Home,restart_or_ball_out_primary_span
1,808.04,808.04,metrica:Away:15,metrica:Away,metrica:Home,restart_or_ball_out_primary_span
1,808.04,808.04,metrica:Away:16,metrica:Away,metrica:Home,restart_or_ball_out_primary_span
1,808.04,808.04,metrica:Away:17,metrica:Away,metrica:Home,restart_or_ball_out_primary_span
1,808.04,808.04,metrica:Away:18,metrica:Away,metrica:Home,restart_or_ball_out_primary_span
1,808.04,808.04,metrica:Away:19,metrica:Away,metrica:Home,restart_or_ball_out_primary_span
1,808.04,808.04,metrica:Away:20,metrica:Away,metrica:Home,restart_or_ball_out_primary_span
1,808.04,808.04,metrica:Away:21,metrica:Away,metrica:Home,restart_or_ball_out_primary_span
1,808.04,808.04,metrica:Away:22,metrica:Away,metrica:Home,restart_or_ball_out_primary_span
1,808.04,808.04,metrica:Away:23,metrica:Away,metrica:Home,restart_or_ball_out_primary_span
1,808.04,808.04,metrica:Away:24,metrica:Away,metrica:Home,restart_or_ball_out_primary_span
1,808.04,808.04,metrica:Away:26,metrica:Away,metrica:Home,restart_or_ball_out_primary_span
1,808.04,808.04,metrica:Away:27,metrica:Away,metrica:Home,restart_or_ball_out_primary_span
1,808.04,808.04,metrica:Away:28,metrica:Away,metrica:Home,restart_or_ball_out_primary_span
1,812.04,812.04,metrica:Away:26,metrica:Away,metrica:Home,attacker_exposure_unavailable
1,812.04,812.04,metrica:Away:27,metrica:Away,metrica:Home,attacker_exposure_unavailable
1,812.04,812.04,metrica:Away:28,metrica:Away,metrica:Home,attacker_exposure_unavailable
1,816.04,816.04,metrica:Home:12,metrica:Home,metrica:Away,attacker_exposure_unavailable
1,816.04,816.04,metrica:Home:13,metrica:Home,metrica:Away,attacker_exposure_unavailable
1,816.04,816.04,metrica:Home:14,metrica:Home,metrica:Away,attacker_exposure_unavailable
1,820.04,820.04,metrica:Home:12,metrica:Home,metrica:Away,attacker_exposure_unavailable
1,820.04,820.04,metrica:Home:13,metrica:Home,metrica:Away,attacker_exposure_unavailable
1,820.04,820.04,metrica:Home:14,metrica:Home,metrica:Away,attacker_exposure_unavailable
1,824.04,824.04,metrica:Home:12,metrica:Home,metrica:Away,attacker_exposure_unavailable
1,824.04,824.04,metrica:Home:13,metrica:Home,metrica:Away,attacker_exposure_unavailable
1,824.04,824.04,metrica:Home:14,metrica:Home,metrica:Away,attacker_exposure_unavailable
1,828.04,828.04,metrica:Away:26,metrica:Away,metrica:Home,attacker_exposure_unavailable
1,828.04,828.04,metrica:Away:27,metrica:Away,metrica:Home,attacker_exposure_unavailable
1,828.04,828.04,metrica:Away:28,metrica:Away,metrica:Home,attacker_exposure_unavailable
1,832.04,832.04,metrica:Away:26,metrica:Away,metrica:Home,attacker_exposure_unavailable
1,832.04,832.04,metrica:Away:27,metrica:Away,metrica:Home,attacker_exposure_unavailable
1,832.04,832.04,metrica:Away:28,metrica:Away,metrica:Home,attacker_exposure_unavailable
1,836.04,836.04,metrica:Away:26,metrica:Away,metrica:Home,attacker_exposure_unavailable
1,836.04,836.04,metrica:Away:27,metrica:Away,metrica:Home,attacker_exposure_unavailable
1,836.04,836.04,metrica:Away:28,metrica:Away,metrica:Home,attacker_exposure_unavailable
1,840.04,840.04,metrica:Away:26,metrica:Away,metrica:Home,attacker_exposure_unavailable
1,840.04,840.04,metrica:Away:27,metrica:Away,metrica:Home,attacker_exposure_unavailable
1,840.04,840.04,metrica:Away:28,metrica:Away,metrica:Home,attacker_exposure_unavailable
1,844.04,844.04,metrica:Away:26,metrica:Away,metrica:Home,attacker_exposure_unavailable
1,844.04,844.04,metrica:Away:27,metrica:Away,metrica:Home,attacker_exposure_unavailable
1,844.04,844.04,metrica:Away:28,metrica:Away,metrica:Home,attacker_exposure_unavailable
1,848.04,848.04,metrica:Away:26,metrica:Away,metrica:Home,attacker_exposure_unavailable
1,848.04,848.04,metrica:Away:27,metrica:Away,metrica:Home,attacker_exposure_unavailable
1,848.04,848.04,metrica:Away:28,metrica:Away,metrica:Home,attacker_exposure_unavailable
1,852.04,852.04,metrica:Away:26,metrica:Away,metrica:Home,attacker_exposure_unavailable
1,852.04,852.04,metrica:Away:27,metrica:Away,metrica:Home,attacker_exposure_unavailable
1,852.04,852.04,metrica:Away:28,metrica:Away,metrica:Home,attacker_exposure_unavailable
1,856.04,856.04,metrica:Away:26,metrica:Away,metrica:Home,attacker_exposure_unavailable
1,856.04,856.04,metrica:Away:27,metrica:Away,metrica:Home,attacker_exposure_unavailable
1,856.04,856.04,metrica:Away:28,metrica:Away,metrica:Home,attacker_exposure_unavailable
1,860.04,860.04,metrica:Home:12,metrica:Home,metrica:Away,attacker_exposure_unavailable
1,860.04,860.04,metrica:Home:13,metrica:Home,metrica:Away,attacker_exposure_unavailable
1,860.04,860.04,metrica:Home:14,metrica:Home,metrica:Away,attacker_exposure_unavailable
1,864.04,864.04,metrica:Away:26,metrica:Away,metrica:Home,attacker_exposure_unavailable
1,864.04,864.04,metrica:Away:27,metrica:Away,metrica:Home,attacker_exposure_unavailable
1,864.04,864.04,metrica:Away:28,metrica:Away,metrica:Home,attacker_exposure_unavailable
1,868.04,868.04,metrica:Away:26,metrica:Away,metrica:Home,attacker_exposure_unavailable
1,868.04,868.04,metrica:Away:27,metrica:Away,metrica:Home,attacker_exposure_unavailable
1,868.04,868.04,metrica:Away:28,metrica:Away,metrica:Home,attacker_exposure_unavailable
1,872.04,872.04,metrica:Away:26,metrica:Away,metrica:Home,attacker_exposure_unavailable
1,872.04,872.04,metrica:Away:27,metrica:Away,metrica:Home,attacker_exposure_unavailable
1,872.04,872.04,metrica:Away:28,metrica:Away,metrica:Home,attacker_exposure_unavailable
1,876.04,876.04,metrica:Away:15,metrica:Away,metrica:Home,restart_or_ball_out_primary_span
1,876.04,876.04,metrica:Away:16,metrica:Away,metrica:Home,restart_or_ball_out_primary_span
1,876.04,876.04,metrica:Away:17,metrica:Away,metrica:Home,restart_or_ball_out_primary_span
1,876.04,876.04,metrica:Away:18,metrica:Away,metrica:Home,restart_or_ball_out_primary_span
1,876.04,876.04,metrica:Away:19,metrica:Away,metrica:Home,restart_or_ball_out_primary_span
1,876.04,876.04,metrica:Away:20,metrica:Away,metrica:Home,restart_or_ball_out_primary_span
1,876.04,876.04,metrica:Away:21,metrica:Away,metrica:Home,restart_or_ball_out_primary_span
1,876.04,876.04,metrica:Away:22,metrica:Away,metrica:Home,restart_or_ball_out_primary_span
1,876.04,876.04,metrica:Away:23,metrica:Away,metrica:Home,restart_or_ball_out_primary_span
1,876.04,876.04,metrica:Away:24,metrica:Away,metrica:Home,restart_or_ball_out_primary_span
1,876.04,876.04,metrica:Away:26,metrica:Away,metrica:Home,restart_or_ball_out_primary_span
1,876.04,876.04,metrica:Away:27,metrica:Away,metrica:Home,restart_or_ball_out_primary_span
1,876.04,876.04,metrica:Away:28,metrica:Away,metrica:Home,restart_or_ball_out_primary_span
1,880.04,880.04,metrica:Away:26,metrica:Away,metrica:Home,attacker_exposure_unavailable
1,880.04,880.04,metrica:Away:27,metrica:Away,metrica:Home,attacker_exposure_unavailable
1,880.04,880.04,metrica:Away:28,metrica:Away,metrica:Home,attacker_exposure_unavailable
1,884.04,884.04,metrica:Away:26,metrica:Away,metrica:Home,attacker_exposure_unavailable
1,884.04,884.04,metrica:Away:27,metrica:Away,metrica:Home,attacker_exposure_unavailable
1,884.04,884.04,metrica:Away:28,metrica:Away,metrica:Home,attacker_exposure_unavailable
1,888.04,888.04,metrica:Away:26,metrica:Away,metrica:Home,attacker_exposure_unavailable
1,888.04,888.04,metrica:Away:27,metrica:Away,metrica:Home,attacker_exposure_unavailable
1,888.04,888.04,metrica:Away:28,metrica:Away,metrica:Home,attacker_exposure_unavailable
1,892.04,892.04,metrica:Away:26,metrica:Away,metrica:Home,attacker_exposure_unavailable
1,892.04,892.04,metrica:Away:27,metrica:Away,metrica:Home,attacker_exposure_unavailable
1,892.04,892.04,metrica:Away:28,metrica:Away,metrica:Home,attacker_exposure_unavailable
1,896.04,896.04,metrica:Away:26,metrica:Away,metrica:Home,attacker_exposure_unavailable
1,896.04,896.04,metrica:Away:27,metrica:Away,metrica:Home,attacker_exposure_unavailable
1,896.04,896.04,metrica:Away:28,metrica:Away,metrica:Home,attacker_exposure_unavailable
1,900.04,900.04,metrica:Away:26,metrica:Away,metrica:Home,attacker_exposure_unavailable
1,900.04,900.04,metrica:Away:27,metrica:Away,metrica:Home,attacker_exposure_unavailable
1,900.04,900.04,metrica:Away:28,metrica:Away,metrica:Home,attacker_exposure_unavailable
1,904.04,904.04,metrica:Home:12,metrica:Home,metrica:Away,attacker_exposure_unavailable
1,904.04,904.04,metrica:Home:13,metrica:Home,metrica:Away,attacker_exposure_unavailable
1,904.04,904.04,metrica:Home:14,metrica:Home,metrica:Away,attacker_exposure_unavailable
1,908.04,908.04,metrica:Away:26,metrica:Away,metrica:Home,attacker_exposure_unavailable
1,908.04,908.04,metrica:Away:27,metrica:Away,metrica:Home,attacker_exposure_unavailable
1,908.04,908.04,metrica:Away:28,metrica:Away,metrica:Home,attacker_exposure_unavailable
1,912.04,912.04,metrica:Away:26,metrica:Away,metrica:Home,attacker_exposure_unavailable
1,912.04,912.04,metrica:Away:27,metrica:Away,metrica:Home,attacker_exposure_unavailable
1,912.04,912.04,metrica:Away:28,metrica:Away,metrica:Home,attacker_exposure_unavailable
1,916.04,916.04,metrica:Away:26,metrica:Away,metrica:Home,attacker_exposure_unavailable
1,916.04,916.04,metrica:Away:27,metrica:Away,metrica:Home,attacker_exposure_unavailable
1,916.04,916.04,metrica:Away:28,metrica:Away,metrica:Home,attacker_exposure_unavailable
1,920.04,920.04,metrica:Away:26,metrica:Away,metrica:Home,attacker_exposure_unavailable
1,920.04,920.04,metrica:Away:27,metrica:Away,metrica:Home,attacker_exposure_unavailable
1,920.04,920.04,metrica:Away:28,metrica:Away,metrica:Home,attacker_exposure_unavailable
1,924.04,924.04,metrica:Away:26,metrica:Away,metrica:Home,attacker_exposure_unavailable
1,924.04,924.04,metrica:Away:27,metrica:Away,metrica:Home,attacker_exposure_unavailable
1,924.04,924.04,metrica:Away:28,metrica:Away,metrica:Home,attacker_exposure_unavailable
1,928.04,928.04,metrica:Away:26,metrica:Away,metrica:Home,attacker_exposure_unavailable
1,928.04,928.04,metrica:Away:27,metrica:Away,metrica:Home,attacker_exposure_unavailable
1,928.04,928.04,metrica:Away:28,metrica:Away,metrica:Home,attacker_exposure_unavailable
1,932.04,932.04,metrica:Away:26,metrica:Away,metrica:Home,attacker_exposure_unavailable
1,932.04,932.04,metrica:Away:27,metrica:Away,metrica:Home,attacker_exposure_unavailable
1,932.04,932.04,metrica:Away:28,metrica:Away,metrica:Home,attacker_exposure_unavailable
1,936.04,936.04,metrica:Away:26,metrica:Away,metrica:Home,attacker_exposure_unavailable
1,936.04,936.04,metrica:Away:27,metrica:Away,metrica:Home,attacker_exposure_unavailable
1,936.04,936.04,metrica:Away:28,metrica:Away,metrica:Home,attacker_exposure_unavailable
1,940.04,940.04,metrica:Away:26,metrica:Away,metrica:Home,attacker_exposure_unavailable
1,940.04,940.04,metrica:Away:27,metrica:Away,metrica:Home,attacker_exposure_unavailable
1,940.04,940.04,metrica:Away:28,metrica:Away,metrica:Home,attacker_exposure_unavailable
1,944.04,944.04,metrica:Away:26,metrica:Away,metrica:Home,attacker_exposure_unavailable
1,944.04,944.04,metrica:Away:27,metrica:Away,metrica:Home,attacker_exposure_unavailable
1,944.04,944.04,metrica:Away:28,metrica:Away,metrica:Home,attacker_exposure_unavailable
1,948.04,948.04,metrica:Away:26,metrica:Away,metrica:Home,attacker_exposure_unavailable
1,948.04,948.04,metrica:Away:27,metrica:Away,metrica:Home,attacker_exposure_unavailable
1,948.04,948.04,metrica:Away:28,metrica:Away,metrica:Home,attacker_exposure_unavailable
1,952.04,952.04,metrica:Away:26,metrica:Away,metrica:Home,attacker_exposure_unavailable
1,952.04,952.04,metrica:Away:27,metrica:Away,metrica:Home,attacker_exposure_unavailable
1,952.04,952.04,metrica:Away:28,metrica:Away,metrica:Home,attacker_exposure_unavailable
1,956.04,956.04,metrica:Home:12,metrica:Home,metrica:Away,attacker_exposure_unavailable
1,956.04,956.04,metrica:Home:13,metrica:Home,metrica:Away,attacker_exposure_unavailable
1,956.04,956.04,metrica:Home:14,metrica:Home,metrica:Away,attacker_exposure_unavailable
1,960.04,960.04,metrica:Away:26,metrica:Away,metrica:Home,attacker_exposure_unavailable
1,960.04,960.04,metrica:Away:27,metrica:Away,metrica:Home,attacker_exposure_unavailable
1,960.04,960.04,metrica:Away:28,metrica:Away,metrica:Home,attacker_exposure_unavailable
1,964.04,964.04,metrica:Home:12,metrica:Home,metrica:Away,attacker_exposure_unavailable
1,964.04,964.04,metrica:Home:13,metrica:Home,metrica:Away,attacker_exposure_unavailable
1,964.04,964.04,metrica:Home:14,metrica:Home,metrica:Away,attacker_exposure_unavailable
1,968.04,968.04,metrica:Away:26,metrica:Away,metrica:Home,attacker_exposure_unavailable
1,968.04,968.04,metrica:Away:27,metrica:Away,metrica:Home,attacker_exposure_unavailable
1,968.04,968.04,metrica:Away:28,metrica:Away,metrica:Home,attacker_exposure_unavailable
1,972.04,972.04,metrica:Away:26,metrica:Away,metrica:Home,attacker_exposure_unavailable
1,972.04,972.04,metrica:Away:27,metrica:Away,metrica:Home,attacker_exposure_unavailable
1,972.04,972.04,metrica:Away:28,metrica:Away,metrica:Home,attacker_exposure_unavailable
1,976.04,976.04,metrica:Away:26,metrica:Away,metrica:Home,attacker_exposure_unavailable
1,976.04,976.04,metrica:Away:27,metrica:Away,metrica:Home,attacker_exposure_unavailable
1,976.04,976.04,metrica:Away:28,metrica:Away,metrica:Home,attacker_exposure_unavailable
1,980.04,980.04,metrica:Home:12,metrica:Home,metrica:Away,attacker_exposure_unavailable
1,980.04,980.04,metrica:Home:13,metrica:Home,metrica:Away,attacker_exposure_unavailable
1,980.04,980.04,metrica:Home:14,metrica:Home,metrica:Away,attacker_exposure_unavailable
1,984.04,984.04,metrica:Away:15,metrica:Away,metrica:Home,restart_or_ball_out_primary_span
1,984.04,984.04,metrica:Away:16,metrica:Away,metrica:Home,restart_or_ball_out_primary_span
1,984.04,984.04,metrica:Away:17,metrica:Away,metrica:Home,restart_or_ball_out_primary_span
1,984.04,984.04,metrica:Away:18,metrica:Away,metrica:Home,restart_or_ball_out_primary_span
1,984.04,984.04,metrica:Away:19,metrica:Away,metrica:Home,restart_or_ball_out_primary_span
1,984.04,984.04,metrica:Away:20,metrica:Away,metrica:Home,restart_or_ball_out_primary_span
1,984.04,984.04,metrica:Away:21,metrica:Away,metrica:Home,restart_or_ball_out_primary_span
1,984.04,984.04,metrica:Away:22,metrica:Away,metrica:Home,restart_or_ball_out_primary_span
1,984.04,984.04,metrica:Away:23,metrica:Away,metrica:Home,restart_or_ball_out_primary_span
1,984.04,984.04,metrica:Away:24,metrica:Away,metrica:Home,restart_or_ball_out_primary_span
1,984.04,984.04,metrica:Away:26,metrica:Away,metrica:Home,restart_or_ball_out_primary_span
1,984.04,984.04,metrica:Away:27,metrica:Away,metrica:Home,restart_or_ball_out_primary_span
1,984.04,984.04,metrica:Away:28,metrica:Away,metrica:Home,restart_or_ball_out_primary_span
1,988.04,988.04,metrica:Away:26,metrica:Away,metrica:Home,attacker_exposure_unavailable
1,988.04,988.04,metrica:Away:27,metrica:Away,metrica:Home,attacker_exposure_unavailable
1,988.04,988.04,metrica:Away:28,metrica:Away,metrica:Home,attacker_exposure_unavailable
1,992.04,992.04,metrica:Away:26,metrica:Away,metrica:Home,attacker_exposure_unavailable
1,992.04,992.04,metrica:Away:27,metrica:Away,metrica:Home,attacker_exposure_unavailable
1,992.04,992.04,metrica:Away:28,metrica:Away,metrica:Home,attacker_exposure_unavailable
1,996.04,996.04,metrica:Away:26,metrica:Away,metrica:Home,attacker_exposure_unavailable
1,996.04,996.04,metrica:Away:27,metrica:Away,metrica:Home,attacker_exposure_unavailable
1,996.04,996.04,metrica:Away:28,metrica:Away,metrica:Home,attacker_exposure_unavailable
1,1000.04,1000.04,metrica:Home:1,metrica:Home,metrica:Away,restart_or_ball_out_primary_span
1,1000.04,1000.04,metrica:Home:10,metrica:Home,metrica:Away,restart_or_ball_out_primary_span
1,1000.04,1000.04,metrica:Home:12,metrica:Home,metrica:Away,restart_or_ball_out_primary_span
1,1000.04,1000.04,metrica:Home:13,metrica:Home,metrica:Away,restart_or_ball_out_primary_span
1,1000.04,1000.04,metrica:Home:14,metrica:Home,metrica:Away,restart_or_ball_out_primary_span
1,1000.04,1000.04,metrica:Home:2,metrica:Home,metrica:Away,restart_or_ball_out_primary_span
1,1000.04,1000.04,metrica:Home:3,metrica:Home,metrica:Away,restart_or_ball_out_primary_span
1,1000.04,1000.04,metrica:Home:4,metrica:Home,metrica:Away,restart_or_ball_out_primary_span
1,1000.04,1000.04,metrica:Home:5,metrica:Home,metrica:Away,restart_or_ball_out_primary_span
1,1000.04,1000.04,metrica:Home:6,metrica:Home,metrica:Away,restart_or_ball_out_primary_span
1,1000.04,1000.04,metrica:Home:7,metrica:Home,metrica:Away,restart_or_ball_out_primary_span
1,1000.04,1000.04,metrica:Home:8,metrica:Home,metrica:Away,restart_or_ball_out_primary_span
1,1000.04,1000.04,metrica:Home:9,metrica:Home,metrica:Away,restart_or_ball_out_primary_span
1,1004.04,1004.04,metrica:Home:12,metrica:Home,metrica:Away,attacker_exposure_unavailable
1,1004.04,1004.04,metrica:Home:13,metrica:Home,metrica:Away,attacker_exposure_unavailable
1,1004.04,1004.04,metrica:Home:14,metrica:Home,metrica:Away,attacker_exposure_unavailable
1,1008.04,1008.04,metrica:Home:12,metrica:Home,metrica:Away,attacker_exposure_unavailable
1,1008.04,1008.04,metrica:Home:13,metrica:Home,metrica:Away,attacker_exposure_unavailable
1,1008.04,1008.04,metrica:Home:14,metrica:Home,metrica:Away,attacker_exposure_unavailable
1,1012.04,1012.04,metrica:Home:12,metrica:Home,metrica:Away,attacker_exposure_unavailable
1,1012.04,1012.04,metrica:Home:13,metrica:Home,metrica:Away,attacker_exposure_unavailable
1,1012.04,1012.04,metrica:Home:14,metrica:Home,metrica:Away,attacker_exposure_unavailable
1,1016.04,1016.04,metrica:Home:12,metrica:Home,metrica:Away,attacker_exposure_unavailable
1,1016.04,1016.04,metrica:Home:13,metrica:Home,metrica:Away,attacker_exposure_unavailable
1,1016.04,1016.04,metrica:Home:14,metrica:Home,metrica:Away,attacker_exposure_unavailable
1,1020.04,1020.04,metrica:Home:1,metrica:Home,metrica:Away,restart_or_ball_out_primary_span
1,1020.04,1020.04,metrica:Home:10,metrica:Home,metrica:Away,restart_or_ball_out_primary_span
1,1020.04,1020.04,metrica:Home:12,metrica:Home,metrica:Away,restart_or_ball_out_primary_span
1,1020.04,1020.04,metrica:Home:13,metrica:Home,metrica:Away,restart_or_ball_out_primary_span
1,1020.04,1020.04,metrica:Home:14,metrica:Home,metrica:Away,restart_or_ball_out_primary_span
1,1020.04,1020.04,metrica:Home:2,metrica:Home,metrica:Away,restart_or_ball_out_primary_span
1,1020.04,1020.04,metrica:Home:3,metrica:Home,metrica:Away,restart_or_ball_out_primary_span
1,1020.04,1020.04,metrica:Home:4,metrica:Home,metrica:Away,restart_or_ball_out_primary_span
1,1020.04,1020.04,metrica:Home:5,metrica:Home,metrica:Away,restart_or_ball_out_primary_span
1,1020.04,1020.04,metrica:Home:6,metrica:Home,metrica:Away,restart_or_ball_out_primary_span
1,1020.04,1020.04,metrica:Home:7,metrica:Home,metrica:Away,restart_or_ball_out_primary_span
1,1020.04,1020.04,metrica:Home:8,metrica:Home,metrica:Away,restart_or_ball_out_primary_span
1,1020.04,1020.04,metrica:Home:9,metrica:Home,metrica:Away,restart_or_ball_out_primary_span
1,1024.04,1024.04,metrica:Home:12,metrica:Home,metrica:Away,attacker_exposure_unavailable
1,1024.04,1024.04,metrica:Home:13,metrica:Home,metrica:Away,attacker_exposure_unavailable
1,1024.04,1024.04,metrica:Home:14,metrica:Home,metrica:Away,attacker_exposure_unavailable
1,1028.04,1028.04,metrica:Home:1,metrica:Home,metrica:Away,restart_or_ball_out_primary_span
1,1028.04,1028.04,metrica:Home:10,metrica:Home,metrica:Away,restart_or_ball_out_primary_span
1,1028.04,1028.04,metrica:Home:12,metrica:Home,metrica:Away,restart_or_ball_out_primary_span
1,1028.04,1028.04,metrica:Home:13,metrica:Home,metrica:Away,restart_or_ball_out_primary_span
1,1028.04,1028.04,metrica:Home:14,metrica:Home,metrica:Away,restart_or_ball_out_primary_span
1,1028.04,1028.04,metrica:Home:2,metrica:Home,metrica:Away,restart_or_ball_out_primary_span
1,1028.04,1028.04,metrica:Home:3,metrica:Home,metrica:Away,restart_or_ball_out_primary_span
1,1028.04,1028.04,metrica:Home:4,metrica:Home,metrica:Away,restart_or_ball_out_primary_span
1,1028.04,1028.04,metrica:Home:5,metrica:Home,metrica:Away,restart_or_ball_out_primary_span
1,1028.04,1028.04,metrica:Home:6,metrica:Home,metrica:Away,restart_or_ball_out_primary_span
1,1028.04,1028.04,metrica:Home:7,metrica:Home,metrica:Away,restart_or_ball_out_primary_span
1,1028.04,1028.04,metrica:Home:8,metrica:Home,metrica:Away,restart_or_ball_out_primary_span
1,1028.04,1028.04,metrica:Home:9,metrica:Home,metrica:Away,restart_or_ball_out_primary_span
1,1032.04,1032.04,metrica:Away:15,metrica:Away,metrica:Home,restart_or_ball_out_primary_span
1,1032.04,1032.04,metrica:Away:16,metrica:Away,metrica:Home,restart_or_ball_out_primary_span
1,1032.04,1032.04,metrica:Away:17,metrica:Away,metrica:Home,restart_or_ball_out_primary_span
1,1032.04,1032.04,metrica:Away:18,metrica:Away,metrica:Home,restart_or_ball_out_primary_span
1,1032.04,1032.04,metrica:Away:19,metrica:Away,metrica:Home,restart_or_ball_out_primary_span
1,1032.04,1032.04,metrica:Away:20,metrica:Away,metrica:Home,restart_or_ball_out_primary_span
1,1032.04,1032.04,metrica:Away:21,metrica:Away,metrica:Home,restart_or_ball_out_primary_span
1,1032.04,1032.04,metrica:Away:22,metrica:Away,metrica:Home,restart_or_ball_out_primary_span
1,1032.04,1032.04,metrica:Away:23,metrica:Away,metrica:Home,restart_or_ball_out_primary_span
1,1032.04,1032.04,metrica:Away:24,metrica:Away,metrica:Home,restart_or_ball_out_primary_span
1,1032.04,1032.04,metrica:Away:26,metrica:Away,metrica:Home,restart_or_ball_out_primary_span
1,1032.04,1032.04,metrica:Away:27,metrica:Away,metrica:Home,restart_or_ball_out_primary_span
1,1032.04,1032.04,metrica:Away:28,metrica:Away,metrica:Home,restart_or_ball_out_primary_span
1,1036.04,1036.04,metrica:Away:26,metrica:Away,metrica:Home,attacker_exposure_unavailable
1,1036.04,1036.04,metrica:Away:27,metrica:Away,metrica:Home,attacker_exposure_unavailable
1,1036.04,1036.04,metrica:Away:28,metrica:Away,metrica:Home,attacker_exposure_unavailable
1,1040.04,1040.04,metrica:Away:26,metrica:Away,metrica:Home,attacker_exposure_unavailable
1,1040.04,1040.04,metrica:Away:27,metrica:Away,metrica:Home,attacker_exposure_unavailable
1,1040.04,1040.04,metrica:Away:28,metrica:Away,metrica:Home,attacker_exposure_unavailable
1,1044.04,1044.04,metrica:Away:26,metrica:Away,metrica:Home,attacker_exposure_unavailable
1,1044.04,1044.04,metrica:Away:27,metrica:Away,metrica:Home,attacker_exposure_unavailable
1,1044.04,1044.04,metrica:Away:28,metrica:Away,metrica:Home,attacker_exposure_unavailable
1,1048.04,1048.04,metrica:Away:26,metrica:Away,metrica:Home,attacker_exposure_unavailable
1,1048.04,1048.04,metrica:Away:27,metrica:Away,metrica:Home,attacker_exposure_unavailable
1,1048.04,1048.04,metrica:Away:28,metrica:Away,metrica:Home,attacker_exposure_unavailable
1,1052.04,1052.04,metrica:Away:26,metrica:Away,metrica:Home,attacker_exposure_unavailable
1,1052.04,1052.04,metrica:Away:27,metrica:Away,metrica:Home,attacker_exposure_unavailable
1,1052.04,1052.04,metrica:Away:28,metrica:Away,metrica:Home,attacker_exposure_unavailable
1,1056.04,1056.04,metrica:Away:26,metrica:Away,metrica:Home,attacker_exposure_unavailable
1,1056.04,1056.04,metrica:Away:27,metrica:Away,metrica:Home,attacker_exposure_unavailable
1,1056.04,1056.04,metrica:Away:28,metrica:Away,metrica:Home,attacker_exposure_unavailable
1,1060.04,1060.04,metrica:Away:15,metrica:Away,metrica:Home,restart_or_ball_out_primary_span
1,1060.04,1060.04,metrica:Away:16,metrica:Away,metrica:Home,restart_or_ball_out_primary_span
1,1060.04,1060.04,metrica:Away:17,metrica:Away,metrica:Home,restart_or_ball_out_primary_span
1,1060.04,1060.04,metrica:Away:18,metrica:Away,metrica:Home,restart_or_ball_out_primary_span
1,1060.04,1060.04,metrica:Away:19,metrica:Away,metrica:Home,restart_or_ball_out_primary_span
1,1060.04,1060.04,metrica:Away:20,metrica:Away,metrica:Home,restart_or_ball_out_primary_span
1,1060.04,1060.04,metrica:Away:21,metrica:Away,metrica:Home,restart_or_ball_out_primary_span
1,1060.04,1060.04,metrica:Away:22,metrica:Away,metrica:Home,restart_or_ball_out_primary_span
1,1060.04,1060.04,metrica:Away:23,metrica:Away,metrica:Home,restart_or_ball_out_primary_span
1,1060.04,1060.04,metrica:Away:24,metrica:Away,metrica:Home,restart_or_ball_out_primary_span
1,1060.04,1060.04,metrica:Away:26,metrica:Away,metrica:Home,restart_or_ball_out_primary_span
1,1060.04,1060.04,metrica:Away:27,metrica:Away,metrica:Home,restart_or_ball_out_primary_span
1,1060.04,1060.04,metrica:Away:28,metrica:Away,metrica:Home,restart_or_ball_out_primary_span
1,1064.04,1064.04,metrica:Home:1,metrica:Home,metrica:Away,restart_or_ball_out_primary_span
1,1064.04,1064.04,metrica:Home:10,metrica:Home,metrica:Away,restart_or_ball_out_primary_span
1,1064.04,1064.04,metrica:Home:12,metrica:Home,metrica:Away,restart_or_ball_out_primary_span
1,1064.04,1064.04,metrica:Home:13,metrica:Home,metrica:Away,restart_or_ball_out_primary_span
1,1064.04,1064.04,metrica:Home:14,metrica:Home,metrica:Away,restart_or_ball_out_primary_span
1,1064.04,1064.04,metrica:Home:2,metrica:Home,metrica:Away,restart_or_ball_out_primary_span
1,1064.04,1064.04,metrica:Home:3,metrica:Home,metrica:Away,restart_or_ball_out_primary_span
1,1064.04,1064.04,metrica:Home:4,metrica:Home,metrica:Away,restart_or_ball_out_primary_span
1,1064.04,1064.04,metrica:Home:5,metrica:Home,metrica:Away,restart_or_ball_out_primary_span
1,1064.04,1064.04,metrica:Home:6,metrica:Home,metrica:Away,restart_or_ball_out_primary_span
1,1064.04,1064.04,metrica:Home:7,metrica:Home,metrica:Away,restart_or_ball_out_primary_span
1,1064.04,1064.04,metrica:Home:8,metrica:Home,metrica:Away,restart_or_ball_out_primary_span
1,1064.04,1064.04,metrica:Home:9,metrica:Home,metrica:Away,restart_or_ball_out_primary_span
1,1068.04,1068.04,metrica:Home:12,metrica:Home,metrica:Away,attacker_exposure_unavailable
1,1068.04,1068.04,metrica:Home:13,metrica:Home,metrica:Away,attacker_exposure_unavailable
1,1068.04,1068.04,metrica:Home:14,metrica:Home,metrica:Away,attacker_exposure_unavailable
1,1072.04,1072.04,metrica:Home:12,metrica:Home,metrica:Away,attacker_exposure_unavailable
1,1072.04,1072.04,metrica:Home:13,metrica:Home,metrica:Away,attacker_exposure_unavailable
1,1072.04,1072.04,metrica:Home:14,metrica:Home,metrica:Away,attacker_exposure_unavailable
1,1076.04,1076.04,metrica:Home:12,metrica:Home,metrica:Away,attacker_exposure_unavailable
1,1076.04,1076.04,metrica:Home:13,metrica:Home,metrica:Away,attacker_exposure_unavailable
1,1076.04,1076.04,metrica:Home:14,metrica:Home,metrica:Away,attacker_exposure_unavailable
1,1080.04,1080.04,metrica:Home:12,metrica:Home,metrica:Away,attacker_exposure_unavailable
1,1080.04,1080.04,metrica:Home:13,metrica:Home,metrica:Away,attacker_exposure_unavailable
1,1080.04,1080.04,metrica:Home:14,metrica:Home,metrica:Away,attacker_exposure_unavailable
1,1084.04,1084.04,metrica:Home:12,metrica:Home,metrica:Away,attacker_exposure_unavailable
1,1084.04,1084.04,metrica:Home:13,metrica:Home,metrica:Away,attacker_exposure_unavailable
1,1084.04,1084.04,metrica:Home:14,metrica:Home,metrica:Away,attacker_exposure_unavailable
1,1088.04,1088.04,metrica:Home:12,metrica:Home,metrica:Away,attacker_exposure_unavailable
1,1088.04,1088.04,metrica:Home:13,metrica:Home,metrica:Away,attacker_exposure_unavailable
1,1088.04,1088.04,metrica:Home:14,metrica:Home,metrica:Away,attacker_exposure_unavailable
1,1092.04,1092.04,metrica:Away:26,metrica:Away,metrica:Home,attacker_exposure_unavailable
1,1092.04,1092.04,metrica:Away:27,metrica:Away,metrica:Home,attacker_exposure_unavailable
1,1092.04,1092.04,metrica:Away:28,metrica:Away,metrica:Home,attacker_exposure_unavailable
1,1096.04,1096.04,metrica:Home:12,metrica:Home,metrica:Away,attacker_exposure_unavailable
1,1096.04,1096.04,metrica:Home:13,metrica:Home,metrica:Away,attacker_exposure_unavailable
1,1096.04,1096.04,metrica:Home:14,metrica:Home,metrica:Away,attacker_exposure_unavailable
1,1100.04,1100.04,metrica:Away:26,metrica:Away,metrica:Home,attacker_exposure_unavailable
1,1100.04,1100.04,metrica:Away:27,metrica:Away,metrica:Home,attacker_exposure_unavailable
1,1100.04,1100.04,metrica:Away:28,metrica:Away,metrica:Home,attacker_exposure_unavailable
1,1104.04,1104.04,metrica:Away:26,metrica:Away,metrica:Home,attacker_exposure_unavailable
1,1104.04,1104.04,metrica:Away:27,metrica:Away,metrica:Home,attacker_exposure_unavailable
1,1104.04,1104.04,metrica:Away:28,metrica:Away,metrica:Home,attacker_exposure_unavailable
1,1108.04,1108.04,metrica:Away:26,metrica:Away,metrica:Home,attacker_exposure_unavailable
1,1108.04,1108.04,metrica:Away:27,metrica:Away,metrica:Home,attacker_exposure_unavailable
1,1108.04,1108.04,metrica:Away:28,metrica:Away,metrica:Home,attacker_exposure_unavailable
1,1112.04,1112.04,metrica:Home:12,metrica:Home,metrica:Away,attacker_exposure_unavailable
1,1112.04,1112.04,metrica:Home:13,metrica:Home,metrica:Away,attacker_exposure_unavailable
1,1112.04,1112.04,metrica:Home:14,metrica:Home,metrica:Away,attacker_exposure_unavailable
1,1116.04,1116.04,metrica:Home:12,metrica:Home,metrica:Away,attacker_exposure_unavailable
1,1116.04,1116.04,metrica:Home:13,metrica:Home,metrica:Away,attacker_exposure_unavailable
1,1116.04,1116.04,metrica:Home:14,metrica:Home,metrica:Away,attacker_exposure_unavailable
1,1120.04,1120.04,metrica:Home:12,metrica:Home,metrica:Away,attacker_exposure_unavailable
1,1120.04,1120.04,metrica:Home:13,metrica:Home,metrica:Away,attacker_exposure_unavailable
1,1120.04,1120.04,metrica:Home:14,metrica:Home,metrica:Away,attacker_exposure_unavailable
1,1124.04,1124.04,metrica:Home:12,metrica:Home,metrica:Away,attacker_exposure_unavailable
1,1124.04,1124.04,metrica:Home:13,metrica:Home,metrica:Away,attacker_exposure_unavailable
1,1124.04,1124.04,metrica:Home:14,metrica:Home,metrica:Away,attacker_exposure_unavailable
1,1128.04,1128.04,metrica:Away:26,metrica:Away,metrica:Home,attacker_exposure_unavailable
1,1128.04,1128.04,metrica:Away:27,metrica:Away,metrica:Home,attacker_exposure_unavailable
1,1128.04,1128.04,metrica:Away:28,metrica:Away,metrica:Home,attacker_exposure_unavailable
1,1132.04,1132.04,metrica:Away:26,metrica:Away,metrica:Home,attacker_exposure_unavailable
1,1132.04,1132.04,metrica:Away:27,metrica:Away,metrica:Home,attacker_exposure_unavailable
1,1132.04,1132.04,metrica:Away:28,metrica:Away,metrica:Home,attacker_exposure_unavailable
1,1136.04,1136.04,metrica:Away:26,metrica:Away,metrica:Home,attacker_exposure_unavailable
1,1136.04,1136.04,metrica:Away:27,metrica:Away,metrica:Home,attacker_exposure_unavailable
1,1136.04,1136.04,metrica:Away:28,metrica:Away,metrica:Home,attacker_exposure_unavailable
1,1140.04,1140.04,metrica:Away:26,metrica:Away,metrica:Home,attacker_exposure_unavailable
1,1140.04,1140.04,metrica:Away:27,metrica:Away,metrica:Home,attacker_exposure_unavailable
1,1140.04,1140.04,metrica:Away:28,metrica:Away,metrica:Home,attacker_exposure_unavailable
1,1144.04,1144.04,metrica:Home:1,metrica:Home,metrica:Away,restart_or_ball_out_primary_span
1,1144.04,1144.04,metrica:Home:10,metrica:Home,metrica:Away,restart_or_ball_out_primary_span
1,1144.04,1144.04,metrica:Home:12,metrica:Home,metrica:Away,restart_or_ball_out_primary_span
1,1144.04,1144.04,metrica:Home:13,metrica:Home,metrica:Away,restart_or_ball_out_primary_span
1,1144.04,1144.04,metrica:Home:14,metrica:Home,metrica:Away,restart_or_ball_out_primary_span
1,1144.04,1144.04,metrica:Home:2,metrica:Home,metrica:Away,restart_or_ball_out_primary_span
1,1144.04,1144.04,metrica:Home:3,metrica:Home,metrica:Away,restart_or_ball_out_primary_span
1,1144.04,1144.04,metrica:Home:4,metrica:Home,metrica:Away,restart_or_ball_out_primary_span
1,1144.04,1144.04,metrica:Home:5,metrica:Home,metrica:Away,restart_or_ball_out_primary_span
1,1144.04,1144.04,metrica:Home:6,metrica:Home,metrica:Away,restart_or_ball_out_primary_span
1,1144.04,1144.04,metrica:Home:7,metrica:Home,metrica:Away,restart_or_ball_out_primary_span
1,1144.04,1144.04,metrica:Home:8,metrica:Home,metrica:Away,restart_or_ball_out_primary_span
1,1144.04,1144.04,metrica:Home:9,metrica:Home,metrica:Away,restart_or_ball_out_primary_span
1,1148.04,1148.04,metrica:Home:12,metrica:Home,metrica:Away,attacker_exposure_unavailable
1,1148.04,1148.04,metrica:Home:13,metrica:Home,metrica:Away,attacker_exposure_unavailable
1,1148.04,1148.04,metrica:Home:14,metrica:Home,metrica:Away,attacker_exposure_unavailable
1,1152.04,1152.04,metrica:Away:15,metrica:Away,metrica:Home,restart_or_ball_out_primary_span
1,1152.04,1152.04,metrica:Away:16,metrica:Away,metrica:Home,restart_or_ball_out_primary_span
1,1152.04,1152.04,metrica:Away:17,metrica:Away,metrica:Home,restart_or_ball_out_primary_span
1,1152.04,1152.04,metrica:Away:18,metrica:Away,metrica:Home,restart_or_ball_out_primary_span
1,1152.04,1152.04,metrica:Away:19,metrica:Away,metrica:Home,restart_or_ball_out_primary_span
1,1152.04,1152.04,metrica:Away:20,metrica:Away,metrica:Home,restart_or_ball_out_primary_span
1,1152.04,1152.04,metrica:Away:21,metrica:Away,metrica:Home,restart_or_ball_out_primary_span
1,1152.04,1152.04,metrica:Away:22,metrica:Away,metrica:Home,restart_or_ball_out_primary_span
1,1152.04,1152.04,metrica:Away:23,metrica:Away,metrica:Home,restart_or_ball_out_primary_span
1,1152.04,1152.04,metrica:Away:24,metrica:Away,metrica:Home,restart_or_ball_out_primary_span
1,1152.04,1152.04,metrica:Away:26,metrica:Away,metrica:Home,restart_or_ball_out_primary_span
1,1152.04,1152.04,metrica:Away:27,metrica:Away,metrica:Home,restart_or_ball_out_primary_span
1,1152.04,1152.04,metrica:Away:28,metrica:Away,metrica:Home,restart_or_ball_out_primary_span
1,1156.04,1156.04,metrica:Away:26,metrica:Away,metrica:Home,attacker_exposure_unavailable
1,1156.04,1156.04,metrica:Away:27,metrica:Away,metrica:Home,attacker_exposure_unavailable
1,1156.04,1156.04,metrica:Away:28,metrica:Away,metrica:Home,attacker_exposure_unavailable
1,1160.04,1160.04,metrica:Away:26,metrica:Away,metrica:Home,attacker_exposure_unavailable
1,1160.04,1160.04,metrica:Away:27,metrica:Away,metrica:Home,attacker_exposure_unavailable
1,1160.04,1160.04,metrica:Away:28,metrica:Away,metrica:Home,attacker_exposure_unavailable
1,1164.04,1164.04,metrica:Home:12,metrica:Home,metrica:Away,attacker_exposure_unavailable
1,1164.04,1164.04,metrica:Home:13,metrica:Home,metrica:Away,attacker_exposure_unavailable
1,1164.04,1164.04,metrica:Home:14,metrica:Home,metrica:Away,attacker_exposure_unavailable
1,1168.04,1168.04,metrica:Home:12,metrica:Home,metrica:Away,attacker_exposure_unavailable
1,1168.04,1168.04,metrica:Home:13,metrica:Home,metrica:Away,attacker_exposure_unavailable
1,1168.04,1168.04,metrica:Home:14,metrica:Home,metrica:Away,attacker_exposure_unavailable
1,1172.04,1172.04,metrica:Away:26,metrica:Away,metrica:Home,attacker_exposure_unavailable
1,1172.04,1172.04,metrica:Away:27,metrica:Away,metrica:Home,attacker_exposure_unavailable
1,1172.04,1172.04,metrica:Away:28,metrica:Away,metrica:Home,attacker_exposure_unavailable
1,1176.04,1176.04,metrica:Away:26,metrica:Away,metrica:Home,attacker_exposure_unavailable
1,1176.04,1176.04,metrica:Away:27,metrica:Away,metrica:Home,attacker_exposure_unavailable
1,1176.04,1176.04,metrica:Away:28,metrica:Away,metrica:Home,attacker_exposure_unavailable
1,1180.04,1180.04,metrica:Away:15,metrica:Away,metrica:Home,restart_or_ball_out_primary_span
1,1180.04,1180.04,metrica:Away:16,metrica:Away,metrica:Home,restart_or_ball_out_primary_span
1,1180.04,1180.04,metrica:Away:17,metrica:Away,metrica:Home,restart_or_ball_out_primary_span
1,1180.04,1180.04,metrica:Away:18,metrica:Away,metrica:Home,restart_or_ball_out_primary_span
1,1180.04,1180.04,metrica:Away:19,metrica:Away,metrica:Home,restart_or_ball_out_primary_span
1,1180.04,1180.04,metrica:Away:20,metrica:Away,metrica:Home,restart_or_ball_out_primary_span
1,1180.04,1180.04,metrica:Away:21,metrica:Away,metrica:Home,restart_or_ball_out_primary_span
1,1180.04,1180.04,metrica:Away:22,metrica:Away,metrica:Home,restart_or_ball_out_primary_span
1,1180.04,1180.04,metrica:Away:23,metrica:Away,metrica:Home,restart_or_ball_out_primary_span
1,1180.04,1180.04,metrica:Away:24,metrica:Away,metrica:Home,restart_or_ball_out_primary_span
1,1180.04,1180.04,metrica:Away:26,metrica:Away,metrica:Home,restart_or_ball_out_primary_span
1,1180.04,1180.04,metrica:Away:27,metrica:Away,metrica:Home,restart_or_ball_out_primary_span
1,1180.04,1180.04,metrica:Away:28,metrica:Away,metrica:Home,restart_or_ball_out_primary_span
1,1184.04,1184.04,metrica:Away:15,metrica:Away,metrica:Home,restart_or_ball_out_primary_span
1,1184.04,1184.04,metrica:Away:16,metrica:Away,metrica:Home,restart_or_ball_out_primary_span
1,1184.04,1184.04,metrica:Away:17,metrica:Away,metrica:Home,restart_or_ball_out_primary_span
1,1184.04,1184.04,metrica:Away:18,metrica:Away,metrica:Home,restart_or_ball_out_primary_span
1,1184.04,1184.04,metrica:Away:19,metrica:Away,metrica:Home,restart_or_ball_out_primary_span
1,1184.04,1184.04,metrica:Away:20,metrica:Away,metrica:Home,restart_or_ball_out_primary_span
1,1184.04,1184.04,metrica:Away:21,metrica:Away,metrica:Home,restart_or_ball_out_primary_span
1,1184.04,1184.04,metrica:Away:22,metrica:Away,metrica:Home,restart_or_ball_out_primary_span
1,1184.04,1184.04,metrica:Away:23,metrica:Away,metrica:Home,restart_or_ball_out_primary_span
1,1184.04,1184.04,metrica:Away:24,metrica:Away,metrica:Home,restart_or_ball_out_primary_span
1,1184.04,1184.04,metrica:Away:26,metrica:Away,metrica:Home,restart_or_ball_out_primary_span
1,1184.04,1184.04,metrica:Away:27,metrica:Away,metrica:Home,restart_or_ball_out_primary_span
1,1184.04,1184.04,metrica:Away:28,metrica:Away,metrica:Home,restart_or_ball_out_primary_span
1,1188.04,1188.04,metrica:Away:26,metrica:Away,metrica:Home,attacker_exposure_unavailable
1,1188.04,1188.04,metrica:Away:27,metrica:Away,metrica:Home,attacker_exposure_unavailable
1,1188.04,1188.04,metrica:Away:28,metrica:Away,metrica:Home,attacker_exposure_unavailable
1,1192.04,1192.04,metrica:Away:26,metrica:Away,metrica:Home,attacker_exposure_unavailable
1,1192.04,1192.04,metrica:Away:27,metrica:Away,metrica:Home,attacker_exposure_unavailable
1,1192.04,1192.04,metrica:Away:28,metrica:Away,metrica:Home,attacker_exposure_unavailable
1,1196.04,1196.04,metrica:Away:26,metrica:Away,metrica:Home,attacker_exposure_unavailable
1,1196.04,1196.04,metrica:Away:27,metrica:Away,metrica:Home,attacker_exposure_unavailable
1,1196.04,1196.04,metrica:Away:28,metrica:Away,metrica:Home,attacker_exposure_unavailable
1,1200.04,1200.04,metrica:Away:26,metrica:Away,metrica:Home,attacker_exposure_unavailable
1,1200.04,1200.04,metrica:Away:27,metrica:Away,metrica:Home,attacker_exposure_unavailable
1,1200.04,1200.04,metrica:Away:28,metrica:Away,metrica:Home,attacker_exposure_unavailable
1,1204.04,1204.04,metrica:Away:26,metrica:Away,metrica:Home,attacker_exposure_unavailable
1,1204.04,1204.04,metrica:Away:27,metrica:Away,metrica:Home,attacker_exposure_unavailable
1,1204.04,1204.04,metrica:Away:28,metrica:Away,metrica:Home,attacker_exposure_unavailable
1,1208.04,1208.04,metrica:Away:26,metrica:Away,metrica:Home,attacker_exposure_unavailable
1,1208.04,1208.04,metrica:Away:27,metrica:Away,metrica:Home,attacker_exposure_unavailable
1,1208.04,1208.04,metrica:Away:28,metrica:Away,metrica:Home,attacker_exposure_unavailable
1,1212.04,1212.04,metrica:Away:26,metrica:Away,metrica:Home,attacker_exposure_unavailable
1,1212.04,1212.04,metrica:Away:27,metrica:Away,metrica:Home,attacker_exposure_unavailable
1,1212.04,1212.04,metrica:Away:28,metrica:Away,metrica:Home,attacker_exposure_unavailable
1,1216.04,1216.04,metrica:Home:1,metrica:Home,metrica:Away,restart_or_ball_out_primary_span
1,1216.04,1216.04,metrica:Home:10,metrica:Home,metrica:Away,restart_or_ball_out_primary_span
1,1216.04,1216.04,metrica:Home:12,metrica:Home,metrica:Away,restart_or_ball_out_primary_span
1,1216.04,1216.04,metrica:Home:13,metrica:Home,metrica:Away,restart_or_ball_out_primary_span
1,1216.04,1216.04,metrica:Home:14,metrica:Home,metrica:Away,restart_or_ball_out_primary_span
1,1216.04,1216.04,metrica:Home:2,metrica:Home,metrica:Away,restart_or_ball_out_primary_span
1,1216.04,1216.04,metrica:Home:3,metrica:Home,metrica:Away,restart_or_ball_out_primary_span
1,1216.04,1216.04,metrica:Home:4,metrica:Home,metrica:Away,restart_or_ball_out_primary_span
1,1216.04,1216.04,metrica:Home:5,metrica:Home,metrica:Away,restart_or_ball_out_primary_span
1,1216.04,1216.04,metrica:Home:6,metrica:Home,metrica:Away,restart_or_ball_out_primary_span
1,1216.04,1216.04,metrica:Home:7,metrica:Home,metrica:Away,restart_or_ball_out_primary_span
1,1216.04,1216.04,metrica:Home:8,metrica:Home,metrica:Away,restart_or_ball_out_primary_span
1,1216.04,1216.04,metrica:Home:9,metrica:Home,metrica:Away,restart_or_ball_out_primary_span
1,1220.04,1220.04,metrica:Away:26,metrica:Away,metrica:Home,attacker_exposure_unavailable
1,1220.04,1220.04,metrica:Away:27,metrica:Away,metrica:Home,attacker_exposure_unavailable
1,1220.04,1220.04,metrica:Away:28,metrica:Away,metrica:Home,attacker_exposure_unavailable
1,1224.04,1224.04,metrica:Home:12,metrica:Home,metrica:Away,attacker_exposure_unavailable
1,1224.04,1224.04,metrica:Home:13,metrica:Home,metrica:Away,attacker_exposure_unavailable
1,1224.04,1224.04,metrica:Home:14,metrica:Home,metrica:Away,attacker_exposure_unavailable
1,1228.04,1228.04,metrica:Home:12,metrica:Home,metrica:Away,attacker_exposure_unavailable
1,1228.04,1228.04,metrica:Home:13,metrica:Home,metrica:Away,attacker_exposure_unavailable
1,1228.04,1228.04,metrica:Home:14,metrica:Home,metrica:Away,attacker_exposure_unavailable
1,1232.04,1232.04,metrica:Home:12,metrica:Home,metrica:Away,attacker_exposure_unavailable
1,1232.04,1232.04,metrica:Home:13,metrica:Home,metrica:Away,attacker_exposure_unavailable
1,1232.04,1232.04,metrica:Home:14,metrica:Home,metrica:Away,attacker_exposure_unavailable
1,1236.04,1236.04,metrica:Home:12,metrica:Home,metrica:Away,attacker_exposure_unavailable
1,1236.04,1236.04,metrica:Home:13,metrica:Home,metrica:Away,attacker_exposure_unavailable
1,1236.04,1236.04,metrica:Home:14,metrica:Home,metrica:Away,attacker_exposure_unavailable
1,1240.04,1240.04,metrica:Home:12,metrica:Home,metrica:Away,attacker_exposure_unavailable
1,1240.04,1240.04,metrica:Home:13,metrica:Home,metrica:Away,attacker_exposure_unavailable
1,1240.04,1240.04,metrica:Home:14,metrica:Home,metrica:Away,attacker_exposure_unavailable
1,1244.04,1244.04,metrica:Home:12,metrica:Home,metrica:Away,attacker_exposure_unavailable
1,1244.04,1244.04,metrica:Home:13,metrica:Home,metrica:Away,attacker_exposure_unavailable
1,1244.04,1244.04,metrica:Home:14,metrica:Home,metrica:Away,attacker_exposure_unavailable
1,1248.04,1248.04,metrica:Home:12,metrica:Home,metrica:Away,attacker_exposure_unavailable
1,1248.04,1248.04,metrica:Home:13,metrica:Home,metrica:Away,attacker_exposure_unavailable
1,1248.04,1248.04,metrica:Home:14,metrica:Home,metrica:Away,attacker_exposure_unavailable
1,1252.04,1252.04,metrica:Home:12,metrica:Home,metrica:Away,attacker_exposure_unavailable
1,1252.04,1252.04,metrica:Home:13,metrica:Home,metrica:Away,attacker_exposure_unavailable
1,1252.04,1252.04,metrica:Home:14,metrica:Home,metrica:Away,attacker_exposure_unavailable
1,1256.04,1256.04,metrica:Home:12,metrica:Home,metrica:Away,attacker_exposure_unavailable
1,1256.04,1256.04,metrica:Home:13,metrica:Home,metrica:Away,attacker_exposure_unavailable
1,1256.04,1256.04,metrica:Home:14,metrica:Home,metrica:Away,attacker_exposure_unavailable
1,1260.04,1260.04,metrica:Home:1,metrica:Home,metrica:Away,restart_or_ball_out_primary_span
1,1260.04,1260.04,metrica:Home:10,metrica:Home,metrica:Away,restart_or_ball_out_primary_span
1,1260.04,1260.04,metrica:Home:12,metrica:Home,metrica:Away,restart_or_ball_out_primary_span
1,1260.04,1260.04,metrica:Home:13,metrica:Home,metrica:Away,restart_or_ball_out_primary_span
1,1260.04,1260.04,metrica:Home:14,metrica:Home,metrica:Away,restart_or_ball_out_primary_span
1,1260.04,1260.04,metrica:Home:2,metrica:Home,metrica:Away,restart_or_ball_out_primary_span
1,1260.04,1260.04,metrica:Home:3,metrica:Home,metrica:Away,restart_or_ball_out_primary_span
1,1260.04,1260.04,metrica:Home:4,metrica:Home,metrica:Away,restart_or_ball_out_primary_span
1,1260.04,1260.04,metrica:Home:5,metrica:Home,metrica:Away,restart_or_ball_out_primary_span
1,1260.04,1260.04,metrica:Home:6,metrica:Home,metrica:Away,restart_or_ball_out_primary_span
1,1260.04,1260.04,metrica:Home:7,metrica:Home,metrica:Away,restart_or_ball_out_primary_span
1,1260.04,1260.04,metrica:Home:8,metrica:Home,metrica:Away,restart_or_ball_out_primary_span
1,1260.04,1260.04,metrica:Home:9,metrica:Home,metrica:Away,restart_or_ball_out_primary_span
1,1264.04,1264.04,metrica:Away:15,metrica:Away,metrica:Home,restart_or_ball_out_primary_span
1,1264.04,1264.04,metrica:Away:16,metrica:Away,metrica:Home,restart_or_ball_out_primary_span
1,1264.04,1264.04,metrica:Away:17,metrica:Away,metrica:Home,restart_or_ball_out_primary_span
1,1264.04,1264.04,metrica:Away:18,metrica:Away,metrica:Home,restart_or_ball_out_primary_span
1,1264.04,1264.04,metrica:Away:19,metrica:Away,metrica:Home,restart_or_ball_out_primary_span
1,1264.04,1264.04,metrica:Away:20,metrica:Away,metrica:Home,restart_or_ball_out_primary_span
1,1264.04,1264.04,metrica:Away:21,metrica:Away,metrica:Home,restart_or_ball_out_primary_span
1,1264.04,1264.04,metrica:Away:22,metrica:Away,metrica:Home,restart_or_ball_out_primary_span
1,1264.04,1264.04,metrica:Away:23,metrica:Away,metrica:Home,restart_or_ball_out_primary_span
1,1264.04,1264.04,metrica:Away:24,metrica:Away,metrica:Home,restart_or_ball_out_primary_span
1,1264.04,1264.04,metrica:Away:26,metrica:Away,metrica:Home,restart_or_ball_out_primary_span
1,1264.04,1264.04,metrica:Away:27,metrica:Away,metrica:Home,restart_or_ball_out_primary_span
1,1264.04,1264.04,metrica:Away:28,metrica:Away,metrica:Home,restart_or_ball_out_primary_span
1,1268.04,1268.04,metrica:Away:26,metrica:Away,metrica:Home,attacker_exposure_unavailable
1,1268.04,1268.04,metrica:Away:27,metrica:Away,metrica:Home,attacker_exposure_unavailable
1,1268.04,1268.04,metrica:Away:28,metrica:Away,metrica:Home,attacker_exposure_unavailable
1,1272.04,1272.04,metrica:Home:12,metrica:Home,metrica:Away,attacker_exposure_unavailable
1,1272.04,1272.04,metrica:Home:13,metrica:Home,metrica:Away,attacker_exposure_unavailable
1,1272.04,1272.04,metrica:Home:14,metrica:Home,metrica:Away,attacker_exposure_unavailable
1,1276.04,1276.04,metrica:Away:26,metrica:Away,metrica:Home,attacker_exposure_unavailable
1,1276.04,1276.04,metrica:Away:27,metrica:Away,metrica:Home,attacker_exposure_unavailable
1,1276.04,1276.04,metrica:Away:28,metrica:Away,metrica:Home,attacker_exposure_unavailable
1,1280.04,1280.04,metrica:Away:26,metrica:Away,metrica:Home,attacker_exposure_unavailable
1,1280.04,1280.04,metrica:Away:27,metrica:Away,metrica:Home,attacker_exposure_unavailable
1,1280.04,1280.04,metrica:Away:28,metrica:Away,metrica:Home,attacker_exposure_unavailable
1,1284.04,1284.04,metrica:Away:26,metrica:Away,metrica:Home,attacker_exposure_unavailable
1,1284.04,1284.04,metrica:Away:27,metrica:Away,metrica:Home,attacker_exposure_unavailable
1,1284.04,1284.04,metrica:Away:28,metrica:Away,metrica:Home,attacker_exposure_unavailable
1,1288.04,1288.04,metrica:Away:26,metrica:Away,metrica:Home,attacker_exposure_unavailable
1,1288.04,1288.04,metrica:Away:27,metrica:Away,metrica:Home,attacker_exposure_unavailable
1,1288.04,1288.04,metrica:Away:28,metrica:Away,metrica:Home,attacker_exposure_unavailable
1,1292.04,1292.04,metrica:Away:15,metrica:Away,metrica:Home,restart_or_ball_out_primary_span
1,1292.04,1292.04,metrica:Away:16,metrica:Away,metrica:Home,restart_or_ball_out_primary_span
1,1292.04,1292.04,metrica:Away:17,metrica:Away,metrica:Home,restart_or_ball_out_primary_span
1,1292.04,1292.04,metrica:Away:18,metrica:Away,metrica:Home,restart_or_ball_out_primary_span
1,1292.04,1292.04,metrica:Away:19,metrica:Away,metrica:Home,restart_or_ball_out_primary_span
1,1292.04,1292.04,metrica:Away:20,metrica:Away,metrica:Home,restart_or_ball_out_primary_span
1,1292.04,1292.04,metrica:Away:21,metrica:Away,metrica:Home,restart_or_ball_out_primary_span
1,1292.04,1292.04,metrica:Away:22,metrica:Away,metrica:Home,restart_or_ball_out_primary_span
1,1292.04,1292.04,metrica:Away:23,metrica:Away,metrica:Home,restart_or_ball_out_primary_span
1,1292.04,1292.04,metrica:Away:24,metrica:Away,metrica:Home,restart_or_ball_out_primary_span
1,1292.04,1292.04,metrica:Away:26,metrica:Away,metrica:Home,restart_or_ball_out_primary_span
1,1292.04,1292.04,metrica:Away:27,metrica:Away,metrica:Home,restart_or_ball_out_primary_span
1,1292.04,1292.04,metrica:Away:28,metrica:Away,metrica:Home,restart_or_ball_out_primary_span
1,1296.04,1296.04,metrica:Away:15,metrica:Away,metrica:Home,restart_or_ball_out_primary_span
1,1296.04,1296.04,metrica:Away:16,metrica:Away,metrica:Home,restart_or_ball_out_primary_span
1,1296.04,1296.04,metrica:Away:17,metrica:Away,metrica:Home,restart_or_ball_out_primary_span
1,1296.04,1296.04,metrica:Away:18,metrica:Away,metrica:Home,restart_or_ball_out_primary_span
1,1296.04,1296.04,metrica:Away:19,metrica:Away,metrica:Home,restart_or_ball_out_primary_span
1,1296.04,1296.04,metrica:Away:20,metrica:Away,metrica:Home,restart_or_ball_out_primary_span
1,1296.04,1296.04,metrica:Away:21,metrica:Away,metrica:Home,restart_or_ball_out_primary_span
1,1296.04,1296.04,metrica:Away:22,metrica:Away,metrica:Home,restart_or_ball_out_primary_span
1,1296.04,1296.04,metrica:Away:23,metrica:Away,metrica:Home,restart_or_ball_out_primary_span
1,1296.04,1296.04,metrica:Away:24,metrica:Away,metrica:Home,restart_or_ball_out_primary_span
1,1296.04,1296.04,metrica:Away:26,metrica:Away,metrica:Home,restart_or_ball_out_primary_span
1,1296.04,1296.04,metrica:Away:27,metrica:Away,metrica:Home,restart_or_ball_out_primary_span
1,1296.04,1296.04,metrica:Away:28,metrica:Away,metrica:Home,restart_or_ball_out_primary_span
1,1300.04,1300.04,metrica:Away:26,metrica:Away,metrica:Home,attacker_exposure_unavailable
1,1300.04,1300.04,metrica:Away:27,metrica:Away,metrica:Home,attacker_exposure_unavailable
1,1300.04,1300.04,metrica:Away:28,metrica:Away,metrica:Home,attacker_exposure_unavailable
1,1304.04,1304.04,metrica:Away:26,metrica:Away,metrica:Home,attacker_exposure_unavailable
1,1304.04,1304.04,metrica:Away:27,metrica:Away,metrica:Home,attacker_exposure_unavailable
1,1304.04,1304.04,metrica:Away:28,metrica:Away,metrica:Home,attacker_exposure_unavailable
1,1308.04,1308.04,metrica:Away:26,metrica:Away,metrica:Home,attacker_exposure_unavailable
1,1308.04,1308.04,metrica:Away:27,metrica:Away,metrica:Home,attacker_exposure_unavailable
1,1308.04,1308.04,metrica:Away:28,metrica:Away,metrica:Home,attacker_exposure_unavailable
1,1312.04,1312.04,metrica:Away:26,metrica:Away,metrica:Home,attacker_exposure_unavailable
1,1312.04,1312.04,metrica:Away:27,metrica:Away,metrica:Home,attacker_exposure_unavailable
1,1312.04,1312.04,metrica:Away:28,metrica:Away,metrica:Home,attacker_exposure_unavailable
1,1316.04,1316.04,metrica:Away:15,metrica:Away,metrica:Home,restart_or_ball_out_primary_span
1,1316.04,1316.04,metrica:Away:16,metrica:Away,metrica:Home,restart_or_ball_out_primary_span
1,1316.04,1316.04,metrica:Away:17,metrica:Away,metrica:Home,restart_or_ball_out_primary_span
1,1316.04,1316.04,metrica:Away:18,metrica:Away,metrica:Home,restart_or_ball_out_primary_span
1,1316.04,1316.04,metrica:Away:19,metrica:Away,metrica:Home,restart_or_ball_out_primary_span
1,1316.04,1316.04,metrica:Away:20,metrica:Away,metrica:Home,restart_or_ball_out_primary_span
1,1316.04,1316.04,metrica:Away:21,metrica:Away,metrica:Home,restart_or_ball_out_primary_span
1,1316.04,1316.04,metrica:Away:22,metrica:Away,metrica:Home,restart_or_ball_out_primary_span
1,1316.04,1316.04,metrica:Away:23,metrica:Away,metrica:Home,restart_or_ball_out_primary_span
1,1316.04,1316.04,metrica:Away:24,metrica:Away,metrica:Home,restart_or_ball_out_primary_span
1,1316.04,1316.04,metrica:Away:26,metrica:Away,metrica:Home,restart_or_ball_out_primary_span
1,1316.04,1316.04,metrica:Away:27,metrica:Away,metrica:Home,restart_or_ball_out_primary_span
1,1316.04,1316.04,metrica:Away:28,metrica:Away,metrica:Home,restart_or_ball_out_primary_span
1,1320.04,1320.04,metrica:Away:26,metrica:Away,metrica:Home,attacker_exposure_unavailable
1,1320.04,1320.04,metrica:Away:27,metrica:Away,metrica:Home,attacker_exposure_unavailable
1,1320.04,1320.04,metrica:Away:28,metrica:Away,metrica:Home,attacker_exposure_unavailable
1,1324.04,1324.04,metrica:Away:26,metrica:Away,metrica:Home,attacker_exposure_unavailable
1,1324.04,1324.04,metrica:Away:27,metrica:Away,metrica:Home,attacker_exposure_unavailable
1,1324.04,1324.04,metrica:Away:28,metrica:Away,metrica:Home,attacker_exposure_unavailable
1,1328.04,1328.04,metrica:Away:26,metrica:Away,metrica:Home,attacker_exposure_unavailable
1,1328.04,1328.04,metrica:Away:27,metrica:Away,metrica:Home,attacker_exposure_unavailable
1,1328.04,1328.04,metrica:Away:28,metrica:Away,metrica:Home,attacker_exposure_unavailable
1,1332.04,1332.04,metrica:Away:26,metrica:Away,metrica:Home,attacker_exposure_unavailable
1,1332.04,1332.04,metrica:Away:27,metrica:Away,metrica:Home,attacker_exposure_unavailable
1,1332.04,1332.04,metrica:Away:28,metrica:Away,metrica:Home,attacker_exposure_unavailable
1,1336.04,1336.04,metrica:Away:26,metrica:Away,metrica:Home,attacker_exposure_unavailable
1,1336.04,1336.04,metrica:Away:27,metrica:Away,metrica:Home,attacker_exposure_unavailable
1,1336.04,1336.04,metrica:Away:28,metrica:Away,metrica:Home,attacker_exposure_unavailable
1,1340.04,1340.04,metrica:Away:26,metrica:Away,metrica:Home,attacker_exposure_unavailable
1,1340.04,1340.04,metrica:Away:27,metrica:Away,metrica:Home,attacker_exposure_unavailable
1,1340.04,1340.04,metrica:Away:28,metrica:Away,metrica:Home,attacker_exposure_unavailable
1,1344.04,1344.04,metrica:Away:26,metrica:Away,metrica:Home,attacker_exposure_unavailable
1,1344.04,1344.04,metrica:Away:27,metrica:Away,metrica:Home,attacker_exposure_unavailable
1,1344.04,1344.04,metrica:Away:28,metrica:Away,metrica:Home,attacker_exposure_unavailable
1,1348.04,1348.04,metrica:Home:12,metrica:Home,metrica:Away,attacker_exposure_unavailable
1,1348.04,1348.04,metrica:Home:13,metrica:Home,metrica:Away,attacker_exposure_unavailable
1,1348.04,1348.04,metrica:Home:14,metrica:Home,metrica:Away,attacker_exposure_unavailable
1,1352.04,1352.04,metrica:Home:12,metrica:Home,metrica:Away,attacker_exposure_unavailable
1,1352.04,1352.04,metrica:Home:13,metrica:Home,metrica:Away,attacker_exposure_unavailable
1,1352.04,1352.04,metrica:Home:14,metrica:Home,metrica:Away,attacker_exposure_unavailable
1,1356.04,1356.04,metrica:Home:1,metrica:Home,metrica:Away,restart_or_ball_out_primary_span
1,1356.04,1356.04,metrica:Home:10,metrica:Home,metrica:Away,restart_or_ball_out_primary_span
1,1356.04,1356.04,metrica:Home:12,metrica:Home,metrica:Away,restart_or_ball_out_primary_span
1,1356.04,1356.04,metrica:Home:13,metrica:Home,metrica:Away,restart_or_ball_out_primary_span
1,1356.04,1356.04,metrica:Home:14,metrica:Home,metrica:Away,restart_or_ball_out_primary_span
1,1356.04,1356.04,metrica:Home:2,metrica:Home,metrica:Away,restart_or_ball_out_primary_span
1,1356.04,1356.04,metrica:Home:3,metrica:Home,metrica:Away,restart_or_ball_out_primary_span
1,1356.04,1356.04,metrica:Home:4,metrica:Home,metrica:Away,restart_or_ball_out_primary_span
1,1356.04,1356.04,metrica:Home:5,metrica:Home,metrica:Away,restart_or_ball_out_primary_span
1,1356.04,1356.04,metrica:Home:6,metrica:Home,metrica:Away,restart_or_ball_out_primary_span
1,1356.04,1356.04,metrica:Home:7,metrica:Home,metrica:Away,restart_or_ball_out_primary_span
1,1356.04,1356.04,metrica:Home:8,metrica:Home,metrica:Away,restart_or_ball_out_primary_span
1,1356.04,1356.04,metrica:Home:9,metrica:Home,metrica:Away,restart_or_ball_out_primary_span
1,1360.04,1360.04,metrica:Home:12,metrica:Home,metrica:Away,attacker_exposure_unavailable
1,1360.04,1360.04,metrica:Home:13,metrica:Home,metrica:Away,attacker_exposure_unavailable
1,1360.04,1360.04,metrica:Home:14,metrica:Home,metrica:Away,attacker_exposure_unavailable
1,1364.04,1364.04,metrica:Home:12,metrica:Home,metrica:Away,attacker_exposure_unavailable
1,1364.04,1364.04,metrica:Home:13,metrica:Home,metrica:Away,attacker_exposure_unavailable
1,1364.04,1364.04,metrica:Home:14,metrica:Home,metrica:Away,attacker_exposure_unavailable
1,1368.04,1368.04,metrica:Away:15,metrica:Away,metrica:Home,restart_or_ball_out_primary_span
1,1368.04,1368.04,metrica:Away:16,metrica:Away,metrica:Home,restart_or_ball_out_primary_span
1,1368.04,1368.04,metrica:Away:17,metrica:Away,metrica:Home,restart_or_ball_out_primary_span
1,1368.04,1368.04,metrica:Away:18,metrica:Away,metrica:Home,restart_or_ball_out_primary_span
1,1368.04,1368.04,metrica:Away:19,metrica:Away,metrica:Home,restart_or_ball_out_primary_span
1,1368.04,1368.04,metrica:Away:20,metrica:Away,metrica:Home,restart_or_ball_out_primary_span
1,1368.04,1368.04,metrica:Away:21,metrica:Away,metrica:Home,restart_or_ball_out_primary_span
1,1368.04,1368.04,metrica:Away:22,metrica:Away,metrica:Home,restart_or_ball_out_primary_span
1,1368.04,1368.04,metrica:Away:23,metrica:Away,metrica:Home,restart_or_ball_out_primary_span
1,1368.04,1368.04,metrica:Away:24,metrica:Away,metrica:Home,restart_or_ball_out_primary_span
1,1368.04,1368.04,metrica:Away:26,metrica:Away,metrica:Home,restart_or_ball_out_primary_span
1,1368.04,1368.04,metrica:Away:27,metrica:Away,metrica:Home,restart_or_ball_out_primary_span
1,1368.04,1368.04,metrica:Away:28,metrica:Away,metrica:Home,restart_or_ball_out_primary_span
1,1372.04,1372.04,metrica:Away:26,metrica:Away,metrica:Home,attacker_exposure_unavailable
1,1372.04,1372.04,metrica:Away:27,metrica:Away,metrica:Home,attacker_exposure_unavailable
1,1372.04,1372.04,metrica:Away:28,metrica:Away,metrica:Home,attacker_exposure_unavailable
1,1376.04,1376.04,metrica:Away:26,metrica:Away,metrica:Home,attacker_exposure_unavailable
1,1376.04,1376.04,metrica:Away:27,metrica:Away,metrica:Home,attacker_exposure_unavailable
1,1376.04,1376.04,metrica:Away:28,metrica:Away,metrica:Home,attacker_exposure_unavailable
1,1380.04,1380.04,metrica:Away:26,metrica:Away,metrica:Home,attacker_exposure_unavailable
1,1380.04,1380.04,metrica:Away:27,metrica:Away,metrica:Home,attacker_exposure_unavailable
1,1380.04,1380.04,metrica:Away:28,metrica:Away,metrica:Home,attacker_exposure_unavailable
1,1384.04,1384.04,metrica:Away:26,metrica:Away,metrica:Home,attacker_exposure_unavailable
1,1384.04,1384.04,metrica:Away:27,metrica:Away,metrica:Home,attacker_exposure_unavailable
1,1384.04,1384.04,metrica:Away:28,metrica:Away,metrica:Home,attacker_exposure_unavailable
1,1388.04,1388.04,metrica:Home:12,metrica:Home,metrica:Away,attacker_exposure_unavailable
1,1388.04,1388.04,metrica:Home:13,metrica:Home,metrica:Away,attacker_exposure_unavailable
1,1388.04,1388.04,metrica:Home:14,metrica:Home,metrica:Away,attacker_exposure_unavailable
1,1392.04,1392.04,metrica:Home:12,metrica:Home,metrica:Away,attacker_exposure_unavailable
1,1392.04,1392.04,metrica:Home:13,metrica:Home,metrica:Away,attacker_exposure_unavailable
1,1392.04,1392.04,metrica:Home:14,metrica:Home,metrica:Away,attacker_exposure_unavailable
1,1396.04,1396.04,metrica:Home:12,metrica:Home,metrica:Away,attacker_exposure_unavailable
1,1396.04,1396.04,metrica:Home:13,metrica:Home,metrica:Away,attacker_exposure_unavailable
1,1396.04,1396.04,metrica:Home:14,metrica:Home,metrica:Away,attacker_exposure_unavailable
1,1400.04,1400.04,metrica:Home:12,metrica:Home,metrica:Away,attacker_exposure_unavailable
1,1400.04,1400.04,metrica:Home:13,metrica:Home,metrica:Away,attacker_exposure_unavailable
1,1400.04,1400.04,metrica:Home:14,metrica:Home,metrica:Away,attacker_exposure_unavailable
1,1404.04,1404.04,metrica:Away:26,metrica:Away,metrica:Home,attacker_exposure_unavailable
1,1404.04,1404.04,metrica:Away:27,metrica:Away,metrica:Home,attacker_exposure_unavailable
1,1404.04,1404.04,metrica:Away:28,metrica:Away,metrica:Home,attacker_exposure_unavailable
1,1408.04,1408.04,metrica:Away:26,metrica:Away,metrica:Home,attacker_exposure_unavailable
1,1408.04,1408.04,metrica:Away:27,metrica:Away,metrica:Home,attacker_exposure_unavailable
1,1408.04,1408.04,metrica:Away:28,metrica:Away,metrica:Home,attacker_exposure_unavailable
1,1412.04,1412.04,metrica:Away:26,metrica:Away,metrica:Home,attacker_exposure_unavailable
1,1412.04,1412.04,metrica:Away:27,metrica:Away,metrica:Home,attacker_exposure_unavailable
1,1412.04,1412.04,metrica:Away:28,metrica:Away,metrica:Home,attacker_exposure_unavailable
1,1416.04,1416.04,metrica:Away:26,metrica:Away,metrica:Home,attacker_exposure_unavailable
1,1416.04,1416.04,metrica:Away:27,metrica:Away,metrica:Home,attacker_exposure_unavailable
1,1416.04,1416.04,metrica:Away:28,metrica:Away,metrica:Home,attacker_exposure_unavailable
1,1420.04,1420.04,metrica:Away:26,metrica:Away,metrica:Home,attacker_exposure_unavailable
1,1420.04,1420.04,metrica:Away:27,metrica:Away,metrica:Home,attacker_exposure_unavailable
1,1420.04,1420.04,metrica:Away:28,metrica:Away,metrica:Home,attacker_exposure_unavailable
1,1424.04,1424.04,metrica:Away:15,metrica:Away,metrica:Home,restart_or_ball_out_primary_span
1,1424.04,1424.04,metrica:Away:16,metrica:Away,metrica:Home,restart_or_ball_out_primary_span
1,1424.04,1424.04,metrica:Away:17,metrica:Away,metrica:Home,restart_or_ball_out_primary_span
1,1424.04,1424.04,metrica:Away:18,metrica:Away,metrica:Home,restart_or_ball_out_primary_span
1,1424.04,1424.04,metrica:Away:19,metrica:Away,metrica:Home,restart_or_ball_out_primary_span
1,1424.04,1424.04,metrica:Away:20,metrica:Away,metrica:Home,restart_or_ball_out_primary_span
1,1424.04,1424.04,metrica:Away:21,metrica:Away,metrica:Home,restart_or_ball_out_primary_span
1,1424.04,1424.04,metrica:Away:22,metrica:Away,metrica:Home,restart_or_ball_out_primary_span
1,1424.04,1424.04,metrica:Away:23,metrica:Away,metrica:Home,restart_or_ball_out_primary_span
1,1424.04,1424.04,metrica:Away:24,metrica:Away,metrica:Home,restart_or_ball_out_primary_span
1,1424.04,1424.04,metrica:Away:26,metrica:Away,metrica:Home,restart_or_ball_out_primary_span
1,1424.04,1424.04,metrica:Away:27,metrica:Away,metrica:Home,restart_or_ball_out_primary_span
1,1424.04,1424.04,metrica:Away:28,metrica:Away,metrica:Home,restart_or_ball_out_primary_span
1,1428.04,1428.04,metrica:Away:26,metrica:Away,metrica:Home,attacker_exposure_unavailable
1,1428.04,1428.04,metrica:Away:27,metrica:Away,metrica:Home,attacker_exposure_unavailable
1,1428.04,1428.04,metrica:Away:28,metrica:Away,metrica:Home,attacker_exposure_unavailable
1,1432.04,1432.04,metrica:Away:26,metrica:Away,metrica:Home,attacker_exposure_unavailable
1,1432.04,1432.04,metrica:Away:27,metrica:Away,metrica:Home,attacker_exposure_unavailable
1,1432.04,1432.04,metrica:Away:28,metrica:Away,metrica:Home,attacker_exposure_unavailable
1,1436.04,1436.04,metrica:Away:26,metrica:Away,metrica:Home,attacker_exposure_unavailable
1,1436.04,1436.04,metrica:Away:27,metrica:Away,metrica:Home,attacker_exposure_unavailable
1,1436.04,1436.04,metrica:Away:28,metrica:Away,metrica:Home,attacker_exposure_unavailable
1,1440.04,1440.04,metrica:Away:26,metrica:Away,metrica:Home,attacker_exposure_unavailable
1,1440.04,1440.04,metrica:Away:27,metrica:Away,metrica:Home,attacker_exposure_unavailable
1,1440.04,1440.04,metrica:Away:28,metrica:Away,metrica:Home,attacker_exposure_unavailable
1,1444.04,1444.04,metrica:Away:26,metrica:Away,metrica:Home,attacker_exposure_unavailable
1,1444.04,1444.04,metrica:Away:27,metrica:Away,metrica:Home,attacker_exposure_unavailable
1,1444.04,1444.04,metrica:Away:28,metrica:Away,metrica:Home,attacker_exposure_unavailable
1,1448.04,1448.04,metrica:Away:26,metrica:Away,metrica:Home,attacker_exposure_unavailable
1,1448.04,1448.04,metrica:Away:27,metrica:Away,metrica:Home,attacker_exposure_unavailable
1,1448.04,1448.04,metrica:Away:28,metrica:Away,metrica:Home,attacker_exposure_unavailable
1,1452.04,1452.04,metrica:Home:12,metrica:Home,metrica:Away,attacker_exposure_unavailable
1,1452.04,1452.04,metrica:Home:13,metrica:Home,metrica:Away,attacker_exposure_unavailable
1,1452.04,1452.04,metrica:Home:14,metrica:Home,metrica:Away,attacker_exposure_unavailable
1,1456.04,1456.04,metrica:Home:1,metrica:Home,metrica:Away,restart_or_ball_out_primary_span
1,1456.04,1456.04,metrica:Home:10,metrica:Home,metrica:Away,restart_or_ball_out_primary_span
1,1456.04,1456.04,metrica:Home:12,metrica:Home,metrica:Away,restart_or_ball_out_primary_span
1,1456.04,1456.04,metrica:Home:13,metrica:Home,metrica:Away,restart_or_ball_out_primary_span
1,1456.04,1456.04,metrica:Home:14,metrica:Home,metrica:Away,restart_or_ball_out_primary_span
1,1456.04,1456.04,metrica:Home:2,metrica:Home,metrica:Away,restart_or_ball_out_primary_span
1,1456.04,1456.04,metrica:Home:3,metrica:Home,metrica:Away,restart_or_ball_out_primary_span
1,1456.04,1456.04,metrica:Home:4,metrica:Home,metrica:Away,restart_or_ball_out_primary_span
1,1456.04,1456.04,metrica:Home:5,metrica:Home,metrica:Away,restart_or_ball_out_primary_span
1,1456.04,1456.04,metrica:Home:6,metrica:Home,metrica:Away,restart_or_ball_out_primary_span
1,1456.04,1456.04,metrica:Home:7,metrica:Home,metrica:Away,restart_or_ball_out_primary_span
1,1456.04,1456.04,metrica:Home:8,metrica:Home,metrica:Away,restart_or_ball_out_primary_span
1,1456.04,1456.04,metrica:Home:9,metrica:Home,metrica:Away,restart_or_ball_out_primary_span
1,1460.04,1460.04,metrica:Away:15,metrica:Away,metrica:Home,restart_or_ball_out_primary_span
1,1460.04,1460.04,metrica:Away:16,metrica:Away,metrica:Home,restart_or_ball_out_primary_span
1,1460.04,1460.04,metrica:Away:17,metrica:Away,metrica:Home,restart_or_ball_out_primary_span
1,1460.04,1460.04,metrica:Away:18,metrica:Away,metrica:Home,restart_or_ball_out_primary_span
1,1460.04,1460.04,metrica:Away:19,metrica:Away,metrica:Home,restart_or_ball_out_primary_span
1,1460.04,1460.04,metrica:Away:20,metrica:Away,metrica:Home,restart_or_ball_out_primary_span
1,1460.04,1460.04,metrica:Away:21,metrica:Away,metrica:Home,restart_or_ball_out_primary_span
1,1460.04,1460.04,metrica:Away:22,metrica:Away,metrica:Home,restart_or_ball_out_primary_span
1,1460.04,1460.04,metrica:Away:23,metrica:Away,metrica:Home,restart_or_ball_out_primary_span
1,1460.04,1460.04,metrica:Away:24,metrica:Away,metrica:Home,restart_or_ball_out_primary_span
1,1460.04,1460.04,metrica:Away:26,metrica:Away,metrica:Home,restart_or_ball_out_primary_span
1,1460.04,1460.04,metrica:Away:27,metrica:Away,metrica:Home,restart_or_ball_out_primary_span
1,1460.04,1460.04,metrica:Away:28,metrica:Away,metrica:Home,restart_or_ball_out_primary_span
1,1464.04,1464.04,metrica:Home:1,metrica:Home,metrica:Away,restart_or_ball_out_primary_span
1,1464.04,1464.04,metrica:Home:10,metrica:Home,metrica:Away,restart_or_ball_out_primary_span
1,1464.04,1464.04,metrica:Home:12,metrica:Home,metrica:Away,restart_or_ball_out_primary_span
1,1464.04,1464.04,metrica:Home:13,metrica:Home,metrica:Away,restart_or_ball_out_primary_span
1,1464.04,1464.04,metrica:Home:14,metrica:Home,metrica:Away,restart_or_ball_out_primary_span
1,1464.04,1464.04,metrica:Home:2,metrica:Home,metrica:Away,restart_or_ball_out_primary_span
1,1464.04,1464.04,metrica:Home:3,metrica:Home,metrica:Away,restart_or_ball_out_primary_span
1,1464.04,1464.04,metrica:Home:4,metrica:Home,metrica:Away,restart_or_ball_out_primary_span
1,1464.04,1464.04,metrica:Home:5,metrica:Home,metrica:Away,restart_or_ball_out_primary_span
1,1464.04,1464.04,metrica:Home:6,metrica:Home,metrica:Away,restart_or_ball_out_primary_span
1,1464.04,1464.04,metrica:Home:7,metrica:Home,metrica:Away,restart_or_ball_out_primary_span
1,1464.04,1464.04,metrica:Home:8,metrica:Home,metrica:Away,restart_or_ball_out_primary_span
1,1464.04,1464.04,metrica:Home:9,metrica:Home,metrica:Away,restart_or_ball_out_primary_span
1,1468.04,1468.04,metrica:Home:1,metrica:Home,metrica:Away,restart_or_ball_out_primary_span
1,1468.04,1468.04,metrica:Home:10,metrica:Home,metrica:Away,restart_or_ball_out_primary_span
1,1468.04,1468.04,metrica:Home:12,metrica:Home,metrica:Away,restart_or_ball_out_primary_span
1,1468.04,1468.04,metrica:Home:13,metrica:Home,metrica:Away,restart_or_ball_out_primary_span
1,1468.04,1468.04,metrica:Home:14,metrica:Home,metrica:Away,restart_or_ball_out_primary_span
1,1468.04,1468.04,metrica:Home:2,metrica:Home,metrica:Away,restart_or_ball_out_primary_span
1,1468.04,1468.04,metrica:Home:3,metrica:Home,metrica:Away,restart_or_ball_out_primary_span
1,1468.04,1468.04,metrica:Home:4,metrica:Home,metrica:Away,restart_or_ball_out_primary_span
1,1468.04,1468.04,metrica:Home:5,metrica:Home,metrica:Away,restart_or_ball_out_primary_span
1,1468.04,1468.04,metrica:Home:6,metrica:Home,metrica:Away,restart_or_ball_out_primary_span
1,1468.04,1468.04,metrica:Home:7,metrica:Home,metrica:Away,restart_or_ball_out_primary_span
1,1468.04,1468.04,metrica:Home:8,metrica:Home,metrica:Away,restart_or_ball_out_primary_span
1,1468.04,1468.04,metrica:Home:9,metrica:Home,metrica:Away,restart_or_ball_out_primary_span
1,1472.04,1472.04,metrica:Home:1,metrica:Home,metrica:Away,restart_or_ball_out_primary_span
1,1472.04,1472.04,metrica:Home:10,metrica:Home,metrica:Away,restart_or_ball_out_primary_span
1,1472.04,1472.04,metrica:Home:12,metrica:Home,metrica:Away,restart_or_ball_out_primary_span
1,1472.04,1472.04,metrica:Home:13,metrica:Home,metrica:Away,restart_or_ball_out_primary_span
1,1472.04,1472.04,metrica:Home:14,metrica:Home,metrica:Away,restart_or_ball_out_primary_span
1,1472.04,1472.04,metrica:Home:2,metrica:Home,metrica:Away,restart_or_ball_out_primary_span
1,1472.04,1472.04,metrica:Home:3,metrica:Home,metrica:Away,restart_or_ball_out_primary_span
1,1472.04,1472.04,metrica:Home:4,metrica:Home,metrica:Away,restart_or_ball_out_primary_span
1,1472.04,1472.04,metrica:Home:5,metrica:Home,metrica:Away,restart_or_ball_out_primary_span
1,1472.04,1472.04,metrica:Home:6,metrica:Home,metrica:Away,restart_or_ball_out_primary_span
1,1472.04,1472.04,metrica:Home:7,metrica:Home,metrica:Away,restart_or_ball_out_primary_span
1,1472.04,1472.04,metrica:Home:8,metrica:Home,metrica:Away,restart_or_ball_out_primary_span
1,1472.04,1472.04,metrica:Home:9,metrica:Home,metrica:Away,restart_or_ball_out_primary_span
1,1476.04,1476.04,metrica:Away:15,metrica:Away,metrica:Home,restart_or_ball_out_primary_span
1,1476.04,1476.04,metrica:Away:16,metrica:Away,metrica:Home,restart_or_ball_out_primary_span
1,1476.04,1476.04,metrica:Away:17,metrica:Away,metrica:Home,restart_or_ball_out_primary_span
1,1476.04,1476.04,metrica:Away:18,metrica:Away,metrica:Home,restart_or_ball_out_primary_span
1,1476.04,1476.04,metrica:Away:19,metrica:Away,metrica:Home,restart_or_ball_out_primary_span
1,1476.04,1476.04,metrica:Away:20,metrica:Away,metrica:Home,restart_or_ball_out_primary_span
1,1476.04,1476.04,metrica:Away:21,metrica:Away,metrica:Home,restart_or_ball_out_primary_span
1,1476.04,1476.04,metrica:Away:22,metrica:Away,metrica:Home,restart_or_ball_out_primary_span
1,1476.04,1476.04,metrica:Away:23,metrica:Away,metrica:Home,restart_or_ball_out_primary_span
1,1476.04,1476.04,metrica:Away:24,metrica:Away,metrica:Home,restart_or_ball_out_primary_span
1,1476.04,1476.04,metrica:Away:26,metrica:Away,metrica:Home,restart_or_ball_out_primary_span
1,1476.04,1476.04,metrica:Away:27,metrica:Away,metrica:Home,restart_or_ball_out_primary_span
1,1476.04,1476.04,metrica:Away:28,metrica:Away,metrica:Home,restart_or_ball_out_primary_span
1,1480.04,1480.04,metrica:Away:26,metrica:Away,metrica:Home,attacker_exposure_unavailable
1,1480.04,1480.04,metrica:Away:27,metrica:Away,metrica:Home,attacker_exposure_unavailable
1,1480.04,1480.04,metrica:Away:28,metrica:Away,metrica:Home,attacker_exposure_unavailable
1,1484.04,1484.04,metrica:Away:26,metrica:Away,metrica:Home,attacker_exposure_unavailable
1,1484.04,1484.04,metrica:Away:27,metrica:Away,metrica:Home,attacker_exposure_unavailable
1,1484.04,1484.04,metrica:Away:28,metrica:Away,metrica:Home,attacker_exposure_unavailable
1,1488.04,1488.04,metrica:Away:26,metrica:Away,metrica:Home,attacker_exposure_unavailable
1,1488.04,1488.04,metrica:Away:27,metrica:Away,metrica:Home,attacker_exposure_unavailable
1,1488.04,1488.04,metrica:Away:28,metrica:Away,metrica:Home,attacker_exposure_unavailable
1,1492.04,1492.04,metrica:Away:26,metrica:Away,metrica:Home,attacker_exposure_unavailable
1,1492.04,1492.04,metrica:Away:27,metrica:Away,metrica:Home,attacker_exposure_unavailable
1,1492.04,1492.04,metrica:Away:28,metrica:Away,metrica:Home,attacker_exposure_unavailable
1,1496.04,1496.04,metrica:Away:26,metrica:Away,metrica:Home,attacker_exposure_unavailable
1,1496.04,1496.04,metrica:Away:27,metrica:Away,metrica:Home,attacker_exposure_unavailable
1,1496.04,1496.04,metrica:Away:28,metrica:Away,metrica:Home,attacker_exposure_unavailable
1,1500.04,1500.04,metrica:Away:26,metrica:Away,metrica:Home,attacker_exposure_unavailable
1,1500.04,1500.04,metrica:Away:27,metrica:Away,metrica:Home,attacker_exposure_unavailable
1,1500.04,1500.04,metrica:Away:28,metrica:Away,metrica:Home,attacker_exposure_unavailable
1,1504.04,1504.04,metrica:Away:26,metrica:Away,metrica:Home,attacker_exposure_unavailable
1,1504.04,1504.04,metrica:Away:27,metrica:Away,metrica:Home,attacker_exposure_unavailable
1,1504.04,1504.04,metrica:Away:28,metrica:Away,metrica:Home,attacker_exposure_unavailable
1,1508.04,1508.04,metrica:Away:26,metrica:Away,metrica:Home,attacker_exposure_unavailable
1,1508.04,1508.04,metrica:Away:27,metrica:Away,metrica:Home,attacker_exposure_unavailable
1,1508.04,1508.04,metrica:Away:28,metrica:Away,metrica:Home,attacker_exposure_unavailable
1,1512.04,1512.04,metrica:Away:26,metrica:Away,metrica:Home,attacker_exposure_unavailable
1,1512.04,1512.04,metrica:Away:27,metrica:Away,metrica:Home,attacker_exposure_unavailable
1,1512.04,1512.04,metrica:Away:28,metrica:Away,metrica:Home,attacker_exposure_unavailable
1,1516.04,1516.04,metrica:Away:26,metrica:Away,metrica:Home,attacker_exposure_unavailable
1,1516.04,1516.04,metrica:Away:27,metrica:Away,metrica:Home,attacker_exposure_unavailable
1,1516.04,1516.04,metrica:Away:28,metrica:Away,metrica:Home,attacker_exposure_unavailable
1,1520.04,1520.04,metrica:Away:26,metrica:Away,metrica:Home,attacker_exposure_unavailable
1,1520.04,1520.04,metrica:Away:27,metrica:Away,metrica:Home,attacker_exposure_unavailable
1,1520.04,1520.04,metrica:Away:28,metrica:Away,metrica:Home,attacker_exposure_unavailable
1,1524.04,1524.04,metrica:Away:15,metrica:Away,metrica:Home,restart_or_ball_out_primary_span
1,1524.04,1524.04,metrica:Away:16,metrica:Away,metrica:Home,restart_or_ball_out_primary_span
1,1524.04,1524.04,metrica:Away:17,metrica:Away,metrica:Home,restart_or_ball_out_primary_span
1,1524.04,1524.04,metrica:Away:18,metrica:Away,metrica:Home,restart_or_ball_out_primary_span
1,1524.04,1524.04,metrica:Away:19,metrica:Away,metrica:Home,restart_or_ball_out_primary_span
1,1524.04,1524.04,metrica:Away:20,metrica:Away,metrica:Home,restart_or_ball_out_primary_span
1,1524.04,1524.04,metrica:Away:21,metrica:Away,metrica:Home,restart_or_ball_out_primary_span
1,1524.04,1524.04,metrica:Away:22,metrica:Away,metrica:Home,restart_or_ball_out_primary_span
1,1524.04,1524.04,metrica:Away:23,metrica:Away,metrica:Home,restart_or_ball_out_primary_span
1,1524.04,1524.04,metrica:Away:24,metrica:Away,metrica:Home,restart_or_ball_out_primary_span
1,1524.04,1524.04,metrica:Away:26,metrica:Away,metrica:Home,restart_or_ball_out_primary_span
1,1524.04,1524.04,metrica:Away:27,metrica:Away,metrica:Home,restart_or_ball_out_primary_span
1,1524.04,1524.04,metrica:Away:28,metrica:Away,metrica:Home,restart_or_ball_out_primary_span
1,1528.04,1528.04,metrica:Home:1,metrica:Home,metrica:Away,restart_or_ball_out_primary_span
1,1528.04,1528.04,metrica:Home:10,metrica:Home,metrica:Away,restart_or_ball_out_primary_span
1,1528.04,1528.04,metrica:Home:12,metrica:Home,metrica:Away,restart_or_ball_out_primary_span
1,1528.04,1528.04,metrica:Home:13,metrica:Home,metrica:Away,restart_or_ball_out_primary_span
1,1528.04,1528.04,metrica:Home:14,metrica:Home,metrica:Away,restart_or_ball_out_primary_span
1,1528.04,1528.04,metrica:Home:2,metrica:Home,metrica:Away,restart_or_ball_out_primary_span
1,1528.04,1528.04,metrica:Home:3,metrica:Home,metrica:Away,restart_or_ball_out_primary_span
1,1528.04,1528.04,metrica:Home:4,metrica:Home,metrica:Away,restart_or_ball_out_primary_span
1,1528.04,1528.04,metrica:Home:5,metrica:Home,metrica:Away,restart_or_ball_out_primary_span
1,1528.04,1528.04,metrica:Home:6,metrica:Home,metrica:Away,restart_or_ball_out_primary_span
1,1528.04,1528.04,metrica:Home:7,metrica:Home,metrica:Away,restart_or_ball_out_primary_span
1,1528.04,1528.04,metrica:Home:8,metrica:Home,metrica:Away,restart_or_ball_out_primary_span
1,1528.04,1528.04,metrica:Home:9,metrica:Home,metrica:Away,restart_or_ball_out_primary_span
1,1532.04,1532.04,metrica:Away:26,metrica:Away,metrica:Home,attacker_exposure_unavailable
1,1532.04,1532.04,metrica:Away:27,metrica:Away,metrica:Home,attacker_exposure_unavailable
1,1532.04,1532.04,metrica:Away:28,metrica:Away,metrica:Home,attacker_exposure_unavailable
1,1536.04,1536.04,metrica:Home:12,metrica:Home,metrica:Away,attacker_exposure_unavailable
1,1536.04,1536.04,metrica:Home:13,metrica:Home,metrica:Away,attacker_exposure_unavailable
1,1536.04,1536.04,metrica:Home:14,metrica:Home,metrica:Away,attacker_exposure_unavailable
1,1540.04,1540.04,metrica:Away:26,metrica:Away,metrica:Home,attacker_exposure_unavailable
1,1540.04,1540.04,metrica:Away:27,metrica:Away,metrica:Home,attacker_exposure_unavailable
1,1540.04,1540.04,metrica:Away:28,metrica:Away,metrica:Home,attacker_exposure_unavailable
1,1544.04,1544.04,metrica:Away:26,metrica:Away,metrica:Home,attacker_exposure_unavailable
1,1544.04,1544.04,metrica:Away:27,metrica:Away,metrica:Home,attacker_exposure_unavailable
1,1544.04,1544.04,metrica:Away:28,metrica:Away,metrica:Home,attacker_exposure_unavailable
1,1548.04,1548.04,metrica:Away:26,metrica:Away,metrica:Home,attacker_exposure_unavailable
1,1548.04,1548.04,metrica:Away:27,metrica:Away,metrica:Home,attacker_exposure_unavailable
1,1548.04,1548.04,metrica:Away:28,metrica:Away,metrica:Home,attacker_exposure_unavailable
1,1552.04,1552.04,metrica:Away:26,metrica:Away,metrica:Home,attacker_exposure_unavailable
1,1552.04,1552.04,metrica:Away:27,metrica:Away,metrica:Home,attacker_exposure_unavailable
1,1552.04,1552.04,metrica:Away:28,metrica:Away,metrica:Home,attacker_exposure_unavailable
1,1556.04,1556.04,metrica:Away:26,metrica:Away,metrica:Home,attacker_exposure_unavailable
1,1556.04,1556.04,metrica:Away:27,metrica:Away,metrica:Home,attacker_exposure_unavailable
1,1556.04,1556.04,metrica:Away:28,metrica:Away,metrica:Home,attacker_exposure_unavailable
1,1560.04,1560.04,metrica:Away:26,metrica:Away,metrica:Home,attacker_exposure_unavailable
1,1560.04,1560.04,metrica:Away:27,metrica:Away,metrica:Home,attacker_exposure_unavailable
1,1560.04,1560.04,metrica:Away:28,metrica:Away,metrica:Home,attacker_exposure_unavailable
1,1564.04,1564.04,metrica:Away:26,metrica:Away,metrica:Home,attacker_exposure_unavailable
1,1564.04,1564.04,metrica:Away:27,metrica:Away,metrica:Home,attacker_exposure_unavailable
1,1564.04,1564.04,metrica:Away:28,metrica:Away,metrica:Home,attacker_exposure_unavailable
1,1568.04,1568.04,metrica:Away:26,metrica:Away,metrica:Home,attacker_exposure_unavailable
1,1568.04,1568.04,metrica:Away:27,metrica:Away,metrica:Home,attacker_exposure_unavailable
1,1568.04,1568.04,metrica:Away:28,metrica:Away,metrica:Home,attacker_exposure_unavailable
1,1572.04,1572.04,metrica:Away:26,metrica:Away,metrica:Home,attacker_exposure_unavailable
1,1572.04,1572.04,metrica:Away:27,metrica:Away,metrica:Home,attacker_exposure_unavailable
1,1572.04,1572.04,metrica:Away:28,metrica:Away,metrica:Home,attacker_exposure_unavailable
1,1576.04,1576.04,metrica:Away:26,metrica:Away,metrica:Home,attacker_exposure_unavailable
1,1576.04,1576.04,metrica:Away:27,metrica:Away,metrica:Home,attacker_exposure_unavailable
1,1576.04,1576.04,metrica:Away:28,metrica:Away,metrica:Home,attacker_exposure_unavailable
1,1580.04,1580.04,metrica:Away:26,metrica:Away,metrica:Home,attacker_exposure_unavailable
1,1580.04,1580.04,metrica:Away:27,metrica:Away,metrica:Home,attacker_exposure_unavailable
1,1580.04,1580.04,metrica:Away:28,metrica:Away,metrica:Home,attacker_exposure_unavailable
1,1584.04,1584.04,metrica:Away:26,metrica:Away,metrica:Home,attacker_exposure_unavailable
1,1584.04,1584.04,metrica:Away:27,metrica:Away,metrica:Home,attacker_exposure_unavailable
1,1584.04,1584.04,metrica:Away:28,metrica:Away,metrica:Home,attacker_exposure_unavailable
1,1588.04,1588.04,metrica:Away:26,metrica:Away,metrica:Home,attacker_exposure_unavailable
1,1588.04,1588.04,metrica:Away:27,metrica:Away,metrica:Home,attacker_exposure_unavailable
1,1588.04,1588.04,metrica:Away:28,metrica:Away,metrica:Home,attacker_exposure_unavailable
1,1592.04,1592.04,metrica:Away:26,metrica:Away,metrica:Home,attacker_exposure_unavailable
1,1592.04,1592.04,metrica:Away:27,metrica:Away,metrica:Home,attacker_exposure_unavailable
1,1592.04,1592.04,metrica:Away:28,metrica:Away,metrica:Home,attacker_exposure_unavailable
1,1596.04,1596.04,metrica:Away:26,metrica:Away,metrica:Home,attacker_exposure_unavailable
1,1596.04,1596.04,metrica:Away:27,metrica:Away,metrica:Home,attacker_exposure_unavailable
1,1596.04,1596.04,metrica:Away:28,metrica:Away,metrica:Home,attacker_exposure_unavailable
1,1600.04,1600.04,metrica:Away:26,metrica:Away,metrica:Home,attacker_exposure_unavailable
1,1600.04,1600.04,metrica:Away:27,metrica:Away,metrica:Home,attacker_exposure_unavailable
1,1600.04,1600.04,metrica:Away:28,metrica:Away,metrica:Home,attacker_exposure_unavailable
1,1604.04,1604.04,metrica:Away:26,metrica:Away,metrica:Home,attacker_exposure_unavailable
1,1604.04,1604.04,metrica:Away:27,metrica:Away,metrica:Home,attacker_exposure_unavailable
1,1604.04,1604.04,metrica:Away:28,metrica:Away,metrica:Home,attacker_exposure_unavailable
1,1608.04,1608.04,metrica:Away:26,metrica:Away,metrica:Home,attacker_exposure_unavailable
1,1608.04,1608.04,metrica:Away:27,metrica:Away,metrica:Home,attacker_exposure_unavailable
1,1608.04,1608.04,metrica:Away:28,metrica:Away,metrica:Home,attacker_exposure_unavailable
1,1612.04,1612.04,metrica:Away:26,metrica:Away,metrica:Home,attacker_exposure_unavailable
1,1612.04,1612.04,metrica:Away:27,metrica:Away,metrica:Home,attacker_exposure_unavailable
1,1612.04,1612.04,metrica:Away:28,metrica:Away,metrica:Home,attacker_exposure_unavailable
1,1616.04,1616.04,metrica:Away:26,metrica:Away,metrica:Home,attacker_exposure_unavailable
1,1616.04,1616.04,metrica:Away:27,metrica:Away,metrica:Home,attacker_exposure_unavailable
1,1616.04,1616.04,metrica:Away:28,metrica:Away,metrica:Home,attacker_exposure_unavailable
1,1620.04,1620.04,metrica:Away:26,metrica:Away,metrica:Home,attacker_exposure_unavailable
1,1620.04,1620.04,metrica:Away:27,metrica:Away,metrica:Home,attacker_exposure_unavailable
1,1620.04,1620.04,metrica:Away:28,metrica:Away,metrica:Home,attacker_exposure_unavailable
1,1624.04,1624.04,metrica:Away:26,metrica:Away,metrica:Home,attacker_exposure_unavailable
1,1624.04,1624.04,metrica:Away:27,metrica:Away,metrica:Home,attacker_exposure_unavailable
1,1624.04,1624.04,metrica:Away:28,metrica:Away,metrica:Home,attacker_exposure_unavailable
1,1628.04,1628.04,metrica:Away:26,metrica:Away,metrica:Home,attacker_exposure_unavailable
1,1628.04,1628.04,metrica:Away:27,metrica:Away,metrica:Home,attacker_exposure_unavailable
1,1628.04,1628.04,metrica:Away:28,metrica:Away,metrica:Home,attacker_exposure_unavailable
1,1632.04,1632.04,metrica:Away:26,metrica:Away,metrica:Home,attacker_exposure_unavailable
1,1632.04,1632.04,metrica:Away:27,metrica:Away,metrica:Home,attacker_exposure_unavailable
1,1632.04,1632.04,metrica:Away:28,metrica:Away,metrica:Home,attacker_exposure_unavailable
1,1636.04,1636.04,metrica:Away:26,metrica:Away,metrica:Home,attacker_exposure_unavailable
1,1636.04,1636.04,metrica:Away:27,metrica:Away,metrica:Home,attacker_exposure_unavailable
1,1636.04,1636.04,metrica:Away:28,metrica:Away,metrica:Home,attacker_exposure_unavailable
1,1640.04,1640.04,metrica:Away:26,metrica:Away,metrica:Home,attacker_exposure_unavailable
1,1640.04,1640.04,metrica:Away:27,metrica:Away,metrica:Home,attacker_exposure_unavailable
1,1640.04,1640.04,metrica:Away:28,metrica:Away,metrica:Home,attacker_exposure_unavailable
1,1644.04,1644.04,metrica:Away:26,metrica:Away,metrica:Home,attacker_exposure_unavailable
1,1644.04,1644.04,metrica:Away:27,metrica:Away,metrica:Home,attacker_exposure_unavailable
1,1644.04,1644.04,metrica:Away:28,metrica:Away,metrica:Home,attacker_exposure_unavailable
1,1648.04,1648.04,metrica:Away:26,metrica:Away,metrica:Home,attacker_exposure_unavailable
1,1648.04,1648.04,metrica:Away:27,metrica:Away,metrica:Home,attacker_exposure_unavailable
1,1648.04,1648.04,metrica:Away:28,metrica:Away,metrica:Home,attacker_exposure_unavailable
1,1652.04,1652.04,metrica:Away:26,metrica:Away,metrica:Home,attacker_exposure_unavailable
1,1652.04,1652.04,metrica:Away:27,metrica:Away,metrica:Home,attacker_exposure_unavailable
1,1652.04,1652.04,metrica:Away:28,metrica:Away,metrica:Home,attacker_exposure_unavailable
1,1656.04,1656.04,metrica:Away:26,metrica:Away,metrica:Home,attacker_exposure_unavailable
1,1656.04,1656.04,metrica:Away:27,metrica:Away,metrica:Home,attacker_exposure_unavailable
1,1656.04,1656.04,metrica:Away:28,metrica:Away,metrica:Home,attacker_exposure_unavailable
1,1660.04,1660.04,metrica:Away:26,metrica:Away,metrica:Home,attacker_exposure_unavailable
1,1660.04,1660.04,metrica:Away:27,metrica:Away,metrica:Home,attacker_exposure_unavailable
1,1660.04,1660.04,metrica:Away:28,metrica:Away,metrica:Home,attacker_exposure_unavailable
1,1664.04,1664.04,metrica:Away:26,metrica:Away,metrica:Home,attacker_exposure_unavailable
1,1664.04,1664.04,metrica:Away:27,metrica:Away,metrica:Home,attacker_exposure_unavailable
1,1664.04,1664.04,metrica:Away:28,metrica:Away,metrica:Home,attacker_exposure_unavailable
1,1668.04,1668.04,metrica:Away:26,metrica:Away,metrica:Home,attacker_exposure_unavailable
1,1668.04,1668.04,metrica:Away:27,metrica:Away,metrica:Home,attacker_exposure_unavailable
1,1668.04,1668.04,metrica:Away:28,metrica:Away,metrica:Home,attacker_exposure_unavailable
1,1672.04,1672.04,metrica:Away:26,metrica:Away,metrica:Home,attacker_exposure_unavailable
1,1672.04,1672.04,metrica:Away:27,metrica:Away,metrica:Home,attacker_exposure_unavailable
1,1672.04,1672.04,metrica:Away:28,metrica:Away,metrica:Home,attacker_exposure_unavailable
1,1676.04,1676.04,metrica:Away:26,metrica:Away,metrica:Home,attacker_exposure_unavailable
1,1676.04,1676.04,metrica:Away:27,metrica:Away,metrica:Home,attacker_exposure_unavailable
1,1676.04,1676.04,metrica:Away:28,metrica:Away,metrica:Home,attacker_exposure_unavailable
1,1680.04,1680.04,metrica:Away:26,metrica:Away,metrica:Home,attacker_exposure_unavailable
1,1680.04,1680.04,metrica:Away:27,metrica:Away,metrica:Home,attacker_exposure_unavailable
1,1680.04,1680.04,metrica:Away:28,metrica:Away,metrica:Home,attacker_exposure_unavailable
1,1684.04,1684.04,metrica:Away:26,metrica:Away,metrica:Home,attacker_exposure_unavailable
1,1684.04,1684.04,metrica:Away:27,metrica:Away,metrica:Home,attacker_exposure_unavailable
1,1684.04,1684.04,metrica:Away:28,metrica:Away,metrica:Home,attacker_exposure_unavailable
1,1688.04,1688.04,metrica:Away:26,metrica:Away,metrica:Home,attacker_exposure_unavailable
1,1688.04,1688.04,metrica:Away:27,metrica:Away,metrica:Home,attacker_exposure_unavailable
1,1688.04,1688.04,metrica:Away:28,metrica:Away,metrica:Home,attacker_exposure_unavailable
1,1692.04,1692.04,metrica:Away:26,metrica:Away,metrica:Home,attacker_exposure_unavailable
1,1692.04,1692.04,metrica:Away:27,metrica:Away,metrica:Home,attacker_exposure_unavailable
1,1692.04,1692.04,metrica:Away:28,metrica:Away,metrica:Home,attacker_exposure_unavailable
1,1696.04,1696.04,metrica:Away:26,metrica:Away,metrica:Home,attacker_exposure_unavailable
1,1696.04,1696.04,metrica:Away:27,metrica:Away,metrica:Home,attacker_exposure_unavailable
1,1696.04,1696.04,metrica:Away:28,metrica:Away,metrica:Home,attacker_exposure_unavailable
1,1700.04,1700.04,metrica:Home:1,metrica:Home,metrica:Away,restart_or_ball_out_primary_span
1,1700.04,1700.04,metrica:Home:10,metrica:Home,metrica:Away,restart_or_ball_out_primary_span
1,1700.04,1700.04,metrica:Home:12,metrica:Home,metrica:Away,restart_or_ball_out_primary_span
1,1700.04,1700.04,metrica:Home:13,metrica:Home,metrica:Away,restart_or_ball_out_primary_span
1,1700.04,1700.04,metrica:Home:14,metrica:Home,metrica:Away,restart_or_ball_out_primary_span
1,1700.04,1700.04,metrica:Home:2,metrica:Home,metrica:Away,restart_or_ball_out_primary_span
1,1700.04,1700.04,metrica:Home:3,metrica:Home,metrica:Away,restart_or_ball_out_primary_span
1,1700.04,1700.04,metrica:Home:4,metrica:Home,metrica:Away,restart_or_ball_out_primary_span
1,1700.04,1700.04,metrica:Home:5,metrica:Home,metrica:Away,restart_or_ball_out_primary_span
1,1700.04,1700.04,metrica:Home:6,metrica:Home,metrica:Away,restart_or_ball_out_primary_span
1,1700.04,1700.04,metrica:Home:7,metrica:Home,metrica:Away,restart_or_ball_out_primary_span
1,1700.04,1700.04,metrica:Home:8,metrica:Home,metrica:Away,restart_or_ball_out_primary_span
1,1700.04,1700.04,metrica:Home:9,metrica:Home,metrica:Away,restart_or_ball_out_primary_span
1,1704.04,1704.04,metrica:Home:12,metrica:Home,metrica:Away,attacker_exposure_unavailable
1,1704.04,1704.04,metrica:Home:13,metrica:Home,metrica:Away,attacker_exposure_unavailable
1,1704.04,1704.04,metrica:Home:14,metrica:Home,metrica:Away,attacker_exposure_unavailable
1,1708.04,1708.04,metrica:Home:1,metrica:Home,metrica:Away,restart_or_ball_out_primary_span
1,1708.04,1708.04,metrica:Home:10,metrica:Home,metrica:Away,restart_or_ball_out_primary_span
1,1708.04,1708.04,metrica:Home:12,metrica:Home,metrica:Away,restart_or_ball_out_primary_span
1,1708.04,1708.04,metrica:Home:13,metrica:Home,metrica:Away,restart_or_ball_out_primary_span
1,1708.04,1708.04,metrica:Home:14,metrica:Home,metrica:Away,restart_or_ball_out_primary_span
1,1708.04,1708.04,metrica:Home:2,metrica:Home,metrica:Away,restart_or_ball_out_primary_span
1,1708.04,1708.04,metrica:Home:3,metrica:Home,metrica:Away,restart_or_ball_out_primary_span
1,1708.04,1708.04,metrica:Home:4,metrica:Home,metrica:Away,restart_or_ball_out_primary_span
1,1708.04,1708.04,metrica:Home:5,metrica:Home,metrica:Away,restart_or_ball_out_primary_span
1,1708.04,1708.04,metrica:Home:6,metrica:Home,metrica:Away,restart_or_ball_out_primary_span
1,1708.04,1708.04,metrica:Home:7,metrica:Home,metrica:Away,restart_or_ball_out_primary_span
1,1708.04,1708.04,metrica:Home:8,metrica:Home,metrica:Away,restart_or_ball_out_primary_span
1,1708.04,1708.04,metrica:Home:9,metrica:Home,metrica:Away,restart_or_ball_out_primary_span
1,1712.04,1712.04,metrica:Away:15,metrica:Away,metrica:Home,restart_or_ball_out_primary_span
1,1712.04,1712.04,metrica:Away:16,metrica:Away,metrica:Home,restart_or_ball_out_primary_span
1,1712.04,1712.04,metrica:Away:17,metrica:Away,metrica:Home,restart_or_ball_out_primary_span
1,1712.04,1712.04,metrica:Away:18,metrica:Away,metrica:Home,restart_or_ball_out_primary_span
1,1712.04,1712.04,metrica:Away:19,metrica:Away,metrica:Home,restart_or_ball_out_primary_span
1,1712.04,1712.04,metrica:Away:20,metrica:Away,metrica:Home,restart_or_ball_out_primary_span
1,1712.04,1712.04,metrica:Away:21,metrica:Away,metrica:Home,restart_or_ball_out_primary_span
1,1712.04,1712.04,metrica:Away:22,metrica:Away,metrica:Home,restart_or_ball_out_primary_span
1,1712.04,1712.04,metrica:Away:23,metrica:Away,metrica:Home,restart_or_ball_out_primary_span
1,1712.04,1712.04,metrica:Away:24,metrica:Away,metrica:Home,restart_or_ball_out_primary_span
1,1712.04,1712.04,metrica:Away:26,metrica:Away,metrica:Home,restart_or_ball_out_primary_span
1,1712.04,1712.04,metrica:Away:27,metrica:Away,metrica:Home,restart_or_ball_out_primary_span
1,1712.04,1712.04,metrica:Away:28,metrica:Away,metrica:Home,restart_or_ball_out_primary_span
1,1716.04,1716.04,metrica:Away:26,metrica:Away,metrica:Home,attacker_exposure_unavailable
1,1716.04,1716.04,metrica:Away:27,metrica:Away,metrica:Home,attacker_exposure_unavailable
1,1716.04,1716.04,metrica:Away:28,metrica:Away,metrica:Home,attacker_exposure_unavailable
1,1720.04,1720.04,metrica:Away:26,metrica:Away,metrica:Home,attacker_exposure_unavailable
1,1720.04,1720.04,metrica:Away:27,metrica:Away,metrica:Home,attacker_exposure_unavailable
1,1720.04,1720.04,metrica:Away:28,metrica:Away,metrica:Home,attacker_exposure_unavailable
1,1724.04,1724.04,metrica:Away:15,metrica:Away,metrica:Home,restart_or_ball_out_primary_span
1,1724.04,1724.04,metrica:Away:16,metrica:Away,metrica:Home,restart_or_ball_out_primary_span
1,1724.04,1724.04,metrica:Away:17,metrica:Away,metrica:Home,restart_or_ball_out_primary_span
1,1724.04,1724.04,metrica:Away:18,metrica:Away,metrica:Home,restart_or_ball_out_primary_span
1,1724.04,1724.04,metrica:Away:19,metrica:Away,metrica:Home,restart_or_ball_out_primary_span
1,1724.04,1724.04,metrica:Away:20,metrica:Away,metrica:Home,restart_or_ball_out_primary_span
1,1724.04,1724.04,metrica:Away:21,metrica:Away,metrica:Home,restart_or_ball_out_primary_span
1,1724.04,1724.04,metrica:Away:22,metrica:Away,metrica:Home,restart_or_ball_out_primary_span
1,1724.04,1724.04,metrica:Away:23,metrica:Away,metrica:Home,restart_or_ball_out_primary_span
1,1724.04,1724.04,metrica:Away:24,metrica:Away,metrica:Home,restart_or_ball_out_primary_span
1,1724.04,1724.04,metrica:Away:26,metrica:Away,metrica:Home,restart_or_ball_out_primary_span
1,1724.04,1724.04,metrica:Away:27,metrica:Away,metrica:Home,restart_or_ball_out_primary_span
1,1724.04,1724.04,metrica:Away:28,metrica:Away,metrica:Home,restart_or_ball_out_primary_span
1,1728.04,1728.04,metrica:Home:1,metrica:Home,metrica:Away,restart_or_ball_out_primary_span
1,1728.04,1728.04,metrica:Home:10,metrica:Home,metrica:Away,restart_or_ball_out_primary_span
1,1728.04,1728.04,metrica:Home:12,metrica:Home,metrica:Away,restart_or_ball_out_primary_span
1,1728.04,1728.04,metrica:Home:13,metrica:Home,metrica:Away,restart_or_ball_out_primary_span
1,1728.04,1728.04,metrica:Home:14,metrica:Home,metrica:Away,restart_or_ball_out_primary_span
1,1728.04,1728.04,metrica:Home:2,metrica:Home,metrica:Away,restart_or_ball_out_primary_span
1,1728.04,1728.04,metrica:Home:3,metrica:Home,metrica:Away,restart_or_ball_out_primary_span
1,1728.04,1728.04,metrica:Home:4,metrica:Home,metrica:Away,restart_or_ball_out_primary_span
1,1728.04,1728.04,metrica:Home:5,metrica:Home,metrica:Away,restart_or_ball_out_primary_span
1,1728.04,1728.04,metrica:Home:6,metrica:Home,metrica:Away,restart_or_ball_out_primary_span
1,1728.04,1728.04,metrica:Home:7,metrica:Home,metrica:Away,restart_or_ball_out_primary_span
1,1728.04,1728.04,metrica:Home:8,metrica:Home,metrica:Away,restart_or_ball_out_primary_span
1,1728.04,1728.04,metrica:Home:9,metrica:Home,metrica:Away,restart_or_ball_out_primary_span
1,1732.04,1732.04,metrica:Home:12,metrica:Home,metrica:Away,attacker_exposure_unavailable
1,1732.04,1732.04,metrica:Home:13,metrica:Home,metrica:Away,attacker_exposure_unavailable
1,1732.04,1732.04,metrica:Home:14,metrica:Home,metrica:Away,attacker_exposure_unavailable
1,1736.04,1736.04,metrica:Away:26,metrica:Away,metrica:Home,attacker_exposure_unavailable
1,1736.04,1736.04,metrica:Away:27,metrica:Away,metrica:Home,attacker_exposure_unavailable
1,1736.04,1736.04,metrica:Away:28,metrica:Away,metrica:Home,attacker_exposure_unavailable
1,1740.04,1740.04,metrica:Away:26,metrica:Away,metrica:Home,attacker_exposure_unavailable
1,1740.04,1740.04,metrica:Away:27,metrica:Away,metrica:Home,attacker_exposure_unavailable
1,1740.04,1740.04,metrica:Away:28,metrica:Away,metrica:Home,attacker_exposure_unavailable
1,1744.04,1744.04,metrica:Away:26,metrica:Away,metrica:Home,attacker_exposure_unavailable
1,1744.04,1744.04,metrica:Away:27,metrica:Away,metrica:Home,attacker_exposure_unavailable
1,1744.04,1744.04,metrica:Away:28,metrica:Away,metrica:Home,attacker_exposure_unavailable
1,1748.04,1748.04,metrica:Away:26,metrica:Away,metrica:Home,attacker_exposure_unavailable
1,1748.04,1748.04,metrica:Away:27,metrica:Away,metrica:Home,attacker_exposure_unavailable
1,1748.04,1748.04,metrica:Away:28,metrica:Away,metrica:Home,attacker_exposure_unavailable
1,1752.04,1752.04,metrica:Away:26,metrica:Away,metrica:Home,attacker_exposure_unavailable
1,1752.04,1752.04,metrica:Away:27,metrica:Away,metrica:Home,attacker_exposure_unavailable
1,1752.04,1752.04,metrica:Away:28,metrica:Away,metrica:Home,attacker_exposure_unavailable
1,1756.04,1756.04,metrica:Away:26,metrica:Away,metrica:Home,attacker_exposure_unavailable
1,1756.04,1756.04,metrica:Away:27,metrica:Away,metrica:Home,attacker_exposure_unavailable
1,1756.04,1756.04,metrica:Away:28,metrica:Away,metrica:Home,attacker_exposure_unavailable
1,1760.04,1760.04,metrica:Away:26,metrica:Away,metrica:Home,attacker_exposure_unavailable
1,1760.04,1760.04,metrica:Away:27,metrica:Away,metrica:Home,attacker_exposure_unavailable
1,1760.04,1760.04,metrica:Away:28,metrica:Away,metrica:Home,attacker_exposure_unavailable
1,1764.04,1764.04,metrica:Away:26,metrica:Away,metrica:Home,attacker_exposure_unavailable
1,1764.04,1764.04,metrica:Away:27,metrica:Away,metrica:Home,attacker_exposure_unavailable
1,1764.04,1764.04,metrica:Away:28,metrica:Away,metrica:Home,attacker_exposure_unavailable
1,1768.04,1768.04,metrica:Away:26,metrica:Away,metrica:Home,attacker_exposure_unavailable
1,1768.04,1768.04,metrica:Away:27,metrica:Away,metrica:Home,attacker_exposure_unavailable
1,1768.04,1768.04,metrica:Away:28,metrica:Away,metrica:Home,attacker_exposure_unavailable
1,1772.04,1772.04,metrica:Home:1,metrica:Home,metrica:Away,restart_or_ball_out_primary_span
1,1772.04,1772.04,metrica:Home:10,metrica:Home,metrica:Away,restart_or_ball_out_primary_span
1,1772.04,1772.04,metrica:Home:12,metrica:Home,metrica:Away,restart_or_ball_out_primary_span
1,1772.04,1772.04,metrica:Home:13,metrica:Home,metrica:Away,restart_or_ball_out_primary_span
1,1772.04,1772.04,metrica:Home:14,metrica:Home,metrica:Away,restart_or_ball_out_primary_span
1,1772.04,1772.04,metrica:Home:2,metrica:Home,metrica:Away,restart_or_ball_out_primary_span
1,1772.04,1772.04,metrica:Home:3,metrica:Home,metrica:Away,restart_or_ball_out_primary_span
1,1772.04,1772.04,metrica:Home:4,metrica:Home,metrica:Away,restart_or_ball_out_primary_span
1,1772.04,1772.04,metrica:Home:5,metrica:Home,metrica:Away,restart_or_ball_out_primary_span
1,1772.04,1772.04,metrica:Home:6,metrica:Home,metrica:Away,restart_or_ball_out_primary_span
1,1772.04,1772.04,metrica:Home:7,metrica:Home,metrica:Away,restart_or_ball_out_primary_span
1,1772.04,1772.04,metrica:Home:8,metrica:Home,metrica:Away,restart_or_ball_out_primary_span
1,1772.04,1772.04,metrica:Home:9,metrica:Home,metrica:Away,restart_or_ball_out_primary_span
1,1776.04,1776.04,metrica:Home:12,metrica:Home,metrica:Away,attacker_exposure_unavailable
1,1776.04,1776.04,metrica:Home:13,metrica:Home,metrica:Away,attacker_exposure_unavailable
1,1776.04,1776.04,metrica:Home:14,metrica:Home,metrica:Away,attacker_exposure_unavailable
1,1780.04,1780.04,metrica:Away:26,metrica:Away,metrica:Home,attacker_exposure_unavailable
1,1780.04,1780.04,metrica:Away:27,metrica:Away,metrica:Home,attacker_exposure_unavailable
1,1780.04,1780.04,metrica:Away:28,metrica:Away,metrica:Home,attacker_exposure_unavailable
1,1784.04,1784.04,metrica:Home:12,metrica:Home,metrica:Away,attacker_exposure_unavailable
1,1784.04,1784.04,metrica:Home:13,metrica:Home,metrica:Away,attacker_exposure_unavailable
1,1784.04,1784.04,metrica:Home:14,metrica:Home,metrica:Away,attacker_exposure_unavailable
1,1788.04,1788.04,metrica:Home:12,metrica:Home,metrica:Away,attacker_exposure_unavailable
1,1788.04,1788.04,metrica:Home:13,metrica:Home,metrica:Away,attacker_exposure_unavailable
1,1788.04,1788.04,metrica:Home:14,metrica:Home,metrica:Away,attacker_exposure_unavailable
1,1792.04,1792.04,metrica:Home:12,metrica:Home,metrica:Away,attacker_exposure_unavailable
1,1792.04,1792.04,metrica:Home:13,metrica:Home,metrica:Away,attacker_exposure_unavailable
1,1792.04,1792.04,metrica:Home:14,metrica:Home,metrica:Away,attacker_exposure_unavailable
1,1796.04,1796.04,metrica:Away:15,metrica:Away,metrica:Home,restart_or_ball_out_primary_span
1,1796.04,1796.04,metrica:Away:16,metrica:Away,metrica:Home,restart_or_ball_out_primary_span
1,1796.04,1796.04,metrica:Away:17,metrica:Away,metrica:Home,restart_or_ball_out_primary_span
1,1796.04,1796.04,metrica:Away:18,metrica:Away,metrica:Home,restart_or_ball_out_primary_span
1,1796.04,1796.04,metrica:Away:19,metrica:Away,metrica:Home,restart_or_ball_out_primary_span
1,1796.04,1796.04,metrica:Away:20,metrica:Away,metrica:Home,restart_or_ball_out_primary_span
1,1796.04,1796.04,metrica:Away:21,metrica:Away,metrica:Home,restart_or_ball_out_primary_span
1,1796.04,1796.04,metrica:Away:22,metrica:Away,metrica:Home,restart_or_ball_out_primary_span
1,1796.04,1796.04,metrica:Away:23,metrica:Away,metrica:Home,restart_or_ball_out_primary_span
1,1796.04,1796.04,metrica:Away:24,metrica:Away,metrica:Home,restart_or_ball_out_primary_span
1,1796.04,1796.04,metrica:Away:26,metrica:Away,metrica:Home,restart_or_ball_out_primary_span
1,1796.04,1796.04,metrica:Away:27,metrica:Away,metrica:Home,restart_or_ball_out_primary_span
1,1796.04,1796.04,metrica:Away:28,metrica:Away,metrica:Home,restart_or_ball_out_primary_span
1,1800.04,1800.04,metrica:Away:26,metrica:Away,metrica:Home,attacker_exposure_unavailable
1,1800.04,1800.04,metrica:Away:27,metrica:Away,metrica:Home,attacker_exposure_unavailable
1,1800.04,1800.04,metrica:Away:28,metrica:Away,metrica:Home,attacker_exposure_unavailable
1,1804.04,1804.04,metrica:Away:15,metrica:Away,metrica:Home,restart_or_ball_out_primary_span
1,1804.04,1804.04,metrica:Away:16,metrica:Away,metrica:Home,restart_or_ball_out_primary_span
1,1804.04,1804.04,metrica:Away:17,metrica:Away,metrica:Home,restart_or_ball_out_primary_span
1,1804.04,1804.04,metrica:Away:18,metrica:Away,metrica:Home,restart_or_ball_out_primary_span
1,1804.04,1804.04,metrica:Away:19,metrica:Away,metrica:Home,restart_or_ball_out_primary_span
1,1804.04,1804.04,metrica:Away:20,metrica:Away,metrica:Home,restart_or_ball_out_primary_span
1,1804.04,1804.04,metrica:Away:21,metrica:Away,metrica:Home,restart_or_ball_out_primary_span
1,1804.04,1804.04,metrica:Away:22,metrica:Away,metrica:Home,restart_or_ball_out_primary_span
1,1804.04,1804.04,metrica:Away:23,metrica:Away,metrica:Home,restart_or_ball_out_primary_span
1,1804.04,1804.04,metrica:Away:24,metrica:Away,metrica:Home,restart_or_ball_out_primary_span
1,1804.04,1804.04,metrica:Away:26,metrica:Away,metrica:Home,restart_or_ball_out_primary_span
1,1804.04,1804.04,metrica:Away:27,metrica:Away,metrica:Home,restart_or_ball_out_primary_span
1,1804.04,1804.04,metrica:Away:28,metrica:Away,metrica:Home,restart_or_ball_out_primary_span
1,1808.04,1808.04,metrica:Home:1,metrica:Home,metrica:Away,restart_or_ball_out_primary_span
1,1808.04,1808.04,metrica:Home:10,metrica:Home,metrica:Away,restart_or_ball_out_primary_span
1,1808.04,1808.04,metrica:Home:12,metrica:Home,metrica:Away,restart_or_ball_out_primary_span
1,1808.04,1808.04,metrica:Home:13,metrica:Home,metrica:Away,restart_or_ball_out_primary_span
1,1808.04,1808.04,metrica:Home:14,metrica:Home,metrica:Away,restart_or_ball_out_primary_span
1,1808.04,1808.04,metrica:Home:2,metrica:Home,metrica:Away,restart_or_ball_out_primary_span
1,1808.04,1808.04,metrica:Home:3,metrica:Home,metrica:Away,restart_or_ball_out_primary_span
1,1808.04,1808.04,metrica:Home:4,metrica:Home,metrica:Away,restart_or_ball_out_primary_span
1,1808.04,1808.04,metrica:Home:5,metrica:Home,metrica:Away,restart_or_ball_out_primary_span
1,1808.04,1808.04,metrica:Home:6,metrica:Home,metrica:Away,restart_or_ball_out_primary_span
1,1808.04,1808.04,metrica:Home:7,metrica:Home,metrica:Away,restart_or_ball_out_primary_span
1,1808.04,1808.04,metrica:Home:8,metrica:Home,metrica:Away,restart_or_ball_out_primary_span
1,1808.04,1808.04,metrica:Home:9,metrica:Home,metrica:Away,restart_or_ball_out_primary_span
1,1812.04,1812.04,metrica:Home:12,metrica:Home,metrica:Away,attacker_exposure_unavailable
1,1812.04,1812.04,metrica:Home:13,metrica:Home,metrica:Away,attacker_exposure_unavailable
1,1812.04,1812.04,metrica:Home:14,metrica:Home,metrica:Away,attacker_exposure_unavailable
1,1816.04,1816.04,metrica:Home:12,metrica:Home,metrica:Away,attacker_exposure_unavailable
1,1816.04,1816.04,metrica:Home:13,metrica:Home,metrica:Away,attacker_exposure_unavailable
1,1816.04,1816.04,metrica:Home:14,metrica:Home,metrica:Away,attacker_exposure_unavailable
1,1820.04,1820.04,metrica:Home:12,metrica:Home,metrica:Away,attacker_exposure_unavailable
1,1820.04,1820.04,metrica:Home:13,metrica:Home,metrica:Away,attacker_exposure_unavailable
1,1820.04,1820.04,metrica:Home:14,metrica:Home,metrica:Away,attacker_exposure_unavailable
1,1824.04,1824.04,metrica:Home:12,metrica:Home,metrica:Away,attacker_exposure_unavailable
1,1824.04,1824.04,metrica:Home:13,metrica:Home,metrica:Away,attacker_exposure_unavailable
1,1824.04,1824.04,metrica:Home:14,metrica:Home,metrica:Away,attacker_exposure_unavailable
1,1828.04,1828.04,metrica:Home:12,metrica:Home,metrica:Away,attacker_exposure_unavailable
1,1828.04,1828.04,metrica:Home:13,metrica:Home,metrica:Away,attacker_exposure_unavailable
1,1828.04,1828.04,metrica:Home:14,metrica:Home,metrica:Away,attacker_exposure_unavailable
1,1832.04,1832.04,metrica:Home:1,metrica:Home,metrica:Away,restart_or_ball_out_primary_span
1,1832.04,1832.04,metrica:Home:10,metrica:Home,metrica:Away,restart_or_ball_out_primary_span
1,1832.04,1832.04,metrica:Home:12,metrica:Home,metrica:Away,restart_or_ball_out_primary_span
1,1832.04,1832.04,metrica:Home:13,metrica:Home,metrica:Away,restart_or_ball_out_primary_span
1,1832.04,1832.04,metrica:Home:14,metrica:Home,metrica:Away,restart_or_ball_out_primary_span
1,1832.04,1832.04,metrica:Home:2,metrica:Home,metrica:Away,restart_or_ball_out_primary_span
1,1832.04,1832.04,metrica:Home:3,metrica:Home,metrica:Away,restart_or_ball_out_primary_span
1,1832.04,1832.04,metrica:Home:4,metrica:Home,metrica:Away,restart_or_ball_out_primary_span
1,1832.04,1832.04,metrica:Home:5,metrica:Home,metrica:Away,restart_or_ball_out_primary_span
1,1832.04,1832.04,metrica:Home:6,metrica:Home,metrica:Away,restart_or_ball_out_primary_span
1,1832.04,1832.04,metrica:Home:7,metrica:Home,metrica:Away,restart_or_ball_out_primary_span
1,1832.04,1832.04,metrica:Home:8,metrica:Home,metrica:Away,restart_or_ball_out_primary_span
1,1832.04,1832.04,metrica:Home:9,metrica:Home,metrica:Away,restart_or_ball_out_primary_span
1,1836.04,1836.04,metrica:Home:1,metrica:Home,metrica:Away,restart_or_ball_out_primary_span
1,1836.04,1836.04,metrica:Home:10,metrica:Home,metrica:Away,restart_or_ball_out_primary_span
1,1836.04,1836.04,metrica:Home:12,metrica:Home,metrica:Away,restart_or_ball_out_primary_span
1,1836.04,1836.04,metrica:Home:13,metrica:Home,metrica:Away,restart_or_ball_out_primary_span
1,1836.04,1836.04,metrica:Home:14,metrica:Home,metrica:Away,restart_or_ball_out_primary_span
1,1836.04,1836.04,metrica:Home:2,metrica:Home,metrica:Away,restart_or_ball_out_primary_span
1,1836.04,1836.04,metrica:Home:3,metrica:Home,metrica:Away,restart_or_ball_out_primary_span
1,1836.04,1836.04,metrica:Home:4,metrica:Home,metrica:Away,restart_or_ball_out_primary_span
1,1836.04,1836.04,metrica:Home:5,metrica:Home,metrica:Away,restart_or_ball_out_primary_span
1,1836.04,1836.04,metrica:Home:6,metrica:Home,metrica:Away,restart_or_ball_out_primary_span
1,1836.04,1836.04,metrica:Home:7,metrica:Home,metrica:Away,restart_or_ball_out_primary_span
1,1836.04,1836.04,metrica:Home:8,metrica:Home,metrica:Away,restart_or_ball_out_primary_span
1,1836.04,1836.04,metrica:Home:9,metrica:Home,metrica:Away,restart_or_ball_out_primary_span
1,1840.04,1840.04,metrica:Away:15,metrica:Away,metrica:Home,restart_or_ball_out_primary_span
1,1840.04,1840.04,metrica:Away:16,metrica:Away,metrica:Home,restart_or_ball_out_primary_span
1,1840.04,1840.04,metrica:Away:17,metrica:Away,metrica:Home,restart_or_ball_out_primary_span
1,1840.04,1840.04,metrica:Away:18,metrica:Away,metrica:Home,restart_or_ball_out_primary_span
1,1840.04,1840.04,metrica:Away:19,metrica:Away,metrica:Home,restart_or_ball_out_primary_span
1,1840.04,1840.04,metrica:Away:20,metrica:Away,metrica:Home,restart_or_ball_out_primary_span
1,1840.04,1840.04,metrica:Away:21,metrica:Away,metrica:Home,restart_or_ball_out_primary_span
1,1840.04,1840.04,metrica:Away:22,metrica:Away,metrica:Home,restart_or_ball_out_primary_span
1,1840.04,1840.04,metrica:Away:23,metrica:Away,metrica:Home,restart_or_ball_out_primary_span
1,1840.04,1840.04,metrica:Away:24,metrica:Away,metrica:Home,restart_or_ball_out_primary_span
1,1840.04,1840.04,metrica:Away:26,metrica:Away,metrica:Home,restart_or_ball_out_primary_span
1,1840.04,1840.04,metrica:Away:27,metrica:Away,metrica:Home,restart_or_ball_out_primary_span
1,1840.04,1840.04,metrica:Away:28,metrica:Away,metrica:Home,restart_or_ball_out_primary_span
1,1844.04,1844.04,metrica:Away:15,metrica:Away,metrica:Home,restart_or_ball_out_primary_span
1,1844.04,1844.04,metrica:Away:16,metrica:Away,metrica:Home,restart_or_ball_out_primary_span
1,1844.04,1844.04,metrica:Away:17,metrica:Away,metrica:Home,restart_or_ball_out_primary_span
1,1844.04,1844.04,metrica:Away:18,metrica:Away,metrica:Home,restart_or_ball_out_primary_span
1,1844.04,1844.04,metrica:Away:19,metrica:Away,metrica:Home,restart_or_ball_out_primary_span
1,1844.04,1844.04,metrica:Away:20,metrica:Away,metrica:Home,restart_or_ball_out_primary_span
1,1844.04,1844.04,metrica:Away:21,metrica:Away,metrica:Home,restart_or_ball_out_primary_span
1,1844.04,1844.04,metrica:Away:22,metrica:Away,metrica:Home,restart_or_ball_out_primary_span
1,1844.04,1844.04,metrica:Away:23,metrica:Away,metrica:Home,restart_or_ball_out_primary_span
1,1844.04,1844.04,metrica:Away:24,metrica:Away,metrica:Home,restart_or_ball_out_primary_span
1,1844.04,1844.04,metrica:Away:26,metrica:Away,metrica:Home,restart_or_ball_out_primary_span
1,1844.04,1844.04,metrica:Away:27,metrica:Away,metrica:Home,restart_or_ball_out_primary_span
1,1844.04,1844.04,metrica:Away:28,metrica:Away,metrica:Home,restart_or_ball_out_primary_span
1,1848.04,1848.04,metrica:Away:26,metrica:Away,metrica:Home,attacker_exposure_unavailable
1,1848.04,1848.04,metrica:Away:27,metrica:Away,metrica:Home,attacker_exposure_unavailable
1,1848.04,1848.04,metrica:Away:28,metrica:Away,metrica:Home,attacker_exposure_unavailable
1,1852.04,1852.04,metrica:Away:26,metrica:Away,metrica:Home,attacker_exposure_unavailable
1,1852.04,1852.04,metrica:Away:27,metrica:Away,metrica:Home,attacker_exposure_unavailable
1,1852.04,1852.04,metrica:Away:28,metrica:Away,metrica:Home,attacker_exposure_unavailable
1,1856.04,1856.04,metrica:Away:26,metrica:Away,metrica:Home,attacker_exposure_unavailable
1,1856.04,1856.04,metrica:Away:27,metrica:Away,metrica:Home,attacker_exposure_unavailable
1,1856.04,1856.04,metrica:Away:28,metrica:Away,metrica:Home,attacker_exposure_unavailable
1,1860.04,1860.04,metrica:Home:1,metrica:Home,metrica:Away,restart_or_ball_out_primary_span
1,1860.04,1860.04,metrica:Home:10,metrica:Home,metrica:Away,restart_or_ball_out_primary_span
1,1860.04,1860.04,metrica:Home:12,metrica:Home,metrica:Away,restart_or_ball_out_primary_span
1,1860.04,1860.04,metrica:Home:13,metrica:Home,metrica:Away,restart_or_ball_out_primary_span
1,1860.04,1860.04,metrica:Home:14,metrica:Home,metrica:Away,restart_or_ball_out_primary_span
1,1860.04,1860.04,metrica:Home:2,metrica:Home,metrica:Away,restart_or_ball_out_primary_span
1,1860.04,1860.04,metrica:Home:3,metrica:Home,metrica:Away,restart_or_ball_out_primary_span
1,1860.04,1860.04,metrica:Home:4,metrica:Home,metrica:Away,restart_or_ball_out_primary_span
1,1860.04,1860.04,metrica:Home:5,metrica:Home,metrica:Away,restart_or_ball_out_primary_span
1,1860.04,1860.04,metrica:Home:6,metrica:Home,metrica:Away,restart_or_ball_out_primary_span
1,1860.04,1860.04,metrica:Home:7,metrica:Home,metrica:Away,restart_or_ball_out_primary_span
1,1860.04,1860.04,metrica:Home:8,metrica:Home,metrica:Away,restart_or_ball_out_primary_span
1,1860.04,1860.04,metrica:Home:9,metrica:Home,metrica:Away,restart_or_ball_out_primary_span
1,1864.04,1864.04,metrica:Home:1,metrica:Home,metrica:Away,restart_or_ball_out_primary_span
1,1864.04,1864.04,metrica:Home:10,metrica:Home,metrica:Away,restart_or_ball_out_primary_span
1,1864.04,1864.04,metrica:Home:12,metrica:Home,metrica:Away,restart_or_ball_out_primary_span
1,1864.04,1864.04,metrica:Home:13,metrica:Home,metrica:Away,restart_or_ball_out_primary_span
1,1864.04,1864.04,metrica:Home:14,metrica:Home,metrica:Away,restart_or_ball_out_primary_span
1,1864.04,1864.04,metrica:Home:2,metrica:Home,metrica:Away,restart_or_ball_out_primary_span
1,1864.04,1864.04,metrica:Home:3,metrica:Home,metrica:Away,restart_or_ball_out_primary_span
1,1864.04,1864.04,metrica:Home:4,metrica:Home,metrica:Away,restart_or_ball_out_primary_span
1,1864.04,1864.04,metrica:Home:5,metrica:Home,metrica:Away,restart_or_ball_out_primary_span
1,1864.04,1864.04,metrica:Home:6,metrica:Home,metrica:Away,restart_or_ball_out_primary_span
1,1864.04,1864.04,metrica:Home:7,metrica:Home,metrica:Away,restart_or_ball_out_primary_span
1,1864.04,1864.04,metrica:Home:8,metrica:Home,metrica:Away,restart_or_ball_out_primary_span
1,1864.04,1864.04,metrica:Home:9,metrica:Home,metrica:Away,restart_or_ball_out_primary_span
1,1868.04,1868.04,metrica:Home:1,metrica:Home,metrica:Away,attacker_full_support_unavailable
1,1868.04,1868.04,metrica:Home:12,metrica:Home,metrica:Away,attacker_exposure_unavailable
1,1868.04,1868.04,metrica:Home:13,metrica:Home,metrica:Away,attacker_exposure_unavailable
1,1868.04,1868.04,metrica:Home:14,metrica:Home,metrica:Away,attacker_exposure_unavailable
1,1872.04,1872.04,metrica:Home:1,metrica:Home,metrica:Away,attacker_exposure_unavailable
1,1872.04,1872.04,metrica:Home:12,metrica:Home,metrica:Away,attacker_full_support_unavailable
1,1872.04,1872.04,metrica:Home:13,metrica:Home,metrica:Away,attacker_exposure_unavailable
1,1872.04,1872.04,metrica:Home:14,metrica:Home,metrica:Away,attacker_exposure_unavailable
1,1876.04,1876.04,metrica:Home:1,metrica:Home,metrica:Away,attacker_exposure_unavailable
1,1876.04,1876.04,metrica:Home:13,metrica:Home,metrica:Away,attacker_exposure_unavailable
1,1876.04,1876.04,metrica:Home:14,metrica:Home,metrica:Away,attacker_exposure_unavailable
1,1880.04,1880.04,metrica:Home:1,metrica:Home,metrica:Away,attacker_exposure_unavailable
1,1880.04,1880.04,metrica:Home:13,metrica:Home,metrica:Away,attacker_exposure_unavailable
1,1880.04,1880.04,metrica:Home:14,metrica:Home,metrica:Away,attacker_exposure_unavailable
1,1884.04,1884.04,metrica:Home:1,metrica:Home,metrica:Away,restart_or_ball_out_primary_span
1,1884.04,1884.04,metrica:Home:10,metrica:Home,metrica:Away,restart_or_ball_out_primary_span
1,1884.04,1884.04,metrica:Home:12,metrica:Home,metrica:Away,restart_or_ball_out_primary_span
1,1884.04,1884.04,metrica:Home:13,metrica:Home,metrica:Away,restart_or_ball_out_primary_span
1,1884.04,1884.04,metrica:Home:14,metrica:Home,metrica:Away,restart_or_ball_out_primary_span
1,1884.04,1884.04,metrica:Home:2,metrica:Home,metrica:Away,restart_or_ball_out_primary_span
1,1884.04,1884.04,metrica:Home:3,metrica:Home,metrica:Away,restart_or_ball_out_primary_span
1,1884.04,1884.04,metrica:Home:4,metrica:Home,metrica:Away,restart_or_ball_out_primary_span
1,1884.04,1884.04,metrica:Home:5,metrica:Home,metrica:Away,restart_or_ball_out_primary_span
1,1884.04,1884.04,metrica:Home:6,metrica:Home,metrica:Away,restart_or_ball_out_primary_span
1,1884.04,1884.04,metrica:Home:7,metrica:Home,metrica:Away,restart_or_ball_out_primary_span
1,1884.04,1884.04,metrica:Home:8,metrica:Home,metrica:Away,restart_or_ball_out_primary_span
1,1884.04,1884.04,metrica:Home:9,metrica:Home,metrica:Away,restart_or_ball_out_primary_span
1,1888.04,1888.04,metrica:Away:15,metrica:Away,metrica:Home,restart_or_ball_out_primary_span
1,1888.04,1888.04,metrica:Away:16,metrica:Away,metrica:Home,restart_or_ball_out_primary_span
1,1888.04,1888.04,metrica:Away:17,metrica:Away,metrica:Home,restart_or_ball_out_primary_span
1,1888.04,1888.04,metrica:Away:18,metrica:Away,metrica:Home,restart_or_ball_out_primary_span
1,1888.04,1888.04,metrica:Away:19,metrica:Away,metrica:Home,restart_or_ball_out_primary_span
1,1888.04,1888.04,metrica:Away:20,metrica:Away,metrica:Home,restart_or_ball_out_primary_span
1,1888.04,1888.04,metrica:Away:21,metrica:Away,metrica:Home,restart_or_ball_out_primary_span
1,1888.04,1888.04,metrica:Away:22,metrica:Away,metrica:Home,restart_or_ball_out_primary_span
1,1888.04,1888.04,metrica:Away:23,metrica:Away,metrica:Home,restart_or_ball_out_primary_span
1,1888.04,1888.04,metrica:Away:24,metrica:Away,metrica:Home,restart_or_ball_out_primary_span
1,1888.04,1888.04,metrica:Away:26,metrica:Away,metrica:Home,restart_or_ball_out_primary_span
1,1888.04,1888.04,metrica:Away:27,metrica:Away,metrica:Home,restart_or_ball_out_primary_span
1,1888.04,1888.04,metrica:Away:28,metrica:Away,metrica:Home,restart_or_ball_out_primary_span
1,1892.04,1892.04,metrica:Away:26,metrica:Away,metrica:Home,attacker_exposure_unavailable
1,1892.04,1892.04,metrica:Away:27,metrica:Away,metrica:Home,attacker_exposure_unavailable
1,1892.04,1892.04,metrica:Away:28,metrica:Away,metrica:Home,attacker_exposure_unavailable
1,1896.04,1896.04,metrica:Away:26,metrica:Away,metrica:Home,attacker_exposure_unavailable
1,1896.04,1896.04,metrica:Away:27,metrica:Away,metrica:Home,attacker_exposure_unavailable
1,1896.04,1896.04,metrica:Away:28,metrica:Away,metrica:Home,attacker_exposure_unavailable
1,1900.04,1900.04,metrica:Away:26,metrica:Away,metrica:Home,attacker_exposure_unavailable
1,1900.04,1900.04,metrica:Away:27,metrica:Away,metrica:Home,attacker_exposure_unavailable
1,1900.04,1900.04,metrica:Away:28,metrica:Away,metrica:Home,attacker_exposure_unavailable
1,1904.04,1904.04,metrica:Away:26,metrica:Away,metrica:Home,attacker_exposure_unavailable
1,1904.04,1904.04,metrica:Away:27,metrica:Away,metrica:Home,attacker_exposure_unavailable
1,1904.04,1904.04,metrica:Away:28,metrica:Away,metrica:Home,attacker_exposure_unavailable
1,1908.04,1908.04,metrica:Away:26,metrica:Away,metrica:Home,attacker_exposure_unavailable
1,1908.04,1908.04,metrica:Away:27,metrica:Away,metrica:Home,attacker_exposure_unavailable
1,1908.04,1908.04,metrica:Away:28,metrica:Away,metrica:Home,attacker_exposure_unavailable
1,1912.04,1912.04,metrica:Away:26,metrica:Away,metrica:Home,attacker_exposure_unavailable
1,1912.04,1912.04,metrica:Away:27,metrica:Away,metrica:Home,attacker_exposure_unavailable
1,1912.04,1912.04,metrica:Away:28,metrica:Away,metrica:Home,attacker_exposure_unavailable
1,1916.04,1916.04,metrica:Away:26,metrica:Away,metrica:Home,attacker_exposure_unavailable
1,1916.04,1916.04,metrica:Away:27,metrica:Away,metrica:Home,attacker_exposure_unavailable
1,1916.04,1916.04,metrica:Away:28,metrica:Away,metrica:Home,attacker_exposure_unavailable
1,1920.04,1920.04,metrica:Away:26,metrica:Away,metrica:Home,attacker_exposure_unavailable
1,1920.04,1920.04,metrica:Away:27,metrica:Away,metrica:Home,attacker_exposure_unavailable
1,1920.04,1920.04,metrica:Away:28,metrica:Away,metrica:Home,attacker_exposure_unavailable
1,1924.04,1924.04,metrica:Away:26,metrica:Away,metrica:Home,attacker_exposure_unavailable
1,1924.04,1924.04,metrica:Away:27,metrica:Away,metrica:Home,attacker_exposure_unavailable
1,1924.04,1924.04,metrica:Away:28,metrica:Away,metrica:Home,attacker_exposure_unavailable
1,1928.04,1928.04,metrica:Away:26,metrica:Away,metrica:Home,attacker_exposure_unavailable
1,1928.04,1928.04,metrica:Away:27,metrica:Away,metrica:Home,attacker_exposure_unavailable
1,1928.04,1928.04,metrica:Away:28,metrica:Away,metrica:Home,attacker_exposure_unavailable
1,1932.04,1932.04,metrica:Home:1,metrica:Home,metrica:Away,restart_or_ball_out_primary_span
1,1932.04,1932.04,metrica:Home:10,metrica:Home,metrica:Away,restart_or_ball_out_primary_span
1,1932.04,1932.04,metrica:Home:12,metrica:Home,metrica:Away,restart_or_ball_out_primary_span
1,1932.04,1932.04,metrica:Home:13,metrica:Home,metrica:Away,restart_or_ball_out_primary_span
1,1932.04,1932.04,metrica:Home:14,metrica:Home,metrica:Away,restart_or_ball_out_primary_span
1,1932.04,1932.04,metrica:Home:2,metrica:Home,metrica:Away,restart_or_ball_out_primary_span
1,1932.04,1932.04,metrica:Home:3,metrica:Home,metrica:Away,restart_or_ball_out_primary_span
1,1932.04,1932.04,metrica:Home:4,metrica:Home,metrica:Away,restart_or_ball_out_primary_span
1,1932.04,1932.04,metrica:Home:5,metrica:Home,metrica:Away,restart_or_ball_out_primary_span
1,1932.04,1932.04,metrica:Home:6,metrica:Home,metrica:Away,restart_or_ball_out_primary_span
1,1932.04,1932.04,metrica:Home:7,metrica:Home,metrica:Away,restart_or_ball_out_primary_span
1,1932.04,1932.04,metrica:Home:8,metrica:Home,metrica:Away,restart_or_ball_out_primary_span
1,1932.04,1932.04,metrica:Home:9,metrica:Home,metrica:Away,restart_or_ball_out_primary_span
1,1936.04,1936.04,metrica:Home:1,metrica:Home,metrica:Away,restart_or_ball_out_primary_span
1,1936.04,1936.04,metrica:Home:10,metrica:Home,metrica:Away,restart_or_ball_out_primary_span
1,1936.04,1936.04,metrica:Home:12,metrica:Home,metrica:Away,restart_or_ball_out_primary_span
1,1936.04,1936.04,metrica:Home:13,metrica:Home,metrica:Away,restart_or_ball_out_primary_span
1,1936.04,1936.04,metrica:Home:14,metrica:Home,metrica:Away,restart_or_ball_out_primary_span
1,1936.04,1936.04,metrica:Home:2,metrica:Home,metrica:Away,restart_or_ball_out_primary_span
1,1936.04,1936.04,metrica:Home:3,metrica:Home,metrica:Away,restart_or_ball_out_primary_span
1,1936.04,1936.04,metrica:Home:4,metrica:Home,metrica:Away,restart_or_ball_out_primary_span
1,1936.04,1936.04,metrica:Home:5,metrica:Home,metrica:Away,restart_or_ball_out_primary_span
1,1936.04,1936.04,metrica:Home:6,metrica:Home,metrica:Away,restart_or_ball_out_primary_span
1,1936.04,1936.04,metrica:Home:7,metrica:Home,metrica:Away,restart_or_ball_out_primary_span
1,1936.04,1936.04,metrica:Home:8,metrica:Home,metrica:Away,restart_or_ball_out_primary_span
1,1936.04,1936.04,metrica:Home:9,metrica:Home,metrica:Away,restart_or_ball_out_primary_span
1,1940.04,1940.04,metrica:Away:15,metrica:Away,metrica:Home,restart_or_ball_out_primary_span
1,1940.04,1940.04,metrica:Away:16,metrica:Away,metrica:Home,restart_or_ball_out_primary_span
1,1940.04,1940.04,metrica:Away:17,metrica:Away,metrica:Home,restart_or_ball_out_primary_span
1,1940.04,1940.04,metrica:Away:18,metrica:Away,metrica:Home,restart_or_ball_out_primary_span
1,1940.04,1940.04,metrica:Away:19,metrica:Away,metrica:Home,restart_or_ball_out_primary_span
1,1940.04,1940.04,metrica:Away:20,metrica:Away,metrica:Home,restart_or_ball_out_primary_span
1,1940.04,1940.04,metrica:Away:21,metrica:Away,metrica:Home,restart_or_ball_out_primary_span
1,1940.04,1940.04,metrica:Away:22,metrica:Away,metrica:Home,restart_or_ball_out_primary_span
1,1940.04,1940.04,metrica:Away:23,metrica:Away,metrica:Home,restart_or_ball_out_primary_span
1,1940.04,1940.04,metrica:Away:24,metrica:Away,metrica:Home,restart_or_ball_out_primary_span
1,1940.04,1940.04,metrica:Away:26,metrica:Away,metrica:Home,restart_or_ball_out_primary_span
1,1940.04,1940.04,metrica:Away:27,metrica:Away,metrica:Home,restart_or_ball_out_primary_span
1,1940.04,1940.04,metrica:Away:28,metrica:Away,metrica:Home,restart_or_ball_out_primary_span
1,1944.04,1944.04,metrica:Home:1,metrica:Home,metrica:Away,attacker_exposure_unavailable
1,1944.04,1944.04,metrica:Home:13,metrica:Home,metrica:Away,attacker_exposure_unavailable
1,1944.04,1944.04,metrica:Home:14,metrica:Home,metrica:Away,attacker_exposure_unavailable
1,1948.04,1948.04,metrica:Home:1,metrica:Home,metrica:Away,attacker_exposure_unavailable
1,1948.04,1948.04,metrica:Home:13,metrica:Home,metrica:Away,attacker_exposure_unavailable
1,1948.04,1948.04,metrica:Home:14,metrica:Home,metrica:Away,attacker_exposure_unavailable
1,1952.04,1952.04,metrica:Home:1,metrica:Home,metrica:Away,attacker_exposure_unavailable
1,1952.04,1952.04,metrica:Home:13,metrica:Home,metrica:Away,attacker_exposure_unavailable
1,1952.04,1952.04,metrica:Home:14,metrica:Home,metrica:Away,attacker_exposure_unavailable
1,1956.04,1956.04,metrica:Home:1,metrica:Home,metrica:Away,attacker_exposure_unavailable
1,1956.04,1956.04,metrica:Home:13,metrica:Home,metrica:Away,attacker_exposure_unavailable
1,1956.04,1956.04,metrica:Home:14,metrica:Home,metrica:Away,attacker_exposure_unavailable
1,1960.04,1960.04,metrica:Home:1,metrica:Home,metrica:Away,attacker_exposure_unavailable
1,1960.04,1960.04,metrica:Home:13,metrica:Home,metrica:Away,attacker_exposure_unavailable
1,1960.04,1960.04,metrica:Home:14,metrica:Home,metrica:Away,attacker_exposure_unavailable
1,1964.04,1964.04,metrica:Home:1,metrica:Home,metrica:Away,attacker_exposure_unavailable
1,1964.04,1964.04,metrica:Home:13,metrica:Home,metrica:Away,attacker_exposure_unavailable
1,1964.04,1964.04,metrica:Home:14,metrica:Home,metrica:Away,attacker_exposure_unavailable
1,1968.04,1968.04,metrica:Home:1,metrica:Home,metrica:Away,attacker_exposure_unavailable
1,1968.04,1968.04,metrica:Home:13,metrica:Home,metrica:Away,attacker_exposure_unavailable
1,1968.04,1968.04,metrica:Home:14,metrica:Home,metrica:Away,attacker_exposure_unavailable
1,1972.04,1972.04,metrica:Home:1,metrica:Home,metrica:Away,attacker_exposure_unavailable
1,1972.04,1972.04,metrica:Home:13,metrica:Home,metrica:Away,attacker_exposure_unavailable
1,1972.04,1972.04,metrica:Home:14,metrica:Home,metrica:Away,attacker_exposure_unavailable
1,1976.04,1976.04,metrica:Home:1,metrica:Home,metrica:Away,attacker_exposure_unavailable
1,1976.04,1976.04,metrica:Home:13,metrica:Home,metrica:Away,attacker_exposure_unavailable
1,1976.04,1976.04,metrica:Home:14,metrica:Home,metrica:Away,attacker_exposure_unavailable
1,1980.04,1980.04,metrica:Home:1,metrica:Home,metrica:Away,attacker_exposure_unavailable
1,1980.04,1980.04,metrica:Home:13,metrica:Home,metrica:Away,attacker_exposure_unavailable
1,1980.04,1980.04,metrica:Home:14,metrica:Home,metrica:Away,attacker_exposure_unavailable
1,1984.04,1984.04,metrica:Home:1,metrica:Home,metrica:Away,attacker_exposure_unavailable
1,1984.04,1984.04,metrica:Home:13,metrica:Home,metrica:Away,attacker_exposure_unavailable
1,1984.04,1984.04,metrica:Home:14,metrica:Home,metrica:Away,attacker_exposure_unavailable
1,1988.04,1988.04,metrica:Home:1,metrica:Home,metrica:Away,attacker_exposure_unavailable
1,1988.04,1988.04,metrica:Home:13,metrica:Home,metrica:Away,attacker_exposure_unavailable
1,1988.04,1988.04,metrica:Home:14,metrica:Home,metrica:Away,attacker_exposure_unavailable
1,1992.04,1992.04,metrica:Home:1,metrica:Home,metrica:Away,attacker_exposure_unavailable
1,1992.04,1992.04,metrica:Home:13,metrica:Home,metrica:Away,attacker_exposure_unavailable
1,1992.04,1992.04,metrica:Home:14,metrica:Home,metrica:Away,attacker_exposure_unavailable
1,1996.04,1996.04,metrica:Home:1,metrica:Home,metrica:Away,attacker_exposure_unavailable
1,1996.04,1996.04,metrica:Home:13,metrica:Home,metrica:Away,attacker_exposure_unavailable
1,1996.04,1996.04,metrica:Home:14,metrica:Home,metrica:Away,attacker_exposure_unavailable
1,2000.04,2000.04,metrica:Home:1,metrica:Home,metrica:Away,attacker_exposure_unavailable
1,2000.04,2000.04,metrica:Home:13,metrica:Home,metrica:Away,attacker_exposure_unavailable
1,2000.04,2000.04,metrica:Home:14,metrica:Home,metrica:Away,attacker_exposure_unavailable
1,2004.04,2004.04,metrica:Home:1,metrica:Home,metrica:Away,attacker_exposure_unavailable
1,2004.04,2004.04,metrica:Home:13,metrica:Home,metrica:Away,attacker_exposure_unavailable
1,2004.04,2004.04,metrica:Home:14,metrica:Home,metrica:Away,attacker_exposure_unavailable
1,2008.04,2008.04,metrica:Home:1,metrica:Home,metrica:Away,attacker_exposure_unavailable
1,2008.04,2008.04,metrica:Home:13,metrica:Home,metrica:Away,attacker_exposure_unavailable
1,2008.04,2008.04,metrica:Home:14,metrica:Home,metrica:Away,attacker_exposure_unavailable
1,2012.04,2012.04,metrica:Home:1,metrica:Home,metrica:Away,attacker_exposure_unavailable
1,2012.04,2012.04,metrica:Home:13,metrica:Home,metrica:Away,attacker_exposure_unavailable
1,2012.04,2012.04,metrica:Home:14,metrica:Home,metrica:Away,attacker_exposure_unavailable
1,2016.04,2016.04,metrica:Home:1,metrica:Home,metrica:Away,attacker_exposure_unavailable
1,2016.04,2016.04,metrica:Home:13,metrica:Home,metrica:Away,attacker_exposure_unavailable
1,2016.04,2016.04,metrica:Home:14,metrica:Home,metrica:Away,attacker_exposure_unavailable
1,2020.04,2020.04,metrica:Away:15,metrica:Away,metrica:Home,restart_or_ball_out_primary_span
1,2020.04,2020.04,metrica:Away:16,metrica:Away,metrica:Home,restart_or_ball_out_primary_span
1,2020.04,2020.04,metrica:Away:17,metrica:Away,metrica:Home,restart_or_ball_out_primary_span
1,2020.04,2020.04,metrica:Away:18,metrica:Away,metrica:Home,restart_or_ball_out_primary_span
1,2020.04,2020.04,metrica:Away:19,metrica:Away,metrica:Home,restart_or_ball_out_primary_span
1,2020.04,2020.04,metrica:Away:20,metrica:Away,metrica:Home,restart_or_ball_out_primary_span
1,2020.04,2020.04,metrica:Away:21,metrica:Away,metrica:Home,restart_or_ball_out_primary_span
1,2020.04,2020.04,metrica:Away:22,metrica:Away,metrica:Home,restart_or_ball_out_primary_span
1,2020.04,2020.04,metrica:Away:23,metrica:Away,metrica:Home,restart_or_ball_out_primary_span
1,2020.04,2020.04,metrica:Away:24,metrica:Away,metrica:Home,restart_or_ball_out_primary_span
1,2020.04,2020.04,metrica:Away:26,metrica:Away,metrica:Home,restart_or_ball_out_primary_span
1,2020.04,2020.04,metrica:Away:27,metrica:Away,metrica:Home,restart_or_ball_out_primary_span
1,2020.04,2020.04,metrica:Away:28,metrica:Away,metrica:Home,restart_or_ball_out_primary_span
1,2024.04,2024.04,metrica:Away:26,metrica:Away,metrica:Home,attacker_exposure_unavailable
1,2024.04,2024.04,metrica:Away:27,metrica:Away,metrica:Home,attacker_exposure_unavailable
1,2024.04,2024.04,metrica:Away:28,metrica:Away,metrica:Home,attacker_exposure_unavailable
1,2028.04,2028.04,metrica:Away:26,metrica:Away,metrica:Home,attacker_exposure_unavailable
1,2028.04,2028.04,metrica:Away:27,metrica:Away,metrica:Home,attacker_exposure_unavailable
1,2028.04,2028.04,metrica:Away:28,metrica:Away,metrica:Home,attacker_exposure_unavailable
1,2032.04,2032.04,metrica:Away:26,metrica:Away,metrica:Home,attacker_exposure_unavailable
1,2032.04,2032.04,metrica:Away:27,metrica:Away,metrica:Home,attacker_exposure_unavailable
1,2032.04,2032.04,metrica:Away:28,metrica:Away,metrica:Home,attacker_exposure_unavailable
1,2036.04,2036.04,metrica:Away:26,metrica:Away,metrica:Home,attacker_exposure_unavailable
1,2036.04,2036.04,metrica:Away:27,metrica:Away,metrica:Home,attacker_exposure_unavailable
1,2036.04,2036.04,metrica:Away:28,metrica:Away,metrica:Home,attacker_exposure_unavailable
1,2040.04,2040.04,metrica:Away:26,metrica:Away,metrica:Home,attacker_exposure_unavailable
1,2040.04,2040.04,metrica:Away:27,metrica:Away,metrica:Home,attacker_exposure_unavailable
1,2040.04,2040.04,metrica:Away:28,metrica:Away,metrica:Home,attacker_exposure_unavailable
1,2044.04,2044.04,metrica:Home:1,metrica:Home,metrica:Away,restart_or_ball_out_primary_span
1,2044.04,2044.04,metrica:Home:10,metrica:Home,metrica:Away,restart_or_ball_out_primary_span
1,2044.04,2044.04,metrica:Home:12,metrica:Home,metrica:Away,restart_or_ball_out_primary_span
1,2044.04,2044.04,metrica:Home:13,metrica:Home,metrica:Away,restart_or_ball_out_primary_span
1,2044.04,2044.04,metrica:Home:14,metrica:Home,metrica:Away,restart_or_ball_out_primary_span
1,2044.04,2044.04,metrica:Home:2,metrica:Home,metrica:Away,restart_or_ball_out_primary_span
1,2044.04,2044.04,metrica:Home:3,metrica:Home,metrica:Away,restart_or_ball_out_primary_span
1,2044.04,2044.04,metrica:Home:4,metrica:Home,metrica:Away,restart_or_ball_out_primary_span
1,2044.04,2044.04,metrica:Home:5,metrica:Home,metrica:Away,restart_or_ball_out_primary_span
1,2044.04,2044.04,metrica:Home:6,metrica:Home,metrica:Away,restart_or_ball_out_primary_span
1,2044.04,2044.04,metrica:Home:7,metrica:Home,metrica:Away,restart_or_ball_out_primary_span
1,2044.04,2044.04,metrica:Home:8,metrica:Home,metrica:Away,restart_or_ball_out_primary_span
1,2044.04,2044.04,metrica:Home:9,metrica:Home,metrica:Away,restart_or_ball_out_primary_span
1,2048.04,2048.04,metrica:Home:1,metrica:Home,metrica:Away,restart_or_ball_out_primary_span
1,2048.04,2048.04,metrica:Home:10,metrica:Home,metrica:Away,restart_or_ball_out_primary_span
1,2048.04,2048.04,metrica:Home:12,metrica:Home,metrica:Away,restart_or_ball_out_primary_span
1,2048.04,2048.04,metrica:Home:13,metrica:Home,metrica:Away,restart_or_ball_out_primary_span
1,2048.04,2048.04,metrica:Home:14,metrica:Home,metrica:Away,restart_or_ball_out_primary_span
1,2048.04,2048.04,metrica:Home:2,metrica:Home,metrica:Away,restart_or_ball_out_primary_span
1,2048.04,2048.04,metrica:Home:3,metrica:Home,metrica:Away,restart_or_ball_out_primary_span
1,2048.04,2048.04,metrica:Home:4,metrica:Home,metrica:Away,restart_or_ball_out_primary_span
1,2048.04,2048.04,metrica:Home:5,metrica:Home,metrica:Away,restart_or_ball_out_primary_span
1,2048.04,2048.04,metrica:Home:6,metrica:Home,metrica:Away,restart_or_ball_out_primary_span
1,2048.04,2048.04,metrica:Home:7,metrica:Home,metrica:Away,restart_or_ball_out_primary_span
1,2048.04,2048.04,metrica:Home:8,metrica:Home,metrica:Away,restart_or_ball_out_primary_span
1,2048.04,2048.04,metrica:Home:9,metrica:Home,metrica:Away,restart_or_ball_out_primary_span
1,2052.04,2052.04,metrica:Away:15,metrica:Away,metrica:Home,restart_or_ball_out_primary_span
1,2052.04,2052.04,metrica:Away:16,metrica:Away,metrica:Home,restart_or_ball_out_primary_span
1,2052.04,2052.04,metrica:Away:17,metrica:Away,metrica:Home,restart_or_ball_out_primary_span
1,2052.04,2052.04,metrica:Away:18,metrica:Away,metrica:Home,restart_or_ball_out_primary_span
1,2052.04,2052.04,metrica:Away:19,metrica:Away,metrica:Home,restart_or_ball_out_primary_span
1,2052.04,2052.04,metrica:Away:20,metrica:Away,metrica:Home,restart_or_ball_out_primary_span
1,2052.04,2052.04,metrica:Away:21,metrica:Away,metrica:Home,restart_or_ball_out_primary_span
1,2052.04,2052.04,metrica:Away:22,metrica:Away,metrica:Home,restart_or_ball_out_primary_span
1,2052.04,2052.04,metrica:Away:23,metrica:Away,metrica:Home,restart_or_ball_out_primary_span
1,2052.04,2052.04,metrica:Away:24,metrica:Away,metrica:Home,restart_or_ball_out_primary_span
1,2052.04,2052.04,metrica:Away:26,metrica:Away,metrica:Home,restart_or_ball_out_primary_span
1,2052.04,2052.04,metrica:Away:27,metrica:Away,metrica:Home,restart_or_ball_out_primary_span
1,2052.04,2052.04,metrica:Away:28,metrica:Away,metrica:Home,restart_or_ball_out_primary_span
1,2056.04,2056.04,metrica:Away:26,metrica:Away,metrica:Home,attacker_exposure_unavailable
1,2056.04,2056.04,metrica:Away:27,metrica:Away,metrica:Home,attacker_exposure_unavailable
1,2056.04,2056.04,metrica:Away:28,metrica:Away,metrica:Home,attacker_exposure_unavailable
1,2060.04,2060.04,metrica:Home:1,metrica:Home,metrica:Away,restart_or_ball_out_primary_span
1,2060.04,2060.04,metrica:Home:10,metrica:Home,metrica:Away,restart_or_ball_out_primary_span
1,2060.04,2060.04,metrica:Home:12,metrica:Home,metrica:Away,restart_or_ball_out_primary_span
1,2060.04,2060.04,metrica:Home:13,metrica:Home,metrica:Away,restart_or_ball_out_primary_span
1,2060.04,2060.04,metrica:Home:14,metrica:Home,metrica:Away,restart_or_ball_out_primary_span
1,2060.04,2060.04,metrica:Home:2,metrica:Home,metrica:Away,restart_or_ball_out_primary_span
1,2060.04,2060.04,metrica:Home:3,metrica:Home,metrica:Away,restart_or_ball_out_primary_span
1,2060.04,2060.04,metrica:Home:4,metrica:Home,metrica:Away,restart_or_ball_out_primary_span
1,2060.04,2060.04,metrica:Home:5,metrica:Home,metrica:Away,restart_or_ball_out_primary_span
1,2060.04,2060.04,metrica:Home:6,metrica:Home,metrica:Away,restart_or_ball_out_primary_span
1,2060.04,2060.04,metrica:Home:7,metrica:Home,metrica:Away,restart_or_ball_out_primary_span
1,2060.04,2060.04,metrica:Home:8,metrica:Home,metrica:Away,restart_or_ball_out_primary_span
1,2060.04,2060.04,metrica:Home:9,metrica:Home,metrica:Away,restart_or_ball_out_primary_span
1,2064.04,2064.04,metrica:Home:1,metrica:Home,metrica:Away,attacker_exposure_unavailable
1,2064.04,2064.04,metrica:Home:13,metrica:Home,metrica:Away,attacker_exposure_unavailable
1,2064.04,2064.04,metrica:Home:14,metrica:Home,metrica:Away,attacker_exposure_unavailable
1,2068.04,2068.04,metrica:Home:1,metrica:Home,metrica:Away,attacker_exposure_unavailable
1,2068.04,2068.04,metrica:Home:13,metrica:Home,metrica:Away,attacker_exposure_unavailable
1,2068.04,2068.04,metrica:Home:14,metrica:Home,metrica:Away,attacker_exposure_unavailable
1,2072.04,2072.04,metrica:Home:1,metrica:Home,metrica:Away,attacker_exposure_unavailable
1,2072.04,2072.04,metrica:Home:13,metrica:Home,metrica:Away,attacker_exposure_unavailable
1,2072.04,2072.04,metrica:Home:14,metrica:Home,metrica:Away,attacker_exposure_unavailable
1,2076.04,2076.04,metrica:Home:1,metrica:Home,metrica:Away,attacker_exposure_unavailable
1,2076.04,2076.04,metrica:Home:13,metrica:Home,metrica:Away,attacker_exposure_unavailable
1,2076.04,2076.04,metrica:Home:14,metrica:Home,metrica:Away,attacker_exposure_unavailable
1,2080.04,2080.04,metrica:Home:1,metrica:Home,metrica:Away,attacker_exposure_unavailable
1,2080.04,2080.04,metrica:Home:13,metrica:Home,metrica:Away,attacker_exposure_unavailable
1,2080.04,2080.04,metrica:Home:14,metrica:Home,metrica:Away,attacker_exposure_unavailable
1,2084.04,2084.04,metrica:Home:1,metrica:Home,metrica:Away,attacker_exposure_unavailable
1,2084.04,2084.04,metrica:Home:13,metrica:Home,metrica:Away,attacker_exposure_unavailable
1,2084.04,2084.04,metrica:Home:14,metrica:Home,metrica:Away,attacker_exposure_unavailable
1,2088.04,2088.04,metrica:Home:1,metrica:Home,metrica:Away,attacker_exposure_unavailable
1,2088.04,2088.04,metrica:Home:13,metrica:Home,metrica:Away,attacker_exposure_unavailable
1,2088.04,2088.04,metrica:Home:14,metrica:Home,metrica:Away,attacker_exposure_unavailable
1,2092.04,2092.04,metrica:Home:1,metrica:Home,metrica:Away,attacker_exposure_unavailable
1,2092.04,2092.04,metrica:Home:13,metrica:Home,metrica:Away,attacker_exposure_unavailable
1,2092.04,2092.04,metrica:Home:14,metrica:Home,metrica:Away,attacker_exposure_unavailable
1,2096.04,2096.04,metrica:Home:1,metrica:Home,metrica:Away,attacker_exposure_unavailable
1,2096.04,2096.04,metrica:Home:13,metrica:Home,metrica:Away,attacker_exposure_unavailable
1,2096.04,2096.04,metrica:Home:14,metrica:Home,metrica:Away,attacker_exposure_unavailable
1,2100.04,2100.04,metrica:Home:1,metrica:Home,metrica:Away,attacker_exposure_unavailable
1,2100.04,2100.04,metrica:Home:13,metrica:Home,metrica:Away,attacker_exposure_unavailable
1,2100.04,2100.04,metrica:Home:14,metrica:Home,metrica:Away,attacker_exposure_unavailable
1,2104.04,2104.04,metrica:Home:1,metrica:Home,metrica:Away,attacker_exposure_unavailable
1,2104.04,2104.04,metrica:Home:13,metrica:Home,metrica:Away,attacker_exposure_unavailable
1,2104.04,2104.04,metrica:Home:14,metrica:Home,metrica:Away,attacker_exposure_unavailable
1,2108.04,2108.04,metrica:Home:1,metrica:Home,metrica:Away,attacker_exposure_unavailable
1,2108.04,2108.04,metrica:Home:13,metrica:Home,metrica:Away,attacker_exposure_unavailable
1,2108.04,2108.04,metrica:Home:14,metrica:Home,metrica:Away,attacker_exposure_unavailable
1,2112.04,2112.04,metrica:Home:1,metrica:Home,metrica:Away,attacker_exposure_unavailable
1,2112.04,2112.04,metrica:Home:13,metrica:Home,metrica:Away,attacker_exposure_unavailable
1,2112.04,2112.04,metrica:Home:14,metrica:Home,metrica:Away,attacker_exposure_unavailable
1,2116.04,2116.04,metrica:Home:1,metrica:Home,metrica:Away,attacker_exposure_unavailable
1,2116.04,2116.04,metrica:Home:13,metrica:Home,metrica:Away,attacker_exposure_unavailable
1,2116.04,2116.04,metrica:Home:14,metrica:Home,metrica:Away,attacker_exposure_unavailable
1,2120.04,2120.04,metrica:Home:1,metrica:Home,metrica:Away,attacker_exposure_unavailable
1,2120.04,2120.04,metrica:Home:13,metrica:Home,metrica:Away,attacker_exposure_unavailable
1,2120.04,2120.04,metrica:Home:14,metrica:Home,metrica:Away,attacker_exposure_unavailable
1,2124.04,2124.04,metrica:Home:1,metrica:Home,metrica:Away,attacker_exposure_unavailable
1,2124.04,2124.04,metrica:Home:13,metrica:Home,metrica:Away,attacker_exposure_unavailable
1,2124.04,2124.04,metrica:Home:14,metrica:Home,metrica:Away,attacker_exposure_unavailable
1,2128.04,2128.04,metrica:Home:1,metrica:Home,metrica:Away,attacker_exposure_unavailable
1,2128.04,2128.04,metrica:Home:13,metrica:Home,metrica:Away,attacker_exposure_unavailable
1,2128.04,2128.04,metrica:Home:14,metrica:Home,metrica:Away,attacker_exposure_unavailable
1,2132.04,2132.04,metrica:Home:1,metrica:Home,metrica:Away,restart_or_ball_out_primary_span
1,2132.04,2132.04,metrica:Home:10,metrica:Home,metrica:Away,restart_or_ball_out_primary_span
1,2132.04,2132.04,metrica:Home:12,metrica:Home,metrica:Away,restart_or_ball_out_primary_span
1,2132.04,2132.04,metrica:Home:13,metrica:Home,metrica:Away,restart_or_ball_out_primary_span
1,2132.04,2132.04,metrica:Home:14,metrica:Home,metrica:Away,restart_or_ball_out_primary_span
1,2132.04,2132.04,metrica:Home:2,metrica:Home,metrica:Away,restart_or_ball_out_primary_span
1,2132.04,2132.04,metrica:Home:3,metrica:Home,metrica:Away,restart_or_ball_out_primary_span
1,2132.04,2132.04,metrica:Home:4,metrica:Home,metrica:Away,restart_or_ball_out_primary_span
1,2132.04,2132.04,metrica:Home:5,metrica:Home,metrica:Away,restart_or_ball_out_primary_span
1,2132.04,2132.04,metrica:Home:6,metrica:Home,metrica:Away,restart_or_ball_out_primary_span
1,2132.04,2132.04,metrica:Home:7,metrica:Home,metrica:Away,restart_or_ball_out_primary_span
1,2132.04,2132.04,metrica:Home:8,metrica:Home,metrica:Away,restart_or_ball_out_primary_span
1,2132.04,2132.04,metrica:Home:9,metrica:Home,metrica:Away,restart_or_ball_out_primary_span
1,2136.04,2136.04,metrica:Home:1,metrica:Home,metrica:Away,attacker_exposure_unavailable
1,2136.04,2136.04,metrica:Home:13,metrica:Home,metrica:Away,attacker_exposure_unavailable
1,2136.04,2136.04,metrica:Home:14,metrica:Home,metrica:Away,attacker_exposure_unavailable
1,2140.04,2140.04,metrica:Home:1,metrica:Home,metrica:Away,attacker_exposure_unavailable
1,2140.04,2140.04,metrica:Home:13,metrica:Home,metrica:Away,attacker_exposure_unavailable
1,2140.04,2140.04,metrica:Home:14,metrica:Home,metrica:Away,attacker_exposure_unavailable
1,2144.04,2144.04,metrica:Home:1,metrica:Home,metrica:Away,attacker_exposure_unavailable
1,2144.04,2144.04,metrica:Home:13,metrica:Home,metrica:Away,attacker_exposure_unavailable
1,2144.04,2144.04,metrica:Home:14,metrica:Home,metrica:Away,attacker_exposure_unavailable
1,2148.04,2148.04,metrica:Home:1,metrica:Home,metrica:Away,attacker_exposure_unavailable
1,2148.04,2148.04,metrica:Home:13,metrica:Home,metrica:Away,attacker_exposure_unavailable
1,2148.04,2148.04,metrica:Home:14,metrica:Home,metrica:Away,attacker_exposure_unavailable
1,2152.04,2152.04,metrica:Away:15,metrica:Away,metrica:Home,restart_or_ball_out_primary_span
1,2152.04,2152.04,metrica:Away:16,metrica:Away,metrica:Home,restart_or_ball_out_primary_span
1,2152.04,2152.04,metrica:Away:17,metrica:Away,metrica:Home,restart_or_ball_out_primary_span
1,2152.04,2152.04,metrica:Away:18,metrica:Away,metrica:Home,restart_or_ball_out_primary_span
1,2152.04,2152.04,metrica:Away:19,metrica:Away,metrica:Home,restart_or_ball_out_primary_span
1,2152.04,2152.04,metrica:Away:20,metrica:Away,metrica:Home,restart_or_ball_out_primary_span
1,2152.04,2152.04,metrica:Away:21,metrica:Away,metrica:Home,restart_or_ball_out_primary_span
1,2152.04,2152.04,metrica:Away:22,metrica:Away,metrica:Home,restart_or_ball_out_primary_span
1,2152.04,2152.04,metrica:Away:23,metrica:Away,metrica:Home,restart_or_ball_out_primary_span
1,2152.04,2152.04,metrica:Away:24,metrica:Away,metrica:Home,restart_or_ball_out_primary_span
1,2152.04,2152.04,metrica:Away:26,metrica:Away,metrica:Home,restart_or_ball_out_primary_span
1,2152.04,2152.04,metrica:Away:27,metrica:Away,metrica:Home,restart_or_ball_out_primary_span
1,2152.04,2152.04,metrica:Away:28,metrica:Away,metrica:Home,restart_or_ball_out_primary_span
1,2156.04,2156.04,metrica:Away:26,metrica:Away,metrica:Home,attacker_exposure_unavailable
1,2156.04,2156.04,metrica:Away:27,metrica:Away,metrica:Home,attacker_exposure_unavailable
1,2156.04,2156.04,metrica:Away:28,metrica:Away,metrica:Home,attacker_exposure_unavailable
1,2160.04,2160.04,metrica:Away:26,metrica:Away,metrica:Home,attacker_exposure_unavailable
1,2160.04,2160.04,metrica:Away:27,metrica:Away,metrica:Home,attacker_exposure_unavailable
1,2160.04,2160.04,metrica:Away:28,metrica:Away,metrica:Home,attacker_exposure_unavailable
1,2164.04,2164.04,metrica:Away:26,metrica:Away,metrica:Home,attacker_exposure_unavailable
1,2164.04,2164.04,metrica:Away:27,metrica:Away,metrica:Home,attacker_exposure_unavailable
1,2164.04,2164.04,metrica:Away:28,metrica:Away,metrica:Home,attacker_exposure_unavailable
1,2168.04,2168.04,metrica:Away:26,metrica:Away,metrica:Home,attacker_exposure_unavailable
1,2168.04,2168.04,metrica:Away:27,metrica:Away,metrica:Home,attacker_exposure_unavailable
1,2168.04,2168.04,metrica:Away:28,metrica:Away,metrica:Home,attacker_exposure_unavailable
1,2172.04,2172.04,metrica:Home:1,metrica:Home,metrica:Away,restart_or_ball_out_primary_span
1,2172.04,2172.04,metrica:Home:10,metrica:Home,metrica:Away,restart_or_ball_out_primary_span
1,2172.04,2172.04,metrica:Home:12,metrica:Home,metrica:Away,restart_or_ball_out_primary_span
1,2172.04,2172.04,metrica:Home:13,metrica:Home,metrica:Away,restart_or_ball_out_primary_span
1,2172.04,2172.04,metrica:Home:14,metrica:Home,metrica:Away,restart_or_ball_out_primary_span
1,2172.04,2172.04,metrica:Home:2,metrica:Home,metrica:Away,restart_or_ball_out_primary_span
1,2172.04,2172.04,metrica:Home:3,metrica:Home,metrica:Away,restart_or_ball_out_primary_span
1,2172.04,2172.04,metrica:Home:4,metrica:Home,metrica:Away,restart_or_ball_out_primary_span
1,2172.04,2172.04,metrica:Home:5,metrica:Home,metrica:Away,restart_or_ball_out_primary_span
1,2172.04,2172.04,metrica:Home:6,metrica:Home,metrica:Away,restart_or_ball_out_primary_span
1,2172.04,2172.04,metrica:Home:7,metrica:Home,metrica:Away,restart_or_ball_out_primary_span
1,2172.04,2172.04,metrica:Home:8,metrica:Home,metrica:Away,restart_or_ball_out_primary_span
1,2172.04,2172.04,metrica:Home:9,metrica:Home,metrica:Away,restart_or_ball_out_primary_span
1,2176.04,2176.04,metrica:Away:26,metrica:Away,metrica:Home,attacker_exposure_unavailable
1,2176.04,2176.04,metrica:Away:27,metrica:Away,metrica:Home,attacker_exposure_unavailable
1,2176.04,2176.04,metrica:Away:28,metrica:Away,metrica:Home,attacker_exposure_unavailable
1,2180.04,2180.04,metrica:Away:26,metrica:Away,metrica:Home,attacker_exposure_unavailable
1,2180.04,2180.04,metrica:Away:27,metrica:Away,metrica:Home,attacker_exposure_unavailable
1,2180.04,2180.04,metrica:Away:28,metrica:Away,metrica:Home,attacker_exposure_unavailable
1,2184.04,2184.04,metrica:Away:26,metrica:Away,metrica:Home,attacker_exposure_unavailable
1,2184.04,2184.04,metrica:Away:27,metrica:Away,metrica:Home,attacker_exposure_unavailable
1,2184.04,2184.04,metrica:Away:28,metrica:Away,metrica:Home,attacker_exposure_unavailable
1,2188.04,2188.04,metrica:Home:1,metrica:Home,metrica:Away,attacker_exposure_unavailable
1,2188.04,2188.04,metrica:Home:13,metrica:Home,metrica:Away,attacker_exposure_unavailable
1,2188.04,2188.04,metrica:Home:14,metrica:Home,metrica:Away,attacker_exposure_unavailable
1,2192.04,2192.04,metrica:Home:1,metrica:Home,metrica:Away,attacker_exposure_unavailable
1,2192.04,2192.04,metrica:Home:13,metrica:Home,metrica:Away,attacker_exposure_unavailable
1,2192.04,2192.04,metrica:Home:14,metrica:Home,metrica:Away,attacker_exposure_unavailable
1,2196.04,2196.04,metrica:Home:1,metrica:Home,metrica:Away,attacker_exposure_unavailable
1,2196.04,2196.04,metrica:Home:13,metrica:Home,metrica:Away,attacker_exposure_unavailable
1,2196.04,2196.04,metrica:Home:14,metrica:Home,metrica:Away,attacker_exposure_unavailable
1,2200.04,2200.04,metrica:Home:1,metrica:Home,metrica:Away,attacker_exposure_unavailable
1,2200.04,2200.04,metrica:Home:13,metrica:Home,metrica:Away,attacker_exposure_unavailable
1,2200.04,2200.04,metrica:Home:14,metrica:Home,metrica:Away,attacker_exposure_unavailable
1,2204.04,2204.04,metrica:Home:1,metrica:Home,metrica:Away,attacker_exposure_unavailable
1,2204.04,2204.04,metrica:Home:13,metrica:Home,metrica:Away,attacker_exposure_unavailable
1,2204.04,2204.04,metrica:Home:14,metrica:Home,metrica:Away,attacker_exposure_unavailable
1,2208.04,2208.04,metrica:Away:26,metrica:Away,metrica:Home,attacker_exposure_unavailable
1,2208.04,2208.04,metrica:Away:27,metrica:Away,metrica:Home,attacker_exposure_unavailable
1,2208.04,2208.04,metrica:Away:28,metrica:Away,metrica:Home,attacker_exposure_unavailable
1,2212.04,2212.04,metrica:Away:26,metrica:Away,metrica:Home,attacker_exposure_unavailable
1,2212.04,2212.04,metrica:Away:27,metrica:Away,metrica:Home,attacker_exposure_unavailable
1,2212.04,2212.04,metrica:Away:28,metrica:Away,metrica:Home,attacker_exposure_unavailable
1,2216.04,2216.04,metrica:Away:26,metrica:Away,metrica:Home,attacker_exposure_unavailable
1,2216.04,2216.04,metrica:Away:27,metrica:Away,metrica:Home,attacker_exposure_unavailable
1,2216.04,2216.04,metrica:Away:28,metrica:Away,metrica:Home,attacker_exposure_unavailable
1,2220.04,2220.04,metrica:Home:1,metrica:Home,metrica:Away,attacker_exposure_unavailable
1,2220.04,2220.04,metrica:Home:13,metrica:Home,metrica:Away,attacker_exposure_unavailable
1,2220.04,2220.04,metrica:Home:14,metrica:Home,metrica:Away,attacker_exposure_unavailable
1,2224.04,2224.04,metrica:Home:1,metrica:Home,metrica:Away,attacker_exposure_unavailable
1,2224.04,2224.04,metrica:Home:13,metrica:Home,metrica:Away,attacker_exposure_unavailable
1,2224.04,2224.04,metrica:Home:14,metrica:Home,metrica:Away,attacker_exposure_unavailable
1,2228.04,2228.04,metrica:Home:1,metrica:Home,metrica:Away,attacker_exposure_unavailable
1,2228.04,2228.04,metrica:Home:13,metrica:Home,metrica:Away,attacker_exposure_unavailable
1,2228.04,2228.04,metrica:Home:14,metrica:Home,metrica:Away,attacker_exposure_unavailable
1,2232.04,2232.04,metrica:Home:1,metrica:Home,metrica:Away,attacker_exposure_unavailable
1,2232.04,2232.04,metrica:Home:13,metrica:Home,metrica:Away,attacker_exposure_unavailable
1,2232.04,2232.04,metrica:Home:14,metrica:Home,metrica:Away,attacker_exposure_unavailable
1,2236.04,2236.04,metrica:Home:1,metrica:Home,metrica:Away,attacker_exposure_unavailable
1,2236.04,2236.04,metrica:Home:13,metrica:Home,metrica:Away,attacker_exposure_unavailable
1,2236.04,2236.04,metrica:Home:14,metrica:Home,metrica:Away,attacker_exposure_unavailable
1,2240.04,2240.04,metrica:Home:1,metrica:Home,metrica:Away,attacker_exposure_unavailable
1,2240.04,2240.04,metrica:Home:13,metrica:Home,metrica:Away,attacker_exposure_unavailable
1,2240.04,2240.04,metrica:Home:14,metrica:Home,metrica:Away,attacker_exposure_unavailable
1,2244.04,2244.04,metrica:Home:1,metrica:Home,metrica:Away,attacker_exposure_unavailable
1,2244.04,2244.04,metrica:Home:13,metrica:Home,metrica:Away,attacker_exposure_unavailable
1,2244.04,2244.04,metrica:Home:14,metrica:Home,metrica:Away,attacker_exposure_unavailable
1,2248.04,2248.04,metrica:Home:1,metrica:Home,metrica:Away,attacker_exposure_unavailable
1,2248.04,2248.04,metrica:Home:13,metrica:Home,metrica:Away,attacker_exposure_unavailable
1,2248.04,2248.04,metrica:Home:14,metrica:Home,metrica:Away,attacker_exposure_unavailable
1,2252.04,2252.04,metrica:Home:1,metrica:Home,metrica:Away,attacker_exposure_unavailable
1,2252.04,2252.04,metrica:Home:13,metrica:Home,metrica:Away,attacker_exposure_unavailable
1,2252.04,2252.04,metrica:Home:14,metrica:Home,metrica:Away,attacker_exposure_unavailable
1,2256.04,2256.04,metrica:Home:1,metrica:Home,metrica:Away,restart_or_ball_out_primary_span
1,2256.04,2256.04,metrica:Home:10,metrica:Home,metrica:Away,restart_or_ball_out_primary_span
1,2256.04,2256.04,metrica:Home:12,metrica:Home,metrica:Away,restart_or_ball_out_primary_span
1,2256.04,2256.04,metrica:Home:13,metrica:Home,metrica:Away,restart_or_ball_out_primary_span
1,2256.04,2256.04,metrica:Home:14,metrica:Home,metrica:Away,restart_or_ball_out_primary_span
1,2256.04,2256.04,metrica:Home:2,metrica:Home,metrica:Away,restart_or_ball_out_primary_span
1,2256.04,2256.04,metrica:Home:3,metrica:Home,metrica:Away,restart_or_ball_out_primary_span
1,2256.04,2256.04,metrica:Home:4,metrica:Home,metrica:Away,restart_or_ball_out_primary_span
1,2256.04,2256.04,metrica:Home:5,metrica:Home,metrica:Away,restart_or_ball_out_primary_span
1,2256.04,2256.04,metrica:Home:6,metrica:Home,metrica:Away,restart_or_ball_out_primary_span
1,2256.04,2256.04,metrica:Home:7,metrica:Home,metrica:Away,restart_or_ball_out_primary_span
1,2256.04,2256.04,metrica:Home:8,metrica:Home,metrica:Away,restart_or_ball_out_primary_span
1,2256.04,2256.04,metrica:Home:9,metrica:Home,metrica:Away,restart_or_ball_out_primary_span
1,2260.04,2260.04,metrica:Home:1,metrica:Home,metrica:Away,restart_or_ball_out_primary_span
1,2260.04,2260.04,metrica:Home:10,metrica:Home,metrica:Away,restart_or_ball_out_primary_span
1,2260.04,2260.04,metrica:Home:12,metrica:Home,metrica:Away,restart_or_ball_out_primary_span
1,2260.04,2260.04,metrica:Home:13,metrica:Home,metrica:Away,restart_or_ball_out_primary_span
1,2260.04,2260.04,metrica:Home:14,metrica:Home,metrica:Away,restart_or_ball_out_primary_span
1,2260.04,2260.04,metrica:Home:2,metrica:Home,metrica:Away,restart_or_ball_out_primary_span
1,2260.04,2260.04,metrica:Home:3,metrica:Home,metrica:Away,restart_or_ball_out_primary_span
1,2260.04,2260.04,metrica:Home:4,metrica:Home,metrica:Away,restart_or_ball_out_primary_span
1,2260.04,2260.04,metrica:Home:5,metrica:Home,metrica:Away,restart_or_ball_out_primary_span
1,2260.04,2260.04,metrica:Home:6,metrica:Home,metrica:Away,restart_or_ball_out_primary_span
1,2260.04,2260.04,metrica:Home:7,metrica:Home,metrica:Away,restart_or_ball_out_primary_span
1,2260.04,2260.04,metrica:Home:8,metrica:Home,metrica:Away,restart_or_ball_out_primary_span
1,2260.04,2260.04,metrica:Home:9,metrica:Home,metrica:Away,restart_or_ball_out_primary_span
1,2264.04,2264.04,metrica:Home:1,metrica:Home,metrica:Away,attacker_exposure_unavailable
1,2264.04,2264.04,metrica:Home:13,metrica:Home,metrica:Away,attacker_exposure_unavailable
1,2264.04,2264.04,metrica:Home:14,metrica:Home,metrica:Away,attacker_exposure_unavailable
1,2268.04,2268.04,metrica:Home:1,metrica:Home,metrica:Away,attacker_exposure_unavailable
1,2268.04,2268.04,metrica:Home:13,metrica:Home,metrica:Away,attacker_exposure_unavailable
1,2268.04,2268.04,metrica:Home:14,metrica:Home,metrica:Away,attacker_exposure_unavailable
1,2272.04,2272.04,metrica:Home:1,metrica:Home,metrica:Away,restart_or_ball_out_primary_span
1,2272.04,2272.04,metrica:Home:10,metrica:Home,metrica:Away,restart_or_ball_out_primary_span
1,2272.04,2272.04,metrica:Home:12,metrica:Home,metrica:Away,restart_or_ball_out_primary_span
1,2272.04,2272.04,metrica:Home:13,metrica:Home,metrica:Away,restart_or_ball_out_primary_span
1,2272.04,2272.04,metrica:Home:14,metrica:Home,metrica:Away,restart_or_ball_out_primary_span
1,2272.04,2272.04,metrica:Home:2,metrica:Home,metrica:Away,restart_or_ball_out_primary_span
1,2272.04,2272.04,metrica:Home:3,metrica:Home,metrica:Away,restart_or_ball_out_primary_span
1,2272.04,2272.04,metrica:Home:4,metrica:Home,metrica:Away,restart_or_ball_out_primary_span
1,2272.04,2272.04,metrica:Home:5,metrica:Home,metrica:Away,restart_or_ball_out_primary_span
1,2272.04,2272.04,metrica:Home:6,metrica:Home,metrica:Away,restart_or_ball_out_primary_span
1,2272.04,2272.04,metrica:Home:7,metrica:Home,metrica:Away,restart_or_ball_out_primary_span
1,2272.04,2272.04,metrica:Home:8,metrica:Home,metrica:Away,restart_or_ball_out_primary_span
1,2272.04,2272.04,metrica:Home:9,metrica:Home,metrica:Away,restart_or_ball_out_primary_span
1,2276.04,2276.04,metrica:Away:15,metrica:Away,metrica:Home,restart_or_ball_out_primary_span
1,2276.04,2276.04,metrica:Away:16,metrica:Away,metrica:Home,restart_or_ball_out_primary_span
1,2276.04,2276.04,metrica:Away:17,metrica:Away,metrica:Home,restart_or_ball_out_primary_span
1,2276.04,2276.04,metrica:Away:18,metrica:Away,metrica:Home,restart_or_ball_out_primary_span
1,2276.04,2276.04,metrica:Away:19,metrica:Away,metrica:Home,restart_or_ball_out_primary_span
1,2276.04,2276.04,metrica:Away:20,metrica:Away,metrica:Home,restart_or_ball_out_primary_span
1,2276.04,2276.04,metrica:Away:21,metrica:Away,metrica:Home,restart_or_ball_out_primary_span
1,2276.04,2276.04,metrica:Away:22,metrica:Away,metrica:Home,restart_or_ball_out_primary_span
1,2276.04,2276.04,metrica:Away:23,metrica:Away,metrica:Home,restart_or_ball_out_primary_span
1,2276.04,2276.04,metrica:Away:24,metrica:Away,metrica:Home,restart_or_ball_out_primary_span
1,2276.04,2276.04,metrica:Away:26,metrica:Away,metrica:Home,restart_or_ball_out_primary_span
1,2276.04,2276.04,metrica:Away:27,metrica:Away,metrica:Home,restart_or_ball_out_primary_span
1,2276.04,2276.04,metrica:Away:28,metrica:Away,metrica:Home,restart_or_ball_out_primary_span
1,2280.04,2280.04,metrica:Away:26,metrica:Away,metrica:Home,attacker_exposure_unavailable
1,2280.04,2280.04,metrica:Away:27,metrica:Away,metrica:Home,attacker_exposure_unavailable
1,2280.04,2280.04,metrica:Away:28,metrica:Away,metrica:Home,attacker_exposure_unavailable
1,2284.04,2284.04,metrica:Away:26,metrica:Away,metrica:Home,attacker_exposure_unavailable
1,2284.04,2284.04,metrica:Away:27,metrica:Away,metrica:Home,attacker_exposure_unavailable
1,2284.04,2284.04,metrica:Away:28,metrica:Away,metrica:Home,attacker_exposure_unavailable
1,2288.04,2288.04,metrica:Away:26,metrica:Away,metrica:Home,attacker_exposure_unavailable
1,2288.04,2288.04,metrica:Away:27,metrica:Away,metrica:Home,attacker_exposure_unavailable
1,2288.04,2288.04,metrica:Away:28,metrica:Away,metrica:Home,attacker_exposure_unavailable
1,2292.04,2292.04,metrica:Away:26,metrica:Away,metrica:Home,attacker_exposure_unavailable
1,2292.04,2292.04,metrica:Away:27,metrica:Away,metrica:Home,attacker_exposure_unavailable
1,2292.04,2292.04,metrica:Away:28,metrica:Away,metrica:Home,attacker_exposure_unavailable
1,2296.04,2296.04,metrica:Away:26,metrica:Away,metrica:Home,attacker_exposure_unavailable
1,2296.04,2296.04,metrica:Away:27,metrica:Away,metrica:Home,attacker_exposure_unavailable
1,2296.04,2296.04,metrica:Away:28,metrica:Away,metrica:Home,attacker_exposure_unavailable
1,2300.04,2300.04,metrica:Away:15,metrica:Away,metrica:Home,restart_or_ball_out_primary_span
1,2300.04,2300.04,metrica:Away:16,metrica:Away,metrica:Home,restart_or_ball_out_primary_span
1,2300.04,2300.04,metrica:Away:17,metrica:Away,metrica:Home,restart_or_ball_out_primary_span
1,2300.04,2300.04,metrica:Away:18,metrica:Away,metrica:Home,restart_or_ball_out_primary_span
1,2300.04,2300.04,metrica:Away:19,metrica:Away,metrica:Home,restart_or_ball_out_primary_span
1,2300.04,2300.04,metrica:Away:20,metrica:Away,metrica:Home,restart_or_ball_out_primary_span
1,2300.04,2300.04,metrica:Away:21,metrica:Away,metrica:Home,restart_or_ball_out_primary_span
1,2300.04,2300.04,metrica:Away:22,metrica:Away,metrica:Home,restart_or_ball_out_primary_span
1,2300.04,2300.04,metrica:Away:23,metrica:Away,metrica:Home,restart_or_ball_out_primary_span
1,2300.04,2300.04,metrica:Away:24,metrica:Away,metrica:Home,restart_or_ball_out_primary_span
1,2300.04,2300.04,metrica:Away:26,metrica:Away,metrica:Home,restart_or_ball_out_primary_span
1,2300.04,2300.04,metrica:Away:27,metrica:Away,metrica:Home,restart_or_ball_out_primary_span
1,2300.04,2300.04,metrica:Away:28,metrica:Away,metrica:Home,restart_or_ball_out_primary_span
1,2304.04,2304.04,metrica:Home:1,metrica:Home,metrica:Away,restart_or_ball_out_primary_span
1,2304.04,2304.04,metrica:Home:10,metrica:Home,metrica:Away,restart_or_ball_out_primary_span
1,2304.04,2304.04,metrica:Home:12,metrica:Home,metrica:Away,restart_or_ball_out_primary_span
1,2304.04,2304.04,metrica:Home:13,metrica:Home,metrica:Away,restart_or_ball_out_primary_span
1,2304.04,2304.04,metrica:Home:14,metrica:Home,metrica:Away,restart_or_ball_out_primary_span
1,2304.04,2304.04,metrica:Home:2,metrica:Home,metrica:Away,restart_or_ball_out_primary_span
1,2304.04,2304.04,metrica:Home:3,metrica:Home,metrica:Away,restart_or_ball_out_primary_span
1,2304.04,2304.04,metrica:Home:4,metrica:Home,metrica:Away,restart_or_ball_out_primary_span
1,2304.04,2304.04,metrica:Home:5,metrica:Home,metrica:Away,restart_or_ball_out_primary_span
1,2304.04,2304.04,metrica:Home:6,metrica:Home,metrica:Away,restart_or_ball_out_primary_span
1,2304.04,2304.04,metrica:Home:7,metrica:Home,metrica:Away,restart_or_ball_out_primary_span
1,2304.04,2304.04,metrica:Home:8,metrica:Home,metrica:Away,restart_or_ball_out_primary_span
1,2304.04,2304.04,metrica:Home:9,metrica:Home,metrica:Away,restart_or_ball_out_primary_span
1,2308.04,2308.04,metrica:Home:1,metrica:Home,metrica:Away,attacker_exposure_unavailable
1,2308.04,2308.04,metrica:Home:13,metrica:Home,metrica:Away,attacker_exposure_unavailable
1,2308.04,2308.04,metrica:Home:14,metrica:Home,metrica:Away,attacker_exposure_unavailable
1,2312.04,2312.04,metrica:Home:1,metrica:Home,metrica:Away,attacker_exposure_unavailable
1,2312.04,2312.04,metrica:Home:13,metrica:Home,metrica:Away,attacker_exposure_unavailable
1,2312.04,2312.04,metrica:Home:14,metrica:Home,metrica:Away,attacker_exposure_unavailable
1,2316.04,2316.04,metrica:Home:1,metrica:Home,metrica:Away,attacker_exposure_unavailable
1,2316.04,2316.04,metrica:Home:13,metrica:Home,metrica:Away,attacker_exposure_unavailable
1,2316.04,2316.04,metrica:Home:14,metrica:Home,metrica:Away,attacker_exposure_unavailable
1,2320.04,2320.04,metrica:Home:1,metrica:Home,metrica:Away,attacker_exposure_unavailable
1,2320.04,2320.04,metrica:Home:13,metrica:Home,metrica:Away,attacker_exposure_unavailable
1,2320.04,2320.04,metrica:Home:14,metrica:Home,metrica:Away,attacker_exposure_unavailable
1,2324.04,2324.04,metrica:Home:1,metrica:Home,metrica:Away,attacker_exposure_unavailable
1,2324.04,2324.04,metrica:Home:13,metrica:Home,metrica:Away,attacker_exposure_unavailable
1,2324.04,2324.04,metrica:Home:14,metrica:Home,metrica:Away,attacker_exposure_unavailable
1,2328.04,2328.04,metrica:Home:1,metrica:Home,metrica:Away,attacker_exposure_unavailable
1,2328.04,2328.04,metrica:Home:13,metrica:Home,metrica:Away,attacker_exposure_unavailable
1,2328.04,2328.04,metrica:Home:14,metrica:Home,metrica:Away,attacker_exposure_unavailable
1,2332.04,2332.04,metrica:Home:1,metrica:Home,metrica:Away,attacker_exposure_unavailable
1,2332.04,2332.04,metrica:Home:13,metrica:Home,metrica:Away,attacker_exposure_unavailable
1,2332.04,2332.04,metrica:Home:14,metrica:Home,metrica:Away,attacker_exposure_unavailable
1,2336.04,2336.04,metrica:Home:1,metrica:Home,metrica:Away,attacker_exposure_unavailable
1,2336.04,2336.04,metrica:Home:13,metrica:Home,metrica:Away,attacker_exposure_unavailable
1,2336.04,2336.04,metrica:Home:14,metrica:Home,metrica:Away,attacker_exposure_unavailable
1,2340.04,2340.04,metrica:Home:1,metrica:Home,metrica:Away,attacker_exposure_unavailable
1,2340.04,2340.04,metrica:Home:13,metrica:Home,metrica:Away,attacker_exposure_unavailable
1,2340.04,2340.04,metrica:Home:14,metrica:Home,metrica:Away,attacker_exposure_unavailable
1,2344.04,2344.04,metrica:Home:1,metrica:Home,metrica:Away,attacker_exposure_unavailable
1,2344.04,2344.04,metrica:Home:13,metrica:Home,metrica:Away,attacker_exposure_unavailable
1,2344.04,2344.04,metrica:Home:14,metrica:Home,metrica:Away,attacker_exposure_unavailable
1,2348.04,2348.04,metrica:Home:1,metrica:Home,metrica:Away,attacker_exposure_unavailable
1,2348.04,2348.04,metrica:Home:13,metrica:Home,metrica:Away,attacker_exposure_unavailable
1,2348.04,2348.04,metrica:Home:14,metrica:Home,metrica:Away,attacker_exposure_unavailable
1,2352.04,2352.04,metrica:Home:1,metrica:Home,metrica:Away,attacker_exposure_unavailable
1,2352.04,2352.04,metrica:Home:13,metrica:Home,metrica:Away,attacker_exposure_unavailable
1,2352.04,2352.04,metrica:Home:14,metrica:Home,metrica:Away,attacker_exposure_unavailable
1,2356.04,2356.04,metrica:Home:1,metrica:Home,metrica:Away,attacker_exposure_unavailable
1,2356.04,2356.04,metrica:Home:13,metrica:Home,metrica:Away,attacker_exposure_unavailable
1,2356.04,2356.04,metrica:Home:14,metrica:Home,metrica:Away,attacker_exposure_unavailable
1,2360.04,2360.04,metrica:Home:1,metrica:Home,metrica:Away,attacker_exposure_unavailable
1,2360.04,2360.04,metrica:Home:13,metrica:Home,metrica:Away,attacker_exposure_unavailable
1,2360.04,2360.04,metrica:Home:14,metrica:Home,metrica:Away,attacker_exposure_unavailable
1,2364.04,2364.04,metrica:Away:26,metrica:Away,metrica:Home,attacker_exposure_unavailable
1,2364.04,2364.04,metrica:Away:27,metrica:Away,metrica:Home,attacker_exposure_unavailable
1,2364.04,2364.04,metrica:Away:28,metrica:Away,metrica:Home,attacker_exposure_unavailable
1,2368.04,2368.04,metrica:Home:1,metrica:Home,metrica:Away,attacker_exposure_unavailable
1,2368.04,2368.04,metrica:Home:13,metrica:Home,metrica:Away,attacker_exposure_unavailable
1,2368.04,2368.04,metrica:Home:14,metrica:Home,metrica:Away,attacker_exposure_unavailable
1,2372.04,2372.04,metrica:Home:1,metrica:Home,metrica:Away,attacker_exposure_unavailable
1,2372.04,2372.04,metrica:Home:13,metrica:Home,metrica:Away,attacker_exposure_unavailable
1,2372.04,2372.04,metrica:Home:14,metrica:Home,metrica:Away,attacker_exposure_unavailable
1,2376.04,2376.04,metrica:Home:1,metrica:Home,metrica:Away,attacker_exposure_unavailable
1,2376.04,2376.04,metrica:Home:13,metrica:Home,metrica:Away,attacker_exposure_unavailable
1,2376.04,2376.04,metrica:Home:14,metrica:Home,metrica:Away,attacker_exposure_unavailable
1,2380.04,2380.04,metrica:Home:1,metrica:Home,metrica:Away,attacker_exposure_unavailable
1,2380.04,2380.04,metrica:Home:13,metrica:Home,metrica:Away,attacker_exposure_unavailable
1,2380.04,2380.04,metrica:Home:14,metrica:Home,metrica:Away,attacker_exposure_unavailable
1,2384.04,2384.04,metrica:Home:1,metrica:Home,metrica:Away,attacker_exposure_unavailable
1,2384.04,2384.04,metrica:Home:13,metrica:Home,metrica:Away,attacker_exposure_unavailable
1,2384.04,2384.04,metrica:Home:14,metrica:Home,metrica:Away,attacker_exposure_unavailable
1,2388.04,2388.04,metrica:Home:1,metrica:Home,metrica:Away,attacker_exposure_unavailable
1,2388.04,2388.04,metrica:Home:13,metrica:Home,metrica:Away,attacker_exposure_unavailable
1,2388.04,2388.04,metrica:Home:14,metrica:Home,metrica:Away,attacker_exposure_unavailable
1,2392.04,2392.04,metrica:Home:1,metrica:Home,metrica:Away,attacker_exposure_unavailable
1,2392.04,2392.04,metrica:Home:13,metrica:Home,metrica:Away,attacker_exposure_unavailable
1,2392.04,2392.04,metrica:Home:14,metrica:Home,metrica:Away,attacker_exposure_unavailable
1,2396.04,2396.04,metrica:Home:1,metrica:Home,metrica:Away,attacker_exposure_unavailable
1,2396.04,2396.04,metrica:Home:13,metrica:Home,metrica:Away,attacker_exposure_unavailable
1,2396.04,2396.04,metrica:Home:14,metrica:Home,metrica:Away,attacker_exposure_unavailable
1,2400.04,2400.04,metrica:Home:1,metrica:Home,metrica:Away,attacker_exposure_unavailable
1,2400.04,2400.04,metrica:Home:13,metrica:Home,metrica:Away,attacker_exposure_unavailable
1,2400.04,2400.04,metrica:Home:14,metrica:Home,metrica:Away,attacker_exposure_unavailable
1,2404.04,2404.04,metrica:Home:1,metrica:Home,metrica:Away,restart_or_ball_out_primary_span
1,2404.04,2404.04,metrica:Home:10,metrica:Home,metrica:Away,restart_or_ball_out_primary_span
1,2404.04,2404.04,metrica:Home:12,metrica:Home,metrica:Away,restart_or_ball_out_primary_span
1,2404.04,2404.04,metrica:Home:13,metrica:Home,metrica:Away,restart_or_ball_out_primary_span
1,2404.04,2404.04,metrica:Home:14,metrica:Home,metrica:Away,restart_or_ball_out_primary_span
1,2404.04,2404.04,metrica:Home:2,metrica:Home,metrica:Away,restart_or_ball_out_primary_span
1,2404.04,2404.04,metrica:Home:3,metrica:Home,metrica:Away,restart_or_ball_out_primary_span
1,2404.04,2404.04,metrica:Home:4,metrica:Home,metrica:Away,restart_or_ball_out_primary_span
1,2404.04,2404.04,metrica:Home:5,metrica:Home,metrica:Away,restart_or_ball_out_primary_span
1,2404.04,2404.04,metrica:Home:6,metrica:Home,metrica:Away,restart_or_ball_out_primary_span
1,2404.04,2404.04,metrica:Home:7,metrica:Home,metrica:Away,restart_or_ball_out_primary_span
1,2404.04,2404.04,metrica:Home:8,metrica:Home,metrica:Away,restart_or_ball_out_primary_span
1,2404.04,2404.04,metrica:Home:9,metrica:Home,metrica:Away,restart_or_ball_out_primary_span
1,2408.04,2408.04,metrica:Home:1,metrica:Home,metrica:Away,attacker_exposure_unavailable
1,2408.04,2408.04,metrica:Home:13,metrica:Home,metrica:Away,attacker_exposure_unavailable
1,2408.04,2408.04,metrica:Home:14,metrica:Home,metrica:Away,attacker_exposure_unavailable
1,2412.04,2412.04,metrica:Home:1,metrica:Home,metrica:Away,attacker_exposure_unavailable
1,2412.04,2412.04,metrica:Home:13,metrica:Home,metrica:Away,attacker_exposure_unavailable
1,2412.04,2412.04,metrica:Home:14,metrica:Home,metrica:Away,attacker_exposure_unavailable
1,2416.04,2416.04,metrica:Home:1,metrica:Home,metrica:Away,attacker_exposure_unavailable
1,2416.04,2416.04,metrica:Home:13,metrica:Home,metrica:Away,attacker_exposure_unavailable
1,2416.04,2416.04,metrica:Home:14,metrica:Home,metrica:Away,attacker_exposure_unavailable
1,2420.04,2420.04,metrica:Home:1,metrica:Home,metrica:Away,attacker_exposure_unavailable
1,2420.04,2420.04,metrica:Home:13,metrica:Home,metrica:Away,attacker_exposure_unavailable
1,2420.04,2420.04,metrica:Home:14,metrica:Home,metrica:Away,attacker_exposure_unavailable
1,2424.04,2424.04,metrica:Home:1,metrica:Home,metrica:Away,attacker_exposure_unavailable
1,2424.04,2424.04,metrica:Home:13,metrica:Home,metrica:Away,attacker_exposure_unavailable
1,2424.04,2424.04,metrica:Home:14,metrica:Home,metrica:Away,attacker_exposure_unavailable
1,2428.04,2428.04,metrica:Home:1,metrica:Home,metrica:Away,attacker_exposure_unavailable
1,2428.04,2428.04,metrica:Home:13,metrica:Home,metrica:Away,attacker_exposure_unavailable
1,2428.04,2428.04,metrica:Home:14,metrica:Home,metrica:Away,attacker_exposure_unavailable
1,2432.04,2432.04,metrica:Away:15,metrica:Away,metrica:Home,restart_or_ball_out_primary_span
1,2432.04,2432.04,metrica:Away:16,metrica:Away,metrica:Home,restart_or_ball_out_primary_span
1,2432.04,2432.04,metrica:Away:17,metrica:Away,metrica:Home,restart_or_ball_out_primary_span
1,2432.04,2432.04,metrica:Away:18,metrica:Away,metrica:Home,restart_or_ball_out_primary_span
1,2432.04,2432.04,metrica:Away:19,metrica:Away,metrica:Home,restart_or_ball_out_primary_span
1,2432.04,2432.04,metrica:Away:20,metrica:Away,metrica:Home,restart_or_ball_out_primary_span
1,2432.04,2432.04,metrica:Away:21,metrica:Away,metrica:Home,restart_or_ball_out_primary_span
1,2432.04,2432.04,metrica:Away:22,metrica:Away,metrica:Home,restart_or_ball_out_primary_span
1,2432.04,2432.04,metrica:Away:23,metrica:Away,metrica:Home,restart_or_ball_out_primary_span
1,2432.04,2432.04,metrica:Away:24,metrica:Away,metrica:Home,restart_or_ball_out_primary_span
1,2432.04,2432.04,metrica:Away:26,metrica:Away,metrica:Home,restart_or_ball_out_primary_span
1,2432.04,2432.04,metrica:Away:27,metrica:Away,metrica:Home,restart_or_ball_out_primary_span
1,2432.04,2432.04,metrica:Away:28,metrica:Away,metrica:Home,restart_or_ball_out_primary_span
1,2436.04,2436.04,metrica:Away:26,metrica:Away,metrica:Home,attacker_exposure_unavailable
1,2436.04,2436.04,metrica:Away:27,metrica:Away,metrica:Home,attacker_exposure_unavailable
1,2436.04,2436.04,metrica:Away:28,metrica:Away,metrica:Home,attacker_exposure_unavailable
1,2440.04,2440.04,metrica:Away:26,metrica:Away,metrica:Home,attacker_exposure_unavailable
1,2440.04,2440.04,metrica:Away:27,metrica:Away,metrica:Home,attacker_exposure_unavailable
1,2440.04,2440.04,metrica:Away:28,metrica:Away,metrica:Home,attacker_exposure_unavailable
1,2444.04,2444.04,metrica:Away:26,metrica:Away,metrica:Home,attacker_exposure_unavailable
1,2444.04,2444.04,metrica:Away:27,metrica:Away,metrica:Home,attacker_exposure_unavailable
1,2444.04,2444.04,metrica:Away:28,metrica:Away,metrica:Home,attacker_exposure_unavailable
1,2448.04,2448.04,metrica:Home:1,metrica:Home,metrica:Away,attacker_exposure_unavailable
1,2448.04,2448.04,metrica:Home:13,metrica:Home,metrica:Away,attacker_exposure_unavailable
1,2448.04,2448.04,metrica:Home:14,metrica:Home,metrica:Away,attacker_exposure_unavailable
1,2452.04,2452.04,metrica:Home:1,metrica:Home,metrica:Away,attacker_exposure_unavailable
1,2452.04,2452.04,metrica:Home:13,metrica:Home,metrica:Away,attacker_exposure_unavailable
1,2452.04,2452.04,metrica:Home:14,metrica:Home,metrica:Away,attacker_exposure_unavailable
1,2456.04,2456.04,metrica:Home:1,metrica:Home,metrica:Away,attacker_exposure_unavailable
1,2456.04,2456.04,metrica:Home:13,metrica:Home,metrica:Away,attacker_exposure_unavailable
1,2456.04,2456.04,metrica:Home:14,metrica:Home,metrica:Away,attacker_exposure_unavailable
1,2460.04,2460.04,metrica:Home:1,metrica:Home,metrica:Away,attacker_exposure_unavailable
1,2460.04,2460.04,metrica:Home:13,metrica:Home,metrica:Away,attacker_exposure_unavailable
1,2460.04,2460.04,metrica:Home:14,metrica:Home,metrica:Away,attacker_exposure_unavailable
1,2464.04,2464.04,metrica:Home:1,metrica:Home,metrica:Away,attacker_exposure_unavailable
1,2464.04,2464.04,metrica:Home:13,metrica:Home,metrica:Away,attacker_exposure_unavailable
1,2464.04,2464.04,metrica:Home:14,metrica:Home,metrica:Away,attacker_exposure_unavailable
1,2468.04,2468.04,metrica:Home:1,metrica:Home,metrica:Away,attacker_exposure_unavailable
1,2468.04,2468.04,metrica:Home:13,metrica:Home,metrica:Away,attacker_exposure_unavailable
1,2468.04,2468.04,metrica:Home:14,metrica:Home,metrica:Away,attacker_exposure_unavailable
1,2472.04,2472.04,metrica:Home:1,metrica:Home,metrica:Away,attacker_exposure_unavailable
1,2472.04,2472.04,metrica:Home:13,metrica:Home,metrica:Away,attacker_exposure_unavailable
1,2472.04,2472.04,metrica:Home:14,metrica:Home,metrica:Away,attacker_exposure_unavailable
1,2476.04,2476.04,metrica:Home:1,metrica:Home,metrica:Away,attacker_exposure_unavailable
1,2476.04,2476.04,metrica:Home:13,metrica:Home,metrica:Away,attacker_exposure_unavailable
1,2476.04,2476.04,metrica:Home:14,metrica:Home,metrica:Away,attacker_exposure_unavailable
1,2480.04,2480.04,metrica:Home:1,metrica:Home,metrica:Away,attacker_exposure_unavailable
1,2480.04,2480.04,metrica:Home:13,metrica:Home,metrica:Away,attacker_exposure_unavailable
1,2480.04,2480.04,metrica:Home:14,metrica:Home,metrica:Away,attacker_exposure_unavailable
1,2484.04,2484.04,metrica:Home:1,metrica:Home,metrica:Away,attacker_exposure_unavailable
1,2484.04,2484.04,metrica:Home:13,metrica:Home,metrica:Away,attacker_exposure_unavailable
1,2484.04,2484.04,metrica:Home:14,metrica:Home,metrica:Away,attacker_exposure_unavailable
1,2488.04,2488.04,metrica:Home:1,metrica:Home,metrica:Away,attacker_exposure_unavailable
1,2488.04,2488.04,metrica:Home:13,metrica:Home,metrica:Away,attacker_exposure_unavailable
1,2488.04,2488.04,metrica:Home:14,metrica:Home,metrica:Away,attacker_exposure_unavailable
1,2492.04,2492.04,metrica:Home:1,metrica:Home,metrica:Away,attacker_exposure_unavailable
1,2492.04,2492.04,metrica:Home:13,metrica:Home,metrica:Away,attacker_exposure_unavailable
1,2492.04,2492.04,metrica:Home:14,metrica:Home,metrica:Away,attacker_exposure_unavailable
1,2496.04,2496.04,metrica:Home:1,metrica:Home,metrica:Away,attacker_exposure_unavailable
1,2496.04,2496.04,metrica:Home:13,metrica:Home,metrica:Away,attacker_exposure_unavailable
1,2496.04,2496.04,metrica:Home:14,metrica:Home,metrica:Away,attacker_exposure_unavailable
1,2500.04,2500.04,metrica:Home:1,metrica:Home,metrica:Away,attacker_exposure_unavailable
1,2500.04,2500.04,metrica:Home:13,metrica:Home,metrica:Away,attacker_exposure_unavailable
1,2500.04,2500.04,metrica:Home:14,metrica:Home,metrica:Away,attacker_exposure_unavailable
1,2504.04,2504.04,metrica:Home:1,metrica:Home,metrica:Away,attacker_exposure_unavailable
1,2504.04,2504.04,metrica:Home:13,metrica:Home,metrica:Away,attacker_exposure_unavailable
1,2504.04,2504.04,metrica:Home:14,metrica:Home,metrica:Away,attacker_exposure_unavailable
1,2508.04,2508.04,metrica:Home:1,metrica:Home,metrica:Away,restart_or_ball_out_primary_span
1,2508.04,2508.04,metrica:Home:10,metrica:Home,metrica:Away,restart_or_ball_out_primary_span
1,2508.04,2508.04,metrica:Home:12,metrica:Home,metrica:Away,restart_or_ball_out_primary_span
1,2508.04,2508.04,metrica:Home:13,metrica:Home,metrica:Away,restart_or_ball_out_primary_span
1,2508.04,2508.04,metrica:Home:14,metrica:Home,metrica:Away,restart_or_ball_out_primary_span
1,2508.04,2508.04,metrica:Home:2,metrica:Home,metrica:Away,restart_or_ball_out_primary_span
1,2508.04,2508.04,metrica:Home:3,metrica:Home,metrica:Away,restart_or_ball_out_primary_span
1,2508.04,2508.04,metrica:Home:4,metrica:Home,metrica:Away,restart_or_ball_out_primary_span
1,2508.04,2508.04,metrica:Home:5,metrica:Home,metrica:Away,restart_or_ball_out_primary_span
1,2508.04,2508.04,metrica:Home:6,metrica:Home,metrica:Away,restart_or_ball_out_primary_span
1,2508.04,2508.04,metrica:Home:7,metrica:Home,metrica:Away,restart_or_ball_out_primary_span
1,2508.04,2508.04,metrica:Home:8,metrica:Home,metrica:Away,restart_or_ball_out_primary_span
1,2508.04,2508.04,metrica:Home:9,metrica:Home,metrica:Away,restart_or_ball_out_primary_span
1,2512.04,2512.04,metrica:Home:1,metrica:Home,metrica:Away,attacker_exposure_unavailable
1,2512.04,2512.04,metrica:Home:13,metrica:Home,metrica:Away,attacker_exposure_unavailable
1,2512.04,2512.04,metrica:Home:14,metrica:Home,metrica:Away,attacker_exposure_unavailable
1,2516.04,2516.04,metrica:Home:1,metrica:Home,metrica:Away,attacker_exposure_unavailable
1,2516.04,2516.04,metrica:Home:13,metrica:Home,metrica:Away,attacker_exposure_unavailable
1,2516.04,2516.04,metrica:Home:14,metrica:Home,metrica:Away,attacker_exposure_unavailable
1,2520.04,2520.04,metrica:Home:1,metrica:Home,metrica:Away,attacker_exposure_unavailable
1,2520.04,2520.04,metrica:Home:13,metrica:Home,metrica:Away,attacker_exposure_unavailable
1,2520.04,2520.04,metrica:Home:14,metrica:Home,metrica:Away,attacker_exposure_unavailable
1,2524.04,2524.04,metrica:Home:1,metrica:Home,metrica:Away,attacker_exposure_unavailable
1,2524.04,2524.04,metrica:Home:13,metrica:Home,metrica:Away,attacker_exposure_unavailable
1,2524.04,2524.04,metrica:Home:14,metrica:Home,metrica:Away,attacker_exposure_unavailable
1,2528.04,2528.04,metrica:Home:1,metrica:Home,metrica:Away,restart_or_ball_out_primary_span
1,2528.04,2528.04,metrica:Home:10,metrica:Home,metrica:Away,restart_or_ball_out_primary_span
1,2528.04,2528.04,metrica:Home:12,metrica:Home,metrica:Away,restart_or_ball_out_primary_span
1,2528.04,2528.04,metrica:Home:13,metrica:Home,metrica:Away,restart_or_ball_out_primary_span
1,2528.04,2528.04,metrica:Home:14,metrica:Home,metrica:Away,restart_or_ball_out_primary_span
1,2528.04,2528.04,metrica:Home:2,metrica:Home,metrica:Away,restart_or_ball_out_primary_span
1,2528.04,2528.04,metrica:Home:3,metrica:Home,metrica:Away,restart_or_ball_out_primary_span
1,2528.04,2528.04,metrica:Home:4,metrica:Home,metrica:Away,restart_or_ball_out_primary_span
1,2528.04,2528.04,metrica:Home:5,metrica:Home,metrica:Away,restart_or_ball_out_primary_span
1,2528.04,2528.04,metrica:Home:6,metrica:Home,metrica:Away,restart_or_ball_out_primary_span
1,2528.04,2528.04,metrica:Home:7,metrica:Home,metrica:Away,restart_or_ball_out_primary_span
1,2528.04,2528.04,metrica:Home:8,metrica:Home,metrica:Away,restart_or_ball_out_primary_span
1,2528.04,2528.04,metrica:Home:9,metrica:Home,metrica:Away,restart_or_ball_out_primary_span
1,2532.04,2532.04,metrica:Away:15,metrica:Away,metrica:Home,restart_or_ball_out_primary_span
1,2532.04,2532.04,metrica:Away:16,metrica:Away,metrica:Home,restart_or_ball_out_primary_span
1,2532.04,2532.04,metrica:Away:17,metrica:Away,metrica:Home,restart_or_ball_out_primary_span
1,2532.04,2532.04,metrica:Away:18,metrica:Away,metrica:Home,restart_or_ball_out_primary_span
1,2532.04,2532.04,metrica:Away:19,metrica:Away,metrica:Home,restart_or_ball_out_primary_span
1,2532.04,2532.04,metrica:Away:20,metrica:Away,metrica:Home,restart_or_ball_out_primary_span
1,2532.04,2532.04,metrica:Away:21,metrica:Away,metrica:Home,restart_or_ball_out_primary_span
1,2532.04,2532.04,metrica:Away:22,metrica:Away,metrica:Home,restart_or_ball_out_primary_span
1,2532.04,2532.04,metrica:Away:23,metrica:Away,metrica:Home,restart_or_ball_out_primary_span
1,2532.04,2532.04,metrica:Away:24,metrica:Away,metrica:Home,restart_or_ball_out_primary_span
1,2532.04,2532.04,metrica:Away:26,metrica:Away,metrica:Home,restart_or_ball_out_primary_span
1,2532.04,2532.04,metrica:Away:27,metrica:Away,metrica:Home,restart_or_ball_out_primary_span
1,2532.04,2532.04,metrica:Away:28,metrica:Away,metrica:Home,restart_or_ball_out_primary_span
1,2536.04,2536.04,metrica:Away:26,metrica:Away,metrica:Home,attacker_exposure_unavailable
1,2536.04,2536.04,metrica:Away:27,metrica:Away,metrica:Home,attacker_exposure_unavailable
1,2536.04,2536.04,metrica:Away:28,metrica:Away,metrica:Home,attacker_exposure_unavailable
1,2540.04,2540.04,metrica:Away:26,metrica:Away,metrica:Home,attacker_exposure_unavailable
1,2540.04,2540.04,metrica:Away:27,metrica:Away,metrica:Home,attacker_exposure_unavailable
1,2540.04,2540.04,metrica:Away:28,metrica:Away,metrica:Home,attacker_exposure_unavailable
1,2544.04,2544.04,metrica:Home:1,metrica:Home,metrica:Away,attacker_exposure_unavailable
1,2544.04,2544.04,metrica:Home:13,metrica:Home,metrica:Away,attacker_exposure_unavailable
1,2544.04,2544.04,metrica:Home:14,metrica:Home,metrica:Away,attacker_exposure_unavailable
1,2548.04,2548.04,metrica:Home:1,metrica:Home,metrica:Away,restart_or_ball_out_primary_span
1,2548.04,2548.04,metrica:Home:10,metrica:Home,metrica:Away,restart_or_ball_out_primary_span
1,2548.04,2548.04,metrica:Home:12,metrica:Home,metrica:Away,restart_or_ball_out_primary_span
1,2548.04,2548.04,metrica:Home:13,metrica:Home,metrica:Away,restart_or_ball_out_primary_span
1,2548.04,2548.04,metrica:Home:14,metrica:Home,metrica:Away,restart_or_ball_out_primary_span
1,2548.04,2548.04,metrica:Home:2,metrica:Home,metrica:Away,restart_or_ball_out_primary_span
1,2548.04,2548.04,metrica:Home:3,metrica:Home,metrica:Away,restart_or_ball_out_primary_span
1,2548.04,2548.04,metrica:Home:4,metrica:Home,metrica:Away,restart_or_ball_out_primary_span
1,2548.04,2548.04,metrica:Home:5,metrica:Home,metrica:Away,restart_or_ball_out_primary_span
1,2548.04,2548.04,metrica:Home:6,metrica:Home,metrica:Away,restart_or_ball_out_primary_span
1,2548.04,2548.04,metrica:Home:7,metrica:Home,metrica:Away,restart_or_ball_out_primary_span
1,2548.04,2548.04,metrica:Home:8,metrica:Home,metrica:Away,restart_or_ball_out_primary_span
1,2548.04,2548.04,metrica:Home:9,metrica:Home,metrica:Away,restart_or_ball_out_primary_span
1,2552.04,2552.04,metrica:Away:15,metrica:Away,metrica:Home,restart_or_ball_out_primary_span
1,2552.04,2552.04,metrica:Away:16,metrica:Away,metrica:Home,restart_or_ball_out_primary_span
1,2552.04,2552.04,metrica:Away:17,metrica:Away,metrica:Home,restart_or_ball_out_primary_span
1,2552.04,2552.04,metrica:Away:18,metrica:Away,metrica:Home,restart_or_ball_out_primary_span
1,2552.04,2552.04,metrica:Away:19,metrica:Away,metrica:Home,restart_or_ball_out_primary_span
1,2552.04,2552.04,metrica:Away:20,metrica:Away,metrica:Home,restart_or_ball_out_primary_span
1,2552.04,2552.04,metrica:Away:21,metrica:Away,metrica:Home,restart_or_ball_out_primary_span
1,2552.04,2552.04,metrica:Away:22,metrica:Away,metrica:Home,restart_or_ball_out_primary_span
1,2552.04,2552.04,metrica:Away:23,metrica:Away,metrica:Home,restart_or_ball_out_primary_span
1,2552.04,2552.04,metrica:Away:24,metrica:Away,metrica:Home,restart_or_ball_out_primary_span
1,2552.04,2552.04,metrica:Away:26,metrica:Away,metrica:Home,restart_or_ball_out_primary_span
1,2552.04,2552.04,metrica:Away:27,metrica:Away,metrica:Home,restart_or_ball_out_primary_span
1,2552.04,2552.04,metrica:Away:28,metrica:Away,metrica:Home,restart_or_ball_out_primary_span
1,2556.04,2556.04,metrica:Away:26,metrica:Away,metrica:Home,attacker_exposure_unavailable
1,2556.04,2556.04,metrica:Away:27,metrica:Away,metrica:Home,attacker_exposure_unavailable
1,2556.04,2556.04,metrica:Away:28,metrica:Away,metrica:Home,attacker_exposure_unavailable
1,2560.04,2560.04,metrica:Away:26,metrica:Away,metrica:Home,attacker_exposure_unavailable
1,2560.04,2560.04,metrica:Away:27,metrica:Away,metrica:Home,attacker_exposure_unavailable
1,2560.04,2560.04,metrica:Away:28,metrica:Away,metrica:Home,attacker_exposure_unavailable
1,2564.04,2564.04,metrica:Away:26,metrica:Away,metrica:Home,attacker_exposure_unavailable
1,2564.04,2564.04,metrica:Away:27,metrica:Away,metrica:Home,attacker_exposure_unavailable
1,2564.04,2564.04,metrica:Away:28,metrica:Away,metrica:Home,attacker_exposure_unavailable
1,2568.04,2568.04,metrica:Away:26,metrica:Away,metrica:Home,attacker_exposure_unavailable
1,2568.04,2568.04,metrica:Away:27,metrica:Away,metrica:Home,attacker_exposure_unavailable
1,2568.04,2568.04,metrica:Away:28,metrica:Away,metrica:Home,attacker_exposure_unavailable
1,2572.04,2572.04,metrica:Away:26,metrica:Away,metrica:Home,attacker_exposure_unavailable
1,2572.04,2572.04,metrica:Away:27,metrica:Away,metrica:Home,attacker_exposure_unavailable
1,2572.04,2572.04,metrica:Away:28,metrica:Away,metrica:Home,attacker_exposure_unavailable
1,2576.04,2576.04,metrica:Home:1,metrica:Home,metrica:Away,attacker_exposure_unavailable
1,2576.04,2576.04,metrica:Home:13,metrica:Home,metrica:Away,attacker_exposure_unavailable
1,2576.04,2576.04,metrica:Home:14,metrica:Home,metrica:Away,attacker_exposure_unavailable
1,2580.04,2580.04,metrica:Home:1,metrica:Home,metrica:Away,attacker_exposure_unavailable
1,2580.04,2580.04,metrica:Home:13,metrica:Home,metrica:Away,attacker_exposure_unavailable
1,2580.04,2580.04,metrica:Home:14,metrica:Home,metrica:Away,attacker_exposure_unavailable
1,2584.04,2584.04,metrica:Away:26,metrica:Away,metrica:Home,attacker_exposure_unavailable
1,2584.04,2584.04,metrica:Away:27,metrica:Away,metrica:Home,attacker_exposure_unavailable
1,2584.04,2584.04,metrica:Away:28,metrica:Away,metrica:Home,attacker_exposure_unavailable
1,2588.04,2588.04,metrica:Away:26,metrica:Away,metrica:Home,attacker_exposure_unavailable
1,2588.04,2588.04,metrica:Away:27,metrica:Away,metrica:Home,attacker_exposure_unavailable
1,2588.04,2588.04,metrica:Away:28,metrica:Away,metrica:Home,attacker_exposure_unavailable
1,2592.04,2592.04,metrica:Away:26,metrica:Away,metrica:Home,attacker_exposure_unavailable
1,2592.04,2592.04,metrica:Away:27,metrica:Away,metrica:Home,attacker_exposure_unavailable
1,2592.04,2592.04,metrica:Away:28,metrica:Away,metrica:Home,attacker_exposure_unavailable
1,2596.04,2596.04,metrica:Away:26,metrica:Away,metrica:Home,attacker_exposure_unavailable
1,2596.04,2596.04,metrica:Away:27,metrica:Away,metrica:Home,attacker_exposure_unavailable
1,2596.04,2596.04,metrica:Away:28,metrica:Away,metrica:Home,attacker_exposure_unavailable
1,2600.04,2600.04,metrica:Home:1,metrica:Home,metrica:Away,attacker_exposure_unavailable
1,2600.04,2600.04,metrica:Home:13,metrica:Home,metrica:Away,attacker_exposure_unavailable
1,2600.04,2600.04,metrica:Home:14,metrica:Home,metrica:Away,attacker_exposure_unavailable
1,2604.04,2604.04,metrica:Home:1,metrica:Home,metrica:Away,attacker_exposure_unavailable
1,2604.04,2604.04,metrica:Home:13,metrica:Home,metrica:Away,attacker_exposure_unavailable
1,2604.04,2604.04,metrica:Home:14,metrica:Home,metrica:Away,attacker_exposure_unavailable
1,2608.04,2608.04,metrica:Home:1,metrica:Home,metrica:Away,attacker_exposure_unavailable
1,2608.04,2608.04,metrica:Home:13,metrica:Home,metrica:Away,attacker_exposure_unavailable
1,2608.04,2608.04,metrica:Home:14,metrica:Home,metrica:Away,attacker_exposure_unavailable
1,2612.04,2612.04,metrica:Home:1,metrica:Home,metrica:Away,attacker_exposure_unavailable
1,2612.04,2612.04,metrica:Home:13,metrica:Home,metrica:Away,attacker_exposure_unavailable
1,2612.04,2612.04,metrica:Home:14,metrica:Home,metrica:Away,attacker_exposure_unavailable
1,2616.04,2616.04,metrica:Home:1,metrica:Home,metrica:Away,attacker_exposure_unavailable
1,2616.04,2616.04,metrica:Home:13,metrica:Home,metrica:Away,attacker_exposure_unavailable
1,2616.04,2616.04,metrica:Home:14,metrica:Home,metrica:Away,attacker_exposure_unavailable
1,2620.04,2620.04,metrica:Home:1,metrica:Home,metrica:Away,attacker_exposure_unavailable
1,2620.04,2620.04,metrica:Home:13,metrica:Home,metrica:Away,attacker_exposure_unavailable
1,2620.04,2620.04,metrica:Home:14,metrica:Home,metrica:Away,attacker_exposure_unavailable
1,2624.04,2624.04,metrica:Home:1,metrica:Home,metrica:Away,attacker_exposure_unavailable
1,2624.04,2624.04,metrica:Home:13,metrica:Home,metrica:Away,attacker_exposure_unavailable
1,2624.04,2624.04,metrica:Home:14,metrica:Home,metrica:Away,attacker_exposure_unavailable
1,2628.04,2628.04,metrica:Away:26,metrica:Away,metrica:Home,attacker_exposure_unavailable
1,2628.04,2628.04,metrica:Away:27,metrica:Away,metrica:Home,attacker_exposure_unavailable
1,2628.04,2628.04,metrica:Away:28,metrica:Away,metrica:Home,attacker_exposure_unavailable
1,2632.04,2632.04,metrica:Away:26,metrica:Away,metrica:Home,attacker_exposure_unavailable
1,2632.04,2632.04,metrica:Away:27,metrica:Away,metrica:Home,attacker_exposure_unavailable
1,2632.04,2632.04,metrica:Away:28,metrica:Away,metrica:Home,attacker_exposure_unavailable
1,2636.04,2636.04,metrica:Home:1,metrica:Home,metrica:Away,attacker_exposure_unavailable
1,2636.04,2636.04,metrica:Home:13,metrica:Home,metrica:Away,attacker_exposure_unavailable
1,2636.04,2636.04,metrica:Home:14,metrica:Home,metrica:Away,attacker_exposure_unavailable
1,2640.04,2640.04,metrica:Home:1,metrica:Home,metrica:Away,attacker_exposure_unavailable
1,2640.04,2640.04,metrica:Home:13,metrica:Home,metrica:Away,attacker_exposure_unavailable
1,2640.04,2640.04,metrica:Home:14,metrica:Home,metrica:Away,attacker_exposure_unavailable
1,2644.04,2644.04,metrica:Home:1,metrica:Home,metrica:Away,attacker_exposure_unavailable
1,2644.04,2644.04,metrica:Home:13,metrica:Home,metrica:Away,attacker_exposure_unavailable
1,2644.04,2644.04,metrica:Home:14,metrica:Home,metrica:Away,attacker_exposure_unavailable
1,2648.04,2648.04,metrica:Home:1,metrica:Home,metrica:Away,restart_or_ball_out_primary_span
1,2648.04,2648.04,metrica:Home:10,metrica:Home,metrica:Away,restart_or_ball_out_primary_span
1,2648.04,2648.04,metrica:Home:12,metrica:Home,metrica:Away,restart_or_ball_out_primary_span
1,2648.04,2648.04,metrica:Home:13,metrica:Home,metrica:Away,restart_or_ball_out_primary_span
1,2648.04,2648.04,metrica:Home:14,metrica:Home,metrica:Away,restart_or_ball_out_primary_span
1,2648.04,2648.04,metrica:Home:2,metrica:Home,metrica:Away,restart_or_ball_out_primary_span
1,2648.04,2648.04,metrica:Home:3,metrica:Home,metrica:Away,restart_or_ball_out_primary_span
1,2648.04,2648.04,metrica:Home:4,metrica:Home,metrica:Away,restart_or_ball_out_primary_span
1,2648.04,2648.04,metrica:Home:5,metrica:Home,metrica:Away,restart_or_ball_out_primary_span
1,2648.04,2648.04,metrica:Home:6,metrica:Home,metrica:Away,restart_or_ball_out_primary_span
1,2648.04,2648.04,metrica:Home:7,metrica:Home,metrica:Away,restart_or_ball_out_primary_span
1,2648.04,2648.04,metrica:Home:8,metrica:Home,metrica:Away,restart_or_ball_out_primary_span
1,2648.04,2648.04,metrica:Home:9,metrica:Home,metrica:Away,restart_or_ball_out_primary_span
1,2652.04,2652.04,metrica:Away:15,metrica:Away,metrica:Home,restart_or_ball_out_primary_span
1,2652.04,2652.04,metrica:Away:16,metrica:Away,metrica:Home,restart_or_ball_out_primary_span
1,2652.04,2652.04,metrica:Away:17,metrica:Away,metrica:Home,restart_or_ball_out_primary_span
1,2652.04,2652.04,metrica:Away:18,metrica:Away,metrica:Home,restart_or_ball_out_primary_span
1,2652.04,2652.04,metrica:Away:19,metrica:Away,metrica:Home,restart_or_ball_out_primary_span
1,2652.04,2652.04,metrica:Away:20,metrica:Away,metrica:Home,restart_or_ball_out_primary_span
1,2652.04,2652.04,metrica:Away:21,metrica:Away,metrica:Home,restart_or_ball_out_primary_span
1,2652.04,2652.04,metrica:Away:22,metrica:Away,metrica:Home,restart_or_ball_out_primary_span
1,2652.04,2652.04,metrica:Away:23,metrica:Away,metrica:Home,restart_or_ball_out_primary_span
1,2652.04,2652.04,metrica:Away:24,metrica:Away,metrica:Home,restart_or_ball_out_primary_span
1,2652.04,2652.04,metrica:Away:26,metrica:Away,metrica:Home,restart_or_ball_out_primary_span
1,2652.04,2652.04,metrica:Away:27,metrica:Away,metrica:Home,restart_or_ball_out_primary_span
1,2652.04,2652.04,metrica:Away:28,metrica:Away,metrica:Home,restart_or_ball_out_primary_span
1,2656.04,2656.04,metrica:Away:26,metrica:Away,metrica:Home,attacker_exposure_unavailable
1,2656.04,2656.04,metrica:Away:27,metrica:Away,metrica:Home,attacker_exposure_unavailable
1,2656.04,2656.04,metrica:Away:28,metrica:Away,metrica:Home,attacker_exposure_unavailable
1,2660.04,2660.04,metrica:Away:26,metrica:Away,metrica:Home,attacker_exposure_unavailable
1,2660.04,2660.04,metrica:Away:27,metrica:Away,metrica:Home,attacker_exposure_unavailable
1,2660.04,2660.04,metrica:Away:28,metrica:Away,metrica:Home,attacker_exposure_unavailable
1,2664.04,2664.04,metrica:Away:26,metrica:Away,metrica:Home,attacker_exposure_unavailable
1,2664.04,2664.04,metrica:Away:27,metrica:Away,metrica:Home,attacker_exposure_unavailable
1,2664.04,2664.04,metrica:Away:28,metrica:Away,metrica:Home,attacker_exposure_unavailable
1,2668.04,2668.04,metrica:Away:15,metrica:Away,metrica:Home,restart_or_ball_out_primary_span
1,2668.04,2668.04,metrica:Away:16,metrica:Away,metrica:Home,restart_or_ball_out_primary_span
1,2668.04,2668.04,metrica:Away:17,metrica:Away,metrica:Home,restart_or_ball_out_primary_span
1,2668.04,2668.04,metrica:Away:18,metrica:Away,metrica:Home,restart_or_ball_out_primary_span
1,2668.04,2668.04,metrica:Away:19,metrica:Away,metrica:Home,restart_or_ball_out_primary_span
1,2668.04,2668.04,metrica:Away:20,metrica:Away,metrica:Home,restart_or_ball_out_primary_span
1,2668.04,2668.04,metrica:Away:21,metrica:Away,metrica:Home,restart_or_ball_out_primary_span
1,2668.04,2668.04,metrica:Away:22,metrica:Away,metrica:Home,restart_or_ball_out_primary_span
1,2668.04,2668.04,metrica:Away:23,metrica:Away,metrica:Home,restart_or_ball_out_primary_span
1,2668.04,2668.04,metrica:Away:24,metrica:Away,metrica:Home,restart_or_ball_out_primary_span
1,2668.04,2668.04,metrica:Away:26,metrica:Away,metrica:Home,restart_or_ball_out_primary_span
1,2668.04,2668.04,metrica:Away:27,metrica:Away,metrica:Home,restart_or_ball_out_primary_span
1,2668.04,2668.04,metrica:Away:28,metrica:Away,metrica:Home,restart_or_ball_out_primary_span
1,2672.04,2672.04,metrica:Home:1,metrica:Home,metrica:Away,restart_or_ball_out_primary_span
1,2672.04,2672.04,metrica:Home:10,metrica:Home,metrica:Away,restart_or_ball_out_primary_span
1,2672.04,2672.04,metrica:Home:12,metrica:Home,metrica:Away,restart_or_ball_out_primary_span
1,2672.04,2672.04,metrica:Home:13,metrica:Home,metrica:Away,restart_or_ball_out_primary_span
1,2672.04,2672.04,metrica:Home:14,metrica:Home,metrica:Away,restart_or_ball_out_primary_span
1,2672.04,2672.04,metrica:Home:2,metrica:Home,metrica:Away,restart_or_ball_out_primary_span
1,2672.04,2672.04,metrica:Home:3,metrica:Home,metrica:Away,restart_or_ball_out_primary_span
1,2672.04,2672.04,metrica:Home:4,metrica:Home,metrica:Away,restart_or_ball_out_primary_span
1,2672.04,2672.04,metrica:Home:5,metrica:Home,metrica:Away,restart_or_ball_out_primary_span
1,2672.04,2672.04,metrica:Home:6,metrica:Home,metrica:Away,restart_or_ball_out_primary_span
1,2672.04,2672.04,metrica:Home:7,metrica:Home,metrica:Away,restart_or_ball_out_primary_span
1,2672.04,2672.04,metrica:Home:8,metrica:Home,metrica:Away,restart_or_ball_out_primary_span
1,2672.04,2672.04,metrica:Home:9,metrica:Home,metrica:Away,restart_or_ball_out_primary_span
1,2676.04,2676.04,metrica:Away:15,metrica:Away,metrica:Home,restart_or_ball_out_primary_span
1,2676.04,2676.04,metrica:Away:16,metrica:Away,metrica:Home,restart_or_ball_out_primary_span
1,2676.04,2676.04,metrica:Away:17,metrica:Away,metrica:Home,restart_or_ball_out_primary_span
1,2676.04,2676.04,metrica:Away:18,metrica:Away,metrica:Home,restart_or_ball_out_primary_span
1,2676.04,2676.04,metrica:Away:19,metrica:Away,metrica:Home,restart_or_ball_out_primary_span
1,2676.04,2676.04,metrica:Away:20,metrica:Away,metrica:Home,restart_or_ball_out_primary_span
1,2676.04,2676.04,metrica:Away:21,metrica:Away,metrica:Home,restart_or_ball_out_primary_span
1,2676.04,2676.04,metrica:Away:22,metrica:Away,metrica:Home,restart_or_ball_out_primary_span
1,2676.04,2676.04,metrica:Away:23,metrica:Away,metrica:Home,restart_or_ball_out_primary_span
1,2676.04,2676.04,metrica:Away:24,metrica:Away,metrica:Home,restart_or_ball_out_primary_span
1,2676.04,2676.04,metrica:Away:26,metrica:Away,metrica:Home,restart_or_ball_out_primary_span
1,2676.04,2676.04,metrica:Away:27,metrica:Away,metrica:Home,restart_or_ball_out_primary_span
1,2676.04,2676.04,metrica:Away:28,metrica:Away,metrica:Home,restart_or_ball_out_primary_span
1,2680.04,2680.04,metrica:Away:15,metrica:Away,metrica:Home,restart_or_ball_out_primary_span
1,2680.04,2680.04,metrica:Away:16,metrica:Away,metrica:Home,restart_or_ball_out_primary_span
1,2680.04,2680.04,metrica:Away:17,metrica:Away,metrica:Home,restart_or_ball_out_primary_span
1,2680.04,2680.04,metrica:Away:18,metrica:Away,metrica:Home,restart_or_ball_out_primary_span
1,2680.04,2680.04,metrica:Away:19,metrica:Away,metrica:Home,restart_or_ball_out_primary_span
1,2680.04,2680.04,metrica:Away:20,metrica:Away,metrica:Home,restart_or_ball_out_primary_span
1,2680.04,2680.04,metrica:Away:21,metrica:Away,metrica:Home,restart_or_ball_out_primary_span
1,2680.04,2680.04,metrica:Away:22,metrica:Away,metrica:Home,restart_or_ball_out_primary_span
1,2680.04,2680.04,metrica:Away:23,metrica:Away,metrica:Home,restart_or_ball_out_primary_span
1,2680.04,2680.04,metrica:Away:24,metrica:Away,metrica:Home,restart_or_ball_out_primary_span
1,2680.04,2680.04,metrica:Away:26,metrica:Away,metrica:Home,restart_or_ball_out_primary_span
1,2680.04,2680.04,metrica:Away:27,metrica:Away,metrica:Home,restart_or_ball_out_primary_span
1,2680.04,2680.04,metrica:Away:28,metrica:Away,metrica:Home,restart_or_ball_out_primary_span
1,2684.04,2684.04,metrica:Away:26,metrica:Away,metrica:Home,attacker_exposure_unavailable
1,2684.04,2684.04,metrica:Away:27,metrica:Away,metrica:Home,attacker_exposure_unavailable
1,2684.04,2684.04,metrica:Away:28,metrica:Away,metrica:Home,attacker_exposure_unavailable
1,2688.04,2688.04,metrica:Away:26,metrica:Away,metrica:Home,attacker_exposure_unavailable
1,2688.04,2688.04,metrica:Away:27,metrica:Away,metrica:Home,attacker_exposure_unavailable
1,2688.04,2688.04,metrica:Away:28,metrica:Away,metrica:Home,attacker_exposure_unavailable
1,2692.04,2692.04,metrica:Home:1,metrica:Home,metrica:Away,attacker_exposure_unavailable
1,2692.04,2692.04,metrica:Home:13,metrica:Home,metrica:Away,attacker_exposure_unavailable
1,2692.04,2692.04,metrica:Home:14,metrica:Home,metrica:Away,attacker_exposure_unavailable
1,2696.04,2696.04,metrica:Home:1,metrica:Home,metrica:Away,attacker_exposure_unavailable
1,2696.04,2696.04,metrica:Home:13,metrica:Home,metrica:Away,attacker_exposure_unavailable
1,2696.04,2696.04,metrica:Home:14,metrica:Home,metrica:Away,attacker_exposure_unavailable
1,2700.04,2700.04,metrica:Home:1,metrica:Home,metrica:Away,attacker_exposure_unavailable
1,2700.04,2700.04,metrica:Home:13,metrica:Home,metrica:Away,attacker_exposure_unavailable
1,2700.04,2700.04,metrica:Home:14,metrica:Home,metrica:Away,attacker_exposure_unavailable
1,2704.04,2704.04,metrica:Away:26,metrica:Away,metrica:Home,attacker_exposure_unavailable
1,2704.04,2704.04,metrica:Away:27,metrica:Away,metrica:Home,attacker_exposure_unavailable
1,2704.04,2704.04,metrica:Away:28,metrica:Away,metrica:Home,attacker_exposure_unavailable
1,2708.04,2708.04,metrica:Away:26,metrica:Away,metrica:Home,attacker_exposure_unavailable
1,2708.04,2708.04,metrica:Away:27,metrica:Away,metrica:Home,attacker_exposure_unavailable
1,2708.04,2708.04,metrica:Away:28,metrica:Away,metrica:Home,attacker_exposure_unavailable
1,2712.04,2712.04,metrica:Home:1,metrica:Home,metrica:Away,attacker_exposure_unavailable
1,2712.04,2712.04,metrica:Home:13,metrica:Home,metrica:Away,attacker_exposure_unavailable
1,2712.04,2712.04,metrica:Home:14,metrica:Home,metrica:Away,attacker_exposure_unavailable
1,2716.04,2716.04,metrica:Home:1,metrica:Home,metrica:Away,attacker_exposure_unavailable
1,2716.04,2716.04,metrica:Home:13,metrica:Home,metrica:Away,attacker_exposure_unavailable
1,2716.04,2716.04,metrica:Home:14,metrica:Home,metrica:Away,attacker_exposure_unavailable
1,2720.04,2720.04,metrica:Home:1,metrica:Home,metrica:Away,attacker_exposure_unavailable
1,2720.04,2720.04,metrica:Home:13,metrica:Home,metrica:Away,attacker_exposure_unavailable
1,2720.04,2720.04,metrica:Home:14,metrica:Home,metrica:Away,attacker_exposure_unavailable
1,2724.04,2724.04,metrica:Home:1,metrica:Home,metrica:Away,attacker_exposure_unavailable
1,2724.04,2724.04,metrica:Home:13,metrica:Home,metrica:Away,attacker_exposure_unavailable
1,2724.04,2724.04,metrica:Home:14,metrica:Home,metrica:Away,attacker_exposure_unavailable
1,2728.04,2728.04,metrica:Away:26,metrica:Away,metrica:Home,attacker_exposure_unavailable
1,2728.04,2728.04,metrica:Away:27,metrica:Away,metrica:Home,attacker_exposure_unavailable
1,2728.04,2728.04,metrica:Away:28,metrica:Away,metrica:Home,attacker_exposure_unavailable
1,2732.04,2732.04,metrica:Away:26,metrica:Away,metrica:Home,attacker_exposure_unavailable
1,2732.04,2732.04,metrica:Away:27,metrica:Away,metrica:Home,attacker_exposure_unavailable
1,2732.04,2732.04,metrica:Away:28,metrica:Away,metrica:Home,attacker_exposure_unavailable
1,2736.04,2736.04,metrica:Away:26,metrica:Away,metrica:Home,attacker_exposure_unavailable
1,2736.04,2736.04,metrica:Away:27,metrica:Away,metrica:Home,attacker_exposure_unavailable
1,2736.04,2736.04,metrica:Away:28,metrica:Away,metrica:Home,attacker_exposure_unavailable
1,2740.04,2740.04,metrica:Home:1,metrica:Home,metrica:Away,attacker_exposure_unavailable
1,2740.04,2740.04,metrica:Home:13,metrica:Home,metrica:Away,attacker_exposure_unavailable
1,2740.04,2740.04,metrica:Home:14,metrica:Home,metrica:Away,attacker_exposure_unavailable
1,2744.04,2744.04,metrica:Home:1,metrica:Home,metrica:Away,attacker_exposure_unavailable
1,2744.04,2744.04,metrica:Home:13,metrica:Home,metrica:Away,attacker_exposure_unavailable
1,2744.04,2744.04,metrica:Home:14,metrica:Home,metrica:Away,attacker_exposure_unavailable
1,2748.04,2748.04,metrica:Home:1,metrica:Home,metrica:Away,attacker_exposure_unavailable
1,2748.04,2748.04,metrica:Home:13,metrica:Home,metrica:Away,attacker_exposure_unavailable
1,2748.04,2748.04,metrica:Home:14,metrica:Home,metrica:Away,attacker_exposure_unavailable
1,2752.04,2752.04,metrica:Home:1,metrica:Home,metrica:Away,attacker_exposure_unavailable
1,2752.04,2752.04,metrica:Home:13,metrica:Home,metrica:Away,attacker_exposure_unavailable
1,2752.04,2752.04,metrica:Home:14,metrica:Home,metrica:Away,attacker_exposure_unavailable
1,2756.04,2756.04,metrica:Home:1,metrica:Home,metrica:Away,attacker_exposure_unavailable
1,2756.04,2756.04,metrica:Home:13,metrica:Home,metrica:Away,attacker_exposure_unavailable
1,2756.04,2756.04,metrica:Home:14,metrica:Home,metrica:Away,attacker_exposure_unavailable
1,2760.04,2760.04,metrica:Away:26,metrica:Away,metrica:Home,attacker_exposure_unavailable
1,2760.04,2760.04,metrica:Away:27,metrica:Away,metrica:Home,attacker_exposure_unavailable
1,2760.04,2760.04,metrica:Away:28,metrica:Away,metrica:Home,attacker_exposure_unavailable
1,2764.04,2764.04,metrica:Home:1,metrica:Home,metrica:Away,attacker_exposure_unavailable
1,2764.04,2764.04,metrica:Home:13,metrica:Home,metrica:Away,attacker_exposure_unavailable
1,2764.04,2764.04,metrica:Home:14,metrica:Home,metrica:Away,attacker_exposure_unavailable
1,2768.04,2768.04,metrica:Home:1,metrica:Home,metrica:Away,attacker_exposure_unavailable
1,2768.04,2768.04,metrica:Home:13,metrica:Home,metrica:Away,attacker_exposure_unavailable
1,2768.04,2768.04,metrica:Home:14,metrica:Home,metrica:Away,attacker_exposure_unavailable
1,2772.04,2772.04,metrica:Away:26,metrica:Away,metrica:Home,attacker_exposure_unavailable
1,2772.04,2772.04,metrica:Away:27,metrica:Away,metrica:Home,attacker_exposure_unavailable
1,2772.04,2772.04,metrica:Away:28,metrica:Away,metrica:Home,attacker_exposure_unavailable
1,2776.04,2776.04,metrica:Away:26,metrica:Away,metrica:Home,attacker_exposure_unavailable
1,2776.04,2776.04,metrica:Away:27,metrica:Away,metrica:Home,attacker_exposure_unavailable
1,2776.04,2776.04,metrica:Away:28,metrica:Away,metrica:Home,attacker_exposure_unavailable
1,2780.04,2780.04,metrica:Away:26,metrica:Away,metrica:Home,attacker_exposure_unavailable
1,2780.04,2780.04,metrica:Away:27,metrica:Away,metrica:Home,attacker_exposure_unavailable
1,2780.04,2780.04,metrica:Away:28,metrica:Away,metrica:Home,attacker_exposure_unavailable
1,2784.04,2784.04,metrica:Away:26,metrica:Away,metrica:Home,attacker_exposure_unavailable
1,2784.04,2784.04,metrica:Away:27,metrica:Away,metrica:Home,attacker_exposure_unavailable
1,2784.04,2784.04,metrica:Away:28,metrica:Away,metrica:Home,attacker_exposure_unavailable
1,2788.04,2788.04,metrica:Away:26,metrica:Away,metrica:Home,attacker_exposure_unavailable
1,2788.04,2788.04,metrica:Away:27,metrica:Away,metrica:Home,attacker_exposure_unavailable
1,2788.04,2788.04,metrica:Away:28,metrica:Away,metrica:Home,attacker_exposure_unavailable
1,2792.04,2792.04,metrica:Away:26,metrica:Away,metrica:Home,attacker_exposure_unavailable
1,2792.04,2792.04,metrica:Away:27,metrica:Away,metrica:Home,attacker_exposure_unavailable
1,2792.04,2792.04,metrica:Away:28,metrica:Away,metrica:Home,attacker_exposure_unavailable
1,2796.04,2796.04,metrica:Away:15,metrica:Away,metrica:Home,restart_or_ball_out_primary_span
1,2796.04,2796.04,metrica:Away:16,metrica:Away,metrica:Home,restart_or_ball_out_primary_span
1,2796.04,2796.04,metrica:Away:17,metrica:Away,metrica:Home,restart_or_ball_out_primary_span
1,2796.04,2796.04,metrica:Away:18,metrica:Away,metrica:Home,restart_or_ball_out_primary_span
1,2796.04,2796.04,metrica:Away:19,metrica:Away,metrica:Home,restart_or_ball_out_primary_span
1,2796.04,2796.04,metrica:Away:20,metrica:Away,metrica:Home,restart_or_ball_out_primary_span
1,2796.04,2796.04,metrica:Away:21,metrica:Away,metrica:Home,restart_or_ball_out_primary_span
1,2796.04,2796.04,metrica:Away:22,metrica:Away,metrica:Home,restart_or_ball_out_primary_span
1,2796.04,2796.04,metrica:Away:23,metrica:Away,metrica:Home,restart_or_ball_out_primary_span
1,2796.04,2796.04,metrica:Away:24,metrica:Away,metrica:Home,restart_or_ball_out_primary_span
1,2796.04,2796.04,metrica:Away:26,metrica:Away,metrica:Home,restart_or_ball_out_primary_span
1,2796.04,2796.04,metrica:Away:27,metrica:Away,metrica:Home,restart_or_ball_out_primary_span
1,2796.04,2796.04,metrica:Away:28,metrica:Away,metrica:Home,restart_or_ball_out_primary_span
1,2800.04,2800.04,metrica:Away:26,metrica:Away,metrica:Home,attacker_exposure_unavailable
1,2800.04,2800.04,metrica:Away:27,metrica:Away,metrica:Home,attacker_exposure_unavailable
1,2800.04,2800.04,metrica:Away:28,metrica:Away,metrica:Home,attacker_exposure_unavailable
1,2804.04,2804.04,metrica:Away:26,metrica:Away,metrica:Home,attacker_exposure_unavailable
1,2804.04,2804.04,metrica:Away:27,metrica:Away,metrica:Home,attacker_exposure_unavailable
1,2804.04,2804.04,metrica:Away:28,metrica:Away,metrica:Home,attacker_exposure_unavailable
1,2808.04,2808.04,metrica:Away:26,metrica:Away,metrica:Home,attacker_exposure_unavailable
1,2808.04,2808.04,metrica:Away:27,metrica:Away,metrica:Home,attacker_exposure_unavailable
1,2808.04,2808.04,metrica:Away:28,metrica:Away,metrica:Home,attacker_exposure_unavailable
1,2812.04,2812.04,metrica:Away:26,metrica:Away,metrica:Home,attacker_exposure_unavailable
1,2812.04,2812.04,metrica:Away:27,metrica:Away,metrica:Home,attacker_exposure_unavailable
1,2812.04,2812.04,metrica:Away:28,metrica:Away,metrica:Home,attacker_exposure_unavailable
1,2816.04,2816.04,metrica:Away:26,metrica:Away,metrica:Home,attacker_exposure_unavailable
1,2816.04,2816.04,metrica:Away:27,metrica:Away,metrica:Home,attacker_exposure_unavailable
1,2816.04,2816.04,metrica:Away:28,metrica:Away,metrica:Home,attacker_exposure_unavailable
1,2820.04,2820.04,metrica:Home:1,metrica:Home,metrica:Away,restart_or_ball_out_primary_span
1,2820.04,2820.04,metrica:Home:10,metrica:Home,metrica:Away,restart_or_ball_out_primary_span
1,2820.04,2820.04,metrica:Home:12,metrica:Home,metrica:Away,restart_or_ball_out_primary_span
1,2820.04,2820.04,metrica:Home:13,metrica:Home,metrica:Away,restart_or_ball_out_primary_span
1,2820.04,2820.04,metrica:Home:14,metrica:Home,metrica:Away,restart_or_ball_out_primary_span
1,2820.04,2820.04,metrica:Home:2,metrica:Home,metrica:Away,restart_or_ball_out_primary_span
1,2820.04,2820.04,metrica:Home:3,metrica:Home,metrica:Away,restart_or_ball_out_primary_span
1,2820.04,2820.04,metrica:Home:4,metrica:Home,metrica:Away,restart_or_ball_out_primary_span
1,2820.04,2820.04,metrica:Home:5,metrica:Home,metrica:Away,restart_or_ball_out_primary_span
1,2820.04,2820.04,metrica:Home:6,metrica:Home,metrica:Away,restart_or_ball_out_primary_span
1,2820.04,2820.04,metrica:Home:7,metrica:Home,metrica:Away,restart_or_ball_out_primary_span
1,2820.04,2820.04,metrica:Home:8,metrica:Home,metrica:Away,restart_or_ball_out_primary_span
1,2820.04,2820.04,metrica:Home:9,metrica:Home,metrica:Away,restart_or_ball_out_primary_span
1,2824.04,2824.04,metrica:Home:1,metrica:Home,metrica:Away,restart_or_ball_out_primary_span
1,2824.04,2824.04,metrica:Home:10,metrica:Home,metrica:Away,restart_or_ball_out_primary_span
1,2824.04,2824.04,metrica:Home:12,metrica:Home,metrica:Away,restart_or_ball_out_primary_span
1,2824.04,2824.04,metrica:Home:13,metrica:Home,metrica:Away,restart_or_ball_out_primary_span
1,2824.04,2824.04,metrica:Home:14,metrica:Home,metrica:Away,restart_or_ball_out_primary_span
1,2824.04,2824.04,metrica:Home:2,metrica:Home,metrica:Away,restart_or_ball_out_primary_span
1,2824.04,2824.04,metrica:Home:3,metrica:Home,metrica:Away,restart_or_ball_out_primary_span
1,2824.04,2824.04,metrica:Home:4,metrica:Home,metrica:Away,restart_or_ball_out_primary_span
1,2824.04,2824.04,metrica:Home:5,metrica:Home,metrica:Away,restart_or_ball_out_primary_span
1,2824.04,2824.04,metrica:Home:6,metrica:Home,metrica:Away,restart_or_ball_out_primary_span
1,2824.04,2824.04,metrica:Home:7,metrica:Home,metrica:Away,restart_or_ball_out_primary_span
1,2824.04,2824.04,metrica:Home:8,metrica:Home,metrica:Away,restart_or_ball_out_primary_span
1,2824.04,2824.04,metrica:Home:9,metrica:Home,metrica:Away,restart_or_ball_out_primary_span
1,2828.04,2828.04,metrica:Home:1,metrica:Home,metrica:Away,attacker_exposure_unavailable
1,2828.04,2828.04,metrica:Home:13,metrica:Home,metrica:Away,attacker_exposure_unavailable
1,2828.04,2828.04,metrica:Home:14,metrica:Home,metrica:Away,attacker_exposure_unavailable
1,2832.04,2832.04,metrica:Home:1,metrica:Home,metrica:Away,attacker_exposure_unavailable
1,2832.04,2832.04,metrica:Home:13,metrica:Home,metrica:Away,attacker_exposure_unavailable
1,2832.04,2832.04,metrica:Home:14,metrica:Home,metrica:Away,attacker_exposure_unavailable
1,2836.04,2836.04,metrica:Home:1,metrica:Home,metrica:Away,attacker_exposure_unavailable
1,2836.04,2836.04,metrica:Home:13,metrica:Home,metrica:Away,attacker_exposure_unavailable
1,2836.04,2836.04,metrica:Home:14,metrica:Home,metrica:Away,attacker_exposure_unavailable
1,2840.04,2840.04,metrica:Home:1,metrica:Home,metrica:Away,attacker_exposure_unavailable
1,2840.04,2840.04,metrica:Home:13,metrica:Home,metrica:Away,attacker_exposure_unavailable
1,2840.04,2840.04,metrica:Home:14,metrica:Home,metrica:Away,attacker_exposure_unavailable
1,2844.04,2844.04,metrica:Home:1,metrica:Home,metrica:Away,attacker_exposure_unavailable
1,2844.04,2844.04,metrica:Home:13,metrica:Home,metrica:Away,attacker_exposure_unavailable
1,2844.04,2844.04,metrica:Home:14,metrica:Home,metrica:Away,attacker_exposure_unavailable
1,2848.04,2848.04,metrica:Home:1,metrica:Home,metrica:Away,attacker_exposure_unavailable
1,2848.04,2848.04,metrica:Home:13,metrica:Home,metrica:Away,attacker_exposure_unavailable
1,2848.04,2848.04,metrica:Home:14,metrica:Home,metrica:Away,attacker_exposure_unavailable
2,4.04,,,,,no_possession_team
2,8.04,,,,,no_possession_team
2,12.04,,,,,no_possession_team
2,16.04,,,,,no_possession_team
2,20.04,,,,,no_possession_team
2,24.04,,,,,no_possession_team
2,28.04,,,,,no_possession_team
2,32.04,,,,,no_possession_team
2,36.04,2886.76,metrica:Home:1,metrica:Home,metrica:Away,restart_or_ball_out_primary_span
2,36.04,2886.76,metrica:Home:10,metrica:Home,metrica:Away,restart_or_ball_out_primary_span
2,36.04,2886.76,metrica:Home:12,metrica:Home,metrica:Away,restart_or_ball_out_primary_span
2,36.04,2886.76,metrica:Home:13,metrica:Home,metrica:Away,restart_or_ball_out_primary_span
2,36.04,2886.76,metrica:Home:14,metrica:Home,metrica:Away,restart_or_ball_out_primary_span
2,36.04,2886.76,metrica:Home:2,metrica:Home,metrica:Away,restart_or_ball_out_primary_span
2,36.04,2886.76,metrica:Home:3,metrica:Home,metrica:Away,restart_or_ball_out_primary_span
2,36.04,2886.76,metrica:Home:4,metrica:Home,metrica:Away,restart_or_ball_out_primary_span
2,36.04,2886.76,metrica:Home:5,metrica:Home,metrica:Away,restart_or_ball_out_primary_span
2,36.04,2886.76,metrica:Home:6,metrica:Home,metrica:Away,restart_or_ball_out_primary_span
2,36.04,2886.76,metrica:Home:7,metrica:Home,metrica:Away,restart_or_ball_out_primary_span
2,36.04,2886.76,metrica:Home:8,metrica:Home,metrica:Away,restart_or_ball_out_primary_span
2,36.04,2886.76,metrica:Home:9,metrica:Home,metrica:Away,restart_or_ball_out_primary_span
2,40.04,2890.76,metrica:Away:15,metrica:Away,metrica:Home,complete_ten_defenders_unavailable
2,40.04,2890.76,metrica:Away:16,metrica:Away,metrica:Home,complete_ten_defenders_unavailable
2,40.04,2890.76,metrica:Away:17,metrica:Away,metrica:Home,complete_ten_defenders_unavailable
2,40.04,2890.76,metrica:Away:18,metrica:Away,metrica:Home,complete_ten_defenders_unavailable
2,40.04,2890.76,metrica:Away:19,metrica:Away,metrica:Home,complete_ten_defenders_unavailable
2,40.04,2890.76,metrica:Away:20,metrica:Away,metrica:Home,complete_ten_defenders_unavailable
2,40.04,2890.76,metrica:Away:21,metrica:Away,metrica:Home,complete_ten_defenders_unavailable
2,40.04,2890.76,metrica:Away:22,metrica:Away,metrica:Home,attacker_exposure_unavailable
2,40.04,2890.76,metrica:Away:23,metrica:Away,metrica:Home,complete_ten_defenders_unavailable
2,40.04,2890.76,metrica:Away:24,metrica:Away,metrica:Home,complete_ten_defenders_unavailable
2,40.04,2890.76,metrica:Away:26,metrica:Away,metrica:Home,attacker_exposure_unavailable
2,40.04,2890.76,metrica:Away:27,metrica:Away,metrica:Home,attacker_exposure_unavailable
2,40.04,2890.76,metrica:Away:28,metrica:Away,metrica:Home,attacker_exposure_unavailable
2,44.04,2894.76,metrica:Away:15,metrica:Away,metrica:Home,complete_ten_defenders_unavailable
2,44.04,2894.76,metrica:Away:16,metrica:Away,metrica:Home,complete_ten_defenders_unavailable
2,44.04,2894.76,metrica:Away:17,metrica:Away,metrica:Home,complete_ten_defenders_unavailable
2,44.04,2894.76,metrica:Away:18,metrica:Away,metrica:Home,complete_ten_defenders_unavailable
2,44.04,2894.76,metrica:Away:19,metrica:Away,metrica:Home,complete_ten_defenders_unavailable
2,44.04,2894.76,metrica:Away:20,metrica:Away,metrica:Home,complete_ten_defenders_unavailable
2,44.04,2894.76,metrica:Away:21,metrica:Away,metrica:Home,complete_ten_defenders_unavailable
2,44.04,2894.76,metrica:Away:22,metrica:Away,metrica:Home,attacker_exposure_unavailable
2,44.04,2894.76,metrica:Away:23,metrica:Away,metrica:Home,complete_ten_defenders_unavailable
2,44.04,2894.76,metrica:Away:24,metrica:Away,metrica:Home,complete_ten_defenders_unavailable
2,44.04,2894.76,metrica:Away:26,metrica:Away,metrica:Home,attacker_exposure_unavailable
2,44.04,2894.76,metrica:Away:27,metrica:Away,metrica:Home,attacker_exposure_unavailable
2,44.04,2894.76,metrica:Away:28,metrica:Away,metrica:Home,attacker_exposure_unavailable
2,48.04,2898.76,metrica:Away:15,metrica:Away,metrica:Home,complete_ten_defenders_unavailable
2,48.04,2898.76,metrica:Away:16,metrica:Away,metrica:Home,complete_ten_defenders_unavailable
2,48.04,2898.76,metrica:Away:17,metrica:Away,metrica:Home,complete_ten_defenders_unavailable
2,48.04,2898.76,metrica:Away:18,metrica:Away,metrica:Home,complete_ten_defenders_unavailable
2,48.04,2898.76,metrica:Away:19,metrica:Away,metrica:Home,complete_ten_defenders_unavailable
2,48.04,2898.76,metrica:Away:20,metrica:Away,metrica:Home,complete_ten_defenders_unavailable
2,48.04,2898.76,metrica:Away:21,metrica:Away,metrica:Home,complete_ten_defenders_unavailable
2,48.04,2898.76,metrica:Away:22,metrica:Away,metrica:Home,attacker_exposure_unavailable
2,48.04,2898.76,metrica:Away:23,metrica:Away,metrica:Home,complete_ten_defenders_unavailable
2,48.04,2898.76,metrica:Away:24,metrica:Away,metrica:Home,complete_ten_defenders_unavailable
2,48.04,2898.76,metrica:Away:26,metrica:Away,metrica:Home,attacker_exposure_unavailable
2,48.04,2898.76,metrica:Away:27,metrica:Away,metrica:Home,attacker_exposure_unavailable
2,48.04,2898.76,metrica:Away:28,metrica:Away,metrica:Home,attacker_exposure_unavailable
2,52.04,2902.76,metrica:Away:15,metrica:Away,metrica:Home,complete_ten_defenders_unavailable
2,52.04,2902.76,metrica:Away:16,metrica:Away,metrica:Home,complete_ten_defenders_unavailable
2,52.04,2902.76,metrica:Away:17,metrica:Away,metrica:Home,complete_ten_defenders_unavailable
2,52.04,2902.76,metrica:Away:18,metrica:Away,metrica:Home,complete_ten_defenders_unavailable
2,52.04,2902.76,metrica:Away:19,metrica:Away,metrica:Home,complete_ten_defenders_unavailable
2,52.04,2902.76,metrica:Away:20,metrica:Away,metrica:Home,complete_ten_defenders_unavailable
2,52.04,2902.76,metrica:Away:21,metrica:Away,metrica:Home,complete_ten_defenders_unavailable
2,52.04,2902.76,metrica:Away:22,metrica:Away,metrica:Home,attacker_exposure_unavailable
2,52.04,2902.76,metrica:Away:23,metrica:Away,metrica:Home,complete_ten_defenders_unavailable
2,52.04,2902.76,metrica:Away:24,metrica:Away,metrica:Home,complete_ten_defenders_unavailable
2,52.04,2902.76,metrica:Away:26,metrica:Away,metrica:Home,attacker_exposure_unavailable
2,52.04,2902.76,metrica:Away:27,metrica:Away,metrica:Home,attacker_exposure_unavailable
2,52.04,2902.76,metrica:Away:28,metrica:Away,metrica:Home,attacker_exposure_unavailable
2,56.04,2906.76,metrica:Home:1,metrica:Home,metrica:Away,attacker_exposure_unavailable
2,56.04,2906.76,metrica:Home:10,metrica:Home,metrica:Away,complete_ten_defenders_unavailable
2,56.04,2906.76,metrica:Home:12,metrica:Home,metrica:Away,complete_ten_defenders_unavailable
2,56.04,2906.76,metrica:Home:13,metrica:Home,metrica:Away,attacker_exposure_unavailable
2,56.04,2906.76,metrica:Home:14,metrica:Home,metrica:Away,attacker_exposure_unavailable
2,56.04,2906.76,metrica:Home:2,metrica:Home,metrica:Away,complete_ten_defenders_unavailable
2,56.04,2906.76,metrica:Home:3,metrica:Home,metrica:Away,attacker_exposure_unavailable
2,56.04,2906.76,metrica:Home:4,metrica:Home,metrica:Away,complete_ten_defenders_unavailable
2,56.04,2906.76,metrica:Home:5,metrica:Home,metrica:Away,complete_ten_defenders_unavailable
2,56.04,2906.76,metrica:Home:6,metrica:Home,metrica:Away,complete_ten_defenders_unavailable
2,56.04,2906.76,metrica:Home:7,metrica:Home,metrica:Away,complete_ten_defenders_unavailable
2,56.04,2906.76,metrica:Home:8,metrica:Home,metrica:Away,complete_ten_defenders_unavailable
2,56.04,2906.76,metrica:Home:9,metrica:Home,metrica:Away,complete_ten_defenders_unavailable
2,60.04,2910.76,metrica:Away:15,metrica:Away,metrica:Home,complete_ten_defenders_unavailable
2,60.04,2910.76,metrica:Away:16,metrica:Away,metrica:Home,complete_ten_defenders_unavailable
2,60.04,2910.76,metrica:Away:17,metrica:Away,metrica:Home,complete_ten_defenders_unavailable
2,60.04,2910.76,metrica:Away:18,metrica:Away,metrica:Home,complete_ten_defenders_unavailable
2,60.04,2910.76,metrica:Away:19,metrica:Away,metrica:Home,complete_ten_defenders_unavailable
2,60.04,2910.76,metrica:Away:20,metrica:Away,metrica:Home,complete_ten_defenders_unavailable
2,60.04,2910.76,metrica:Away:21,metrica:Away,metrica:Home,complete_ten_defenders_unavailable
2,60.04,2910.76,metrica:Away:22,metrica:Away,metrica:Home,attacker_exposure_unavailable
2,60.04,2910.76,metrica:Away:23,metrica:Away,metrica:Home,complete_ten_defenders_unavailable
2,60.04,2910.76,metrica:Away:24,metrica:Away,metrica:Home,complete_ten_defenders_unavailable
2,60.04,2910.76,metrica:Away:26,metrica:Away,metrica:Home,attacker_exposure_unavailable
2,60.04,2910.76,metrica:Away:27,metrica:Away,metrica:Home,attacker_exposure_unavailable
2,60.04,2910.76,metrica:Away:28,metrica:Away,metrica:Home,attacker_exposure_unavailable
2,64.04,2914.76,metrica:Away:15,metrica:Away,metrica:Home,complete_ten_defenders_unavailable
2,64.04,2914.76,metrica:Away:16,metrica:Away,metrica:Home,complete_ten_defenders_unavailable
2,64.04,2914.76,metrica:Away:17,metrica:Away,metrica:Home,complete_ten_defenders_unavailable
2,64.04,2914.76,metrica:Away:18,metrica:Away,metrica:Home,complete_ten_defenders_unavailable
2,64.04,2914.76,metrica:Away:19,metrica:Away,metrica:Home,complete_ten_defenders_unavailable
2,64.04,2914.76,metrica:Away:20,metrica:Away,metrica:Home,complete_ten_defenders_unavailable
2,64.04,2914.76,metrica:Away:21,metrica:Away,metrica:Home,complete_ten_defenders_unavailable
2,64.04,2914.76,metrica:Away:22,metrica:Away,metrica:Home,attacker_exposure_unavailable
2,64.04,2914.76,metrica:Away:23,metrica:Away,metrica:Home,complete_ten_defenders_unavailable
2,64.04,2914.76,metrica:Away:24,metrica:Away,metrica:Home,complete_ten_defenders_unavailable
2,64.04,2914.76,metrica:Away:26,metrica:Away,metrica:Home,attacker_exposure_unavailable
2,64.04,2914.76,metrica:Away:27,metrica:Away,metrica:Home,attacker_exposure_unavailable
2,64.04,2914.76,metrica:Away:28,metrica:Away,metrica:Home,attacker_exposure_unavailable
2,68.04,2918.76,metrica:Away:15,metrica:Away,metrica:Home,complete_ten_defenders_unavailable
2,68.04,2918.76,metrica:Away:16,metrica:Away,metrica:Home,complete_ten_defenders_unavailable
2,68.04,2918.76,metrica:Away:17,metrica:Away,metrica:Home,complete_ten_defenders_unavailable
2,68.04,2918.76,metrica:Away:18,metrica:Away,metrica:Home,complete_ten_defenders_unavailable
2,68.04,2918.76,metrica:Away:19,metrica:Away,metrica:Home,complete_ten_defenders_unavailable
2,68.04,2918.76,metrica:Away:20,metrica:Away,metrica:Home,complete_ten_defenders_unavailable
2,68.04,2918.76,metrica:Away:21,metrica:Away,metrica:Home,complete_ten_defenders_unavailable
2,68.04,2918.76,metrica:Away:22,metrica:Away,metrica:Home,attacker_exposure_unavailable
2,68.04,2918.76,metrica:Away:23,metrica:Away,metrica:Home,complete_ten_defenders_unavailable
2,68.04,2918.76,metrica:Away:24,metrica:Away,metrica:Home,complete_ten_defenders_unavailable
2,68.04,2918.76,metrica:Away:26,metrica:Away,metrica:Home,attacker_exposure_unavailable
2,68.04,2918.76,metrica:Away:27,metrica:Away,metrica:Home,attacker_exposure_unavailable
2,68.04,2918.76,metrica:Away:28,metrica:Away,metrica:Home,attacker_exposure_unavailable
2,72.04,2922.76,metrica:Away:15,metrica:Away,metrica:Home,complete_ten_defenders_unavailable
2,72.04,2922.76,metrica:Away:16,metrica:Away,metrica:Home,complete_ten_defenders_unavailable
2,72.04,2922.76,metrica:Away:17,metrica:Away,metrica:Home,complete_ten_defenders_unavailable
2,72.04,2922.76,metrica:Away:18,metrica:Away,metrica:Home,complete_ten_defenders_unavailable
2,72.04,2922.76,metrica:Away:19,metrica:Away,metrica:Home,complete_ten_defenders_unavailable
2,72.04,2922.76,metrica:Away:20,metrica:Away,metrica:Home,complete_ten_defenders_unavailable
2,72.04,2922.76,metrica:Away:21,metrica:Away,metrica:Home,complete_ten_defenders_unavailable
2,72.04,2922.76,metrica:Away:22,metrica:Away,metrica:Home,attacker_exposure_unavailable
2,72.04,2922.76,metrica:Away:23,metrica:Away,metrica:Home,complete_ten_defenders_unavailable
2,72.04,2922.76,metrica:Away:24,metrica:Away,metrica:Home,complete_ten_defenders_unavailable
2,72.04,2922.76,metrica:Away:26,metrica:Away,metrica:Home,attacker_exposure_unavailable
2,72.04,2922.76,metrica:Away:27,metrica:Away,metrica:Home,attacker_exposure_unavailable
2,72.04,2922.76,metrica:Away:28,metrica:Away,metrica:Home,attacker_exposure_unavailable
2,76.04,2926.76,metrica:Away:15,metrica:Away,metrica:Home,complete_ten_defenders_unavailable
2,76.04,2926.76,metrica:Away:16,metrica:Away,metrica:Home,complete_ten_defenders_unavailable
2,76.04,2926.76,metrica:Away:17,metrica:Away,metrica:Home,complete_ten_defenders_unavailable
2,76.04,2926.76,metrica:Away:18,metrica:Away,metrica:Home,complete_ten_defenders_unavailable
2,76.04,2926.76,metrica:Away:19,metrica:Away,metrica:Home,complete_ten_defenders_unavailable
2,76.04,2926.76,metrica:Away:20,metrica:Away,metrica:Home,complete_ten_defenders_unavailable
2,76.04,2926.76,metrica:Away:21,metrica:Away,metrica:Home,complete_ten_defenders_unavailable
2,76.04,2926.76,metrica:Away:22,metrica:Away,metrica:Home,attacker_exposure_unavailable
2,76.04,2926.76,metrica:Away:23,metrica:Away,metrica:Home,complete_ten_defenders_unavailable
2,76.04,2926.76,metrica:Away:24,metrica:Away,metrica:Home,complete_ten_defenders_unavailable
2,76.04,2926.76,metrica:Away:26,metrica:Away,metrica:Home,attacker_exposure_unavailable
2,76.04,2926.76,metrica:Away:27,metrica:Away,metrica:Home,attacker_exposure_unavailable
2,76.04,2926.76,metrica:Away:28,metrica:Away,metrica:Home,attacker_exposure_unavailable
2,80.04,2930.76,metrica:Away:15,metrica:Away,metrica:Home,complete_ten_defenders_unavailable
2,80.04,2930.76,metrica:Away:16,metrica:Away,metrica:Home,complete_ten_defenders_unavailable
2,80.04,2930.76,metrica:Away:17,metrica:Away,metrica:Home,complete_ten_defenders_unavailable
2,80.04,2930.76,metrica:Away:18,metrica:Away,metrica:Home,complete_ten_defenders_unavailable
2,80.04,2930.76,metrica:Away:19,metrica:Away,metrica:Home,complete_ten_defenders_unavailable
2,80.04,2930.76,metrica:Away:20,metrica:Away,metrica:Home,complete_ten_defenders_unavailable
2,80.04,2930.76,metrica:Away:21,metrica:Away,metrica:Home,complete_ten_defenders_unavailable
2,80.04,2930.76,metrica:Away:22,metrica:Away,metrica:Home,attacker_exposure_unavailable
2,80.04,2930.76,metrica:Away:23,metrica:Away,metrica:Home,complete_ten_defenders_unavailable
2,80.04,2930.76,metrica:Away:24,metrica:Away,metrica:Home,complete_ten_defenders_unavailable
2,80.04,2930.76,metrica:Away:26,metrica:Away,metrica:Home,attacker_exposure_unavailable
2,80.04,2930.76,metrica:Away:27,metrica:Away,metrica:Home,attacker_exposure_unavailable
2,80.04,2930.76,metrica:Away:28,metrica:Away,metrica:Home,attacker_exposure_unavailable
2,84.04,2934.76,metrica:Away:15,metrica:Away,metrica:Home,restart_or_ball_out_primary_span
2,84.04,2934.76,metrica:Away:16,metrica:Away,metrica:Home,restart_or_ball_out_primary_span
2,84.04,2934.76,metrica:Away:17,metrica:Away,metrica:Home,restart_or_ball_out_primary_span
2,84.04,2934.76,metrica:Away:18,metrica:Away,metrica:Home,restart_or_ball_out_primary_span
2,84.04,2934.76,metrica:Away:19,metrica:Away,metrica:Home,restart_or_ball_out_primary_span
2,84.04,2934.76,metrica:Away:20,metrica:Away,metrica:Home,restart_or_ball_out_primary_span
2,84.04,2934.76,metrica:Away:21,metrica:Away,metrica:Home,restart_or_ball_out_primary_span
2,84.04,2934.76,metrica:Away:22,metrica:Away,metrica:Home,restart_or_ball_out_primary_span
2,84.04,2934.76,metrica:Away:23,metrica:Away,metrica:Home,restart_or_ball_out_primary_span
2,84.04,2934.76,metrica:Away:24,metrica:Away,metrica:Home,restart_or_ball_out_primary_span
2,84.04,2934.76,metrica:Away:26,metrica:Away,metrica:Home,restart_or_ball_out_primary_span
2,84.04,2934.76,metrica:Away:27,metrica:Away,metrica:Home,restart_or_ball_out_primary_span
2,84.04,2934.76,metrica:Away:28,metrica:Away,metrica:Home,restart_or_ball_out_primary_span
2,88.04,2938.76,metrica:Home:1,metrica:Home,metrica:Away,restart_or_ball_out_primary_span
2,88.04,2938.76,metrica:Home:10,metrica:Home,metrica:Away,restart_or_ball_out_primary_span
2,88.04,2938.76,metrica:Home:12,metrica:Home,metrica:Away,restart_or_ball_out_primary_span
2,88.04,2938.76,metrica:Home:13,metrica:Home,metrica:Away,restart_or_ball_out_primary_span
2,88.04,2938.76,metrica:Home:14,metrica:Home,metrica:Away,restart_or_ball_out_primary_span
2,88.04,2938.76,metrica:Home:2,metrica:Home,metrica:Away,restart_or_ball_out_primary_span
2,88.04,2938.76,metrica:Home:3,metrica:Home,metrica:Away,restart_or_ball_out_primary_span
2,88.04,2938.76,metrica:Home:4,metrica:Home,metrica:Away,restart_or_ball_out_primary_span
2,88.04,2938.76,metrica:Home:5,metrica:Home,metrica:Away,restart_or_ball_out_primary_span
2,88.04,2938.76,metrica:Home:6,metrica:Home,metrica:Away,restart_or_ball_out_primary_span
2,88.04,2938.76,metrica:Home:7,metrica:Home,metrica:Away,restart_or_ball_out_primary_span
2,88.04,2938.76,metrica:Home:8,metrica:Home,metrica:Away,restart_or_ball_out_primary_span
2,88.04,2938.76,metrica:Home:9,metrica:Home,metrica:Away,restart_or_ball_out_primary_span
2,92.04,2942.76,metrica:Home:1,metrica:Home,metrica:Away,attacker_exposure_unavailable
2,92.04,2942.76,metrica:Home:10,metrica:Home,metrica:Away,complete_ten_defenders_unavailable
2,92.04,2942.76,metrica:Home:12,metrica:Home,metrica:Away,complete_ten_defenders_unavailable
2,92.04,2942.76,metrica:Home:13,metrica:Home,metrica:Away,attacker_exposure_unavailable
2,92.04,2942.76,metrica:Home:14,metrica:Home,metrica:Away,attacker_exposure_unavailable
2,92.04,2942.76,metrica:Home:2,metrica:Home,metrica:Away,complete_ten_defenders_unavailable
2,92.04,2942.76,metrica:Home:3,metrica:Home,metrica:Away,attacker_exposure_unavailable
2,92.04,2942.76,metrica:Home:4,metrica:Home,metrica:Away,complete_ten_defenders_unavailable
2,92.04,2942.76,metrica:Home:5,metrica:Home,metrica:Away,complete_ten_defenders_unavailable
2,92.04,2942.76,metrica:Home:6,metrica:Home,metrica:Away,complete_ten_defenders_unavailable
2,92.04,2942.76,metrica:Home:7,metrica:Home,metrica:Away,complete_ten_defenders_unavailable
2,92.04,2942.76,metrica:Home:8,metrica:Home,metrica:Away,complete_ten_defenders_unavailable
2,92.04,2942.76,metrica:Home:9,metrica:Home,metrica:Away,complete_ten_defenders_unavailable
2,96.04,2946.76,metrica:Home:1,metrica:Home,metrica:Away,restart_or_ball_out_primary_span
2,96.04,2946.76,metrica:Home:10,metrica:Home,metrica:Away,restart_or_ball_out_primary_span
2,96.04,2946.76,metrica:Home:12,metrica:Home,metrica:Away,restart_or_ball_out_primary_span
2,96.04,2946.76,metrica:Home:13,metrica:Home,metrica:Away,restart_or_ball_out_primary_span
2,96.04,2946.76,metrica:Home:14,metrica:Home,metrica:Away,restart_or_ball_out_primary_span
2,96.04,2946.76,metrica:Home:2,metrica:Home,metrica:Away,restart_or_ball_out_primary_span
2,96.04,2946.76,metrica:Home:3,metrica:Home,metrica:Away,restart_or_ball_out_primary_span
2,96.04,2946.76,metrica:Home:4,metrica:Home,metrica:Away,restart_or_ball_out_primary_span
2,96.04,2946.76,metrica:Home:5,metrica:Home,metrica:Away,restart_or_ball_out_primary_span
2,96.04,2946.76,metrica:Home:6,metrica:Home,metrica:Away,restart_or_ball_out_primary_span
2,96.04,2946.76,metrica:Home:7,metrica:Home,metrica:Away,restart_or_ball_out_primary_span
2,96.04,2946.76,metrica:Home:8,metrica:Home,metrica:Away,restart_or_ball_out_primary_span
2,96.04,2946.76,metrica:Home:9,metrica:Home,metrica:Away,restart_or_ball_out_primary_span
2,100.04,2950.76,metrica:Away:15,metrica:Away,metrica:Home,restart_or_ball_out_primary_span
2,100.04,2950.76,metrica:Away:16,metrica:Away,metrica:Home,restart_or_ball_out_primary_span
2,100.04,2950.76,metrica:Away:17,metrica:Away,metrica:Home,restart_or_ball_out_primary_span
2,100.04,2950.76,metrica:Away:18,metrica:Away,metrica:Home,restart_or_ball_out_primary_span
2,100.04,2950.76,metrica:Away:19,metrica:Away,metrica:Home,restart_or_ball_out_primary_span
2,100.04,2950.76,metrica:Away:20,metrica:Away,metrica:Home,restart_or_ball_out_primary_span
2,100.04,2950.76,metrica:Away:21,metrica:Away,metrica:Home,restart_or_ball_out_primary_span
2,100.04,2950.76,metrica:Away:22,metrica:Away,metrica:Home,restart_or_ball_out_primary_span
2,100.04,2950.76,metrica:Away:23,metrica:Away,metrica:Home,restart_or_ball_out_primary_span
2,100.04,2950.76,metrica:Away:24,metrica:Away,metrica:Home,restart_or_ball_out_primary_span
2,100.04,2950.76,metrica:Away:26,metrica:Away,metrica:Home,restart_or_ball_out_primary_span
2,100.04,2950.76,metrica:Away:27,metrica:Away,metrica:Home,restart_or_ball_out_primary_span
2,100.04,2950.76,metrica:Away:28,metrica:Away,metrica:Home,restart_or_ball_out_primary_span
2,104.04,2954.76,metrica:Away:15,metrica:Away,metrica:Home,restart_or_ball_out_primary_span
2,104.04,2954.76,metrica:Away:16,metrica:Away,metrica:Home,restart_or_ball_out_primary_span
2,104.04,2954.76,metrica:Away:17,metrica:Away,metrica:Home,restart_or_ball_out_primary_span
2,104.04,2954.76,metrica:Away:18,metrica:Away,metrica:Home,restart_or_ball_out_primary_span
2,104.04,2954.76,metrica:Away:19,metrica:Away,metrica:Home,restart_or_ball_out_primary_span
2,104.04,2954.76,metrica:Away:20,metrica:Away,metrica:Home,restart_or_ball_out_primary_span
2,104.04,2954.76,metrica:Away:21,metrica:Away,metrica:Home,restart_or_ball_out_primary_span
2,104.04,2954.76,metrica:Away:22,metrica:Away,metrica:Home,restart_or_ball_out_primary_span
2,104.04,2954.76,metrica:Away:23,metrica:Away,metrica:Home,restart_or_ball_out_primary_span
2,104.04,2954.76,metrica:Away:24,metrica:Away,metrica:Home,restart_or_ball_out_primary_span
2,104.04,2954.76,metrica:Away:26,metrica:Away,metrica:Home,restart_or_ball_out_primary_span
2,104.04,2954.76,metrica:Away:27,metrica:Away,metrica:Home,restart_or_ball_out_primary_span
2,104.04,2954.76,metrica:Away:28,metrica:Away,metrica:Home,restart_or_ball_out_primary_span
2,108.04,2958.76,metrica:Home:1,metrica:Home,metrica:Away,restart_or_ball_out_primary_span
2,108.04,2958.76,metrica:Home:10,metrica:Home,metrica:Away,restart_or_ball_out_primary_span
2,108.04,2958.76,metrica:Home:12,metrica:Home,metrica:Away,restart_or_ball_out_primary_span
2,108.04,2958.76,metrica:Home:13,metrica:Home,metrica:Away,restart_or_ball_out_primary_span
2,108.04,2958.76,metrica:Home:14,metrica:Home,metrica:Away,restart_or_ball_out_primary_span
2,108.04,2958.76,metrica:Home:2,metrica:Home,metrica:Away,restart_or_ball_out_primary_span
2,108.04,2958.76,metrica:Home:3,metrica:Home,metrica:Away,restart_or_ball_out_primary_span
2,108.04,2958.76,metrica:Home:4,metrica:Home,metrica:Away,restart_or_ball_out_primary_span
2,108.04,2958.76,metrica:Home:5,metrica:Home,metrica:Away,restart_or_ball_out_primary_span
2,108.04,2958.76,metrica:Home:6,metrica:Home,metrica:Away,restart_or_ball_out_primary_span
2,108.04,2958.76,metrica:Home:7,metrica:Home,metrica:Away,restart_or_ball_out_primary_span
2,108.04,2958.76,metrica:Home:8,metrica:Home,metrica:Away,restart_or_ball_out_primary_span
2,108.04,2958.76,metrica:Home:9,metrica:Home,metrica:Away,restart_or_ball_out_primary_span
2,112.04,2962.76,metrica:Home:1,metrica:Home,metrica:Away,attacker_exposure_unavailable
2,112.04,2962.76,metrica:Home:10,metrica:Home,metrica:Away,complete_ten_defenders_unavailable
2,112.04,2962.76,metrica:Home:12,metrica:Home,metrica:Away,complete_ten_defenders_unavailable
2,112.04,2962.76,metrica:Home:13,metrica:Home,metrica:Away,attacker_exposure_unavailable
2,112.04,2962.76,metrica:Home:14,metrica:Home,metrica:Away,attacker_exposure_unavailable
2,112.04,2962.76,metrica:Home:2,metrica:Home,metrica:Away,complete_ten_defenders_unavailable
2,112.04,2962.76,metrica:Home:3,metrica:Home,metrica:Away,attacker_exposure_unavailable
2,112.04,2962.76,metrica:Home:4,metrica:Home,metrica:Away,complete_ten_defenders_unavailable
2,112.04,2962.76,metrica:Home:5,metrica:Home,metrica:Away,complete_ten_defenders_unavailable
2,112.04,2962.76,metrica:Home:6,metrica:Home,metrica:Away,complete_ten_defenders_unavailable
2,112.04,2962.76,metrica:Home:7,metrica:Home,metrica:Away,complete_ten_defenders_unavailable
2,112.04,2962.76,metrica:Home:8,metrica:Home,metrica:Away,complete_ten_defenders_unavailable
2,112.04,2962.76,metrica:Home:9,metrica:Home,metrica:Away,complete_ten_defenders_unavailable
2,116.04,2966.76,metrica:Away:15,metrica:Away,metrica:Home,restart_or_ball_out_primary_span
2,116.04,2966.76,metrica:Away:16,metrica:Away,metrica:Home,restart_or_ball_out_primary_span
2,116.04,2966.76,metrica:Away:17,metrica:Away,metrica:Home,restart_or_ball_out_primary_span
2,116.04,2966.76,metrica:Away:18,metrica:Away,metrica:Home,restart_or_ball_out_primary_span
2,116.04,2966.76,metrica:Away:19,metrica:Away,metrica:Home,restart_or_ball_out_primary_span
2,116.04,2966.76,metrica:Away:20,metrica:Away,metrica:Home,restart_or_ball_out_primary_span
2,116.04,2966.76,metrica:Away:21,metrica:Away,metrica:Home,restart_or_ball_out_primary_span
2,116.04,2966.76,metrica:Away:22,metrica:Away,metrica:Home,restart_or_ball_out_primary_span
2,116.04,2966.76,metrica:Away:23,metrica:Away,metrica:Home,restart_or_ball_out_primary_span
2,116.04,2966.76,metrica:Away:24,metrica:Away,metrica:Home,restart_or_ball_out_primary_span
2,116.04,2966.76,metrica:Away:26,metrica:Away,metrica:Home,restart_or_ball_out_primary_span
2,116.04,2966.76,metrica:Away:27,metrica:Away,metrica:Home,restart_or_ball_out_primary_span
2,116.04,2966.76,metrica:Away:28,metrica:Away,metrica:Home,restart_or_ball_out_primary_span
2,120.04,2970.76,metrica:Away:15,metrica:Away,metrica:Home,complete_ten_defenders_unavailable
2,120.04,2970.76,metrica:Away:16,metrica:Away,metrica:Home,complete_ten_defenders_unavailable
2,120.04,2970.76,metrica:Away:17,metrica:Away,metrica:Home,complete_ten_defenders_unavailable
2,120.04,2970.76,metrica:Away:18,metrica:Away,metrica:Home,complete_ten_defenders_unavailable
2,120.04,2970.76,metrica:Away:19,metrica:Away,metrica:Home,complete_ten_defenders_unavailable
2,120.04,2970.76,metrica:Away:20,metrica:Away,metrica:Home,complete_ten_defenders_unavailable
2,120.04,2970.76,metrica:Away:21,metrica:Away,metrica:Home,complete_ten_defenders_unavailable
2,120.04,2970.76,metrica:Away:22,metrica:Away,metrica:Home,attacker_exposure_unavailable
2,120.04,2970.76,metrica:Away:23,metrica:Away,metrica:Home,complete_ten_defenders_unavailable
2,120.04,2970.76,metrica:Away:24,metrica:Away,metrica:Home,complete_ten_defenders_unavailable
2,120.04,2970.76,metrica:Away:26,metrica:Away,metrica:Home,attacker_exposure_unavailable
2,120.04,2970.76,metrica:Away:27,metrica:Away,metrica:Home,attacker_exposure_unavailable
2,120.04,2970.76,metrica:Away:28,metrica:Away,metrica:Home,attacker_exposure_unavailable
2,124.04,2974.76,metrica:Away:15,metrica:Away,metrica:Home,complete_ten_defenders_unavailable
2,124.04,2974.76,metrica:Away:16,metrica:Away,metrica:Home,complete_ten_defenders_unavailable
2,124.04,2974.76,metrica:Away:17,metrica:Away,metrica:Home,complete_ten_defenders_unavailable
2,124.04,2974.76,metrica:Away:18,metrica:Away,metrica:Home,complete_ten_defenders_unavailable
2,124.04,2974.76,metrica:Away:19,metrica:Away,metrica:Home,complete_ten_defenders_unavailable
2,124.04,2974.76,metrica:Away:20,metrica:Away,metrica:Home,complete_ten_defenders_unavailable
2,124.04,2974.76,metrica:Away:21,metrica:Away,metrica:Home,complete_ten_defenders_unavailable
2,124.04,2974.76,metrica:Away:22,metrica:Away,metrica:Home,attacker_exposure_unavailable
2,124.04,2974.76,metrica:Away:23,metrica:Away,metrica:Home,complete_ten_defenders_unavailable
2,124.04,2974.76,metrica:Away:24,metrica:Away,metrica:Home,complete_ten_defenders_unavailable
2,124.04,2974.76,metrica:Away:26,metrica:Away,metrica:Home,attacker_exposure_unavailable
2,124.04,2974.76,metrica:Away:27,metrica:Away,metrica:Home,attacker_exposure_unavailable
2,124.04,2974.76,metrica:Away:28,metrica:Away,metrica:Home,attacker_exposure_unavailable
2,128.04,2978.76,metrica:Away:15,metrica:Away,metrica:Home,complete_ten_defenders_unavailable
2,128.04,2978.76,metrica:Away:16,metrica:Away,metrica:Home,complete_ten_defenders_unavailable
2,128.04,2978.76,metrica:Away:17,metrica:Away,metrica:Home,complete_ten_defenders_unavailable
2,128.04,2978.76,metrica:Away:18,metrica:Away,metrica:Home,complete_ten_defenders_unavailable
2,128.04,2978.76,metrica:Away:19,metrica:Away,metrica:Home,complete_ten_defenders_unavailable
2,128.04,2978.76,metrica:Away:20,metrica:Away,metrica:Home,complete_ten_defenders_unavailable
2,128.04,2978.76,metrica:Away:21,metrica:Away,metrica:Home,complete_ten_defenders_unavailable
2,128.04,2978.76,metrica:Away:22,metrica:Away,metrica:Home,attacker_exposure_unavailable
2,128.04,2978.76,metrica:Away:23,metrica:Away,metrica:Home,complete_ten_defenders_unavailable
2,128.04,2978.76,metrica:Away:24,metrica:Away,metrica:Home,complete_ten_defenders_unavailable
2,128.04,2978.76,metrica:Away:26,metrica:Away,metrica:Home,attacker_exposure_unavailable
2,128.04,2978.76,metrica:Away:27,metrica:Away,metrica:Home,attacker_exposure_unavailable
2,128.04,2978.76,metrica:Away:28,metrica:Away,metrica:Home,attacker_exposure_unavailable
2,132.04,2982.76,metrica:Away:15,metrica:Away,metrica:Home,complete_ten_defenders_unavailable
2,132.04,2982.76,metrica:Away:16,metrica:Away,metrica:Home,complete_ten_defenders_unavailable
2,132.04,2982.76,metrica:Away:17,metrica:Away,metrica:Home,complete_ten_defenders_unavailable
2,132.04,2982.76,metrica:Away:18,metrica:Away,metrica:Home,complete_ten_defenders_unavailable
2,132.04,2982.76,metrica:Away:19,metrica:Away,metrica:Home,complete_ten_defenders_unavailable
2,132.04,2982.76,metrica:Away:20,metrica:Away,metrica:Home,complete_ten_defenders_unavailable
2,132.04,2982.76,metrica:Away:21,metrica:Away,metrica:Home,complete_ten_defenders_unavailable
2,132.04,2982.76,metrica:Away:22,metrica:Away,metrica:Home,attacker_exposure_unavailable
2,132.04,2982.76,metrica:Away:23,metrica:Away,metrica:Home,complete_ten_defenders_unavailable
2,132.04,2982.76,metrica:Away:24,metrica:Away,metrica:Home,complete_ten_defenders_unavailable
2,132.04,2982.76,metrica:Away:26,metrica:Away,metrica:Home,attacker_exposure_unavailable
2,132.04,2982.76,metrica:Away:27,metrica:Away,metrica:Home,attacker_exposure_unavailable
2,132.04,2982.76,metrica:Away:28,metrica:Away,metrica:Home,attacker_exposure_unavailable
2,136.04,2986.76,metrica:Away:15,metrica:Away,metrica:Home,complete_ten_defenders_unavailable
2,136.04,2986.76,metrica:Away:16,metrica:Away,metrica:Home,complete_ten_defenders_unavailable
2,136.04,2986.76,metrica:Away:17,metrica:Away,metrica:Home,complete_ten_defenders_unavailable
2,136.04,2986.76,metrica:Away:18,metrica:Away,metrica:Home,complete_ten_defenders_unavailable
2,136.04,2986.76,metrica:Away:19,metrica:Away,metrica:Home,complete_ten_defenders_unavailable
2,136.04,2986.76,metrica:Away:20,metrica:Away,metrica:Home,complete_ten_defenders_unavailable
2,136.04,2986.76,metrica:Away:21,metrica:Away,metrica:Home,complete_ten_defenders_unavailable
2,136.04,2986.76,metrica:Away:22,metrica:Away,metrica:Home,attacker_exposure_unavailable
2,136.04,2986.76,metrica:Away:23,metrica:Away,metrica:Home,complete_ten_defenders_unavailable
2,136.04,2986.76,metrica:Away:24,metrica:Away,metrica:Home,complete_ten_defenders_unavailable
2,136.04,2986.76,metrica:Away:26,metrica:Away,metrica:Home,attacker_exposure_unavailable
2,136.04,2986.76,metrica:Away:27,metrica:Away,metrica:Home,attacker_exposure_unavailable
2,136.04,2986.76,metrica:Away:28,metrica:Away,metrica:Home,attacker_exposure_unavailable
2,140.04,2990.76,metrica:Away:15,metrica:Away,metrica:Home,complete_ten_defenders_unavailable
2,140.04,2990.76,metrica:Away:16,metrica:Away,metrica:Home,complete_ten_defenders_unavailable
2,140.04,2990.76,metrica:Away:17,metrica:Away,metrica:Home,complete_ten_defenders_unavailable
2,140.04,2990.76,metrica:Away:18,metrica:Away,metrica:Home,complete_ten_defenders_unavailable
2,140.04,2990.76,metrica:Away:19,metrica:Away,metrica:Home,complete_ten_defenders_unavailable
2,140.04,2990.76,metrica:Away:20,metrica:Away,metrica:Home,complete_ten_defenders_unavailable
2,140.04,2990.76,metrica:Away:21,metrica:Away,metrica:Home,complete_ten_defenders_unavailable
2,140.04,2990.76,metrica:Away:22,metrica:Away,metrica:Home,attacker_exposure_unavailable
2,140.04,2990.76,metrica:Away:23,metrica:Away,metrica:Home,complete_ten_defenders_unavailable
2,140.04,2990.76,metrica:Away:24,metrica:Away,metrica:Home,complete_ten_defenders_unavailable
2,140.04,2990.76,metrica:Away:26,metrica:Away,metrica:Home,attacker_exposure_unavailable
2,140.04,2990.76,metrica:Away:27,metrica:Away,metrica:Home,attacker_exposure_unavailable
2,140.04,2990.76,metrica:Away:28,metrica:Away,metrica:Home,attacker_exposure_unavailable
2,144.04,2994.76,metrica:Away:15,metrica:Away,metrica:Home,complete_ten_defenders_unavailable
2,144.04,2994.76,metrica:Away:16,metrica:Away,metrica:Home,complete_ten_defenders_unavailable
2,144.04,2994.76,metrica:Away:17,metrica:Away,metrica:Home,complete_ten_defenders_unavailable
2,144.04,2994.76,metrica:Away:18,metrica:Away,metrica:Home,complete_ten_defenders_unavailable
2,144.04,2994.76,metrica:Away:19,metrica:Away,metrica:Home,complete_ten_defenders_unavailable
2,144.04,2994.76,metrica:Away:20,metrica:Away,metrica:Home,complete_ten_defenders_unavailable
2,144.04,2994.76,metrica:Away:21,metrica:Away,metrica:Home,complete_ten_defenders_unavailable
2,144.04,2994.76,metrica:Away:22,metrica:Away,metrica:Home,attacker_exposure_unavailable
2,144.04,2994.76,metrica:Away:23,metrica:Away,metrica:Home,complete_ten_defenders_unavailable
2,144.04,2994.76,metrica:Away:24,metrica:Away,metrica:Home,complete_ten_defenders_unavailable
2,144.04,2994.76,metrica:Away:26,metrica:Away,metrica:Home,attacker_exposure_unavailable
2,144.04,2994.76,metrica:Away:27,metrica:Away,metrica:Home,attacker_exposure_unavailable
2,144.04,2994.76,metrica:Away:28,metrica:Away,metrica:Home,attacker_exposure_unavailable
2,148.04,2998.76,metrica:Away:15,metrica:Away,metrica:Home,complete_ten_defenders_unavailable
2,148.04,2998.76,metrica:Away:16,metrica:Away,metrica:Home,complete_ten_defenders_unavailable
2,148.04,2998.76,metrica:Away:17,metrica:Away,metrica:Home,complete_ten_defenders_unavailable
2,148.04,2998.76,metrica:Away:18,metrica:Away,metrica:Home,complete_ten_defenders_unavailable
2,148.04,2998.76,metrica:Away:19,metrica:Away,metrica:Home,complete_ten_defenders_unavailable
2,148.04,2998.76,metrica:Away:20,metrica:Away,metrica:Home,complete_ten_defenders_unavailable
2,148.04,2998.76,metrica:Away:21,metrica:Away,metrica:Home,complete_ten_defenders_unavailable
2,148.04,2998.76,metrica:Away:22,metrica:Away,metrica:Home,attacker_exposure_unavailable
2,148.04,2998.76,metrica:Away:23,metrica:Away,metrica:Home,complete_ten_defenders_unavailable
2,148.04,2998.76,metrica:Away:24,metrica:Away,metrica:Home,complete_ten_defenders_unavailable
2,148.04,2998.76,metrica:Away:26,metrica:Away,metrica:Home,attacker_exposure_unavailable
2,148.04,2998.76,metrica:Away:27,metrica:Away,metrica:Home,attacker_exposure_unavailable
2,148.04,2998.76,metrica:Away:28,metrica:Away,metrica:Home,attacker_exposure_unavailable
2,152.04,3002.76,metrica:Away:15,metrica:Away,metrica:Home,complete_ten_defenders_unavailable
2,152.04,3002.76,metrica:Away:16,metrica:Away,metrica:Home,complete_ten_defenders_unavailable
2,152.04,3002.76,metrica:Away:17,metrica:Away,metrica:Home,complete_ten_defenders_unavailable
2,152.04,3002.76,metrica:Away:18,metrica:Away,metrica:Home,complete_ten_defenders_unavailable
2,152.04,3002.76,metrica:Away:19,metrica:Away,metrica:Home,complete_ten_defenders_unavailable
2,152.04,3002.76,metrica:Away:20,metrica:Away,metrica:Home,complete_ten_defenders_unavailable
2,152.04,3002.76,metrica:Away:21,metrica:Away,metrica:Home,complete_ten_defenders_unavailable
2,152.04,3002.76,metrica:Away:22,metrica:Away,metrica:Home,attacker_exposure_unavailable
2,152.04,3002.76,metrica:Away:23,metrica:Away,metrica:Home,complete_ten_defenders_unavailable
2,152.04,3002.76,metrica:Away:24,metrica:Away,metrica:Home,complete_ten_defenders_unavailable
2,152.04,3002.76,metrica:Away:26,metrica:Away,metrica:Home,attacker_exposure_unavailable
2,152.04,3002.76,metrica:Away:27,metrica:Away,metrica:Home,attacker_exposure_unavailable
2,152.04,3002.76,metrica:Away:28,metrica:Away,metrica:Home,attacker_exposure_unavailable
2,156.04,3006.76,metrica:Away:15,metrica:Away,metrica:Home,complete_ten_defenders_unavailable
2,156.04,3006.76,metrica:Away:16,metrica:Away,metrica:Home,complete_ten_defenders_unavailable
2,156.04,3006.76,metrica:Away:17,metrica:Away,metrica:Home,complete_ten_defenders_unavailable
2,156.04,3006.76,metrica:Away:18,metrica:Away,metrica:Home,complete_ten_defenders_unavailable
2,156.04,3006.76,metrica:Away:19,metrica:Away,metrica:Home,complete_ten_defenders_unavailable
2,156.04,3006.76,metrica:Away:20,metrica:Away,metrica:Home,complete_ten_defenders_unavailable
2,156.04,3006.76,metrica:Away:21,metrica:Away,metrica:Home,complete_ten_defenders_unavailable
2,156.04,3006.76,metrica:Away:22,metrica:Away,metrica:Home,attacker_exposure_unavailable
2,156.04,3006.76,metrica:Away:23,metrica:Away,metrica:Home,complete_ten_defenders_unavailable
2,156.04,3006.76,metrica:Away:24,metrica:Away,metrica:Home,complete_ten_defenders_unavailable
2,156.04,3006.76,metrica:Away:26,metrica:Away,metrica:Home,attacker_exposure_unavailable
2,156.04,3006.76,metrica:Away:27,metrica:Away,metrica:Home,attacker_exposure_unavailable
2,156.04,3006.76,metrica:Away:28,metrica:Away,metrica:Home,attacker_exposure_unavailable
2,160.04,3010.76,metrica:Away:15,metrica:Away,metrica:Home,complete_ten_defenders_unavailable
2,160.04,3010.76,metrica:Away:16,metrica:Away,metrica:Home,complete_ten_defenders_unavailable
2,160.04,3010.76,metrica:Away:17,metrica:Away,metrica:Home,complete_ten_defenders_unavailable
2,160.04,3010.76,metrica:Away:18,metrica:Away,metrica:Home,complete_ten_defenders_unavailable
2,160.04,3010.76,metrica:Away:19,metrica:Away,metrica:Home,complete_ten_defenders_unavailable
2,160.04,3010.76,metrica:Away:20,metrica:Away,metrica:Home,complete_ten_defenders_unavailable
2,160.04,3010.76,metrica:Away:21,metrica:Away,metrica:Home,complete_ten_defenders_unavailable
2,160.04,3010.76,metrica:Away:22,metrica:Away,metrica:Home,attacker_exposure_unavailable
2,160.04,3010.76,metrica:Away:23,metrica:Away,metrica:Home,complete_ten_defenders_unavailable
2,160.04,3010.76,metrica:Away:24,metrica:Away,metrica:Home,complete_ten_defenders_unavailable
2,160.04,3010.76,metrica:Away:26,metrica:Away,metrica:Home,attacker_exposure_unavailable
2,160.04,3010.76,metrica:Away:27,metrica:Away,metrica:Home,attacker_exposure_unavailable
2,160.04,3010.76,metrica:Away:28,metrica:Away,metrica:Home,attacker_exposure_unavailable
2,164.04,3014.76,metrica:Home:1,metrica:Home,metrica:Away,attacker_exposure_unavailable
2,164.04,3014.76,metrica:Home:10,metrica:Home,metrica:Away,complete_ten_defenders_unavailable
2,164.04,3014.76,metrica:Home:12,metrica:Home,metrica:Away,complete_ten_defenders_unavailable
2,164.04,3014.76,metrica:Home:13,metrica:Home,metrica:Away,attacker_exposure_unavailable
2,164.04,3014.76,metrica:Home:14,metrica:Home,metrica:Away,attacker_exposure_unavailable
2,164.04,3014.76,metrica:Home:2,metrica:Home,metrica:Away,complete_ten_defenders_unavailable
2,164.04,3014.76,metrica:Home:3,metrica:Home,metrica:Away,attacker_exposure_unavailable
2,164.04,3014.76,metrica:Home:4,metrica:Home,metrica:Away,complete_ten_defenders_unavailable
2,164.04,3014.76,metrica:Home:5,metrica:Home,metrica:Away,complete_ten_defenders_unavailable
2,164.04,3014.76,metrica:Home:6,metrica:Home,metrica:Away,complete_ten_defenders_unavailable
2,164.04,3014.76,metrica:Home:7,metrica:Home,metrica:Away,complete_ten_defenders_unavailable
2,164.04,3014.76,metrica:Home:8,metrica:Home,metrica:Away,complete_ten_defenders_unavailable
2,164.04,3014.76,metrica:Home:9,metrica:Home,metrica:Away,complete_ten_defenders_unavailable
2,168.04,3018.76,metrica:Home:1,metrica:Home,metrica:Away,attacker_exposure_unavailable
2,168.04,3018.76,metrica:Home:10,metrica:Home,metrica:Away,complete_ten_defenders_unavailable
2,168.04,3018.76,metrica:Home:12,metrica:Home,metrica:Away,complete_ten_defenders_unavailable
2,168.04,3018.76,metrica:Home:13,metrica:Home,metrica:Away,attacker_exposure_unavailable
2,168.04,3018.76,metrica:Home:14,metrica:Home,metrica:Away,attacker_exposure_unavailable
2,168.04,3018.76,metrica:Home:2,metrica:Home,metrica:Away,complete_ten_defenders_unavailable
2,168.04,3018.76,metrica:Home:3,metrica:Home,metrica:Away,attacker_exposure_unavailable
2,168.04,3018.76,metrica:Home:4,metrica:Home,metrica:Away,complete_ten_defenders_unavailable
2,168.04,3018.76,metrica:Home:5,metrica:Home,metrica:Away,complete_ten_defenders_unavailable
2,168.04,3018.76,metrica:Home:6,metrica:Home,metrica:Away,complete_ten_defenders_unavailable
2,168.04,3018.76,metrica:Home:7,metrica:Home,metrica:Away,complete_ten_defenders_unavailable
2,168.04,3018.76,metrica:Home:8,metrica:Home,metrica:Away,complete_ten_defenders_unavailable
2,168.04,3018.76,metrica:Home:9,metrica:Home,metrica:Away,complete_ten_defenders_unavailable
2,172.04,3022.76,metrica:Home:1,metrica:Home,metrica:Away,attacker_exposure_unavailable
2,172.04,3022.76,metrica:Home:10,metrica:Home,metrica:Away,complete_ten_defenders_unavailable
2,172.04,3022.76,metrica:Home:12,metrica:Home,metrica:Away,complete_ten_defenders_unavailable
2,172.04,3022.76,metrica:Home:13,metrica:Home,metrica:Away,attacker_exposure_unavailable
2,172.04,3022.76,metrica:Home:14,metrica:Home,metrica:Away,attacker_exposure_unavailable
2,172.04,3022.76,metrica:Home:2,metrica:Home,metrica:Away,complete_ten_defenders_unavailable
2,172.04,3022.76,metrica:Home:3,metrica:Home,metrica:Away,attacker_exposure_unavailable
2,172.04,3022.76,metrica:Home:4,metrica:Home,metrica:Away,complete_ten_defenders_unavailable
2,172.04,3022.76,metrica:Home:5,metrica:Home,metrica:Away,complete_ten_defenders_unavailable
2,172.04,3022.76,metrica:Home:6,metrica:Home,metrica:Away,complete_ten_defenders_unavailable
2,172.04,3022.76,metrica:Home:7,metrica:Home,metrica:Away,complete_ten_defenders_unavailable
2,172.04,3022.76,metrica:Home:8,metrica:Home,metrica:Away,complete_ten_defenders_unavailable
2,172.04,3022.76,metrica:Home:9,metrica:Home,metrica:Away,complete_ten_defenders_unavailable
2,176.04,3026.76,metrica:Home:1,metrica:Home,metrica:Away,attacker_exposure_unavailable
2,176.04,3026.76,metrica:Home:10,metrica:Home,metrica:Away,complete_ten_defenders_unavailable
2,176.04,3026.76,metrica:Home:12,metrica:Home,metrica:Away,complete_ten_defenders_unavailable
2,176.04,3026.76,metrica:Home:13,metrica:Home,metrica:Away,attacker_exposure_unavailable
2,176.04,3026.76,metrica:Home:14,metrica:Home,metrica:Away,attacker_exposure_unavailable
2,176.04,3026.76,metrica:Home:2,metrica:Home,metrica:Away,complete_ten_defenders_unavailable
2,176.04,3026.76,metrica:Home:3,metrica:Home,metrica:Away,attacker_exposure_unavailable
2,176.04,3026.76,metrica:Home:4,metrica:Home,metrica:Away,complete_ten_defenders_unavailable
2,176.04,3026.76,metrica:Home:5,metrica:Home,metrica:Away,complete_ten_defenders_unavailable
2,176.04,3026.76,metrica:Home:6,metrica:Home,metrica:Away,complete_ten_defenders_unavailable
2,176.04,3026.76,metrica:Home:7,metrica:Home,metrica:Away,complete_ten_defenders_unavailable
2,176.04,3026.76,metrica:Home:8,metrica:Home,metrica:Away,complete_ten_defenders_unavailable
2,176.04,3026.76,metrica:Home:9,metrica:Home,metrica:Away,complete_ten_defenders_unavailable
2,180.04,3030.76,metrica:Home:1,metrica:Home,metrica:Away,attacker_exposure_unavailable
2,180.04,3030.76,metrica:Home:10,metrica:Home,metrica:Away,complete_ten_defenders_unavailable
2,180.04,3030.76,metrica:Home:12,metrica:Home,metrica:Away,complete_ten_defenders_unavailable
2,180.04,3030.76,metrica:Home:13,metrica:Home,metrica:Away,attacker_exposure_unavailable
2,180.04,3030.76,metrica:Home:14,metrica:Home,metrica:Away,attacker_exposure_unavailable
2,180.04,3030.76,metrica:Home:2,metrica:Home,metrica:Away,complete_ten_defenders_unavailable
2,180.04,3030.76,metrica:Home:3,metrica:Home,metrica:Away,attacker_exposure_unavailable
2,180.04,3030.76,metrica:Home:4,metrica:Home,metrica:Away,complete_ten_defenders_unavailable
2,180.04,3030.76,metrica:Home:5,metrica:Home,metrica:Away,complete_ten_defenders_unavailable
2,180.04,3030.76,metrica:Home:6,metrica:Home,metrica:Away,complete_ten_defenders_unavailable
2,180.04,3030.76,metrica:Home:7,metrica:Home,metrica:Away,complete_ten_defenders_unavailable
2,180.04,3030.76,metrica:Home:8,metrica:Home,metrica:Away,complete_ten_defenders_unavailable
2,180.04,3030.76,metrica:Home:9,metrica:Home,metrica:Away,complete_ten_defenders_unavailable
2,184.04,3034.76,metrica:Home:1,metrica:Home,metrica:Away,attacker_exposure_unavailable
2,184.04,3034.76,metrica:Home:10,metrica:Home,metrica:Away,complete_ten_defenders_unavailable
2,184.04,3034.76,metrica:Home:12,metrica:Home,metrica:Away,complete_ten_defenders_unavailable
2,184.04,3034.76,metrica:Home:13,metrica:Home,metrica:Away,attacker_exposure_unavailable
2,184.04,3034.76,metrica:Home:14,metrica:Home,metrica:Away,attacker_exposure_unavailable
2,184.04,3034.76,metrica:Home:2,metrica:Home,metrica:Away,complete_ten_defenders_unavailable
2,184.04,3034.76,metrica:Home:3,metrica:Home,metrica:Away,attacker_exposure_unavailable
2,184.04,3034.76,metrica:Home:4,metrica:Home,metrica:Away,complete_ten_defenders_unavailable
2,184.04,3034.76,metrica:Home:5,metrica:Home,metrica:Away,complete_ten_defenders_unavailable
2,184.04,3034.76,metrica:Home:6,metrica:Home,metrica:Away,complete_ten_defenders_unavailable
2,184.04,3034.76,metrica:Home:7,metrica:Home,metrica:Away,complete_ten_defenders_unavailable
2,184.04,3034.76,metrica:Home:8,metrica:Home,metrica:Away,complete_ten_defenders_unavailable
2,184.04,3034.76,metrica:Home:9,metrica:Home,metrica:Away,complete_ten_defenders_unavailable
2,188.04,3038.76,metrica:Home:1,metrica:Home,metrica:Away,attacker_exposure_unavailable
2,188.04,3038.76,metrica:Home:10,metrica:Home,metrica:Away,complete_ten_defenders_unavailable
2,188.04,3038.76,metrica:Home:12,metrica:Home,metrica:Away,complete_ten_defenders_unavailable
2,188.04,3038.76,metrica:Home:13,metrica:Home,metrica:Away,attacker_exposure_unavailable
2,188.04,3038.76,metrica:Home:14,metrica:Home,metrica:Away,attacker_exposure_unavailable
2,188.04,3038.76,metrica:Home:2,metrica:Home,metrica:Away,complete_ten_defenders_unavailable
2,188.04,3038.76,metrica:Home:3,metrica:Home,metrica:Away,attacker_exposure_unavailable
2,188.04,3038.76,metrica:Home:4,metrica:Home,metrica:Away,complete_ten_defenders_unavailable
2,188.04,3038.76,metrica:Home:5,metrica:Home,metrica:Away,complete_ten_defenders_unavailable
2,188.04,3038.76,metrica:Home:6,metrica:Home,metrica:Away,complete_ten_defenders_unavailable
2,188.04,3038.76,metrica:Home:7,metrica:Home,metrica:Away,complete_ten_defenders_unavailable
2,188.04,3038.76,metrica:Home:8,metrica:Home,metrica:Away,complete_ten_defenders_unavailable
2,188.04,3038.76,metrica:Home:9,metrica:Home,metrica:Away,complete_ten_defenders_unavailable
2,192.04,3042.76,metrica:Home:1,metrica:Home,metrica:Away,attacker_exposure_unavailable
2,192.04,3042.76,metrica:Home:10,metrica:Home,metrica:Away,complete_ten_defenders_unavailable
2,192.04,3042.76,metrica:Home:12,metrica:Home,metrica:Away,complete_ten_defenders_unavailable
2,192.04,3042.76,metrica:Home:13,metrica:Home,metrica:Away,attacker_exposure_unavailable
2,192.04,3042.76,metrica:Home:14,metrica:Home,metrica:Away,attacker_exposure_unavailable
2,192.04,3042.76,metrica:Home:2,metrica:Home,metrica:Away,complete_ten_defenders_unavailable
2,192.04,3042.76,metrica:Home:3,metrica:Home,metrica:Away,attacker_exposure_unavailable
2,192.04,3042.76,metrica:Home:4,metrica:Home,metrica:Away,complete_ten_defenders_unavailable
2,192.04,3042.76,metrica:Home:5,metrica:Home,metrica:Away,complete_ten_defenders_unavailable
2,192.04,3042.76,metrica:Home:6,metrica:Home,metrica:Away,complete_ten_defenders_unavailable
2,192.04,3042.76,metrica:Home:7,metrica:Home,metrica:Away,complete_ten_defenders_unavailable
2,192.04,3042.76,metrica:Home:8,metrica:Home,metrica:Away,complete_ten_defenders_unavailable
2,192.04,3042.76,metrica:Home:9,metrica:Home,metrica:Away,complete_ten_defenders_unavailable
2,196.04,3046.76,metrica:Home:1,metrica:Home,metrica:Away,attacker_exposure_unavailable
2,196.04,3046.76,metrica:Home:10,metrica:Home,metrica:Away,complete_ten_defenders_unavailable
2,196.04,3046.76,metrica:Home:12,metrica:Home,metrica:Away,complete_ten_defenders_unavailable
2,196.04,3046.76,metrica:Home:13,metrica:Home,metrica:Away,attacker_exposure_unavailable
2,196.04,3046.76,metrica:Home:14,metrica:Home,metrica:Away,attacker_exposure_unavailable
2,196.04,3046.76,metrica:Home:2,metrica:Home,metrica:Away,complete_ten_defenders_unavailable
2,196.04,3046.76,metrica:Home:3,metrica:Home,metrica:Away,attacker_exposure_unavailable
2,196.04,3046.76,metrica:Home:4,metrica:Home,metrica:Away,complete_ten_defenders_unavailable
2,196.04,3046.76,metrica:Home:5,metrica:Home,metrica:Away,complete_ten_defenders_unavailable
2,196.04,3046.76,metrica:Home:6,metrica:Home,metrica:Away,complete_ten_defenders_unavailable
2,196.04,3046.76,metrica:Home:7,metrica:Home,metrica:Away,complete_ten_defenders_unavailable
2,196.04,3046.76,metrica:Home:8,metrica:Home,metrica:Away,complete_ten_defenders_unavailable
2,196.04,3046.76,metrica:Home:9,metrica:Home,metrica:Away,complete_ten_defenders_unavailable
2,200.04,3050.76,metrica:Home:1,metrica:Home,metrica:Away,restart_or_ball_out_primary_span
2,200.04,3050.76,metrica:Home:10,metrica:Home,metrica:Away,restart_or_ball_out_primary_span
2,200.04,3050.76,metrica:Home:12,metrica:Home,metrica:Away,restart_or_ball_out_primary_span
2,200.04,3050.76,metrica:Home:13,metrica:Home,metrica:Away,restart_or_ball_out_primary_span
2,200.04,3050.76,metrica:Home:14,metrica:Home,metrica:Away,restart_or_ball_out_primary_span
2,200.04,3050.76,metrica:Home:2,metrica:Home,metrica:Away,restart_or_ball_out_primary_span
2,200.04,3050.76,metrica:Home:3,metrica:Home,metrica:Away,restart_or_ball_out_primary_span
2,200.04,3050.76,metrica:Home:4,metrica:Home,metrica:Away,restart_or_ball_out_primary_span
2,200.04,3050.76,metrica:Home:5,metrica:Home,metrica:Away,restart_or_ball_out_primary_span
2,200.04,3050.76,metrica:Home:6,metrica:Home,metrica:Away,restart_or_ball_out_primary_span
2,200.04,3050.76,metrica:Home:7,metrica:Home,metrica:Away,restart_or_ball_out_primary_span
2,200.04,3050.76,metrica:Home:8,metrica:Home,metrica:Away,restart_or_ball_out_primary_span
2,200.04,3050.76,metrica:Home:9,metrica:Home,metrica:Away,restart_or_ball_out_primary_span
2,204.04,3054.76,metrica:Away:15,metrica:Away,metrica:Home,restart_or_ball_out_primary_span
2,204.04,3054.76,metrica:Away:16,metrica:Away,metrica:Home,restart_or_ball_out_primary_span
2,204.04,3054.76,metrica:Away:17,metrica:Away,metrica:Home,restart_or_ball_out_primary_span
2,204.04,3054.76,metrica:Away:18,metrica:Away,metrica:Home,restart_or_ball_out_primary_span
2,204.04,3054.76,metrica:Away:19,metrica:Away,metrica:Home,restart_or_ball_out_primary_span
2,204.04,3054.76,metrica:Away:20,metrica:Away,metrica:Home,restart_or_ball_out_primary_span
2,204.04,3054.76,metrica:Away:21,metrica:Away,metrica:Home,restart_or_ball_out_primary_span
2,204.04,3054.76,metrica:Away:22,metrica:Away,metrica:Home,restart_or_ball_out_primary_span
2,204.04,3054.76,metrica:Away:23,metrica:Away,metrica:Home,restart_or_ball_out_primary_span
2,204.04,3054.76,metrica:Away:24,metrica:Away,metrica:Home,restart_or_ball_out_primary_span
2,204.04,3054.76,metrica:Away:26,metrica:Away,metrica:Home,restart_or_ball_out_primary_span
2,204.04,3054.76,metrica:Away:27,metrica:Away,metrica:Home,restart_or_ball_out_primary_span
2,204.04,3054.76,metrica:Away:28,metrica:Away,metrica:Home,restart_or_ball_out_primary_span
2,208.04,3058.76,metrica:Away:15,metrica:Away,metrica:Home,complete_ten_defenders_unavailable
2,208.04,3058.76,metrica:Away:16,metrica:Away,metrica:Home,complete_ten_defenders_unavailable
2,208.04,3058.76,metrica:Away:17,metrica:Away,metrica:Home,complete_ten_defenders_unavailable
2,208.04,3058.76,metrica:Away:18,metrica:Away,metrica:Home,complete_ten_defenders_unavailable
2,208.04,3058.76,metrica:Away:19,metrica:Away,metrica:Home,complete_ten_defenders_unavailable
2,208.04,3058.76,metrica:Away:20,metrica:Away,metrica:Home,complete_ten_defenders_unavailable
2,208.04,3058.76,metrica:Away:21,metrica:Away,metrica:Home,complete_ten_defenders_unavailable
2,208.04,3058.76,metrica:Away:22,metrica:Away,metrica:Home,attacker_exposure_unavailable
2,208.04,3058.76,metrica:Away:23,metrica:Away,metrica:Home,complete_ten_defenders_unavailable
2,208.04,3058.76,metrica:Away:24,metrica:Away,metrica:Home,complete_ten_defenders_unavailable
2,208.04,3058.76,metrica:Away:26,metrica:Away,metrica:Home,attacker_exposure_unavailable
2,208.04,3058.76,metrica:Away:27,metrica:Away,metrica:Home,attacker_exposure_unavailable
2,208.04,3058.76,metrica:Away:28,metrica:Away,metrica:Home,attacker_exposure_unavailable
2,212.04,3062.76,metrica:Away:15,metrica:Away,metrica:Home,complete_ten_defenders_unavailable
2,212.04,3062.76,metrica:Away:16,metrica:Away,metrica:Home,complete_ten_defenders_unavailable
2,212.04,3062.76,metrica:Away:17,metrica:Away,metrica:Home,complete_ten_defenders_unavailable
2,212.04,3062.76,metrica:Away:18,metrica:Away,metrica:Home,complete_ten_defenders_unavailable
2,212.04,3062.76,metrica:Away:19,metrica:Away,metrica:Home,complete_ten_defenders_unavailable
2,212.04,3062.76,metrica:Away:20,metrica:Away,metrica:Home,complete_ten_defenders_unavailable
2,212.04,3062.76,metrica:Away:21,metrica:Away,metrica:Home,complete_ten_defenders_unavailable
2,212.04,3062.76,metrica:Away:22,metrica:Away,metrica:Home,attacker_exposure_unavailable
2,212.04,3062.76,metrica:Away:23,metrica:Away,metrica:Home,complete_ten_defenders_unavailable
2,212.04,3062.76,metrica:Away:24,metrica:Away,metrica:Home,complete_ten_defenders_unavailable
2,212.04,3062.76,metrica:Away:26,metrica:Away,metrica:Home,attacker_exposure_unavailable
2,212.04,3062.76,metrica:Away:27,metrica:Away,metrica:Home,attacker_exposure_unavailable
2,212.04,3062.76,metrica:Away:28,metrica:Away,metrica:Home,attacker_exposure_unavailable
2,216.04,3066.76,metrica:Away:15,metrica:Away,metrica:Home,complete_ten_defenders_unavailable
2,216.04,3066.76,metrica:Away:16,metrica:Away,metrica:Home,complete_ten_defenders_unavailable
2,216.04,3066.76,metrica:Away:17,metrica:Away,metrica:Home,complete_ten_defenders_unavailable
2,216.04,3066.76,metrica:Away:18,metrica:Away,metrica:Home,complete_ten_defenders_unavailable
2,216.04,3066.76,metrica:Away:19,metrica:Away,metrica:Home,complete_ten_defenders_unavailable
2,216.04,3066.76,metrica:Away:20,metrica:Away,metrica:Home,complete_ten_defenders_unavailable
2,216.04,3066.76,metrica:Away:21,metrica:Away,metrica:Home,complete_ten_defenders_unavailable
2,216.04,3066.76,metrica:Away:22,metrica:Away,metrica:Home,attacker_exposure_unavailable
2,216.04,3066.76,metrica:Away:23,metrica:Away,metrica:Home,complete_ten_defenders_unavailable
2,216.04,3066.76,metrica:Away:24,metrica:Away,metrica:Home,complete_ten_defenders_unavailable
2,216.04,3066.76,metrica:Away:26,metrica:Away,metrica:Home,attacker_exposure_unavailable
2,216.04,3066.76,metrica:Away:27,metrica:Away,metrica:Home,attacker_exposure_unavailable
2,216.04,3066.76,metrica:Away:28,metrica:Away,metrica:Home,attacker_exposure_unavailable
2,220.04,3070.76,metrica:Away:15,metrica:Away,metrica:Home,complete_ten_defenders_unavailable
2,220.04,3070.76,metrica:Away:16,metrica:Away,metrica:Home,complete_ten_defenders_unavailable
2,220.04,3070.76,metrica:Away:17,metrica:Away,metrica:Home,complete_ten_defenders_unavailable
2,220.04,3070.76,metrica:Away:18,metrica:Away,metrica:Home,complete_ten_defenders_unavailable
2,220.04,3070.76,metrica:Away:19,metrica:Away,metrica:Home,complete_ten_defenders_unavailable
2,220.04,3070.76,metrica:Away:20,metrica:Away,metrica:Home,complete_ten_defenders_unavailable
2,220.04,3070.76,metrica:Away:21,metrica:Away,metrica:Home,complete_ten_defenders_unavailable
2,220.04,3070.76,metrica:Away:22,metrica:Away,metrica:Home,attacker_exposure_unavailable
2,220.04,3070.76,metrica:Away:23,metrica:Away,metrica:Home,complete_ten_defenders_unavailable
2,220.04,3070.76,metrica:Away:24,metrica:Away,metrica:Home,complete_ten_defenders_unavailable
2,220.04,3070.76,metrica:Away:26,metrica:Away,metrica:Home,attacker_exposure_unavailable
2,220.04,3070.76,metrica:Away:27,metrica:Away,metrica:Home,attacker_exposure_unavailable
2,220.04,3070.76,metrica:Away:28,metrica:Away,metrica:Home,attacker_exposure_unavailable
2,224.04,3074.76,metrica:Away:15,metrica:Away,metrica:Home,complete_ten_defenders_unavailable
2,224.04,3074.76,metrica:Away:16,metrica:Away,metrica:Home,complete_ten_defenders_unavailable
2,224.04,3074.76,metrica:Away:17,metrica:Away,metrica:Home,complete_ten_defenders_unavailable
2,224.04,3074.76,metrica:Away:18,metrica:Away,metrica:Home,complete_ten_defenders_unavailable
2,224.04,3074.76,metrica:Away:19,metrica:Away,metrica:Home,complete_ten_defenders_unavailable
2,224.04,3074.76,metrica:Away:20,metrica:Away,metrica:Home,complete_ten_defenders_unavailable
2,224.04,3074.76,metrica:Away:21,metrica:Away,metrica:Home,complete_ten_defenders_unavailable
2,224.04,3074.76,metrica:Away:22,metrica:Away,metrica:Home,attacker_exposure_unavailable
2,224.04,3074.76,metrica:Away:23,metrica:Away,metrica:Home,complete_ten_defenders_unavailable
2,224.04,3074.76,metrica:Away:24,metrica:Away,metrica:Home,complete_ten_defenders_unavailable
2,224.04,3074.76,metrica:Away:26,metrica:Away,metrica:Home,attacker_exposure_unavailable
2,224.04,3074.76,metrica:Away:27,metrica:Away,metrica:Home,attacker_exposure_unavailable
2,224.04,3074.76,metrica:Away:28,metrica:Away,metrica:Home,attacker_exposure_unavailable
2,228.04,3078.76,metrica:Away:15,metrica:Away,metrica:Home,restart_or_ball_out_primary_span
2,228.04,3078.76,metrica:Away:16,metrica:Away,metrica:Home,restart_or_ball_out_primary_span
2,228.04,3078.76,metrica:Away:17,metrica:Away,metrica:Home,restart_or_ball_out_primary_span
2,228.04,3078.76,metrica:Away:18,metrica:Away,metrica:Home,restart_or_ball_out_primary_span
2,228.04,3078.76,metrica:Away:19,metrica:Away,metrica:Home,restart_or_ball_out_primary_span
2,228.04,3078.76,metrica:Away:20,metrica:Away,metrica:Home,restart_or_ball_out_primary_span
2,228.04,3078.76,metrica:Away:21,metrica:Away,metrica:Home,restart_or_ball_out_primary_span
2,228.04,3078.76,metrica:Away:22,metrica:Away,metrica:Home,restart_or_ball_out_primary_span
2,228.04,3078.76,metrica:Away:23,metrica:Away,metrica:Home,restart_or_ball_out_primary_span
2,228.04,3078.76,metrica:Away:24,metrica:Away,metrica:Home,restart_or_ball_out_primary_span
2,228.04,3078.76,metrica:Away:26,metrica:Away,metrica:Home,restart_or_ball_out_primary_span
2,228.04,3078.76,metrica:Away:27,metrica:Away,metrica:Home,restart_or_ball_out_primary_span
2,228.04,3078.76,metrica:Away:28,metrica:Away,metrica:Home,restart_or_ball_out_primary_span
2,232.04,3082.76,metrica:Home:1,metrica:Home,metrica:Away,restart_or_ball_out_primary_span
2,232.04,3082.76,metrica:Home:10,metrica:Home,metrica:Away,restart_or_ball_out_primary_span
2,232.04,3082.76,metrica:Home:12,metrica:Home,metrica:Away,restart_or_ball_out_primary_span
2,232.04,3082.76,metrica:Home:13,metrica:Home,metrica:Away,restart_or_ball_out_primary_span
2,232.04,3082.76,metrica:Home:14,metrica:Home,metrica:Away,restart_or_ball_out_primary_span
2,232.04,3082.76,metrica:Home:2,metrica:Home,metrica:Away,restart_or_ball_out_primary_span
2,232.04,3082.76,metrica:Home:3,metrica:Home,metrica:Away,restart_or_ball_out_primary_span
2,232.04,3082.76,metrica:Home:4,metrica:Home,metrica:Away,restart_or_ball_out_primary_span
2,232.04,3082.76,metrica:Home:5,metrica:Home,metrica:Away,restart_or_ball_out_primary_span
2,232.04,3082.76,metrica:Home:6,metrica:Home,metrica:Away,restart_or_ball_out_primary_span
2,232.04,3082.76,metrica:Home:7,metrica:Home,metrica:Away,restart_or_ball_out_primary_span
2,232.04,3082.76,metrica:Home:8,metrica:Home,metrica:Away,restart_or_ball_out_primary_span
2,232.04,3082.76,metrica:Home:9,metrica:Home,metrica:Away,restart_or_ball_out_primary_span
2,236.04,3086.76,metrica:Home:1,metrica:Home,metrica:Away,attacker_exposure_unavailable
2,236.04,3086.76,metrica:Home:10,metrica:Home,metrica:Away,complete_ten_defenders_unavailable
2,236.04,3086.76,metrica:Home:12,metrica:Home,metrica:Away,complete_ten_defenders_unavailable
2,236.04,3086.76,metrica:Home:13,metrica:Home,metrica:Away,attacker_exposure_unavailable
2,236.04,3086.76,metrica:Home:14,metrica:Home,metrica:Away,attacker_exposure_unavailable
2,236.04,3086.76,metrica:Home:2,metrica:Home,metrica:Away,complete_ten_defenders_unavailable
2,236.04,3086.76,metrica:Home:3,metrica:Home,metrica:Away,attacker_exposure_unavailable
2,236.04,3086.76,metrica:Home:4,metrica:Home,metrica:Away,complete_ten_defenders_unavailable
2,236.04,3086.76,metrica:Home:5,metrica:Home,metrica:Away,complete_ten_defenders_unavailable
2,236.04,3086.76,metrica:Home:6,metrica:Home,metrica:Away,complete_ten_defenders_unavailable
2,236.04,3086.76,metrica:Home:7,metrica:Home,metrica:Away,complete_ten_defenders_unavailable
2,236.04,3086.76,metrica:Home:8,metrica:Home,metrica:Away,complete_ten_defenders_unavailable
2,236.04,3086.76,metrica:Home:9,metrica:Home,metrica:Away,complete_ten_defenders_unavailable
2,240.04,3090.76,metrica:Home:1,metrica:Home,metrica:Away,attacker_exposure_unavailable
2,240.04,3090.76,metrica:Home:10,metrica:Home,metrica:Away,complete_ten_defenders_unavailable
2,240.04,3090.76,metrica:Home:12,metrica:Home,metrica:Away,complete_ten_defenders_unavailable
2,240.04,3090.76,metrica:Home:13,metrica:Home,metrica:Away,attacker_exposure_unavailable
2,240.04,3090.76,metrica:Home:14,metrica:Home,metrica:Away,attacker_exposure_unavailable
2,240.04,3090.76,metrica:Home:2,metrica:Home,metrica:Away,complete_ten_defenders_unavailable
2,240.04,3090.76,metrica:Home:3,metrica:Home,metrica:Away,attacker_exposure_unavailable
2,240.04,3090.76,metrica:Home:4,metrica:Home,metrica:Away,complete_ten_defenders_unavailable
2,240.04,3090.76,metrica:Home:5,metrica:Home,metrica:Away,complete_ten_defenders_unavailable
2,240.04,3090.76,metrica:Home:6,metrica:Home,metrica:Away,complete_ten_defenders_unavailable
2,240.04,3090.76,metrica:Home:7,metrica:Home,metrica:Away,complete_ten_defenders_unavailable
2,240.04,3090.76,metrica:Home:8,metrica:Home,metrica:Away,complete_ten_defenders_unavailable
2,240.04,3090.76,metrica:Home:9,metrica:Home,metrica:Away,complete_ten_defenders_unavailable
2,244.04,3094.76,metrica:Home:1,metrica:Home,metrica:Away,attacker_exposure_unavailable
2,244.04,3094.76,metrica:Home:10,metrica:Home,metrica:Away,complete_ten_defenders_unavailable
2,244.04,3094.76,metrica:Home:12,metrica:Home,metrica:Away,complete_ten_defenders_unavailable
2,244.04,3094.76,metrica:Home:13,metrica:Home,metrica:Away,attacker_exposure_unavailable
2,244.04,3094.76,metrica:Home:14,metrica:Home,metrica:Away,attacker_exposure_unavailable
2,244.04,3094.76,metrica:Home:2,metrica:Home,metrica:Away,complete_ten_defenders_unavailable
2,244.04,3094.76,metrica:Home:3,metrica:Home,metrica:Away,attacker_exposure_unavailable
2,244.04,3094.76,metrica:Home:4,metrica:Home,metrica:Away,complete_ten_defenders_unavailable
2,244.04,3094.76,metrica:Home:5,metrica:Home,metrica:Away,complete_ten_defenders_unavailable
2,244.04,3094.76,metrica:Home:6,metrica:Home,metrica:Away,complete_ten_defenders_unavailable
2,244.04,3094.76,metrica:Home:7,metrica:Home,metrica:Away,complete_ten_defenders_unavailable
2,244.04,3094.76,metrica:Home:8,metrica:Home,metrica:Away,complete_ten_defenders_unavailable
2,244.04,3094.76,metrica:Home:9,metrica:Home,metrica:Away,complete_ten_defenders_unavailable
2,248.04,3098.76,metrica:Home:1,metrica:Home,metrica:Away,attacker_exposure_unavailable
2,248.04,3098.76,metrica:Home:10,metrica:Home,metrica:Away,complete_ten_defenders_unavailable
2,248.04,3098.76,metrica:Home:12,metrica:Home,metrica:Away,complete_ten_defenders_unavailable
2,248.04,3098.76,metrica:Home:13,metrica:Home,metrica:Away,attacker_exposure_unavailable
2,248.04,3098.76,metrica:Home:14,metrica:Home,metrica:Away,attacker_exposure_unavailable
2,248.04,3098.76,metrica:Home:2,metrica:Home,metrica:Away,complete_ten_defenders_unavailable
2,248.04,3098.76,metrica:Home:3,metrica:Home,metrica:Away,attacker_exposure_unavailable
2,248.04,3098.76,metrica:Home:4,metrica:Home,metrica:Away,complete_ten_defenders_unavailable
2,248.04,3098.76,metrica:Home:5,metrica:Home,metrica:Away,complete_ten_defenders_unavailable
2,248.04,3098.76,metrica:Home:6,metrica:Home,metrica:Away,complete_ten_defenders_unavailable
2,248.04,3098.76,metrica:Home:7,metrica:Home,metrica:Away,complete_ten_defenders_unavailable
2,248.04,3098.76,metrica:Home:8,metrica:Home,metrica:Away,complete_ten_defenders_unavailable
2,248.04,3098.76,metrica:Home:9,metrica:Home,metrica:Away,complete_ten_defenders_unavailable
2,252.04,3102.76,metrica:Away:15,metrica:Away,metrica:Home,restart_or_ball_out_primary_span
2,252.04,3102.76,metrica:Away:16,metrica:Away,metrica:Home,restart_or_ball_out_primary_span
2,252.04,3102.76,metrica:Away:17,metrica:Away,metrica:Home,restart_or_ball_out_primary_span
2,252.04,3102.76,metrica:Away:18,metrica:Away,metrica:Home,restart_or_ball_out_primary_span
2,252.04,3102.76,metrica:Away:19,metrica:Away,metrica:Home,restart_or_ball_out_primary_span
2,252.04,3102.76,metrica:Away:20,metrica:Away,metrica:Home,restart_or_ball_out_primary_span
2,252.04,3102.76,metrica:Away:21,metrica:Away,metrica:Home,restart_or_ball_out_primary_span
2,252.04,3102.76,metrica:Away:22,metrica:Away,metrica:Home,restart_or_ball_out_primary_span
2,252.04,3102.76,metrica:Away:23,metrica:Away,metrica:Home,restart_or_ball_out_primary_span
2,252.04,3102.76,metrica:Away:24,metrica:Away,metrica:Home,restart_or_ball_out_primary_span
2,252.04,3102.76,metrica:Away:26,metrica:Away,metrica:Home,restart_or_ball_out_primary_span
2,252.04,3102.76,metrica:Away:27,metrica:Away,metrica:Home,restart_or_ball_out_primary_span
2,252.04,3102.76,metrica:Away:28,metrica:Away,metrica:Home,restart_or_ball_out_primary_span
2,256.04,3106.76,metrica:Away:15,metrica:Away,metrica:Home,restart_or_ball_out_primary_span
2,256.04,3106.76,metrica:Away:16,metrica:Away,metrica:Home,restart_or_ball_out_primary_span
2,256.04,3106.76,metrica:Away:17,metrica:Away,metrica:Home,restart_or_ball_out_primary_span
2,256.04,3106.76,metrica:Away:18,metrica:Away,metrica:Home,restart_or_ball_out_primary_span
2,256.04,3106.76,metrica:Away:19,metrica:Away,metrica:Home,restart_or_ball_out_primary_span
2,256.04,3106.76,metrica:Away:20,metrica:Away,metrica:Home,restart_or_ball_out_primary_span
2,256.04,3106.76,metrica:Away:21,metrica:Away,metrica:Home,restart_or_ball_out_primary_span
2,256.04,3106.76,metrica:Away:22,metrica:Away,metrica:Home,restart_or_ball_out_primary_span
2,256.04,3106.76,metrica:Away:23,metrica:Away,metrica:Home,restart_or_ball_out_primary_span
2,256.04,3106.76,metrica:Away:24,metrica:Away,metrica:Home,restart_or_ball_out_primary_span
2,256.04,3106.76,metrica:Away:26,metrica:Away,metrica:Home,restart_or_ball_out_primary_span
2,256.04,3106.76,metrica:Away:27,metrica:Away,metrica:Home,restart_or_ball_out_primary_span
2,256.04,3106.76,metrica:Away:28,metrica:Away,metrica:Home,restart_or_ball_out_primary_span
2,260.04,3110.76,metrica:Home:1,metrica:Home,metrica:Away,attacker_exposure_unavailable
2,260.04,3110.76,metrica:Home:10,metrica:Home,metrica:Away,complete_ten_defenders_unavailable
2,260.04,3110.76,metrica:Home:12,metrica:Home,metrica:Away,complete_ten_defenders_unavailable
2,260.04,3110.76,metrica:Home:13,metrica:Home,metrica:Away,attacker_exposure_unavailable
2,260.04,3110.76,metrica:Home:14,metrica:Home,metrica:Away,attacker_exposure_unavailable
2,260.04,3110.76,metrica:Home:2,metrica:Home,metrica:Away,complete_ten_defenders_unavailable
2,260.04,3110.76,metrica:Home:3,metrica:Home,metrica:Away,attacker_exposure_unavailable
2,260.04,3110.76,metrica:Home:4,metrica:Home,metrica:Away,complete_ten_defenders_unavailable
2,260.04,3110.76,metrica:Home:5,metrica:Home,metrica:Away,complete_ten_defenders_unavailable
2,260.04,3110.76,metrica:Home:6,metrica:Home,metrica:Away,complete_ten_defenders_unavailable
2,260.04,3110.76,metrica:Home:7,metrica:Home,metrica:Away,complete_ten_defenders_unavailable
2,260.04,3110.76,metrica:Home:8,metrica:Home,metrica:Away,complete_ten_defenders_unavailable
2,260.04,3110.76,metrica:Home:9,metrica:Home,metrica:Away,complete_ten_defenders_unavailable
2,264.04,3114.76,metrica:Home:1,metrica:Home,metrica:Away,attacker_exposure_unavailable
2,264.04,3114.76,metrica:Home:10,metrica:Home,metrica:Away,complete_ten_defenders_unavailable
2,264.04,3114.76,metrica:Home:12,metrica:Home,metrica:Away,complete_ten_defenders_unavailable
2,264.04,3114.76,metrica:Home:13,metrica:Home,metrica:Away,attacker_exposure_unavailable
2,264.04,3114.76,metrica:Home:14,metrica:Home,metrica:Away,attacker_exposure_unavailable
2,264.04,3114.76,metrica:Home:2,metrica:Home,metrica:Away,complete_ten_defenders_unavailable
2,264.04,3114.76,metrica:Home:3,metrica:Home,metrica:Away,attacker_exposure_unavailable
2,264.04,3114.76,metrica:Home:4,metrica:Home,metrica:Away,complete_ten_defenders_unavailable
2,264.04,3114.76,metrica:Home:5,metrica:Home,metrica:Away,complete_ten_defenders_unavailable
2,264.04,3114.76,metrica:Home:6,metrica:Home,metrica:Away,complete_ten_defenders_unavailable
2,264.04,3114.76,metrica:Home:7,metrica:Home,metrica:Away,complete_ten_defenders_unavailable
2,264.04,3114.76,metrica:Home:8,metrica:Home,metrica:Away,complete_ten_defenders_unavailable
2,264.04,3114.76,metrica:Home:9,metrica:Home,metrica:Away,complete_ten_defenders_unavailable
2,268.04,3118.76,metrica:Home:1,metrica:Home,metrica:Away,attacker_exposure_unavailable
2,268.04,3118.76,metrica:Home:10,metrica:Home,metrica:Away,complete_ten_defenders_unavailable
2,268.04,3118.76,metrica:Home:12,metrica:Home,metrica:Away,complete_ten_defenders_unavailable
2,268.04,3118.76,metrica:Home:13,metrica:Home,metrica:Away,attacker_exposure_unavailable
2,268.04,3118.76,metrica:Home:14,metrica:Home,metrica:Away,attacker_exposure_unavailable
2,268.04,3118.76,metrica:Home:2,metrica:Home,metrica:Away,complete_ten_defenders_unavailable
2,268.04,3118.76,metrica:Home:3,metrica:Home,metrica:Away,attacker_exposure_unavailable
2,268.04,3118.76,metrica:Home:4,metrica:Home,metrica:Away,complete_ten_defenders_unavailable
2,268.04,3118.76,metrica:Home:5,metrica:Home,metrica:Away,complete_ten_defenders_unavailable
2,268.04,3118.76,metrica:Home:6,metrica:Home,metrica:Away,complete_ten_defenders_unavailable
2,268.04,3118.76,metrica:Home:7,metrica:Home,metrica:Away,complete_ten_defenders_unavailable
2,268.04,3118.76,metrica:Home:8,metrica:Home,metrica:Away,complete_ten_defenders_unavailable
2,268.04,3118.76,metrica:Home:9,metrica:Home,metrica:Away,complete_ten_defenders_unavailable
2,272.04,3122.76,metrica:Home:1,metrica:Home,metrica:Away,attacker_exposure_unavailable
2,272.04,3122.76,metrica:Home:10,metrica:Home,metrica:Away,complete_ten_defenders_unavailable
2,272.04,3122.76,metrica:Home:12,metrica:Home,metrica:Away,complete_ten_defenders_unavailable
2,272.04,3122.76,metrica:Home:13,metrica:Home,metrica:Away,attacker_exposure_unavailable
2,272.04,3122.76,metrica:Home:14,metrica:Home,metrica:Away,attacker_exposure_unavailable
2,272.04,3122.76,metrica:Home:2,metrica:Home,metrica:Away,complete_ten_defenders_unavailable
2,272.04,3122.76,metrica:Home:3,metrica:Home,metrica:Away,attacker_exposure_unavailable
2,272.04,3122.76,metrica:Home:4,metrica:Home,metrica:Away,complete_ten_defenders_unavailable
2,272.04,3122.76,metrica:Home:5,metrica:Home,metrica:Away,complete_ten_defenders_unavailable
2,272.04,3122.76,metrica:Home:6,metrica:Home,metrica:Away,complete_ten_defenders_unavailable
2,272.04,3122.76,metrica:Home:7,metrica:Home,metrica:Away,complete_ten_defenders_unavailable
2,272.04,3122.76,metrica:Home:8,metrica:Home,metrica:Away,complete_ten_defenders_unavailable
2,272.04,3122.76,metrica:Home:9,metrica:Home,metrica:Away,complete_ten_defenders_unavailable
2,276.04,3126.76,metrica:Home:1,metrica:Home,metrica:Away,attacker_exposure_unavailable
2,276.04,3126.76,metrica:Home:10,metrica:Home,metrica:Away,complete_ten_defenders_unavailable
2,276.04,3126.76,metrica:Home:12,metrica:Home,metrica:Away,complete_ten_defenders_unavailable
2,276.04,3126.76,metrica:Home:13,metrica:Home,metrica:Away,attacker_exposure_unavailable
2,276.04,3126.76,metrica:Home:14,metrica:Home,metrica:Away,attacker_exposure_unavailable
2,276.04,3126.76,metrica:Home:2,metrica:Home,metrica:Away,complete_ten_defenders_unavailable
2,276.04,3126.76,metrica:Home:3,metrica:Home,metrica:Away,attacker_exposure_unavailable
2,276.04,3126.76,metrica:Home:4,metrica:Home,metrica:Away,complete_ten_defenders_unavailable
2,276.04,3126.76,metrica:Home:5,metrica:Home,metrica:Away,complete_ten_defenders_unavailable
2,276.04,3126.76,metrica:Home:6,metrica:Home,metrica:Away,complete_ten_defenders_unavailable
2,276.04,3126.76,metrica:Home:7,metrica:Home,metrica:Away,complete_ten_defenders_unavailable
2,276.04,3126.76,metrica:Home:8,metrica:Home,metrica:Away,complete_ten_defenders_unavailable
2,276.04,3126.76,metrica:Home:9,metrica:Home,metrica:Away,complete_ten_defenders_unavailable
2,280.04,3130.76,metrica:Home:1,metrica:Home,metrica:Away,attacker_exposure_unavailable
2,280.04,3130.76,metrica:Home:10,metrica:Home,metrica:Away,complete_ten_defenders_unavailable
2,280.04,3130.76,metrica:Home:12,metrica:Home,metrica:Away,complete_ten_defenders_unavailable
2,280.04,3130.76,metrica:Home:13,metrica:Home,metrica:Away,attacker_exposure_unavailable
2,280.04,3130.76,metrica:Home:14,metrica:Home,metrica:Away,attacker_exposure_unavailable
2,280.04,3130.76,metrica:Home:2,metrica:Home,metrica:Away,complete_ten_defenders_unavailable
2,280.04,3130.76,metrica:Home:3,metrica:Home,metrica:Away,attacker_exposure_unavailable
2,280.04,3130.76,metrica:Home:4,metrica:Home,metrica:Away,complete_ten_defenders_unavailable
2,280.04,3130.76,metrica:Home:5,metrica:Home,metrica:Away,complete_ten_defenders_unavailable
2,280.04,3130.76,metrica:Home:6,metrica:Home,metrica:Away,complete_ten_defenders_unavailable
2,280.04,3130.76,metrica:Home:7,metrica:Home,metrica:Away,complete_ten_defenders_unavailable
2,280.04,3130.76,metrica:Home:8,metrica:Home,metrica:Away,complete_ten_defenders_unavailable
2,280.04,3130.76,metrica:Home:9,metrica:Home,metrica:Away,complete_ten_defenders_unavailable
2,284.04,3134.76,metrica:Home:1,metrica:Home,metrica:Away,attacker_exposure_unavailable
2,284.04,3134.76,metrica:Home:10,metrica:Home,metrica:Away,complete_ten_defenders_unavailable
2,284.04,3134.76,metrica:Home:12,metrica:Home,metrica:Away,complete_ten_defenders_unavailable
2,284.04,3134.76,metrica:Home:13,metrica:Home,metrica:Away,attacker_exposure_unavailable
2,284.04,3134.76,metrica:Home:14,metrica:Home,metrica:Away,attacker_exposure_unavailable
2,284.04,3134.76,metrica:Home:2,metrica:Home,metrica:Away,complete_ten_defenders_unavailable
2,284.04,3134.76,metrica:Home:3,metrica:Home,metrica:Away,attacker_exposure_unavailable
2,284.04,3134.76,metrica:Home:4,metrica:Home,metrica:Away,complete_ten_defenders_unavailable
2,284.04,3134.76,metrica:Home:5,metrica:Home,metrica:Away,complete_ten_defenders_unavailable
2,284.04,3134.76,metrica:Home:6,metrica:Home,metrica:Away,complete_ten_defenders_unavailable
2,284.04,3134.76,metrica:Home:7,metrica:Home,metrica:Away,complete_ten_defenders_unavailable
2,284.04,3134.76,metrica:Home:8,metrica:Home,metrica:Away,complete_ten_defenders_unavailable
2,284.04,3134.76,metrica:Home:9,metrica:Home,metrica:Away,complete_ten_defenders_unavailable
2,288.04,3138.76,metrica:Home:1,metrica:Home,metrica:Away,attacker_exposure_unavailable
2,288.04,3138.76,metrica:Home:10,metrica:Home,metrica:Away,complete_ten_defenders_unavailable
2,288.04,3138.76,metrica:Home:12,metrica:Home,metrica:Away,complete_ten_defenders_unavailable
2,288.04,3138.76,metrica:Home:13,metrica:Home,metrica:Away,attacker_exposure_unavailable
2,288.04,3138.76,metrica:Home:14,metrica:Home,metrica:Away,attacker_exposure_unavailable
2,288.04,3138.76,metrica:Home:2,metrica:Home,metrica:Away,complete_ten_defenders_unavailable
2,288.04,3138.76,metrica:Home:3,metrica:Home,metrica:Away,attacker_exposure_unavailable
2,288.04,3138.76,metrica:Home:4,metrica:Home,metrica:Away,complete_ten_defenders_unavailable
2,288.04,3138.76,metrica:Home:5,metrica:Home,metrica:Away,complete_ten_defenders_unavailable
2,288.04,3138.76,metrica:Home:6,metrica:Home,metrica:Away,complete_ten_defenders_unavailable
2,288.04,3138.76,metrica:Home:7,metrica:Home,metrica:Away,complete_ten_defenders_unavailable
2,288.04,3138.76,metrica:Home:8,metrica:Home,metrica:Away,complete_ten_defenders_unavailable
2,288.04,3138.76,metrica:Home:9,metrica:Home,metrica:Away,complete_ten_defenders_unavailable
2,292.04,3142.76,metrica:Home:1,metrica:Home,metrica:Away,restart_or_ball_out_primary_span
2,292.04,3142.76,metrica:Home:10,metrica:Home,metrica:Away,restart_or_ball_out_primary_span
2,292.04,3142.76,metrica:Home:12,metrica:Home,metrica:Away,restart_or_ball_out_primary_span
2,292.04,3142.76,metrica:Home:13,metrica:Home,metrica:Away,restart_or_ball_out_primary_span
2,292.04,3142.76,metrica:Home:14,metrica:Home,metrica:Away,restart_or_ball_out_primary_span
2,292.04,3142.76,metrica:Home:2,metrica:Home,metrica:Away,restart_or_ball_out_primary_span
2,292.04,3142.76,metrica:Home:3,metrica:Home,metrica:Away,restart_or_ball_out_primary_span
2,292.04,3142.76,metrica:Home:4,metrica:Home,metrica:Away,restart_or_ball_out_primary_span
2,292.04,3142.76,metrica:Home:5,metrica:Home,metrica:Away,restart_or_ball_out_primary_span
2,292.04,3142.76,metrica:Home:6,metrica:Home,metrica:Away,restart_or_ball_out_primary_span
2,292.04,3142.76,metrica:Home:7,metrica:Home,metrica:Away,restart_or_ball_out_primary_span
2,292.04,3142.76,metrica:Home:8,metrica:Home,metrica:Away,restart_or_ball_out_primary_span
2,292.04,3142.76,metrica:Home:9,metrica:Home,metrica:Away,restart_or_ball_out_primary_span
2,296.04,3146.76,metrica:Away:15,metrica:Away,metrica:Home,restart_or_ball_out_primary_span
2,296.04,3146.76,metrica:Away:16,metrica:Away,metrica:Home,restart_or_ball_out_primary_span
2,296.04,3146.76,metrica:Away:17,metrica:Away,metrica:Home,restart_or_ball_out_primary_span
2,296.04,3146.76,metrica:Away:18,metrica:Away,metrica:Home,restart_or_ball_out_primary_span
2,296.04,3146.76,metrica:Away:19,metrica:Away,metrica:Home,restart_or_ball_out_primary_span
2,296.04,3146.76,metrica:Away:20,metrica:Away,metrica:Home,restart_or_ball_out_primary_span
2,296.04,3146.76,metrica:Away:21,metrica:Away,metrica:Home,restart_or_ball_out_primary_span
2,296.04,3146.76,metrica:Away:22,metrica:Away,metrica:Home,restart_or_ball_out_primary_span
2,296.04,3146.76,metrica:Away:23,metrica:Away,metrica:Home,restart_or_ball_out_primary_span
2,296.04,3146.76,metrica:Away:24,metrica:Away,metrica:Home,restart_or_ball_out_primary_span
2,296.04,3146.76,metrica:Away:26,metrica:Away,metrica:Home,restart_or_ball_out_primary_span
2,296.04,3146.76,metrica:Away:27,metrica:Away,metrica:Home,restart_or_ball_out_primary_span
2,296.04,3146.76,metrica:Away:28,metrica:Away,metrica:Home,restart_or_ball_out_primary_span
2,300.04,3150.76,metrica:Away:15,metrica:Away,metrica:Home,complete_ten_defenders_unavailable
2,300.04,3150.76,metrica:Away:16,metrica:Away,metrica:Home,complete_ten_defenders_unavailable
2,300.04,3150.76,metrica:Away:17,metrica:Away,metrica:Home,complete_ten_defenders_unavailable
2,300.04,3150.76,metrica:Away:18,metrica:Away,metrica:Home,complete_ten_defenders_unavailable
2,300.04,3150.76,metrica:Away:19,metrica:Away,metrica:Home,complete_ten_defenders_unavailable
2,300.04,3150.76,metrica:Away:20,metrica:Away,metrica:Home,complete_ten_defenders_unavailable
2,300.04,3150.76,metrica:Away:21,metrica:Away,metrica:Home,complete_ten_defenders_unavailable
2,300.04,3150.76,metrica:Away:22,metrica:Away,metrica:Home,attacker_exposure_unavailable
2,300.04,3150.76,metrica:Away:23,metrica:Away,metrica:Home,complete_ten_defenders_unavailable
2,300.04,3150.76,metrica:Away:24,metrica:Away,metrica:Home,complete_ten_defenders_unavailable
2,300.04,3150.76,metrica:Away:26,metrica:Away,metrica:Home,attacker_exposure_unavailable
2,300.04,3150.76,metrica:Away:27,metrica:Away,metrica:Home,attacker_exposure_unavailable
2,300.04,3150.76,metrica:Away:28,metrica:Away,metrica:Home,attacker_exposure_unavailable
2,304.04,3154.76,metrica:Away:15,metrica:Away,metrica:Home,complete_ten_defenders_unavailable
2,304.04,3154.76,metrica:Away:16,metrica:Away,metrica:Home,complete_ten_defenders_unavailable
2,304.04,3154.76,metrica:Away:17,metrica:Away,metrica:Home,complete_ten_defenders_unavailable
2,304.04,3154.76,metrica:Away:18,metrica:Away,metrica:Home,complete_ten_defenders_unavailable
2,304.04,3154.76,metrica:Away:19,metrica:Away,metrica:Home,complete_ten_defenders_unavailable
2,304.04,3154.76,metrica:Away:20,metrica:Away,metrica:Home,complete_ten_defenders_unavailable
2,304.04,3154.76,metrica:Away:21,metrica:Away,metrica:Home,complete_ten_defenders_unavailable
2,304.04,3154.76,metrica:Away:22,metrica:Away,metrica:Home,attacker_exposure_unavailable
2,304.04,3154.76,metrica:Away:23,metrica:Away,metrica:Home,complete_ten_defenders_unavailable
2,304.04,3154.76,metrica:Away:24,metrica:Away,metrica:Home,complete_ten_defenders_unavailable
2,304.04,3154.76,metrica:Away:26,metrica:Away,metrica:Home,attacker_exposure_unavailable
2,304.04,3154.76,metrica:Away:27,metrica:Away,metrica:Home,attacker_exposure_unavailable
2,304.04,3154.76,metrica:Away:28,metrica:Away,metrica:Home,attacker_exposure_unavailable
2,308.04,3158.76,metrica:Away:15,metrica:Away,metrica:Home,complete_ten_defenders_unavailable
2,308.04,3158.76,metrica:Away:16,metrica:Away,metrica:Home,complete_ten_defenders_unavailable
2,308.04,3158.76,metrica:Away:17,metrica:Away,metrica:Home,complete_ten_defenders_unavailable
2,308.04,3158.76,metrica:Away:18,metrica:Away,metrica:Home,complete_ten_defenders_unavailable
2,308.04,3158.76,metrica:Away:19,metrica:Away,metrica:Home,complete_ten_defenders_unavailable
2,308.04,3158.76,metrica:Away:20,metrica:Away,metrica:Home,complete_ten_defenders_unavailable
2,308.04,3158.76,metrica:Away:21,metrica:Away,metrica:Home,complete_ten_defenders_unavailable
2,308.04,3158.76,metrica:Away:22,metrica:Away,metrica:Home,attacker_exposure_unavailable
2,308.04,3158.76,metrica:Away:23,metrica:Away,metrica:Home,complete_ten_defenders_unavailable
2,308.04,3158.76,metrica:Away:24,metrica:Away,metrica:Home,complete_ten_defenders_unavailable
2,308.04,3158.76,metrica:Away:26,metrica:Away,metrica:Home,attacker_exposure_unavailable
2,308.04,3158.76,metrica:Away:27,metrica:Away,metrica:Home,attacker_exposure_unavailable
2,308.04,3158.76,metrica:Away:28,metrica:Away,metrica:Home,attacker_exposure_unavailable
2,312.04,3162.76,metrica:Away:15,metrica:Away,metrica:Home,complete_ten_defenders_unavailable
2,312.04,3162.76,metrica:Away:16,metrica:Away,metrica:Home,complete_ten_defenders_unavailable
2,312.04,3162.76,metrica:Away:17,metrica:Away,metrica:Home,complete_ten_defenders_unavailable
2,312.04,3162.76,metrica:Away:18,metrica:Away,metrica:Home,complete_ten_defenders_unavailable
2,312.04,3162.76,metrica:Away:19,metrica:Away,metrica:Home,complete_ten_defenders_unavailable
2,312.04,3162.76,metrica:Away:20,metrica:Away,metrica:Home,complete_ten_defenders_unavailable
2,312.04,3162.76,metrica:Away:21,metrica:Away,metrica:Home,complete_ten_defenders_unavailable
2,312.04,3162.76,metrica:Away:22,metrica:Away,metrica:Home,attacker_exposure_unavailable
2,312.04,3162.76,metrica:Away:23,metrica:Away,metrica:Home,complete_ten_defenders_unavailable
2,312.04,3162.76,metrica:Away:24,metrica:Away,metrica:Home,complete_ten_defenders_unavailable
2,312.04,3162.76,metrica:Away:26,metrica:Away,metrica:Home,attacker_exposure_unavailable
2,312.04,3162.76,metrica:Away:27,metrica:Away,metrica:Home,attacker_exposure_unavailable
2,312.04,3162.76,metrica:Away:28,metrica:Away,metrica:Home,attacker_exposure_unavailable
2,316.04,3166.76,metrica:Away:15,metrica:Away,metrica:Home,complete_ten_defenders_unavailable
2,316.04,3166.76,metrica:Away:16,metrica:Away,metrica:Home,complete_ten_defenders_unavailable
2,316.04,3166.76,metrica:Away:17,metrica:Away,metrica:Home,complete_ten_defenders_unavailable
2,316.04,3166.76,metrica:Away:18,metrica:Away,metrica:Home,complete_ten_defenders_unavailable
2,316.04,3166.76,metrica:Away:19,metrica:Away,metrica:Home,complete_ten_defenders_unavailable
2,316.04,3166.76,metrica:Away:20,metrica:Away,metrica:Home,complete_ten_defenders_unavailable
2,316.04,3166.76,metrica:Away:21,metrica:Away,metrica:Home,complete_ten_defenders_unavailable
2,316.04,3166.76,metrica:Away:22,metrica:Away,metrica:Home,attacker_exposure_unavailable
2,316.04,3166.76,metrica:Away:23,metrica:Away,metrica:Home,complete_ten_defenders_unavailable
2,316.04,3166.76,metrica:Away:24,metrica:Away,metrica:Home,complete_ten_defenders_unavailable
2,316.04,3166.76,metrica:Away:26,metrica:Away,metrica:Home,attacker_exposure_unavailable
2,316.04,3166.76,metrica:Away:27,metrica:Away,metrica:Home,attacker_exposure_unavailable
2,316.04,3166.76,metrica:Away:28,metrica:Away,metrica:Home,attacker_exposure_unavailable
2,320.04,3170.76,metrica:Away:15,metrica:Away,metrica:Home,restart_or_ball_out_primary_span
2,320.04,3170.76,metrica:Away:16,metrica:Away,metrica:Home,restart_or_ball_out_primary_span
2,320.04,3170.76,metrica:Away:17,metrica:Away,metrica:Home,restart_or_ball_out_primary_span
2,320.04,3170.76,metrica:Away:18,metrica:Away,metrica:Home,restart_or_ball_out_primary_span
2,320.04,3170.76,metrica:Away:19,metrica:Away,metrica:Home,restart_or_ball_out_primary_span
2,320.04,3170.76,metrica:Away:20,metrica:Away,metrica:Home,restart_or_ball_out_primary_span
2,320.04,3170.76,metrica:Away:21,metrica:Away,metrica:Home,restart_or_ball_out_primary_span
2,320.04,3170.76,metrica:Away:22,metrica:Away,metrica:Home,restart_or_ball_out_primary_span
2,320.04,3170.76,metrica:Away:23,metrica:Away,metrica:Home,restart_or_ball_out_primary_span
2,320.04,3170.76,metrica:Away:24,metrica:Away,metrica:Home,restart_or_ball_out_primary_span
2,320.04,3170.76,metrica:Away:26,metrica:Away,metrica:Home,restart_or_ball_out_primary_span
2,320.04,3170.76,metrica:Away:27,metrica:Away,metrica:Home,restart_or_ball_out_primary_span
2,320.04,3170.76,metrica:Away:28,metrica:Away,metrica:Home,restart_or_ball_out_primary_span
2,324.04,3174.76,metrica:Away:15,metrica:Away,metrica:Home,restart_or_ball_out_primary_span
2,324.04,3174.76,metrica:Away:16,metrica:Away,metrica:Home,restart_or_ball_out_primary_span
2,324.04,3174.76,metrica:Away:17,metrica:Away,metrica:Home,restart_or_ball_out_primary_span
2,324.04,3174.76,metrica:Away:18,metrica:Away,metrica:Home,restart_or_ball_out_primary_span
2,324.04,3174.76,metrica:Away:19,metrica:Away,metrica:Home,restart_or_ball_out_primary_span
2,324.04,3174.76,metrica:Away:20,metrica:Away,metrica:Home,restart_or_ball_out_primary_span
2,324.04,3174.76,metrica:Away:21,metrica:Away,metrica:Home,restart_or_ball_out_primary_span
2,324.04,3174.76,metrica:Away:22,metrica:Away,metrica:Home,restart_or_ball_out_primary_span
2,324.04,3174.76,metrica:Away:23,metrica:Away,metrica:Home,restart_or_ball_out_primary_span
2,324.04,3174.76,metrica:Away:24,metrica:Away,metrica:Home,restart_or_ball_out_primary_span
2,324.04,3174.76,metrica:Away:26,metrica:Away,metrica:Home,restart_or_ball_out_primary_span
2,324.04,3174.76,metrica:Away:27,metrica:Away,metrica:Home,restart_or_ball_out_primary_span
2,324.04,3174.76,metrica:Away:28,metrica:Away,metrica:Home,restart_or_ball_out_primary_span
2,328.04,3178.76,metrica:Away:15,metrica:Away,metrica:Home,complete_ten_defenders_unavailable
2,328.04,3178.76,metrica:Away:16,metrica:Away,metrica:Home,complete_ten_defenders_unavailable
2,328.04,3178.76,metrica:Away:17,metrica:Away,metrica:Home,complete_ten_defenders_unavailable
2,328.04,3178.76,metrica:Away:18,metrica:Away,metrica:Home,complete_ten_defenders_unavailable
2,328.04,3178.76,metrica:Away:19,metrica:Away,metrica:Home,complete_ten_defenders_unavailable
2,328.04,3178.76,metrica:Away:20,metrica:Away,metrica:Home,complete_ten_defenders_unavailable
2,328.04,3178.76,metrica:Away:21,metrica:Away,metrica:Home,complete_ten_defenders_unavailable
2,328.04,3178.76,metrica:Away:22,metrica:Away,metrica:Home,attacker_exposure_unavailable
2,328.04,3178.76,metrica:Away:23,metrica:Away,metrica:Home,complete_ten_defenders_unavailable
2,328.04,3178.76,metrica:Away:24,metrica:Away,metrica:Home,complete_ten_defenders_unavailable
2,328.04,3178.76,metrica:Away:26,metrica:Away,metrica:Home,attacker_exposure_unavailable
2,328.04,3178.76,metrica:Away:27,metrica:Away,metrica:Home,attacker_exposure_unavailable
2,328.04,3178.76,metrica:Away:28,metrica:Away,metrica:Home,attacker_exposure_unavailable
2,332.04,3182.76,metrica:Away:15,metrica:Away,metrica:Home,complete_ten_defenders_unavailable
2,332.04,3182.76,metrica:Away:16,metrica:Away,metrica:Home,complete_ten_defenders_unavailable
2,332.04,3182.76,metrica:Away:17,metrica:Away,metrica:Home,complete_ten_defenders_unavailable
2,332.04,3182.76,metrica:Away:18,metrica:Away,metrica:Home,complete_ten_defenders_unavailable
2,332.04,3182.76,metrica:Away:19,metrica:Away,metrica:Home,complete_ten_defenders_unavailable
2,332.04,3182.76,metrica:Away:20,metrica:Away,metrica:Home,complete_ten_defenders_unavailable
2,332.04,3182.76,metrica:Away:21,metrica:Away,metrica:Home,complete_ten_defenders_unavailable
2,332.04,3182.76,metrica:Away:22,metrica:Away,metrica:Home,attacker_exposure_unavailable
2,332.04,3182.76,metrica:Away:23,metrica:Away,metrica:Home,complete_ten_defenders_unavailable
2,332.04,3182.76,metrica:Away:24,metrica:Away,metrica:Home,complete_ten_defenders_unavailable
2,332.04,3182.76,metrica:Away:26,metrica:Away,metrica:Home,attacker_exposure_unavailable
2,332.04,3182.76,metrica:Away:27,metrica:Away,metrica:Home,attacker_exposure_unavailable
2,332.04,3182.76,metrica:Away:28,metrica:Away,metrica:Home,attacker_exposure_unavailable
2,336.04,3186.76,metrica:Away:15,metrica:Away,metrica:Home,restart_or_ball_out_primary_span
2,336.04,3186.76,metrica:Away:16,metrica:Away,metrica:Home,restart_or_ball_out_primary_span
2,336.04,3186.76,metrica:Away:17,metrica:Away,metrica:Home,restart_or_ball_out_primary_span
2,336.04,3186.76,metrica:Away:18,metrica:Away,metrica:Home,restart_or_ball_out_primary_span
2,336.04,3186.76,metrica:Away:19,metrica:Away,metrica:Home,restart_or_ball_out_primary_span
2,336.04,3186.76,metrica:Away:20,metrica:Away,metrica:Home,restart_or_ball_out_primary_span
2,336.04,3186.76,metrica:Away:21,metrica:Away,metrica:Home,restart_or_ball_out_primary_span
2,336.04,3186.76,metrica:Away:22,metrica:Away,metrica:Home,restart_or_ball_out_primary_span
2,336.04,3186.76,metrica:Away:23,metrica:Away,metrica:Home,restart_or_ball_out_primary_span
2,336.04,3186.76,metrica:Away:24,metrica:Away,metrica:Home,restart_or_ball_out_primary_span
2,336.04,3186.76,metrica:Away:26,metrica:Away,metrica:Home,restart_or_ball_out_primary_span
2,336.04,3186.76,metrica:Away:27,metrica:Away,metrica:Home,restart_or_ball_out_primary_span
2,336.04,3186.76,metrica:Away:28,metrica:Away,metrica:Home,restart_or_ball_out_primary_span
2,340.04,3190.76,metrica:Home:1,metrica:Home,metrica:Away,restart_or_ball_out_primary_span
2,340.04,3190.76,metrica:Home:10,metrica:Home,metrica:Away,restart_or_ball_out_primary_span
2,340.04,3190.76,metrica:Home:12,metrica:Home,metrica:Away,restart_or_ball_out_primary_span
2,340.04,3190.76,metrica:Home:13,metrica:Home,metrica:Away,restart_or_ball_out_primary_span
2,340.04,3190.76,metrica:Home:14,metrica:Home,metrica:Away,restart_or_ball_out_primary_span
2,340.04,3190.76,metrica:Home:2,metrica:Home,metrica:Away,restart_or_ball_out_primary_span
2,340.04,3190.76,metrica:Home:3,metrica:Home,metrica:Away,restart_or_ball_out_primary_span
2,340.04,3190.76,metrica:Home:4,metrica:Home,metrica:Away,restart_or_ball_out_primary_span
2,340.04,3190.76,metrica:Home:5,metrica:Home,metrica:Away,restart_or_ball_out_primary_span
2,340.04,3190.76,metrica:Home:6,metrica:Home,metrica:Away,restart_or_ball_out_primary_span
2,340.04,3190.76,metrica:Home:7,metrica:Home,metrica:Away,restart_or_ball_out_primary_span
2,340.04,3190.76,metrica:Home:8,metrica:Home,metrica:Away,restart_or_ball_out_primary_span
2,340.04,3190.76,metrica:Home:9,metrica:Home,metrica:Away,restart_or_ball_out_primary_span
2,344.04,3194.76,metrica:Home:1,metrica:Home,metrica:Away,attacker_exposure_unavailable
2,344.04,3194.76,metrica:Home:10,metrica:Home,metrica:Away,complete_ten_defenders_unavailable
2,344.04,3194.76,metrica:Home:12,metrica:Home,metrica:Away,complete_ten_defenders_unavailable
2,344.04,3194.76,metrica:Home:13,metrica:Home,metrica:Away,attacker_exposure_unavailable
2,344.04,3194.76,metrica:Home:14,metrica:Home,metrica:Away,attacker_exposure_unavailable
2,344.04,3194.76,metrica:Home:2,metrica:Home,metrica:Away,complete_ten_defenders_unavailable
2,344.04,3194.76,metrica:Home:3,metrica:Home,metrica:Away,attacker_exposure_unavailable
2,344.04,3194.76,metrica:Home:4,metrica:Home,metrica:Away,complete_ten_defenders_unavailable
2,344.04,3194.76,metrica:Home:5,metrica:Home,metrica:Away,complete_ten_defenders_unavailable
2,344.04,3194.76,metrica:Home:6,metrica:Home,metrica:Away,complete_ten_defenders_unavailable
2,344.04,3194.76,metrica:Home:7,metrica:Home,metrica:Away,complete_ten_defenders_unavailable
2,344.04,3194.76,metrica:Home:8,metrica:Home,metrica:Away,complete_ten_defenders_unavailable
2,344.04,3194.76,metrica:Home:9,metrica:Home,metrica:Away,complete_ten_defenders_unavailable
2,348.04,3198.76,metrica:Home:1,metrica:Home,metrica:Away,attacker_exposure_unavailable
2,348.04,3198.76,metrica:Home:10,metrica:Home,metrica:Away,complete_ten_defenders_unavailable
2,348.04,3198.76,metrica:Home:12,metrica:Home,metrica:Away,complete_ten_defenders_unavailable
2,348.04,3198.76,metrica:Home:13,metrica:Home,metrica:Away,attacker_exposure_unavailable
2,348.04,3198.76,metrica:Home:14,metrica:Home,metrica:Away,attacker_exposure_unavailable
2,348.04,3198.76,metrica:Home:2,metrica:Home,metrica:Away,complete_ten_defenders_unavailable
2,348.04,3198.76,metrica:Home:3,metrica:Home,metrica:Away,attacker_exposure_unavailable
2,348.04,3198.76,metrica:Home:4,metrica:Home,metrica:Away,complete_ten_defenders_unavailable
2,348.04,3198.76,metrica:Home:5,metrica:Home,metrica:Away,complete_ten_defenders_unavailable
2,348.04,3198.76,metrica:Home:6,metrica:Home,metrica:Away,complete_ten_defenders_unavailable
2,348.04,3198.76,metrica:Home:7,metrica:Home,metrica:Away,complete_ten_defenders_unavailable
2,348.04,3198.76,metrica:Home:8,metrica:Home,metrica:Away,complete_ten_defenders_unavailable
2,348.04,3198.76,metrica:Home:9,metrica:Home,metrica:Away,complete_ten_defenders_unavailable
2,352.04,3202.76,metrica:Home:1,metrica:Home,metrica:Away,attacker_exposure_unavailable
2,352.04,3202.76,metrica:Home:10,metrica:Home,metrica:Away,complete_ten_defenders_unavailable
2,352.04,3202.76,metrica:Home:12,metrica:Home,metrica:Away,complete_ten_defenders_unavailable
2,352.04,3202.76,metrica:Home:13,metrica:Home,metrica:Away,attacker_exposure_unavailable
2,352.04,3202.76,metrica:Home:14,metrica:Home,metrica:Away,attacker_exposure_unavailable
2,352.04,3202.76,metrica:Home:2,metrica:Home,metrica:Away,complete_ten_defenders_unavailable
2,352.04,3202.76,metrica:Home:3,metrica:Home,metrica:Away,attacker_exposure_unavailable
2,352.04,3202.76,metrica:Home:4,metrica:Home,metrica:Away,complete_ten_defenders_unavailable
2,352.04,3202.76,metrica:Home:5,metrica:Home,metrica:Away,complete_ten_defenders_unavailable
2,352.04,3202.76,metrica:Home:6,metrica:Home,metrica:Away,complete_ten_defenders_unavailable
2,352.04,3202.76,metrica:Home:7,metrica:Home,metrica:Away,complete_ten_defenders_unavailable
2,352.04,3202.76,metrica:Home:8,metrica:Home,metrica:Away,complete_ten_defenders_unavailable
2,352.04,3202.76,metrica:Home:9,metrica:Home,metrica:Away,complete_ten_defenders_unavailable
2,356.04,3206.76,metrica:Home:1,metrica:Home,metrica:Away,attacker_exposure_unavailable
2,356.04,3206.76,metrica:Home:10,metrica:Home,metrica:Away,complete_ten_defenders_unavailable
2,356.04,3206.76,metrica:Home:12,metrica:Home,metrica:Away,complete_ten_defenders_unavailable
2,356.04,3206.76,metrica:Home:13,metrica:Home,metrica:Away,attacker_exposure_unavailable
2,356.04,3206.76,metrica:Home:14,metrica:Home,metrica:Away,attacker_exposure_unavailable
2,356.04,3206.76,metrica:Home:2,metrica:Home,metrica:Away,complete_ten_defenders_unavailable
2,356.04,3206.76,metrica:Home:3,metrica:Home,metrica:Away,attacker_exposure_unavailable
2,356.04,3206.76,metrica:Home:4,metrica:Home,metrica:Away,complete_ten_defenders_unavailable
2,356.04,3206.76,metrica:Home:5,metrica:Home,metrica:Away,complete_ten_defenders_unavailable
2,356.04,3206.76,metrica:Home:6,metrica:Home,metrica:Away,complete_ten_defenders_unavailable
2,356.04,3206.76,metrica:Home:7,metrica:Home,metrica:Away,complete_ten_defenders_unavailable
2,356.04,3206.76,metrica:Home:8,metrica:Home,metrica:Away,complete_ten_defenders_unavailable
2,356.04,3206.76,metrica:Home:9,metrica:Home,metrica:Away,complete_ten_defenders_unavailable
2,360.04,3210.76,metrica:Home:1,metrica:Home,metrica:Away,attacker_exposure_unavailable
2,360.04,3210.76,metrica:Home:10,metrica:Home,metrica:Away,complete_ten_defenders_unavailable
2,360.04,3210.76,metrica:Home:12,metrica:Home,metrica:Away,complete_ten_defenders_unavailable
2,360.04,3210.76,metrica:Home:13,metrica:Home,metrica:Away,attacker_exposure_unavailable
2,360.04,3210.76,metrica:Home:14,metrica:Home,metrica:Away,attacker_exposure_unavailable
2,360.04,3210.76,metrica:Home:2,metrica:Home,metrica:Away,complete_ten_defenders_unavailable
2,360.04,3210.76,metrica:Home:3,metrica:Home,metrica:Away,attacker_exposure_unavailable
2,360.04,3210.76,metrica:Home:4,metrica:Home,metrica:Away,complete_ten_defenders_unavailable
2,360.04,3210.76,metrica:Home:5,metrica:Home,metrica:Away,complete_ten_defenders_unavailable
2,360.04,3210.76,metrica:Home:6,metrica:Home,metrica:Away,complete_ten_defenders_unavailable
2,360.04,3210.76,metrica:Home:7,metrica:Home,metrica:Away,complete_ten_defenders_unavailable
2,360.04,3210.76,metrica:Home:8,metrica:Home,metrica:Away,complete_ten_defenders_unavailable
2,360.04,3210.76,metrica:Home:9,metrica:Home,metrica:Away,complete_ten_defenders_unavailable
2,364.04,3214.76,metrica:Home:1,metrica:Home,metrica:Away,attacker_exposure_unavailable
2,364.04,3214.76,metrica:Home:10,metrica:Home,metrica:Away,complete_ten_defenders_unavailable
2,364.04,3214.76,metrica:Home:12,metrica:Home,metrica:Away,complete_ten_defenders_unavailable
2,364.04,3214.76,metrica:Home:13,metrica:Home,metrica:Away,attacker_exposure_unavailable
2,364.04,3214.76,metrica:Home:14,metrica:Home,metrica:Away,attacker_exposure_unavailable
2,364.04,3214.76,metrica:Home:2,metrica:Home,metrica:Away,complete_ten_defenders_unavailable
2,364.04,3214.76,metrica:Home:3,metrica:Home,metrica:Away,attacker_exposure_unavailable
2,364.04,3214.76,metrica:Home:4,metrica:Home,metrica:Away,complete_ten_defenders_unavailable
2,364.04,3214.76,metrica:Home:5,metrica:Home,metrica:Away,complete_ten_defenders_unavailable
2,364.04,3214.76,metrica:Home:6,metrica:Home,metrica:Away,complete_ten_defenders_unavailable
2,364.04,3214.76,metrica:Home:7,metrica:Home,metrica:Away,complete_ten_defenders_unavailable
2,364.04,3214.76,metrica:Home:8,metrica:Home,metrica:Away,complete_ten_defenders_unavailable
2,364.04,3214.76,metrica:Home:9,metrica:Home,metrica:Away,complete_ten_defenders_unavailable
2,368.04,3218.76,metrica:Away:15,metrica:Away,metrica:Home,complete_ten_defenders_unavailable
2,368.04,3218.76,metrica:Away:16,metrica:Away,metrica:Home,complete_ten_defenders_unavailable
2,368.04,3218.76,metrica:Away:17,metrica:Away,metrica:Home,complete_ten_defenders_unavailable
2,368.04,3218.76,metrica:Away:18,metrica:Away,metrica:Home,complete_ten_defenders_unavailable
2,368.04,3218.76,metrica:Away:19,metrica:Away,metrica:Home,complete_ten_defenders_unavailable
2,368.04,3218.76,metrica:Away:20,metrica:Away,metrica:Home,complete_ten_defenders_unavailable
2,368.04,3218.76,metrica:Away:21,metrica:Away,metrica:Home,complete_ten_defenders_unavailable
2,368.04,3218.76,metrica:Away:22,metrica:Away,metrica:Home,attacker_exposure_unavailable
2,368.04,3218.76,metrica:Away:23,metrica:Away,metrica:Home,complete_ten_defenders_unavailable
2,368.04,3218.76,metrica:Away:24,metrica:Away,metrica:Home,complete_ten_defenders_unavailable
2,368.04,3218.76,metrica:Away:26,metrica:Away,metrica:Home,attacker_exposure_unavailable
2,368.04,3218.76,metrica:Away:27,metrica:Away,metrica:Home,attacker_exposure_unavailable
2,368.04,3218.76,metrica:Away:28,metrica:Away,metrica:Home,attacker_exposure_unavailable
2,372.04,3222.76,metrica:Home:1,metrica:Home,metrica:Away,attacker_exposure_unavailable
2,372.04,3222.76,metrica:Home:10,metrica:Home,metrica:Away,complete_ten_defenders_unavailable
2,372.04,3222.76,metrica:Home:12,metrica:Home,metrica:Away,complete_ten_defenders_unavailable
2,372.04,3222.76,metrica:Home:13,metrica:Home,metrica:Away,attacker_exposure_unavailable
2,372.04,3222.76,metrica:Home:14,metrica:Home,metrica:Away,attacker_exposure_unavailable
2,372.04,3222.76,metrica:Home:2,metrica:Home,metrica:Away,complete_ten_defenders_unavailable
2,372.04,3222.76,metrica:Home:3,metrica:Home,metrica:Away,attacker_exposure_unavailable
2,372.04,3222.76,metrica:Home:4,metrica:Home,metrica:Away,complete_ten_defenders_unavailable
2,372.04,3222.76,metrica:Home:5,metrica:Home,metrica:Away,complete_ten_defenders_unavailable
2,372.04,3222.76,metrica:Home:6,metrica:Home,metrica:Away,complete_ten_defenders_unavailable
2,372.04,3222.76,metrica:Home:7,metrica:Home,metrica:Away,complete_ten_defenders_unavailable
2,372.04,3222.76,metrica:Home:8,metrica:Home,metrica:Away,complete_ten_defenders_unavailable
2,372.04,3222.76,metrica:Home:9,metrica:Home,metrica:Away,complete_ten_defenders_unavailable
2,376.04,3226.76,metrica:Home:1,metrica:Home,metrica:Away,attacker_exposure_unavailable
2,376.04,3226.76,metrica:Home:10,metrica:Home,metrica:Away,complete_ten_defenders_unavailable
2,376.04,3226.76,metrica:Home:12,metrica:Home,metrica:Away,complete_ten_defenders_unavailable
2,376.04,3226.76,metrica:Home:13,metrica:Home,metrica:Away,attacker_exposure_unavailable
2,376.04,3226.76,metrica:Home:14,metrica:Home,metrica:Away,attacker_exposure_unavailable
2,376.04,3226.76,metrica:Home:2,metrica:Home,metrica:Away,complete_ten_defenders_unavailable
2,376.04,3226.76,metrica:Home:3,metrica:Home,metrica:Away,attacker_exposure_unavailable
2,376.04,3226.76,metrica:Home:4,metrica:Home,metrica:Away,complete_ten_defenders_unavailable
2,376.04,3226.76,metrica:Home:5,metrica:Home,metrica:Away,complete_ten_defenders_unavailable
2,376.04,3226.76,metrica:Home:6,metrica:Home,metrica:Away,complete_ten_defenders_unavailable
2,376.04,3226.76,metrica:Home:7,metrica:Home,metrica:Away,complete_ten_defenders_unavailable
2,376.04,3226.76,metrica:Home:8,metrica:Home,metrica:Away,complete_ten_defenders_unavailable
2,376.04,3226.76,metrica:Home:9,metrica:Home,metrica:Away,complete_ten_defenders_unavailable
2,380.04,3230.76,metrica:Home:1,metrica:Home,metrica:Away,attacker_exposure_unavailable
2,380.04,3230.76,metrica:Home:10,metrica:Home,metrica:Away,complete_ten_defenders_unavailable
2,380.04,3230.76,metrica:Home:12,metrica:Home,metrica:Away,complete_ten_defenders_unavailable
2,380.04,3230.76,metrica:Home:13,metrica:Home,metrica:Away,attacker_exposure_unavailable
2,380.04,3230.76,metrica:Home:14,metrica:Home,metrica:Away,attacker_exposure_unavailable
2,380.04,3230.76,metrica:Home:2,metrica:Home,metrica:Away,complete_ten_defenders_unavailable
2,380.04,3230.76,metrica:Home:3,metrica:Home,metrica:Away,attacker_exposure_unavailable
2,380.04,3230.76,metrica:Home:4,metrica:Home,metrica:Away,complete_ten_defenders_unavailable
2,380.04,3230.76,metrica:Home:5,metrica:Home,metrica:Away,complete_ten_defenders_unavailable
2,380.04,3230.76,metrica:Home:6,metrica:Home,metrica:Away,complete_ten_defenders_unavailable
2,380.04,3230.76,metrica:Home:7,metrica:Home,metrica:Away,complete_ten_defenders_unavailable
2,380.04,3230.76,metrica:Home:8,metrica:Home,metrica:Away,complete_ten_defenders_unavailable
2,380.04,3230.76,metrica:Home:9,metrica:Home,metrica:Away,complete_ten_defenders_unavailable
2,384.04,3234.76,metrica:Home:1,metrica:Home,metrica:Away,attacker_exposure_unavailable
2,384.04,3234.76,metrica:Home:10,metrica:Home,metrica:Away,complete_ten_defenders_unavailable
2,384.04,3234.76,metrica:Home:12,metrica:Home,metrica:Away,complete_ten_defenders_unavailable
2,384.04,3234.76,metrica:Home:13,metrica:Home,metrica:Away,attacker_exposure_unavailable
2,384.04,3234.76,metrica:Home:14,metrica:Home,metrica:Away,attacker_exposure_unavailable
2,384.04,3234.76,metrica:Home:2,metrica:Home,metrica:Away,complete_ten_defenders_unavailable
2,384.04,3234.76,metrica:Home:3,metrica:Home,metrica:Away,attacker_exposure_unavailable
2,384.04,3234.76,metrica:Home:4,metrica:Home,metrica:Away,complete_ten_defenders_unavailable
2,384.04,3234.76,metrica:Home:5,metrica:Home,metrica:Away,complete_ten_defenders_unavailable
2,384.04,3234.76,metrica:Home:6,metrica:Home,metrica:Away,complete_ten_defenders_unavailable
2,384.04,3234.76,metrica:Home:7,metrica:Home,metrica:Away,complete_ten_defenders_unavailable
2,384.04,3234.76,metrica:Home:8,metrica:Home,metrica:Away,complete_ten_defenders_unavailable
2,384.04,3234.76,metrica:Home:9,metrica:Home,metrica:Away,complete_ten_defenders_unavailable
2,388.04,3238.76,metrica:Home:1,metrica:Home,metrica:Away,attacker_exposure_unavailable
2,388.04,3238.76,metrica:Home:10,metrica:Home,metrica:Away,complete_ten_defenders_unavailable
2,388.04,3238.76,metrica:Home:12,metrica:Home,metrica:Away,complete_ten_defenders_unavailable
2,388.04,3238.76,metrica:Home:13,metrica:Home,metrica:Away,attacker_exposure_unavailable
2,388.04,3238.76,metrica:Home:14,metrica:Home,metrica:Away,attacker_exposure_unavailable
2,388.04,3238.76,metrica:Home:2,metrica:Home,metrica:Away,complete_ten_defenders_unavailable
2,388.04,3238.76,metrica:Home:3,metrica:Home,metrica:Away,attacker_exposure_unavailable
2,388.04,3238.76,metrica:Home:4,metrica:Home,metrica:Away,complete_ten_defenders_unavailable
2,388.04,3238.76,metrica:Home:5,metrica:Home,metrica:Away,complete_ten_defenders_unavailable
2,388.04,3238.76,metrica:Home:6,metrica:Home,metrica:Away,complete_ten_defenders_unavailable
2,388.04,3238.76,metrica:Home:7,metrica:Home,metrica:Away,complete_ten_defenders_unavailable
2,388.04,3238.76,metrica:Home:8,metrica:Home,metrica:Away,complete_ten_defenders_unavailable
2,388.04,3238.76,metrica:Home:9,metrica:Home,metrica:Away,complete_ten_defenders_unavailable
2,392.04,3242.76,metrica:Home:1,metrica:Home,metrica:Away,attacker_exposure_unavailable
2,392.04,3242.76,metrica:Home:10,metrica:Home,metrica:Away,complete_ten_defenders_unavailable
2,392.04,3242.76,metrica:Home:12,metrica:Home,metrica:Away,complete_ten_defenders_unavailable
2,392.04,3242.76,metrica:Home:13,metrica:Home,metrica:Away,attacker_exposure_unavailable
2,392.04,3242.76,metrica:Home:14,metrica:Home,metrica:Away,attacker_exposure_unavailable
2,392.04,3242.76,metrica:Home:2,metrica:Home,metrica:Away,complete_ten_defenders_unavailable
2,392.04,3242.76,metrica:Home:3,metrica:Home,metrica:Away,attacker_exposure_unavailable
2,392.04,3242.76,metrica:Home:4,metrica:Home,metrica:Away,complete_ten_defenders_unavailable
2,392.04,3242.76,metrica:Home:5,metrica:Home,metrica:Away,complete_ten_defenders_unavailable
2,392.04,3242.76,metrica:Home:6,metrica:Home,metrica:Away,complete_ten_defenders_unavailable
2,392.04,3242.76,metrica:Home:7,metrica:Home,metrica:Away,complete_ten_defenders_unavailable
2,392.04,3242.76,metrica:Home:8,metrica:Home,metrica:Away,complete_ten_defenders_unavailable
2,392.04,3242.76,metrica:Home:9,metrica:Home,metrica:Away,complete_ten_defenders_unavailable
2,396.04,3246.76,metrica:Home:1,metrica:Home,metrica:Away,attacker_exposure_unavailable
2,396.04,3246.76,metrica:Home:10,metrica:Home,metrica:Away,complete_ten_defenders_unavailable
2,396.04,3246.76,metrica:Home:12,metrica:Home,metrica:Away,complete_ten_defenders_unavailable
2,396.04,3246.76,metrica:Home:13,metrica:Home,metrica:Away,attacker_exposure_unavailable
2,396.04,3246.76,metrica:Home:14,metrica:Home,metrica:Away,attacker_exposure_unavailable
2,396.04,3246.76,metrica:Home:2,metrica:Home,metrica:Away,complete_ten_defenders_unavailable
2,396.04,3246.76,metrica:Home:3,metrica:Home,metrica:Away,attacker_exposure_unavailable
2,396.04,3246.76,metrica:Home:4,metrica:Home,metrica:Away,complete_ten_defenders_unavailable
2,396.04,3246.76,metrica:Home:5,metrica:Home,metrica:Away,complete_ten_defenders_unavailable
2,396.04,3246.76,metrica:Home:6,metrica:Home,metrica:Away,complete_ten_defenders_unavailable
2,396.04,3246.76,metrica:Home:7,metrica:Home,metrica:Away,complete_ten_defenders_unavailable
2,396.04,3246.76,metrica:Home:8,metrica:Home,metrica:Away,complete_ten_defenders_unavailable
2,396.04,3246.76,metrica:Home:9,metrica:Home,metrica:Away,complete_ten_defenders_unavailable
2,400.04,3250.76,metrica:Home:1,metrica:Home,metrica:Away,attacker_exposure_unavailable
2,400.04,3250.76,metrica:Home:10,metrica:Home,metrica:Away,complete_ten_defenders_unavailable
2,400.04,3250.76,metrica:Home:12,metrica:Home,metrica:Away,complete_ten_defenders_unavailable
2,400.04,3250.76,metrica:Home:13,metrica:Home,metrica:Away,attacker_exposure_unavailable
2,400.04,3250.76,metrica:Home:14,metrica:Home,metrica:Away,attacker_exposure_unavailable
2,400.04,3250.76,metrica:Home:2,metrica:Home,metrica:Away,complete_ten_defenders_unavailable
2,400.04,3250.76,metrica:Home:3,metrica:Home,metrica:Away,attacker_exposure_unavailable
2,400.04,3250.76,metrica:Home:4,metrica:Home,metrica:Away,complete_ten_defenders_unavailable
2,400.04,3250.76,metrica:Home:5,metrica:Home,metrica:Away,complete_ten_defenders_unavailable
2,400.04,3250.76,metrica:Home:6,metrica:Home,metrica:Away,complete_ten_defenders_unavailable
2,400.04,3250.76,metrica:Home:7,metrica:Home,metrica:Away,complete_ten_defenders_unavailable
2,400.04,3250.76,metrica:Home:8,metrica:Home,metrica:Away,complete_ten_defenders_unavailable
2,400.04,3250.76,metrica:Home:9,metrica:Home,metrica:Away,complete_ten_defenders_unavailable
2,404.04,3254.76,metrica:Home:1,metrica:Home,metrica:Away,attacker_exposure_unavailable
2,404.04,3254.76,metrica:Home:10,metrica:Home,metrica:Away,complete_ten_defenders_unavailable
2,404.04,3254.76,metrica:Home:12,metrica:Home,metrica:Away,complete_ten_defenders_unavailable
2,404.04,3254.76,metrica:Home:13,metrica:Home,metrica:Away,attacker_exposure_unavailable
2,404.04,3254.76,metrica:Home:14,metrica:Home,metrica:Away,attacker_exposure_unavailable
2,404.04,3254.76,metrica:Home:2,metrica:Home,metrica:Away,complete_ten_defenders_unavailable
2,404.04,3254.76,metrica:Home:3,metrica:Home,metrica:Away,attacker_exposure_unavailable
2,404.04,3254.76,metrica:Home:4,metrica:Home,metrica:Away,complete_ten_defenders_unavailable
2,404.04,3254.76,metrica:Home:5,metrica:Home,metrica:Away,complete_ten_defenders_unavailable
2,404.04,3254.76,metrica:Home:6,metrica:Home,metrica:Away,complete_ten_defenders_unavailable
2,404.04,3254.76,metrica:Home:7,metrica:Home,metrica:Away,complete_ten_defenders_unavailable
2,404.04,3254.76,metrica:Home:8,metrica:Home,metrica:Away,complete_ten_defenders_unavailable
2,404.04,3254.76,metrica:Home:9,metrica:Home,metrica:Away,complete_ten_defenders_unavailable
2,408.04,3258.76,metrica:Home:1,metrica:Home,metrica:Away,attacker_exposure_unavailable
2,408.04,3258.76,metrica:Home:10,metrica:Home,metrica:Away,complete_ten_defenders_unavailable
2,408.04,3258.76,metrica:Home:12,metrica:Home,metrica:Away,complete_ten_defenders_unavailable
2,408.04,3258.76,metrica:Home:13,metrica:Home,metrica:Away,attacker_exposure_unavailable
2,408.04,3258.76,metrica:Home:14,metrica:Home,metrica:Away,attacker_exposure_unavailable
2,408.04,3258.76,metrica:Home:2,metrica:Home,metrica:Away,complete_ten_defenders_unavailable
2,408.04,3258.76,metrica:Home:3,metrica:Home,metrica:Away,attacker_exposure_unavailable
2,408.04,3258.76,metrica:Home:4,metrica:Home,metrica:Away,complete_ten_defenders_unavailable
2,408.04,3258.76,metrica:Home:5,metrica:Home,metrica:Away,complete_ten_defenders_unavailable
2,408.04,3258.76,metrica:Home:6,metrica:Home,metrica:Away,complete_ten_defenders_unavailable
2,408.04,3258.76,metrica:Home:7,metrica:Home,metrica:Away,complete_ten_defenders_unavailable
2,408.04,3258.76,metrica:Home:8,metrica:Home,metrica:Away,complete_ten_defenders_unavailable
2,408.04,3258.76,metrica:Home:9,metrica:Home,metrica:Away,complete_ten_defenders_unavailable
2,412.04,3262.76,metrica:Home:1,metrica:Home,metrica:Away,restart_or_ball_out_primary_span
2,412.04,3262.76,metrica:Home:10,metrica:Home,metrica:Away,restart_or_ball_out_primary_span
2,412.04,3262.76,metrica:Home:12,metrica:Home,metrica:Away,restart_or_ball_out_primary_span
2,412.04,3262.76,metrica:Home:13,metrica:Home,metrica:Away,restart_or_ball_out_primary_span
2,412.04,3262.76,metrica:Home:14,metrica:Home,metrica:Away,restart_or_ball_out_primary_span
2,412.04,3262.76,metrica:Home:2,metrica:Home,metrica:Away,restart_or_ball_out_primary_span
2,412.04,3262.76,metrica:Home:3,metrica:Home,metrica:Away,restart_or_ball_out_primary_span
2,412.04,3262.76,metrica:Home:4,metrica:Home,metrica:Away,restart_or_ball_out_primary_span
2,412.04,3262.76,metrica:Home:5,metrica:Home,metrica:Away,restart_or_ball_out_primary_span
2,412.04,3262.76,metrica:Home:6,metrica:Home,metrica:Away,restart_or_ball_out_primary_span
2,412.04,3262.76,metrica:Home:7,metrica:Home,metrica:Away,restart_or_ball_out_primary_span
2,412.04,3262.76,metrica:Home:8,metrica:Home,metrica:Away,restart_or_ball_out_primary_span
2,412.04,3262.76,metrica:Home:9,metrica:Home,metrica:Away,restart_or_ball_out_primary_span
2,416.04,3266.76,metrica:Away:15,metrica:Away,metrica:Home,restart_or_ball_out_primary_span
2,416.04,3266.76,metrica:Away:16,metrica:Away,metrica:Home,restart_or_ball_out_primary_span
2,416.04,3266.76,metrica:Away:17,metrica:Away,metrica:Home,restart_or_ball_out_primary_span
2,416.04,3266.76,metrica:Away:18,metrica:Away,metrica:Home,restart_or_ball_out_primary_span
2,416.04,3266.76,metrica:Away:19,metrica:Away,metrica:Home,restart_or_ball_out_primary_span
2,416.04,3266.76,metrica:Away:20,metrica:Away,metrica:Home,restart_or_ball_out_primary_span
2,416.04,3266.76,metrica:Away:21,metrica:Away,metrica:Home,restart_or_ball_out_primary_span
2,416.04,3266.76,metrica:Away:22,metrica:Away,metrica:Home,restart_or_ball_out_primary_span
2,416.04,3266.76,metrica:Away:23,metrica:Away,metrica:Home,restart_or_ball_out_primary_span
2,416.04,3266.76,metrica:Away:24,metrica:Away,metrica:Home,restart_or_ball_out_primary_span
2,416.04,3266.76,metrica:Away:26,metrica:Away,metrica:Home,restart_or_ball_out_primary_span
2,416.04,3266.76,metrica:Away:27,metrica:Away,metrica:Home,restart_or_ball_out_primary_span
2,416.04,3266.76,metrica:Away:28,metrica:Away,metrica:Home,restart_or_ball_out_primary_span
2,420.04,3270.76,metrica:Away:15,metrica:Away,metrica:Home,complete_ten_defenders_unavailable
2,420.04,3270.76,metrica:Away:16,metrica:Away,metrica:Home,complete_ten_defenders_unavailable
2,420.04,3270.76,metrica:Away:17,metrica:Away,metrica:Home,complete_ten_defenders_unavailable
2,420.04,3270.76,metrica:Away:18,metrica:Away,metrica:Home,complete_ten_defenders_unavailable
2,420.04,3270.76,metrica:Away:19,metrica:Away,metrica:Home,complete_ten_defenders_unavailable
2,420.04,3270.76,metrica:Away:20,metrica:Away,metrica:Home,complete_ten_defenders_unavailable
2,420.04,3270.76,metrica:Away:21,metrica:Away,metrica:Home,complete_ten_defenders_unavailable
2,420.04,3270.76,metrica:Away:22,metrica:Away,metrica:Home,attacker_exposure_unavailable
2,420.04,3270.76,metrica:Away:23,metrica:Away,metrica:Home,complete_ten_defenders_unavailable
2,420.04,3270.76,metrica:Away:24,metrica:Away,metrica:Home,complete_ten_defenders_unavailable
2,420.04,3270.76,metrica:Away:26,metrica:Away,metrica:Home,attacker_exposure_unavailable
2,420.04,3270.76,metrica:Away:27,metrica:Away,metrica:Home,attacker_exposure_unavailable
2,420.04,3270.76,metrica:Away:28,metrica:Away,metrica:Home,attacker_exposure_unavailable
2,424.04,3274.76,metrica:Away:15,metrica:Away,metrica:Home,complete_ten_defenders_unavailable
2,424.04,3274.76,metrica:Away:16,metrica:Away,metrica:Home,complete_ten_defenders_unavailable
2,424.04,3274.76,metrica:Away:17,metrica:Away,metrica:Home,complete_ten_defenders_unavailable
2,424.04,3274.76,metrica:Away:18,metrica:Away,metrica:Home,complete_ten_defenders_unavailable
2,424.04,3274.76,metrica:Away:19,metrica:Away,metrica:Home,complete_ten_defenders_unavailable
2,424.04,3274.76,metrica:Away:20,metrica:Away,metrica:Home,complete_ten_defenders_unavailable
2,424.04,3274.76,metrica:Away:21,metrica:Away,metrica:Home,complete_ten_defenders_unavailable
2,424.04,3274.76,metrica:Away:22,metrica:Away,metrica:Home,attacker_exposure_unavailable
2,424.04,3274.76,metrica:Away:23,metrica:Away,metrica:Home,complete_ten_defenders_unavailable
2,424.04,3274.76,metrica:Away:24,metrica:Away,metrica:Home,complete_ten_defenders_unavailable
2,424.04,3274.76,metrica:Away:26,metrica:Away,metrica:Home,attacker_exposure_unavailable
2,424.04,3274.76,metrica:Away:27,metrica:Away,metrica:Home,attacker_exposure_unavailable
2,424.04,3274.76,metrica:Away:28,metrica:Away,metrica:Home,attacker_exposure_unavailable
2,428.04,3278.76,metrica:Away:15,metrica:Away,metrica:Home,complete_ten_defenders_unavailable
2,428.04,3278.76,metrica:Away:16,metrica:Away,metrica:Home,complete_ten_defenders_unavailable
2,428.04,3278.76,metrica:Away:17,metrica:Away,metrica:Home,complete_ten_defenders_unavailable
2,428.04,3278.76,metrica:Away:18,metrica:Away,metrica:Home,complete_ten_defenders_unavailable
2,428.04,3278.76,metrica:Away:19,metrica:Away,metrica:Home,complete_ten_defenders_unavailable
2,428.04,3278.76,metrica:Away:20,metrica:Away,metrica:Home,complete_ten_defenders_unavailable
2,428.04,3278.76,metrica:Away:21,metrica:Away,metrica:Home,complete_ten_defenders_unavailable
2,428.04,3278.76,metrica:Away:22,metrica:Away,metrica:Home,attacker_exposure_unavailable
2,428.04,3278.76,metrica:Away:23,metrica:Away,metrica:Home,complete_ten_defenders_unavailable
2,428.04,3278.76,metrica:Away:24,metrica:Away,metrica:Home,complete_ten_defenders_unavailable
2,428.04,3278.76,metrica:Away:26,metrica:Away,metrica:Home,attacker_exposure_unavailable
2,428.04,3278.76,metrica:Away:27,metrica:Away,metrica:Home,attacker_exposure_unavailable
2,428.04,3278.76,metrica:Away:28,metrica:Away,metrica:Home,attacker_exposure_unavailable
2,432.04,3282.76,metrica:Away:15,metrica:Away,metrica:Home,complete_ten_defenders_unavailable
2,432.04,3282.76,metrica:Away:16,metrica:Away,metrica:Home,complete_ten_defenders_unavailable
2,432.04,3282.76,metrica:Away:17,metrica:Away,metrica:Home,complete_ten_defenders_unavailable
2,432.04,3282.76,metrica:Away:18,metrica:Away,metrica:Home,complete_ten_defenders_unavailable
2,432.04,3282.76,metrica:Away:19,metrica:Away,metrica:Home,complete_ten_defenders_unavailable
2,432.04,3282.76,metrica:Away:20,metrica:Away,metrica:Home,complete_ten_defenders_unavailable
2,432.04,3282.76,metrica:Away:21,metrica:Away,metrica:Home,complete_ten_defenders_unavailable
2,432.04,3282.76,metrica:Away:22,metrica:Away,metrica:Home,attacker_exposure_unavailable
2,432.04,3282.76,metrica:Away:23,metrica:Away,metrica:Home,complete_ten_defenders_unavailable
2,432.04,3282.76,metrica:Away:24,metrica:Away,metrica:Home,complete_ten_defenders_unavailable
2,432.04,3282.76,metrica:Away:26,metrica:Away,metrica:Home,attacker_exposure_unavailable
2,432.04,3282.76,metrica:Away:27,metrica:Away,metrica:Home,attacker_exposure_unavailable
2,432.04,3282.76,metrica:Away:28,metrica:Away,metrica:Home,attacker_exposure_unavailable
2,436.04,3286.76,metrica:Away:15,metrica:Away,metrica:Home,complete_ten_defenders_unavailable
2,436.04,3286.76,metrica:Away:16,metrica:Away,metrica:Home,complete_ten_defenders_unavailable
2,436.04,3286.76,metrica:Away:17,metrica:Away,metrica:Home,complete_ten_defenders_unavailable
2,436.04,3286.76,metrica:Away:18,metrica:Away,metrica:Home,complete_ten_defenders_unavailable
2,436.04,3286.76,metrica:Away:19,metrica:Away,metrica:Home,complete_ten_defenders_unavailable
2,436.04,3286.76,metrica:Away:20,metrica:Away,metrica:Home,complete_ten_defenders_unavailable
2,436.04,3286.76,metrica:Away:21,metrica:Away,metrica:Home,complete_ten_defenders_unavailable
2,436.04,3286.76,metrica:Away:22,metrica:Away,metrica:Home,attacker_exposure_unavailable
2,436.04,3286.76,metrica:Away:23,metrica:Away,metrica:Home,complete_ten_defenders_unavailable
2,436.04,3286.76,metrica:Away:24,metrica:Away,metrica:Home,complete_ten_defenders_unavailable
2,436.04,3286.76,metrica:Away:26,metrica:Away,metrica:Home,attacker_exposure_unavailable
2,436.04,3286.76,metrica:Away:27,metrica:Away,metrica:Home,attacker_exposure_unavailable
2,436.04,3286.76,metrica:Away:28,metrica:Away,metrica:Home,attacker_exposure_unavailable
2,440.04,3290.76,metrica:Away:15,metrica:Away,metrica:Home,complete_ten_defenders_unavailable
2,440.04,3290.76,metrica:Away:16,metrica:Away,metrica:Home,complete_ten_defenders_unavailable
2,440.04,3290.76,metrica:Away:17,metrica:Away,metrica:Home,complete_ten_defenders_unavailable
2,440.04,3290.76,metrica:Away:18,metrica:Away,metrica:Home,complete_ten_defenders_unavailable
2,440.04,3290.76,metrica:Away:19,metrica:Away,metrica:Home,complete_ten_defenders_unavailable
2,440.04,3290.76,metrica:Away:20,metrica:Away,metrica:Home,complete_ten_defenders_unavailable
2,440.04,3290.76,metrica:Away:21,metrica:Away,metrica:Home,complete_ten_defenders_unavailable
2,440.04,3290.76,metrica:Away:22,metrica:Away,metrica:Home,attacker_exposure_unavailable
2,440.04,3290.76,metrica:Away:23,metrica:Away,metrica:Home,complete_ten_defenders_unavailable
2,440.04,3290.76,metrica:Away:24,metrica:Away,metrica:Home,complete_ten_defenders_unavailable
2,440.04,3290.76,metrica:Away:26,metrica:Away,metrica:Home,attacker_exposure_unavailable
2,440.04,3290.76,metrica:Away:27,metrica:Away,metrica:Home,attacker_exposure_unavailable
2,440.04,3290.76,metrica:Away:28,metrica:Away,metrica:Home,attacker_exposure_unavailable
2,444.04,3294.76,metrica:Away:15,metrica:Away,metrica:Home,restart_or_ball_out_primary_span
2,444.04,3294.76,metrica:Away:16,metrica:Away,metrica:Home,restart_or_ball_out_primary_span
2,444.04,3294.76,metrica:Away:17,metrica:Away,metrica:Home,restart_or_ball_out_primary_span
2,444.04,3294.76,metrica:Away:18,metrica:Away,metrica:Home,restart_or_ball_out_primary_span
2,444.04,3294.76,metrica:Away:19,metrica:Away,metrica:Home,restart_or_ball_out_primary_span
2,444.04,3294.76,metrica:Away:20,metrica:Away,metrica:Home,restart_or_ball_out_primary_span
2,444.04,3294.76,metrica:Away:21,metrica:Away,metrica:Home,restart_or_ball_out_primary_span
2,444.04,3294.76,metrica:Away:22,metrica:Away,metrica:Home,restart_or_ball_out_primary_span
2,444.04,3294.76,metrica:Away:23,metrica:Away,metrica:Home,restart_or_ball_out_primary_span
2,444.04,3294.76,metrica:Away:24,metrica:Away,metrica:Home,restart_or_ball_out_primary_span
2,444.04,3294.76,metrica:Away:26,metrica:Away,metrica:Home,restart_or_ball_out_primary_span
2,444.04,3294.76,metrica:Away:27,metrica:Away,metrica:Home,restart_or_ball_out_primary_span
2,444.04,3294.76,metrica:Away:28,metrica:Away,metrica:Home,restart_or_ball_out_primary_span
2,448.04,3298.76,metrica:Home:1,metrica:Home,metrica:Away,restart_or_ball_out_primary_span
2,448.04,3298.76,metrica:Home:10,metrica:Home,metrica:Away,restart_or_ball_out_primary_span
2,448.04,3298.76,metrica:Home:12,metrica:Home,metrica:Away,restart_or_ball_out_primary_span
2,448.04,3298.76,metrica:Home:13,metrica:Home,metrica:Away,restart_or_ball_out_primary_span
2,448.04,3298.76,metrica:Home:14,metrica:Home,metrica:Away,restart_or_ball_out_primary_span
2,448.04,3298.76,metrica:Home:2,metrica:Home,metrica:Away,restart_or_ball_out_primary_span
2,448.04,3298.76,metrica:Home:3,metrica:Home,metrica:Away,restart_or_ball_out_primary_span
2,448.04,3298.76,metrica:Home:4,metrica:Home,metrica:Away,restart_or_ball_out_primary_span
2,448.04,3298.76,metrica:Home:5,metrica:Home,metrica:Away,restart_or_ball_out_primary_span
2,448.04,3298.76,metrica:Home:6,metrica:Home,metrica:Away,restart_or_ball_out_primary_span
2,448.04,3298.76,metrica:Home:7,metrica:Home,metrica:Away,restart_or_ball_out_primary_span
2,448.04,3298.76,metrica:Home:8,metrica:Home,metrica:Away,restart_or_ball_out_primary_span
2,448.04,3298.76,metrica:Home:9,metrica:Home,metrica:Away,restart_or_ball_out_primary_span
2,452.04,3302.76,metrica:Home:1,metrica:Home,metrica:Away,attacker_exposure_unavailable
2,452.04,3302.76,metrica:Home:10,metrica:Home,metrica:Away,complete_ten_defenders_unavailable
2,452.04,3302.76,metrica:Home:12,metrica:Home,metrica:Away,complete_ten_defenders_unavailable
2,452.04,3302.76,metrica:Home:13,metrica:Home,metrica:Away,attacker_exposure_unavailable
2,452.04,3302.76,metrica:Home:14,metrica:Home,metrica:Away,attacker_exposure_unavailable
2,452.04,3302.76,metrica:Home:2,metrica:Home,metrica:Away,complete_ten_defenders_unavailable
2,452.04,3302.76,metrica:Home:3,metrica:Home,metrica:Away,attacker_exposure_unavailable
2,452.04,3302.76,metrica:Home:4,metrica:Home,metrica:Away,complete_ten_defenders_unavailable
2,452.04,3302.76,metrica:Home:5,metrica:Home,metrica:Away,complete_ten_defenders_unavailable
2,452.04,3302.76,metrica:Home:6,metrica:Home,metrica:Away,complete_ten_defenders_unavailable
2,452.04,3302.76,metrica:Home:7,metrica:Home,metrica:Away,complete_ten_defenders_unavailable
2,452.04,3302.76,metrica:Home:8,metrica:Home,metrica:Away,complete_ten_defenders_unavailable
2,452.04,3302.76,metrica:Home:9,metrica:Home,metrica:Away,complete_ten_defenders_unavailable
2,456.04,3306.76,metrica:Home:1,metrica:Home,metrica:Away,attacker_exposure_unavailable
2,456.04,3306.76,metrica:Home:10,metrica:Home,metrica:Away,complete_ten_defenders_unavailable
2,456.04,3306.76,metrica:Home:12,metrica:Home,metrica:Away,complete_ten_defenders_unavailable
2,456.04,3306.76,metrica:Home:13,metrica:Home,metrica:Away,attacker_exposure_unavailable
2,456.04,3306.76,metrica:Home:14,metrica:Home,metrica:Away,attacker_exposure_unavailable
2,456.04,3306.76,metrica:Home:2,metrica:Home,metrica:Away,complete_ten_defenders_unavailable
2,456.04,3306.76,metrica:Home:3,metrica:Home,metrica:Away,attacker_exposure_unavailable
2,456.04,3306.76,metrica:Home:4,metrica:Home,metrica:Away,complete_ten_defenders_unavailable
2,456.04,3306.76,metrica:Home:5,metrica:Home,metrica:Away,complete_ten_defenders_unavailable
2,456.04,3306.76,metrica:Home:6,metrica:Home,metrica:Away,complete_ten_defenders_unavailable
2,456.04,3306.76,metrica:Home:7,metrica:Home,metrica:Away,complete_ten_defenders_unavailable
2,456.04,3306.76,metrica:Home:8,metrica:Home,metrica:Away,complete_ten_defenders_unavailable
2,456.04,3306.76,metrica:Home:9,metrica:Home,metrica:Away,complete_ten_defenders_unavailable
2,460.04,3310.76,metrica:Home:1,metrica:Home,metrica:Away,attacker_exposure_unavailable
2,460.04,3310.76,metrica:Home:10,metrica:Home,metrica:Away,complete_ten_defenders_unavailable
2,460.04,3310.76,metrica:Home:12,metrica:Home,metrica:Away,complete_ten_defenders_unavailable
2,460.04,3310.76,metrica:Home:13,metrica:Home,metrica:Away,attacker_exposure_unavailable
2,460.04,3310.76,metrica:Home:14,metrica:Home,metrica:Away,attacker_exposure_unavailable
2,460.04,3310.76,metrica:Home:2,metrica:Home,metrica:Away,complete_ten_defenders_unavailable
2,460.04,3310.76,metrica:Home:3,metrica:Home,metrica:Away,attacker_exposure_unavailable
2,460.04,3310.76,metrica:Home:4,metrica:Home,metrica:Away,complete_ten_defenders_unavailable
2,460.04,3310.76,metrica:Home:5,metrica:Home,metrica:Away,complete_ten_defenders_unavailable
2,460.04,3310.76,metrica:Home:6,metrica:Home,metrica:Away,complete_ten_defenders_unavailable
2,460.04,3310.76,metrica:Home:7,metrica:Home,metrica:Away,complete_ten_defenders_unavailable
2,460.04,3310.76,metrica:Home:8,metrica:Home,metrica:Away,complete_ten_defenders_unavailable
2,460.04,3310.76,metrica:Home:9,metrica:Home,metrica:Away,complete_ten_defenders_unavailable
2,464.04,3314.76,metrica:Home:1,metrica:Home,metrica:Away,restart_or_ball_out_primary_span
2,464.04,3314.76,metrica:Home:10,metrica:Home,metrica:Away,restart_or_ball_out_primary_span
2,464.04,3314.76,metrica:Home:12,metrica:Home,metrica:Away,restart_or_ball_out_primary_span
2,464.04,3314.76,metrica:Home:13,metrica:Home,metrica:Away,restart_or_ball_out_primary_span
2,464.04,3314.76,metrica:Home:14,metrica:Home,metrica:Away,restart_or_ball_out_primary_span
2,464.04,3314.76,metrica:Home:2,metrica:Home,metrica:Away,restart_or_ball_out_primary_span
2,464.04,3314.76,metrica:Home:3,metrica:Home,metrica:Away,restart_or_ball_out_primary_span
2,464.04,3314.76,metrica:Home:4,metrica:Home,metrica:Away,restart_or_ball_out_primary_span
2,464.04,3314.76,metrica:Home:5,metrica:Home,metrica:Away,restart_or_ball_out_primary_span
2,464.04,3314.76,metrica:Home:6,metrica:Home,metrica:Away,restart_or_ball_out_primary_span
2,464.04,3314.76,metrica:Home:7,metrica:Home,metrica:Away,restart_or_ball_out_primary_span
2,464.04,3314.76,metrica:Home:8,metrica:Home,metrica:Away,restart_or_ball_out_primary_span
2,464.04,3314.76,metrica:Home:9,metrica:Home,metrica:Away,restart_or_ball_out_primary_span
2,468.04,3318.76,metrica:Away:15,metrica:Away,metrica:Home,restart_or_ball_out_primary_span
2,468.04,3318.76,metrica:Away:16,metrica:Away,metrica:Home,restart_or_ball_out_primary_span
2,468.04,3318.76,metrica:Away:17,metrica:Away,metrica:Home,restart_or_ball_out_primary_span
2,468.04,3318.76,metrica:Away:18,metrica:Away,metrica:Home,restart_or_ball_out_primary_span
2,468.04,3318.76,metrica:Away:19,metrica:Away,metrica:Home,restart_or_ball_out_primary_span
2,468.04,3318.76,metrica:Away:20,metrica:Away,metrica:Home,restart_or_ball_out_primary_span
2,468.04,3318.76,metrica:Away:21,metrica:Away,metrica:Home,restart_or_ball_out_primary_span
2,468.04,3318.76,metrica:Away:22,metrica:Away,metrica:Home,restart_or_ball_out_primary_span
2,468.04,3318.76,metrica:Away:23,metrica:Away,metrica:Home,restart_or_ball_out_primary_span
2,468.04,3318.76,metrica:Away:24,metrica:Away,metrica:Home,restart_or_ball_out_primary_span
2,468.04,3318.76,metrica:Away:26,metrica:Away,metrica:Home,restart_or_ball_out_primary_span
2,468.04,3318.76,metrica:Away:27,metrica:Away,metrica:Home,restart_or_ball_out_primary_span
2,468.04,3318.76,metrica:Away:28,metrica:Away,metrica:Home,restart_or_ball_out_primary_span
2,472.04,3322.76,metrica:Away:15,metrica:Away,metrica:Home,complete_ten_defenders_unavailable
2,472.04,3322.76,metrica:Away:16,metrica:Away,metrica:Home,complete_ten_defenders_unavailable
2,472.04,3322.76,metrica:Away:17,metrica:Away,metrica:Home,complete_ten_defenders_unavailable
2,472.04,3322.76,metrica:Away:18,metrica:Away,metrica:Home,complete_ten_defenders_unavailable
2,472.04,3322.76,metrica:Away:19,metrica:Away,metrica:Home,complete_ten_defenders_unavailable
2,472.04,3322.76,metrica:Away:20,metrica:Away,metrica:Home,complete_ten_defenders_unavailable
2,472.04,3322.76,metrica:Away:21,metrica:Away,metrica:Home,complete_ten_defenders_unavailable
2,472.04,3322.76,metrica:Away:22,metrica:Away,metrica:Home,attacker_exposure_unavailable
2,472.04,3322.76,metrica:Away:23,metrica:Away,metrica:Home,complete_ten_defenders_unavailable
2,472.04,3322.76,metrica:Away:24,metrica:Away,metrica:Home,complete_ten_defenders_unavailable
2,472.04,3322.76,metrica:Away:26,metrica:Away,metrica:Home,attacker_exposure_unavailable
2,472.04,3322.76,metrica:Away:27,metrica:Away,metrica:Home,attacker_exposure_unavailable
2,472.04,3322.76,metrica:Away:28,metrica:Away,metrica:Home,attacker_exposure_unavailable
2,476.04,3326.76,metrica:Away:15,metrica:Away,metrica:Home,complete_ten_defenders_unavailable
2,476.04,3326.76,metrica:Away:16,metrica:Away,metrica:Home,complete_ten_defenders_unavailable
2,476.04,3326.76,metrica:Away:17,metrica:Away,metrica:Home,complete_ten_defenders_unavailable
2,476.04,3326.76,metrica:Away:18,metrica:Away,metrica:Home,complete_ten_defenders_unavailable
2,476.04,3326.76,metrica:Away:19,metrica:Away,metrica:Home,complete_ten_defenders_unavailable
2,476.04,3326.76,metrica:Away:20,metrica:Away,metrica:Home,complete_ten_defenders_unavailable
2,476.04,3326.76,metrica:Away:21,metrica:Away,metrica:Home,complete_ten_defenders_unavailable
2,476.04,3326.76,metrica:Away:22,metrica:Away,metrica:Home,attacker_exposure_unavailable
2,476.04,3326.76,metrica:Away:23,metrica:Away,metrica:Home,complete_ten_defenders_unavailable
2,476.04,3326.76,metrica:Away:24,metrica:Away,metrica:Home,complete_ten_defenders_unavailable
2,476.04,3326.76,metrica:Away:26,metrica:Away,metrica:Home,attacker_exposure_unavailable
2,476.04,3326.76,metrica:Away:27,metrica:Away,metrica:Home,attacker_exposure_unavailable
2,476.04,3326.76,metrica:Away:28,metrica:Away,metrica:Home,attacker_exposure_unavailable
2,480.04,3330.76,metrica:Away:15,metrica:Away,metrica:Home,complete_ten_defenders_unavailable
2,480.04,3330.76,metrica:Away:16,metrica:Away,metrica:Home,complete_ten_defenders_unavailable
2,480.04,3330.76,metrica:Away:17,metrica:Away,metrica:Home,complete_ten_defenders_unavailable
2,480.04,3330.76,metrica:Away:18,metrica:Away,metrica:Home,complete_ten_defenders_unavailable
2,480.04,3330.76,metrica:Away:19,metrica:Away,metrica:Home,complete_ten_defenders_unavailable
2,480.04,3330.76,metrica:Away:20,metrica:Away,metrica:Home,complete_ten_defenders_unavailable
2,480.04,3330.76,metrica:Away:21,metrica:Away,metrica:Home,complete_ten_defenders_unavailable
2,480.04,3330.76,metrica:Away:22,metrica:Away,metrica:Home,attacker_exposure_unavailable
2,480.04,3330.76,metrica:Away:23,metrica:Away,metrica:Home,complete_ten_defenders_unavailable
2,480.04,3330.76,metrica:Away:24,metrica:Away,metrica:Home,complete_ten_defenders_unavailable
2,480.04,3330.76,metrica:Away:26,metrica:Away,metrica:Home,attacker_exposure_unavailable
2,480.04,3330.76,metrica:Away:27,metrica:Away,metrica:Home,attacker_exposure_unavailable
2,480.04,3330.76,metrica:Away:28,metrica:Away,metrica:Home,attacker_exposure_unavailable
2,484.04,3334.76,metrica:Away:15,metrica:Away,metrica:Home,complete_ten_defenders_unavailable
2,484.04,3334.76,metrica:Away:16,metrica:Away,metrica:Home,complete_ten_defenders_unavailable
2,484.04,3334.76,metrica:Away:17,metrica:Away,metrica:Home,complete_ten_defenders_unavailable
2,484.04,3334.76,metrica:Away:18,metrica:Away,metrica:Home,complete_ten_defenders_unavailable
2,484.04,3334.76,metrica:Away:19,metrica:Away,metrica:Home,complete_ten_defenders_unavailable
2,484.04,3334.76,metrica:Away:20,metrica:Away,metrica:Home,complete_ten_defenders_unavailable
2,484.04,3334.76,metrica:Away:21,metrica:Away,metrica:Home,complete_ten_defenders_unavailable
2,484.04,3334.76,metrica:Away:22,metrica:Away,metrica:Home,attacker_exposure_unavailable
2,484.04,3334.76,metrica:Away:23,metrica:Away,metrica:Home,complete_ten_defenders_unavailable
2,484.04,3334.76,metrica:Away:24,metrica:Away,metrica:Home,complete_ten_defenders_unavailable
2,484.04,3334.76,metrica:Away:26,metrica:Away,metrica:Home,attacker_exposure_unavailable
2,484.04,3334.76,metrica:Away:27,metrica:Away,metrica:Home,attacker_exposure_unavailable
2,484.04,3334.76,metrica:Away:28,metrica:Away,metrica:Home,attacker_exposure_unavailable
2,488.04,3338.76,metrica:Away:15,metrica:Away,metrica:Home,complete_ten_defenders_unavailable
2,488.04,3338.76,metrica:Away:16,metrica:Away,metrica:Home,complete_ten_defenders_unavailable
2,488.04,3338.76,metrica:Away:17,metrica:Away,metrica:Home,complete_ten_defenders_unavailable
2,488.04,3338.76,metrica:Away:18,metrica:Away,metrica:Home,complete_ten_defenders_unavailable
2,488.04,3338.76,metrica:Away:19,metrica:Away,metrica:Home,complete_ten_defenders_unavailable
2,488.04,3338.76,metrica:Away:20,metrica:Away,metrica:Home,complete_ten_defenders_unavailable
2,488.04,3338.76,metrica:Away:21,metrica:Away,metrica:Home,complete_ten_defenders_unavailable
2,488.04,3338.76,metrica:Away:22,metrica:Away,metrica:Home,attacker_exposure_unavailable
2,488.04,3338.76,metrica:Away:23,metrica:Away,metrica:Home,complete_ten_defenders_unavailable
2,488.04,3338.76,metrica:Away:24,metrica:Away,metrica:Home,complete_ten_defenders_unavailable
2,488.04,3338.76,metrica:Away:26,metrica:Away,metrica:Home,attacker_exposure_unavailable
2,488.04,3338.76,metrica:Away:27,metrica:Away,metrica:Home,attacker_exposure_unavailable
2,488.04,3338.76,metrica:Away:28,metrica:Away,metrica:Home,attacker_exposure_unavailable
2,492.04,3342.76,metrica:Away:15,metrica:Away,metrica:Home,complete_ten_defenders_unavailable
2,492.04,3342.76,metrica:Away:16,metrica:Away,metrica:Home,complete_ten_defenders_unavailable
2,492.04,3342.76,metrica:Away:17,metrica:Away,metrica:Home,complete_ten_defenders_unavailable
2,492.04,3342.76,metrica:Away:18,metrica:Away,metrica:Home,complete_ten_defenders_unavailable
2,492.04,3342.76,metrica:Away:19,metrica:Away,metrica:Home,complete_ten_defenders_unavailable
2,492.04,3342.76,metrica:Away:20,metrica:Away,metrica:Home,complete_ten_defenders_unavailable
2,492.04,3342.76,metrica:Away:21,metrica:Away,metrica:Home,complete_ten_defenders_unavailable
2,492.04,3342.76,metrica:Away:22,metrica:Away,metrica:Home,attacker_exposure_unavailable
2,492.04,3342.76,metrica:Away:23,metrica:Away,metrica:Home,complete_ten_defenders_unavailable
2,492.04,3342.76,metrica:Away:24,metrica:Away,metrica:Home,complete_ten_defenders_unavailable
2,492.04,3342.76,metrica:Away:26,metrica:Away,metrica:Home,attacker_exposure_unavailable
2,492.04,3342.76,metrica:Away:27,metrica:Away,metrica:Home,attacker_exposure_unavailable
2,492.04,3342.76,metrica:Away:28,metrica:Away,metrica:Home,attacker_exposure_unavailable
2,496.04,3346.76,metrica:Away:15,metrica:Away,metrica:Home,complete_ten_defenders_unavailable
2,496.04,3346.76,metrica:Away:16,metrica:Away,metrica:Home,complete_ten_defenders_unavailable
2,496.04,3346.76,metrica:Away:17,metrica:Away,metrica:Home,complete_ten_defenders_unavailable
2,496.04,3346.76,metrica:Away:18,metrica:Away,metrica:Home,complete_ten_defenders_unavailable
2,496.04,3346.76,metrica:Away:19,metrica:Away,metrica:Home,complete_ten_defenders_unavailable
2,496.04,3346.76,metrica:Away:20,metrica:Away,metrica:Home,complete_ten_defenders_unavailable
2,496.04,3346.76,metrica:Away:21,metrica:Away,metrica:Home,complete_ten_defenders_unavailable
2,496.04,3346.76,metrica:Away:22,metrica:Away,metrica:Home,attacker_exposure_unavailable
2,496.04,3346.76,metrica:Away:23,metrica:Away,metrica:Home,complete_ten_defenders_unavailable
2,496.04,3346.76,metrica:Away:24,metrica:Away,metrica:Home,complete_ten_defenders_unavailable
2,496.04,3346.76,metrica:Away:26,metrica:Away,metrica:Home,attacker_exposure_unavailable
2,496.04,3346.76,metrica:Away:27,metrica:Away,metrica:Home,attacker_exposure_unavailable
2,496.04,3346.76,metrica:Away:28,metrica:Away,metrica:Home,attacker_exposure_unavailable
2,500.04,3350.76,metrica:Away:15,metrica:Away,metrica:Home,complete_ten_defenders_unavailable
2,500.04,3350.76,metrica:Away:16,metrica:Away,metrica:Home,complete_ten_defenders_unavailable
2,500.04,3350.76,metrica:Away:17,metrica:Away,metrica:Home,complete_ten_defenders_unavailable
2,500.04,3350.76,metrica:Away:18,metrica:Away,metrica:Home,complete_ten_defenders_unavailable
2,500.04,3350.76,metrica:Away:19,metrica:Away,metrica:Home,complete_ten_defenders_unavailable
2,500.04,3350.76,metrica:Away:20,metrica:Away,metrica:Home,complete_ten_defenders_unavailable
2,500.04,3350.76,metrica:Away:21,metrica:Away,metrica:Home,complete_ten_defenders_unavailable
2,500.04,3350.76,metrica:Away:22,metrica:Away,metrica:Home,attacker_exposure_unavailable
2,500.04,3350.76,metrica:Away:23,metrica:Away,metrica:Home,complete_ten_defenders_unavailable
2,500.04,3350.76,metrica:Away:24,metrica:Away,metrica:Home,complete_ten_defenders_unavailable
2,500.04,3350.76,metrica:Away:26,metrica:Away,metrica:Home,attacker_exposure_unavailable
2,500.04,3350.76,metrica:Away:27,metrica:Away,metrica:Home,attacker_exposure_unavailable
2,500.04,3350.76,metrica:Away:28,metrica:Away,metrica:Home,attacker_exposure_unavailable
2,504.04,3354.76,metrica:Away:15,metrica:Away,metrica:Home,complete_ten_defenders_unavailable
2,504.04,3354.76,metrica:Away:16,metrica:Away,metrica:Home,complete_ten_defenders_unavailable
2,504.04,3354.76,metrica:Away:17,metrica:Away,metrica:Home,complete_ten_defenders_unavailable
2,504.04,3354.76,metrica:Away:18,metrica:Away,metrica:Home,complete_ten_defenders_unavailable
2,504.04,3354.76,metrica:Away:19,metrica:Away,metrica:Home,complete_ten_defenders_unavailable
2,504.04,3354.76,metrica:Away:20,metrica:Away,metrica:Home,complete_ten_defenders_unavailable
2,504.04,3354.76,metrica:Away:21,metrica:Away,metrica:Home,complete_ten_defenders_unavailable
2,504.04,3354.76,metrica:Away:22,metrica:Away,metrica:Home,attacker_exposure_unavailable
2,504.04,3354.76,metrica:Away:23,metrica:Away,metrica:Home,complete_ten_defenders_unavailable
2,504.04,3354.76,metrica:Away:24,metrica:Away,metrica:Home,complete_ten_defenders_unavailable
2,504.04,3354.76,metrica:Away:26,metrica:Away,metrica:Home,attacker_exposure_unavailable
2,504.04,3354.76,metrica:Away:27,metrica:Away,metrica:Home,attacker_exposure_unavailable
2,504.04,3354.76,metrica:Away:28,metrica:Away,metrica:Home,attacker_exposure_unavailable
2,508.04,3358.76,metrica:Away:15,metrica:Away,metrica:Home,complete_ten_defenders_unavailable
2,508.04,3358.76,metrica:Away:16,metrica:Away,metrica:Home,complete_ten_defenders_unavailable
2,508.04,3358.76,metrica:Away:17,metrica:Away,metrica:Home,complete_ten_defenders_unavailable
2,508.04,3358.76,metrica:Away:18,metrica:Away,metrica:Home,complete_ten_defenders_unavailable
2,508.04,3358.76,metrica:Away:19,metrica:Away,metrica:Home,complete_ten_defenders_unavailable
2,508.04,3358.76,metrica:Away:20,metrica:Away,metrica:Home,complete_ten_defenders_unavailable
2,508.04,3358.76,metrica:Away:21,metrica:Away,metrica:Home,complete_ten_defenders_unavailable
2,508.04,3358.76,metrica:Away:22,metrica:Away,metrica:Home,attacker_exposure_unavailable
2,508.04,3358.76,metrica:Away:23,metrica:Away,metrica:Home,complete_ten_defenders_unavailable
2,508.04,3358.76,metrica:Away:24,metrica:Away,metrica:Home,complete_ten_defenders_unavailable
2,508.04,3358.76,metrica:Away:26,metrica:Away,metrica:Home,attacker_exposure_unavailable
2,508.04,3358.76,metrica:Away:27,metrica:Away,metrica:Home,attacker_exposure_unavailable
2,508.04,3358.76,metrica:Away:28,metrica:Away,metrica:Home,attacker_exposure_unavailable
2,512.04,3362.76,metrica:Home:1,metrica:Home,metrica:Away,attacker_exposure_unavailable
2,512.04,3362.76,metrica:Home:10,metrica:Home,metrica:Away,complete_ten_defenders_unavailable
2,512.04,3362.76,metrica:Home:12,metrica:Home,metrica:Away,complete_ten_defenders_unavailable
2,512.04,3362.76,metrica:Home:13,metrica:Home,metrica:Away,attacker_exposure_unavailable
2,512.04,3362.76,metrica:Home:14,metrica:Home,metrica:Away,attacker_exposure_unavailable
2,512.04,3362.76,metrica:Home:2,metrica:Home,metrica:Away,complete_ten_defenders_unavailable
2,512.04,3362.76,metrica:Home:3,metrica:Home,metrica:Away,attacker_exposure_unavailable
2,512.04,3362.76,metrica:Home:4,metrica:Home,metrica:Away,complete_ten_defenders_unavailable
2,512.04,3362.76,metrica:Home:5,metrica:Home,metrica:Away,complete_ten_defenders_unavailable
2,512.04,3362.76,metrica:Home:6,metrica:Home,metrica:Away,complete_ten_defenders_unavailable
2,512.04,3362.76,metrica:Home:7,metrica:Home,metrica:Away,complete_ten_defenders_unavailable
2,512.04,3362.76,metrica:Home:8,metrica:Home,metrica:Away,complete_ten_defenders_unavailable
2,512.04,3362.76,metrica:Home:9,metrica:Home,metrica:Away,complete_ten_defenders_unavailable
2,516.04,3366.76,metrica:Home:1,metrica:Home,metrica:Away,attacker_exposure_unavailable
2,516.04,3366.76,metrica:Home:10,metrica:Home,metrica:Away,complete_ten_defenders_unavailable
2,516.04,3366.76,metrica:Home:12,metrica:Home,metrica:Away,complete_ten_defenders_unavailable
2,516.04,3366.76,metrica:Home:13,metrica:Home,metrica:Away,attacker_exposure_unavailable
2,516.04,3366.76,metrica:Home:14,metrica:Home,metrica:Away,attacker_exposure_unavailable
2,516.04,3366.76,metrica:Home:2,metrica:Home,metrica:Away,complete_ten_defenders_unavailable
2,516.04,3366.76,metrica:Home:3,metrica:Home,metrica:Away,attacker_exposure_unavailable
2,516.04,3366.76,metrica:Home:4,metrica:Home,metrica:Away,complete_ten_defenders_unavailable
2,516.04,3366.76,metrica:Home:5,metrica:Home,metrica:Away,complete_ten_defenders_unavailable
2,516.04,3366.76,metrica:Home:6,metrica:Home,metrica:Away,complete_ten_defenders_unavailable
2,516.04,3366.76,metrica:Home:7,metrica:Home,metrica:Away,complete_ten_defenders_unavailable
2,516.04,3366.76,metrica:Home:8,metrica:Home,metrica:Away,complete_ten_defenders_unavailable
2,516.04,3366.76,metrica:Home:9,metrica:Home,metrica:Away,complete_ten_defenders_unavailable
2,520.04,3370.76,metrica:Home:1,metrica:Home,metrica:Away,attacker_exposure_unavailable
2,520.04,3370.76,metrica:Home:10,metrica:Home,metrica:Away,complete_ten_defenders_unavailable
2,520.04,3370.76,metrica:Home:12,metrica:Home,metrica:Away,complete_ten_defenders_unavailable
2,520.04,3370.76,metrica:Home:13,metrica:Home,metrica:Away,attacker_exposure_unavailable
2,520.04,3370.76,metrica:Home:14,metrica:Home,metrica:Away,attacker_exposure_unavailable
2,520.04,3370.76,metrica:Home:2,metrica:Home,metrica:Away,complete_ten_defenders_unavailable
2,520.04,3370.76,metrica:Home:3,metrica:Home,metrica:Away,attacker_exposure_unavailable
2,520.04,3370.76,metrica:Home:4,metrica:Home,metrica:Away,complete_ten_defenders_unavailable
2,520.04,3370.76,metrica:Home:5,metrica:Home,metrica:Away,complete_ten_defenders_unavailable
2,520.04,3370.76,metrica:Home:6,metrica:Home,metrica:Away,complete_ten_defenders_unavailable
2,520.04,3370.76,metrica:Home:7,metrica:Home,metrica:Away,complete_ten_defenders_unavailable
2,520.04,3370.76,metrica:Home:8,metrica:Home,metrica:Away,complete_ten_defenders_unavailable
2,520.04,3370.76,metrica:Home:9,metrica:Home,metrica:Away,complete_ten_defenders_unavailable
2,524.04,3374.76,metrica:Home:1,metrica:Home,metrica:Away,restart_or_ball_out_primary_span
2,524.04,3374.76,metrica:Home:10,metrica:Home,metrica:Away,restart_or_ball_out_primary_span
2,524.04,3374.76,metrica:Home:12,metrica:Home,metrica:Away,restart_or_ball_out_primary_span
2,524.04,3374.76,metrica:Home:13,metrica:Home,metrica:Away,restart_or_ball_out_primary_span
2,524.04,3374.76,metrica:Home:14,metrica:Home,metrica:Away,restart_or_ball_out_primary_span
2,524.04,3374.76,metrica:Home:2,metrica:Home,metrica:Away,restart_or_ball_out_primary_span
2,524.04,3374.76,metrica:Home:3,metrica:Home,metrica:Away,restart_or_ball_out_primary_span
2,524.04,3374.76,metrica:Home:4,metrica:Home,metrica:Away,restart_or_ball_out_primary_span
2,524.04,3374.76,metrica:Home:5,metrica:Home,metrica:Away,restart_or_ball_out_primary_span
2,524.04,3374.76,metrica:Home:6,metrica:Home,metrica:Away,restart_or_ball_out_primary_span
2,524.04,3374.76,metrica:Home:7,metrica:Home,metrica:Away,restart_or_ball_out_primary_span
2,524.04,3374.76,metrica:Home:8,metrica:Home,metrica:Away,restart_or_ball_out_primary_span
2,524.04,3374.76,metrica:Home:9,metrica:Home,metrica:Away,restart_or_ball_out_primary_span
2,528.04,3378.76,metrica:Home:1,metrica:Home,metrica:Away,restart_or_ball_out_primary_span
2,528.04,3378.76,metrica:Home:10,metrica:Home,metrica:Away,restart_or_ball_out_primary_span
2,528.04,3378.76,metrica:Home:12,metrica:Home,metrica:Away,restart_or_ball_out_primary_span
2,528.04,3378.76,metrica:Home:13,metrica:Home,metrica:Away,restart_or_ball_out_primary_span
2,528.04,3378.76,metrica:Home:14,metrica:Home,metrica:Away,restart_or_ball_out_primary_span
2,528.04,3378.76,metrica:Home:2,metrica:Home,metrica:Away,restart_or_ball_out_primary_span
2,528.04,3378.76,metrica:Home:3,metrica:Home,metrica:Away,restart_or_ball_out_primary_span
2,528.04,3378.76,metrica:Home:4,metrica:Home,metrica:Away,restart_or_ball_out_primary_span
2,528.04,3378.76,metrica:Home:5,metrica:Home,metrica:Away,restart_or_ball_out_primary_span
2,528.04,3378.76,metrica:Home:6,metrica:Home,metrica:Away,restart_or_ball_out_primary_span
2,528.04,3378.76,metrica:Home:7,metrica:Home,metrica:Away,restart_or_ball_out_primary_span
2,528.04,3378.76,metrica:Home:8,metrica:Home,metrica:Away,restart_or_ball_out_primary_span
2,528.04,3378.76,metrica:Home:9,metrica:Home,metrica:Away,restart_or_ball_out_primary_span
2,532.04,3382.76,metrica:Home:1,metrica:Home,metrica:Away,attacker_exposure_unavailable
2,532.04,3382.76,metrica:Home:10,metrica:Home,metrica:Away,complete_ten_defenders_unavailable
2,532.04,3382.76,metrica:Home:12,metrica:Home,metrica:Away,complete_ten_defenders_unavailable
2,532.04,3382.76,metrica:Home:13,metrica:Home,metrica:Away,attacker_exposure_unavailable
2,532.04,3382.76,metrica:Home:14,metrica:Home,metrica:Away,attacker_exposure_unavailable
2,532.04,3382.76,metrica:Home:2,metrica:Home,metrica:Away,complete_ten_defenders_unavailable
2,532.04,3382.76,metrica:Home:3,metrica:Home,metrica:Away,attacker_exposure_unavailable
2,532.04,3382.76,metrica:Home:4,metrica:Home,metrica:Away,complete_ten_defenders_unavailable
2,532.04,3382.76,metrica:Home:5,metrica:Home,metrica:Away,complete_ten_defenders_unavailable
2,532.04,3382.76,metrica:Home:6,metrica:Home,metrica:Away,complete_ten_defenders_unavailable
2,532.04,3382.76,metrica:Home:7,metrica:Home,metrica:Away,complete_ten_defenders_unavailable
2,532.04,3382.76,metrica:Home:8,metrica:Home,metrica:Away,complete_ten_defenders_unavailable
2,532.04,3382.76,metrica:Home:9,metrica:Home,metrica:Away,complete_ten_defenders_unavailable
2,536.04,3386.76,metrica:Home:1,metrica:Home,metrica:Away,attacker_exposure_unavailable
2,536.04,3386.76,metrica:Home:10,metrica:Home,metrica:Away,complete_ten_defenders_unavailable
2,536.04,3386.76,metrica:Home:12,metrica:Home,metrica:Away,complete_ten_defenders_unavailable
2,536.04,3386.76,metrica:Home:13,metrica:Home,metrica:Away,attacker_exposure_unavailable
2,536.04,3386.76,metrica:Home:14,metrica:Home,metrica:Away,attacker_exposure_unavailable
2,536.04,3386.76,metrica:Home:2,metrica:Home,metrica:Away,complete_ten_defenders_unavailable
2,536.04,3386.76,metrica:Home:3,metrica:Home,metrica:Away,attacker_exposure_unavailable
2,536.04,3386.76,metrica:Home:4,metrica:Home,metrica:Away,complete_ten_defenders_unavailable
2,536.04,3386.76,metrica:Home:5,metrica:Home,metrica:Away,complete_ten_defenders_unavailable
2,536.04,3386.76,metrica:Home:6,metrica:Home,metrica:Away,complete_ten_defenders_unavailable
2,536.04,3386.76,metrica:Home:7,metrica:Home,metrica:Away,complete_ten_defenders_unavailable
2,536.04,3386.76,metrica:Home:8,metrica:Home,metrica:Away,complete_ten_defenders_unavailable
2,536.04,3386.76,metrica:Home:9,metrica:Home,metrica:Away,complete_ten_defenders_unavailable
2,540.04,3390.76,metrica:Home:1,metrica:Home,metrica:Away,attacker_exposure_unavailable
2,540.04,3390.76,metrica:Home:10,metrica:Home,metrica:Away,complete_ten_defenders_unavailable
2,540.04,3390.76,metrica:Home:12,metrica:Home,metrica:Away,complete_ten_defenders_unavailable
2,540.04,3390.76,metrica:Home:13,metrica:Home,metrica:Away,attacker_exposure_unavailable
2,540.04,3390.76,metrica:Home:14,metrica:Home,metrica:Away,attacker_exposure_unavailable
2,540.04,3390.76,metrica:Home:2,metrica:Home,metrica:Away,complete_ten_defenders_unavailable
2,540.04,3390.76,metrica:Home:3,metrica:Home,metrica:Away,attacker_exposure_unavailable
2,540.04,3390.76,metrica:Home:4,metrica:Home,metrica:Away,complete_ten_defenders_unavailable
2,540.04,3390.76,metrica:Home:5,metrica:Home,metrica:Away,complete_ten_defenders_unavailable
2,540.04,3390.76,metrica:Home:6,metrica:Home,metrica:Away,complete_ten_defenders_unavailable
2,540.04,3390.76,metrica:Home:7,metrica:Home,metrica:Away,complete_ten_defenders_unavailable
2,540.04,3390.76,metrica:Home:8,metrica:Home,metrica:Away,complete_ten_defenders_unavailable
2,540.04,3390.76,metrica:Home:9,metrica:Home,metrica:Away,complete_ten_defenders_unavailable
2,544.04,3394.76,metrica:Home:1,metrica:Home,metrica:Away,attacker_exposure_unavailable
2,544.04,3394.76,metrica:Home:10,metrica:Home,metrica:Away,complete_ten_defenders_unavailable
2,544.04,3394.76,metrica:Home:12,metrica:Home,metrica:Away,complete_ten_defenders_unavailable
2,544.04,3394.76,metrica:Home:13,metrica:Home,metrica:Away,attacker_exposure_unavailable
2,544.04,3394.76,metrica:Home:14,metrica:Home,metrica:Away,attacker_exposure_unavailable
2,544.04,3394.76,metrica:Home:2,metrica:Home,metrica:Away,complete_ten_defenders_unavailable
2,544.04,3394.76,metrica:Home:3,metrica:Home,metrica:Away,attacker_exposure_unavailable
2,544.04,3394.76,metrica:Home:4,metrica:Home,metrica:Away,complete_ten_defenders_unavailable
2,544.04,3394.76,metrica:Home:5,metrica:Home,metrica:Away,complete_ten_defenders_unavailable
2,544.04,3394.76,metrica:Home:6,metrica:Home,metrica:Away,complete_ten_defenders_unavailable
2,544.04,3394.76,metrica:Home:7,metrica:Home,metrica:Away,complete_ten_defenders_unavailable
2,544.04,3394.76,metrica:Home:8,metrica:Home,metrica:Away,complete_ten_defenders_unavailable
2,544.04,3394.76,metrica:Home:9,metrica:Home,metrica:Away,complete_ten_defenders_unavailable
2,548.04,3398.76,metrica:Away:15,metrica:Away,metrica:Home,restart_or_ball_out_primary_span
2,548.04,3398.76,metrica:Away:16,metrica:Away,metrica:Home,restart_or_ball_out_primary_span
2,548.04,3398.76,metrica:Away:17,metrica:Away,metrica:Home,restart_or_ball_out_primary_span
2,548.04,3398.76,metrica:Away:18,metrica:Away,metrica:Home,restart_or_ball_out_primary_span
2,548.04,3398.76,metrica:Away:19,metrica:Away,metrica:Home,restart_or_ball_out_primary_span
2,548.04,3398.76,metrica:Away:20,metrica:Away,metrica:Home,restart_or_ball_out_primary_span
2,548.04,3398.76,metrica:Away:21,metrica:Away,metrica:Home,restart_or_ball_out_primary_span
2,548.04,3398.76,metrica:Away:22,metrica:Away,metrica:Home,restart_or_ball_out_primary_span
2,548.04,3398.76,metrica:Away:23,metrica:Away,metrica:Home,restart_or_ball_out_primary_span
2,548.04,3398.76,metrica:Away:24,metrica:Away,metrica:Home,restart_or_ball_out_primary_span
2,548.04,3398.76,metrica:Away:26,metrica:Away,metrica:Home,restart_or_ball_out_primary_span
2,548.04,3398.76,metrica:Away:27,metrica:Away,metrica:Home,restart_or_ball_out_primary_span
2,548.04,3398.76,metrica:Away:28,metrica:Away,metrica:Home,restart_or_ball_out_primary_span
2,552.04,3402.76,metrica:Away:15,metrica:Away,metrica:Home,complete_ten_defenders_unavailable
2,552.04,3402.76,metrica:Away:16,metrica:Away,metrica:Home,complete_ten_defenders_unavailable
2,552.04,3402.76,metrica:Away:17,metrica:Away,metrica:Home,complete_ten_defenders_unavailable
2,552.04,3402.76,metrica:Away:18,metrica:Away,metrica:Home,complete_ten_defenders_unavailable
2,552.04,3402.76,metrica:Away:19,metrica:Away,metrica:Home,complete_ten_defenders_unavailable
2,552.04,3402.76,metrica:Away:20,metrica:Away,metrica:Home,complete_ten_defenders_unavailable
2,552.04,3402.76,metrica:Away:21,metrica:Away,metrica:Home,complete_ten_defenders_unavailable
2,552.04,3402.76,metrica:Away:22,metrica:Away,metrica:Home,attacker_exposure_unavailable
2,552.04,3402.76,metrica:Away:23,metrica:Away,metrica:Home,complete_ten_defenders_unavailable
2,552.04,3402.76,metrica:Away:24,metrica:Away,metrica:Home,complete_ten_defenders_unavailable
2,552.04,3402.76,metrica:Away:26,metrica:Away,metrica:Home,attacker_exposure_unavailable
2,552.04,3402.76,metrica:Away:27,metrica:Away,metrica:Home,attacker_exposure_unavailable
2,552.04,3402.76,metrica:Away:28,metrica:Away,metrica:Home,attacker_exposure_unavailable
2,556.04,3406.76,metrica:Away:15,metrica:Away,metrica:Home,complete_ten_defenders_unavailable
2,556.04,3406.76,metrica:Away:16,metrica:Away,metrica:Home,complete_ten_defenders_unavailable
2,556.04,3406.76,metrica:Away:17,metrica:Away,metrica:Home,complete_ten_defenders_unavailable
2,556.04,3406.76,metrica:Away:18,metrica:Away,metrica:Home,complete_ten_defenders_unavailable
2,556.04,3406.76,metrica:Away:19,metrica:Away,metrica:Home,complete_ten_defenders_unavailable
2,556.04,3406.76,metrica:Away:20,metrica:Away,metrica:Home,complete_ten_defenders_unavailable
2,556.04,3406.76,metrica:Away:21,metrica:Away,metrica:Home,complete_ten_defenders_unavailable
2,556.04,3406.76,metrica:Away:22,metrica:Away,metrica:Home,attacker_exposure_unavailable
2,556.04,3406.76,metrica:Away:23,metrica:Away,metrica:Home,complete_ten_defenders_unavailable
2,556.04,3406.76,metrica:Away:24,metrica:Away,metrica:Home,complete_ten_defenders_unavailable
2,556.04,3406.76,metrica:Away:26,metrica:Away,metrica:Home,attacker_exposure_unavailable
2,556.04,3406.76,metrica:Away:27,metrica:Away,metrica:Home,attacker_exposure_unavailable
2,556.04,3406.76,metrica:Away:28,metrica:Away,metrica:Home,attacker_exposure_unavailable
2,560.04,3410.76,metrica:Away:15,metrica:Away,metrica:Home,complete_ten_defenders_unavailable
2,560.04,3410.76,metrica:Away:16,metrica:Away,metrica:Home,complete_ten_defenders_unavailable
2,560.04,3410.76,metrica:Away:17,metrica:Away,metrica:Home,complete_ten_defenders_unavailable
2,560.04,3410.76,metrica:Away:18,metrica:Away,metrica:Home,complete_ten_defenders_unavailable
2,560.04,3410.76,metrica:Away:19,metrica:Away,metrica:Home,complete_ten_defenders_unavailable
2,560.04,3410.76,metrica:Away:20,metrica:Away,metrica:Home,complete_ten_defenders_unavailable
2,560.04,3410.76,metrica:Away:21,metrica:Away,metrica:Home,complete_ten_defenders_unavailable
2,560.04,3410.76,metrica:Away:22,metrica:Away,metrica:Home,attacker_exposure_unavailable
2,560.04,3410.76,metrica:Away:23,metrica:Away,metrica:Home,complete_ten_defenders_unavailable
2,560.04,3410.76,metrica:Away:24,metrica:Away,metrica:Home,complete_ten_defenders_unavailable
2,560.04,3410.76,metrica:Away:26,metrica:Away,metrica:Home,attacker_exposure_unavailable
2,560.04,3410.76,metrica:Away:27,metrica:Away,metrica:Home,attacker_exposure_unavailable
2,560.04,3410.76,metrica:Away:28,metrica:Away,metrica:Home,attacker_exposure_unavailable
2,564.04,3414.76,metrica:Away:15,metrica:Away,metrica:Home,complete_ten_defenders_unavailable
2,564.04,3414.76,metrica:Away:16,metrica:Away,metrica:Home,complete_ten_defenders_unavailable
2,564.04,3414.76,metrica:Away:17,metrica:Away,metrica:Home,complete_ten_defenders_unavailable
2,564.04,3414.76,metrica:Away:18,metrica:Away,metrica:Home,complete_ten_defenders_unavailable
2,564.04,3414.76,metrica:Away:19,metrica:Away,metrica:Home,complete_ten_defenders_unavailable
2,564.04,3414.76,metrica:Away:20,metrica:Away,metrica:Home,complete_ten_defenders_unavailable
2,564.04,3414.76,metrica:Away:21,metrica:Away,metrica:Home,complete_ten_defenders_unavailable
2,564.04,3414.76,metrica:Away:22,metrica:Away,metrica:Home,attacker_exposure_unavailable
2,564.04,3414.76,metrica:Away:23,metrica:Away,metrica:Home,complete_ten_defenders_unavailable
2,564.04,3414.76,metrica:Away:24,metrica:Away,metrica:Home,complete_ten_defenders_unavailable
2,564.04,3414.76,metrica:Away:26,metrica:Away,metrica:Home,attacker_exposure_unavailable
2,564.04,3414.76,metrica:Away:27,metrica:Away,metrica:Home,attacker_exposure_unavailable
2,564.04,3414.76,metrica:Away:28,metrica:Away,metrica:Home,attacker_exposure_unavailable
2,568.04,3418.76,metrica:Away:15,metrica:Away,metrica:Home,complete_ten_defenders_unavailable
2,568.04,3418.76,metrica:Away:16,metrica:Away,metrica:Home,complete_ten_defenders_unavailable
2,568.04,3418.76,metrica:Away:17,metrica:Away,metrica:Home,complete_ten_defenders_unavailable
2,568.04,3418.76,metrica:Away:18,metrica:Away,metrica:Home,complete_ten_defenders_unavailable
2,568.04,3418.76,metrica:Away:19,metrica:Away,metrica:Home,complete_ten_defenders_unavailable
2,568.04,3418.76,metrica:Away:20,metrica:Away,metrica:Home,complete_ten_defenders_unavailable
2,568.04,3418.76,metrica:Away:21,metrica:Away,metrica:Home,complete_ten_defenders_unavailable
2,568.04,3418.76,metrica:Away:22,metrica:Away,metrica:Home,attacker_exposure_unavailable
2,568.04,3418.76,metrica:Away:23,metrica:Away,metrica:Home,complete_ten_defenders_unavailable
2,568.04,3418.76,metrica:Away:24,metrica:Away,metrica:Home,complete_ten_defenders_unavailable
2,568.04,3418.76,metrica:Away:26,metrica:Away,metrica:Home,attacker_exposure_unavailable
2,568.04,3418.76,metrica:Away:27,metrica:Away,metrica:Home,attacker_exposure_unavailable
2,568.04,3418.76,metrica:Away:28,metrica:Away,metrica:Home,attacker_exposure_unavailable
2,572.04,3422.76,metrica:Away:15,metrica:Away,metrica:Home,complete_ten_defenders_unavailable
2,572.04,3422.76,metrica:Away:16,metrica:Away,metrica:Home,complete_ten_defenders_unavailable
2,572.04,3422.76,metrica:Away:17,metrica:Away,metrica:Home,complete_ten_defenders_unavailable
2,572.04,3422.76,metrica:Away:18,metrica:Away,metrica:Home,complete_ten_defenders_unavailable
2,572.04,3422.76,metrica:Away:19,metrica:Away,metrica:Home,complete_ten_defenders_unavailable
2,572.04,3422.76,metrica:Away:20,metrica:Away,metrica:Home,complete_ten_defenders_unavailable
2,572.04,3422.76,metrica:Away:21,metrica:Away,metrica:Home,complete_ten_defenders_unavailable
2,572.04,3422.76,metrica:Away:22,metrica:Away,metrica:Home,attacker_exposure_unavailable
2,572.04,3422.76,metrica:Away:23,metrica:Away,metrica:Home,complete_ten_defenders_unavailable
2,572.04,3422.76,metrica:Away:24,metrica:Away,metrica:Home,complete_ten_defenders_unavailable
2,572.04,3422.76,metrica:Away:26,metrica:Away,metrica:Home,attacker_exposure_unavailable
2,572.04,3422.76,metrica:Away:27,metrica:Away,metrica:Home,attacker_exposure_unavailable
2,572.04,3422.76,metrica:Away:28,metrica:Away,metrica:Home,attacker_exposure_unavailable
2,576.04,3426.76,metrica:Away:15,metrica:Away,metrica:Home,complete_ten_defenders_unavailable
2,576.04,3426.76,metrica:Away:16,metrica:Away,metrica:Home,complete_ten_defenders_unavailable
2,576.04,3426.76,metrica:Away:17,metrica:Away,metrica:Home,complete_ten_defenders_unavailable
2,576.04,3426.76,metrica:Away:18,metrica:Away,metrica:Home,complete_ten_defenders_unavailable
2,576.04,3426.76,metrica:Away:19,metrica:Away,metrica:Home,complete_ten_defenders_unavailable
2,576.04,3426.76,metrica:Away:20,metrica:Away,metrica:Home,complete_ten_defenders_unavailable
2,576.04,3426.76,metrica:Away:21,metrica:Away,metrica:Home,complete_ten_defenders_unavailable
2,576.04,3426.76,metrica:Away:22,metrica:Away,metrica:Home,attacker_exposure_unavailable
2,576.04,3426.76,metrica:Away:23,metrica:Away,metrica:Home,complete_ten_defenders_unavailable
2,576.04,3426.76,metrica:Away:24,metrica:Away,metrica:Home,complete_ten_defenders_unavailable
2,576.04,3426.76,metrica:Away:26,metrica:Away,metrica:Home,attacker_exposure_unavailable
2,576.04,3426.76,metrica:Away:27,metrica:Away,metrica:Home,attacker_exposure_unavailable
2,576.04,3426.76,metrica:Away:28,metrica:Away,metrica:Home,attacker_exposure_unavailable
2,580.04,3430.76,metrica:Away:15,metrica:Away,metrica:Home,complete_ten_defenders_unavailable
2,580.04,3430.76,metrica:Away:16,metrica:Away,metrica:Home,complete_ten_defenders_unavailable
2,580.04,3430.76,metrica:Away:17,metrica:Away,metrica:Home,complete_ten_defenders_unavailable
2,580.04,3430.76,metrica:Away:18,metrica:Away,metrica:Home,complete_ten_defenders_unavailable
2,580.04,3430.76,metrica:Away:19,metrica:Away,metrica:Home,complete_ten_defenders_unavailable
2,580.04,3430.76,metrica:Away:20,metrica:Away,metrica:Home,complete_ten_defenders_unavailable
2,580.04,3430.76,metrica:Away:21,metrica:Away,metrica:Home,complete_ten_defenders_unavailable
2,580.04,3430.76,metrica:Away:22,metrica:Away,metrica:Home,attacker_exposure_unavailable
2,580.04,3430.76,metrica:Away:23,metrica:Away,metrica:Home,complete_ten_defenders_unavailable
2,580.04,3430.76,metrica:Away:24,metrica:Away,metrica:Home,complete_ten_defenders_unavailable
2,580.04,3430.76,metrica:Away:26,metrica:Away,metrica:Home,attacker_exposure_unavailable
2,580.04,3430.76,metrica:Away:27,metrica:Away,metrica:Home,attacker_exposure_unavailable
2,580.04,3430.76,metrica:Away:28,metrica:Away,metrica:Home,attacker_exposure_unavailable
2,584.04,3434.76,metrica:Away:15,metrica:Away,metrica:Home,restart_or_ball_out_primary_span
2,584.04,3434.76,metrica:Away:16,metrica:Away,metrica:Home,restart_or_ball_out_primary_span
2,584.04,3434.76,metrica:Away:17,metrica:Away,metrica:Home,restart_or_ball_out_primary_span
2,584.04,3434.76,metrica:Away:18,metrica:Away,metrica:Home,restart_or_ball_out_primary_span
2,584.04,3434.76,metrica:Away:19,metrica:Away,metrica:Home,restart_or_ball_out_primary_span
2,584.04,3434.76,metrica:Away:20,metrica:Away,metrica:Home,restart_or_ball_out_primary_span
2,584.04,3434.76,metrica:Away:21,metrica:Away,metrica:Home,restart_or_ball_out_primary_span
2,584.04,3434.76,metrica:Away:22,metrica:Away,metrica:Home,restart_or_ball_out_primary_span
2,584.04,3434.76,metrica:Away:23,metrica:Away,metrica:Home,restart_or_ball_out_primary_span
2,584.04,3434.76,metrica:Away:24,metrica:Away,metrica:Home,restart_or_ball_out_primary_span
2,584.04,3434.76,metrica:Away:26,metrica:Away,metrica:Home,restart_or_ball_out_primary_span
2,584.04,3434.76,metrica:Away:27,metrica:Away,metrica:Home,restart_or_ball_out_primary_span
2,584.04,3434.76,metrica:Away:28,metrica:Away,metrica:Home,restart_or_ball_out_primary_span
2,588.04,3438.76,metrica:Home:1,metrica:Home,metrica:Away,restart_or_ball_out_primary_span
2,588.04,3438.76,metrica:Home:10,metrica:Home,metrica:Away,restart_or_ball_out_primary_span
2,588.04,3438.76,metrica:Home:12,metrica:Home,metrica:Away,restart_or_ball_out_primary_span
2,588.04,3438.76,metrica:Home:13,metrica:Home,metrica:Away,restart_or_ball_out_primary_span
2,588.04,3438.76,metrica:Home:14,metrica:Home,metrica:Away,restart_or_ball_out_primary_span
2,588.04,3438.76,metrica:Home:2,metrica:Home,metrica:Away,restart_or_ball_out_primary_span
2,588.04,3438.76,metrica:Home:3,metrica:Home,metrica:Away,restart_or_ball_out_primary_span
2,588.04,3438.76,metrica:Home:4,metrica:Home,metrica:Away,restart_or_ball_out_primary_span
2,588.04,3438.76,metrica:Home:5,metrica:Home,metrica:Away,restart_or_ball_out_primary_span
2,588.04,3438.76,metrica:Home:6,metrica:Home,metrica:Away,restart_or_ball_out_primary_span
2,588.04,3438.76,metrica:Home:7,metrica:Home,metrica:Away,restart_or_ball_out_primary_span
2,588.04,3438.76,metrica:Home:8,metrica:Home,metrica:Away,restart_or_ball_out_primary_span
2,588.04,3438.76,metrica:Home:9,metrica:Home,metrica:Away,restart_or_ball_out_primary_span
2,592.04,3442.76,metrica:Home:1,metrica:Home,metrica:Away,attacker_exposure_unavailable
2,592.04,3442.76,metrica:Home:10,metrica:Home,metrica:Away,complete_ten_defenders_unavailable
2,592.04,3442.76,metrica:Home:12,metrica:Home,metrica:Away,complete_ten_defenders_unavailable
2,592.04,3442.76,metrica:Home:13,metrica:Home,metrica:Away,attacker_exposure_unavailable
2,592.04,3442.76,metrica:Home:14,metrica:Home,metrica:Away,attacker_exposure_unavailable
2,592.04,3442.76,metrica:Home:2,metrica:Home,metrica:Away,complete_ten_defenders_unavailable
2,592.04,3442.76,metrica:Home:3,metrica:Home,metrica:Away,attacker_exposure_unavailable
2,592.04,3442.76,metrica:Home:4,metrica:Home,metrica:Away,complete_ten_defenders_unavailable
2,592.04,3442.76,metrica:Home:5,metrica:Home,metrica:Away,complete_ten_defenders_unavailable
2,592.04,3442.76,metrica:Home:6,metrica:Home,metrica:Away,complete_ten_defenders_unavailable
2,592.04,3442.76,metrica:Home:7,metrica:Home,metrica:Away,complete_ten_defenders_unavailable
2,592.04,3442.76,metrica:Home:8,metrica:Home,metrica:Away,complete_ten_defenders_unavailable
2,592.04,3442.76,metrica:Home:9,metrica:Home,metrica:Away,complete_ten_defenders_unavailable
2,596.04,3446.76,metrica:Away:15,metrica:Away,metrica:Home,complete_ten_defenders_unavailable
2,596.04,3446.76,metrica:Away:16,metrica:Away,metrica:Home,complete_ten_defenders_unavailable
2,596.04,3446.76,metrica:Away:17,metrica:Away,metrica:Home,complete_ten_defenders_unavailable
2,596.04,3446.76,metrica:Away:18,metrica:Away,metrica:Home,complete_ten_defenders_unavailable
2,596.04,3446.76,metrica:Away:19,metrica:Away,metrica:Home,complete_ten_defenders_unavailable
2,596.04,3446.76,metrica:Away:20,metrica:Away,metrica:Home,complete_ten_defenders_unavailable
2,596.04,3446.76,metrica:Away:21,metrica:Away,metrica:Home,complete_ten_defenders_unavailable
2,596.04,3446.76,metrica:Away:22,metrica:Away,metrica:Home,attacker_exposure_unavailable
2,596.04,3446.76,metrica:Away:23,metrica:Away,metrica:Home,complete_ten_defenders_unavailable
2,596.04,3446.76,metrica:Away:24,metrica:Away,metrica:Home,complete_ten_defenders_unavailable
2,596.04,3446.76,metrica:Away:26,metrica:Away,metrica:Home,attacker_exposure_unavailable
2,596.04,3446.76,metrica:Away:27,metrica:Away,metrica:Home,attacker_exposure_unavailable
2,596.04,3446.76,metrica:Away:28,metrica:Away,metrica:Home,attacker_exposure_unavailable
2,600.04,3450.76,metrica:Away:15,metrica:Away,metrica:Home,complete_ten_defenders_unavailable
2,600.04,3450.76,metrica:Away:16,metrica:Away,metrica:Home,complete_ten_defenders_unavailable
2,600.04,3450.76,metrica:Away:17,metrica:Away,metrica:Home,complete_ten_defenders_unavailable
2,600.04,3450.76,metrica:Away:18,metrica:Away,metrica:Home,complete_ten_defenders_unavailable
2,600.04,3450.76,metrica:Away:19,metrica:Away,metrica:Home,complete_ten_defenders_unavailable
2,600.04,3450.76,metrica:Away:20,metrica:Away,metrica:Home,complete_ten_defenders_unavailable
2,600.04,3450.76,metrica:Away:21,metrica:Away,metrica:Home,complete_ten_defenders_unavailable
2,600.04,3450.76,metrica:Away:22,metrica:Away,metrica:Home,attacker_exposure_unavailable
2,600.04,3450.76,metrica:Away:23,metrica:Away,metrica:Home,complete_ten_defenders_unavailable
2,600.04,3450.76,metrica:Away:24,metrica:Away,metrica:Home,complete_ten_defenders_unavailable
2,600.04,3450.76,metrica:Away:26,metrica:Away,metrica:Home,attacker_exposure_unavailable
2,600.04,3450.76,metrica:Away:27,metrica:Away,metrica:Home,attacker_exposure_unavailable
2,600.04,3450.76,metrica:Away:28,metrica:Away,metrica:Home,attacker_exposure_unavailable
2,604.04,3454.76,metrica:Away:15,metrica:Away,metrica:Home,complete_ten_defenders_unavailable
2,604.04,3454.76,metrica:Away:16,metrica:Away,metrica:Home,complete_ten_defenders_unavailable
2,604.04,3454.76,metrica:Away:17,metrica:Away,metrica:Home,complete_ten_defenders_unavailable
2,604.04,3454.76,metrica:Away:18,metrica:Away,metrica:Home,complete_ten_defenders_unavailable
2,604.04,3454.76,metrica:Away:19,metrica:Away,metrica:Home,complete_ten_defenders_unavailable
2,604.04,3454.76,metrica:Away:20,metrica:Away,metrica:Home,complete_ten_defenders_unavailable
2,604.04,3454.76,metrica:Away:21,metrica:Away,metrica:Home,complete_ten_defenders_unavailable
2,604.04,3454.76,metrica:Away:22,metrica:Away,metrica:Home,attacker_exposure_unavailable
2,604.04,3454.76,metrica:Away:23,metrica:Away,metrica:Home,complete_ten_defenders_unavailable
2,604.04,3454.76,metrica:Away:24,metrica:Away,metrica:Home,complete_ten_defenders_unavailable
2,604.04,3454.76,metrica:Away:26,metrica:Away,metrica:Home,attacker_exposure_unavailable
2,604.04,3454.76,metrica:Away:27,metrica:Away,metrica:Home,attacker_exposure_unavailable
2,604.04,3454.76,metrica:Away:28,metrica:Away,metrica:Home,attacker_exposure_unavailable
2,608.04,3458.76,metrica:Away:15,metrica:Away,metrica:Home,complete_ten_defenders_unavailable
2,608.04,3458.76,metrica:Away:16,metrica:Away,metrica:Home,complete_ten_defenders_unavailable
2,608.04,3458.76,metrica:Away:17,metrica:Away,metrica:Home,complete_ten_defenders_unavailable
2,608.04,3458.76,metrica:Away:18,metrica:Away,metrica:Home,complete_ten_defenders_unavailable
2,608.04,3458.76,metrica:Away:19,metrica:Away,metrica:Home,complete_ten_defenders_unavailable
2,608.04,3458.76,metrica:Away:20,metrica:Away,metrica:Home,complete_ten_defenders_unavailable
2,608.04,3458.76,metrica:Away:21,metrica:Away,metrica:Home,complete_ten_defenders_unavailable
2,608.04,3458.76,metrica:Away:22,metrica:Away,metrica:Home,attacker_exposure_unavailable
2,608.04,3458.76,metrica:Away:23,metrica:Away,metrica:Home,complete_ten_defenders_unavailable
2,608.04,3458.76,metrica:Away:24,metrica:Away,metrica:Home,complete_ten_defenders_unavailable
2,608.04,3458.76,metrica:Away:26,metrica:Away,metrica:Home,attacker_exposure_unavailable
2,608.04,3458.76,metrica:Away:27,metrica:Away,metrica:Home,attacker_exposure_unavailable
2,608.04,3458.76,metrica:Away:28,metrica:Away,metrica:Home,attacker_exposure_unavailable
2,612.04,3462.76,metrica:Away:15,metrica:Away,metrica:Home,complete_ten_defenders_unavailable
2,612.04,3462.76,metrica:Away:16,metrica:Away,metrica:Home,complete_ten_defenders_unavailable
2,612.04,3462.76,metrica:Away:17,metrica:Away,metrica:Home,complete_ten_defenders_unavailable
2,612.04,3462.76,metrica:Away:18,metrica:Away,metrica:Home,complete_ten_defenders_unavailable
2,612.04,3462.76,metrica:Away:19,metrica:Away,metrica:Home,complete_ten_defenders_unavailable
2,612.04,3462.76,metrica:Away:20,metrica:Away,metrica:Home,complete_ten_defenders_unavailable
2,612.04,3462.76,metrica:Away:21,metrica:Away,metrica:Home,complete_ten_defenders_unavailable
2,612.04,3462.76,metrica:Away:22,metrica:Away,metrica:Home,attacker_exposure_unavailable
2,612.04,3462.76,metrica:Away:23,metrica:Away,metrica:Home,complete_ten_defenders_unavailable
2,612.04,3462.76,metrica:Away:24,metrica:Away,metrica:Home,complete_ten_defenders_unavailable
2,612.04,3462.76,metrica:Away:26,metrica:Away,metrica:Home,attacker_exposure_unavailable
2,612.04,3462.76,metrica:Away:27,metrica:Away,metrica:Home,attacker_exposure_unavailable
2,612.04,3462.76,metrica:Away:28,metrica:Away,metrica:Home,attacker_exposure_unavailable
2,616.04,3466.76,metrica:Away:15,metrica:Away,metrica:Home,complete_ten_defenders_unavailable
2,616.04,3466.76,metrica:Away:16,metrica:Away,metrica:Home,complete_ten_defenders_unavailable
2,616.04,3466.76,metrica:Away:17,metrica:Away,metrica:Home,complete_ten_defenders_unavailable
2,616.04,3466.76,metrica:Away:18,metrica:Away,metrica:Home,complete_ten_defenders_unavailable
2,616.04,3466.76,metrica:Away:19,metrica:Away,metrica:Home,complete_ten_defenders_unavailable
2,616.04,3466.76,metrica:Away:20,metrica:Away,metrica:Home,complete_ten_defenders_unavailable
2,616.04,3466.76,metrica:Away:21,metrica:Away,metrica:Home,complete_ten_defenders_unavailable
2,616.04,3466.76,metrica:Away:22,metrica:Away,metrica:Home,attacker_exposure_unavailable
2,616.04,3466.76,metrica:Away:23,metrica:Away,metrica:Home,complete_ten_defenders_unavailable
2,616.04,3466.76,metrica:Away:24,metrica:Away,metrica:Home,complete_ten_defenders_unavailable
2,616.04,3466.76,metrica:Away:26,metrica:Away,metrica:Home,attacker_exposure_unavailable
2,616.04,3466.76,metrica:Away:27,metrica:Away,metrica:Home,attacker_exposure_unavailable
2,616.04,3466.76,metrica:Away:28,metrica:Away,metrica:Home,attacker_exposure_unavailable
2,620.04,3470.76,metrica:Away:15,metrica:Away,metrica:Home,complete_ten_defenders_unavailable
2,620.04,3470.76,metrica:Away:16,metrica:Away,metrica:Home,complete_ten_defenders_unavailable
2,620.04,3470.76,metrica:Away:17,metrica:Away,metrica:Home,complete_ten_defenders_unavailable
2,620.04,3470.76,metrica:Away:18,metrica:Away,metrica:Home,complete_ten_defenders_unavailable
2,620.04,3470.76,metrica:Away:19,metrica:Away,metrica:Home,complete_ten_defenders_unavailable
2,620.04,3470.76,metrica:Away:20,metrica:Away,metrica:Home,complete_ten_defenders_unavailable
2,620.04,3470.76,metrica:Away:21,metrica:Away,metrica:Home,complete_ten_defenders_unavailable
2,620.04,3470.76,metrica:Away:22,metrica:Away,metrica:Home,attacker_exposure_unavailable
2,620.04,3470.76,metrica:Away:23,metrica:Away,metrica:Home,complete_ten_defenders_unavailable
2,620.04,3470.76,metrica:Away:24,metrica:Away,metrica:Home,complete_ten_defenders_unavailable
2,620.04,3470.76,metrica:Away:26,metrica:Away,metrica:Home,attacker_exposure_unavailable
2,620.04,3470.76,metrica:Away:27,metrica:Away,metrica:Home,attacker_exposure_unavailable
2,620.04,3470.76,metrica:Away:28,metrica:Away,metrica:Home,attacker_exposure_unavailable
2,624.04,3474.76,metrica:Home:1,metrica:Home,metrica:Away,restart_or_ball_out_primary_span
2,624.04,3474.76,metrica:Home:10,metrica:Home,metrica:Away,restart_or_ball_out_primary_span
2,624.04,3474.76,metrica:Home:12,metrica:Home,metrica:Away,restart_or_ball_out_primary_span
2,624.04,3474.76,metrica:Home:13,metrica:Home,metrica:Away,restart_or_ball_out_primary_span
2,624.04,3474.76,metrica:Home:14,metrica:Home,metrica:Away,restart_or_ball_out_primary_span
2,624.04,3474.76,metrica:Home:2,metrica:Home,metrica:Away,restart_or_ball_out_primary_span
2,624.04,3474.76,metrica:Home:3,metrica:Home,metrica:Away,restart_or_ball_out_primary_span
2,624.04,3474.76,metrica:Home:4,metrica:Home,metrica:Away,restart_or_ball_out_primary_span
2,624.04,3474.76,metrica:Home:5,metrica:Home,metrica:Away,restart_or_ball_out_primary_span
2,624.04,3474.76,metrica:Home:6,metrica:Home,metrica:Away,restart_or_ball_out_primary_span
2,624.04,3474.76,metrica:Home:7,metrica:Home,metrica:Away,restart_or_ball_out_primary_span
2,624.04,3474.76,metrica:Home:8,metrica:Home,metrica:Away,restart_or_ball_out_primary_span
2,624.04,3474.76,metrica:Home:9,metrica:Home,metrica:Away,restart_or_ball_out_primary_span
2,628.04,3478.76,metrica:Home:1,metrica:Home,metrica:Away,attacker_exposure_unavailable
2,628.04,3478.76,metrica:Home:10,metrica:Home,metrica:Away,complete_ten_defenders_unavailable
2,628.04,3478.76,metrica:Home:12,metrica:Home,metrica:Away,complete_ten_defenders_unavailable
2,628.04,3478.76,metrica:Home:13,metrica:Home,metrica:Away,attacker_exposure_unavailable
2,628.04,3478.76,metrica:Home:14,metrica:Home,metrica:Away,attacker_exposure_unavailable
2,628.04,3478.76,metrica:Home:2,metrica:Home,metrica:Away,complete_ten_defenders_unavailable
2,628.04,3478.76,metrica:Home:3,metrica:Home,metrica:Away,attacker_exposure_unavailable
2,628.04,3478.76,metrica:Home:4,metrica:Home,metrica:Away,complete_ten_defenders_unavailable
2,628.04,3478.76,metrica:Home:5,metrica:Home,metrica:Away,complete_ten_defenders_unavailable
2,628.04,3478.76,metrica:Home:6,metrica:Home,metrica:Away,complete_ten_defenders_unavailable
2,628.04,3478.76,metrica:Home:7,metrica:Home,metrica:Away,complete_ten_defenders_unavailable
2,628.04,3478.76,metrica:Home:8,metrica:Home,metrica:Away,complete_ten_defenders_unavailable
2,628.04,3478.76,metrica:Home:9,metrica:Home,metrica:Away,complete_ten_defenders_unavailable
2,632.04,3482.76,metrica:Home:1,metrica:Home,metrica:Away,attacker_exposure_unavailable
2,632.04,3482.76,metrica:Home:10,metrica:Home,metrica:Away,complete_ten_defenders_unavailable
2,632.04,3482.76,metrica:Home:12,metrica:Home,metrica:Away,complete_ten_defenders_unavailable
2,632.04,3482.76,metrica:Home:13,metrica:Home,metrica:Away,attacker_exposure_unavailable
2,632.04,3482.76,metrica:Home:14,metrica:Home,metrica:Away,attacker_exposure_unavailable
2,632.04,3482.76,metrica:Home:2,metrica:Home,metrica:Away,complete_ten_defenders_unavailable
2,632.04,3482.76,metrica:Home:3,metrica:Home,metrica:Away,attacker_exposure_unavailable
2,632.04,3482.76,metrica:Home:4,metrica:Home,metrica:Away,complete_ten_defenders_unavailable
2,632.04,3482.76,metrica:Home:5,metrica:Home,metrica:Away,complete_ten_defenders_unavailable
2,632.04,3482.76,metrica:Home:6,metrica:Home,metrica:Away,complete_ten_defenders_unavailable
2,632.04,3482.76,metrica:Home:7,metrica:Home,metrica:Away,complete_ten_defenders_unavailable
2,632.04,3482.76,metrica:Home:8,metrica:Home,metrica:Away,complete_ten_defenders_unavailable
2,632.04,3482.76,metrica:Home:9,metrica:Home,metrica:Away,complete_ten_defenders_unavailable
2,636.04,3486.76,metrica:Home:1,metrica:Home,metrica:Away,attacker_exposure_unavailable
2,636.04,3486.76,metrica:Home:10,metrica:Home,metrica:Away,complete_ten_defenders_unavailable
2,636.04,3486.76,metrica:Home:12,metrica:Home,metrica:Away,complete_ten_defenders_unavailable
2,636.04,3486.76,metrica:Home:13,metrica:Home,metrica:Away,attacker_exposure_unavailable
2,636.04,3486.76,metrica:Home:14,metrica:Home,metrica:Away,attacker_exposure_unavailable
2,636.04,3486.76,metrica:Home:2,metrica:Home,metrica:Away,complete_ten_defenders_unavailable
2,636.04,3486.76,metrica:Home:3,metrica:Home,metrica:Away,attacker_exposure_unavailable
2,636.04,3486.76,metrica:Home:4,metrica:Home,metrica:Away,complete_ten_defenders_unavailable
2,636.04,3486.76,metrica:Home:5,metrica:Home,metrica:Away,complete_ten_defenders_unavailable
2,636.04,3486.76,metrica:Home:6,metrica:Home,metrica:Away,complete_ten_defenders_unavailable
2,636.04,3486.76,metrica:Home:7,metrica:Home,metrica:Away,complete_ten_defenders_unavailable
2,636.04,3486.76,metrica:Home:8,metrica:Home,metrica:Away,complete_ten_defenders_unavailable
2,636.04,3486.76,metrica:Home:9,metrica:Home,metrica:Away,complete_ten_defenders_unavailable
2,640.04,3490.76,metrica:Home:1,metrica:Home,metrica:Away,attacker_exposure_unavailable
2,640.04,3490.76,metrica:Home:10,metrica:Home,metrica:Away,complete_ten_defenders_unavailable
2,640.04,3490.76,metrica:Home:12,metrica:Home,metrica:Away,complete_ten_defenders_unavailable
2,640.04,3490.76,metrica:Home:13,metrica:Home,metrica:Away,attacker_exposure_unavailable
2,640.04,3490.76,metrica:Home:14,metrica:Home,metrica:Away,attacker_exposure_unavailable
2,640.04,3490.76,metrica:Home:2,metrica:Home,metrica:Away,complete_ten_defenders_unavailable
2,640.04,3490.76,metrica:Home:3,metrica:Home,metrica:Away,attacker_exposure_unavailable
2,640.04,3490.76,metrica:Home:4,metrica:Home,metrica:Away,complete_ten_defenders_unavailable
2,640.04,3490.76,metrica:Home:5,metrica:Home,metrica:Away,complete_ten_defenders_unavailable
2,640.04,3490.76,metrica:Home:6,metrica:Home,metrica:Away,complete_ten_defenders_unavailable
2,640.04,3490.76,metrica:Home:7,metrica:Home,metrica:Away,complete_ten_defenders_unavailable
2,640.04,3490.76,metrica:Home:8,metrica:Home,metrica:Away,complete_ten_defenders_unavailable
2,640.04,3490.76,metrica:Home:9,metrica:Home,metrica:Away,complete_ten_defenders_unavailable
2,644.04,3494.76,metrica:Home:1,metrica:Home,metrica:Away,restart_or_ball_out_primary_span
2,644.04,3494.76,metrica:Home:10,metrica:Home,metrica:Away,restart_or_ball_out_primary_span
2,644.04,3494.76,metrica:Home:12,metrica:Home,metrica:Away,restart_or_ball_out_primary_span
2,644.04,3494.76,metrica:Home:13,metrica:Home,metrica:Away,restart_or_ball_out_primary_span
2,644.04,3494.76,metrica:Home:14,metrica:Home,metrica:Away,restart_or_ball_out_primary_span
2,644.04,3494.76,metrica:Home:2,metrica:Home,metrica:Away,restart_or_ball_out_primary_span
2,644.04,3494.76,metrica:Home:3,metrica:Home,metrica:Away,restart_or_ball_out_primary_span
2,644.04,3494.76,metrica:Home:4,metrica:Home,metrica:Away,restart_or_ball_out_primary_span
2,644.04,3494.76,metrica:Home:5,metrica:Home,metrica:Away,restart_or_ball_out_primary_span
2,644.04,3494.76,metrica:Home:6,metrica:Home,metrica:Away,restart_or_ball_out_primary_span
2,644.04,3494.76,metrica:Home:7,metrica:Home,metrica:Away,restart_or_ball_out_primary_span
2,644.04,3494.76,metrica:Home:8,metrica:Home,metrica:Away,restart_or_ball_out_primary_span
2,644.04,3494.76,metrica:Home:9,metrica:Home,metrica:Away,restart_or_ball_out_primary_span
2,648.04,3498.76,metrica:Away:15,metrica:Away,metrica:Home,restart_or_ball_out_primary_span
2,648.04,3498.76,metrica:Away:16,metrica:Away,metrica:Home,restart_or_ball_out_primary_span
2,648.04,3498.76,metrica:Away:17,metrica:Away,metrica:Home,restart_or_ball_out_primary_span
2,648.04,3498.76,metrica:Away:18,metrica:Away,metrica:Home,restart_or_ball_out_primary_span
2,648.04,3498.76,metrica:Away:19,metrica:Away,metrica:Home,restart_or_ball_out_primary_span
2,648.04,3498.76,metrica:Away:20,metrica:Away,metrica:Home,restart_or_ball_out_primary_span
2,648.04,3498.76,metrica:Away:21,metrica:Away,metrica:Home,restart_or_ball_out_primary_span
2,648.04,3498.76,metrica:Away:22,metrica:Away,metrica:Home,restart_or_ball_out_primary_span
2,648.04,3498.76,metrica:Away:23,metrica:Away,metrica:Home,restart_or_ball_out_primary_span
2,648.04,3498.76,metrica:Away:24,metrica:Away,metrica:Home,restart_or_ball_out_primary_span
2,648.04,3498.76,metrica:Away:26,metrica:Away,metrica:Home,restart_or_ball_out_primary_span
2,648.04,3498.76,metrica:Away:27,metrica:Away,metrica:Home,restart_or_ball_out_primary_span
2,648.04,3498.76,metrica:Away:28,metrica:Away,metrica:Home,restart_or_ball_out_primary_span
2,652.04,3502.76,metrica:Home:1,metrica:Home,metrica:Away,restart_or_ball_out_primary_span
2,652.04,3502.76,metrica:Home:10,metrica:Home,metrica:Away,restart_or_ball_out_primary_span
2,652.04,3502.76,metrica:Home:12,metrica:Home,metrica:Away,restart_or_ball_out_primary_span
2,652.04,3502.76,metrica:Home:13,metrica:Home,metrica:Away,restart_or_ball_out_primary_span
2,652.04,3502.76,metrica:Home:14,metrica:Home,metrica:Away,restart_or_ball_out_primary_span
2,652.04,3502.76,metrica:Home:2,metrica:Home,metrica:Away,restart_or_ball_out_primary_span
2,652.04,3502.76,metrica:Home:3,metrica:Home,metrica:Away,restart_or_ball_out_primary_span
2,652.04,3502.76,metrica:Home:4,metrica:Home,metrica:Away,restart_or_ball_out_primary_span
2,652.04,3502.76,metrica:Home:5,metrica:Home,metrica:Away,restart_or_ball_out_primary_span
2,652.04,3502.76,metrica:Home:6,metrica:Home,metrica:Away,restart_or_ball_out_primary_span
2,652.04,3502.76,metrica:Home:7,metrica:Home,metrica:Away,restart_or_ball_out_primary_span
2,652.04,3502.76,metrica:Home:8,metrica:Home,metrica:Away,restart_or_ball_out_primary_span
2,652.04,3502.76,metrica:Home:9,metrica:Home,metrica:Away,restart_or_ball_out_primary_span
2,656.04,3506.76,metrica:Home:1,metrica:Home,metrica:Away,attacker_exposure_unavailable
2,656.04,3506.76,metrica:Home:10,metrica:Home,metrica:Away,complete_ten_defenders_unavailable
2,656.04,3506.76,metrica:Home:12,metrica:Home,metrica:Away,complete_ten_defenders_unavailable
2,656.04,3506.76,metrica:Home:13,metrica:Home,metrica:Away,attacker_exposure_unavailable
2,656.04,3506.76,metrica:Home:14,metrica:Home,metrica:Away,attacker_exposure_unavailable
2,656.04,3506.76,metrica:Home:2,metrica:Home,metrica:Away,complete_ten_defenders_unavailable
2,656.04,3506.76,metrica:Home:3,metrica:Home,metrica:Away,attacker_exposure_unavailable
2,656.04,3506.76,metrica:Home:4,metrica:Home,metrica:Away,complete_ten_defenders_unavailable
2,656.04,3506.76,metrica:Home:5,metrica:Home,metrica:Away,complete_ten_defenders_unavailable
2,656.04,3506.76,metrica:Home:6,metrica:Home,metrica:Away,complete_ten_defenders_unavailable
2,656.04,3506.76,metrica:Home:7,metrica:Home,metrica:Away,complete_ten_defenders_unavailable
2,656.04,3506.76,metrica:Home:8,metrica:Home,metrica:Away,complete_ten_defenders_unavailable
2,656.04,3506.76,metrica:Home:9,metrica:Home,metrica:Away,complete_ten_defenders_unavailable
2,660.04,3510.76,metrica:Home:1,metrica:Home,metrica:Away,attacker_exposure_unavailable
2,660.04,3510.76,metrica:Home:10,metrica:Home,metrica:Away,complete_ten_defenders_unavailable
2,660.04,3510.76,metrica:Home:12,metrica:Home,metrica:Away,complete_ten_defenders_unavailable
2,660.04,3510.76,metrica:Home:13,metrica:Home,metrica:Away,attacker_exposure_unavailable
2,660.04,3510.76,metrica:Home:14,metrica:Home,metrica:Away,attacker_exposure_unavailable
2,660.04,3510.76,metrica:Home:2,metrica:Home,metrica:Away,complete_ten_defenders_unavailable
2,660.04,3510.76,metrica:Home:3,metrica:Home,metrica:Away,attacker_exposure_unavailable
2,660.04,3510.76,metrica:Home:4,metrica:Home,metrica:Away,complete_ten_defenders_unavailable
2,660.04,3510.76,metrica:Home:5,metrica:Home,metrica:Away,complete_ten_defenders_unavailable
2,660.04,3510.76,metrica:Home:6,metrica:Home,metrica:Away,complete_ten_defenders_unavailable
2,660.04,3510.76,metrica:Home:7,metrica:Home,metrica:Away,complete_ten_defenders_unavailable
2,660.04,3510.76,metrica:Home:8,metrica:Home,metrica:Away,complete_ten_defenders_unavailable
2,660.04,3510.76,metrica:Home:9,metrica:Home,metrica:Away,complete_ten_defenders_unavailable
2,664.04,3514.76,metrica:Home:1,metrica:Home,metrica:Away,attacker_exposure_unavailable
2,664.04,3514.76,metrica:Home:10,metrica:Home,metrica:Away,complete_ten_defenders_unavailable
2,664.04,3514.76,metrica:Home:12,metrica:Home,metrica:Away,complete_ten_defenders_unavailable
2,664.04,3514.76,metrica:Home:13,metrica:Home,metrica:Away,attacker_exposure_unavailable
2,664.04,3514.76,metrica:Home:14,metrica:Home,metrica:Away,attacker_exposure_unavailable
2,664.04,3514.76,metrica:Home:2,metrica:Home,metrica:Away,complete_ten_defenders_unavailable
2,664.04,3514.76,metrica:Home:3,metrica:Home,metrica:Away,attacker_exposure_unavailable
2,664.04,3514.76,metrica:Home:4,metrica:Home,metrica:Away,complete_ten_defenders_unavailable
2,664.04,3514.76,metrica:Home:5,metrica:Home,metrica:Away,complete_ten_defenders_unavailable
2,664.04,3514.76,metrica:Home:6,metrica:Home,metrica:Away,complete_ten_defenders_unavailable
2,664.04,3514.76,metrica:Home:7,metrica:Home,metrica:Away,complete_ten_defenders_unavailable
2,664.04,3514.76,metrica:Home:8,metrica:Home,metrica:Away,complete_ten_defenders_unavailable
2,664.04,3514.76,metrica:Home:9,metrica:Home,metrica:Away,complete_ten_defenders_unavailable
2,668.04,3518.76,metrica:Home:1,metrica:Home,metrica:Away,attacker_exposure_unavailable
2,668.04,3518.76,metrica:Home:10,metrica:Home,metrica:Away,complete_ten_defenders_unavailable
2,668.04,3518.76,metrica:Home:12,metrica:Home,metrica:Away,complete_ten_defenders_unavailable
2,668.04,3518.76,metrica:Home:13,metrica:Home,metrica:Away,attacker_exposure_unavailable
2,668.04,3518.76,metrica:Home:14,metrica:Home,metrica:Away,attacker_exposure_unavailable
2,668.04,3518.76,metrica:Home:2,metrica:Home,metrica:Away,complete_ten_defenders_unavailable
2,668.04,3518.76,metrica:Home:3,metrica:Home,metrica:Away,attacker_exposure_unavailable
2,668.04,3518.76,metrica:Home:4,metrica:Home,metrica:Away,complete_ten_defenders_unavailable
2,668.04,3518.76,metrica:Home:5,metrica:Home,metrica:Away,complete_ten_defenders_unavailable
2,668.04,3518.76,metrica:Home:6,metrica:Home,metrica:Away,complete_ten_defenders_unavailable
2,668.04,3518.76,metrica:Home:7,metrica:Home,metrica:Away,complete_ten_defenders_unavailable
2,668.04,3518.76,metrica:Home:8,metrica:Home,metrica:Away,complete_ten_defenders_unavailable
2,668.04,3518.76,metrica:Home:9,metrica:Home,metrica:Away,complete_ten_defenders_unavailable
2,672.04,3522.76,metrica:Home:1,metrica:Home,metrica:Away,attacker_exposure_unavailable
2,672.04,3522.76,metrica:Home:10,metrica:Home,metrica:Away,complete_ten_defenders_unavailable
2,672.04,3522.76,metrica:Home:12,metrica:Home,metrica:Away,complete_ten_defenders_unavailable
2,672.04,3522.76,metrica:Home:13,metrica:Home,metrica:Away,attacker_exposure_unavailable
2,672.04,3522.76,metrica:Home:14,metrica:Home,metrica:Away,attacker_exposure_unavailable
2,672.04,3522.76,metrica:Home:2,metrica:Home,metrica:Away,complete_ten_defenders_unavailable
2,672.04,3522.76,metrica:Home:3,metrica:Home,metrica:Away,attacker_exposure_unavailable
2,672.04,3522.76,metrica:Home:4,metrica:Home,metrica:Away,complete_ten_defenders_unavailable
2,672.04,3522.76,metrica:Home:5,metrica:Home,metrica:Away,complete_ten_defenders_unavailable
2,672.04,3522.76,metrica:Home:6,metrica:Home,metrica:Away,complete_ten_defenders_unavailable
2,672.04,3522.76,metrica:Home:7,metrica:Home,metrica:Away,complete_ten_defenders_unavailable
2,672.04,3522.76,metrica:Home:8,metrica:Home,metrica:Away,complete_ten_defenders_unavailable
2,672.04,3522.76,metrica:Home:9,metrica:Home,metrica:Away,complete_ten_defenders_unavailable
2,676.04,3526.76,metrica:Home:1,metrica:Home,metrica:Away,attacker_exposure_unavailable
2,676.04,3526.76,metrica:Home:10,metrica:Home,metrica:Away,complete_ten_defenders_unavailable
2,676.04,3526.76,metrica:Home:12,metrica:Home,metrica:Away,complete_ten_defenders_unavailable
2,676.04,3526.76,metrica:Home:13,metrica:Home,metrica:Away,attacker_exposure_unavailable
2,676.04,3526.76,metrica:Home:14,metrica:Home,metrica:Away,attacker_exposure_unavailable
2,676.04,3526.76,metrica:Home:2,metrica:Home,metrica:Away,complete_ten_defenders_unavailable
2,676.04,3526.76,metrica:Home:3,metrica:Home,metrica:Away,attacker_exposure_unavailable
2,676.04,3526.76,metrica:Home:4,metrica:Home,metrica:Away,complete_ten_defenders_unavailable
2,676.04,3526.76,metrica:Home:5,metrica:Home,metrica:Away,complete_ten_defenders_unavailable
2,676.04,3526.76,metrica:Home:6,metrica:Home,metrica:Away,complete_ten_defenders_unavailable
2,676.04,3526.76,metrica:Home:7,metrica:Home,metrica:Away,complete_ten_defenders_unavailable
2,676.04,3526.76,metrica:Home:8,metrica:Home,metrica:Away,complete_ten_defenders_unavailable
2,676.04,3526.76,metrica:Home:9,metrica:Home,metrica:Away,complete_ten_defenders_unavailable
2,680.04,3530.76,metrica:Home:1,metrica:Home,metrica:Away,attacker_exposure_unavailable
2,680.04,3530.76,metrica:Home:10,metrica:Home,metrica:Away,complete_ten_defenders_unavailable
2,680.04,3530.76,metrica:Home:12,metrica:Home,metrica:Away,complete_ten_defenders_unavailable
2,680.04,3530.76,metrica:Home:13,metrica:Home,metrica:Away,attacker_exposure_unavailable
2,680.04,3530.76,metrica:Home:14,metrica:Home,metrica:Away,attacker_exposure_unavailable
2,680.04,3530.76,metrica:Home:2,metrica:Home,metrica:Away,complete_ten_defenders_unavailable
2,680.04,3530.76,metrica:Home:3,metrica:Home,metrica:Away,attacker_exposure_unavailable
2,680.04,3530.76,metrica:Home:4,metrica:Home,metrica:Away,complete_ten_defenders_unavailable
2,680.04,3530.76,metrica:Home:5,metrica:Home,metrica:Away,complete_ten_defenders_unavailable
2,680.04,3530.76,metrica:Home:6,metrica:Home,metrica:Away,complete_ten_defenders_unavailable
2,680.04,3530.76,metrica:Home:7,metrica:Home,metrica:Away,complete_ten_defenders_unavailable
2,680.04,3530.76,metrica:Home:8,metrica:Home,metrica:Away,complete_ten_defenders_unavailable
2,680.04,3530.76,metrica:Home:9,metrica:Home,metrica:Away,complete_ten_defenders_unavailable
2,684.04,3534.76,metrica:Home:1,metrica:Home,metrica:Away,attacker_exposure_unavailable
2,684.04,3534.76,metrica:Home:10,metrica:Home,metrica:Away,complete_ten_defenders_unavailable
2,684.04,3534.76,metrica:Home:12,metrica:Home,metrica:Away,complete_ten_defenders_unavailable
2,684.04,3534.76,metrica:Home:13,metrica:Home,metrica:Away,attacker_exposure_unavailable
2,684.04,3534.76,metrica:Home:14,metrica:Home,metrica:Away,attacker_exposure_unavailable
2,684.04,3534.76,metrica:Home:2,metrica:Home,metrica:Away,complete_ten_defenders_unavailable
2,684.04,3534.76,metrica:Home:3,metrica:Home,metrica:Away,attacker_exposure_unavailable
2,684.04,3534.76,metrica:Home:4,metrica:Home,metrica:Away,complete_ten_defenders_unavailable
2,684.04,3534.76,metrica:Home:5,metrica:Home,metrica:Away,complete_ten_defenders_unavailable
2,684.04,3534.76,metrica:Home:6,metrica:Home,metrica:Away,complete_ten_defenders_unavailable
2,684.04,3534.76,metrica:Home:7,metrica:Home,metrica:Away,complete_ten_defenders_unavailable
2,684.04,3534.76,metrica:Home:8,metrica:Home,metrica:Away,complete_ten_defenders_unavailable
2,684.04,3534.76,metrica:Home:9,metrica:Home,metrica:Away,complete_ten_defenders_unavailable
2,688.04,3538.76,metrica:Home:1,metrica:Home,metrica:Away,attacker_exposure_unavailable
2,688.04,3538.76,metrica:Home:10,metrica:Home,metrica:Away,complete_ten_defenders_unavailable
2,688.04,3538.76,metrica:Home:12,metrica:Home,metrica:Away,complete_ten_defenders_unavailable
2,688.04,3538.76,metrica:Home:13,metrica:Home,metrica:Away,attacker_exposure_unavailable
2,688.04,3538.76,metrica:Home:14,metrica:Home,metrica:Away,attacker_exposure_unavailable
2,688.04,3538.76,metrica:Home:2,metrica:Home,metrica:Away,complete_ten_defenders_unavailable
2,688.04,3538.76,metrica:Home:3,metrica:Home,metrica:Away,attacker_exposure_unavailable
2,688.04,3538.76,metrica:Home:4,metrica:Home,metrica:Away,complete_ten_defenders_unavailable
2,688.04,3538.76,metrica:Home:5,metrica:Home,metrica:Away,complete_ten_defenders_unavailable
2,688.04,3538.76,metrica:Home:6,metrica:Home,metrica:Away,complete_ten_defenders_unavailable
2,688.04,3538.76,metrica:Home:7,metrica:Home,metrica:Away,complete_ten_defenders_unavailable
2,688.04,3538.76,metrica:Home:8,metrica:Home,metrica:Away,complete_ten_defenders_unavailable
2,688.04,3538.76,metrica:Home:9,metrica:Home,metrica:Away,complete_ten_defenders_unavailable
2,692.04,3542.76,metrica:Home:1,metrica:Home,metrica:Away,attacker_exposure_unavailable
2,692.04,3542.76,metrica:Home:10,metrica:Home,metrica:Away,complete_ten_defenders_unavailable
2,692.04,3542.76,metrica:Home:12,metrica:Home,metrica:Away,complete_ten_defenders_unavailable
2,692.04,3542.76,metrica:Home:13,metrica:Home,metrica:Away,attacker_exposure_unavailable
2,692.04,3542.76,metrica:Home:14,metrica:Home,metrica:Away,attacker_exposure_unavailable
2,692.04,3542.76,metrica:Home:2,metrica:Home,metrica:Away,complete_ten_defenders_unavailable
2,692.04,3542.76,metrica:Home:3,metrica:Home,metrica:Away,attacker_exposure_unavailable
2,692.04,3542.76,metrica:Home:4,metrica:Home,metrica:Away,complete_ten_defenders_unavailable
2,692.04,3542.76,metrica:Home:5,metrica:Home,metrica:Away,complete_ten_defenders_unavailable
2,692.04,3542.76,metrica:Home:6,metrica:Home,metrica:Away,complete_ten_defenders_unavailable
2,692.04,3542.76,metrica:Home:7,metrica:Home,metrica:Away,complete_ten_defenders_unavailable
2,692.04,3542.76,metrica:Home:8,metrica:Home,metrica:Away,complete_ten_defenders_unavailable
2,692.04,3542.76,metrica:Home:9,metrica:Home,metrica:Away,complete_ten_defenders_unavailable
2,696.04,3546.76,metrica:Home:1,metrica:Home,metrica:Away,attacker_exposure_unavailable
2,696.04,3546.76,metrica:Home:10,metrica:Home,metrica:Away,complete_ten_defenders_unavailable
2,696.04,3546.76,metrica:Home:12,metrica:Home,metrica:Away,complete_ten_defenders_unavailable
2,696.04,3546.76,metrica:Home:13,metrica:Home,metrica:Away,attacker_exposure_unavailable
2,696.04,3546.76,metrica:Home:14,metrica:Home,metrica:Away,attacker_exposure_unavailable
2,696.04,3546.76,metrica:Home:2,metrica:Home,metrica:Away,complete_ten_defenders_unavailable
2,696.04,3546.76,metrica:Home:3,metrica:Home,metrica:Away,attacker_exposure_unavailable
2,696.04,3546.76,metrica:Home:4,metrica:Home,metrica:Away,complete_ten_defenders_unavailable
2,696.04,3546.76,metrica:Home:5,metrica:Home,metrica:Away,complete_ten_defenders_unavailable
2,696.04,3546.76,metrica:Home:6,metrica:Home,metrica:Away,complete_ten_defenders_unavailable
2,696.04,3546.76,metrica:Home:7,metrica:Home,metrica:Away,complete_ten_defenders_unavailable
2,696.04,3546.76,metrica:Home:8,metrica:Home,metrica:Away,complete_ten_defenders_unavailable
2,696.04,3546.76,metrica:Home:9,metrica:Home,metrica:Away,complete_ten_defenders_unavailable
2,700.04,3550.76,metrica:Home:1,metrica:Home,metrica:Away,restart_or_ball_out_primary_span
2,700.04,3550.76,metrica:Home:10,metrica:Home,metrica:Away,restart_or_ball_out_primary_span
2,700.04,3550.76,metrica:Home:12,metrica:Home,metrica:Away,restart_or_ball_out_primary_span
2,700.04,3550.76,metrica:Home:13,metrica:Home,metrica:Away,restart_or_ball_out_primary_span
2,700.04,3550.76,metrica:Home:14,metrica:Home,metrica:Away,restart_or_ball_out_primary_span
2,700.04,3550.76,metrica:Home:2,metrica:Home,metrica:Away,restart_or_ball_out_primary_span
2,700.04,3550.76,metrica:Home:3,metrica:Home,metrica:Away,restart_or_ball_out_primary_span
2,700.04,3550.76,metrica:Home:4,metrica:Home,metrica:Away,restart_or_ball_out_primary_span
2,700.04,3550.76,metrica:Home:5,metrica:Home,metrica:Away,restart_or_ball_out_primary_span
2,700.04,3550.76,metrica:Home:6,metrica:Home,metrica:Away,restart_or_ball_out_primary_span
2,700.04,3550.76,metrica:Home:7,metrica:Home,metrica:Away,restart_or_ball_out_primary_span
2,700.04,3550.76,metrica:Home:8,metrica:Home,metrica:Away,restart_or_ball_out_primary_span
2,700.04,3550.76,metrica:Home:9,metrica:Home,metrica:Away,restart_or_ball_out_primary_span
2,704.04,3554.76,metrica:Home:1,metrica:Home,metrica:Away,restart_or_ball_out_primary_span
2,704.04,3554.76,metrica:Home:10,metrica:Home,metrica:Away,restart_or_ball_out_primary_span
2,704.04,3554.76,metrica:Home:12,metrica:Home,metrica:Away,restart_or_ball_out_primary_span
2,704.04,3554.76,metrica:Home:13,metrica:Home,metrica:Away,restart_or_ball_out_primary_span
2,704.04,3554.76,metrica:Home:14,metrica:Home,metrica:Away,restart_or_ball_out_primary_span
2,704.04,3554.76,metrica:Home:2,metrica:Home,metrica:Away,restart_or_ball_out_primary_span
2,704.04,3554.76,metrica:Home:3,metrica:Home,metrica:Away,restart_or_ball_out_primary_span
2,704.04,3554.76,metrica:Home:4,metrica:Home,metrica:Away,restart_or_ball_out_primary_span
2,704.04,3554.76,metrica:Home:5,metrica:Home,metrica:Away,restart_or_ball_out_primary_span
2,704.04,3554.76,metrica:Home:6,metrica:Home,metrica:Away,restart_or_ball_out_primary_span
2,704.04,3554.76,metrica:Home:7,metrica:Home,metrica:Away,restart_or_ball_out_primary_span
2,704.04,3554.76,metrica:Home:8,metrica:Home,metrica:Away,restart_or_ball_out_primary_span
2,704.04,3554.76,metrica:Home:9,metrica:Home,metrica:Away,restart_or_ball_out_primary_span
2,708.04,3558.76,metrica:Home:1,metrica:Home,metrica:Away,attacker_exposure_unavailable
2,708.04,3558.76,metrica:Home:10,metrica:Home,metrica:Away,complete_ten_defenders_unavailable
2,708.04,3558.76,metrica:Home:12,metrica:Home,metrica:Away,complete_ten_defenders_unavailable
2,708.04,3558.76,metrica:Home:13,metrica:Home,metrica:Away,attacker_exposure_unavailable
2,708.04,3558.76,metrica:Home:14,metrica:Home,metrica:Away,attacker_exposure_unavailable
2,708.04,3558.76,metrica:Home:2,metrica:Home,metrica:Away,complete_ten_defenders_unavailable
2,708.04,3558.76,metrica:Home:3,metrica:Home,metrica:Away,attacker_exposure_unavailable
2,708.04,3558.76,metrica:Home:4,metrica:Home,metrica:Away,complete_ten_defenders_unavailable
2,708.04,3558.76,metrica:Home:5,metrica:Home,metrica:Away,complete_ten_defenders_unavailable
2,708.04,3558.76,metrica:Home:6,metrica:Home,metrica:Away,complete_ten_defenders_unavailable
2,708.04,3558.76,metrica:Home:7,metrica:Home,metrica:Away,complete_ten_defenders_unavailable
2,708.04,3558.76,metrica:Home:8,metrica:Home,metrica:Away,complete_ten_defenders_unavailable
2,708.04,3558.76,metrica:Home:9,metrica:Home,metrica:Away,complete_ten_defenders_unavailable
2,712.04,3562.76,metrica:Home:1,metrica:Home,metrica:Away,attacker_exposure_unavailable
2,712.04,3562.76,metrica:Home:10,metrica:Home,metrica:Away,complete_ten_defenders_unavailable
2,712.04,3562.76,metrica:Home:12,metrica:Home,metrica:Away,complete_ten_defenders_unavailable
2,712.04,3562.76,metrica:Home:13,metrica:Home,metrica:Away,attacker_exposure_unavailable
2,712.04,3562.76,metrica:Home:14,metrica:Home,metrica:Away,attacker_exposure_unavailable
2,712.04,3562.76,metrica:Home:2,metrica:Home,metrica:Away,complete_ten_defenders_unavailable
2,712.04,3562.76,metrica:Home:3,metrica:Home,metrica:Away,attacker_exposure_unavailable
2,712.04,3562.76,metrica:Home:4,metrica:Home,metrica:Away,complete_ten_defenders_unavailable
2,712.04,3562.76,metrica:Home:5,metrica:Home,metrica:Away,complete_ten_defenders_unavailable
2,712.04,3562.76,metrica:Home:6,metrica:Home,metrica:Away,complete_ten_defenders_unavailable
2,712.04,3562.76,metrica:Home:7,metrica:Home,metrica:Away,complete_ten_defenders_unavailable
2,712.04,3562.76,metrica:Home:8,metrica:Home,metrica:Away,complete_ten_defenders_unavailable
2,712.04,3562.76,metrica:Home:9,metrica:Home,metrica:Away,complete_ten_defenders_unavailable
2,716.04,3566.76,metrica:Home:1,metrica:Home,metrica:Away,attacker_exposure_unavailable
2,716.04,3566.76,metrica:Home:10,metrica:Home,metrica:Away,complete_ten_defenders_unavailable
2,716.04,3566.76,metrica:Home:12,metrica:Home,metrica:Away,complete_ten_defenders_unavailable
2,716.04,3566.76,metrica:Home:13,metrica:Home,metrica:Away,attacker_exposure_unavailable
2,716.04,3566.76,metrica:Home:14,metrica:Home,metrica:Away,attacker_exposure_unavailable
2,716.04,3566.76,metrica:Home:2,metrica:Home,metrica:Away,complete_ten_defenders_unavailable
2,716.04,3566.76,metrica:Home:3,metrica:Home,metrica:Away,attacker_exposure_unavailable
2,716.04,3566.76,metrica:Home:4,metrica:Home,metrica:Away,complete_ten_defenders_unavailable
2,716.04,3566.76,metrica:Home:5,metrica:Home,metrica:Away,complete_ten_defenders_unavailable
2,716.04,3566.76,metrica:Home:6,metrica:Home,metrica:Away,complete_ten_defenders_unavailable
2,716.04,3566.76,metrica:Home:7,metrica:Home,metrica:Away,complete_ten_defenders_unavailable
2,716.04,3566.76,metrica:Home:8,metrica:Home,metrica:Away,complete_ten_defenders_unavailable
2,716.04,3566.76,metrica:Home:9,metrica:Home,metrica:Away,complete_ten_defenders_unavailable
2,720.04,3570.76,metrica:Home:1,metrica:Home,metrica:Away,restart_or_ball_out_primary_span
2,720.04,3570.76,metrica:Home:10,metrica:Home,metrica:Away,restart_or_ball_out_primary_span
2,720.04,3570.76,metrica:Home:12,metrica:Home,metrica:Away,restart_or_ball_out_primary_span
2,720.04,3570.76,metrica:Home:13,metrica:Home,metrica:Away,restart_or_ball_out_primary_span
2,720.04,3570.76,metrica:Home:14,metrica:Home,metrica:Away,restart_or_ball_out_primary_span
2,720.04,3570.76,metrica:Home:2,metrica:Home,metrica:Away,restart_or_ball_out_primary_span
2,720.04,3570.76,metrica:Home:3,metrica:Home,metrica:Away,restart_or_ball_out_primary_span
2,720.04,3570.76,metrica:Home:4,metrica:Home,metrica:Away,restart_or_ball_out_primary_span
2,720.04,3570.76,metrica:Home:5,metrica:Home,metrica:Away,restart_or_ball_out_primary_span
2,720.04,3570.76,metrica:Home:6,metrica:Home,metrica:Away,restart_or_ball_out_primary_span
2,720.04,3570.76,metrica:Home:7,metrica:Home,metrica:Away,restart_or_ball_out_primary_span
2,720.04,3570.76,metrica:Home:8,metrica:Home,metrica:Away,restart_or_ball_out_primary_span
2,720.04,3570.76,metrica:Home:9,metrica:Home,metrica:Away,restart_or_ball_out_primary_span
2,724.04,3574.76,metrica:Home:1,metrica:Home,metrica:Away,restart_or_ball_out_primary_span
2,724.04,3574.76,metrica:Home:10,metrica:Home,metrica:Away,restart_or_ball_out_primary_span
2,724.04,3574.76,metrica:Home:12,metrica:Home,metrica:Away,restart_or_ball_out_primary_span
2,724.04,3574.76,metrica:Home:13,metrica:Home,metrica:Away,restart_or_ball_out_primary_span
2,724.04,3574.76,metrica:Home:14,metrica:Home,metrica:Away,restart_or_ball_out_primary_span
2,724.04,3574.76,metrica:Home:2,metrica:Home,metrica:Away,restart_or_ball_out_primary_span
2,724.04,3574.76,metrica:Home:3,metrica:Home,metrica:Away,restart_or_ball_out_primary_span
2,724.04,3574.76,metrica:Home:4,metrica:Home,metrica:Away,restart_or_ball_out_primary_span
2,724.04,3574.76,metrica:Home:5,metrica:Home,metrica:Away,restart_or_ball_out_primary_span
2,724.04,3574.76,metrica:Home:6,metrica:Home,metrica:Away,restart_or_ball_out_primary_span
2,724.04,3574.76,metrica:Home:7,metrica:Home,metrica:Away,restart_or_ball_out_primary_span
2,724.04,3574.76,metrica:Home:8,metrica:Home,metrica:Away,restart_or_ball_out_primary_span
2,724.04,3574.76,metrica:Home:9,metrica:Home,metrica:Away,restart_or_ball_out_primary_span
2,728.04,3578.76,metrica:Home:1,metrica:Home,metrica:Away,attacker_exposure_unavailable
2,728.04,3578.76,metrica:Home:10,metrica:Home,metrica:Away,complete_ten_defenders_unavailable
2,728.04,3578.76,metrica:Home:12,metrica:Home,metrica:Away,complete_ten_defenders_unavailable
2,728.04,3578.76,metrica:Home:13,metrica:Home,metrica:Away,attacker_exposure_unavailable
2,728.04,3578.76,metrica:Home:14,metrica:Home,metrica:Away,attacker_exposure_unavailable
2,728.04,3578.76,metrica:Home:2,metrica:Home,metrica:Away,complete_ten_defenders_unavailable
2,728.04,3578.76,metrica:Home:3,metrica:Home,metrica:Away,attacker_exposure_unavailable
2,728.04,3578.76,metrica:Home:4,metrica:Home,metrica:Away,complete_ten_defenders_unavailable
2,728.04,3578.76,metrica:Home:5,metrica:Home,metrica:Away,complete_ten_defenders_unavailable
2,728.04,3578.76,metrica:Home:6,metrica:Home,metrica:Away,complete_ten_defenders_unavailable
2,728.04,3578.76,metrica:Home:7,metrica:Home,metrica:Away,complete_ten_defenders_unavailable
2,728.04,3578.76,metrica:Home:8,metrica:Home,metrica:Away,complete_ten_defenders_unavailable
2,728.04,3578.76,metrica:Home:9,metrica:Home,metrica:Away,complete_ten_defenders_unavailable
2,732.04,3582.76,metrica:Home:1,metrica:Home,metrica:Away,attacker_exposure_unavailable
2,732.04,3582.76,metrica:Home:10,metrica:Home,metrica:Away,complete_ten_defenders_unavailable
2,732.04,3582.76,metrica:Home:12,metrica:Home,metrica:Away,complete_ten_defenders_unavailable
2,732.04,3582.76,metrica:Home:13,metrica:Home,metrica:Away,attacker_exposure_unavailable
2,732.04,3582.76,metrica:Home:14,metrica:Home,metrica:Away,attacker_exposure_unavailable
2,732.04,3582.76,metrica:Home:2,metrica:Home,metrica:Away,complete_ten_defenders_unavailable
2,732.04,3582.76,metrica:Home:3,metrica:Home,metrica:Away,attacker_exposure_unavailable
2,732.04,3582.76,metrica:Home:4,metrica:Home,metrica:Away,complete_ten_defenders_unavailable
2,732.04,3582.76,metrica:Home:5,metrica:Home,metrica:Away,complete_ten_defenders_unavailable
2,732.04,3582.76,metrica:Home:6,metrica:Home,metrica:Away,complete_ten_defenders_unavailable
2,732.04,3582.76,metrica:Home:7,metrica:Home,metrica:Away,complete_ten_defenders_unavailable
2,732.04,3582.76,metrica:Home:8,metrica:Home,metrica:Away,complete_ten_defenders_unavailable
2,732.04,3582.76,metrica:Home:9,metrica:Home,metrica:Away,complete_ten_defenders_unavailable
2,736.04,3586.76,metrica:Home:1,metrica:Home,metrica:Away,attacker_exposure_unavailable
2,736.04,3586.76,metrica:Home:10,metrica:Home,metrica:Away,complete_ten_defenders_unavailable
2,736.04,3586.76,metrica:Home:12,metrica:Home,metrica:Away,complete_ten_defenders_unavailable
2,736.04,3586.76,metrica:Home:13,metrica:Home,metrica:Away,attacker_exposure_unavailable
2,736.04,3586.76,metrica:Home:14,metrica:Home,metrica:Away,attacker_exposure_unavailable
2,736.04,3586.76,metrica:Home:2,metrica:Home,metrica:Away,complete_ten_defenders_unavailable
2,736.04,3586.76,metrica:Home:3,metrica:Home,metrica:Away,attacker_exposure_unavailable
2,736.04,3586.76,metrica:Home:4,metrica:Home,metrica:Away,complete_ten_defenders_unavailable
2,736.04,3586.76,metrica:Home:5,metrica:Home,metrica:Away,complete_ten_defenders_unavailable
2,736.04,3586.76,metrica:Home:6,metrica:Home,metrica:Away,complete_ten_defenders_unavailable
2,736.04,3586.76,metrica:Home:7,metrica:Home,metrica:Away,complete_ten_defenders_unavailable
2,736.04,3586.76,metrica:Home:8,metrica:Home,metrica:Away,complete_ten_defenders_unavailable
2,736.04,3586.76,metrica:Home:9,metrica:Home,metrica:Away,complete_ten_defenders_unavailable
2,740.04,3590.76,metrica:Home:1,metrica:Home,metrica:Away,attacker_exposure_unavailable
2,740.04,3590.76,metrica:Home:10,metrica:Home,metrica:Away,complete_ten_defenders_unavailable
2,740.04,3590.76,metrica:Home:12,metrica:Home,metrica:Away,complete_ten_defenders_unavailable
2,740.04,3590.76,metrica:Home:13,metrica:Home,metrica:Away,attacker_exposure_unavailable
2,740.04,3590.76,metrica:Home:14,metrica:Home,metrica:Away,attacker_exposure_unavailable
2,740.04,3590.76,metrica:Home:2,metrica:Home,metrica:Away,complete_ten_defenders_unavailable
2,740.04,3590.76,metrica:Home:3,metrica:Home,metrica:Away,attacker_exposure_unavailable
2,740.04,3590.76,metrica:Home:4,metrica:Home,metrica:Away,complete_ten_defenders_unavailable
2,740.04,3590.76,metrica:Home:5,metrica:Home,metrica:Away,complete_ten_defenders_unavailable
2,740.04,3590.76,metrica:Home:6,metrica:Home,metrica:Away,complete_ten_defenders_unavailable
2,740.04,3590.76,metrica:Home:7,metrica:Home,metrica:Away,complete_ten_defenders_unavailable
2,740.04,3590.76,metrica:Home:8,metrica:Home,metrica:Away,complete_ten_defenders_unavailable
2,740.04,3590.76,metrica:Home:9,metrica:Home,metrica:Away,complete_ten_defenders_unavailable
2,744.04,3594.76,metrica:Away:15,metrica:Away,metrica:Home,complete_ten_defenders_unavailable
2,744.04,3594.76,metrica:Away:16,metrica:Away,metrica:Home,complete_ten_defenders_unavailable
2,744.04,3594.76,metrica:Away:17,metrica:Away,metrica:Home,complete_ten_defenders_unavailable
2,744.04,3594.76,metrica:Away:18,metrica:Away,metrica:Home,complete_ten_defenders_unavailable
2,744.04,3594.76,metrica:Away:19,metrica:Away,metrica:Home,complete_ten_defenders_unavailable
2,744.04,3594.76,metrica:Away:20,metrica:Away,metrica:Home,complete_ten_defenders_unavailable
2,744.04,3594.76,metrica:Away:21,metrica:Away,metrica:Home,complete_ten_defenders_unavailable
2,744.04,3594.76,metrica:Away:22,metrica:Away,metrica:Home,attacker_exposure_unavailable
2,744.04,3594.76,metrica:Away:23,metrica:Away,metrica:Home,complete_ten_defenders_unavailable
2,744.04,3594.76,metrica:Away:24,metrica:Away,metrica:Home,complete_ten_defenders_unavailable
2,744.04,3594.76,metrica:Away:26,metrica:Away,metrica:Home,attacker_exposure_unavailable
2,744.04,3594.76,metrica:Away:27,metrica:Away,metrica:Home,attacker_exposure_unavailable
2,744.04,3594.76,metrica:Away:28,metrica:Away,metrica:Home,attacker_exposure_unavailable
2,748.04,3598.76,metrica:Home:1,metrica:Home,metrica:Away,attacker_exposure_unavailable
2,748.04,3598.76,metrica:Home:10,metrica:Home,metrica:Away,complete_ten_defenders_unavailable
2,748.04,3598.76,metrica:Home:12,metrica:Home,metrica:Away,complete_ten_defenders_unavailable
2,748.04,3598.76,metrica:Home:13,metrica:Home,metrica:Away,attacker_exposure_unavailable
2,748.04,3598.76,metrica:Home:14,metrica:Home,metrica:Away,attacker_exposure_unavailable
2,748.04,3598.76,metrica:Home:2,metrica:Home,metrica:Away,complete_ten_defenders_unavailable
2,748.04,3598.76,metrica:Home:3,metrica:Home,metrica:Away,attacker_exposure_unavailable
2,748.04,3598.76,metrica:Home:4,metrica:Home,metrica:Away,complete_ten_defenders_unavailable
2,748.04,3598.76,metrica:Home:5,metrica:Home,metrica:Away,complete_ten_defenders_unavailable
2,748.04,3598.76,metrica:Home:6,metrica:Home,metrica:Away,complete_ten_defenders_unavailable
2,748.04,3598.76,metrica:Home:7,metrica:Home,metrica:Away,complete_ten_defenders_unavailable
2,748.04,3598.76,metrica:Home:8,metrica:Home,metrica:Away,complete_ten_defenders_unavailable
2,748.04,3598.76,metrica:Home:9,metrica:Home,metrica:Away,complete_ten_defenders_unavailable
2,752.04,3602.76,metrica:Home:1,metrica:Home,metrica:Away,attacker_exposure_unavailable
2,752.04,3602.76,metrica:Home:10,metrica:Home,metrica:Away,complete_ten_defenders_unavailable
2,752.04,3602.76,metrica:Home:12,metrica:Home,metrica:Away,complete_ten_defenders_unavailable
2,752.04,3602.76,metrica:Home:13,metrica:Home,metrica:Away,attacker_exposure_unavailable
2,752.04,3602.76,metrica:Home:14,metrica:Home,metrica:Away,attacker_exposure_unavailable
2,752.04,3602.76,metrica:Home:2,metrica:Home,metrica:Away,complete_ten_defenders_unavailable
2,752.04,3602.76,metrica:Home:3,metrica:Home,metrica:Away,attacker_exposure_unavailable
2,752.04,3602.76,metrica:Home:4,metrica:Home,metrica:Away,complete_ten_defenders_unavailable
2,752.04,3602.76,metrica:Home:5,metrica:Home,metrica:Away,complete_ten_defenders_unavailable
2,752.04,3602.76,metrica:Home:6,metrica:Home,metrica:Away,complete_ten_defenders_unavailable
2,752.04,3602.76,metrica:Home:7,metrica:Home,metrica:Away,complete_ten_defenders_unavailable
2,752.04,3602.76,metrica:Home:8,metrica:Home,metrica:Away,complete_ten_defenders_unavailable
2,752.04,3602.76,metrica:Home:9,metrica:Home,metrica:Away,complete_ten_defenders_unavailable
2,756.04,3606.76,metrica:Home:1,metrica:Home,metrica:Away,attacker_exposure_unavailable
2,756.04,3606.76,metrica:Home:10,metrica:Home,metrica:Away,complete_ten_defenders_unavailable
2,756.04,3606.76,metrica:Home:12,metrica:Home,metrica:Away,complete_ten_defenders_unavailable
2,756.04,3606.76,metrica:Home:13,metrica:Home,metrica:Away,attacker_exposure_unavailable
2,756.04,3606.76,metrica:Home:14,metrica:Home,metrica:Away,attacker_exposure_unavailable
2,756.04,3606.76,metrica:Home:2,metrica:Home,metrica:Away,complete_ten_defenders_unavailable
2,756.04,3606.76,metrica:Home:3,metrica:Home,metrica:Away,attacker_exposure_unavailable
2,756.04,3606.76,metrica:Home:4,metrica:Home,metrica:Away,complete_ten_defenders_unavailable
2,756.04,3606.76,metrica:Home:5,metrica:Home,metrica:Away,complete_ten_defenders_unavailable
2,756.04,3606.76,metrica:Home:6,metrica:Home,metrica:Away,complete_ten_defenders_unavailable
2,756.04,3606.76,metrica:Home:7,metrica:Home,metrica:Away,complete_ten_defenders_unavailable
2,756.04,3606.76,metrica:Home:8,metrica:Home,metrica:Away,complete_ten_defenders_unavailable
2,756.04,3606.76,metrica:Home:9,metrica:Home,metrica:Away,complete_ten_defenders_unavailable
2,760.04,3610.76,metrica:Home:1,metrica:Home,metrica:Away,attacker_exposure_unavailable
2,760.04,3610.76,metrica:Home:10,metrica:Home,metrica:Away,complete_ten_defenders_unavailable
2,760.04,3610.76,metrica:Home:12,metrica:Home,metrica:Away,complete_ten_defenders_unavailable
2,760.04,3610.76,metrica:Home:13,metrica:Home,metrica:Away,attacker_exposure_unavailable
2,760.04,3610.76,metrica:Home:14,metrica:Home,metrica:Away,attacker_exposure_unavailable
2,760.04,3610.76,metrica:Home:2,metrica:Home,metrica:Away,complete_ten_defenders_unavailable
2,760.04,3610.76,metrica:Home:3,metrica:Home,metrica:Away,attacker_exposure_unavailable
2,760.04,3610.76,metrica:Home:4,metrica:Home,metrica:Away,complete_ten_defenders_unavailable
2,760.04,3610.76,metrica:Home:5,metrica:Home,metrica:Away,complete_ten_defenders_unavailable
2,760.04,3610.76,metrica:Home:6,metrica:Home,metrica:Away,complete_ten_defenders_unavailable
2,760.04,3610.76,metrica:Home:7,metrica:Home,metrica:Away,complete_ten_defenders_unavailable
2,760.04,3610.76,metrica:Home:8,metrica:Home,metrica:Away,complete_ten_defenders_unavailable
2,760.04,3610.76,metrica:Home:9,metrica:Home,metrica:Away,complete_ten_defenders_unavailable
2,764.04,3614.76,metrica:Home:1,metrica:Home,metrica:Away,attacker_exposure_unavailable
2,764.04,3614.76,metrica:Home:10,metrica:Home,metrica:Away,complete_ten_defenders_unavailable
2,764.04,3614.76,metrica:Home:12,metrica:Home,metrica:Away,complete_ten_defenders_unavailable
2,764.04,3614.76,metrica:Home:13,metrica:Home,metrica:Away,attacker_exposure_unavailable
2,764.04,3614.76,metrica:Home:14,metrica:Home,metrica:Away,attacker_exposure_unavailable
2,764.04,3614.76,metrica:Home:2,metrica:Home,metrica:Away,complete_ten_defenders_unavailable
2,764.04,3614.76,metrica:Home:3,metrica:Home,metrica:Away,attacker_exposure_unavailable
2,764.04,3614.76,metrica:Home:4,metrica:Home,metrica:Away,complete_ten_defenders_unavailable
2,764.04,3614.76,metrica:Home:5,metrica:Home,metrica:Away,complete_ten_defenders_unavailable
2,764.04,3614.76,metrica:Home:6,metrica:Home,metrica:Away,complete_ten_defenders_unavailable
2,764.04,3614.76,metrica:Home:7,metrica:Home,metrica:Away,complete_ten_defenders_unavailable
2,764.04,3614.76,metrica:Home:8,metrica:Home,metrica:Away,complete_ten_defenders_unavailable
2,764.04,3614.76,metrica:Home:9,metrica:Home,metrica:Away,complete_ten_defenders_unavailable
2,768.04,3618.76,metrica:Home:1,metrica:Home,metrica:Away,attacker_exposure_unavailable
2,768.04,3618.76,metrica:Home:10,metrica:Home,metrica:Away,complete_ten_defenders_unavailable
2,768.04,3618.76,metrica:Home:12,metrica:Home,metrica:Away,complete_ten_defenders_unavailable
2,768.04,3618.76,metrica:Home:13,metrica:Home,metrica:Away,attacker_exposure_unavailable
2,768.04,3618.76,metrica:Home:14,metrica:Home,metrica:Away,attacker_exposure_unavailable
2,768.04,3618.76,metrica:Home:2,metrica:Home,metrica:Away,complete_ten_defenders_unavailable
2,768.04,3618.76,metrica:Home:3,metrica:Home,metrica:Away,attacker_exposure_unavailable
2,768.04,3618.76,metrica:Home:4,metrica:Home,metrica:Away,complete_ten_defenders_unavailable
2,768.04,3618.76,metrica:Home:5,metrica:Home,metrica:Away,complete_ten_defenders_unavailable
2,768.04,3618.76,metrica:Home:6,metrica:Home,metrica:Away,complete_ten_defenders_unavailable
2,768.04,3618.76,metrica:Home:7,metrica:Home,metrica:Away,complete_ten_defenders_unavailable
2,768.04,3618.76,metrica:Home:8,metrica:Home,metrica:Away,complete_ten_defenders_unavailable
2,768.04,3618.76,metrica:Home:9,metrica:Home,metrica:Away,complete_ten_defenders_unavailable
2,772.04,3622.76,metrica:Home:1,metrica:Home,metrica:Away,attacker_exposure_unavailable
2,772.04,3622.76,metrica:Home:10,metrica:Home,metrica:Away,complete_ten_defenders_unavailable
2,772.04,3622.76,metrica:Home:12,metrica:Home,metrica:Away,complete_ten_defenders_unavailable
2,772.04,3622.76,metrica:Home:13,metrica:Home,metrica:Away,attacker_exposure_unavailable
2,772.04,3622.76,metrica:Home:14,metrica:Home,metrica:Away,attacker_exposure_unavailable
2,772.04,3622.76,metrica:Home:2,metrica:Home,metrica:Away,complete_ten_defenders_unavailable
2,772.04,3622.76,metrica:Home:3,metrica:Home,metrica:Away,attacker_exposure_unavailable
2,772.04,3622.76,metrica:Home:4,metrica:Home,metrica:Away,complete_ten_defenders_unavailable
2,772.04,3622.76,metrica:Home:5,metrica:Home,metrica:Away,complete_ten_defenders_unavailable
2,772.04,3622.76,metrica:Home:6,metrica:Home,metrica:Away,complete_ten_defenders_unavailable
2,772.04,3622.76,metrica:Home:7,metrica:Home,metrica:Away,complete_ten_defenders_unavailable
2,772.04,3622.76,metrica:Home:8,metrica:Home,metrica:Away,complete_ten_defenders_unavailable
2,772.04,3622.76,metrica:Home:9,metrica:Home,metrica:Away,complete_ten_defenders_unavailable
2,776.04,3626.76,metrica:Home:1,metrica:Home,metrica:Away,attacker_exposure_unavailable
2,776.04,3626.76,metrica:Home:10,metrica:Home,metrica:Away,complete_ten_defenders_unavailable
2,776.04,3626.76,metrica:Home:12,metrica:Home,metrica:Away,complete_ten_defenders_unavailable
2,776.04,3626.76,metrica:Home:13,metrica:Home,metrica:Away,attacker_exposure_unavailable
2,776.04,3626.76,metrica:Home:14,metrica:Home,metrica:Away,attacker_exposure_unavailable
2,776.04,3626.76,metrica:Home:2,metrica:Home,metrica:Away,complete_ten_defenders_unavailable
2,776.04,3626.76,metrica:Home:3,metrica:Home,metrica:Away,attacker_exposure_unavailable
2,776.04,3626.76,metrica:Home:4,metrica:Home,metrica:Away,complete_ten_defenders_unavailable
2,776.04,3626.76,metrica:Home:5,metrica:Home,metrica:Away,complete_ten_defenders_unavailable
2,776.04,3626.76,metrica:Home:6,metrica:Home,metrica:Away,complete_ten_defenders_unavailable
2,776.04,3626.76,metrica:Home:7,metrica:Home,metrica:Away,complete_ten_defenders_unavailable
2,776.04,3626.76,metrica:Home:8,metrica:Home,metrica:Away,complete_ten_defenders_unavailable
2,776.04,3626.76,metrica:Home:9,metrica:Home,metrica:Away,complete_ten_defenders_unavailable
2,780.04,3630.76,metrica:Home:1,metrica:Home,metrica:Away,attacker_exposure_unavailable
2,780.04,3630.76,metrica:Home:10,metrica:Home,metrica:Away,complete_ten_defenders_unavailable
2,780.04,3630.76,metrica:Home:12,metrica:Home,metrica:Away,complete_ten_defenders_unavailable
2,780.04,3630.76,metrica:Home:13,metrica:Home,metrica:Away,attacker_exposure_unavailable
2,780.04,3630.76,metrica:Home:14,metrica:Home,metrica:Away,attacker_exposure_unavailable
2,780.04,3630.76,metrica:Home:2,metrica:Home,metrica:Away,complete_ten_defenders_unavailable
2,780.04,3630.76,metrica:Home:3,metrica:Home,metrica:Away,attacker_exposure_unavailable
2,780.04,3630.76,metrica:Home:4,metrica:Home,metrica:Away,complete_ten_defenders_unavailable
2,780.04,3630.76,metrica:Home:5,metrica:Home,metrica:Away,complete_ten_defenders_unavailable
2,780.04,3630.76,metrica:Home:6,metrica:Home,metrica:Away,complete_ten_defenders_unavailable
2,780.04,3630.76,metrica:Home:7,metrica:Home,metrica:Away,complete_ten_defenders_unavailable
2,780.04,3630.76,metrica:Home:8,metrica:Home,metrica:Away,complete_ten_defenders_unavailable
2,780.04,3630.76,metrica:Home:9,metrica:Home,metrica:Away,complete_ten_defenders_unavailable
2,784.04,3634.76,metrica:Home:1,metrica:Home,metrica:Away,attacker_exposure_unavailable
2,784.04,3634.76,metrica:Home:10,metrica:Home,metrica:Away,complete_ten_defenders_unavailable
2,784.04,3634.76,metrica:Home:12,metrica:Home,metrica:Away,complete_ten_defenders_unavailable
2,784.04,3634.76,metrica:Home:13,metrica:Home,metrica:Away,attacker_exposure_unavailable
2,784.04,3634.76,metrica:Home:14,metrica:Home,metrica:Away,attacker_exposure_unavailable
2,784.04,3634.76,metrica:Home:2,metrica:Home,metrica:Away,complete_ten_defenders_unavailable
2,784.04,3634.76,metrica:Home:3,metrica:Home,metrica:Away,attacker_exposure_unavailable
2,784.04,3634.76,metrica:Home:4,metrica:Home,metrica:Away,complete_ten_defenders_unavailable
2,784.04,3634.76,metrica:Home:5,metrica:Home,metrica:Away,complete_ten_defenders_unavailable
2,784.04,3634.76,metrica:Home:6,metrica:Home,metrica:Away,complete_ten_defenders_unavailable
2,784.04,3634.76,metrica:Home:7,metrica:Home,metrica:Away,complete_ten_defenders_unavailable
2,784.04,3634.76,metrica:Home:8,metrica:Home,metrica:Away,complete_ten_defenders_unavailable
2,784.04,3634.76,metrica:Home:9,metrica:Home,metrica:Away,complete_ten_defenders_unavailable
2,788.04,3638.76,metrica:Home:1,metrica:Home,metrica:Away,attacker_exposure_unavailable
2,788.04,3638.76,metrica:Home:10,metrica:Home,metrica:Away,complete_ten_defenders_unavailable
2,788.04,3638.76,metrica:Home:12,metrica:Home,metrica:Away,complete_ten_defenders_unavailable
2,788.04,3638.76,metrica:Home:13,metrica:Home,metrica:Away,attacker_exposure_unavailable
2,788.04,3638.76,metrica:Home:14,metrica:Home,metrica:Away,attacker_exposure_unavailable
2,788.04,3638.76,metrica:Home:2,metrica:Home,metrica:Away,complete_ten_defenders_unavailable
2,788.04,3638.76,metrica:Home:3,metrica:Home,metrica:Away,attacker_exposure_unavailable
2,788.04,3638.76,metrica:Home:4,metrica:Home,metrica:Away,complete_ten_defenders_unavailable
2,788.04,3638.76,metrica:Home:5,metrica:Home,metrica:Away,complete_ten_defenders_unavailable
2,788.04,3638.76,metrica:Home:6,metrica:Home,metrica:Away,complete_ten_defenders_unavailable
2,788.04,3638.76,metrica:Home:7,metrica:Home,metrica:Away,complete_ten_defenders_unavailable
2,788.04,3638.76,metrica:Home:8,metrica:Home,metrica:Away,complete_ten_defenders_unavailable
2,788.04,3638.76,metrica:Home:9,metrica:Home,metrica:Away,complete_ten_defenders_unavailable
2,792.04,3642.76,metrica:Home:1,metrica:Home,metrica:Away,attacker_exposure_unavailable
2,792.04,3642.76,metrica:Home:10,metrica:Home,metrica:Away,complete_ten_defenders_unavailable
2,792.04,3642.76,metrica:Home:12,metrica:Home,metrica:Away,complete_ten_defenders_unavailable
2,792.04,3642.76,metrica:Home:13,metrica:Home,metrica:Away,attacker_exposure_unavailable
2,792.04,3642.76,metrica:Home:14,metrica:Home,metrica:Away,attacker_exposure_unavailable
2,792.04,3642.76,metrica:Home:2,metrica:Home,metrica:Away,complete_ten_defenders_unavailable
2,792.04,3642.76,metrica:Home:3,metrica:Home,metrica:Away,attacker_exposure_unavailable
2,792.04,3642.76,metrica:Home:4,metrica:Home,metrica:Away,complete_ten_defenders_unavailable
2,792.04,3642.76,metrica:Home:5,metrica:Home,metrica:Away,complete_ten_defenders_unavailable
2,792.04,3642.76,metrica:Home:6,metrica:Home,metrica:Away,complete_ten_defenders_unavailable
2,792.04,3642.76,metrica:Home:7,metrica:Home,metrica:Away,complete_ten_defenders_unavailable
2,792.04,3642.76,metrica:Home:8,metrica:Home,metrica:Away,complete_ten_defenders_unavailable
2,792.04,3642.76,metrica:Home:9,metrica:Home,metrica:Away,complete_ten_defenders_unavailable
2,796.04,3646.76,metrica:Home:1,metrica:Home,metrica:Away,attacker_exposure_unavailable
2,796.04,3646.76,metrica:Home:10,metrica:Home,metrica:Away,complete_ten_defenders_unavailable
2,796.04,3646.76,metrica:Home:12,metrica:Home,metrica:Away,complete_ten_defenders_unavailable
2,796.04,3646.76,metrica:Home:13,metrica:Home,metrica:Away,attacker_exposure_unavailable
2,796.04,3646.76,metrica:Home:14,metrica:Home,metrica:Away,attacker_exposure_unavailable
2,796.04,3646.76,metrica:Home:2,metrica:Home,metrica:Away,complete_ten_defenders_unavailable
2,796.04,3646.76,metrica:Home:3,metrica:Home,metrica:Away,attacker_exposure_unavailable
2,796.04,3646.76,metrica:Home:4,metrica:Home,metrica:Away,complete_ten_defenders_unavailable
2,796.04,3646.76,metrica:Home:5,metrica:Home,metrica:Away,complete_ten_defenders_unavailable
2,796.04,3646.76,metrica:Home:6,metrica:Home,metrica:Away,complete_ten_defenders_unavailable
2,796.04,3646.76,metrica:Home:7,metrica:Home,metrica:Away,complete_ten_defenders_unavailable
2,796.04,3646.76,metrica:Home:8,metrica:Home,metrica:Away,complete_ten_defenders_unavailable
2,796.04,3646.76,metrica:Home:9,metrica:Home,metrica:Away,complete_ten_defenders_unavailable
2,800.04,3650.76,metrica:Home:1,metrica:Home,metrica:Away,attacker_exposure_unavailable
2,800.04,3650.76,metrica:Home:10,metrica:Home,metrica:Away,complete_ten_defenders_unavailable
2,800.04,3650.76,metrica:Home:12,metrica:Home,metrica:Away,complete_ten_defenders_unavailable
2,800.04,3650.76,metrica:Home:13,metrica:Home,metrica:Away,attacker_exposure_unavailable
2,800.04,3650.76,metrica:Home:14,metrica:Home,metrica:Away,attacker_exposure_unavailable
2,800.04,3650.76,metrica:Home:2,metrica:Home,metrica:Away,complete_ten_defenders_unavailable
2,800.04,3650.76,metrica:Home:3,metrica:Home,metrica:Away,attacker_exposure_unavailable
2,800.04,3650.76,metrica:Home:4,metrica:Home,metrica:Away,complete_ten_defenders_unavailable
2,800.04,3650.76,metrica:Home:5,metrica:Home,metrica:Away,complete_ten_defenders_unavailable
2,800.04,3650.76,metrica:Home:6,metrica:Home,metrica:Away,complete_ten_defenders_unavailable
2,800.04,3650.76,metrica:Home:7,metrica:Home,metrica:Away,complete_ten_defenders_unavailable
2,800.04,3650.76,metrica:Home:8,metrica:Home,metrica:Away,complete_ten_defenders_unavailable
2,800.04,3650.76,metrica:Home:9,metrica:Home,metrica:Away,complete_ten_defenders_unavailable
2,804.04,3654.76,metrica:Home:1,metrica:Home,metrica:Away,attacker_exposure_unavailable
2,804.04,3654.76,metrica:Home:10,metrica:Home,metrica:Away,complete_ten_defenders_unavailable
2,804.04,3654.76,metrica:Home:12,metrica:Home,metrica:Away,complete_ten_defenders_unavailable
2,804.04,3654.76,metrica:Home:13,metrica:Home,metrica:Away,attacker_exposure_unavailable
2,804.04,3654.76,metrica:Home:14,metrica:Home,metrica:Away,attacker_exposure_unavailable
2,804.04,3654.76,metrica:Home:2,metrica:Home,metrica:Away,complete_ten_defenders_unavailable
2,804.04,3654.76,metrica:Home:3,metrica:Home,metrica:Away,attacker_exposure_unavailable
2,804.04,3654.76,metrica:Home:4,metrica:Home,metrica:Away,complete_ten_defenders_unavailable
2,804.04,3654.76,metrica:Home:5,metrica:Home,metrica:Away,complete_ten_defenders_unavailable
2,804.04,3654.76,metrica:Home:6,metrica:Home,metrica:Away,complete_ten_defenders_unavailable
2,804.04,3654.76,metrica:Home:7,metrica:Home,metrica:Away,complete_ten_defenders_unavailable
2,804.04,3654.76,metrica:Home:8,metrica:Home,metrica:Away,complete_ten_defenders_unavailable
2,804.04,3654.76,metrica:Home:9,metrica:Home,metrica:Away,complete_ten_defenders_unavailable
2,808.04,3658.76,metrica:Home:1,metrica:Home,metrica:Away,attacker_exposure_unavailable
2,808.04,3658.76,metrica:Home:10,metrica:Home,metrica:Away,complete_ten_defenders_unavailable
2,808.04,3658.76,metrica:Home:12,metrica:Home,metrica:Away,complete_ten_defenders_unavailable
2,808.04,3658.76,metrica:Home:13,metrica:Home,metrica:Away,attacker_exposure_unavailable
2,808.04,3658.76,metrica:Home:14,metrica:Home,metrica:Away,attacker_exposure_unavailable
2,808.04,3658.76,metrica:Home:2,metrica:Home,metrica:Away,complete_ten_defenders_unavailable
2,808.04,3658.76,metrica:Home:3,metrica:Home,metrica:Away,attacker_exposure_unavailable
2,808.04,3658.76,metrica:Home:4,metrica:Home,metrica:Away,complete_ten_defenders_unavailable
2,808.04,3658.76,metrica:Home:5,metrica:Home,metrica:Away,complete_ten_defenders_unavailable
2,808.04,3658.76,metrica:Home:6,metrica:Home,metrica:Away,complete_ten_defenders_unavailable
2,808.04,3658.76,metrica:Home:7,metrica:Home,metrica:Away,complete_ten_defenders_unavailable
2,808.04,3658.76,metrica:Home:8,metrica:Home,metrica:Away,complete_ten_defenders_unavailable
2,808.04,3658.76,metrica:Home:9,metrica:Home,metrica:Away,complete_ten_defenders_unavailable
2,812.04,3662.76,metrica:Home:1,metrica:Home,metrica:Away,attacker_exposure_unavailable
2,812.04,3662.76,metrica:Home:10,metrica:Home,metrica:Away,complete_ten_defenders_unavailable
2,812.04,3662.76,metrica:Home:12,metrica:Home,metrica:Away,complete_ten_defenders_unavailable
2,812.04,3662.76,metrica:Home:13,metrica:Home,metrica:Away,attacker_exposure_unavailable
2,812.04,3662.76,metrica:Home:14,metrica:Home,metrica:Away,attacker_exposure_unavailable
2,812.04,3662.76,metrica:Home:2,metrica:Home,metrica:Away,complete_ten_defenders_unavailable
2,812.04,3662.76,metrica:Home:3,metrica:Home,metrica:Away,attacker_exposure_unavailable
2,812.04,3662.76,metrica:Home:4,metrica:Home,metrica:Away,complete_ten_defenders_unavailable
2,812.04,3662.76,metrica:Home:5,metrica:Home,metrica:Away,complete_ten_defenders_unavailable
2,812.04,3662.76,metrica:Home:6,metrica:Home,metrica:Away,complete_ten_defenders_unavailable
2,812.04,3662.76,metrica:Home:7,metrica:Home,metrica:Away,complete_ten_defenders_unavailable
2,812.04,3662.76,metrica:Home:8,metrica:Home,metrica:Away,complete_ten_defenders_unavailable
2,812.04,3662.76,metrica:Home:9,metrica:Home,metrica:Away,complete_ten_defenders_unavailable
2,816.04,3666.76,metrica:Home:1,metrica:Home,metrica:Away,restart_or_ball_out_primary_span
2,816.04,3666.76,metrica:Home:10,metrica:Home,metrica:Away,restart_or_ball_out_primary_span
2,816.04,3666.76,metrica:Home:12,metrica:Home,metrica:Away,restart_or_ball_out_primary_span
2,816.04,3666.76,metrica:Home:13,metrica:Home,metrica:Away,restart_or_ball_out_primary_span
2,816.04,3666.76,metrica:Home:14,metrica:Home,metrica:Away,restart_or_ball_out_primary_span
2,816.04,3666.76,metrica:Home:2,metrica:Home,metrica:Away,restart_or_ball_out_primary_span
2,816.04,3666.76,metrica:Home:3,metrica:Home,metrica:Away,restart_or_ball_out_primary_span
2,816.04,3666.76,metrica:Home:4,metrica:Home,metrica:Away,restart_or_ball_out_primary_span
2,816.04,3666.76,metrica:Home:5,metrica:Home,metrica:Away,restart_or_ball_out_primary_span
2,816.04,3666.76,metrica:Home:6,metrica:Home,metrica:Away,restart_or_ball_out_primary_span
2,816.04,3666.76,metrica:Home:7,metrica:Home,metrica:Away,restart_or_ball_out_primary_span
2,816.04,3666.76,metrica:Home:8,metrica:Home,metrica:Away,restart_or_ball_out_primary_span
2,816.04,3666.76,metrica:Home:9,metrica:Home,metrica:Away,restart_or_ball_out_primary_span
2,820.04,3670.76,metrica:Away:15,metrica:Away,metrica:Home,restart_or_ball_out_primary_span
2,820.04,3670.76,metrica:Away:16,metrica:Away,metrica:Home,restart_or_ball_out_primary_span
2,820.04,3670.76,metrica:Away:17,metrica:Away,metrica:Home,restart_or_ball_out_primary_span
2,820.04,3670.76,metrica:Away:18,metrica:Away,metrica:Home,restart_or_ball_out_primary_span
2,820.04,3670.76,metrica:Away:19,metrica:Away,metrica:Home,restart_or_ball_out_primary_span
2,820.04,3670.76,metrica:Away:20,metrica:Away,metrica:Home,restart_or_ball_out_primary_span
2,820.04,3670.76,metrica:Away:21,metrica:Away,metrica:Home,restart_or_ball_out_primary_span
2,820.04,3670.76,metrica:Away:22,metrica:Away,metrica:Home,restart_or_ball_out_primary_span
2,820.04,3670.76,metrica:Away:23,metrica:Away,metrica:Home,restart_or_ball_out_primary_span
2,820.04,3670.76,metrica:Away:24,metrica:Away,metrica:Home,restart_or_ball_out_primary_span
2,820.04,3670.76,metrica:Away:26,metrica:Away,metrica:Home,restart_or_ball_out_primary_span
2,820.04,3670.76,metrica:Away:27,metrica:Away,metrica:Home,restart_or_ball_out_primary_span
2,820.04,3670.76,metrica:Away:28,metrica:Away,metrica:Home,restart_or_ball_out_primary_span
2,824.04,3674.76,metrica:Away:15,metrica:Away,metrica:Home,complete_ten_defenders_unavailable
2,824.04,3674.76,metrica:Away:16,metrica:Away,metrica:Home,complete_ten_defenders_unavailable
2,824.04,3674.76,metrica:Away:17,metrica:Away,metrica:Home,complete_ten_defenders_unavailable
2,824.04,3674.76,metrica:Away:18,metrica:Away,metrica:Home,complete_ten_defenders_unavailable
2,824.04,3674.76,metrica:Away:19,metrica:Away,metrica:Home,complete_ten_defenders_unavailable
2,824.04,3674.76,metrica:Away:20,metrica:Away,metrica:Home,complete_ten_defenders_unavailable
2,824.04,3674.76,metrica:Away:21,metrica:Away,metrica:Home,complete_ten_defenders_unavailable
2,824.04,3674.76,metrica:Away:22,metrica:Away,metrica:Home,attacker_exposure_unavailable
2,824.04,3674.76,metrica:Away:23,metrica:Away,metrica:Home,complete_ten_defenders_unavailable
2,824.04,3674.76,metrica:Away:24,metrica:Away,metrica:Home,complete_ten_defenders_unavailable
2,824.04,3674.76,metrica:Away:26,metrica:Away,metrica:Home,attacker_exposure_unavailable
2,824.04,3674.76,metrica:Away:27,metrica:Away,metrica:Home,attacker_exposure_unavailable
2,824.04,3674.76,metrica:Away:28,metrica:Away,metrica:Home,attacker_exposure_unavailable
2,828.04,3678.76,metrica:Home:1,metrica:Home,metrica:Away,attacker_exposure_unavailable
2,828.04,3678.76,metrica:Home:10,metrica:Home,metrica:Away,complete_ten_defenders_unavailable
2,828.04,3678.76,metrica:Home:12,metrica:Home,metrica:Away,complete_ten_defenders_unavailable
2,828.04,3678.76,metrica:Home:13,metrica:Home,metrica:Away,attacker_exposure_unavailable
2,828.04,3678.76,metrica:Home:14,metrica:Home,metrica:Away,attacker_exposure_unavailable
2,828.04,3678.76,metrica:Home:2,metrica:Home,metrica:Away,complete_ten_defenders_unavailable
2,828.04,3678.76,metrica:Home:3,metrica:Home,metrica:Away,attacker_exposure_unavailable
2,828.04,3678.76,metrica:Home:4,metrica:Home,metrica:Away,complete_ten_defenders_unavailable
2,828.04,3678.76,metrica:Home:5,metrica:Home,metrica:Away,complete_ten_defenders_unavailable
2,828.04,3678.76,metrica:Home:6,metrica:Home,metrica:Away,complete_ten_defenders_unavailable
2,828.04,3678.76,metrica:Home:7,metrica:Home,metrica:Away,complete_ten_defenders_unavailable
2,828.04,3678.76,metrica:Home:8,metrica:Home,metrica:Away,complete_ten_defenders_unavailable
2,828.04,3678.76,metrica:Home:9,metrica:Home,metrica:Away,complete_ten_defenders_unavailable
2,832.04,3682.76,metrica:Home:1,metrica:Home,metrica:Away,restart_or_ball_out_primary_span
2,832.04,3682.76,metrica:Home:10,metrica:Home,metrica:Away,restart_or_ball_out_primary_span
2,832.04,3682.76,metrica:Home:12,metrica:Home,metrica:Away,restart_or_ball_out_primary_span
2,832.04,3682.76,metrica:Home:13,metrica:Home,metrica:Away,restart_or_ball_out_primary_span
2,832.04,3682.76,metrica:Home:14,metrica:Home,metrica:Away,restart_or_ball_out_primary_span
2,832.04,3682.76,metrica:Home:2,metrica:Home,metrica:Away,restart_or_ball_out_primary_span
2,832.04,3682.76,metrica:Home:3,metrica:Home,metrica:Away,restart_or_ball_out_primary_span
2,832.04,3682.76,metrica:Home:4,metrica:Home,metrica:Away,restart_or_ball_out_primary_span
2,832.04,3682.76,metrica:Home:5,metrica:Home,metrica:Away,restart_or_ball_out_primary_span
2,832.04,3682.76,metrica:Home:6,metrica:Home,metrica:Away,restart_or_ball_out_primary_span
2,832.04,3682.76,metrica:Home:7,metrica:Home,metrica:Away,restart_or_ball_out_primary_span
2,832.04,3682.76,metrica:Home:8,metrica:Home,metrica:Away,restart_or_ball_out_primary_span
2,832.04,3682.76,metrica:Home:9,metrica:Home,metrica:Away,restart_or_ball_out_primary_span
2,836.04,3686.76,metrica:Home:1,metrica:Home,metrica:Away,restart_or_ball_out_primary_span
2,836.04,3686.76,metrica:Home:10,metrica:Home,metrica:Away,restart_or_ball_out_primary_span
2,836.04,3686.76,metrica:Home:12,metrica:Home,metrica:Away,restart_or_ball_out_primary_span
2,836.04,3686.76,metrica:Home:13,metrica:Home,metrica:Away,restart_or_ball_out_primary_span
2,836.04,3686.76,metrica:Home:14,metrica:Home,metrica:Away,restart_or_ball_out_primary_span
2,836.04,3686.76,metrica:Home:2,metrica:Home,metrica:Away,restart_or_ball_out_primary_span
2,836.04,3686.76,metrica:Home:3,metrica:Home,metrica:Away,restart_or_ball_out_primary_span
2,836.04,3686.76,metrica:Home:4,metrica:Home,metrica:Away,restart_or_ball_out_primary_span
2,836.04,3686.76,metrica:Home:5,metrica:Home,metrica:Away,restart_or_ball_out_primary_span
2,836.04,3686.76,metrica:Home:6,metrica:Home,metrica:Away,restart_or_ball_out_primary_span
2,836.04,3686.76,metrica:Home:7,metrica:Home,metrica:Away,restart_or_ball_out_primary_span
2,836.04,3686.76,metrica:Home:8,metrica:Home,metrica:Away,restart_or_ball_out_primary_span
2,836.04,3686.76,metrica:Home:9,metrica:Home,metrica:Away,restart_or_ball_out_primary_span
2,840.04,3690.76,metrica:Home:1,metrica:Home,metrica:Away,attacker_exposure_unavailable
2,840.04,3690.76,metrica:Home:10,metrica:Home,metrica:Away,complete_ten_defenders_unavailable
2,840.04,3690.76,metrica:Home:12,metrica:Home,metrica:Away,complete_ten_defenders_unavailable
2,840.04,3690.76,metrica:Home:13,metrica:Home,metrica:Away,attacker_exposure_unavailable
2,840.04,3690.76,metrica:Home:14,metrica:Home,metrica:Away,attacker_exposure_unavailable
2,840.04,3690.76,metrica:Home:2,metrica:Home,metrica:Away,complete_ten_defenders_unavailable
2,840.04,3690.76,metrica:Home:3,metrica:Home,metrica:Away,attacker_exposure_unavailable
2,840.04,3690.76,metrica:Home:4,metrica:Home,metrica:Away,complete_ten_defenders_unavailable
2,840.04,3690.76,metrica:Home:5,metrica:Home,metrica:Away,complete_ten_defenders_unavailable
2,840.04,3690.76,metrica:Home:6,metrica:Home,metrica:Away,complete_ten_defenders_unavailable
2,840.04,3690.76,metrica:Home:7,metrica:Home,metrica:Away,complete_ten_defenders_unavailable
2,840.04,3690.76,metrica:Home:8,metrica:Home,metrica:Away,complete_ten_defenders_unavailable
2,840.04,3690.76,metrica:Home:9,metrica:Home,metrica:Away,complete_ten_defenders_unavailable
2,844.04,3694.76,metrica:Home:1,metrica:Home,metrica:Away,attacker_exposure_unavailable
2,844.04,3694.76,metrica:Home:10,metrica:Home,metrica:Away,complete_ten_defenders_unavailable
2,844.04,3694.76,metrica:Home:12,metrica:Home,metrica:Away,complete_ten_defenders_unavailable
2,844.04,3694.76,metrica:Home:13,metrica:Home,metrica:Away,attacker_exposure_unavailable
2,844.04,3694.76,metrica:Home:14,metrica:Home,metrica:Away,attacker_exposure_unavailable
2,844.04,3694.76,metrica:Home:2,metrica:Home,metrica:Away,complete_ten_defenders_unavailable
2,844.04,3694.76,metrica:Home:3,metrica:Home,metrica:Away,attacker_exposure_unavailable
2,844.04,3694.76,metrica:Home:4,metrica:Home,metrica:Away,complete_ten_defenders_unavailable
2,844.04,3694.76,metrica:Home:5,metrica:Home,metrica:Away,complete_ten_defenders_unavailable
2,844.04,3694.76,metrica:Home:6,metrica:Home,metrica:Away,complete_ten_defenders_unavailable
2,844.04,3694.76,metrica:Home:7,metrica:Home,metrica:Away,complete_ten_defenders_unavailable
2,844.04,3694.76,metrica:Home:8,metrica:Home,metrica:Away,complete_ten_defenders_unavailable
2,844.04,3694.76,metrica:Home:9,metrica:Home,metrica:Away,complete_ten_defenders_unavailable
2,848.04,3698.76,metrica:Home:1,metrica:Home,metrica:Away,attacker_exposure_unavailable
2,848.04,3698.76,metrica:Home:10,metrica:Home,metrica:Away,complete_ten_defenders_unavailable
2,848.04,3698.76,metrica:Home:12,metrica:Home,metrica:Away,complete_ten_defenders_unavailable
2,848.04,3698.76,metrica:Home:13,metrica:Home,metrica:Away,attacker_exposure_unavailable
2,848.04,3698.76,metrica:Home:14,metrica:Home,metrica:Away,attacker_exposure_unavailable
2,848.04,3698.76,metrica:Home:2,metrica:Home,metrica:Away,complete_ten_defenders_unavailable
2,848.04,3698.76,metrica:Home:3,metrica:Home,metrica:Away,attacker_exposure_unavailable
2,848.04,3698.76,metrica:Home:4,metrica:Home,metrica:Away,complete_ten_defenders_unavailable
2,848.04,3698.76,metrica:Home:5,metrica:Home,metrica:Away,complete_ten_defenders_unavailable
2,848.04,3698.76,metrica:Home:6,metrica:Home,metrica:Away,complete_ten_defenders_unavailable
2,848.04,3698.76,metrica:Home:7,metrica:Home,metrica:Away,complete_ten_defenders_unavailable
2,848.04,3698.76,metrica:Home:8,metrica:Home,metrica:Away,complete_ten_defenders_unavailable
2,848.04,3698.76,metrica:Home:9,metrica:Home,metrica:Away,complete_ten_defenders_unavailable
2,852.04,3702.76,metrica:Home:1,metrica:Home,metrica:Away,restart_or_ball_out_primary_span
2,852.04,3702.76,metrica:Home:10,metrica:Home,metrica:Away,restart_or_ball_out_primary_span
2,852.04,3702.76,metrica:Home:12,metrica:Home,metrica:Away,restart_or_ball_out_primary_span
2,852.04,3702.76,metrica:Home:13,metrica:Home,metrica:Away,restart_or_ball_out_primary_span
2,852.04,3702.76,metrica:Home:14,metrica:Home,metrica:Away,restart_or_ball_out_primary_span
2,852.04,3702.76,metrica:Home:2,metrica:Home,metrica:Away,restart_or_ball_out_primary_span
2,852.04,3702.76,metrica:Home:3,metrica:Home,metrica:Away,restart_or_ball_out_primary_span
2,852.04,3702.76,metrica:Home:4,metrica:Home,metrica:Away,restart_or_ball_out_primary_span
2,852.04,3702.76,metrica:Home:5,metrica:Home,metrica:Away,restart_or_ball_out_primary_span
2,852.04,3702.76,metrica:Home:6,metrica:Home,metrica:Away,restart_or_ball_out_primary_span
2,852.04,3702.76,metrica:Home:7,metrica:Home,metrica:Away,restart_or_ball_out_primary_span
2,852.04,3702.76,metrica:Home:8,metrica:Home,metrica:Away,restart_or_ball_out_primary_span
2,852.04,3702.76,metrica:Home:9,metrica:Home,metrica:Away,restart_or_ball_out_primary_span
2,856.04,3706.76,metrica:Away:15,metrica:Away,metrica:Home,restart_or_ball_out_primary_span
2,856.04,3706.76,metrica:Away:16,metrica:Away,metrica:Home,restart_or_ball_out_primary_span
2,856.04,3706.76,metrica:Away:17,metrica:Away,metrica:Home,restart_or_ball_out_primary_span
2,856.04,3706.76,metrica:Away:18,metrica:Away,metrica:Home,restart_or_ball_out_primary_span
2,856.04,3706.76,metrica:Away:19,metrica:Away,metrica:Home,restart_or_ball_out_primary_span
2,856.04,3706.76,metrica:Away:20,metrica:Away,metrica:Home,restart_or_ball_out_primary_span
2,856.04,3706.76,metrica:Away:21,metrica:Away,metrica:Home,restart_or_ball_out_primary_span
2,856.04,3706.76,metrica:Away:22,metrica:Away,metrica:Home,restart_or_ball_out_primary_span
2,856.04,3706.76,metrica:Away:23,metrica:Away,metrica:Home,restart_or_ball_out_primary_span
2,856.04,3706.76,metrica:Away:24,metrica:Away,metrica:Home,restart_or_ball_out_primary_span
2,856.04,3706.76,metrica:Away:26,metrica:Away,metrica:Home,restart_or_ball_out_primary_span
2,856.04,3706.76,metrica:Away:27,metrica:Away,metrica:Home,restart_or_ball_out_primary_span
2,856.04,3706.76,metrica:Away:28,metrica:Away,metrica:Home,restart_or_ball_out_primary_span
2,860.04,3710.76,metrica:Away:15,metrica:Away,metrica:Home,complete_ten_defenders_unavailable
2,860.04,3710.76,metrica:Away:16,metrica:Away,metrica:Home,complete_ten_defenders_unavailable
2,860.04,3710.76,metrica:Away:17,metrica:Away,metrica:Home,complete_ten_defenders_unavailable
2,860.04,3710.76,metrica:Away:18,metrica:Away,metrica:Home,complete_ten_defenders_unavailable
2,860.04,3710.76,metrica:Away:19,metrica:Away,metrica:Home,complete_ten_defenders_unavailable
2,860.04,3710.76,metrica:Away:20,metrica:Away,metrica:Home,complete_ten_defenders_unavailable
2,860.04,3710.76,metrica:Away:21,metrica:Away,metrica:Home,complete_ten_defenders_unavailable
2,860.04,3710.76,metrica:Away:22,metrica:Away,metrica:Home,attacker_exposure_unavailable
2,860.04,3710.76,metrica:Away:23,metrica:Away,metrica:Home,complete_ten_defenders_unavailable
2,860.04,3710.76,metrica:Away:24,metrica:Away,metrica:Home,complete_ten_defenders_unavailable
2,860.04,3710.76,metrica:Away:26,metrica:Away,metrica:Home,attacker_exposure_unavailable
2,860.04,3710.76,metrica:Away:27,metrica:Away,metrica:Home,attacker_exposure_unavailable
2,860.04,3710.76,metrica:Away:28,metrica:Away,metrica:Home,attacker_exposure_unavailable
2,864.04,3714.76,metrica:Home:1,metrica:Home,metrica:Away,attacker_exposure_unavailable
2,864.04,3714.76,metrica:Home:10,metrica:Home,metrica:Away,complete_ten_defenders_unavailable
2,864.04,3714.76,metrica:Home:12,metrica:Home,metrica:Away,complete_ten_defenders_unavailable
2,864.04,3714.76,metrica:Home:13,metrica:Home,metrica:Away,attacker_exposure_unavailable
2,864.04,3714.76,metrica:Home:14,metrica:Home,metrica:Away,attacker_exposure_unavailable
2,864.04,3714.76,metrica:Home:2,metrica:Home,metrica:Away,complete_ten_defenders_unavailable
2,864.04,3714.76,metrica:Home:3,metrica:Home,metrica:Away,attacker_exposure_unavailable
2,864.04,3714.76,metrica:Home:4,metrica:Home,metrica:Away,complete_ten_defenders_unavailable
2,864.04,3714.76,metrica:Home:5,metrica:Home,metrica:Away,complete_ten_defenders_unavailable
2,864.04,3714.76,metrica:Home:6,metrica:Home,metrica:Away,complete_ten_defenders_unavailable
2,864.04,3714.76,metrica:Home:7,metrica:Home,metrica:Away,complete_ten_defenders_unavailable
2,864.04,3714.76,metrica:Home:8,metrica:Home,metrica:Away,complete_ten_defenders_unavailable
2,864.04,3714.76,metrica:Home:9,metrica:Home,metrica:Away,complete_ten_defenders_unavailable
2,868.04,3718.76,metrica:Home:1,metrica:Home,metrica:Away,attacker_exposure_unavailable
2,868.04,3718.76,metrica:Home:10,metrica:Home,metrica:Away,complete_ten_defenders_unavailable
2,868.04,3718.76,metrica:Home:12,metrica:Home,metrica:Away,complete_ten_defenders_unavailable
2,868.04,3718.76,metrica:Home:13,metrica:Home,metrica:Away,attacker_exposure_unavailable
2,868.04,3718.76,metrica:Home:14,metrica:Home,metrica:Away,attacker_exposure_unavailable
2,868.04,3718.76,metrica:Home:2,metrica:Home,metrica:Away,complete_ten_defenders_unavailable
2,868.04,3718.76,metrica:Home:3,metrica:Home,metrica:Away,attacker_exposure_unavailable
2,868.04,3718.76,metrica:Home:4,metrica:Home,metrica:Away,complete_ten_defenders_unavailable
2,868.04,3718.76,metrica:Home:5,metrica:Home,metrica:Away,complete_ten_defenders_unavailable
2,868.04,3718.76,metrica:Home:6,metrica:Home,metrica:Away,complete_ten_defenders_unavailable
2,868.04,3718.76,metrica:Home:7,metrica:Home,metrica:Away,complete_ten_defenders_unavailable
2,868.04,3718.76,metrica:Home:8,metrica:Home,metrica:Away,complete_ten_defenders_unavailable
2,868.04,3718.76,metrica:Home:9,metrica:Home,metrica:Away,complete_ten_defenders_unavailable
2,872.04,3722.76,metrica:Home:1,metrica:Home,metrica:Away,attacker_exposure_unavailable
2,872.04,3722.76,metrica:Home:10,metrica:Home,metrica:Away,complete_ten_defenders_unavailable
2,872.04,3722.76,metrica:Home:12,metrica:Home,metrica:Away,complete_ten_defenders_unavailable
2,872.04,3722.76,metrica:Home:13,metrica:Home,metrica:Away,attacker_exposure_unavailable
2,872.04,3722.76,metrica:Home:14,metrica:Home,metrica:Away,attacker_exposure_unavailable
2,872.04,3722.76,metrica:Home:2,metrica:Home,metrica:Away,complete_ten_defenders_unavailable
2,872.04,3722.76,metrica:Home:3,metrica:Home,metrica:Away,attacker_exposure_unavailable
2,872.04,3722.76,metrica:Home:4,metrica:Home,metrica:Away,complete_ten_defenders_unavailable
2,872.04,3722.76,metrica:Home:5,metrica:Home,metrica:Away,complete_ten_defenders_unavailable
2,872.04,3722.76,metrica:Home:6,metrica:Home,metrica:Away,complete_ten_defenders_unavailable
2,872.04,3722.76,metrica:Home:7,metrica:Home,metrica:Away,complete_ten_defenders_unavailable
2,872.04,3722.76,metrica:Home:8,metrica:Home,metrica:Away,complete_ten_defenders_unavailable
2,872.04,3722.76,metrica:Home:9,metrica:Home,metrica:Away,complete_ten_defenders_unavailable
2,876.04,3726.76,metrica:Home:1,metrica:Home,metrica:Away,attacker_exposure_unavailable
2,876.04,3726.76,metrica:Home:10,metrica:Home,metrica:Away,complete_ten_defenders_unavailable
2,876.04,3726.76,metrica:Home:12,metrica:Home,metrica:Away,complete_ten_defenders_unavailable
2,876.04,3726.76,metrica:Home:13,metrica:Home,metrica:Away,attacker_exposure_unavailable
2,876.04,3726.76,metrica:Home:14,metrica:Home,metrica:Away,attacker_exposure_unavailable
2,876.04,3726.76,metrica:Home:2,metrica:Home,metrica:Away,complete_ten_defenders_unavailable
2,876.04,3726.76,metrica:Home:3,metrica:Home,metrica:Away,attacker_exposure_unavailable
2,876.04,3726.76,metrica:Home:4,metrica:Home,metrica:Away,complete_ten_defenders_unavailable
2,876.04,3726.76,metrica:Home:5,metrica:Home,metrica:Away,complete_ten_defenders_unavailable
2,876.04,3726.76,metrica:Home:6,metrica:Home,metrica:Away,complete_ten_defenders_unavailable
2,876.04,3726.76,metrica:Home:7,metrica:Home,metrica:Away,complete_ten_defenders_unavailable
2,876.04,3726.76,metrica:Home:8,metrica:Home,metrica:Away,complete_ten_defenders_unavailable
2,876.04,3726.76,metrica:Home:9,metrica:Home,metrica:Away,complete_ten_defenders_unavailable
2,880.04,3730.76,metrica:Home:1,metrica:Home,metrica:Away,attacker_exposure_unavailable
2,880.04,3730.76,metrica:Home:10,metrica:Home,metrica:Away,complete_ten_defenders_unavailable
2,880.04,3730.76,metrica:Home:12,metrica:Home,metrica:Away,complete_ten_defenders_unavailable
2,880.04,3730.76,metrica:Home:13,metrica:Home,metrica:Away,attacker_exposure_unavailable
2,880.04,3730.76,metrica:Home:14,metrica:Home,metrica:Away,attacker_exposure_unavailable
2,880.04,3730.76,metrica:Home:2,metrica:Home,metrica:Away,complete_ten_defenders_unavailable
2,880.04,3730.76,metrica:Home:3,metrica:Home,metrica:Away,attacker_exposure_unavailable
2,880.04,3730.76,metrica:Home:4,metrica:Home,metrica:Away,complete_ten_defenders_unavailable
2,880.04,3730.76,metrica:Home:5,metrica:Home,metrica:Away,complete_ten_defenders_unavailable
2,880.04,3730.76,metrica:Home:6,metrica:Home,metrica:Away,complete_ten_defenders_unavailable
2,880.04,3730.76,metrica:Home:7,metrica:Home,metrica:Away,complete_ten_defenders_unavailable
2,880.04,3730.76,metrica:Home:8,metrica:Home,metrica:Away,complete_ten_defenders_unavailable
2,880.04,3730.76,metrica:Home:9,metrica:Home,metrica:Away,complete_ten_defenders_unavailable
2,884.04,3734.76,metrica:Home:1,metrica:Home,metrica:Away,attacker_exposure_unavailable
2,884.04,3734.76,metrica:Home:10,metrica:Home,metrica:Away,complete_ten_defenders_unavailable
2,884.04,3734.76,metrica:Home:12,metrica:Home,metrica:Away,complete_ten_defenders_unavailable
2,884.04,3734.76,metrica:Home:13,metrica:Home,metrica:Away,attacker_exposure_unavailable
2,884.04,3734.76,metrica:Home:14,metrica:Home,metrica:Away,attacker_exposure_unavailable
2,884.04,3734.76,metrica:Home:2,metrica:Home,metrica:Away,complete_ten_defenders_unavailable
2,884.04,3734.76,metrica:Home:3,metrica:Home,metrica:Away,attacker_exposure_unavailable
2,884.04,3734.76,metrica:Home:4,metrica:Home,metrica:Away,complete_ten_defenders_unavailable
2,884.04,3734.76,metrica:Home:5,metrica:Home,metrica:Away,complete_ten_defenders_unavailable
2,884.04,3734.76,metrica:Home:6,metrica:Home,metrica:Away,complete_ten_defenders_unavailable
2,884.04,3734.76,metrica:Home:7,metrica:Home,metrica:Away,complete_ten_defenders_unavailable
2,884.04,3734.76,metrica:Home:8,metrica:Home,metrica:Away,complete_ten_defenders_unavailable
2,884.04,3734.76,metrica:Home:9,metrica:Home,metrica:Away,complete_ten_defenders_unavailable
2,888.04,3738.76,metrica:Home:1,metrica:Home,metrica:Away,attacker_exposure_unavailable
2,888.04,3738.76,metrica:Home:10,metrica:Home,metrica:Away,complete_ten_defenders_unavailable
2,888.04,3738.76,metrica:Home:12,metrica:Home,metrica:Away,complete_ten_defenders_unavailable
2,888.04,3738.76,metrica:Home:13,metrica:Home,metrica:Away,attacker_exposure_unavailable
2,888.04,3738.76,metrica:Home:14,metrica:Home,metrica:Away,attacker_exposure_unavailable
2,888.04,3738.76,metrica:Home:2,metrica:Home,metrica:Away,complete_ten_defenders_unavailable
2,888.04,3738.76,metrica:Home:3,metrica:Home,metrica:Away,attacker_exposure_unavailable
2,888.04,3738.76,metrica:Home:4,metrica:Home,metrica:Away,complete_ten_defenders_unavailable
2,888.04,3738.76,metrica:Home:5,metrica:Home,metrica:Away,complete_ten_defenders_unavailable
2,888.04,3738.76,metrica:Home:6,metrica:Home,metrica:Away,complete_ten_defenders_unavailable
2,888.04,3738.76,metrica:Home:7,metrica:Home,metrica:Away,complete_ten_defenders_unavailable
2,888.04,3738.76,metrica:Home:8,metrica:Home,metrica:Away,complete_ten_defenders_unavailable
2,888.04,3738.76,metrica:Home:9,metrica:Home,metrica:Away,complete_ten_defenders_unavailable
2,892.04,3742.76,metrica:Home:1,metrica:Home,metrica:Away,restart_or_ball_out_primary_span
2,892.04,3742.76,metrica:Home:10,metrica:Home,metrica:Away,restart_or_ball_out_primary_span
2,892.04,3742.76,metrica:Home:12,metrica:Home,metrica:Away,restart_or_ball_out_primary_span
2,892.04,3742.76,metrica:Home:13,metrica:Home,metrica:Away,restart_or_ball_out_primary_span
2,892.04,3742.76,metrica:Home:14,metrica:Home,metrica:Away,restart_or_ball_out_primary_span
2,892.04,3742.76,metrica:Home:2,metrica:Home,metrica:Away,restart_or_ball_out_primary_span
2,892.04,3742.76,metrica:Home:3,metrica:Home,metrica:Away,restart_or_ball_out_primary_span
2,892.04,3742.76,metrica:Home:4,metrica:Home,metrica:Away,restart_or_ball_out_primary_span
2,892.04,3742.76,metrica:Home:5,metrica:Home,metrica:Away,restart_or_ball_out_primary_span
2,892.04,3742.76,metrica:Home:6,metrica:Home,metrica:Away,restart_or_ball_out_primary_span
2,892.04,3742.76,metrica:Home:7,metrica:Home,metrica:Away,restart_or_ball_out_primary_span
2,892.04,3742.76,metrica:Home:8,metrica:Home,metrica:Away,restart_or_ball_out_primary_span
2,892.04,3742.76,metrica:Home:9,metrica:Home,metrica:Away,restart_or_ball_out_primary_span
2,896.04,3746.76,metrica:Home:1,metrica:Home,metrica:Away,attacker_exposure_unavailable
2,896.04,3746.76,metrica:Home:10,metrica:Home,metrica:Away,complete_ten_defenders_unavailable
2,896.04,3746.76,metrica:Home:12,metrica:Home,metrica:Away,complete_ten_defenders_unavailable
2,896.04,3746.76,metrica:Home:13,metrica:Home,metrica:Away,attacker_exposure_unavailable
2,896.04,3746.76,metrica:Home:14,metrica:Home,metrica:Away,attacker_exposure_unavailable
2,896.04,3746.76,metrica:Home:2,metrica:Home,metrica:Away,complete_ten_defenders_unavailable
2,896.04,3746.76,metrica:Home:3,metrica:Home,metrica:Away,attacker_exposure_unavailable
2,896.04,3746.76,metrica:Home:4,metrica:Home,metrica:Away,complete_ten_defenders_unavailable
2,896.04,3746.76,metrica:Home:5,metrica:Home,metrica:Away,complete_ten_defenders_unavailable
2,896.04,3746.76,metrica:Home:6,metrica:Home,metrica:Away,complete_ten_defenders_unavailable
2,896.04,3746.76,metrica:Home:7,metrica:Home,metrica:Away,complete_ten_defenders_unavailable
2,896.04,3746.76,metrica:Home:8,metrica:Home,metrica:Away,complete_ten_defenders_unavailable
2,896.04,3746.76,metrica:Home:9,metrica:Home,metrica:Away,complete_ten_defenders_unavailable
2,900.04,3750.76,metrica:Home:1,metrica:Home,metrica:Away,attacker_exposure_unavailable
2,900.04,3750.76,metrica:Home:10,metrica:Home,metrica:Away,complete_ten_defenders_unavailable
2,900.04,3750.76,metrica:Home:12,metrica:Home,metrica:Away,complete_ten_defenders_unavailable
2,900.04,3750.76,metrica:Home:13,metrica:Home,metrica:Away,attacker_exposure_unavailable
2,900.04,3750.76,metrica:Home:14,metrica:Home,metrica:Away,attacker_exposure_unavailable
2,900.04,3750.76,metrica:Home:2,metrica:Home,metrica:Away,complete_ten_defenders_unavailable
2,900.04,3750.76,metrica:Home:3,metrica:Home,metrica:Away,attacker_exposure_unavailable
2,900.04,3750.76,metrica:Home:4,metrica:Home,metrica:Away,complete_ten_defenders_unavailable
2,900.04,3750.76,metrica:Home:5,metrica:Home,metrica:Away,complete_ten_defenders_unavailable
2,900.04,3750.76,metrica:Home:6,metrica:Home,metrica:Away,complete_ten_defenders_unavailable
2,900.04,3750.76,metrica:Home:7,metrica:Home,metrica:Away,complete_ten_defenders_unavailable
2,900.04,3750.76,metrica:Home:8,metrica:Home,metrica:Away,complete_ten_defenders_unavailable
2,900.04,3750.76,metrica:Home:9,metrica:Home,metrica:Away,complete_ten_defenders_unavailable
2,904.04,3754.76,metrica:Away:15,metrica:Away,metrica:Home,complete_ten_defenders_unavailable
2,904.04,3754.76,metrica:Away:16,metrica:Away,metrica:Home,complete_ten_defenders_unavailable
2,904.04,3754.76,metrica:Away:17,metrica:Away,metrica:Home,complete_ten_defenders_unavailable
2,904.04,3754.76,metrica:Away:18,metrica:Away,metrica:Home,complete_ten_defenders_unavailable
2,904.04,3754.76,metrica:Away:19,metrica:Away,metrica:Home,complete_ten_defenders_unavailable
2,904.04,3754.76,metrica:Away:20,metrica:Away,metrica:Home,complete_ten_defenders_unavailable
2,904.04,3754.76,metrica:Away:21,metrica:Away,metrica:Home,complete_ten_defenders_unavailable
2,904.04,3754.76,metrica:Away:22,metrica:Away,metrica:Home,attacker_exposure_unavailable
2,904.04,3754.76,metrica:Away:23,metrica:Away,metrica:Home,complete_ten_defenders_unavailable
2,904.04,3754.76,metrica:Away:24,metrica:Away,metrica:Home,complete_ten_defenders_unavailable
2,904.04,3754.76,metrica:Away:26,metrica:Away,metrica:Home,attacker_exposure_unavailable
2,904.04,3754.76,metrica:Away:27,metrica:Away,metrica:Home,attacker_exposure_unavailable
2,904.04,3754.76,metrica:Away:28,metrica:Away,metrica:Home,attacker_exposure_unavailable
2,908.04,3758.76,metrica:Away:15,metrica:Away,metrica:Home,complete_ten_defenders_unavailable
2,908.04,3758.76,metrica:Away:16,metrica:Away,metrica:Home,complete_ten_defenders_unavailable
2,908.04,3758.76,metrica:Away:17,metrica:Away,metrica:Home,complete_ten_defenders_unavailable
2,908.04,3758.76,metrica:Away:18,metrica:Away,metrica:Home,complete_ten_defenders_unavailable
2,908.04,3758.76,metrica:Away:19,metrica:Away,metrica:Home,complete_ten_defenders_unavailable
2,908.04,3758.76,metrica:Away:20,metrica:Away,metrica:Home,complete_ten_defenders_unavailable
2,908.04,3758.76,metrica:Away:21,metrica:Away,metrica:Home,complete_ten_defenders_unavailable
2,908.04,3758.76,metrica:Away:22,metrica:Away,metrica:Home,attacker_exposure_unavailable
2,908.04,3758.76,metrica:Away:23,metrica:Away,metrica:Home,complete_ten_defenders_unavailable
2,908.04,3758.76,metrica:Away:24,metrica:Away,metrica:Home,complete_ten_defenders_unavailable
2,908.04,3758.76,metrica:Away:26,metrica:Away,metrica:Home,attacker_exposure_unavailable
2,908.04,3758.76,metrica:Away:27,metrica:Away,metrica:Home,attacker_exposure_unavailable
2,908.04,3758.76,metrica:Away:28,metrica:Away,metrica:Home,attacker_exposure_unavailable
2,912.04,3762.76,metrica:Away:15,metrica:Away,metrica:Home,complete_ten_defenders_unavailable
2,912.04,3762.76,metrica:Away:16,metrica:Away,metrica:Home,complete_ten_defenders_unavailable
2,912.04,3762.76,metrica:Away:17,metrica:Away,metrica:Home,complete_ten_defenders_unavailable
2,912.04,3762.76,metrica:Away:18,metrica:Away,metrica:Home,complete_ten_defenders_unavailable
2,912.04,3762.76,metrica:Away:19,metrica:Away,metrica:Home,complete_ten_defenders_unavailable
2,912.04,3762.76,metrica:Away:20,metrica:Away,metrica:Home,complete_ten_defenders_unavailable
2,912.04,3762.76,metrica:Away:21,metrica:Away,metrica:Home,complete_ten_defenders_unavailable
2,912.04,3762.76,metrica:Away:22,metrica:Away,metrica:Home,attacker_exposure_unavailable
2,912.04,3762.76,metrica:Away:23,metrica:Away,metrica:Home,complete_ten_defenders_unavailable
2,912.04,3762.76,metrica:Away:24,metrica:Away,metrica:Home,complete_ten_defenders_unavailable
2,912.04,3762.76,metrica:Away:26,metrica:Away,metrica:Home,attacker_exposure_unavailable
2,912.04,3762.76,metrica:Away:27,metrica:Away,metrica:Home,attacker_exposure_unavailable
2,912.04,3762.76,metrica:Away:28,metrica:Away,metrica:Home,attacker_exposure_unavailable
2,916.04,3766.76,metrica:Away:15,metrica:Away,metrica:Home,complete_ten_defenders_unavailable
2,916.04,3766.76,metrica:Away:16,metrica:Away,metrica:Home,complete_ten_defenders_unavailable
2,916.04,3766.76,metrica:Away:17,metrica:Away,metrica:Home,complete_ten_defenders_unavailable
2,916.04,3766.76,metrica:Away:18,metrica:Away,metrica:Home,complete_ten_defenders_unavailable
2,916.04,3766.76,metrica:Away:19,metrica:Away,metrica:Home,complete_ten_defenders_unavailable
2,916.04,3766.76,metrica:Away:20,metrica:Away,metrica:Home,complete_ten_defenders_unavailable
2,916.04,3766.76,metrica:Away:21,metrica:Away,metrica:Home,complete_ten_defenders_unavailable
2,916.04,3766.76,metrica:Away:22,metrica:Away,metrica:Home,attacker_exposure_unavailable
2,916.04,3766.76,metrica:Away:23,metrica:Away,metrica:Home,complete_ten_defenders_unavailable
2,916.04,3766.76,metrica:Away:24,metrica:Away,metrica:Home,complete_ten_defenders_unavailable
2,916.04,3766.76,metrica:Away:26,metrica:Away,metrica:Home,attacker_exposure_unavailable
2,916.04,3766.76,metrica:Away:27,metrica:Away,metrica:Home,attacker_exposure_unavailable
2,916.04,3766.76,metrica:Away:28,metrica:Away,metrica:Home,attacker_exposure_unavailable
2,920.04,3770.76,metrica:Away:15,metrica:Away,metrica:Home,complete_ten_defenders_unavailable
2,920.04,3770.76,metrica:Away:16,metrica:Away,metrica:Home,complete_ten_defenders_unavailable
2,920.04,3770.76,metrica:Away:17,metrica:Away,metrica:Home,complete_ten_defenders_unavailable
2,920.04,3770.76,metrica:Away:18,metrica:Away,metrica:Home,complete_ten_defenders_unavailable
2,920.04,3770.76,metrica:Away:19,metrica:Away,metrica:Home,complete_ten_defenders_unavailable
2,920.04,3770.76,metrica:Away:20,metrica:Away,metrica:Home,complete_ten_defenders_unavailable
2,920.04,3770.76,metrica:Away:21,metrica:Away,metrica:Home,complete_ten_defenders_unavailable
2,920.04,3770.76,metrica:Away:22,metrica:Away,metrica:Home,attacker_exposure_unavailable
2,920.04,3770.76,metrica:Away:23,metrica:Away,metrica:Home,complete_ten_defenders_unavailable
2,920.04,3770.76,metrica:Away:24,metrica:Away,metrica:Home,complete_ten_defenders_unavailable
2,920.04,3770.76,metrica:Away:26,metrica:Away,metrica:Home,attacker_exposure_unavailable
2,920.04,3770.76,metrica:Away:27,metrica:Away,metrica:Home,attacker_exposure_unavailable
2,920.04,3770.76,metrica:Away:28,metrica:Away,metrica:Home,attacker_exposure_unavailable
2,924.04,3774.76,metrica:Away:15,metrica:Away,metrica:Home,complete_ten_defenders_unavailable
2,924.04,3774.76,metrica:Away:16,metrica:Away,metrica:Home,complete_ten_defenders_unavailable
2,924.04,3774.76,metrica:Away:17,metrica:Away,metrica:Home,complete_ten_defenders_unavailable
2,924.04,3774.76,metrica:Away:18,metrica:Away,metrica:Home,complete_ten_defenders_unavailable
2,924.04,3774.76,metrica:Away:19,metrica:Away,metrica:Home,complete_ten_defenders_unavailable
2,924.04,3774.76,metrica:Away:20,metrica:Away,metrica:Home,complete_ten_defenders_unavailable
2,924.04,3774.76,metrica:Away:21,metrica:Away,metrica:Home,complete_ten_defenders_unavailable
2,924.04,3774.76,metrica:Away:22,metrica:Away,metrica:Home,attacker_exposure_unavailable
2,924.04,3774.76,metrica:Away:23,metrica:Away,metrica:Home,complete_ten_defenders_unavailable
2,924.04,3774.76,metrica:Away:24,metrica:Away,metrica:Home,complete_ten_defenders_unavailable
2,924.04,3774.76,metrica:Away:26,metrica:Away,metrica:Home,attacker_exposure_unavailable
2,924.04,3774.76,metrica:Away:27,metrica:Away,metrica:Home,attacker_exposure_unavailable
2,924.04,3774.76,metrica:Away:28,metrica:Away,metrica:Home,attacker_exposure_unavailable
2,928.04,3778.76,metrica:Away:15,metrica:Away,metrica:Home,complete_ten_defenders_unavailable
2,928.04,3778.76,metrica:Away:16,metrica:Away,metrica:Home,complete_ten_defenders_unavailable
2,928.04,3778.76,metrica:Away:17,metrica:Away,metrica:Home,complete_ten_defenders_unavailable
2,928.04,3778.76,metrica:Away:18,metrica:Away,metrica:Home,complete_ten_defenders_unavailable
2,928.04,3778.76,metrica:Away:19,metrica:Away,metrica:Home,complete_ten_defenders_unavailable
2,928.04,3778.76,metrica:Away:20,metrica:Away,metrica:Home,complete_ten_defenders_unavailable
2,928.04,3778.76,metrica:Away:21,metrica:Away,metrica:Home,complete_ten_defenders_unavailable
2,928.04,3778.76,metrica:Away:22,metrica:Away,metrica:Home,attacker_exposure_unavailable
2,928.04,3778.76,metrica:Away:23,metrica:Away,metrica:Home,complete_ten_defenders_unavailable
2,928.04,3778.76,metrica:Away:24,metrica:Away,metrica:Home,complete_ten_defenders_unavailable
2,928.04,3778.76,metrica:Away:26,metrica:Away,metrica:Home,attacker_exposure_unavailable
2,928.04,3778.76,metrica:Away:27,metrica:Away,metrica:Home,attacker_exposure_unavailable
2,928.04,3778.76,metrica:Away:28,metrica:Away,metrica:Home,attacker_exposure_unavailable
2,932.04,3782.76,metrica:Away:15,metrica:Away,metrica:Home,complete_ten_defenders_unavailable
2,932.04,3782.76,metrica:Away:16,metrica:Away,metrica:Home,complete_ten_defenders_unavailable
2,932.04,3782.76,metrica:Away:17,metrica:Away,metrica:Home,complete_ten_defenders_unavailable
2,932.04,3782.76,metrica:Away:18,metrica:Away,metrica:Home,complete_ten_defenders_unavailable
2,932.04,3782.76,metrica:Away:19,metrica:Away,metrica:Home,complete_ten_defenders_unavailable
2,932.04,3782.76,metrica:Away:20,metrica:Away,metrica:Home,complete_ten_defenders_unavailable
2,932.04,3782.76,metrica:Away:21,metrica:Away,metrica:Home,complete_ten_defenders_unavailable
2,932.04,3782.76,metrica:Away:22,metrica:Away,metrica:Home,attacker_exposure_unavailable
2,932.04,3782.76,metrica:Away:23,metrica:Away,metrica:Home,complete_ten_defenders_unavailable
2,932.04,3782.76,metrica:Away:24,metrica:Away,metrica:Home,complete_ten_defenders_unavailable
2,932.04,3782.76,metrica:Away:26,metrica:Away,metrica:Home,attacker_exposure_unavailable
2,932.04,3782.76,metrica:Away:27,metrica:Away,metrica:Home,attacker_exposure_unavailable
2,932.04,3782.76,metrica:Away:28,metrica:Away,metrica:Home,attacker_exposure_unavailable
2,936.04,3786.76,metrica:Away:15,metrica:Away,metrica:Home,complete_ten_defenders_unavailable
2,936.04,3786.76,metrica:Away:16,metrica:Away,metrica:Home,complete_ten_defenders_unavailable
2,936.04,3786.76,metrica:Away:17,metrica:Away,metrica:Home,complete_ten_defenders_unavailable
2,936.04,3786.76,metrica:Away:18,metrica:Away,metrica:Home,complete_ten_defenders_unavailable
2,936.04,3786.76,metrica:Away:19,metrica:Away,metrica:Home,complete_ten_defenders_unavailable
2,936.04,3786.76,metrica:Away:20,metrica:Away,metrica:Home,complete_ten_defenders_unavailable
2,936.04,3786.76,metrica:Away:21,metrica:Away,metrica:Home,complete_ten_defenders_unavailable
2,936.04,3786.76,metrica:Away:22,metrica:Away,metrica:Home,attacker_exposure_unavailable
2,936.04,3786.76,metrica:Away:23,metrica:Away,metrica:Home,complete_ten_defenders_unavailable
2,936.04,3786.76,metrica:Away:24,metrica:Away,metrica:Home,complete_ten_defenders_unavailable
2,936.04,3786.76,metrica:Away:26,metrica:Away,metrica:Home,attacker_exposure_unavailable
2,936.04,3786.76,metrica:Away:27,metrica:Away,metrica:Home,attacker_exposure_unavailable
2,936.04,3786.76,metrica:Away:28,metrica:Away,metrica:Home,attacker_exposure_unavailable
2,940.04,3790.76,metrica:Away:15,metrica:Away,metrica:Home,complete_ten_defenders_unavailable
2,940.04,3790.76,metrica:Away:16,metrica:Away,metrica:Home,complete_ten_defenders_unavailable
2,940.04,3790.76,metrica:Away:17,metrica:Away,metrica:Home,complete_ten_defenders_unavailable
2,940.04,3790.76,metrica:Away:18,metrica:Away,metrica:Home,complete_ten_defenders_unavailable
2,940.04,3790.76,metrica:Away:19,metrica:Away,metrica:Home,complete_ten_defenders_unavailable
2,940.04,3790.76,metrica:Away:20,metrica:Away,metrica:Home,complete_ten_defenders_unavailable
2,940.04,3790.76,metrica:Away:21,metrica:Away,metrica:Home,complete_ten_defenders_unavailable
2,940.04,3790.76,metrica:Away:22,metrica:Away,metrica:Home,attacker_exposure_unavailable
2,940.04,3790.76,metrica:Away:23,metrica:Away,metrica:Home,complete_ten_defenders_unavailable
2,940.04,3790.76,metrica:Away:24,metrica:Away,metrica:Home,complete_ten_defenders_unavailable
2,940.04,3790.76,metrica:Away:26,metrica:Away,metrica:Home,attacker_exposure_unavailable
2,940.04,3790.76,metrica:Away:27,metrica:Away,metrica:Home,attacker_exposure_unavailable
2,940.04,3790.76,metrica:Away:28,metrica:Away,metrica:Home,attacker_exposure_unavailable
2,944.04,3794.76,metrica:Away:15,metrica:Away,metrica:Home,complete_ten_defenders_unavailable
2,944.04,3794.76,metrica:Away:16,metrica:Away,metrica:Home,complete_ten_defenders_unavailable
2,944.04,3794.76,metrica:Away:17,metrica:Away,metrica:Home,complete_ten_defenders_unavailable
2,944.04,3794.76,metrica:Away:18,metrica:Away,metrica:Home,complete_ten_defenders_unavailable
2,944.04,3794.76,metrica:Away:19,metrica:Away,metrica:Home,complete_ten_defenders_unavailable
2,944.04,3794.76,metrica:Away:20,metrica:Away,metrica:Home,complete_ten_defenders_unavailable
2,944.04,3794.76,metrica:Away:21,metrica:Away,metrica:Home,complete_ten_defenders_unavailable
2,944.04,3794.76,metrica:Away:22,metrica:Away,metrica:Home,attacker_exposure_unavailable
2,944.04,3794.76,metrica:Away:23,metrica:Away,metrica:Home,complete_ten_defenders_unavailable
2,944.04,3794.76,metrica:Away:24,metrica:Away,metrica:Home,complete_ten_defenders_unavailable
2,944.04,3794.76,metrica:Away:26,metrica:Away,metrica:Home,attacker_exposure_unavailable
2,944.04,3794.76,metrica:Away:27,metrica:Away,metrica:Home,attacker_exposure_unavailable
2,944.04,3794.76,metrica:Away:28,metrica:Away,metrica:Home,attacker_exposure_unavailable
2,948.04,3798.76,metrica:Home:1,metrica:Home,metrica:Away,attacker_exposure_unavailable
2,948.04,3798.76,metrica:Home:10,metrica:Home,metrica:Away,complete_ten_defenders_unavailable
2,948.04,3798.76,metrica:Home:12,metrica:Home,metrica:Away,complete_ten_defenders_unavailable
2,948.04,3798.76,metrica:Home:13,metrica:Home,metrica:Away,attacker_exposure_unavailable
2,948.04,3798.76,metrica:Home:14,metrica:Home,metrica:Away,attacker_exposure_unavailable
2,948.04,3798.76,metrica:Home:2,metrica:Home,metrica:Away,complete_ten_defenders_unavailable
2,948.04,3798.76,metrica:Home:3,metrica:Home,metrica:Away,attacker_exposure_unavailable
2,948.04,3798.76,metrica:Home:4,metrica:Home,metrica:Away,complete_ten_defenders_unavailable
2,948.04,3798.76,metrica:Home:5,metrica:Home,metrica:Away,complete_ten_defenders_unavailable
2,948.04,3798.76,metrica:Home:6,metrica:Home,metrica:Away,complete_ten_defenders_unavailable
2,948.04,3798.76,metrica:Home:7,metrica:Home,metrica:Away,complete_ten_defenders_unavailable
2,948.04,3798.76,metrica:Home:8,metrica:Home,metrica:Away,complete_ten_defenders_unavailable
2,948.04,3798.76,metrica:Home:9,metrica:Home,metrica:Away,complete_ten_defenders_unavailable
2,952.04,3802.76,metrica:Home:1,metrica:Home,metrica:Away,attacker_exposure_unavailable
2,952.04,3802.76,metrica:Home:10,metrica:Home,metrica:Away,complete_ten_defenders_unavailable
2,952.04,3802.76,metrica:Home:12,metrica:Home,metrica:Away,complete_ten_defenders_unavailable
2,952.04,3802.76,metrica:Home:13,metrica:Home,metrica:Away,attacker_exposure_unavailable
2,952.04,3802.76,metrica:Home:14,metrica:Home,metrica:Away,attacker_exposure_unavailable
2,952.04,3802.76,metrica:Home:2,metrica:Home,metrica:Away,complete_ten_defenders_unavailable
2,952.04,3802.76,metrica:Home:3,metrica:Home,metrica:Away,attacker_exposure_unavailable
2,952.04,3802.76,metrica:Home:4,metrica:Home,metrica:Away,complete_ten_defenders_unavailable
2,952.04,3802.76,metrica:Home:5,metrica:Home,metrica:Away,complete_ten_defenders_unavailable
2,952.04,3802.76,metrica:Home:6,metrica:Home,metrica:Away,complete_ten_defenders_unavailable
2,952.04,3802.76,metrica:Home:7,metrica:Home,metrica:Away,complete_ten_defenders_unavailable
2,952.04,3802.76,metrica:Home:8,metrica:Home,metrica:Away,complete_ten_defenders_unavailable
2,952.04,3802.76,metrica:Home:9,metrica:Home,metrica:Away,complete_ten_defenders_unavailable
2,956.04,3806.76,metrica:Away:15,metrica:Away,metrica:Home,complete_ten_defenders_unavailable
2,956.04,3806.76,metrica:Away:16,metrica:Away,metrica:Home,complete_ten_defenders_unavailable
2,956.04,3806.76,metrica:Away:17,metrica:Away,metrica:Home,complete_ten_defenders_unavailable
2,956.04,3806.76,metrica:Away:18,metrica:Away,metrica:Home,complete_ten_defenders_unavailable
2,956.04,3806.76,metrica:Away:19,metrica:Away,metrica:Home,complete_ten_defenders_unavailable
2,956.04,3806.76,metrica:Away:20,metrica:Away,metrica:Home,complete_ten_defenders_unavailable
2,956.04,3806.76,metrica:Away:21,metrica:Away,metrica:Home,complete_ten_defenders_unavailable
2,956.04,3806.76,metrica:Away:22,metrica:Away,metrica:Home,attacker_exposure_unavailable
2,956.04,3806.76,metrica:Away:23,metrica:Away,metrica:Home,complete_ten_defenders_unavailable
2,956.04,3806.76,metrica:Away:24,metrica:Away,metrica:Home,complete_ten_defenders_unavailable
2,956.04,3806.76,metrica:Away:26,metrica:Away,metrica:Home,attacker_exposure_unavailable
2,956.04,3806.76,metrica:Away:27,metrica:Away,metrica:Home,attacker_exposure_unavailable
2,956.04,3806.76,metrica:Away:28,metrica:Away,metrica:Home,attacker_exposure_unavailable
2,960.04,3810.76,metrica:Away:15,metrica:Away,metrica:Home,complete_ten_defenders_unavailable
2,960.04,3810.76,metrica:Away:16,metrica:Away,metrica:Home,complete_ten_defenders_unavailable
2,960.04,3810.76,metrica:Away:17,metrica:Away,metrica:Home,complete_ten_defenders_unavailable
2,960.04,3810.76,metrica:Away:18,metrica:Away,metrica:Home,complete_ten_defenders_unavailable
2,960.04,3810.76,metrica:Away:19,metrica:Away,metrica:Home,complete_ten_defenders_unavailable
2,960.04,3810.76,metrica:Away:20,metrica:Away,metrica:Home,complete_ten_defenders_unavailable
2,960.04,3810.76,metrica:Away:21,metrica:Away,metrica:Home,complete_ten_defenders_unavailable
2,960.04,3810.76,metrica:Away:22,metrica:Away,metrica:Home,attacker_exposure_unavailable
2,960.04,3810.76,metrica:Away:23,metrica:Away,metrica:Home,complete_ten_defenders_unavailable
2,960.04,3810.76,metrica:Away:24,metrica:Away,metrica:Home,complete_ten_defenders_unavailable
2,960.04,3810.76,metrica:Away:26,metrica:Away,metrica:Home,attacker_exposure_unavailable
2,960.04,3810.76,metrica:Away:27,metrica:Away,metrica:Home,attacker_exposure_unavailable
2,960.04,3810.76,metrica:Away:28,metrica:Away,metrica:Home,attacker_exposure_unavailable
2,964.04,3814.76,metrica:Away:15,metrica:Away,metrica:Home,complete_ten_defenders_unavailable
2,964.04,3814.76,metrica:Away:16,metrica:Away,metrica:Home,complete_ten_defenders_unavailable
2,964.04,3814.76,metrica:Away:17,metrica:Away,metrica:Home,complete_ten_defenders_unavailable
2,964.04,3814.76,metrica:Away:18,metrica:Away,metrica:Home,complete_ten_defenders_unavailable
2,964.04,3814.76,metrica:Away:19,metrica:Away,metrica:Home,complete_ten_defenders_unavailable
2,964.04,3814.76,metrica:Away:20,metrica:Away,metrica:Home,complete_ten_defenders_unavailable
2,964.04,3814.76,metrica:Away:21,metrica:Away,metrica:Home,complete_ten_defenders_unavailable
2,964.04,3814.76,metrica:Away:22,metrica:Away,metrica:Home,attacker_exposure_unavailable
2,964.04,3814.76,metrica:Away:23,metrica:Away,metrica:Home,complete_ten_defenders_unavailable
2,964.04,3814.76,metrica:Away:24,metrica:Away,metrica:Home,complete_ten_defenders_unavailable
2,964.04,3814.76,metrica:Away:26,metrica:Away,metrica:Home,attacker_exposure_unavailable
2,964.04,3814.76,metrica:Away:27,metrica:Away,metrica:Home,attacker_exposure_unavailable
2,964.04,3814.76,metrica:Away:28,metrica:Away,metrica:Home,attacker_exposure_unavailable
2,968.04,3818.76,metrica:Away:15,metrica:Away,metrica:Home,complete_ten_defenders_unavailable
2,968.04,3818.76,metrica:Away:16,metrica:Away,metrica:Home,complete_ten_defenders_unavailable
2,968.04,3818.76,metrica:Away:17,metrica:Away,metrica:Home,complete_ten_defenders_unavailable
2,968.04,3818.76,metrica:Away:18,metrica:Away,metrica:Home,complete_ten_defenders_unavailable
2,968.04,3818.76,metrica:Away:19,metrica:Away,metrica:Home,complete_ten_defenders_unavailable
2,968.04,3818.76,metrica:Away:20,metrica:Away,metrica:Home,complete_ten_defenders_unavailable
2,968.04,3818.76,metrica:Away:21,metrica:Away,metrica:Home,complete_ten_defenders_unavailable
2,968.04,3818.76,metrica:Away:22,metrica:Away,metrica:Home,attacker_exposure_unavailable
2,968.04,3818.76,metrica:Away:23,metrica:Away,metrica:Home,complete_ten_defenders_unavailable
2,968.04,3818.76,metrica:Away:24,metrica:Away,metrica:Home,complete_ten_defenders_unavailable
2,968.04,3818.76,metrica:Away:26,metrica:Away,metrica:Home,attacker_exposure_unavailable
2,968.04,3818.76,metrica:Away:27,metrica:Away,metrica:Home,attacker_exposure_unavailable
2,968.04,3818.76,metrica:Away:28,metrica:Away,metrica:Home,attacker_exposure_unavailable
2,972.04,3822.76,metrica:Away:15,metrica:Away,metrica:Home,complete_ten_defenders_unavailable
2,972.04,3822.76,metrica:Away:16,metrica:Away,metrica:Home,complete_ten_defenders_unavailable
2,972.04,3822.76,metrica:Away:17,metrica:Away,metrica:Home,complete_ten_defenders_unavailable
2,972.04,3822.76,metrica:Away:18,metrica:Away,metrica:Home,complete_ten_defenders_unavailable
2,972.04,3822.76,metrica:Away:19,metrica:Away,metrica:Home,complete_ten_defenders_unavailable
2,972.04,3822.76,metrica:Away:20,metrica:Away,metrica:Home,complete_ten_defenders_unavailable
2,972.04,3822.76,metrica:Away:21,metrica:Away,metrica:Home,complete_ten_defenders_unavailable
2,972.04,3822.76,metrica:Away:22,metrica:Away,metrica:Home,attacker_exposure_unavailable
2,972.04,3822.76,metrica:Away:23,metrica:Away,metrica:Home,complete_ten_defenders_unavailable
2,972.04,3822.76,metrica:Away:24,metrica:Away,metrica:Home,complete_ten_defenders_unavailable
2,972.04,3822.76,metrica:Away:26,metrica:Away,metrica:Home,attacker_exposure_unavailable
2,972.04,3822.76,metrica:Away:27,metrica:Away,metrica:Home,attacker_exposure_unavailable
2,972.04,3822.76,metrica:Away:28,metrica:Away,metrica:Home,attacker_exposure_unavailable
2,976.04,3826.76,metrica:Away:15,metrica:Away,metrica:Home,complete_ten_defenders_unavailable
2,976.04,3826.76,metrica:Away:16,metrica:Away,metrica:Home,complete_ten_defenders_unavailable
2,976.04,3826.76,metrica:Away:17,metrica:Away,metrica:Home,complete_ten_defenders_unavailable
2,976.04,3826.76,metrica:Away:18,metrica:Away,metrica:Home,complete_ten_defenders_unavailable
2,976.04,3826.76,metrica:Away:19,metrica:Away,metrica:Home,complete_ten_defenders_unavailable
2,976.04,3826.76,metrica:Away:20,metrica:Away,metrica:Home,complete_ten_defenders_unavailable
2,976.04,3826.76,metrica:Away:21,metrica:Away,metrica:Home,complete_ten_defenders_unavailable
2,976.04,3826.76,metrica:Away:22,metrica:Away,metrica:Home,attacker_exposure_unavailable
2,976.04,3826.76,metrica:Away:23,metrica:Away,metrica:Home,complete_ten_defenders_unavailable
2,976.04,3826.76,metrica:Away:24,metrica:Away,metrica:Home,complete_ten_defenders_unavailable
2,976.04,3826.76,metrica:Away:26,metrica:Away,metrica:Home,attacker_exposure_unavailable
2,976.04,3826.76,metrica:Away:27,metrica:Away,metrica:Home,attacker_exposure_unavailable
2,976.04,3826.76,metrica:Away:28,metrica:Away,metrica:Home,attacker_exposure_unavailable
2,980.04,3830.76,metrica:Away:15,metrica:Away,metrica:Home,complete_ten_defenders_unavailable
2,980.04,3830.76,metrica:Away:16,metrica:Away,metrica:Home,complete_ten_defenders_unavailable
2,980.04,3830.76,metrica:Away:17,metrica:Away,metrica:Home,complete_ten_defenders_unavailable
2,980.04,3830.76,metrica:Away:18,metrica:Away,metrica:Home,complete_ten_defenders_unavailable
2,980.04,3830.76,metrica:Away:19,metrica:Away,metrica:Home,complete_ten_defenders_unavailable
2,980.04,3830.76,metrica:Away:20,metrica:Away,metrica:Home,complete_ten_defenders_unavailable
2,980.04,3830.76,metrica:Away:21,metrica:Away,metrica:Home,complete_ten_defenders_unavailable
2,980.04,3830.76,metrica:Away:22,metrica:Away,metrica:Home,attacker_exposure_unavailable
2,980.04,3830.76,metrica:Away:23,metrica:Away,metrica:Home,complete_ten_defenders_unavailable
2,980.04,3830.76,metrica:Away:24,metrica:Away,metrica:Home,complete_ten_defenders_unavailable
2,980.04,3830.76,metrica:Away:26,metrica:Away,metrica:Home,attacker_exposure_unavailable
2,980.04,3830.76,metrica:Away:27,metrica:Away,metrica:Home,attacker_exposure_unavailable
2,980.04,3830.76,metrica:Away:28,metrica:Away,metrica:Home,attacker_exposure_unavailable
2,984.04,3834.76,metrica:Away:15,metrica:Away,metrica:Home,complete_ten_defenders_unavailable
2,984.04,3834.76,metrica:Away:16,metrica:Away,metrica:Home,complete_ten_defenders_unavailable
2,984.04,3834.76,metrica:Away:17,metrica:Away,metrica:Home,complete_ten_defenders_unavailable
2,984.04,3834.76,metrica:Away:18,metrica:Away,metrica:Home,complete_ten_defenders_unavailable
2,984.04,3834.76,metrica:Away:19,metrica:Away,metrica:Home,complete_ten_defenders_unavailable
2,984.04,3834.76,metrica:Away:20,metrica:Away,metrica:Home,complete_ten_defenders_unavailable
2,984.04,3834.76,metrica:Away:21,metrica:Away,metrica:Home,complete_ten_defenders_unavailable
2,984.04,3834.76,metrica:Away:22,metrica:Away,metrica:Home,attacker_exposure_unavailable
2,984.04,3834.76,metrica:Away:23,metrica:Away,metrica:Home,complete_ten_defenders_unavailable
2,984.04,3834.76,metrica:Away:24,metrica:Away,metrica:Home,complete_ten_defenders_unavailable
2,984.04,3834.76,metrica:Away:26,metrica:Away,metrica:Home,attacker_exposure_unavailable
2,984.04,3834.76,metrica:Away:27,metrica:Away,metrica:Home,attacker_exposure_unavailable
2,984.04,3834.76,metrica:Away:28,metrica:Away,metrica:Home,attacker_exposure_unavailable
2,988.04,3838.76,metrica:Away:15,metrica:Away,metrica:Home,complete_ten_defenders_unavailable
2,988.04,3838.76,metrica:Away:16,metrica:Away,metrica:Home,complete_ten_defenders_unavailable
2,988.04,3838.76,metrica:Away:17,metrica:Away,metrica:Home,complete_ten_defenders_unavailable
2,988.04,3838.76,metrica:Away:18,metrica:Away,metrica:Home,complete_ten_defenders_unavailable
2,988.04,3838.76,metrica:Away:19,metrica:Away,metrica:Home,complete_ten_defenders_unavailable
2,988.04,3838.76,metrica:Away:20,metrica:Away,metrica:Home,complete_ten_defenders_unavailable
2,988.04,3838.76,metrica:Away:21,metrica:Away,metrica:Home,complete_ten_defenders_unavailable
2,988.04,3838.76,metrica:Away:22,metrica:Away,metrica:Home,attacker_exposure_unavailable
2,988.04,3838.76,metrica:Away:23,metrica:Away,metrica:Home,complete_ten_defenders_unavailable
2,988.04,3838.76,metrica:Away:24,metrica:Away,metrica:Home,complete_ten_defenders_unavailable
2,988.04,3838.76,metrica:Away:26,metrica:Away,metrica:Home,attacker_exposure_unavailable
2,988.04,3838.76,metrica:Away:27,metrica:Away,metrica:Home,attacker_exposure_unavailable
2,988.04,3838.76,metrica:Away:28,metrica:Away,metrica:Home,attacker_exposure_unavailable
2,992.04,3842.76,metrica:Home:1,metrica:Home,metrica:Away,restart_or_ball_out_primary_span
2,992.04,3842.76,metrica:Home:10,metrica:Home,metrica:Away,restart_or_ball_out_primary_span
2,992.04,3842.76,metrica:Home:12,metrica:Home,metrica:Away,restart_or_ball_out_primary_span
2,992.04,3842.76,metrica:Home:13,metrica:Home,metrica:Away,restart_or_ball_out_primary_span
2,992.04,3842.76,metrica:Home:14,metrica:Home,metrica:Away,restart_or_ball_out_primary_span
2,992.04,3842.76,metrica:Home:2,metrica:Home,metrica:Away,restart_or_ball_out_primary_span
2,992.04,3842.76,metrica:Home:3,metrica:Home,metrica:Away,restart_or_ball_out_primary_span
2,992.04,3842.76,metrica:Home:4,metrica:Home,metrica:Away,restart_or_ball_out_primary_span
2,992.04,3842.76,metrica:Home:5,metrica:Home,metrica:Away,restart_or_ball_out_primary_span
2,992.04,3842.76,metrica:Home:6,metrica:Home,metrica:Away,restart_or_ball_out_primary_span
2,992.04,3842.76,metrica:Home:7,metrica:Home,metrica:Away,restart_or_ball_out_primary_span
2,992.04,3842.76,metrica:Home:8,metrica:Home,metrica:Away,restart_or_ball_out_primary_span
2,992.04,3842.76,metrica:Home:9,metrica:Home,metrica:Away,restart_or_ball_out_primary_span
2,996.04,3846.76,metrica:Home:1,metrica:Home,metrica:Away,restart_or_ball_out_primary_span
2,996.04,3846.76,metrica:Home:10,metrica:Home,metrica:Away,restart_or_ball_out_primary_span
2,996.04,3846.76,metrica:Home:12,metrica:Home,metrica:Away,restart_or_ball_out_primary_span
2,996.04,3846.76,metrica:Home:13,metrica:Home,metrica:Away,restart_or_ball_out_primary_span
2,996.04,3846.76,metrica:Home:14,metrica:Home,metrica:Away,restart_or_ball_out_primary_span
2,996.04,3846.76,metrica:Home:2,metrica:Home,metrica:Away,restart_or_ball_out_primary_span
2,996.04,3846.76,metrica:Home:3,metrica:Home,metrica:Away,restart_or_ball_out_primary_span
2,996.04,3846.76,metrica:Home:4,metrica:Home,metrica:Away,restart_or_ball_out_primary_span
2,996.04,3846.76,metrica:Home:5,metrica:Home,metrica:Away,restart_or_ball_out_primary_span
2,996.04,3846.76,metrica:Home:6,metrica:Home,metrica:Away,restart_or_ball_out_primary_span
2,996.04,3846.76,metrica:Home:7,metrica:Home,metrica:Away,restart_or_ball_out_primary_span
2,996.04,3846.76,metrica:Home:8,metrica:Home,metrica:Away,restart_or_ball_out_primary_span
2,996.04,3846.76,metrica:Home:9,metrica:Home,metrica:Away,restart_or_ball_out_primary_span
2,1000.04,3850.76,metrica:Home:1,metrica:Home,metrica:Away,attacker_exposure_unavailable
2,1000.04,3850.76,metrica:Home:10,metrica:Home,metrica:Away,complete_ten_defenders_unavailable
2,1000.04,3850.76,metrica:Home:12,metrica:Home,metrica:Away,complete_ten_defenders_unavailable
2,1000.04,3850.76,metrica:Home:13,metrica:Home,metrica:Away,attacker_exposure_unavailable
2,1000.04,3850.76,metrica:Home:14,metrica:Home,metrica:Away,attacker_exposure_unavailable
2,1000.04,3850.76,metrica:Home:2,metrica:Home,metrica:Away,complete_ten_defenders_unavailable
2,1000.04,3850.76,metrica:Home:3,metrica:Home,metrica:Away,attacker_exposure_unavailable
2,1000.04,3850.76,metrica:Home:4,metrica:Home,metrica:Away,complete_ten_defenders_unavailable
2,1000.04,3850.76,metrica:Home:5,metrica:Home,metrica:Away,complete_ten_defenders_unavailable
2,1000.04,3850.76,metrica:Home:6,metrica:Home,metrica:Away,complete_ten_defenders_unavailable
2,1000.04,3850.76,metrica:Home:7,metrica:Home,metrica:Away,complete_ten_defenders_unavailable
2,1000.04,3850.76,metrica:Home:8,metrica:Home,metrica:Away,complete_ten_defenders_unavailable
2,1000.04,3850.76,metrica:Home:9,metrica:Home,metrica:Away,complete_ten_defenders_unavailable
2,1004.04,3854.76,metrica:Away:15,metrica:Away,metrica:Home,restart_or_ball_out_primary_span
2,1004.04,3854.76,metrica:Away:16,metrica:Away,metrica:Home,restart_or_ball_out_primary_span
2,1004.04,3854.76,metrica:Away:17,metrica:Away,metrica:Home,restart_or_ball_out_primary_span
2,1004.04,3854.76,metrica:Away:18,metrica:Away,metrica:Home,restart_or_ball_out_primary_span
2,1004.04,3854.76,metrica:Away:19,metrica:Away,metrica:Home,restart_or_ball_out_primary_span
2,1004.04,3854.76,metrica:Away:20,metrica:Away,metrica:Home,restart_or_ball_out_primary_span
2,1004.04,3854.76,metrica:Away:21,metrica:Away,metrica:Home,restart_or_ball_out_primary_span
2,1004.04,3854.76,metrica:Away:22,metrica:Away,metrica:Home,restart_or_ball_out_primary_span
2,1004.04,3854.76,metrica:Away:23,metrica:Away,metrica:Home,restart_or_ball_out_primary_span
2,1004.04,3854.76,metrica:Away:24,metrica:Away,metrica:Home,restart_or_ball_out_primary_span
2,1004.04,3854.76,metrica:Away:26,metrica:Away,metrica:Home,restart_or_ball_out_primary_span
2,1004.04,3854.76,metrica:Away:27,metrica:Away,metrica:Home,restart_or_ball_out_primary_span
2,1004.04,3854.76,metrica:Away:28,metrica:Away,metrica:Home,restart_or_ball_out_primary_span
2,1008.04,3858.76,metrica:Away:15,metrica:Away,metrica:Home,complete_ten_defenders_unavailable
2,1008.04,3858.76,metrica:Away:16,metrica:Away,metrica:Home,complete_ten_defenders_unavailable
2,1008.04,3858.76,metrica:Away:17,metrica:Away,metrica:Home,complete_ten_defenders_unavailable
2,1008.04,3858.76,metrica:Away:18,metrica:Away,metrica:Home,complete_ten_defenders_unavailable
2,1008.04,3858.76,metrica:Away:19,metrica:Away,metrica:Home,complete_ten_defenders_unavailable
2,1008.04,3858.76,metrica:Away:20,metrica:Away,metrica:Home,complete_ten_defenders_unavailable
2,1008.04,3858.76,metrica:Away:21,metrica:Away,metrica:Home,complete_ten_defenders_unavailable
2,1008.04,3858.76,metrica:Away:22,metrica:Away,metrica:Home,attacker_exposure_unavailable
2,1008.04,3858.76,metrica:Away:23,metrica:Away,metrica:Home,complete_ten_defenders_unavailable
2,1008.04,3858.76,metrica:Away:24,metrica:Away,metrica:Home,complete_ten_defenders_unavailable
2,1008.04,3858.76,metrica:Away:26,metrica:Away,metrica:Home,attacker_exposure_unavailable
2,1008.04,3858.76,metrica:Away:27,metrica:Away,metrica:Home,attacker_exposure_unavailable
2,1008.04,3858.76,metrica:Away:28,metrica:Away,metrica:Home,attacker_exposure_unavailable
2,1012.04,3862.76,metrica:Away:15,metrica:Away,metrica:Home,complete_ten_defenders_unavailable
2,1012.04,3862.76,metrica:Away:16,metrica:Away,metrica:Home,complete_ten_defenders_unavailable
2,1012.04,3862.76,metrica:Away:17,metrica:Away,metrica:Home,complete_ten_defenders_unavailable
2,1012.04,3862.76,metrica:Away:18,metrica:Away,metrica:Home,complete_ten_defenders_unavailable
2,1012.04,3862.76,metrica:Away:19,metrica:Away,metrica:Home,complete_ten_defenders_unavailable
2,1012.04,3862.76,metrica:Away:20,metrica:Away,metrica:Home,complete_ten_defenders_unavailable
2,1012.04,3862.76,metrica:Away:21,metrica:Away,metrica:Home,complete_ten_defenders_unavailable
2,1012.04,3862.76,metrica:Away:22,metrica:Away,metrica:Home,attacker_exposure_unavailable
2,1012.04,3862.76,metrica:Away:23,metrica:Away,metrica:Home,complete_ten_defenders_unavailable
2,1012.04,3862.76,metrica:Away:24,metrica:Away,metrica:Home,complete_ten_defenders_unavailable
2,1012.04,3862.76,metrica:Away:26,metrica:Away,metrica:Home,attacker_exposure_unavailable
2,1012.04,3862.76,metrica:Away:27,metrica:Away,metrica:Home,attacker_exposure_unavailable
2,1012.04,3862.76,metrica:Away:28,metrica:Away,metrica:Home,attacker_exposure_unavailable
2,1016.04,3866.76,metrica:Away:15,metrica:Away,metrica:Home,complete_ten_defenders_unavailable
2,1016.04,3866.76,metrica:Away:16,metrica:Away,metrica:Home,complete_ten_defenders_unavailable
2,1016.04,3866.76,metrica:Away:17,metrica:Away,metrica:Home,complete_ten_defenders_unavailable
2,1016.04,3866.76,metrica:Away:18,metrica:Away,metrica:Home,complete_ten_defenders_unavailable
2,1016.04,3866.76,metrica:Away:19,metrica:Away,metrica:Home,complete_ten_defenders_unavailable
2,1016.04,3866.76,metrica:Away:20,metrica:Away,metrica:Home,complete_ten_defenders_unavailable
2,1016.04,3866.76,metrica:Away:21,metrica:Away,metrica:Home,complete_ten_defenders_unavailable
2,1016.04,3866.76,metrica:Away:22,metrica:Away,metrica:Home,attacker_exposure_unavailable
2,1016.04,3866.76,metrica:Away:23,metrica:Away,metrica:Home,complete_ten_defenders_unavailable
2,1016.04,3866.76,metrica:Away:24,metrica:Away,metrica:Home,complete_ten_defenders_unavailable
2,1016.04,3866.76,metrica:Away:26,metrica:Away,metrica:Home,attacker_exposure_unavailable
2,1016.04,3866.76,metrica:Away:27,metrica:Away,metrica:Home,attacker_exposure_unavailable
2,1016.04,3866.76,metrica:Away:28,metrica:Away,metrica:Home,attacker_exposure_unavailable
2,1020.04,3870.76,metrica:Away:15,metrica:Away,metrica:Home,complete_ten_defenders_unavailable
2,1020.04,3870.76,metrica:Away:16,metrica:Away,metrica:Home,complete_ten_defenders_unavailable
2,1020.04,3870.76,metrica:Away:17,metrica:Away,metrica:Home,complete_ten_defenders_unavailable
2,1020.04,3870.76,metrica:Away:18,metrica:Away,metrica:Home,complete_ten_defenders_unavailable
2,1020.04,3870.76,metrica:Away:19,metrica:Away,metrica:Home,complete_ten_defenders_unavailable
2,1020.04,3870.76,metrica:Away:20,metrica:Away,metrica:Home,complete_ten_defenders_unavailable
2,1020.04,3870.76,metrica:Away:21,metrica:Away,metrica:Home,complete_ten_defenders_unavailable
2,1020.04,3870.76,metrica:Away:22,metrica:Away,metrica:Home,attacker_exposure_unavailable
2,1020.04,3870.76,metrica:Away:23,metrica:Away,metrica:Home,complete_ten_defenders_unavailable
2,1020.04,3870.76,metrica:Away:24,metrica:Away,metrica:Home,complete_ten_defenders_unavailable
2,1020.04,3870.76,metrica:Away:26,metrica:Away,metrica:Home,attacker_exposure_unavailable
2,1020.04,3870.76,metrica:Away:27,metrica:Away,metrica:Home,attacker_exposure_unavailable
2,1020.04,3870.76,metrica:Away:28,metrica:Away,metrica:Home,attacker_exposure_unavailable
2,1024.04,3874.76,metrica:Away:15,metrica:Away,metrica:Home,complete_ten_defenders_unavailable
2,1024.04,3874.76,metrica:Away:16,metrica:Away,metrica:Home,complete_ten_defenders_unavailable
2,1024.04,3874.76,metrica:Away:17,metrica:Away,metrica:Home,complete_ten_defenders_unavailable
2,1024.04,3874.76,metrica:Away:18,metrica:Away,metrica:Home,complete_ten_defenders_unavailable
2,1024.04,3874.76,metrica:Away:19,metrica:Away,metrica:Home,complete_ten_defenders_unavailable
2,1024.04,3874.76,metrica:Away:20,metrica:Away,metrica:Home,complete_ten_defenders_unavailable
2,1024.04,3874.76,metrica:Away:21,metrica:Away,metrica:Home,complete_ten_defenders_unavailable
2,1024.04,3874.76,metrica:Away:22,metrica:Away,metrica:Home,attacker_exposure_unavailable
2,1024.04,3874.76,metrica:Away:23,metrica:Away,metrica:Home,complete_ten_defenders_unavailable
2,1024.04,3874.76,metrica:Away:24,metrica:Away,metrica:Home,complete_ten_defenders_unavailable
2,1024.04,3874.76,metrica:Away:26,metrica:Away,metrica:Home,attacker_exposure_unavailable
2,1024.04,3874.76,metrica:Away:27,metrica:Away,metrica:Home,attacker_exposure_unavailable
2,1024.04,3874.76,metrica:Away:28,metrica:Away,metrica:Home,attacker_exposure_unavailable
2,1028.04,3878.76,metrica:Away:15,metrica:Away,metrica:Home,complete_ten_defenders_unavailable
2,1028.04,3878.76,metrica:Away:16,metrica:Away,metrica:Home,complete_ten_defenders_unavailable
2,1028.04,3878.76,metrica:Away:17,metrica:Away,metrica:Home,complete_ten_defenders_unavailable
2,1028.04,3878.76,metrica:Away:18,metrica:Away,metrica:Home,complete_ten_defenders_unavailable
2,1028.04,3878.76,metrica:Away:19,metrica:Away,metrica:Home,complete_ten_defenders_unavailable
2,1028.04,3878.76,metrica:Away:20,metrica:Away,metrica:Home,complete_ten_defenders_unavailable
2,1028.04,3878.76,metrica:Away:21,metrica:Away,metrica:Home,complete_ten_defenders_unavailable
2,1028.04,3878.76,metrica:Away:22,metrica:Away,metrica:Home,attacker_exposure_unavailable
2,1028.04,3878.76,metrica:Away:23,metrica:Away,metrica:Home,complete_ten_defenders_unavailable
2,1028.04,3878.76,metrica:Away:24,metrica:Away,metrica:Home,complete_ten_defenders_unavailable
2,1028.04,3878.76,metrica:Away:26,metrica:Away,metrica:Home,attacker_exposure_unavailable
2,1028.04,3878.76,metrica:Away:27,metrica:Away,metrica:Home,attacker_exposure_unavailable
2,1028.04,3878.76,metrica:Away:28,metrica:Away,metrica:Home,attacker_exposure_unavailable
2,1032.04,3882.76,metrica:Away:15,metrica:Away,metrica:Home,complete_ten_defenders_unavailable
2,1032.04,3882.76,metrica:Away:16,metrica:Away,metrica:Home,complete_ten_defenders_unavailable
2,1032.04,3882.76,metrica:Away:17,metrica:Away,metrica:Home,complete_ten_defenders_unavailable
2,1032.04,3882.76,metrica:Away:18,metrica:Away,metrica:Home,complete_ten_defenders_unavailable
2,1032.04,3882.76,metrica:Away:19,metrica:Away,metrica:Home,complete_ten_defenders_unavailable
2,1032.04,3882.76,metrica:Away:20,metrica:Away,metrica:Home,complete_ten_defenders_unavailable
2,1032.04,3882.76,metrica:Away:21,metrica:Away,metrica:Home,complete_ten_defenders_unavailable
2,1032.04,3882.76,metrica:Away:22,metrica:Away,metrica:Home,attacker_exposure_unavailable
2,1032.04,3882.76,metrica:Away:23,metrica:Away,metrica:Home,complete_ten_defenders_unavailable
2,1032.04,3882.76,metrica:Away:24,metrica:Away,metrica:Home,complete_ten_defenders_unavailable
2,1032.04,3882.76,metrica:Away:26,metrica:Away,metrica:Home,attacker_exposure_unavailable
2,1032.04,3882.76,metrica:Away:27,metrica:Away,metrica:Home,attacker_exposure_unavailable
2,1032.04,3882.76,metrica:Away:28,metrica:Away,metrica:Home,attacker_exposure_unavailable
2,1036.04,3886.76,metrica:Away:15,metrica:Away,metrica:Home,complete_ten_defenders_unavailable
2,1036.04,3886.76,metrica:Away:16,metrica:Away,metrica:Home,complete_ten_defenders_unavailable
2,1036.04,3886.76,metrica:Away:17,metrica:Away,metrica:Home,complete_ten_defenders_unavailable
2,1036.04,3886.76,metrica:Away:18,metrica:Away,metrica:Home,complete_ten_defenders_unavailable
2,1036.04,3886.76,metrica:Away:19,metrica:Away,metrica:Home,complete_ten_defenders_unavailable
2,1036.04,3886.76,metrica:Away:20,metrica:Away,metrica:Home,complete_ten_defenders_unavailable
2,1036.04,3886.76,metrica:Away:21,metrica:Away,metrica:Home,complete_ten_defenders_unavailable
2,1036.04,3886.76,metrica:Away:22,metrica:Away,metrica:Home,attacker_exposure_unavailable
2,1036.04,3886.76,metrica:Away:23,metrica:Away,metrica:Home,complete_ten_defenders_unavailable
2,1036.04,3886.76,metrica:Away:24,metrica:Away,metrica:Home,complete_ten_defenders_unavailable
2,1036.04,3886.76,metrica:Away:26,metrica:Away,metrica:Home,attacker_exposure_unavailable
2,1036.04,3886.76,metrica:Away:27,metrica:Away,metrica:Home,attacker_exposure_unavailable
2,1036.04,3886.76,metrica:Away:28,metrica:Away,metrica:Home,attacker_exposure_unavailable
2,1040.04,3890.76,metrica:Away:15,metrica:Away,metrica:Home,restart_or_ball_out_primary_span
2,1040.04,3890.76,metrica:Away:16,metrica:Away,metrica:Home,restart_or_ball_out_primary_span
2,1040.04,3890.76,metrica:Away:17,metrica:Away,metrica:Home,restart_or_ball_out_primary_span
2,1040.04,3890.76,metrica:Away:18,metrica:Away,metrica:Home,restart_or_ball_out_primary_span
2,1040.04,3890.76,metrica:Away:19,metrica:Away,metrica:Home,restart_or_ball_out_primary_span
2,1040.04,3890.76,metrica:Away:20,metrica:Away,metrica:Home,restart_or_ball_out_primary_span
2,1040.04,3890.76,metrica:Away:21,metrica:Away,metrica:Home,restart_or_ball_out_primary_span
2,1040.04,3890.76,metrica:Away:22,metrica:Away,metrica:Home,restart_or_ball_out_primary_span
2,1040.04,3890.76,metrica:Away:23,metrica:Away,metrica:Home,restart_or_ball_out_primary_span
2,1040.04,3890.76,metrica:Away:24,metrica:Away,metrica:Home,restart_or_ball_out_primary_span
2,1040.04,3890.76,metrica:Away:26,metrica:Away,metrica:Home,restart_or_ball_out_primary_span
2,1040.04,3890.76,metrica:Away:27,metrica:Away,metrica:Home,restart_or_ball_out_primary_span
2,1040.04,3890.76,metrica:Away:28,metrica:Away,metrica:Home,restart_or_ball_out_primary_span
2,1044.04,3894.76,metrica:Away:15,metrica:Away,metrica:Home,complete_ten_defenders_unavailable
2,1044.04,3894.76,metrica:Away:16,metrica:Away,metrica:Home,complete_ten_defenders_unavailable
2,1044.04,3894.76,metrica:Away:17,metrica:Away,metrica:Home,complete_ten_defenders_unavailable
2,1044.04,3894.76,metrica:Away:18,metrica:Away,metrica:Home,complete_ten_defenders_unavailable
2,1044.04,3894.76,metrica:Away:19,metrica:Away,metrica:Home,complete_ten_defenders_unavailable
2,1044.04,3894.76,metrica:Away:20,metrica:Away,metrica:Home,complete_ten_defenders_unavailable
2,1044.04,3894.76,metrica:Away:21,metrica:Away,metrica:Home,complete_ten_defenders_unavailable
2,1044.04,3894.76,metrica:Away:22,metrica:Away,metrica:Home,attacker_exposure_unavailable
2,1044.04,3894.76,metrica:Away:23,metrica:Away,metrica:Home,complete_ten_defenders_unavailable
2,1044.04,3894.76,metrica:Away:24,metrica:Away,metrica:Home,complete_ten_defenders_unavailable
2,1044.04,3894.76,metrica:Away:26,metrica:Away,metrica:Home,attacker_exposure_unavailable
2,1044.04,3894.76,metrica:Away:27,metrica:Away,metrica:Home,attacker_exposure_unavailable
2,1044.04,3894.76,metrica:Away:28,metrica:Away,metrica:Home,attacker_exposure_unavailable
2,1048.04,3898.76,metrica:Away:15,metrica:Away,metrica:Home,complete_ten_defenders_unavailable
2,1048.04,3898.76,metrica:Away:16,metrica:Away,metrica:Home,complete_ten_defenders_unavailable
2,1048.04,3898.76,metrica:Away:17,metrica:Away,metrica:Home,complete_ten_defenders_unavailable
2,1048.04,3898.76,metrica:Away:18,metrica:Away,metrica:Home,complete_ten_defenders_unavailable
2,1048.04,3898.76,metrica:Away:19,metrica:Away,metrica:Home,complete_ten_defenders_unavailable
2,1048.04,3898.76,metrica:Away:20,metrica:Away,metrica:Home,complete_ten_defenders_unavailable
2,1048.04,3898.76,metrica:Away:21,metrica:Away,metrica:Home,complete_ten_defenders_unavailable
2,1048.04,3898.76,metrica:Away:22,metrica:Away,metrica:Home,attacker_exposure_unavailable
2,1048.04,3898.76,metrica:Away:23,metrica:Away,metrica:Home,complete_ten_defenders_unavailable
2,1048.04,3898.76,metrica:Away:24,metrica:Away,metrica:Home,complete_ten_defenders_unavailable
2,1048.04,3898.76,metrica:Away:26,metrica:Away,metrica:Home,attacker_exposure_unavailable
2,1048.04,3898.76,metrica:Away:27,metrica:Away,metrica:Home,attacker_exposure_unavailable
2,1048.04,3898.76,metrica:Away:28,metrica:Away,metrica:Home,attacker_exposure_unavailable
2,1052.04,3902.76,metrica:Away:15,metrica:Away,metrica:Home,complete_ten_defenders_unavailable
2,1052.04,3902.76,metrica:Away:16,metrica:Away,metrica:Home,complete_ten_defenders_unavailable
2,1052.04,3902.76,metrica:Away:17,metrica:Away,metrica:Home,complete_ten_defenders_unavailable
2,1052.04,3902.76,metrica:Away:18,metrica:Away,metrica:Home,complete_ten_defenders_unavailable
2,1052.04,3902.76,metrica:Away:19,metrica:Away,metrica:Home,complete_ten_defenders_unavailable
2,1052.04,3902.76,metrica:Away:20,metrica:Away,metrica:Home,complete_ten_defenders_unavailable
2,1052.04,3902.76,metrica:Away:21,metrica:Away,metrica:Home,complete_ten_defenders_unavailable
2,1052.04,3902.76,metrica:Away:22,metrica:Away,metrica:Home,attacker_exposure_unavailable
2,1052.04,3902.76,metrica:Away:23,metrica:Away,metrica:Home,complete_ten_defenders_unavailable
2,1052.04,3902.76,metrica:Away:24,metrica:Away,metrica:Home,complete_ten_defenders_unavailable
2,1052.04,3902.76,metrica:Away:26,metrica:Away,metrica:Home,attacker_exposure_unavailable
2,1052.04,3902.76,metrica:Away:27,metrica:Away,metrica:Home,attacker_exposure_unavailable
2,1052.04,3902.76,metrica:Away:28,metrica:Away,metrica:Home,attacker_exposure_unavailable
2,1056.04,3906.76,metrica:Away:15,metrica:Away,metrica:Home,complete_ten_defenders_unavailable
2,1056.04,3906.76,metrica:Away:16,metrica:Away,metrica:Home,complete_ten_defenders_unavailable
2,1056.04,3906.76,metrica:Away:17,metrica:Away,metrica:Home,complete_ten_defenders_unavailable
2,1056.04,3906.76,metrica:Away:18,metrica:Away,metrica:Home,complete_ten_defenders_unavailable
2,1056.04,3906.76,metrica:Away:19,metrica:Away,metrica:Home,complete_ten_defenders_unavailable
2,1056.04,3906.76,metrica:Away:20,metrica:Away,metrica:Home,complete_ten_defenders_unavailable
2,1056.04,3906.76,metrica:Away:21,metrica:Away,metrica:Home,complete_ten_defenders_unavailable
2,1056.04,3906.76,metrica:Away:22,metrica:Away,metrica:Home,attacker_exposure_unavailable
2,1056.04,3906.76,metrica:Away:23,metrica:Away,metrica:Home,complete_ten_defenders_unavailable
2,1056.04,3906.76,metrica:Away:24,metrica:Away,metrica:Home,complete_ten_defenders_unavailable
2,1056.04,3906.76,metrica:Away:26,metrica:Away,metrica:Home,attacker_exposure_unavailable
2,1056.04,3906.76,metrica:Away:27,metrica:Away,metrica:Home,attacker_exposure_unavailable
2,1056.04,3906.76,metrica:Away:28,metrica:Away,metrica:Home,attacker_exposure_unavailable
2,1060.04,3910.76,metrica:Away:15,metrica:Away,metrica:Home,complete_ten_defenders_unavailable
2,1060.04,3910.76,metrica:Away:16,metrica:Away,metrica:Home,complete_ten_defenders_unavailable
2,1060.04,3910.76,metrica:Away:17,metrica:Away,metrica:Home,complete_ten_defenders_unavailable
2,1060.04,3910.76,metrica:Away:18,metrica:Away,metrica:Home,complete_ten_defenders_unavailable
2,1060.04,3910.76,metrica:Away:19,metrica:Away,metrica:Home,complete_ten_defenders_unavailable
2,1060.04,3910.76,metrica:Away:20,metrica:Away,metrica:Home,complete_ten_defenders_unavailable
2,1060.04,3910.76,metrica:Away:21,metrica:Away,metrica:Home,complete_ten_defenders_unavailable
2,1060.04,3910.76,metrica:Away:22,metrica:Away,metrica:Home,attacker_exposure_unavailable
2,1060.04,3910.76,metrica:Away:23,metrica:Away,metrica:Home,complete_ten_defenders_unavailable
2,1060.04,3910.76,metrica:Away:24,metrica:Away,metrica:Home,complete_ten_defenders_unavailable
2,1060.04,3910.76,metrica:Away:26,metrica:Away,metrica:Home,attacker_exposure_unavailable
2,1060.04,3910.76,metrica:Away:27,metrica:Away,metrica:Home,attacker_exposure_unavailable
2,1060.04,3910.76,metrica:Away:28,metrica:Away,metrica:Home,attacker_exposure_unavailable
2,1064.04,3914.76,metrica:Away:15,metrica:Away,metrica:Home,complete_ten_defenders_unavailable
2,1064.04,3914.76,metrica:Away:16,metrica:Away,metrica:Home,complete_ten_defenders_unavailable
2,1064.04,3914.76,metrica:Away:17,metrica:Away,metrica:Home,complete_ten_defenders_unavailable
2,1064.04,3914.76,metrica:Away:18,metrica:Away,metrica:Home,complete_ten_defenders_unavailable
2,1064.04,3914.76,metrica:Away:19,metrica:Away,metrica:Home,complete_ten_defenders_unavailable
2,1064.04,3914.76,metrica:Away:20,metrica:Away,metrica:Home,complete_ten_defenders_unavailable
2,1064.04,3914.76,metrica:Away:21,metrica:Away,metrica:Home,complete_ten_defenders_unavailable
2,1064.04,3914.76,metrica:Away:22,metrica:Away,metrica:Home,attacker_exposure_unavailable
2,1064.04,3914.76,metrica:Away:23,metrica:Away,metrica:Home,complete_ten_defenders_unavailable
2,1064.04,3914.76,metrica:Away:24,metrica:Away,metrica:Home,complete_ten_defenders_unavailable
2,1064.04,3914.76,metrica:Away:26,metrica:Away,metrica:Home,attacker_exposure_unavailable
2,1064.04,3914.76,metrica:Away:27,metrica:Away,metrica:Home,attacker_exposure_unavailable
2,1064.04,3914.76,metrica:Away:28,metrica:Away,metrica:Home,attacker_exposure_unavailable
2,1068.04,3918.76,metrica:Away:15,metrica:Away,metrica:Home,complete_ten_defenders_unavailable
2,1068.04,3918.76,metrica:Away:16,metrica:Away,metrica:Home,complete_ten_defenders_unavailable
2,1068.04,3918.76,metrica:Away:17,metrica:Away,metrica:Home,complete_ten_defenders_unavailable
2,1068.04,3918.76,metrica:Away:18,metrica:Away,metrica:Home,complete_ten_defenders_unavailable
2,1068.04,3918.76,metrica:Away:19,metrica:Away,metrica:Home,complete_ten_defenders_unavailable
2,1068.04,3918.76,metrica:Away:20,metrica:Away,metrica:Home,complete_ten_defenders_unavailable
2,1068.04,3918.76,metrica:Away:21,metrica:Away,metrica:Home,complete_ten_defenders_unavailable
2,1068.04,3918.76,metrica:Away:22,metrica:Away,metrica:Home,attacker_exposure_unavailable
2,1068.04,3918.76,metrica:Away:23,metrica:Away,metrica:Home,complete_ten_defenders_unavailable
2,1068.04,3918.76,metrica:Away:24,metrica:Away,metrica:Home,complete_ten_defenders_unavailable
2,1068.04,3918.76,metrica:Away:26,metrica:Away,metrica:Home,attacker_exposure_unavailable
2,1068.04,3918.76,metrica:Away:27,metrica:Away,metrica:Home,attacker_exposure_unavailable
2,1068.04,3918.76,metrica:Away:28,metrica:Away,metrica:Home,attacker_exposure_unavailable
2,1072.04,3922.76,metrica:Home:1,metrica:Home,metrica:Away,attacker_exposure_unavailable
2,1072.04,3922.76,metrica:Home:10,metrica:Home,metrica:Away,complete_ten_defenders_unavailable
2,1072.04,3922.76,metrica:Home:12,metrica:Home,metrica:Away,complete_ten_defenders_unavailable
2,1072.04,3922.76,metrica:Home:13,metrica:Home,metrica:Away,attacker_exposure_unavailable
2,1072.04,3922.76,metrica:Home:14,metrica:Home,metrica:Away,attacker_exposure_unavailable
2,1072.04,3922.76,metrica:Home:2,metrica:Home,metrica:Away,complete_ten_defenders_unavailable
2,1072.04,3922.76,metrica:Home:3,metrica:Home,metrica:Away,attacker_exposure_unavailable
2,1072.04,3922.76,metrica:Home:4,metrica:Home,metrica:Away,complete_ten_defenders_unavailable
2,1072.04,3922.76,metrica:Home:5,metrica:Home,metrica:Away,complete_ten_defenders_unavailable
2,1072.04,3922.76,metrica:Home:6,metrica:Home,metrica:Away,complete_ten_defenders_unavailable
2,1072.04,3922.76,metrica:Home:7,metrica:Home,metrica:Away,complete_ten_defenders_unavailable
2,1072.04,3922.76,metrica:Home:8,metrica:Home,metrica:Away,complete_ten_defenders_unavailable
2,1072.04,3922.76,metrica:Home:9,metrica:Home,metrica:Away,complete_ten_defenders_unavailable
2,1076.04,3926.76,metrica:Away:15,metrica:Away,metrica:Home,complete_ten_defenders_unavailable
2,1076.04,3926.76,metrica:Away:16,metrica:Away,metrica:Home,complete_ten_defenders_unavailable
2,1076.04,3926.76,metrica:Away:17,metrica:Away,metrica:Home,complete_ten_defenders_unavailable
2,1076.04,3926.76,metrica:Away:18,metrica:Away,metrica:Home,complete_ten_defenders_unavailable
2,1076.04,3926.76,metrica:Away:19,metrica:Away,metrica:Home,complete_ten_defenders_unavailable
2,1076.04,3926.76,metrica:Away:20,metrica:Away,metrica:Home,complete_ten_defenders_unavailable
2,1076.04,3926.76,metrica:Away:21,metrica:Away,metrica:Home,complete_ten_defenders_unavailable
2,1076.04,3926.76,metrica:Away:22,metrica:Away,metrica:Home,attacker_exposure_unavailable
2,1076.04,3926.76,metrica:Away:23,metrica:Away,metrica:Home,complete_ten_defenders_unavailable
2,1076.04,3926.76,metrica:Away:24,metrica:Away,metrica:Home,complete_ten_defenders_unavailable
2,1076.04,3926.76,metrica:Away:26,metrica:Away,metrica:Home,attacker_exposure_unavailable
2,1076.04,3926.76,metrica:Away:27,metrica:Away,metrica:Home,attacker_exposure_unavailable
2,1076.04,3926.76,metrica:Away:28,metrica:Away,metrica:Home,attacker_exposure_unavailable
2,1080.04,3930.76,metrica:Away:15,metrica:Away,metrica:Home,restart_or_ball_out_primary_span
2,1080.04,3930.76,metrica:Away:16,metrica:Away,metrica:Home,restart_or_ball_out_primary_span
2,1080.04,3930.76,metrica:Away:17,metrica:Away,metrica:Home,restart_or_ball_out_primary_span
2,1080.04,3930.76,metrica:Away:18,metrica:Away,metrica:Home,restart_or_ball_out_primary_span
2,1080.04,3930.76,metrica:Away:19,metrica:Away,metrica:Home,restart_or_ball_out_primary_span
2,1080.04,3930.76,metrica:Away:20,metrica:Away,metrica:Home,restart_or_ball_out_primary_span
2,1080.04,3930.76,metrica:Away:21,metrica:Away,metrica:Home,restart_or_ball_out_primary_span
2,1080.04,3930.76,metrica:Away:22,metrica:Away,metrica:Home,restart_or_ball_out_primary_span
2,1080.04,3930.76,metrica:Away:23,metrica:Away,metrica:Home,restart_or_ball_out_primary_span
2,1080.04,3930.76,metrica:Away:24,metrica:Away,metrica:Home,restart_or_ball_out_primary_span
2,1080.04,3930.76,metrica:Away:26,metrica:Away,metrica:Home,restart_or_ball_out_primary_span
2,1080.04,3930.76,metrica:Away:27,metrica:Away,metrica:Home,restart_or_ball_out_primary_span
2,1080.04,3930.76,metrica:Away:28,metrica:Away,metrica:Home,restart_or_ball_out_primary_span
2,1084.04,3934.76,metrica:Home:1,metrica:Home,metrica:Away,restart_or_ball_out_primary_span
2,1084.04,3934.76,metrica:Home:10,metrica:Home,metrica:Away,restart_or_ball_out_primary_span
2,1084.04,3934.76,metrica:Home:12,metrica:Home,metrica:Away,restart_or_ball_out_primary_span
2,1084.04,3934.76,metrica:Home:13,metrica:Home,metrica:Away,restart_or_ball_out_primary_span
2,1084.04,3934.76,metrica:Home:14,metrica:Home,metrica:Away,restart_or_ball_out_primary_span
2,1084.04,3934.76,metrica:Home:2,metrica:Home,metrica:Away,restart_or_ball_out_primary_span
2,1084.04,3934.76,metrica:Home:3,metrica:Home,metrica:Away,restart_or_ball_out_primary_span
2,1084.04,3934.76,metrica:Home:4,metrica:Home,metrica:Away,restart_or_ball_out_primary_span
2,1084.04,3934.76,metrica:Home:5,metrica:Home,metrica:Away,restart_or_ball_out_primary_span
2,1084.04,3934.76,metrica:Home:6,metrica:Home,metrica:Away,restart_or_ball_out_primary_span
2,1084.04,3934.76,metrica:Home:7,metrica:Home,metrica:Away,restart_or_ball_out_primary_span
2,1084.04,3934.76,metrica:Home:8,metrica:Home,metrica:Away,restart_or_ball_out_primary_span
2,1084.04,3934.76,metrica:Home:9,metrica:Home,metrica:Away,restart_or_ball_out_primary_span
2,1088.04,3938.76,metrica:Home:1,metrica:Home,metrica:Away,attacker_exposure_unavailable
2,1088.04,3938.76,metrica:Home:10,metrica:Home,metrica:Away,complete_ten_defenders_unavailable
2,1088.04,3938.76,metrica:Home:12,metrica:Home,metrica:Away,complete_ten_defenders_unavailable
2,1088.04,3938.76,metrica:Home:13,metrica:Home,metrica:Away,attacker_exposure_unavailable
2,1088.04,3938.76,metrica:Home:14,metrica:Home,metrica:Away,attacker_exposure_unavailable
2,1088.04,3938.76,metrica:Home:2,metrica:Home,metrica:Away,complete_ten_defenders_unavailable
2,1088.04,3938.76,metrica:Home:3,metrica:Home,metrica:Away,attacker_exposure_unavailable
2,1088.04,3938.76,metrica:Home:4,metrica:Home,metrica:Away,complete_ten_defenders_unavailable
2,1088.04,3938.76,metrica:Home:5,metrica:Home,metrica:Away,complete_ten_defenders_unavailable
2,1088.04,3938.76,metrica:Home:6,metrica:Home,metrica:Away,complete_ten_defenders_unavailable
2,1088.04,3938.76,metrica:Home:7,metrica:Home,metrica:Away,complete_ten_defenders_unavailable
2,1088.04,3938.76,metrica:Home:8,metrica:Home,metrica:Away,complete_ten_defenders_unavailable
2,1088.04,3938.76,metrica:Home:9,metrica:Home,metrica:Away,complete_ten_defenders_unavailable
2,1092.04,3942.76,metrica:Home:1,metrica:Home,metrica:Away,attacker_exposure_unavailable
2,1092.04,3942.76,metrica:Home:10,metrica:Home,metrica:Away,complete_ten_defenders_unavailable
2,1092.04,3942.76,metrica:Home:12,metrica:Home,metrica:Away,complete_ten_defenders_unavailable
2,1092.04,3942.76,metrica:Home:13,metrica:Home,metrica:Away,attacker_exposure_unavailable
2,1092.04,3942.76,metrica:Home:14,metrica:Home,metrica:Away,attacker_exposure_unavailable
2,1092.04,3942.76,metrica:Home:2,metrica:Home,metrica:Away,complete_ten_defenders_unavailable
2,1092.04,3942.76,metrica:Home:3,metrica:Home,metrica:Away,attacker_exposure_unavailable
2,1092.04,3942.76,metrica:Home:4,metrica:Home,metrica:Away,complete_ten_defenders_unavailable
2,1092.04,3942.76,metrica:Home:5,metrica:Home,metrica:Away,complete_ten_defenders_unavailable
2,1092.04,3942.76,metrica:Home:6,metrica:Home,metrica:Away,complete_ten_defenders_unavailable
2,1092.04,3942.76,metrica:Home:7,metrica:Home,metrica:Away,complete_ten_defenders_unavailable
2,1092.04,3942.76,metrica:Home:8,metrica:Home,metrica:Away,complete_ten_defenders_unavailable
2,1092.04,3942.76,metrica:Home:9,metrica:Home,metrica:Away,complete_ten_defenders_unavailable
2,1096.04,3946.76,metrica:Home:1,metrica:Home,metrica:Away,attacker_exposure_unavailable
2,1096.04,3946.76,metrica:Home:10,metrica:Home,metrica:Away,complete_ten_defenders_unavailable
2,1096.04,3946.76,metrica:Home:12,metrica:Home,metrica:Away,complete_ten_defenders_unavailable
2,1096.04,3946.76,metrica:Home:13,metrica:Home,metrica:Away,attacker_exposure_unavailable
2,1096.04,3946.76,metrica:Home:14,metrica:Home,metrica:Away,attacker_exposure_unavailable
2,1096.04,3946.76,metrica:Home:2,metrica:Home,metrica:Away,complete_ten_defenders_unavailable
2,1096.04,3946.76,metrica:Home:3,metrica:Home,metrica:Away,attacker_exposure_unavailable
2,1096.04,3946.76,metrica:Home:4,metrica:Home,metrica:Away,complete_ten_defenders_unavailable
2,1096.04,3946.76,metrica:Home:5,metrica:Home,metrica:Away,complete_ten_defenders_unavailable
2,1096.04,3946.76,metrica:Home:6,metrica:Home,metrica:Away,complete_ten_defenders_unavailable
2,1096.04,3946.76,metrica:Home:7,metrica:Home,metrica:Away,complete_ten_defenders_unavailable
2,1096.04,3946.76,metrica:Home:8,metrica:Home,metrica:Away,complete_ten_defenders_unavailable
2,1096.04,3946.76,metrica:Home:9,metrica:Home,metrica:Away,complete_ten_defenders_unavailable
2,1100.04,3950.76,metrica:Home:1,metrica:Home,metrica:Away,attacker_exposure_unavailable
2,1100.04,3950.76,metrica:Home:10,metrica:Home,metrica:Away,complete_ten_defenders_unavailable
2,1100.04,3950.76,metrica:Home:12,metrica:Home,metrica:Away,complete_ten_defenders_unavailable
2,1100.04,3950.76,metrica:Home:13,metrica:Home,metrica:Away,attacker_exposure_unavailable
2,1100.04,3950.76,metrica:Home:14,metrica:Home,metrica:Away,attacker_exposure_unavailable
2,1100.04,3950.76,metrica:Home:2,metrica:Home,metrica:Away,complete_ten_defenders_unavailable
2,1100.04,3950.76,metrica:Home:3,metrica:Home,metrica:Away,attacker_exposure_unavailable
2,1100.04,3950.76,metrica:Home:4,metrica:Home,metrica:Away,complete_ten_defenders_unavailable
2,1100.04,3950.76,metrica:Home:5,metrica:Home,metrica:Away,complete_ten_defenders_unavailable
2,1100.04,3950.76,metrica:Home:6,metrica:Home,metrica:Away,complete_ten_defenders_unavailable
2,1100.04,3950.76,metrica:Home:7,metrica:Home,metrica:Away,complete_ten_defenders_unavailable
2,1100.04,3950.76,metrica:Home:8,metrica:Home,metrica:Away,complete_ten_defenders_unavailable
2,1100.04,3950.76,metrica:Home:9,metrica:Home,metrica:Away,complete_ten_defenders_unavailable
2,1104.04,3954.76,metrica:Home:1,metrica:Home,metrica:Away,attacker_exposure_unavailable
2,1104.04,3954.76,metrica:Home:10,metrica:Home,metrica:Away,complete_ten_defenders_unavailable
2,1104.04,3954.76,metrica:Home:12,metrica:Home,metrica:Away,complete_ten_defenders_unavailable
2,1104.04,3954.76,metrica:Home:13,metrica:Home,metrica:Away,attacker_exposure_unavailable
2,1104.04,3954.76,metrica:Home:14,metrica:Home,metrica:Away,attacker_exposure_unavailable
2,1104.04,3954.76,metrica:Home:2,metrica:Home,metrica:Away,complete_ten_defenders_unavailable
2,1104.04,3954.76,metrica:Home:3,metrica:Home,metrica:Away,attacker_exposure_unavailable
2,1104.04,3954.76,metrica:Home:4,metrica:Home,metrica:Away,complete_ten_defenders_unavailable
2,1104.04,3954.76,metrica:Home:5,metrica:Home,metrica:Away,complete_ten_defenders_unavailable
2,1104.04,3954.76,metrica:Home:6,metrica:Home,metrica:Away,complete_ten_defenders_unavailable
2,1104.04,3954.76,metrica:Home:7,metrica:Home,metrica:Away,complete_ten_defenders_unavailable
2,1104.04,3954.76,metrica:Home:8,metrica:Home,metrica:Away,complete_ten_defenders_unavailable
2,1104.04,3954.76,metrica:Home:9,metrica:Home,metrica:Away,complete_ten_defenders_unavailable
2,1108.04,3958.76,metrica:Home:1,metrica:Home,metrica:Away,attacker_exposure_unavailable
2,1108.04,3958.76,metrica:Home:10,metrica:Home,metrica:Away,complete_ten_defenders_unavailable
2,1108.04,3958.76,metrica:Home:12,metrica:Home,metrica:Away,complete_ten_defenders_unavailable
2,1108.04,3958.76,metrica:Home:13,metrica:Home,metrica:Away,attacker_exposure_unavailable
2,1108.04,3958.76,metrica:Home:14,metrica:Home,metrica:Away,attacker_exposure_unavailable
2,1108.04,3958.76,metrica:Home:2,metrica:Home,metrica:Away,complete_ten_defenders_unavailable
2,1108.04,3958.76,metrica:Home:3,metrica:Home,metrica:Away,attacker_exposure_unavailable
2,1108.04,3958.76,metrica:Home:4,metrica:Home,metrica:Away,complete_ten_defenders_unavailable
2,1108.04,3958.76,metrica:Home:5,metrica:Home,metrica:Away,complete_ten_defenders_unavailable
2,1108.04,3958.76,metrica:Home:6,metrica:Home,metrica:Away,complete_ten_defenders_unavailable
2,1108.04,3958.76,metrica:Home:7,metrica:Home,metrica:Away,complete_ten_defenders_unavailable
2,1108.04,3958.76,metrica:Home:8,metrica:Home,metrica:Away,complete_ten_defenders_unavailable
2,1108.04,3958.76,metrica:Home:9,metrica:Home,metrica:Away,complete_ten_defenders_unavailable
2,1112.04,3962.76,metrica:Home:1,metrica:Home,metrica:Away,attacker_exposure_unavailable
2,1112.04,3962.76,metrica:Home:10,metrica:Home,metrica:Away,complete_ten_defenders_unavailable
2,1112.04,3962.76,metrica:Home:12,metrica:Home,metrica:Away,complete_ten_defenders_unavailable
2,1112.04,3962.76,metrica:Home:13,metrica:Home,metrica:Away,attacker_exposure_unavailable
2,1112.04,3962.76,metrica:Home:14,metrica:Home,metrica:Away,attacker_exposure_unavailable
2,1112.04,3962.76,metrica:Home:2,metrica:Home,metrica:Away,complete_ten_defenders_unavailable
2,1112.04,3962.76,metrica:Home:3,metrica:Home,metrica:Away,attacker_exposure_unavailable
2,1112.04,3962.76,metrica:Home:4,metrica:Home,metrica:Away,complete_ten_defenders_unavailable
2,1112.04,3962.76,metrica:Home:5,metrica:Home,metrica:Away,complete_ten_defenders_unavailable
2,1112.04,3962.76,metrica:Home:6,metrica:Home,metrica:Away,complete_ten_defenders_unavailable
2,1112.04,3962.76,metrica:Home:7,metrica:Home,metrica:Away,complete_ten_defenders_unavailable
2,1112.04,3962.76,metrica:Home:8,metrica:Home,metrica:Away,complete_ten_defenders_unavailable
2,1112.04,3962.76,metrica:Home:9,metrica:Home,metrica:Away,complete_ten_defenders_unavailable
2,1116.04,3966.76,metrica:Home:1,metrica:Home,metrica:Away,attacker_exposure_unavailable
2,1116.04,3966.76,metrica:Home:10,metrica:Home,metrica:Away,complete_ten_defenders_unavailable
2,1116.04,3966.76,metrica:Home:12,metrica:Home,metrica:Away,complete_ten_defenders_unavailable
2,1116.04,3966.76,metrica:Home:13,metrica:Home,metrica:Away,attacker_exposure_unavailable
2,1116.04,3966.76,metrica:Home:14,metrica:Home,metrica:Away,attacker_exposure_unavailable
2,1116.04,3966.76,metrica:Home:2,metrica:Home,metrica:Away,complete_ten_defenders_unavailable
2,1116.04,3966.76,metrica:Home:3,metrica:Home,metrica:Away,attacker_exposure_unavailable
2,1116.04,3966.76,metrica:Home:4,metrica:Home,metrica:Away,complete_ten_defenders_unavailable
2,1116.04,3966.76,metrica:Home:5,metrica:Home,metrica:Away,complete_ten_defenders_unavailable
2,1116.04,3966.76,metrica:Home:6,metrica:Home,metrica:Away,complete_ten_defenders_unavailable
2,1116.04,3966.76,metrica:Home:7,metrica:Home,metrica:Away,complete_ten_defenders_unavailable
2,1116.04,3966.76,metrica:Home:8,metrica:Home,metrica:Away,complete_ten_defenders_unavailable
2,1116.04,3966.76,metrica:Home:9,metrica:Home,metrica:Away,complete_ten_defenders_unavailable
2,1120.04,3970.76,metrica:Home:1,metrica:Home,metrica:Away,attacker_exposure_unavailable
2,1120.04,3970.76,metrica:Home:10,metrica:Home,metrica:Away,complete_ten_defenders_unavailable
2,1120.04,3970.76,metrica:Home:12,metrica:Home,metrica:Away,complete_ten_defenders_unavailable
2,1120.04,3970.76,metrica:Home:13,metrica:Home,metrica:Away,attacker_exposure_unavailable
2,1120.04,3970.76,metrica:Home:14,metrica:Home,metrica:Away,attacker_exposure_unavailable
2,1120.04,3970.76,metrica:Home:2,metrica:Home,metrica:Away,complete_ten_defenders_unavailable
2,1120.04,3970.76,metrica:Home:3,metrica:Home,metrica:Away,attacker_exposure_unavailable
2,1120.04,3970.76,metrica:Home:4,metrica:Home,metrica:Away,complete_ten_defenders_unavailable
2,1120.04,3970.76,metrica:Home:5,metrica:Home,metrica:Away,complete_ten_defenders_unavailable
2,1120.04,3970.76,metrica:Home:6,metrica:Home,metrica:Away,complete_ten_defenders_unavailable
2,1120.04,3970.76,metrica:Home:7,metrica:Home,metrica:Away,complete_ten_defenders_unavailable
2,1120.04,3970.76,metrica:Home:8,metrica:Home,metrica:Away,complete_ten_defenders_unavailable
2,1120.04,3970.76,metrica:Home:9,metrica:Home,metrica:Away,complete_ten_defenders_unavailable
2,1124.04,3974.76,metrica:Home:1,metrica:Home,metrica:Away,attacker_exposure_unavailable
2,1124.04,3974.76,metrica:Home:10,metrica:Home,metrica:Away,complete_ten_defenders_unavailable
2,1124.04,3974.76,metrica:Home:12,metrica:Home,metrica:Away,complete_ten_defenders_unavailable
2,1124.04,3974.76,metrica:Home:13,metrica:Home,metrica:Away,attacker_exposure_unavailable
2,1124.04,3974.76,metrica:Home:14,metrica:Home,metrica:Away,attacker_exposure_unavailable
2,1124.04,3974.76,metrica:Home:2,metrica:Home,metrica:Away,complete_ten_defenders_unavailable
2,1124.04,3974.76,metrica:Home:3,metrica:Home,metrica:Away,attacker_exposure_unavailable
2,1124.04,3974.76,metrica:Home:4,metrica:Home,metrica:Away,complete_ten_defenders_unavailable
2,1124.04,3974.76,metrica:Home:5,metrica:Home,metrica:Away,complete_ten_defenders_unavailable
2,1124.04,3974.76,metrica:Home:6,metrica:Home,metrica:Away,complete_ten_defenders_unavailable
2,1124.04,3974.76,metrica:Home:7,metrica:Home,metrica:Away,complete_ten_defenders_unavailable
2,1124.04,3974.76,metrica:Home:8,metrica:Home,metrica:Away,complete_ten_defenders_unavailable
2,1124.04,3974.76,metrica:Home:9,metrica:Home,metrica:Away,complete_ten_defenders_unavailable
2,1128.04,3978.76,metrica:Home:1,metrica:Home,metrica:Away,attacker_exposure_unavailable
2,1128.04,3978.76,metrica:Home:10,metrica:Home,metrica:Away,complete_ten_defenders_unavailable
2,1128.04,3978.76,metrica:Home:12,metrica:Home,metrica:Away,complete_ten_defenders_unavailable
2,1128.04,3978.76,metrica:Home:13,metrica:Home,metrica:Away,attacker_exposure_unavailable
2,1128.04,3978.76,metrica:Home:14,metrica:Home,metrica:Away,attacker_exposure_unavailable
2,1128.04,3978.76,metrica:Home:2,metrica:Home,metrica:Away,complete_ten_defenders_unavailable
2,1128.04,3978.76,metrica:Home:3,metrica:Home,metrica:Away,attacker_exposure_unavailable
2,1128.04,3978.76,metrica:Home:4,metrica:Home,metrica:Away,complete_ten_defenders_unavailable
2,1128.04,3978.76,metrica:Home:5,metrica:Home,metrica:Away,complete_ten_defenders_unavailable
2,1128.04,3978.76,metrica:Home:6,metrica:Home,metrica:Away,complete_ten_defenders_unavailable
2,1128.04,3978.76,metrica:Home:7,metrica:Home,metrica:Away,complete_ten_defenders_unavailable
2,1128.04,3978.76,metrica:Home:8,metrica:Home,metrica:Away,complete_ten_defenders_unavailable
2,1128.04,3978.76,metrica:Home:9,metrica:Home,metrica:Away,complete_ten_defenders_unavailable
2,1132.04,3982.76,metrica:Home:1,metrica:Home,metrica:Away,attacker_exposure_unavailable
2,1132.04,3982.76,metrica:Home:10,metrica:Home,metrica:Away,complete_ten_defenders_unavailable
2,1132.04,3982.76,metrica:Home:12,metrica:Home,metrica:Away,complete_ten_defenders_unavailable
2,1132.04,3982.76,metrica:Home:13,metrica:Home,metrica:Away,attacker_exposure_unavailable
2,1132.04,3982.76,metrica:Home:14,metrica:Home,metrica:Away,attacker_exposure_unavailable
2,1132.04,3982.76,metrica:Home:2,metrica:Home,metrica:Away,complete_ten_defenders_unavailable
2,1132.04,3982.76,metrica:Home:3,metrica:Home,metrica:Away,attacker_exposure_unavailable
2,1132.04,3982.76,metrica:Home:4,metrica:Home,metrica:Away,complete_ten_defenders_unavailable
2,1132.04,3982.76,metrica:Home:5,metrica:Home,metrica:Away,complete_ten_defenders_unavailable
2,1132.04,3982.76,metrica:Home:6,metrica:Home,metrica:Away,complete_ten_defenders_unavailable
2,1132.04,3982.76,metrica:Home:7,metrica:Home,metrica:Away,complete_ten_defenders_unavailable
2,1132.04,3982.76,metrica:Home:8,metrica:Home,metrica:Away,complete_ten_defenders_unavailable
2,1132.04,3982.76,metrica:Home:9,metrica:Home,metrica:Away,complete_ten_defenders_unavailable
2,1136.04,3986.76,metrica:Home:1,metrica:Home,metrica:Away,attacker_exposure_unavailable
2,1136.04,3986.76,metrica:Home:10,metrica:Home,metrica:Away,complete_ten_defenders_unavailable
2,1136.04,3986.76,metrica:Home:12,metrica:Home,metrica:Away,complete_ten_defenders_unavailable
2,1136.04,3986.76,metrica:Home:13,metrica:Home,metrica:Away,attacker_exposure_unavailable
2,1136.04,3986.76,metrica:Home:14,metrica:Home,metrica:Away,attacker_exposure_unavailable
2,1136.04,3986.76,metrica:Home:2,metrica:Home,metrica:Away,complete_ten_defenders_unavailable
2,1136.04,3986.76,metrica:Home:3,metrica:Home,metrica:Away,attacker_exposure_unavailable
2,1136.04,3986.76,metrica:Home:4,metrica:Home,metrica:Away,complete_ten_defenders_unavailable
2,1136.04,3986.76,metrica:Home:5,metrica:Home,metrica:Away,complete_ten_defenders_unavailable
2,1136.04,3986.76,metrica:Home:6,metrica:Home,metrica:Away,complete_ten_defenders_unavailable
2,1136.04,3986.76,metrica:Home:7,metrica:Home,metrica:Away,complete_ten_defenders_unavailable
2,1136.04,3986.76,metrica:Home:8,metrica:Home,metrica:Away,complete_ten_defenders_unavailable
2,1136.04,3986.76,metrica:Home:9,metrica:Home,metrica:Away,complete_ten_defenders_unavailable
2,1140.04,3990.76,metrica:Home:1,metrica:Home,metrica:Away,attacker_exposure_unavailable
2,1140.04,3990.76,metrica:Home:10,metrica:Home,metrica:Away,complete_ten_defenders_unavailable
2,1140.04,3990.76,metrica:Home:12,metrica:Home,metrica:Away,complete_ten_defenders_unavailable
2,1140.04,3990.76,metrica:Home:13,metrica:Home,metrica:Away,attacker_exposure_unavailable
2,1140.04,3990.76,metrica:Home:14,metrica:Home,metrica:Away,attacker_exposure_unavailable
2,1140.04,3990.76,metrica:Home:2,metrica:Home,metrica:Away,complete_ten_defenders_unavailable
2,1140.04,3990.76,metrica:Home:3,metrica:Home,metrica:Away,attacker_exposure_unavailable
2,1140.04,3990.76,metrica:Home:4,metrica:Home,metrica:Away,complete_ten_defenders_unavailable
2,1140.04,3990.76,metrica:Home:5,metrica:Home,metrica:Away,complete_ten_defenders_unavailable
2,1140.04,3990.76,metrica:Home:6,metrica:Home,metrica:Away,complete_ten_defenders_unavailable
2,1140.04,3990.76,metrica:Home:7,metrica:Home,metrica:Away,complete_ten_defenders_unavailable
2,1140.04,3990.76,metrica:Home:8,metrica:Home,metrica:Away,complete_ten_defenders_unavailable
2,1140.04,3990.76,metrica:Home:9,metrica:Home,metrica:Away,complete_ten_defenders_unavailable
2,1144.04,3994.76,metrica:Home:1,metrica:Home,metrica:Away,attacker_exposure_unavailable
2,1144.04,3994.76,metrica:Home:10,metrica:Home,metrica:Away,complete_ten_defenders_unavailable
2,1144.04,3994.76,metrica:Home:12,metrica:Home,metrica:Away,complete_ten_defenders_unavailable
2,1144.04,3994.76,metrica:Home:13,metrica:Home,metrica:Away,attacker_exposure_unavailable
2,1144.04,3994.76,metrica:Home:14,metrica:Home,metrica:Away,attacker_exposure_unavailable
2,1144.04,3994.76,metrica:Home:2,metrica:Home,metrica:Away,complete_ten_defenders_unavailable
2,1144.04,3994.76,metrica:Home:3,metrica:Home,metrica:Away,attacker_exposure_unavailable
2,1144.04,3994.76,metrica:Home:4,metrica:Home,metrica:Away,complete_ten_defenders_unavailable
2,1144.04,3994.76,metrica:Home:5,metrica:Home,metrica:Away,complete_ten_defenders_unavailable
2,1144.04,3994.76,metrica:Home:6,metrica:Home,metrica:Away,complete_ten_defenders_unavailable
2,1144.04,3994.76,metrica:Home:7,metrica:Home,metrica:Away,complete_ten_defenders_unavailable
2,1144.04,3994.76,metrica:Home:8,metrica:Home,metrica:Away,complete_ten_defenders_unavailable
2,1144.04,3994.76,metrica:Home:9,metrica:Home,metrica:Away,complete_ten_defenders_unavailable
2,1148.04,3998.76,metrica:Home:1,metrica:Home,metrica:Away,attacker_exposure_unavailable
2,1148.04,3998.76,metrica:Home:10,metrica:Home,metrica:Away,complete_ten_defenders_unavailable
2,1148.04,3998.76,metrica:Home:12,metrica:Home,metrica:Away,complete_ten_defenders_unavailable
2,1148.04,3998.76,metrica:Home:13,metrica:Home,metrica:Away,attacker_exposure_unavailable
2,1148.04,3998.76,metrica:Home:14,metrica:Home,metrica:Away,attacker_exposure_unavailable
2,1148.04,3998.76,metrica:Home:2,metrica:Home,metrica:Away,complete_ten_defenders_unavailable
2,1148.04,3998.76,metrica:Home:3,metrica:Home,metrica:Away,attacker_exposure_unavailable
2,1148.04,3998.76,metrica:Home:4,metrica:Home,metrica:Away,complete_ten_defenders_unavailable
2,1148.04,3998.76,metrica:Home:5,metrica:Home,metrica:Away,complete_ten_defenders_unavailable
2,1148.04,3998.76,metrica:Home:6,metrica:Home,metrica:Away,complete_ten_defenders_unavailable
2,1148.04,3998.76,metrica:Home:7,metrica:Home,metrica:Away,complete_ten_defenders_unavailable
2,1148.04,3998.76,metrica:Home:8,metrica:Home,metrica:Away,complete_ten_defenders_unavailable
2,1148.04,3998.76,metrica:Home:9,metrica:Home,metrica:Away,complete_ten_defenders_unavailable
2,1152.04,4002.76,metrica:Home:1,metrica:Home,metrica:Away,attacker_exposure_unavailable
2,1152.04,4002.76,metrica:Home:10,metrica:Home,metrica:Away,complete_ten_defenders_unavailable
2,1152.04,4002.76,metrica:Home:12,metrica:Home,metrica:Away,complete_ten_defenders_unavailable
2,1152.04,4002.76,metrica:Home:13,metrica:Home,metrica:Away,attacker_exposure_unavailable
2,1152.04,4002.76,metrica:Home:14,metrica:Home,metrica:Away,attacker_exposure_unavailable
2,1152.04,4002.76,metrica:Home:2,metrica:Home,metrica:Away,complete_ten_defenders_unavailable
2,1152.04,4002.76,metrica:Home:3,metrica:Home,metrica:Away,attacker_exposure_unavailable
2,1152.04,4002.76,metrica:Home:4,metrica:Home,metrica:Away,complete_ten_defenders_unavailable
2,1152.04,4002.76,metrica:Home:5,metrica:Home,metrica:Away,complete_ten_defenders_unavailable
2,1152.04,4002.76,metrica:Home:6,metrica:Home,metrica:Away,complete_ten_defenders_unavailable
2,1152.04,4002.76,metrica:Home:7,metrica:Home,metrica:Away,complete_ten_defenders_unavailable
2,1152.04,4002.76,metrica:Home:8,metrica:Home,metrica:Away,complete_ten_defenders_unavailable
2,1152.04,4002.76,metrica:Home:9,metrica:Home,metrica:Away,complete_ten_defenders_unavailable
2,1156.04,4006.76,metrica:Home:1,metrica:Home,metrica:Away,attacker_exposure_unavailable
2,1156.04,4006.76,metrica:Home:10,metrica:Home,metrica:Away,complete_ten_defenders_unavailable
2,1156.04,4006.76,metrica:Home:12,metrica:Home,metrica:Away,complete_ten_defenders_unavailable
2,1156.04,4006.76,metrica:Home:13,metrica:Home,metrica:Away,attacker_exposure_unavailable
2,1156.04,4006.76,metrica:Home:14,metrica:Home,metrica:Away,attacker_exposure_unavailable
2,1156.04,4006.76,metrica:Home:2,metrica:Home,metrica:Away,complete_ten_defenders_unavailable
2,1156.04,4006.76,metrica:Home:3,metrica:Home,metrica:Away,attacker_exposure_unavailable
2,1156.04,4006.76,metrica:Home:4,metrica:Home,metrica:Away,complete_ten_defenders_unavailable
2,1156.04,4006.76,metrica:Home:5,metrica:Home,metrica:Away,complete_ten_defenders_unavailable
2,1156.04,4006.76,metrica:Home:6,metrica:Home,metrica:Away,complete_ten_defenders_unavailable
2,1156.04,4006.76,metrica:Home:7,metrica:Home,metrica:Away,complete_ten_defenders_unavailable
2,1156.04,4006.76,metrica:Home:8,metrica:Home,metrica:Away,complete_ten_defenders_unavailable
2,1156.04,4006.76,metrica:Home:9,metrica:Home,metrica:Away,complete_ten_defenders_unavailable
2,1160.04,4010.76,metrica:Home:1,metrica:Home,metrica:Away,attacker_exposure_unavailable
2,1160.04,4010.76,metrica:Home:10,metrica:Home,metrica:Away,complete_ten_defenders_unavailable
2,1160.04,4010.76,metrica:Home:12,metrica:Home,metrica:Away,complete_ten_defenders_unavailable
2,1160.04,4010.76,metrica:Home:13,metrica:Home,metrica:Away,attacker_exposure_unavailable
2,1160.04,4010.76,metrica:Home:14,metrica:Home,metrica:Away,attacker_exposure_unavailable
2,1160.04,4010.76,metrica:Home:2,metrica:Home,metrica:Away,complete_ten_defenders_unavailable
2,1160.04,4010.76,metrica:Home:3,metrica:Home,metrica:Away,attacker_exposure_unavailable
2,1160.04,4010.76,metrica:Home:4,metrica:Home,metrica:Away,complete_ten_defenders_unavailable
2,1160.04,4010.76,metrica:Home:5,metrica:Home,metrica:Away,complete_ten_defenders_unavailable
2,1160.04,4010.76,metrica:Home:6,metrica:Home,metrica:Away,complete_ten_defenders_unavailable
2,1160.04,4010.76,metrica:Home:7,metrica:Home,metrica:Away,complete_ten_defenders_unavailable
2,1160.04,4010.76,metrica:Home:8,metrica:Home,metrica:Away,complete_ten_defenders_unavailable
2,1160.04,4010.76,metrica:Home:9,metrica:Home,metrica:Away,complete_ten_defenders_unavailable
2,1164.04,4014.76,metrica:Home:1,metrica:Home,metrica:Away,attacker_exposure_unavailable
2,1164.04,4014.76,metrica:Home:10,metrica:Home,metrica:Away,complete_ten_defenders_unavailable
2,1164.04,4014.76,metrica:Home:12,metrica:Home,metrica:Away,complete_ten_defenders_unavailable
2,1164.04,4014.76,metrica:Home:13,metrica:Home,metrica:Away,attacker_exposure_unavailable
2,1164.04,4014.76,metrica:Home:14,metrica:Home,metrica:Away,attacker_exposure_unavailable
2,1164.04,4014.76,metrica:Home:2,metrica:Home,metrica:Away,complete_ten_defenders_unavailable
2,1164.04,4014.76,metrica:Home:3,metrica:Home,metrica:Away,attacker_exposure_unavailable
2,1164.04,4014.76,metrica:Home:4,metrica:Home,metrica:Away,complete_ten_defenders_unavailable
2,1164.04,4014.76,metrica:Home:5,metrica:Home,metrica:Away,complete_ten_defenders_unavailable
2,1164.04,4014.76,metrica:Home:6,metrica:Home,metrica:Away,complete_ten_defenders_unavailable
2,1164.04,4014.76,metrica:Home:7,metrica:Home,metrica:Away,complete_ten_defenders_unavailable
2,1164.04,4014.76,metrica:Home:8,metrica:Home,metrica:Away,complete_ten_defenders_unavailable
2,1164.04,4014.76,metrica:Home:9,metrica:Home,metrica:Away,complete_ten_defenders_unavailable
2,1168.04,4018.76,metrica:Home:1,metrica:Home,metrica:Away,attacker_exposure_unavailable
2,1168.04,4018.76,metrica:Home:10,metrica:Home,metrica:Away,complete_ten_defenders_unavailable
2,1168.04,4018.76,metrica:Home:12,metrica:Home,metrica:Away,complete_ten_defenders_unavailable
2,1168.04,4018.76,metrica:Home:13,metrica:Home,metrica:Away,attacker_exposure_unavailable
2,1168.04,4018.76,metrica:Home:14,metrica:Home,metrica:Away,attacker_exposure_unavailable
2,1168.04,4018.76,metrica:Home:2,metrica:Home,metrica:Away,complete_ten_defenders_unavailable
2,1168.04,4018.76,metrica:Home:3,metrica:Home,metrica:Away,attacker_exposure_unavailable
2,1168.04,4018.76,metrica:Home:4,metrica:Home,metrica:Away,complete_ten_defenders_unavailable
2,1168.04,4018.76,metrica:Home:5,metrica:Home,metrica:Away,complete_ten_defenders_unavailable
2,1168.04,4018.76,metrica:Home:6,metrica:Home,metrica:Away,complete_ten_defenders_unavailable
2,1168.04,4018.76,metrica:Home:7,metrica:Home,metrica:Away,complete_ten_defenders_unavailable
2,1168.04,4018.76,metrica:Home:8,metrica:Home,metrica:Away,complete_ten_defenders_unavailable
2,1168.04,4018.76,metrica:Home:9,metrica:Home,metrica:Away,complete_ten_defenders_unavailable
2,1172.04,4022.76,metrica:Home:1,metrica:Home,metrica:Away,attacker_exposure_unavailable
2,1172.04,4022.76,metrica:Home:10,metrica:Home,metrica:Away,complete_ten_defenders_unavailable
2,1172.04,4022.76,metrica:Home:12,metrica:Home,metrica:Away,complete_ten_defenders_unavailable
2,1172.04,4022.76,metrica:Home:13,metrica:Home,metrica:Away,attacker_exposure_unavailable
2,1172.04,4022.76,metrica:Home:14,metrica:Home,metrica:Away,attacker_exposure_unavailable
2,1172.04,4022.76,metrica:Home:2,metrica:Home,metrica:Away,complete_ten_defenders_unavailable
2,1172.04,4022.76,metrica:Home:3,metrica:Home,metrica:Away,attacker_exposure_unavailable
2,1172.04,4022.76,metrica:Home:4,metrica:Home,metrica:Away,complete_ten_defenders_unavailable
2,1172.04,4022.76,metrica:Home:5,metrica:Home,metrica:Away,complete_ten_defenders_unavailable
2,1172.04,4022.76,metrica:Home:6,metrica:Home,metrica:Away,complete_ten_defenders_unavailable
2,1172.04,4022.76,metrica:Home:7,metrica:Home,metrica:Away,complete_ten_defenders_unavailable
2,1172.04,4022.76,metrica:Home:8,metrica:Home,metrica:Away,complete_ten_defenders_unavailable
2,1172.04,4022.76,metrica:Home:9,metrica:Home,metrica:Away,complete_ten_defenders_unavailable
2,1176.04,4026.76,metrica:Away:15,metrica:Away,metrica:Home,restart_or_ball_out_primary_span
2,1176.04,4026.76,metrica:Away:16,metrica:Away,metrica:Home,restart_or_ball_out_primary_span
2,1176.04,4026.76,metrica:Away:17,metrica:Away,metrica:Home,restart_or_ball_out_primary_span
2,1176.04,4026.76,metrica:Away:18,metrica:Away,metrica:Home,restart_or_ball_out_primary_span
2,1176.04,4026.76,metrica:Away:19,metrica:Away,metrica:Home,restart_or_ball_out_primary_span
2,1176.04,4026.76,metrica:Away:20,metrica:Away,metrica:Home,restart_or_ball_out_primary_span
2,1176.04,4026.76,metrica:Away:21,metrica:Away,metrica:Home,restart_or_ball_out_primary_span
2,1176.04,4026.76,metrica:Away:22,metrica:Away,metrica:Home,restart_or_ball_out_primary_span
2,1176.04,4026.76,metrica:Away:23,metrica:Away,metrica:Home,restart_or_ball_out_primary_span
2,1176.04,4026.76,metrica:Away:24,metrica:Away,metrica:Home,restart_or_ball_out_primary_span
2,1176.04,4026.76,metrica:Away:26,metrica:Away,metrica:Home,restart_or_ball_out_primary_span
2,1176.04,4026.76,metrica:Away:27,metrica:Away,metrica:Home,restart_or_ball_out_primary_span
2,1176.04,4026.76,metrica:Away:28,metrica:Away,metrica:Home,restart_or_ball_out_primary_span
2,1180.04,4030.76,metrica:Away:15,metrica:Away,metrica:Home,complete_ten_defenders_unavailable
2,1180.04,4030.76,metrica:Away:16,metrica:Away,metrica:Home,complete_ten_defenders_unavailable
2,1180.04,4030.76,metrica:Away:17,metrica:Away,metrica:Home,complete_ten_defenders_unavailable
2,1180.04,4030.76,metrica:Away:18,metrica:Away,metrica:Home,complete_ten_defenders_unavailable
2,1180.04,4030.76,metrica:Away:19,metrica:Away,metrica:Home,complete_ten_defenders_unavailable
2,1180.04,4030.76,metrica:Away:20,metrica:Away,metrica:Home,complete_ten_defenders_unavailable
2,1180.04,4030.76,metrica:Away:21,metrica:Away,metrica:Home,complete_ten_defenders_unavailable
2,1180.04,4030.76,metrica:Away:22,metrica:Away,metrica:Home,attacker_exposure_unavailable
2,1180.04,4030.76,metrica:Away:23,metrica:Away,metrica:Home,complete_ten_defenders_unavailable
2,1180.04,4030.76,metrica:Away:24,metrica:Away,metrica:Home,complete_ten_defenders_unavailable
2,1180.04,4030.76,metrica:Away:26,metrica:Away,metrica:Home,attacker_exposure_unavailable
2,1180.04,4030.76,metrica:Away:27,metrica:Away,metrica:Home,attacker_exposure_unavailable
2,1180.04,4030.76,metrica:Away:28,metrica:Away,metrica:Home,attacker_exposure_unavailable
2,1184.04,4034.76,metrica:Away:15,metrica:Away,metrica:Home,complete_ten_defenders_unavailable
2,1184.04,4034.76,metrica:Away:16,metrica:Away,metrica:Home,complete_ten_defenders_unavailable
2,1184.04,4034.76,metrica:Away:17,metrica:Away,metrica:Home,complete_ten_defenders_unavailable
2,1184.04,4034.76,metrica:Away:18,metrica:Away,metrica:Home,complete_ten_defenders_unavailable
2,1184.04,4034.76,metrica:Away:19,metrica:Away,metrica:Home,complete_ten_defenders_unavailable
2,1184.04,4034.76,metrica:Away:20,metrica:Away,metrica:Home,complete_ten_defenders_unavailable
2,1184.04,4034.76,metrica:Away:21,metrica:Away,metrica:Home,complete_ten_defenders_unavailable
2,1184.04,4034.76,metrica:Away:22,metrica:Away,metrica:Home,attacker_exposure_unavailable
2,1184.04,4034.76,metrica:Away:23,metrica:Away,metrica:Home,complete_ten_defenders_unavailable
2,1184.04,4034.76,metrica:Away:24,metrica:Away,metrica:Home,complete_ten_defenders_unavailable
2,1184.04,4034.76,metrica:Away:26,metrica:Away,metrica:Home,attacker_exposure_unavailable
2,1184.04,4034.76,metrica:Away:27,metrica:Away,metrica:Home,attacker_exposure_unavailable
2,1184.04,4034.76,metrica:Away:28,metrica:Away,metrica:Home,attacker_exposure_unavailable
2,1188.04,4038.76,metrica:Away:15,metrica:Away,metrica:Home,complete_ten_defenders_unavailable
2,1188.04,4038.76,metrica:Away:16,metrica:Away,metrica:Home,complete_ten_defenders_unavailable
2,1188.04,4038.76,metrica:Away:17,metrica:Away,metrica:Home,complete_ten_defenders_unavailable
2,1188.04,4038.76,metrica:Away:18,metrica:Away,metrica:Home,complete_ten_defenders_unavailable
2,1188.04,4038.76,metrica:Away:19,metrica:Away,metrica:Home,complete_ten_defenders_unavailable
2,1188.04,4038.76,metrica:Away:20,metrica:Away,metrica:Home,complete_ten_defenders_unavailable
2,1188.04,4038.76,metrica:Away:21,metrica:Away,metrica:Home,complete_ten_defenders_unavailable
2,1188.04,4038.76,metrica:Away:22,metrica:Away,metrica:Home,attacker_exposure_unavailable
2,1188.04,4038.76,metrica:Away:23,metrica:Away,metrica:Home,complete_ten_defenders_unavailable
2,1188.04,4038.76,metrica:Away:24,metrica:Away,metrica:Home,complete_ten_defenders_unavailable
2,1188.04,4038.76,metrica:Away:26,metrica:Away,metrica:Home,attacker_exposure_unavailable
2,1188.04,4038.76,metrica:Away:27,metrica:Away,metrica:Home,attacker_exposure_unavailable
2,1188.04,4038.76,metrica:Away:28,metrica:Away,metrica:Home,attacker_exposure_unavailable
2,1192.04,4042.76,metrica:Away:15,metrica:Away,metrica:Home,complete_ten_defenders_unavailable
2,1192.04,4042.76,metrica:Away:16,metrica:Away,metrica:Home,complete_ten_defenders_unavailable
2,1192.04,4042.76,metrica:Away:17,metrica:Away,metrica:Home,complete_ten_defenders_unavailable
2,1192.04,4042.76,metrica:Away:18,metrica:Away,metrica:Home,complete_ten_defenders_unavailable
2,1192.04,4042.76,metrica:Away:19,metrica:Away,metrica:Home,complete_ten_defenders_unavailable
2,1192.04,4042.76,metrica:Away:20,metrica:Away,metrica:Home,complete_ten_defenders_unavailable
2,1192.04,4042.76,metrica:Away:21,metrica:Away,metrica:Home,complete_ten_defenders_unavailable
2,1192.04,4042.76,metrica:Away:22,metrica:Away,metrica:Home,attacker_exposure_unavailable
2,1192.04,4042.76,metrica:Away:23,metrica:Away,metrica:Home,complete_ten_defenders_unavailable
2,1192.04,4042.76,metrica:Away:24,metrica:Away,metrica:Home,complete_ten_defenders_unavailable
2,1192.04,4042.76,metrica:Away:26,metrica:Away,metrica:Home,attacker_exposure_unavailable
2,1192.04,4042.76,metrica:Away:27,metrica:Away,metrica:Home,attacker_exposure_unavailable
2,1192.04,4042.76,metrica:Away:28,metrica:Away,metrica:Home,attacker_exposure_unavailable
2,1196.04,4046.76,metrica:Home:1,metrica:Home,metrica:Away,attacker_exposure_unavailable
2,1196.04,4046.76,metrica:Home:10,metrica:Home,metrica:Away,complete_ten_defenders_unavailable
2,1196.04,4046.76,metrica:Home:12,metrica:Home,metrica:Away,complete_ten_defenders_unavailable
2,1196.04,4046.76,metrica:Home:13,metrica:Home,metrica:Away,attacker_exposure_unavailable
2,1196.04,4046.76,metrica:Home:14,metrica:Home,metrica:Away,attacker_exposure_unavailable
2,1196.04,4046.76,metrica:Home:2,metrica:Home,metrica:Away,complete_ten_defenders_unavailable
2,1196.04,4046.76,metrica:Home:3,metrica:Home,metrica:Away,attacker_exposure_unavailable
2,1196.04,4046.76,metrica:Home:4,metrica:Home,metrica:Away,complete_ten_defenders_unavailable
2,1196.04,4046.76,metrica:Home:5,metrica:Home,metrica:Away,complete_ten_defenders_unavailable
2,1196.04,4046.76,metrica:Home:6,metrica:Home,metrica:Away,complete_ten_defenders_unavailable
2,1196.04,4046.76,metrica:Home:7,metrica:Home,metrica:Away,complete_ten_defenders_unavailable
2,1196.04,4046.76,metrica:Home:8,metrica:Home,metrica:Away,complete_ten_defenders_unavailable
2,1196.04,4046.76,metrica:Home:9,metrica:Home,metrica:Away,complete_ten_defenders_unavailable
2,1200.04,4050.76,metrica:Away:15,metrica:Away,metrica:Home,complete_ten_defenders_unavailable
2,1200.04,4050.76,metrica:Away:16,metrica:Away,metrica:Home,complete_ten_defenders_unavailable
2,1200.04,4050.76,metrica:Away:17,metrica:Away,metrica:Home,complete_ten_defenders_unavailable
2,1200.04,4050.76,metrica:Away:18,metrica:Away,metrica:Home,complete_ten_defenders_unavailable
2,1200.04,4050.76,metrica:Away:19,metrica:Away,metrica:Home,complete_ten_defenders_unavailable
2,1200.04,4050.76,metrica:Away:20,metrica:Away,metrica:Home,complete_ten_defenders_unavailable
2,1200.04,4050.76,metrica:Away:21,metrica:Away,metrica:Home,complete_ten_defenders_unavailable
2,1200.04,4050.76,metrica:Away:22,metrica:Away,metrica:Home,attacker_exposure_unavailable
2,1200.04,4050.76,metrica:Away:23,metrica:Away,metrica:Home,complete_ten_defenders_unavailable
2,1200.04,4050.76,metrica:Away:24,metrica:Away,metrica:Home,complete_ten_defenders_unavailable
2,1200.04,4050.76,metrica:Away:26,metrica:Away,metrica:Home,attacker_exposure_unavailable
2,1200.04,4050.76,metrica:Away:27,metrica:Away,metrica:Home,attacker_exposure_unavailable
2,1200.04,4050.76,metrica:Away:28,metrica:Away,metrica:Home,attacker_exposure_unavailable
2,1204.04,4054.76,metrica:Away:15,metrica:Away,metrica:Home,complete_ten_defenders_unavailable
2,1204.04,4054.76,metrica:Away:16,metrica:Away,metrica:Home,complete_ten_defenders_unavailable
2,1204.04,4054.76,metrica:Away:17,metrica:Away,metrica:Home,complete_ten_defenders_unavailable
2,1204.04,4054.76,metrica:Away:18,metrica:Away,metrica:Home,complete_ten_defenders_unavailable
2,1204.04,4054.76,metrica:Away:19,metrica:Away,metrica:Home,complete_ten_defenders_unavailable
2,1204.04,4054.76,metrica:Away:20,metrica:Away,metrica:Home,complete_ten_defenders_unavailable
2,1204.04,4054.76,metrica:Away:21,metrica:Away,metrica:Home,complete_ten_defenders_unavailable
2,1204.04,4054.76,metrica:Away:22,metrica:Away,metrica:Home,attacker_exposure_unavailable
2,1204.04,4054.76,metrica:Away:23,metrica:Away,metrica:Home,complete_ten_defenders_unavailable
2,1204.04,4054.76,metrica:Away:24,metrica:Away,metrica:Home,complete_ten_defenders_unavailable
2,1204.04,4054.76,metrica:Away:26,metrica:Away,metrica:Home,attacker_exposure_unavailable
2,1204.04,4054.76,metrica:Away:27,metrica:Away,metrica:Home,attacker_exposure_unavailable
2,1204.04,4054.76,metrica:Away:28,metrica:Away,metrica:Home,attacker_exposure_unavailable
2,1208.04,4058.76,metrica:Away:15,metrica:Away,metrica:Home,complete_ten_defenders_unavailable
2,1208.04,4058.76,metrica:Away:16,metrica:Away,metrica:Home,complete_ten_defenders_unavailable
2,1208.04,4058.76,metrica:Away:17,metrica:Away,metrica:Home,complete_ten_defenders_unavailable
2,1208.04,4058.76,metrica:Away:18,metrica:Away,metrica:Home,complete_ten_defenders_unavailable
2,1208.04,4058.76,metrica:Away:19,metrica:Away,metrica:Home,complete_ten_defenders_unavailable
2,1208.04,4058.76,metrica:Away:20,metrica:Away,metrica:Home,complete_ten_defenders_unavailable
2,1208.04,4058.76,metrica:Away:21,metrica:Away,metrica:Home,complete_ten_defenders_unavailable
2,1208.04,4058.76,metrica:Away:22,metrica:Away,metrica:Home,attacker_exposure_unavailable
2,1208.04,4058.76,metrica:Away:23,metrica:Away,metrica:Home,complete_ten_defenders_unavailable
2,1208.04,4058.76,metrica:Away:24,metrica:Away,metrica:Home,complete_ten_defenders_unavailable
2,1208.04,4058.76,metrica:Away:26,metrica:Away,metrica:Home,attacker_exposure_unavailable
2,1208.04,4058.76,metrica:Away:27,metrica:Away,metrica:Home,attacker_exposure_unavailable
2,1208.04,4058.76,metrica:Away:28,metrica:Away,metrica:Home,attacker_exposure_unavailable
2,1212.04,4062.76,metrica:Away:15,metrica:Away,metrica:Home,complete_ten_defenders_unavailable
2,1212.04,4062.76,metrica:Away:16,metrica:Away,metrica:Home,complete_ten_defenders_unavailable
2,1212.04,4062.76,metrica:Away:17,metrica:Away,metrica:Home,complete_ten_defenders_unavailable
2,1212.04,4062.76,metrica:Away:18,metrica:Away,metrica:Home,complete_ten_defenders_unavailable
2,1212.04,4062.76,metrica:Away:19,metrica:Away,metrica:Home,complete_ten_defenders_unavailable
2,1212.04,4062.76,metrica:Away:20,metrica:Away,metrica:Home,complete_ten_defenders_unavailable
2,1212.04,4062.76,metrica:Away:21,metrica:Away,metrica:Home,complete_ten_defenders_unavailable
2,1212.04,4062.76,metrica:Away:22,metrica:Away,metrica:Home,attacker_exposure_unavailable
2,1212.04,4062.76,metrica:Away:23,metrica:Away,metrica:Home,complete_ten_defenders_unavailable
2,1212.04,4062.76,metrica:Away:24,metrica:Away,metrica:Home,complete_ten_defenders_unavailable
2,1212.04,4062.76,metrica:Away:26,metrica:Away,metrica:Home,attacker_exposure_unavailable
2,1212.04,4062.76,metrica:Away:27,metrica:Away,metrica:Home,attacker_exposure_unavailable
2,1212.04,4062.76,metrica:Away:28,metrica:Away,metrica:Home,attacker_exposure_unavailable
2,1216.04,4066.76,metrica:Away:15,metrica:Away,metrica:Home,complete_ten_defenders_unavailable
2,1216.04,4066.76,metrica:Away:16,metrica:Away,metrica:Home,complete_ten_defenders_unavailable
2,1216.04,4066.76,metrica:Away:17,metrica:Away,metrica:Home,complete_ten_defenders_unavailable
2,1216.04,4066.76,metrica:Away:18,metrica:Away,metrica:Home,complete_ten_defenders_unavailable
2,1216.04,4066.76,metrica:Away:19,metrica:Away,metrica:Home,complete_ten_defenders_unavailable
2,1216.04,4066.76,metrica:Away:20,metrica:Away,metrica:Home,complete_ten_defenders_unavailable
2,1216.04,4066.76,metrica:Away:21,metrica:Away,metrica:Home,complete_ten_defenders_unavailable
2,1216.04,4066.76,metrica:Away:22,metrica:Away,metrica:Home,attacker_exposure_unavailable
2,1216.04,4066.76,metrica:Away:23,metrica:Away,metrica:Home,complete_ten_defenders_unavailable
2,1216.04,4066.76,metrica:Away:24,metrica:Away,metrica:Home,complete_ten_defenders_unavailable
2,1216.04,4066.76,metrica:Away:26,metrica:Away,metrica:Home,attacker_exposure_unavailable
2,1216.04,4066.76,metrica:Away:27,metrica:Away,metrica:Home,attacker_exposure_unavailable
2,1216.04,4066.76,metrica:Away:28,metrica:Away,metrica:Home,attacker_exposure_unavailable
2,1220.04,4070.76,metrica:Away:15,metrica:Away,metrica:Home,complete_ten_defenders_unavailable
2,1220.04,4070.76,metrica:Away:16,metrica:Away,metrica:Home,complete_ten_defenders_unavailable
2,1220.04,4070.76,metrica:Away:17,metrica:Away,metrica:Home,complete_ten_defenders_unavailable
2,1220.04,4070.76,metrica:Away:18,metrica:Away,metrica:Home,complete_ten_defenders_unavailable
2,1220.04,4070.76,metrica:Away:19,metrica:Away,metrica:Home,complete_ten_defenders_unavailable
2,1220.04,4070.76,metrica:Away:20,metrica:Away,metrica:Home,complete_ten_defenders_unavailable
2,1220.04,4070.76,metrica:Away:21,metrica:Away,metrica:Home,complete_ten_defenders_unavailable
2,1220.04,4070.76,metrica:Away:22,metrica:Away,metrica:Home,attacker_exposure_unavailable
2,1220.04,4070.76,metrica:Away:23,metrica:Away,metrica:Home,complete_ten_defenders_unavailable
2,1220.04,4070.76,metrica:Away:24,metrica:Away,metrica:Home,complete_ten_defenders_unavailable
2,1220.04,4070.76,metrica:Away:26,metrica:Away,metrica:Home,attacker_exposure_unavailable
2,1220.04,4070.76,metrica:Away:27,metrica:Away,metrica:Home,attacker_exposure_unavailable
2,1220.04,4070.76,metrica:Away:28,metrica:Away,metrica:Home,attacker_exposure_unavailable
2,1224.04,4074.76,metrica:Away:15,metrica:Away,metrica:Home,complete_ten_defenders_unavailable
2,1224.04,4074.76,metrica:Away:16,metrica:Away,metrica:Home,complete_ten_defenders_unavailable
2,1224.04,4074.76,metrica:Away:17,metrica:Away,metrica:Home,complete_ten_defenders_unavailable
2,1224.04,4074.76,metrica:Away:18,metrica:Away,metrica:Home,complete_ten_defenders_unavailable
2,1224.04,4074.76,metrica:Away:19,metrica:Away,metrica:Home,complete_ten_defenders_unavailable
2,1224.04,4074.76,metrica:Away:20,metrica:Away,metrica:Home,complete_ten_defenders_unavailable
2,1224.04,4074.76,metrica:Away:21,metrica:Away,metrica:Home,complete_ten_defenders_unavailable
2,1224.04,4074.76,metrica:Away:22,metrica:Away,metrica:Home,attacker_exposure_unavailable
2,1224.04,4074.76,metrica:Away:23,metrica:Away,metrica:Home,complete_ten_defenders_unavailable
2,1224.04,4074.76,metrica:Away:24,metrica:Away,metrica:Home,complete_ten_defenders_unavailable
2,1224.04,4074.76,metrica:Away:26,metrica:Away,metrica:Home,attacker_exposure_unavailable
2,1224.04,4074.76,metrica:Away:27,metrica:Away,metrica:Home,attacker_exposure_unavailable
2,1224.04,4074.76,metrica:Away:28,metrica:Away,metrica:Home,attacker_exposure_unavailable
2,1228.04,4078.76,metrica:Away:15,metrica:Away,metrica:Home,complete_ten_defenders_unavailable
2,1228.04,4078.76,metrica:Away:16,metrica:Away,metrica:Home,complete_ten_defenders_unavailable
2,1228.04,4078.76,metrica:Away:17,metrica:Away,metrica:Home,complete_ten_defenders_unavailable
2,1228.04,4078.76,metrica:Away:18,metrica:Away,metrica:Home,complete_ten_defenders_unavailable
2,1228.04,4078.76,metrica:Away:19,metrica:Away,metrica:Home,complete_ten_defenders_unavailable
2,1228.04,4078.76,metrica:Away:20,metrica:Away,metrica:Home,complete_ten_defenders_unavailable
2,1228.04,4078.76,metrica:Away:21,metrica:Away,metrica:Home,complete_ten_defenders_unavailable
2,1228.04,4078.76,metrica:Away:22,metrica:Away,metrica:Home,attacker_exposure_unavailable
2,1228.04,4078.76,metrica:Away:23,metrica:Away,metrica:Home,complete_ten_defenders_unavailable
2,1228.04,4078.76,metrica:Away:24,metrica:Away,metrica:Home,complete_ten_defenders_unavailable
2,1228.04,4078.76,metrica:Away:26,metrica:Away,metrica:Home,attacker_exposure_unavailable
2,1228.04,4078.76,metrica:Away:27,metrica:Away,metrica:Home,attacker_exposure_unavailable
2,1228.04,4078.76,metrica:Away:28,metrica:Away,metrica:Home,attacker_exposure_unavailable
2,1232.04,4082.76,metrica:Away:15,metrica:Away,metrica:Home,complete_ten_defenders_unavailable
2,1232.04,4082.76,metrica:Away:16,metrica:Away,metrica:Home,complete_ten_defenders_unavailable
2,1232.04,4082.76,metrica:Away:17,metrica:Away,metrica:Home,complete_ten_defenders_unavailable
2,1232.04,4082.76,metrica:Away:18,metrica:Away,metrica:Home,complete_ten_defenders_unavailable
2,1232.04,4082.76,metrica:Away:19,metrica:Away,metrica:Home,complete_ten_defenders_unavailable
2,1232.04,4082.76,metrica:Away:20,metrica:Away,metrica:Home,complete_ten_defenders_unavailable
2,1232.04,4082.76,metrica:Away:21,metrica:Away,metrica:Home,complete_ten_defenders_unavailable
2,1232.04,4082.76,metrica:Away:22,metrica:Away,metrica:Home,attacker_exposure_unavailable
2,1232.04,4082.76,metrica:Away:23,metrica:Away,metrica:Home,complete_ten_defenders_unavailable
2,1232.04,4082.76,metrica:Away:24,metrica:Away,metrica:Home,complete_ten_defenders_unavailable
2,1232.04,4082.76,metrica:Away:26,metrica:Away,metrica:Home,attacker_exposure_unavailable
2,1232.04,4082.76,metrica:Away:27,metrica:Away,metrica:Home,attacker_exposure_unavailable
2,1232.04,4082.76,metrica:Away:28,metrica:Away,metrica:Home,attacker_exposure_unavailable
2,1236.04,4086.76,metrica:Away:15,metrica:Away,metrica:Home,complete_ten_defenders_unavailable
2,1236.04,4086.76,metrica:Away:16,metrica:Away,metrica:Home,complete_ten_defenders_unavailable
2,1236.04,4086.76,metrica:Away:17,metrica:Away,metrica:Home,complete_ten_defenders_unavailable
2,1236.04,4086.76,metrica:Away:18,metrica:Away,metrica:Home,complete_ten_defenders_unavailable
2,1236.04,4086.76,metrica:Away:19,metrica:Away,metrica:Home,complete_ten_defenders_unavailable
2,1236.04,4086.76,metrica:Away:20,metrica:Away,metrica:Home,complete_ten_defenders_unavailable
2,1236.04,4086.76,metrica:Away:21,metrica:Away,metrica:Home,complete_ten_defenders_unavailable
2,1236.04,4086.76,metrica:Away:22,metrica:Away,metrica:Home,attacker_exposure_unavailable
2,1236.04,4086.76,metrica:Away:23,metrica:Away,metrica:Home,complete_ten_defenders_unavailable
2,1236.04,4086.76,metrica:Away:24,metrica:Away,metrica:Home,complete_ten_defenders_unavailable
2,1236.04,4086.76,metrica:Away:26,metrica:Away,metrica:Home,attacker_exposure_unavailable
2,1236.04,4086.76,metrica:Away:27,metrica:Away,metrica:Home,attacker_exposure_unavailable
2,1236.04,4086.76,metrica:Away:28,metrica:Away,metrica:Home,attacker_exposure_unavailable
2,1240.04,4090.76,metrica:Away:15,metrica:Away,metrica:Home,complete_ten_defenders_unavailable
2,1240.04,4090.76,metrica:Away:16,metrica:Away,metrica:Home,complete_ten_defenders_unavailable
2,1240.04,4090.76,metrica:Away:17,metrica:Away,metrica:Home,complete_ten_defenders_unavailable
2,1240.04,4090.76,metrica:Away:18,metrica:Away,metrica:Home,complete_ten_defenders_unavailable
2,1240.04,4090.76,metrica:Away:19,metrica:Away,metrica:Home,complete_ten_defenders_unavailable
2,1240.04,4090.76,metrica:Away:20,metrica:Away,metrica:Home,complete_ten_defenders_unavailable
2,1240.04,4090.76,metrica:Away:21,metrica:Away,metrica:Home,complete_ten_defenders_unavailable
2,1240.04,4090.76,metrica:Away:22,metrica:Away,metrica:Home,attacker_exposure_unavailable
2,1240.04,4090.76,metrica:Away:23,metrica:Away,metrica:Home,complete_ten_defenders_unavailable
2,1240.04,4090.76,metrica:Away:24,metrica:Away,metrica:Home,complete_ten_defenders_unavailable
2,1240.04,4090.76,metrica:Away:26,metrica:Away,metrica:Home,attacker_exposure_unavailable
2,1240.04,4090.76,metrica:Away:27,metrica:Away,metrica:Home,attacker_exposure_unavailable
2,1240.04,4090.76,metrica:Away:28,metrica:Away,metrica:Home,attacker_exposure_unavailable
2,1244.04,4094.76,metrica:Away:15,metrica:Away,metrica:Home,complete_ten_defenders_unavailable
2,1244.04,4094.76,metrica:Away:16,metrica:Away,metrica:Home,complete_ten_defenders_unavailable
2,1244.04,4094.76,metrica:Away:17,metrica:Away,metrica:Home,complete_ten_defenders_unavailable
2,1244.04,4094.76,metrica:Away:18,metrica:Away,metrica:Home,complete_ten_defenders_unavailable
2,1244.04,4094.76,metrica:Away:19,metrica:Away,metrica:Home,complete_ten_defenders_unavailable
2,1244.04,4094.76,metrica:Away:20,metrica:Away,metrica:Home,complete_ten_defenders_unavailable
2,1244.04,4094.76,metrica:Away:21,metrica:Away,metrica:Home,complete_ten_defenders_unavailable
2,1244.04,4094.76,metrica:Away:22,metrica:Away,metrica:Home,attacker_exposure_unavailable
2,1244.04,4094.76,metrica:Away:23,metrica:Away,metrica:Home,complete_ten_defenders_unavailable
2,1244.04,4094.76,metrica:Away:24,metrica:Away,metrica:Home,complete_ten_defenders_unavailable
2,1244.04,4094.76,metrica:Away:26,metrica:Away,metrica:Home,attacker_exposure_unavailable
2,1244.04,4094.76,metrica:Away:27,metrica:Away,metrica:Home,attacker_exposure_unavailable
2,1244.04,4094.76,metrica:Away:28,metrica:Away,metrica:Home,attacker_exposure_unavailable
2,1248.04,4098.76,metrica:Away:15,metrica:Away,metrica:Home,complete_ten_defenders_unavailable
2,1248.04,4098.76,metrica:Away:16,metrica:Away,metrica:Home,complete_ten_defenders_unavailable
2,1248.04,4098.76,metrica:Away:17,metrica:Away,metrica:Home,complete_ten_defenders_unavailable
2,1248.04,4098.76,metrica:Away:18,metrica:Away,metrica:Home,complete_ten_defenders_unavailable
2,1248.04,4098.76,metrica:Away:19,metrica:Away,metrica:Home,complete_ten_defenders_unavailable
2,1248.04,4098.76,metrica:Away:20,metrica:Away,metrica:Home,complete_ten_defenders_unavailable
2,1248.04,4098.76,metrica:Away:21,metrica:Away,metrica:Home,complete_ten_defenders_unavailable
2,1248.04,4098.76,metrica:Away:22,metrica:Away,metrica:Home,attacker_exposure_unavailable
2,1248.04,4098.76,metrica:Away:23,metrica:Away,metrica:Home,complete_ten_defenders_unavailable
2,1248.04,4098.76,metrica:Away:24,metrica:Away,metrica:Home,complete_ten_defenders_unavailable
2,1248.04,4098.76,metrica:Away:26,metrica:Away,metrica:Home,attacker_exposure_unavailable
2,1248.04,4098.76,metrica:Away:27,metrica:Away,metrica:Home,attacker_exposure_unavailable
2,1248.04,4098.76,metrica:Away:28,metrica:Away,metrica:Home,attacker_exposure_unavailable
2,1252.04,4102.76,metrica:Home:1,metrica:Home,metrica:Away,restart_or_ball_out_primary_span
2,1252.04,4102.76,metrica:Home:10,metrica:Home,metrica:Away,restart_or_ball_out_primary_span
2,1252.04,4102.76,metrica:Home:12,metrica:Home,metrica:Away,restart_or_ball_out_primary_span
2,1252.04,4102.76,metrica:Home:13,metrica:Home,metrica:Away,restart_or_ball_out_primary_span
2,1252.04,4102.76,metrica:Home:14,metrica:Home,metrica:Away,restart_or_ball_out_primary_span
2,1252.04,4102.76,metrica:Home:2,metrica:Home,metrica:Away,restart_or_ball_out_primary_span
2,1252.04,4102.76,metrica:Home:3,metrica:Home,metrica:Away,restart_or_ball_out_primary_span
2,1252.04,4102.76,metrica:Home:4,metrica:Home,metrica:Away,restart_or_ball_out_primary_span
2,1252.04,4102.76,metrica:Home:5,metrica:Home,metrica:Away,restart_or_ball_out_primary_span
2,1252.04,4102.76,metrica:Home:6,metrica:Home,metrica:Away,restart_or_ball_out_primary_span
2,1252.04,4102.76,metrica:Home:7,metrica:Home,metrica:Away,restart_or_ball_out_primary_span
2,1252.04,4102.76,metrica:Home:8,metrica:Home,metrica:Away,restart_or_ball_out_primary_span
2,1252.04,4102.76,metrica:Home:9,metrica:Home,metrica:Away,restart_or_ball_out_primary_span
2,1256.04,4106.76,metrica:Home:1,metrica:Home,metrica:Away,attacker_exposure_unavailable
2,1256.04,4106.76,metrica:Home:10,metrica:Home,metrica:Away,complete_ten_defenders_unavailable
2,1256.04,4106.76,metrica:Home:12,metrica:Home,metrica:Away,complete_ten_defenders_unavailable
2,1256.04,4106.76,metrica:Home:13,metrica:Home,metrica:Away,attacker_exposure_unavailable
2,1256.04,4106.76,metrica:Home:14,metrica:Home,metrica:Away,attacker_exposure_unavailable
2,1256.04,4106.76,metrica:Home:2,metrica:Home,metrica:Away,complete_ten_defenders_unavailable
2,1256.04,4106.76,metrica:Home:3,metrica:Home,metrica:Away,attacker_exposure_unavailable
2,1256.04,4106.76,metrica:Home:4,metrica:Home,metrica:Away,complete_ten_defenders_unavailable
2,1256.04,4106.76,metrica:Home:5,metrica:Home,metrica:Away,complete_ten_defenders_unavailable
2,1256.04,4106.76,metrica:Home:6,metrica:Home,metrica:Away,complete_ten_defenders_unavailable
2,1256.04,4106.76,metrica:Home:7,metrica:Home,metrica:Away,complete_ten_defenders_unavailable
2,1256.04,4106.76,metrica:Home:8,metrica:Home,metrica:Away,complete_ten_defenders_unavailable
2,1256.04,4106.76,metrica:Home:9,metrica:Home,metrica:Away,complete_ten_defenders_unavailable
2,1260.04,4110.76,metrica:Home:1,metrica:Home,metrica:Away,attacker_exposure_unavailable
2,1260.04,4110.76,metrica:Home:10,metrica:Home,metrica:Away,complete_ten_defenders_unavailable
2,1260.04,4110.76,metrica:Home:12,metrica:Home,metrica:Away,complete_ten_defenders_unavailable
2,1260.04,4110.76,metrica:Home:13,metrica:Home,metrica:Away,attacker_exposure_unavailable
2,1260.04,4110.76,metrica:Home:14,metrica:Home,metrica:Away,attacker_exposure_unavailable
2,1260.04,4110.76,metrica:Home:2,metrica:Home,metrica:Away,complete_ten_defenders_unavailable
2,1260.04,4110.76,metrica:Home:3,metrica:Home,metrica:Away,attacker_exposure_unavailable
2,1260.04,4110.76,metrica:Home:4,metrica:Home,metrica:Away,complete_ten_defenders_unavailable
2,1260.04,4110.76,metrica:Home:5,metrica:Home,metrica:Away,complete_ten_defenders_unavailable
2,1260.04,4110.76,metrica:Home:6,metrica:Home,metrica:Away,complete_ten_defenders_unavailable
2,1260.04,4110.76,metrica:Home:7,metrica:Home,metrica:Away,complete_ten_defenders_unavailable
2,1260.04,4110.76,metrica:Home:8,metrica:Home,metrica:Away,complete_ten_defenders_unavailable
2,1260.04,4110.76,metrica:Home:9,metrica:Home,metrica:Away,complete_ten_defenders_unavailable
2,1264.04,4114.76,metrica:Home:1,metrica:Home,metrica:Away,attacker_exposure_unavailable
2,1264.04,4114.76,metrica:Home:10,metrica:Home,metrica:Away,complete_ten_defenders_unavailable
2,1264.04,4114.76,metrica:Home:12,metrica:Home,metrica:Away,complete_ten_defenders_unavailable
2,1264.04,4114.76,metrica:Home:13,metrica:Home,metrica:Away,attacker_exposure_unavailable
2,1264.04,4114.76,metrica:Home:14,metrica:Home,metrica:Away,attacker_exposure_unavailable
2,1264.04,4114.76,metrica:Home:2,metrica:Home,metrica:Away,complete_ten_defenders_unavailable
2,1264.04,4114.76,metrica:Home:3,metrica:Home,metrica:Away,attacker_exposure_unavailable
2,1264.04,4114.76,metrica:Home:4,metrica:Home,metrica:Away,complete_ten_defenders_unavailable
2,1264.04,4114.76,metrica:Home:5,metrica:Home,metrica:Away,complete_ten_defenders_unavailable
2,1264.04,4114.76,metrica:Home:6,metrica:Home,metrica:Away,complete_ten_defenders_unavailable
2,1264.04,4114.76,metrica:Home:7,metrica:Home,metrica:Away,complete_ten_defenders_unavailable
2,1264.04,4114.76,metrica:Home:8,metrica:Home,metrica:Away,complete_ten_defenders_unavailable
2,1264.04,4114.76,metrica:Home:9,metrica:Home,metrica:Away,complete_ten_defenders_unavailable
2,1268.04,4118.76,metrica:Away:15,metrica:Away,metrica:Home,complete_ten_defenders_unavailable
2,1268.04,4118.76,metrica:Away:16,metrica:Away,metrica:Home,complete_ten_defenders_unavailable
2,1268.04,4118.76,metrica:Away:17,metrica:Away,metrica:Home,complete_ten_defenders_unavailable
2,1268.04,4118.76,metrica:Away:18,metrica:Away,metrica:Home,complete_ten_defenders_unavailable
2,1268.04,4118.76,metrica:Away:19,metrica:Away,metrica:Home,complete_ten_defenders_unavailable
2,1268.04,4118.76,metrica:Away:20,metrica:Away,metrica:Home,complete_ten_defenders_unavailable
2,1268.04,4118.76,metrica:Away:21,metrica:Away,metrica:Home,complete_ten_defenders_unavailable
2,1268.04,4118.76,metrica:Away:22,metrica:Away,metrica:Home,attacker_exposure_unavailable
2,1268.04,4118.76,metrica:Away:23,metrica:Away,metrica:Home,complete_ten_defenders_unavailable
2,1268.04,4118.76,metrica:Away:24,metrica:Away,metrica:Home,complete_ten_defenders_unavailable
2,1268.04,4118.76,metrica:Away:26,metrica:Away,metrica:Home,attacker_exposure_unavailable
2,1268.04,4118.76,metrica:Away:27,metrica:Away,metrica:Home,attacker_exposure_unavailable
2,1268.04,4118.76,metrica:Away:28,metrica:Away,metrica:Home,attacker_exposure_unavailable
2,1272.04,4122.76,metrica:Away:15,metrica:Away,metrica:Home,complete_ten_defenders_unavailable
2,1272.04,4122.76,metrica:Away:16,metrica:Away,metrica:Home,complete_ten_defenders_unavailable
2,1272.04,4122.76,metrica:Away:17,metrica:Away,metrica:Home,complete_ten_defenders_unavailable
2,1272.04,4122.76,metrica:Away:18,metrica:Away,metrica:Home,complete_ten_defenders_unavailable
2,1272.04,4122.76,metrica:Away:19,metrica:Away,metrica:Home,complete_ten_defenders_unavailable
2,1272.04,4122.76,metrica:Away:20,metrica:Away,metrica:Home,complete_ten_defenders_unavailable
2,1272.04,4122.76,metrica:Away:21,metrica:Away,metrica:Home,complete_ten_defenders_unavailable
2,1272.04,4122.76,metrica:Away:22,metrica:Away,metrica:Home,attacker_exposure_unavailable
2,1272.04,4122.76,metrica:Away:23,metrica:Away,metrica:Home,complete_ten_defenders_unavailable
2,1272.04,4122.76,metrica:Away:24,metrica:Away,metrica:Home,complete_ten_defenders_unavailable
2,1272.04,4122.76,metrica:Away:26,metrica:Away,metrica:Home,attacker_exposure_unavailable
2,1272.04,4122.76,metrica:Away:27,metrica:Away,metrica:Home,attacker_exposure_unavailable
2,1272.04,4122.76,metrica:Away:28,metrica:Away,metrica:Home,attacker_exposure_unavailable
2,1276.04,4126.76,metrica:Away:15,metrica:Away,metrica:Home,complete_ten_defenders_unavailable
2,1276.04,4126.76,metrica:Away:16,metrica:Away,metrica:Home,complete_ten_defenders_unavailable
2,1276.04,4126.76,metrica:Away:17,metrica:Away,metrica:Home,complete_ten_defenders_unavailable
2,1276.04,4126.76,metrica:Away:18,metrica:Away,metrica:Home,complete_ten_defenders_unavailable
2,1276.04,4126.76,metrica:Away:19,metrica:Away,metrica:Home,complete_ten_defenders_unavailable
2,1276.04,4126.76,metrica:Away:20,metrica:Away,metrica:Home,complete_ten_defenders_unavailable
2,1276.04,4126.76,metrica:Away:21,metrica:Away,metrica:Home,complete_ten_defenders_unavailable
2,1276.04,4126.76,metrica:Away:22,metrica:Away,metrica:Home,attacker_exposure_unavailable
2,1276.04,4126.76,metrica:Away:23,metrica:Away,metrica:Home,complete_ten_defenders_unavailable
2,1276.04,4126.76,metrica:Away:24,metrica:Away,metrica:Home,complete_ten_defenders_unavailable
2,1276.04,4126.76,metrica:Away:26,metrica:Away,metrica:Home,attacker_exposure_unavailable
2,1276.04,4126.76,metrica:Away:27,metrica:Away,metrica:Home,attacker_exposure_unavailable
2,1276.04,4126.76,metrica:Away:28,metrica:Away,metrica:Home,attacker_exposure_unavailable
2,1280.04,4130.76,metrica:Home:1,metrica:Home,metrica:Away,attacker_exposure_unavailable
2,1280.04,4130.76,metrica:Home:10,metrica:Home,metrica:Away,complete_ten_defenders_unavailable
2,1280.04,4130.76,metrica:Home:12,metrica:Home,metrica:Away,complete_ten_defenders_unavailable
2,1280.04,4130.76,metrica:Home:13,metrica:Home,metrica:Away,attacker_exposure_unavailable
2,1280.04,4130.76,metrica:Home:14,metrica:Home,metrica:Away,attacker_exposure_unavailable
2,1280.04,4130.76,metrica:Home:2,metrica:Home,metrica:Away,complete_ten_defenders_unavailable
2,1280.04,4130.76,metrica:Home:3,metrica:Home,metrica:Away,attacker_exposure_unavailable
2,1280.04,4130.76,metrica:Home:4,metrica:Home,metrica:Away,complete_ten_defenders_unavailable
2,1280.04,4130.76,metrica:Home:5,metrica:Home,metrica:Away,complete_ten_defenders_unavailable
2,1280.04,4130.76,metrica:Home:6,metrica:Home,metrica:Away,complete_ten_defenders_unavailable
2,1280.04,4130.76,metrica:Home:7,metrica:Home,metrica:Away,complete_ten_defenders_unavailable
2,1280.04,4130.76,metrica:Home:8,metrica:Home,metrica:Away,complete_ten_defenders_unavailable
2,1280.04,4130.76,metrica:Home:9,metrica:Home,metrica:Away,complete_ten_defenders_unavailable
2,1284.04,4134.76,metrica:Home:1,metrica:Home,metrica:Away,attacker_exposure_unavailable
2,1284.04,4134.76,metrica:Home:10,metrica:Home,metrica:Away,complete_ten_defenders_unavailable
2,1284.04,4134.76,metrica:Home:12,metrica:Home,metrica:Away,complete_ten_defenders_unavailable
2,1284.04,4134.76,metrica:Home:13,metrica:Home,metrica:Away,attacker_exposure_unavailable
2,1284.04,4134.76,metrica:Home:14,metrica:Home,metrica:Away,attacker_exposure_unavailable
2,1284.04,4134.76,metrica:Home:2,metrica:Home,metrica:Away,complete_ten_defenders_unavailable
2,1284.04,4134.76,metrica:Home:3,metrica:Home,metrica:Away,attacker_exposure_unavailable
2,1284.04,4134.76,metrica:Home:4,metrica:Home,metrica:Away,complete_ten_defenders_unavailable
2,1284.04,4134.76,metrica:Home:5,metrica:Home,metrica:Away,complete_ten_defenders_unavailable
2,1284.04,4134.76,metrica:Home:6,metrica:Home,metrica:Away,complete_ten_defenders_unavailable
2,1284.04,4134.76,metrica:Home:7,metrica:Home,metrica:Away,complete_ten_defenders_unavailable
2,1284.04,4134.76,metrica:Home:8,metrica:Home,metrica:Away,complete_ten_defenders_unavailable
2,1284.04,4134.76,metrica:Home:9,metrica:Home,metrica:Away,complete_ten_defenders_unavailable
2,1288.04,4138.76,metrica:Home:1,metrica:Home,metrica:Away,attacker_exposure_unavailable
2,1288.04,4138.76,metrica:Home:10,metrica:Home,metrica:Away,complete_ten_defenders_unavailable
2,1288.04,4138.76,metrica:Home:12,metrica:Home,metrica:Away,complete_ten_defenders_unavailable
2,1288.04,4138.76,metrica:Home:13,metrica:Home,metrica:Away,attacker_exposure_unavailable
2,1288.04,4138.76,metrica:Home:14,metrica:Home,metrica:Away,attacker_exposure_unavailable
2,1288.04,4138.76,metrica:Home:2,metrica:Home,metrica:Away,complete_ten_defenders_unavailable
2,1288.04,4138.76,metrica:Home:3,metrica:Home,metrica:Away,attacker_exposure_unavailable
2,1288.04,4138.76,metrica:Home:4,metrica:Home,metrica:Away,complete_ten_defenders_unavailable
2,1288.04,4138.76,metrica:Home:5,metrica:Home,metrica:Away,complete_ten_defenders_unavailable
2,1288.04,4138.76,metrica:Home:6,metrica:Home,metrica:Away,complete_ten_defenders_unavailable
2,1288.04,4138.76,metrica:Home:7,metrica:Home,metrica:Away,complete_ten_defenders_unavailable
2,1288.04,4138.76,metrica:Home:8,metrica:Home,metrica:Away,complete_ten_defenders_unavailable
2,1288.04,4138.76,metrica:Home:9,metrica:Home,metrica:Away,complete_ten_defenders_unavailable
2,1292.04,4142.76,metrica:Home:1,metrica:Home,metrica:Away,restart_or_ball_out_primary_span
2,1292.04,4142.76,metrica:Home:10,metrica:Home,metrica:Away,restart_or_ball_out_primary_span
2,1292.04,4142.76,metrica:Home:12,metrica:Home,metrica:Away,restart_or_ball_out_primary_span
2,1292.04,4142.76,metrica:Home:13,metrica:Home,metrica:Away,restart_or_ball_out_primary_span
2,1292.04,4142.76,metrica:Home:14,metrica:Home,metrica:Away,restart_or_ball_out_primary_span
2,1292.04,4142.76,metrica:Home:2,metrica:Home,metrica:Away,restart_or_ball_out_primary_span
2,1292.04,4142.76,metrica:Home:3,metrica:Home,metrica:Away,restart_or_ball_out_primary_span
2,1292.04,4142.76,metrica:Home:4,metrica:Home,metrica:Away,restart_or_ball_out_primary_span
2,1292.04,4142.76,metrica:Home:5,metrica:Home,metrica:Away,restart_or_ball_out_primary_span
2,1292.04,4142.76,metrica:Home:6,metrica:Home,metrica:Away,restart_or_ball_out_primary_span
2,1292.04,4142.76,metrica:Home:7,metrica:Home,metrica:Away,restart_or_ball_out_primary_span
2,1292.04,4142.76,metrica:Home:8,metrica:Home,metrica:Away,restart_or_ball_out_primary_span
2,1292.04,4142.76,metrica:Home:9,metrica:Home,metrica:Away,restart_or_ball_out_primary_span
2,1296.04,4146.76,metrica:Home:1,metrica:Home,metrica:Away,attacker_exposure_unavailable
2,1296.04,4146.76,metrica:Home:10,metrica:Home,metrica:Away,complete_ten_defenders_unavailable
2,1296.04,4146.76,metrica:Home:12,metrica:Home,metrica:Away,complete_ten_defenders_unavailable
2,1296.04,4146.76,metrica:Home:13,metrica:Home,metrica:Away,attacker_exposure_unavailable
2,1296.04,4146.76,metrica:Home:14,metrica:Home,metrica:Away,attacker_exposure_unavailable
2,1296.04,4146.76,metrica:Home:2,metrica:Home,metrica:Away,complete_ten_defenders_unavailable
2,1296.04,4146.76,metrica:Home:3,metrica:Home,metrica:Away,attacker_exposure_unavailable
2,1296.04,4146.76,metrica:Home:4,metrica:Home,metrica:Away,complete_ten_defenders_unavailable
2,1296.04,4146.76,metrica:Home:5,metrica:Home,metrica:Away,complete_ten_defenders_unavailable
2,1296.04,4146.76,metrica:Home:6,metrica:Home,metrica:Away,complete_ten_defenders_unavailable
2,1296.04,4146.76,metrica:Home:7,metrica:Home,metrica:Away,complete_ten_defenders_unavailable
2,1296.04,4146.76,metrica:Home:8,metrica:Home,metrica:Away,complete_ten_defenders_unavailable
2,1296.04,4146.76,metrica:Home:9,metrica:Home,metrica:Away,complete_ten_defenders_unavailable
2,1300.04,4150.76,metrica:Home:1,metrica:Home,metrica:Away,attacker_exposure_unavailable
2,1300.04,4150.76,metrica:Home:10,metrica:Home,metrica:Away,complete_ten_defenders_unavailable
2,1300.04,4150.76,metrica:Home:12,metrica:Home,metrica:Away,complete_ten_defenders_unavailable
2,1300.04,4150.76,metrica:Home:13,metrica:Home,metrica:Away,attacker_exposure_unavailable
2,1300.04,4150.76,metrica:Home:14,metrica:Home,metrica:Away,attacker_exposure_unavailable
2,1300.04,4150.76,metrica:Home:2,metrica:Home,metrica:Away,complete_ten_defenders_unavailable
2,1300.04,4150.76,metrica:Home:3,metrica:Home,metrica:Away,attacker_exposure_unavailable
2,1300.04,4150.76,metrica:Home:4,metrica:Home,metrica:Away,complete_ten_defenders_unavailable
2,1300.04,4150.76,metrica:Home:5,metrica:Home,metrica:Away,complete_ten_defenders_unavailable
2,1300.04,4150.76,metrica:Home:6,metrica:Home,metrica:Away,complete_ten_defenders_unavailable
2,1300.04,4150.76,metrica:Home:7,metrica:Home,metrica:Away,complete_ten_defenders_unavailable
2,1300.04,4150.76,metrica:Home:8,metrica:Home,metrica:Away,complete_ten_defenders_unavailable
2,1300.04,4150.76,metrica:Home:9,metrica:Home,metrica:Away,complete_ten_defenders_unavailable
2,1304.04,4154.76,metrica:Home:1,metrica:Home,metrica:Away,attacker_exposure_unavailable
2,1304.04,4154.76,metrica:Home:10,metrica:Home,metrica:Away,complete_ten_defenders_unavailable
2,1304.04,4154.76,metrica:Home:12,metrica:Home,metrica:Away,complete_ten_defenders_unavailable
2,1304.04,4154.76,metrica:Home:13,metrica:Home,metrica:Away,attacker_exposure_unavailable
2,1304.04,4154.76,metrica:Home:14,metrica:Home,metrica:Away,attacker_exposure_unavailable
2,1304.04,4154.76,metrica:Home:2,metrica:Home,metrica:Away,complete_ten_defenders_unavailable
2,1304.04,4154.76,metrica:Home:3,metrica:Home,metrica:Away,attacker_exposure_unavailable
2,1304.04,4154.76,metrica:Home:4,metrica:Home,metrica:Away,complete_ten_defenders_unavailable
2,1304.04,4154.76,metrica:Home:5,metrica:Home,metrica:Away,complete_ten_defenders_unavailable
2,1304.04,4154.76,metrica:Home:6,metrica:Home,metrica:Away,complete_ten_defenders_unavailable
2,1304.04,4154.76,metrica:Home:7,metrica:Home,metrica:Away,complete_ten_defenders_unavailable
2,1304.04,4154.76,metrica:Home:8,metrica:Home,metrica:Away,complete_ten_defenders_unavailable
2,1304.04,4154.76,metrica:Home:9,metrica:Home,metrica:Away,complete_ten_defenders_unavailable
2,1308.04,4158.76,metrica:Away:15,metrica:Away,metrica:Home,complete_ten_defenders_unavailable
2,1308.04,4158.76,metrica:Away:16,metrica:Away,metrica:Home,complete_ten_defenders_unavailable
2,1308.04,4158.76,metrica:Away:17,metrica:Away,metrica:Home,complete_ten_defenders_unavailable
2,1308.04,4158.76,metrica:Away:18,metrica:Away,metrica:Home,complete_ten_defenders_unavailable
2,1308.04,4158.76,metrica:Away:19,metrica:Away,metrica:Home,complete_ten_defenders_unavailable
2,1308.04,4158.76,metrica:Away:20,metrica:Away,metrica:Home,complete_ten_defenders_unavailable
2,1308.04,4158.76,metrica:Away:21,metrica:Away,metrica:Home,complete_ten_defenders_unavailable
2,1308.04,4158.76,metrica:Away:22,metrica:Away,metrica:Home,attacker_exposure_unavailable
2,1308.04,4158.76,metrica:Away:23,metrica:Away,metrica:Home,complete_ten_defenders_unavailable
2,1308.04,4158.76,metrica:Away:24,metrica:Away,metrica:Home,complete_ten_defenders_unavailable
2,1308.04,4158.76,metrica:Away:26,metrica:Away,metrica:Home,attacker_exposure_unavailable
2,1308.04,4158.76,metrica:Away:27,metrica:Away,metrica:Home,attacker_exposure_unavailable
2,1308.04,4158.76,metrica:Away:28,metrica:Away,metrica:Home,attacker_exposure_unavailable
2,1312.04,4162.76,metrica:Home:1,metrica:Home,metrica:Away,attacker_exposure_unavailable
2,1312.04,4162.76,metrica:Home:10,metrica:Home,metrica:Away,complete_ten_defenders_unavailable
2,1312.04,4162.76,metrica:Home:12,metrica:Home,metrica:Away,complete_ten_defenders_unavailable
2,1312.04,4162.76,metrica:Home:13,metrica:Home,metrica:Away,attacker_exposure_unavailable
2,1312.04,4162.76,metrica:Home:14,metrica:Home,metrica:Away,attacker_exposure_unavailable
2,1312.04,4162.76,metrica:Home:2,metrica:Home,metrica:Away,complete_ten_defenders_unavailable
2,1312.04,4162.76,metrica:Home:3,metrica:Home,metrica:Away,attacker_exposure_unavailable
2,1312.04,4162.76,metrica:Home:4,metrica:Home,metrica:Away,complete_ten_defenders_unavailable
2,1312.04,4162.76,metrica:Home:5,metrica:Home,metrica:Away,complete_ten_defenders_unavailable
2,1312.04,4162.76,metrica:Home:6,metrica:Home,metrica:Away,complete_ten_defenders_unavailable
2,1312.04,4162.76,metrica:Home:7,metrica:Home,metrica:Away,complete_ten_defenders_unavailable
2,1312.04,4162.76,metrica:Home:8,metrica:Home,metrica:Away,complete_ten_defenders_unavailable
2,1312.04,4162.76,metrica:Home:9,metrica:Home,metrica:Away,complete_ten_defenders_unavailable
2,1316.04,4166.76,metrica:Away:15,metrica:Away,metrica:Home,complete_ten_defenders_unavailable
2,1316.04,4166.76,metrica:Away:16,metrica:Away,metrica:Home,complete_ten_defenders_unavailable
2,1316.04,4166.76,metrica:Away:17,metrica:Away,metrica:Home,complete_ten_defenders_unavailable
2,1316.04,4166.76,metrica:Away:18,metrica:Away,metrica:Home,complete_ten_defenders_unavailable
2,1316.04,4166.76,metrica:Away:19,metrica:Away,metrica:Home,complete_ten_defenders_unavailable
2,1316.04,4166.76,metrica:Away:20,metrica:Away,metrica:Home,complete_ten_defenders_unavailable
2,1316.04,4166.76,metrica:Away:21,metrica:Away,metrica:Home,complete_ten_defenders_unavailable
2,1316.04,4166.76,metrica:Away:22,metrica:Away,metrica:Home,attacker_exposure_unavailable
2,1316.04,4166.76,metrica:Away:23,metrica:Away,metrica:Home,complete_ten_defenders_unavailable
2,1316.04,4166.76,metrica:Away:24,metrica:Away,metrica:Home,complete_ten_defenders_unavailable
2,1316.04,4166.76,metrica:Away:26,metrica:Away,metrica:Home,attacker_exposure_unavailable
2,1316.04,4166.76,metrica:Away:27,metrica:Away,metrica:Home,attacker_exposure_unavailable
2,1316.04,4166.76,metrica:Away:28,metrica:Away,metrica:Home,attacker_exposure_unavailable
2,1320.04,4170.76,metrica:Home:1,metrica:Home,metrica:Away,attacker_exposure_unavailable
2,1320.04,4170.76,metrica:Home:10,metrica:Home,metrica:Away,complete_ten_defenders_unavailable
2,1320.04,4170.76,metrica:Home:12,metrica:Home,metrica:Away,complete_ten_defenders_unavailable
2,1320.04,4170.76,metrica:Home:13,metrica:Home,metrica:Away,attacker_exposure_unavailable
2,1320.04,4170.76,metrica:Home:14,metrica:Home,metrica:Away,attacker_exposure_unavailable
2,1320.04,4170.76,metrica:Home:2,metrica:Home,metrica:Away,complete_ten_defenders_unavailable
2,1320.04,4170.76,metrica:Home:3,metrica:Home,metrica:Away,attacker_exposure_unavailable
2,1320.04,4170.76,metrica:Home:4,metrica:Home,metrica:Away,complete_ten_defenders_unavailable
2,1320.04,4170.76,metrica:Home:5,metrica:Home,metrica:Away,complete_ten_defenders_unavailable
2,1320.04,4170.76,metrica:Home:6,metrica:Home,metrica:Away,complete_ten_defenders_unavailable
2,1320.04,4170.76,metrica:Home:7,metrica:Home,metrica:Away,complete_ten_defenders_unavailable
2,1320.04,4170.76,metrica:Home:8,metrica:Home,metrica:Away,complete_ten_defenders_unavailable
2,1320.04,4170.76,metrica:Home:9,metrica:Home,metrica:Away,complete_ten_defenders_unavailable
2,1324.04,4174.76,metrica:Home:1,metrica:Home,metrica:Away,attacker_exposure_unavailable
2,1324.04,4174.76,metrica:Home:10,metrica:Home,metrica:Away,complete_ten_defenders_unavailable
2,1324.04,4174.76,metrica:Home:12,metrica:Home,metrica:Away,complete_ten_defenders_unavailable
2,1324.04,4174.76,metrica:Home:13,metrica:Home,metrica:Away,attacker_exposure_unavailable
2,1324.04,4174.76,metrica:Home:14,metrica:Home,metrica:Away,attacker_exposure_unavailable
2,1324.04,4174.76,metrica:Home:2,metrica:Home,metrica:Away,complete_ten_defenders_unavailable
2,1324.04,4174.76,metrica:Home:3,metrica:Home,metrica:Away,attacker_exposure_unavailable
2,1324.04,4174.76,metrica:Home:4,metrica:Home,metrica:Away,complete_ten_defenders_unavailable
2,1324.04,4174.76,metrica:Home:5,metrica:Home,metrica:Away,complete_ten_defenders_unavailable
2,1324.04,4174.76,metrica:Home:6,metrica:Home,metrica:Away,complete_ten_defenders_unavailable
2,1324.04,4174.76,metrica:Home:7,metrica:Home,metrica:Away,complete_ten_defenders_unavailable
2,1324.04,4174.76,metrica:Home:8,metrica:Home,metrica:Away,complete_ten_defenders_unavailable
2,1324.04,4174.76,metrica:Home:9,metrica:Home,metrica:Away,complete_ten_defenders_unavailable
2,1328.04,4178.76,metrica:Home:1,metrica:Home,metrica:Away,attacker_exposure_unavailable
2,1328.04,4178.76,metrica:Home:10,metrica:Home,metrica:Away,complete_ten_defenders_unavailable
2,1328.04,4178.76,metrica:Home:12,metrica:Home,metrica:Away,complete_ten_defenders_unavailable
2,1328.04,4178.76,metrica:Home:13,metrica:Home,metrica:Away,attacker_exposure_unavailable
2,1328.04,4178.76,metrica:Home:14,metrica:Home,metrica:Away,attacker_exposure_unavailable
2,1328.04,4178.76,metrica:Home:2,metrica:Home,metrica:Away,complete_ten_defenders_unavailable
2,1328.04,4178.76,metrica:Home:3,metrica:Home,metrica:Away,attacker_exposure_unavailable
2,1328.04,4178.76,metrica:Home:4,metrica:Home,metrica:Away,complete_ten_defenders_unavailable
2,1328.04,4178.76,metrica:Home:5,metrica:Home,metrica:Away,complete_ten_defenders_unavailable
2,1328.04,4178.76,metrica:Home:6,metrica:Home,metrica:Away,complete_ten_defenders_unavailable
2,1328.04,4178.76,metrica:Home:7,metrica:Home,metrica:Away,complete_ten_defenders_unavailable
2,1328.04,4178.76,metrica:Home:8,metrica:Home,metrica:Away,complete_ten_defenders_unavailable
2,1328.04,4178.76,metrica:Home:9,metrica:Home,metrica:Away,complete_ten_defenders_unavailable
2,1332.04,4182.76,metrica:Home:1,metrica:Home,metrica:Away,attacker_exposure_unavailable
2,1332.04,4182.76,metrica:Home:10,metrica:Home,metrica:Away,complete_ten_defenders_unavailable
2,1332.04,4182.76,metrica:Home:12,metrica:Home,metrica:Away,complete_ten_defenders_unavailable
2,1332.04,4182.76,metrica:Home:13,metrica:Home,metrica:Away,attacker_exposure_unavailable
2,1332.04,4182.76,metrica:Home:14,metrica:Home,metrica:Away,attacker_exposure_unavailable
2,1332.04,4182.76,metrica:Home:2,metrica:Home,metrica:Away,complete_ten_defenders_unavailable
2,1332.04,4182.76,metrica:Home:3,metrica:Home,metrica:Away,attacker_exposure_unavailable
2,1332.04,4182.76,metrica:Home:4,metrica:Home,metrica:Away,complete_ten_defenders_unavailable
2,1332.04,4182.76,metrica:Home:5,metrica:Home,metrica:Away,complete_ten_defenders_unavailable
2,1332.04,4182.76,metrica:Home:6,metrica:Home,metrica:Away,complete_ten_defenders_unavailable
2,1332.04,4182.76,metrica:Home:7,metrica:Home,metrica:Away,complete_ten_defenders_unavailable
2,1332.04,4182.76,metrica:Home:8,metrica:Home,metrica:Away,complete_ten_defenders_unavailable
2,1332.04,4182.76,metrica:Home:9,metrica:Home,metrica:Away,complete_ten_defenders_unavailable
2,1336.04,4186.76,metrica:Home:1,metrica:Home,metrica:Away,attacker_exposure_unavailable
2,1336.04,4186.76,metrica:Home:10,metrica:Home,metrica:Away,complete_ten_defenders_unavailable
2,1336.04,4186.76,metrica:Home:12,metrica:Home,metrica:Away,complete_ten_defenders_unavailable
2,1336.04,4186.76,metrica:Home:13,metrica:Home,metrica:Away,attacker_exposure_unavailable
2,1336.04,4186.76,metrica:Home:14,metrica:Home,metrica:Away,attacker_exposure_unavailable
2,1336.04,4186.76,metrica:Home:2,metrica:Home,metrica:Away,complete_ten_defenders_unavailable
2,1336.04,4186.76,metrica:Home:3,metrica:Home,metrica:Away,attacker_exposure_unavailable
2,1336.04,4186.76,metrica:Home:4,metrica:Home,metrica:Away,complete_ten_defenders_unavailable
2,1336.04,4186.76,metrica:Home:5,metrica:Home,metrica:Away,complete_ten_defenders_unavailable
2,1336.04,4186.76,metrica:Home:6,metrica:Home,metrica:Away,complete_ten_defenders_unavailable
2,1336.04,4186.76,metrica:Home:7,metrica:Home,metrica:Away,complete_ten_defenders_unavailable
2,1336.04,4186.76,metrica:Home:8,metrica:Home,metrica:Away,complete_ten_defenders_unavailable
2,1336.04,4186.76,metrica:Home:9,metrica:Home,metrica:Away,complete_ten_defenders_unavailable
2,1340.04,4190.76,metrica:Home:1,metrica:Home,metrica:Away,attacker_exposure_unavailable
2,1340.04,4190.76,metrica:Home:10,metrica:Home,metrica:Away,complete_ten_defenders_unavailable
2,1340.04,4190.76,metrica:Home:12,metrica:Home,metrica:Away,complete_ten_defenders_unavailable
2,1340.04,4190.76,metrica:Home:13,metrica:Home,metrica:Away,attacker_exposure_unavailable
2,1340.04,4190.76,metrica:Home:14,metrica:Home,metrica:Away,attacker_exposure_unavailable
2,1340.04,4190.76,metrica:Home:2,metrica:Home,metrica:Away,complete_ten_defenders_unavailable
2,1340.04,4190.76,metrica:Home:3,metrica:Home,metrica:Away,attacker_exposure_unavailable
2,1340.04,4190.76,metrica:Home:4,metrica:Home,metrica:Away,complete_ten_defenders_unavailable
2,1340.04,4190.76,metrica:Home:5,metrica:Home,metrica:Away,complete_ten_defenders_unavailable
2,1340.04,4190.76,metrica:Home:6,metrica:Home,metrica:Away,complete_ten_defenders_unavailable
2,1340.04,4190.76,metrica:Home:7,metrica:Home,metrica:Away,complete_ten_defenders_unavailable
2,1340.04,4190.76,metrica:Home:8,metrica:Home,metrica:Away,complete_ten_defenders_unavailable
2,1340.04,4190.76,metrica:Home:9,metrica:Home,metrica:Away,complete_ten_defenders_unavailable
2,1344.04,4194.76,metrica:Home:1,metrica:Home,metrica:Away,attacker_exposure_unavailable
2,1344.04,4194.76,metrica:Home:10,metrica:Home,metrica:Away,complete_ten_defenders_unavailable
2,1344.04,4194.76,metrica:Home:12,metrica:Home,metrica:Away,complete_ten_defenders_unavailable
2,1344.04,4194.76,metrica:Home:13,metrica:Home,metrica:Away,attacker_exposure_unavailable
2,1344.04,4194.76,metrica:Home:14,metrica:Home,metrica:Away,attacker_exposure_unavailable
2,1344.04,4194.76,metrica:Home:2,metrica:Home,metrica:Away,complete_ten_defenders_unavailable
2,1344.04,4194.76,metrica:Home:3,metrica:Home,metrica:Away,attacker_exposure_unavailable
2,1344.04,4194.76,metrica:Home:4,metrica:Home,metrica:Away,complete_ten_defenders_unavailable
2,1344.04,4194.76,metrica:Home:5,metrica:Home,metrica:Away,complete_ten_defenders_unavailable
2,1344.04,4194.76,metrica:Home:6,metrica:Home,metrica:Away,complete_ten_defenders_unavailable
2,1344.04,4194.76,metrica:Home:7,metrica:Home,metrica:Away,complete_ten_defenders_unavailable
2,1344.04,4194.76,metrica:Home:8,metrica:Home,metrica:Away,complete_ten_defenders_unavailable
2,1344.04,4194.76,metrica:Home:9,metrica:Home,metrica:Away,complete_ten_defenders_unavailable
2,1348.04,4198.76,metrica:Home:1,metrica:Home,metrica:Away,attacker_exposure_unavailable
2,1348.04,4198.76,metrica:Home:10,metrica:Home,metrica:Away,complete_ten_defenders_unavailable
2,1348.04,4198.76,metrica:Home:12,metrica:Home,metrica:Away,complete_ten_defenders_unavailable
2,1348.04,4198.76,metrica:Home:13,metrica:Home,metrica:Away,attacker_exposure_unavailable
2,1348.04,4198.76,metrica:Home:14,metrica:Home,metrica:Away,attacker_exposure_unavailable
2,1348.04,4198.76,metrica:Home:2,metrica:Home,metrica:Away,complete_ten_defenders_unavailable
2,1348.04,4198.76,metrica:Home:3,metrica:Home,metrica:Away,attacker_exposure_unavailable
2,1348.04,4198.76,metrica:Home:4,metrica:Home,metrica:Away,complete_ten_defenders_unavailable
2,1348.04,4198.76,metrica:Home:5,metrica:Home,metrica:Away,complete_ten_defenders_unavailable
2,1348.04,4198.76,metrica:Home:6,metrica:Home,metrica:Away,complete_ten_defenders_unavailable
2,1348.04,4198.76,metrica:Home:7,metrica:Home,metrica:Away,complete_ten_defenders_unavailable
2,1348.04,4198.76,metrica:Home:8,metrica:Home,metrica:Away,complete_ten_defenders_unavailable
2,1348.04,4198.76,metrica:Home:9,metrica:Home,metrica:Away,complete_ten_defenders_unavailable
2,1352.04,4202.76,metrica:Home:1,metrica:Home,metrica:Away,attacker_exposure_unavailable
2,1352.04,4202.76,metrica:Home:10,metrica:Home,metrica:Away,complete_ten_defenders_unavailable
2,1352.04,4202.76,metrica:Home:12,metrica:Home,metrica:Away,complete_ten_defenders_unavailable
2,1352.04,4202.76,metrica:Home:13,metrica:Home,metrica:Away,attacker_exposure_unavailable
2,1352.04,4202.76,metrica:Home:14,metrica:Home,metrica:Away,attacker_exposure_unavailable
2,1352.04,4202.76,metrica:Home:2,metrica:Home,metrica:Away,complete_ten_defenders_unavailable
2,1352.04,4202.76,metrica:Home:3,metrica:Home,metrica:Away,attacker_exposure_unavailable
2,1352.04,4202.76,metrica:Home:4,metrica:Home,metrica:Away,complete_ten_defenders_unavailable
2,1352.04,4202.76,metrica:Home:5,metrica:Home,metrica:Away,complete_ten_defenders_unavailable
2,1352.04,4202.76,metrica:Home:6,metrica:Home,metrica:Away,complete_ten_defenders_unavailable
2,1352.04,4202.76,metrica:Home:7,metrica:Home,metrica:Away,complete_ten_defenders_unavailable
2,1352.04,4202.76,metrica:Home:8,metrica:Home,metrica:Away,complete_ten_defenders_unavailable
2,1352.04,4202.76,metrica:Home:9,metrica:Home,metrica:Away,complete_ten_defenders_unavailable
2,1356.04,4206.76,metrica:Home:1,metrica:Home,metrica:Away,attacker_exposure_unavailable
2,1356.04,4206.76,metrica:Home:10,metrica:Home,metrica:Away,complete_ten_defenders_unavailable
2,1356.04,4206.76,metrica:Home:12,metrica:Home,metrica:Away,complete_ten_defenders_unavailable
2,1356.04,4206.76,metrica:Home:13,metrica:Home,metrica:Away,attacker_exposure_unavailable
2,1356.04,4206.76,metrica:Home:14,metrica:Home,metrica:Away,attacker_exposure_unavailable
2,1356.04,4206.76,metrica:Home:2,metrica:Home,metrica:Away,complete_ten_defenders_unavailable
2,1356.04,4206.76,metrica:Home:3,metrica:Home,metrica:Away,attacker_exposure_unavailable
2,1356.04,4206.76,metrica:Home:4,metrica:Home,metrica:Away,complete_ten_defenders_unavailable
2,1356.04,4206.76,metrica:Home:5,metrica:Home,metrica:Away,complete_ten_defenders_unavailable
2,1356.04,4206.76,metrica:Home:6,metrica:Home,metrica:Away,complete_ten_defenders_unavailable
2,1356.04,4206.76,metrica:Home:7,metrica:Home,metrica:Away,complete_ten_defenders_unavailable
2,1356.04,4206.76,metrica:Home:8,metrica:Home,metrica:Away,complete_ten_defenders_unavailable
2,1356.04,4206.76,metrica:Home:9,metrica:Home,metrica:Away,complete_ten_defenders_unavailable
2,1360.04,4210.76,metrica:Home:1,metrica:Home,metrica:Away,attacker_exposure_unavailable
2,1360.04,4210.76,metrica:Home:10,metrica:Home,metrica:Away,complete_ten_defenders_unavailable
2,1360.04,4210.76,metrica:Home:12,metrica:Home,metrica:Away,complete_ten_defenders_unavailable
2,1360.04,4210.76,metrica:Home:13,metrica:Home,metrica:Away,attacker_exposure_unavailable
2,1360.04,4210.76,metrica:Home:14,metrica:Home,metrica:Away,attacker_exposure_unavailable
2,1360.04,4210.76,metrica:Home:2,metrica:Home,metrica:Away,complete_ten_defenders_unavailable
2,1360.04,4210.76,metrica:Home:3,metrica:Home,metrica:Away,attacker_exposure_unavailable
2,1360.04,4210.76,metrica:Home:4,metrica:Home,metrica:Away,complete_ten_defenders_unavailable
2,1360.04,4210.76,metrica:Home:5,metrica:Home,metrica:Away,complete_ten_defenders_unavailable
2,1360.04,4210.76,metrica:Home:6,metrica:Home,metrica:Away,complete_ten_defenders_unavailable
2,1360.04,4210.76,metrica:Home:7,metrica:Home,metrica:Away,complete_ten_defenders_unavailable
2,1360.04,4210.76,metrica:Home:8,metrica:Home,metrica:Away,complete_ten_defenders_unavailable
2,1360.04,4210.76,metrica:Home:9,metrica:Home,metrica:Away,complete_ten_defenders_unavailable
2,1364.04,4214.76,metrica:Home:1,metrica:Home,metrica:Away,attacker_exposure_unavailable
2,1364.04,4214.76,metrica:Home:10,metrica:Home,metrica:Away,complete_ten_defenders_unavailable
2,1364.04,4214.76,metrica:Home:12,metrica:Home,metrica:Away,complete_ten_defenders_unavailable
2,1364.04,4214.76,metrica:Home:13,metrica:Home,metrica:Away,attacker_exposure_unavailable
2,1364.04,4214.76,metrica:Home:14,metrica:Home,metrica:Away,attacker_exposure_unavailable
2,1364.04,4214.76,metrica:Home:2,metrica:Home,metrica:Away,complete_ten_defenders_unavailable
2,1364.04,4214.76,metrica:Home:3,metrica:Home,metrica:Away,attacker_exposure_unavailable
2,1364.04,4214.76,metrica:Home:4,metrica:Home,metrica:Away,complete_ten_defenders_unavailable
2,1364.04,4214.76,metrica:Home:5,metrica:Home,metrica:Away,complete_ten_defenders_unavailable
2,1364.04,4214.76,metrica:Home:6,metrica:Home,metrica:Away,complete_ten_defenders_unavailable
2,1364.04,4214.76,metrica:Home:7,metrica:Home,metrica:Away,complete_ten_defenders_unavailable
2,1364.04,4214.76,metrica:Home:8,metrica:Home,metrica:Away,complete_ten_defenders_unavailable
2,1364.04,4214.76,metrica:Home:9,metrica:Home,metrica:Away,complete_ten_defenders_unavailable
2,1368.04,4218.76,metrica:Home:1,metrica:Home,metrica:Away,attacker_exposure_unavailable
2,1368.04,4218.76,metrica:Home:10,metrica:Home,metrica:Away,complete_ten_defenders_unavailable
2,1368.04,4218.76,metrica:Home:12,metrica:Home,metrica:Away,complete_ten_defenders_unavailable
2,1368.04,4218.76,metrica:Home:13,metrica:Home,metrica:Away,attacker_exposure_unavailable
2,1368.04,4218.76,metrica:Home:14,metrica:Home,metrica:Away,attacker_exposure_unavailable
2,1368.04,4218.76,metrica:Home:2,metrica:Home,metrica:Away,complete_ten_defenders_unavailable
2,1368.04,4218.76,metrica:Home:3,metrica:Home,metrica:Away,attacker_exposure_unavailable
2,1368.04,4218.76,metrica:Home:4,metrica:Home,metrica:Away,complete_ten_defenders_unavailable
2,1368.04,4218.76,metrica:Home:5,metrica:Home,metrica:Away,complete_ten_defenders_unavailable
2,1368.04,4218.76,metrica:Home:6,metrica:Home,metrica:Away,complete_ten_defenders_unavailable
2,1368.04,4218.76,metrica:Home:7,metrica:Home,metrica:Away,complete_ten_defenders_unavailable
2,1368.04,4218.76,metrica:Home:8,metrica:Home,metrica:Away,complete_ten_defenders_unavailable
2,1368.04,4218.76,metrica:Home:9,metrica:Home,metrica:Away,complete_ten_defenders_unavailable
2,1372.04,4222.76,metrica:Home:1,metrica:Home,metrica:Away,attacker_exposure_unavailable
2,1372.04,4222.76,metrica:Home:10,metrica:Home,metrica:Away,complete_ten_defenders_unavailable
2,1372.04,4222.76,metrica:Home:12,metrica:Home,metrica:Away,complete_ten_defenders_unavailable
2,1372.04,4222.76,metrica:Home:13,metrica:Home,metrica:Away,attacker_exposure_unavailable
2,1372.04,4222.76,metrica:Home:14,metrica:Home,metrica:Away,attacker_exposure_unavailable
2,1372.04,4222.76,metrica:Home:2,metrica:Home,metrica:Away,complete_ten_defenders_unavailable
2,1372.04,4222.76,metrica:Home:3,metrica:Home,metrica:Away,attacker_exposure_unavailable
2,1372.04,4222.76,metrica:Home:4,metrica:Home,metrica:Away,complete_ten_defenders_unavailable
2,1372.04,4222.76,metrica:Home:5,metrica:Home,metrica:Away,complete_ten_defenders_unavailable
2,1372.04,4222.76,metrica:Home:6,metrica:Home,metrica:Away,complete_ten_defenders_unavailable
2,1372.04,4222.76,metrica:Home:7,metrica:Home,metrica:Away,complete_ten_defenders_unavailable
2,1372.04,4222.76,metrica:Home:8,metrica:Home,metrica:Away,complete_ten_defenders_unavailable
2,1372.04,4222.76,metrica:Home:9,metrica:Home,metrica:Away,complete_ten_defenders_unavailable
2,1376.04,4226.76,metrica:Away:15,metrica:Away,metrica:Home,complete_ten_defenders_unavailable
2,1376.04,4226.76,metrica:Away:16,metrica:Away,metrica:Home,complete_ten_defenders_unavailable
2,1376.04,4226.76,metrica:Away:17,metrica:Away,metrica:Home,complete_ten_defenders_unavailable
2,1376.04,4226.76,metrica:Away:18,metrica:Away,metrica:Home,complete_ten_defenders_unavailable
2,1376.04,4226.76,metrica:Away:19,metrica:Away,metrica:Home,complete_ten_defenders_unavailable
2,1376.04,4226.76,metrica:Away:20,metrica:Away,metrica:Home,complete_ten_defenders_unavailable
2,1376.04,4226.76,metrica:Away:21,metrica:Away,metrica:Home,complete_ten_defenders_unavailable
2,1376.04,4226.76,metrica:Away:22,metrica:Away,metrica:Home,attacker_exposure_unavailable
2,1376.04,4226.76,metrica:Away:23,metrica:Away,metrica:Home,complete_ten_defenders_unavailable
2,1376.04,4226.76,metrica:Away:24,metrica:Away,metrica:Home,complete_ten_defenders_unavailable
2,1376.04,4226.76,metrica:Away:26,metrica:Away,metrica:Home,attacker_exposure_unavailable
2,1376.04,4226.76,metrica:Away:27,metrica:Away,metrica:Home,attacker_exposure_unavailable
2,1376.04,4226.76,metrica:Away:28,metrica:Away,metrica:Home,attacker_exposure_unavailable
2,1380.04,4230.76,metrica:Away:15,metrica:Away,metrica:Home,complete_ten_defenders_unavailable
2,1380.04,4230.76,metrica:Away:16,metrica:Away,metrica:Home,complete_ten_defenders_unavailable
2,1380.04,4230.76,metrica:Away:17,metrica:Away,metrica:Home,complete_ten_defenders_unavailable
2,1380.04,4230.76,metrica:Away:18,metrica:Away,metrica:Home,complete_ten_defenders_unavailable
2,1380.04,4230.76,metrica:Away:19,metrica:Away,metrica:Home,complete_ten_defenders_unavailable
2,1380.04,4230.76,metrica:Away:20,metrica:Away,metrica:Home,complete_ten_defenders_unavailable
2,1380.04,4230.76,metrica:Away:21,metrica:Away,metrica:Home,complete_ten_defenders_unavailable
2,1380.04,4230.76,metrica:Away:22,metrica:Away,metrica:Home,attacker_exposure_unavailable
2,1380.04,4230.76,metrica:Away:23,metrica:Away,metrica:Home,complete_ten_defenders_unavailable
2,1380.04,4230.76,metrica:Away:24,metrica:Away,metrica:Home,complete_ten_defenders_unavailable
2,1380.04,4230.76,metrica:Away:26,metrica:Away,metrica:Home,attacker_exposure_unavailable
2,1380.04,4230.76,metrica:Away:27,metrica:Away,metrica:Home,attacker_exposure_unavailable
2,1380.04,4230.76,metrica:Away:28,metrica:Away,metrica:Home,attacker_exposure_unavailable
2,1384.04,4234.76,metrica:Home:1,metrica:Home,metrica:Away,attacker_exposure_unavailable
2,1384.04,4234.76,metrica:Home:10,metrica:Home,metrica:Away,complete_ten_defenders_unavailable
2,1384.04,4234.76,metrica:Home:12,metrica:Home,metrica:Away,complete_ten_defenders_unavailable
2,1384.04,4234.76,metrica:Home:13,metrica:Home,metrica:Away,attacker_exposure_unavailable
2,1384.04,4234.76,metrica:Home:14,metrica:Home,metrica:Away,attacker_exposure_unavailable
2,1384.04,4234.76,metrica:Home:2,metrica:Home,metrica:Away,complete_ten_defenders_unavailable
2,1384.04,4234.76,metrica:Home:3,metrica:Home,metrica:Away,attacker_exposure_unavailable
2,1384.04,4234.76,metrica:Home:4,metrica:Home,metrica:Away,complete_ten_defenders_unavailable
2,1384.04,4234.76,metrica:Home:5,metrica:Home,metrica:Away,complete_ten_defenders_unavailable
2,1384.04,4234.76,metrica:Home:6,metrica:Home,metrica:Away,complete_ten_defenders_unavailable
2,1384.04,4234.76,metrica:Home:7,metrica:Home,metrica:Away,complete_ten_defenders_unavailable
2,1384.04,4234.76,metrica:Home:8,metrica:Home,metrica:Away,complete_ten_defenders_unavailable
2,1384.04,4234.76,metrica:Home:9,metrica:Home,metrica:Away,complete_ten_defenders_unavailable
2,1388.04,4238.76,metrica:Home:1,metrica:Home,metrica:Away,attacker_exposure_unavailable
2,1388.04,4238.76,metrica:Home:10,metrica:Home,metrica:Away,complete_ten_defenders_unavailable
2,1388.04,4238.76,metrica:Home:12,metrica:Home,metrica:Away,complete_ten_defenders_unavailable
2,1388.04,4238.76,metrica:Home:13,metrica:Home,metrica:Away,attacker_exposure_unavailable
2,1388.04,4238.76,metrica:Home:14,metrica:Home,metrica:Away,attacker_exposure_unavailable
2,1388.04,4238.76,metrica:Home:2,metrica:Home,metrica:Away,complete_ten_defenders_unavailable
2,1388.04,4238.76,metrica:Home:3,metrica:Home,metrica:Away,attacker_exposure_unavailable
2,1388.04,4238.76,metrica:Home:4,metrica:Home,metrica:Away,complete_ten_defenders_unavailable
2,1388.04,4238.76,metrica:Home:5,metrica:Home,metrica:Away,complete_ten_defenders_unavailable
2,1388.04,4238.76,metrica:Home:6,metrica:Home,metrica:Away,complete_ten_defenders_unavailable
2,1388.04,4238.76,metrica:Home:7,metrica:Home,metrica:Away,complete_ten_defenders_unavailable
2,1388.04,4238.76,metrica:Home:8,metrica:Home,metrica:Away,complete_ten_defenders_unavailable
2,1388.04,4238.76,metrica:Home:9,metrica:Home,metrica:Away,complete_ten_defenders_unavailable
2,1392.04,4242.76,metrica:Home:1,metrica:Home,metrica:Away,attacker_exposure_unavailable
2,1392.04,4242.76,metrica:Home:10,metrica:Home,metrica:Away,complete_ten_defenders_unavailable
2,1392.04,4242.76,metrica:Home:12,metrica:Home,metrica:Away,complete_ten_defenders_unavailable
2,1392.04,4242.76,metrica:Home:13,metrica:Home,metrica:Away,attacker_exposure_unavailable
2,1392.04,4242.76,metrica:Home:14,metrica:Home,metrica:Away,attacker_exposure_unavailable
2,1392.04,4242.76,metrica:Home:2,metrica:Home,metrica:Away,complete_ten_defenders_unavailable
2,1392.04,4242.76,metrica:Home:3,metrica:Home,metrica:Away,attacker_exposure_unavailable
2,1392.04,4242.76,metrica:Home:4,metrica:Home,metrica:Away,complete_ten_defenders_unavailable
2,1392.04,4242.76,metrica:Home:5,metrica:Home,metrica:Away,complete_ten_defenders_unavailable
2,1392.04,4242.76,metrica:Home:6,metrica:Home,metrica:Away,complete_ten_defenders_unavailable
2,1392.04,4242.76,metrica:Home:7,metrica:Home,metrica:Away,complete_ten_defenders_unavailable
2,1392.04,4242.76,metrica:Home:8,metrica:Home,metrica:Away,complete_ten_defenders_unavailable
2,1392.04,4242.76,metrica:Home:9,metrica:Home,metrica:Away,complete_ten_defenders_unavailable
2,1396.04,4246.76,metrica:Home:1,metrica:Home,metrica:Away,attacker_exposure_unavailable
2,1396.04,4246.76,metrica:Home:10,metrica:Home,metrica:Away,complete_ten_defenders_unavailable
2,1396.04,4246.76,metrica:Home:12,metrica:Home,metrica:Away,complete_ten_defenders_unavailable
2,1396.04,4246.76,metrica:Home:13,metrica:Home,metrica:Away,attacker_exposure_unavailable
2,1396.04,4246.76,metrica:Home:14,metrica:Home,metrica:Away,attacker_exposure_unavailable
2,1396.04,4246.76,metrica:Home:2,metrica:Home,metrica:Away,complete_ten_defenders_unavailable
2,1396.04,4246.76,metrica:Home:3,metrica:Home,metrica:Away,attacker_exposure_unavailable
2,1396.04,4246.76,metrica:Home:4,metrica:Home,metrica:Away,complete_ten_defenders_unavailable
2,1396.04,4246.76,metrica:Home:5,metrica:Home,metrica:Away,complete_ten_defenders_unavailable
2,1396.04,4246.76,metrica:Home:6,metrica:Home,metrica:Away,complete_ten_defenders_unavailable
2,1396.04,4246.76,metrica:Home:7,metrica:Home,metrica:Away,complete_ten_defenders_unavailable
2,1396.04,4246.76,metrica:Home:8,metrica:Home,metrica:Away,complete_ten_defenders_unavailable
2,1396.04,4246.76,metrica:Home:9,metrica:Home,metrica:Away,complete_ten_defenders_unavailable
2,1400.04,4250.76,metrica:Home:1,metrica:Home,metrica:Away,attacker_exposure_unavailable
2,1400.04,4250.76,metrica:Home:10,metrica:Home,metrica:Away,complete_ten_defenders_unavailable
2,1400.04,4250.76,metrica:Home:12,metrica:Home,metrica:Away,complete_ten_defenders_unavailable
2,1400.04,4250.76,metrica:Home:13,metrica:Home,metrica:Away,attacker_exposure_unavailable
2,1400.04,4250.76,metrica:Home:14,metrica:Home,metrica:Away,attacker_exposure_unavailable
2,1400.04,4250.76,metrica:Home:2,metrica:Home,metrica:Away,complete_ten_defenders_unavailable
2,1400.04,4250.76,metrica:Home:3,metrica:Home,metrica:Away,attacker_exposure_unavailable
2,1400.04,4250.76,metrica:Home:4,metrica:Home,metrica:Away,complete_ten_defenders_unavailable
2,1400.04,4250.76,metrica:Home:5,metrica:Home,metrica:Away,complete_ten_defenders_unavailable
2,1400.04,4250.76,metrica:Home:6,metrica:Home,metrica:Away,complete_ten_defenders_unavailable
2,1400.04,4250.76,metrica:Home:7,metrica:Home,metrica:Away,complete_ten_defenders_unavailable
2,1400.04,4250.76,metrica:Home:8,metrica:Home,metrica:Away,complete_ten_defenders_unavailable
2,1400.04,4250.76,metrica:Home:9,metrica:Home,metrica:Away,complete_ten_defenders_unavailable
2,1404.04,4254.76,metrica:Home:1,metrica:Home,metrica:Away,attacker_exposure_unavailable
2,1404.04,4254.76,metrica:Home:10,metrica:Home,metrica:Away,complete_ten_defenders_unavailable
2,1404.04,4254.76,metrica:Home:12,metrica:Home,metrica:Away,complete_ten_defenders_unavailable
2,1404.04,4254.76,metrica:Home:13,metrica:Home,metrica:Away,attacker_exposure_unavailable
2,1404.04,4254.76,metrica:Home:14,metrica:Home,metrica:Away,attacker_exposure_unavailable
2,1404.04,4254.76,metrica:Home:2,metrica:Home,metrica:Away,complete_ten_defenders_unavailable
2,1404.04,4254.76,metrica:Home:3,metrica:Home,metrica:Away,attacker_exposure_unavailable
2,1404.04,4254.76,metrica:Home:4,metrica:Home,metrica:Away,complete_ten_defenders_unavailable
2,1404.04,4254.76,metrica:Home:5,metrica:Home,metrica:Away,complete_ten_defenders_unavailable
2,1404.04,4254.76,metrica:Home:6,metrica:Home,metrica:Away,complete_ten_defenders_unavailable
2,1404.04,4254.76,metrica:Home:7,metrica:Home,metrica:Away,complete_ten_defenders_unavailable
2,1404.04,4254.76,metrica:Home:8,metrica:Home,metrica:Away,complete_ten_defenders_unavailable
2,1404.04,4254.76,metrica:Home:9,metrica:Home,metrica:Away,complete_ten_defenders_unavailable
2,1408.04,4258.76,metrica:Home:1,metrica:Home,metrica:Away,attacker_exposure_unavailable
2,1408.04,4258.76,metrica:Home:10,metrica:Home,metrica:Away,complete_ten_defenders_unavailable
2,1408.04,4258.76,metrica:Home:12,metrica:Home,metrica:Away,complete_ten_defenders_unavailable
2,1408.04,4258.76,metrica:Home:13,metrica:Home,metrica:Away,attacker_exposure_unavailable
2,1408.04,4258.76,metrica:Home:14,metrica:Home,metrica:Away,attacker_exposure_unavailable
2,1408.04,4258.76,metrica:Home:2,metrica:Home,metrica:Away,complete_ten_defenders_unavailable
2,1408.04,4258.76,metrica:Home:3,metrica:Home,metrica:Away,attacker_exposure_unavailable
2,1408.04,4258.76,metrica:Home:4,metrica:Home,metrica:Away,complete_ten_defenders_unavailable
2,1408.04,4258.76,metrica:Home:5,metrica:Home,metrica:Away,complete_ten_defenders_unavailable
2,1408.04,4258.76,metrica:Home:6,metrica:Home,metrica:Away,complete_ten_defenders_unavailable
2,1408.04,4258.76,metrica:Home:7,metrica:Home,metrica:Away,complete_ten_defenders_unavailable
2,1408.04,4258.76,metrica:Home:8,metrica:Home,metrica:Away,complete_ten_defenders_unavailable
2,1408.04,4258.76,metrica:Home:9,metrica:Home,metrica:Away,complete_ten_defenders_unavailable
2,1412.04,4262.76,metrica:Home:1,metrica:Home,metrica:Away,attacker_exposure_unavailable
2,1412.04,4262.76,metrica:Home:10,metrica:Home,metrica:Away,complete_ten_defenders_unavailable
2,1412.04,4262.76,metrica:Home:12,metrica:Home,metrica:Away,complete_ten_defenders_unavailable
2,1412.04,4262.76,metrica:Home:13,metrica:Home,metrica:Away,attacker_exposure_unavailable
2,1412.04,4262.76,metrica:Home:14,metrica:Home,metrica:Away,attacker_exposure_unavailable
2,1412.04,4262.76,metrica:Home:2,metrica:Home,metrica:Away,complete_ten_defenders_unavailable
2,1412.04,4262.76,metrica:Home:3,metrica:Home,metrica:Away,attacker_exposure_unavailable
2,1412.04,4262.76,metrica:Home:4,metrica:Home,metrica:Away,complete_ten_defenders_unavailable
2,1412.04,4262.76,metrica:Home:5,metrica:Home,metrica:Away,complete_ten_defenders_unavailable
2,1412.04,4262.76,metrica:Home:6,metrica:Home,metrica:Away,complete_ten_defenders_unavailable
2,1412.04,4262.76,metrica:Home:7,metrica:Home,metrica:Away,complete_ten_defenders_unavailable
2,1412.04,4262.76,metrica:Home:8,metrica:Home,metrica:Away,complete_ten_defenders_unavailable
2,1412.04,4262.76,metrica:Home:9,metrica:Home,metrica:Away,complete_ten_defenders_unavailable
2,1416.04,4266.76,metrica:Home:1,metrica:Home,metrica:Away,attacker_exposure_unavailable
2,1416.04,4266.76,metrica:Home:10,metrica:Home,metrica:Away,complete_ten_defenders_unavailable
2,1416.04,4266.76,metrica:Home:12,metrica:Home,metrica:Away,complete_ten_defenders_unavailable
2,1416.04,4266.76,metrica:Home:13,metrica:Home,metrica:Away,attacker_exposure_unavailable
2,1416.04,4266.76,metrica:Home:14,metrica:Home,metrica:Away,attacker_exposure_unavailable
2,1416.04,4266.76,metrica:Home:2,metrica:Home,metrica:Away,complete_ten_defenders_unavailable
2,1416.04,4266.76,metrica:Home:3,metrica:Home,metrica:Away,attacker_exposure_unavailable
2,1416.04,4266.76,metrica:Home:4,metrica:Home,metrica:Away,complete_ten_defenders_unavailable
2,1416.04,4266.76,metrica:Home:5,metrica:Home,metrica:Away,complete_ten_defenders_unavailable
2,1416.04,4266.76,metrica:Home:6,metrica:Home,metrica:Away,complete_ten_defenders_unavailable
2,1416.04,4266.76,metrica:Home:7,metrica:Home,metrica:Away,complete_ten_defenders_unavailable
2,1416.04,4266.76,metrica:Home:8,metrica:Home,metrica:Away,complete_ten_defenders_unavailable
2,1416.04,4266.76,metrica:Home:9,metrica:Home,metrica:Away,complete_ten_defenders_unavailable
2,1420.04,4270.76,metrica:Home:1,metrica:Home,metrica:Away,attacker_exposure_unavailable
2,1420.04,4270.76,metrica:Home:10,metrica:Home,metrica:Away,complete_ten_defenders_unavailable
2,1420.04,4270.76,metrica:Home:12,metrica:Home,metrica:Away,complete_ten_defenders_unavailable
2,1420.04,4270.76,metrica:Home:13,metrica:Home,metrica:Away,attacker_exposure_unavailable
2,1420.04,4270.76,metrica:Home:14,metrica:Home,metrica:Away,attacker_exposure_unavailable
2,1420.04,4270.76,metrica:Home:2,metrica:Home,metrica:Away,complete_ten_defenders_unavailable
2,1420.04,4270.76,metrica:Home:3,metrica:Home,metrica:Away,attacker_exposure_unavailable
2,1420.04,4270.76,metrica:Home:4,metrica:Home,metrica:Away,complete_ten_defenders_unavailable
2,1420.04,4270.76,metrica:Home:5,metrica:Home,metrica:Away,complete_ten_defenders_unavailable
2,1420.04,4270.76,metrica:Home:6,metrica:Home,metrica:Away,complete_ten_defenders_unavailable
2,1420.04,4270.76,metrica:Home:7,metrica:Home,metrica:Away,complete_ten_defenders_unavailable
2,1420.04,4270.76,metrica:Home:8,metrica:Home,metrica:Away,complete_ten_defenders_unavailable
2,1420.04,4270.76,metrica:Home:9,metrica:Home,metrica:Away,complete_ten_defenders_unavailable
2,1424.04,4274.76,metrica:Home:1,metrica:Home,metrica:Away,attacker_exposure_unavailable
2,1424.04,4274.76,metrica:Home:10,metrica:Home,metrica:Away,complete_ten_defenders_unavailable
2,1424.04,4274.76,metrica:Home:12,metrica:Home,metrica:Away,complete_ten_defenders_unavailable
2,1424.04,4274.76,metrica:Home:13,metrica:Home,metrica:Away,attacker_exposure_unavailable
2,1424.04,4274.76,metrica:Home:14,metrica:Home,metrica:Away,attacker_exposure_unavailable
2,1424.04,4274.76,metrica:Home:2,metrica:Home,metrica:Away,complete_ten_defenders_unavailable
2,1424.04,4274.76,metrica:Home:3,metrica:Home,metrica:Away,attacker_exposure_unavailable
2,1424.04,4274.76,metrica:Home:4,metrica:Home,metrica:Away,complete_ten_defenders_unavailable
2,1424.04,4274.76,metrica:Home:5,metrica:Home,metrica:Away,complete_ten_defenders_unavailable
2,1424.04,4274.76,metrica:Home:6,metrica:Home,metrica:Away,complete_ten_defenders_unavailable
2,1424.04,4274.76,metrica:Home:7,metrica:Home,metrica:Away,complete_ten_defenders_unavailable
2,1424.04,4274.76,metrica:Home:8,metrica:Home,metrica:Away,complete_ten_defenders_unavailable
2,1424.04,4274.76,metrica:Home:9,metrica:Home,metrica:Away,complete_ten_defenders_unavailable
2,1428.04,4278.76,metrica:Home:1,metrica:Home,metrica:Away,attacker_exposure_unavailable
2,1428.04,4278.76,metrica:Home:10,metrica:Home,metrica:Away,complete_ten_defenders_unavailable
2,1428.04,4278.76,metrica:Home:12,metrica:Home,metrica:Away,complete_ten_defenders_unavailable
2,1428.04,4278.76,metrica:Home:13,metrica:Home,metrica:Away,attacker_exposure_unavailable
2,1428.04,4278.76,metrica:Home:14,metrica:Home,metrica:Away,attacker_exposure_unavailable
2,1428.04,4278.76,metrica:Home:2,metrica:Home,metrica:Away,complete_ten_defenders_unavailable
2,1428.04,4278.76,metrica:Home:3,metrica:Home,metrica:Away,attacker_exposure_unavailable
2,1428.04,4278.76,metrica:Home:4,metrica:Home,metrica:Away,complete_ten_defenders_unavailable
2,1428.04,4278.76,metrica:Home:5,metrica:Home,metrica:Away,complete_ten_defenders_unavailable
2,1428.04,4278.76,metrica:Home:6,metrica:Home,metrica:Away,complete_ten_defenders_unavailable
2,1428.04,4278.76,metrica:Home:7,metrica:Home,metrica:Away,complete_ten_defenders_unavailable
2,1428.04,4278.76,metrica:Home:8,metrica:Home,metrica:Away,complete_ten_defenders_unavailable
2,1428.04,4278.76,metrica:Home:9,metrica:Home,metrica:Away,complete_ten_defenders_unavailable
2,1432.04,4282.76,metrica:Home:1,metrica:Home,metrica:Away,attacker_exposure_unavailable
2,1432.04,4282.76,metrica:Home:13,metrica:Home,metrica:Away,attacker_exposure_unavailable
2,1432.04,4282.76,metrica:Home:14,metrica:Home,metrica:Away,attacker_exposure_unavailable
2,1432.04,4282.76,metrica:Home:3,metrica:Home,metrica:Away,attacker_exposure_unavailable
2,1436.04,4286.76,metrica:Home:1,metrica:Home,metrica:Away,attacker_exposure_unavailable
2,1436.04,4286.76,metrica:Home:13,metrica:Home,metrica:Away,attacker_exposure_unavailable
2,1436.04,4286.76,metrica:Home:14,metrica:Home,metrica:Away,attacker_exposure_unavailable
2,1436.04,4286.76,metrica:Home:3,metrica:Home,metrica:Away,attacker_exposure_unavailable
2,1440.04,4290.76,metrica:Home:1,metrica:Home,metrica:Away,restart_or_ball_out_primary_span
2,1440.04,4290.76,metrica:Home:10,metrica:Home,metrica:Away,restart_or_ball_out_primary_span
2,1440.04,4290.76,metrica:Home:12,metrica:Home,metrica:Away,restart_or_ball_out_primary_span
2,1440.04,4290.76,metrica:Home:13,metrica:Home,metrica:Away,restart_or_ball_out_primary_span
2,1440.04,4290.76,metrica:Home:14,metrica:Home,metrica:Away,restart_or_ball_out_primary_span
2,1440.04,4290.76,metrica:Home:2,metrica:Home,metrica:Away,restart_or_ball_out_primary_span
2,1440.04,4290.76,metrica:Home:3,metrica:Home,metrica:Away,restart_or_ball_out_primary_span
2,1440.04,4290.76,metrica:Home:4,metrica:Home,metrica:Away,restart_or_ball_out_primary_span
2,1440.04,4290.76,metrica:Home:5,metrica:Home,metrica:Away,restart_or_ball_out_primary_span
2,1440.04,4290.76,metrica:Home:6,metrica:Home,metrica:Away,restart_or_ball_out_primary_span
2,1440.04,4290.76,metrica:Home:7,metrica:Home,metrica:Away,restart_or_ball_out_primary_span
2,1440.04,4290.76,metrica:Home:8,metrica:Home,metrica:Away,restart_or_ball_out_primary_span
2,1440.04,4290.76,metrica:Home:9,metrica:Home,metrica:Away,restart_or_ball_out_primary_span
2,1444.04,4294.76,metrica:Home:1,metrica:Home,metrica:Away,attacker_exposure_unavailable
2,1444.04,4294.76,metrica:Home:13,metrica:Home,metrica:Away,attacker_exposure_unavailable
2,1444.04,4294.76,metrica:Home:14,metrica:Home,metrica:Away,attacker_exposure_unavailable
2,1444.04,4294.76,metrica:Home:3,metrica:Home,metrica:Away,attacker_exposure_unavailable
2,1448.04,4298.76,metrica:Home:1,metrica:Home,metrica:Away,attacker_exposure_unavailable
2,1448.04,4298.76,metrica:Home:13,metrica:Home,metrica:Away,attacker_exposure_unavailable
2,1448.04,4298.76,metrica:Home:14,metrica:Home,metrica:Away,attacker_exposure_unavailable
2,1448.04,4298.76,metrica:Home:3,metrica:Home,metrica:Away,attacker_exposure_unavailable
2,1452.04,4302.76,metrica:Home:1,metrica:Home,metrica:Away,attacker_exposure_unavailable
2,1452.04,4302.76,metrica:Home:13,metrica:Home,metrica:Away,attacker_exposure_unavailable
2,1452.04,4302.76,metrica:Home:14,metrica:Home,metrica:Away,attacker_exposure_unavailable
2,1452.04,4302.76,metrica:Home:3,metrica:Home,metrica:Away,attacker_exposure_unavailable
2,1456.04,4306.76,metrica:Home:1,metrica:Home,metrica:Away,attacker_exposure_unavailable
2,1456.04,4306.76,metrica:Home:13,metrica:Home,metrica:Away,attacker_exposure_unavailable
2,1456.04,4306.76,metrica:Home:14,metrica:Home,metrica:Away,attacker_exposure_unavailable
2,1456.04,4306.76,metrica:Home:3,metrica:Home,metrica:Away,attacker_exposure_unavailable
2,1460.04,4310.76,metrica:Away:15,metrica:Away,metrica:Home,complete_ten_defenders_unavailable
2,1460.04,4310.76,metrica:Away:16,metrica:Away,metrica:Home,complete_ten_defenders_unavailable
2,1460.04,4310.76,metrica:Away:17,metrica:Away,metrica:Home,complete_ten_defenders_unavailable
2,1460.04,4310.76,metrica:Away:18,metrica:Away,metrica:Home,complete_ten_defenders_unavailable
2,1460.04,4310.76,metrica:Away:19,metrica:Away,metrica:Home,complete_ten_defenders_unavailable
2,1460.04,4310.76,metrica:Away:20,metrica:Away,metrica:Home,complete_ten_defenders_unavailable
2,1460.04,4310.76,metrica:Away:21,metrica:Away,metrica:Home,complete_ten_defenders_unavailable
2,1460.04,4310.76,metrica:Away:22,metrica:Away,metrica:Home,attacker_exposure_unavailable
2,1460.04,4310.76,metrica:Away:23,metrica:Away,metrica:Home,complete_ten_defenders_unavailable
2,1460.04,4310.76,metrica:Away:24,metrica:Away,metrica:Home,attacker_exposure_unavailable
2,1460.04,4310.76,metrica:Away:26,metrica:Away,metrica:Home,complete_ten_defenders_unavailable
2,1460.04,4310.76,metrica:Away:27,metrica:Away,metrica:Home,complete_ten_defenders_unavailable
2,1460.04,4310.76,metrica:Away:28,metrica:Away,metrica:Home,attacker_exposure_unavailable
2,1464.04,4314.76,metrica:Away:15,metrica:Away,metrica:Home,complete_ten_defenders_unavailable
2,1464.04,4314.76,metrica:Away:16,metrica:Away,metrica:Home,complete_ten_defenders_unavailable
2,1464.04,4314.76,metrica:Away:17,metrica:Away,metrica:Home,complete_ten_defenders_unavailable
2,1464.04,4314.76,metrica:Away:18,metrica:Away,metrica:Home,complete_ten_defenders_unavailable
2,1464.04,4314.76,metrica:Away:19,metrica:Away,metrica:Home,complete_ten_defenders_unavailable
2,1464.04,4314.76,metrica:Away:20,metrica:Away,metrica:Home,complete_ten_defenders_unavailable
2,1464.04,4314.76,metrica:Away:21,metrica:Away,metrica:Home,complete_ten_defenders_unavailable
2,1464.04,4314.76,metrica:Away:22,metrica:Away,metrica:Home,attacker_exposure_unavailable
2,1464.04,4314.76,metrica:Away:23,metrica:Away,metrica:Home,complete_ten_defenders_unavailable
2,1464.04,4314.76,metrica:Away:24,metrica:Away,metrica:Home,attacker_exposure_unavailable
2,1464.04,4314.76,metrica:Away:26,metrica:Away,metrica:Home,complete_ten_defenders_unavailable
2,1464.04,4314.76,metrica:Away:27,metrica:Away,metrica:Home,complete_ten_defenders_unavailable
2,1464.04,4314.76,metrica:Away:28,metrica:Away,metrica:Home,attacker_exposure_unavailable
2,1468.04,4318.76,metrica:Home:1,metrica:Home,metrica:Away,attacker_exposure_unavailable
2,1468.04,4318.76,metrica:Home:13,metrica:Home,metrica:Away,attacker_exposure_unavailable
2,1468.04,4318.76,metrica:Home:14,metrica:Home,metrica:Away,attacker_exposure_unavailable
2,1468.04,4318.76,metrica:Home:3,metrica:Home,metrica:Away,attacker_exposure_unavailable
2,1472.04,4322.76,metrica:Home:1,metrica:Home,metrica:Away,attacker_exposure_unavailable
2,1472.04,4322.76,metrica:Home:13,metrica:Home,metrica:Away,attacker_exposure_unavailable
2,1472.04,4322.76,metrica:Home:14,metrica:Home,metrica:Away,attacker_exposure_unavailable
2,1472.04,4322.76,metrica:Home:3,metrica:Home,metrica:Away,attacker_exposure_unavailable
2,1476.04,4326.76,metrica:Home:1,metrica:Home,metrica:Away,attacker_exposure_unavailable
2,1476.04,4326.76,metrica:Home:13,metrica:Home,metrica:Away,attacker_exposure_unavailable
2,1476.04,4326.76,metrica:Home:14,metrica:Home,metrica:Away,attacker_exposure_unavailable
2,1476.04,4326.76,metrica:Home:3,metrica:Home,metrica:Away,attacker_exposure_unavailable
2,1480.04,4330.76,metrica:Away:15,metrica:Away,metrica:Home,complete_ten_defenders_unavailable
2,1480.04,4330.76,metrica:Away:16,metrica:Away,metrica:Home,complete_ten_defenders_unavailable
2,1480.04,4330.76,metrica:Away:17,metrica:Away,metrica:Home,complete_ten_defenders_unavailable
2,1480.04,4330.76,metrica:Away:18,metrica:Away,metrica:Home,complete_ten_defenders_unavailable
2,1480.04,4330.76,metrica:Away:19,metrica:Away,metrica:Home,complete_ten_defenders_unavailable
2,1480.04,4330.76,metrica:Away:20,metrica:Away,metrica:Home,complete_ten_defenders_unavailable
2,1480.04,4330.76,metrica:Away:21,metrica:Away,metrica:Home,complete_ten_defenders_unavailable
2,1480.04,4330.76,metrica:Away:22,metrica:Away,metrica:Home,attacker_exposure_unavailable
2,1480.04,4330.76,metrica:Away:23,metrica:Away,metrica:Home,complete_ten_defenders_unavailable
2,1480.04,4330.76,metrica:Away:24,metrica:Away,metrica:Home,attacker_exposure_unavailable
2,1480.04,4330.76,metrica:Away:26,metrica:Away,metrica:Home,complete_ten_defenders_unavailable
2,1480.04,4330.76,metrica:Away:27,metrica:Away,metrica:Home,complete_ten_defenders_unavailable
2,1480.04,4330.76,metrica:Away:28,metrica:Away,metrica:Home,attacker_exposure_unavailable
2,1484.04,4334.76,metrica:Away:15,metrica:Away,metrica:Home,complete_ten_defenders_unavailable
2,1484.04,4334.76,metrica:Away:16,metrica:Away,metrica:Home,complete_ten_defenders_unavailable
2,1484.04,4334.76,metrica:Away:17,metrica:Away,metrica:Home,complete_ten_defenders_unavailable
2,1484.04,4334.76,metrica:Away:18,metrica:Away,metrica:Home,complete_ten_defenders_unavailable
2,1484.04,4334.76,metrica:Away:19,metrica:Away,metrica:Home,complete_ten_defenders_unavailable
2,1484.04,4334.76,metrica:Away:20,metrica:Away,metrica:Home,complete_ten_defenders_unavailable
2,1484.04,4334.76,metrica:Away:21,metrica:Away,metrica:Home,complete_ten_defenders_unavailable
2,1484.04,4334.76,metrica:Away:22,metrica:Away,metrica:Home,attacker_exposure_unavailable
2,1484.04,4334.76,metrica:Away:23,metrica:Away,metrica:Home,complete_ten_defenders_unavailable
2,1484.04,4334.76,metrica:Away:24,metrica:Away,metrica:Home,attacker_exposure_unavailable
2,1484.04,4334.76,metrica:Away:26,metrica:Away,metrica:Home,complete_ten_defenders_unavailable
2,1484.04,4334.76,metrica:Away:27,metrica:Away,metrica:Home,complete_ten_defenders_unavailable
2,1484.04,4334.76,metrica:Away:28,metrica:Away,metrica:Home,attacker_exposure_unavailable
2,1488.04,4338.76,metrica:Away:15,metrica:Away,metrica:Home,complete_ten_defenders_unavailable
2,1488.04,4338.76,metrica:Away:16,metrica:Away,metrica:Home,complete_ten_defenders_unavailable
2,1488.04,4338.76,metrica:Away:17,metrica:Away,metrica:Home,complete_ten_defenders_unavailable
2,1488.04,4338.76,metrica:Away:18,metrica:Away,metrica:Home,complete_ten_defenders_unavailable
2,1488.04,4338.76,metrica:Away:19,metrica:Away,metrica:Home,complete_ten_defenders_unavailable
2,1488.04,4338.76,metrica:Away:20,metrica:Away,metrica:Home,complete_ten_defenders_unavailable
2,1488.04,4338.76,metrica:Away:21,metrica:Away,metrica:Home,complete_ten_defenders_unavailable
2,1488.04,4338.76,metrica:Away:22,metrica:Away,metrica:Home,attacker_exposure_unavailable
2,1488.04,4338.76,metrica:Away:23,metrica:Away,metrica:Home,complete_ten_defenders_unavailable
2,1488.04,4338.76,metrica:Away:24,metrica:Away,metrica:Home,attacker_exposure_unavailable
2,1488.04,4338.76,metrica:Away:26,metrica:Away,metrica:Home,complete_ten_defenders_unavailable
2,1488.04,4338.76,metrica:Away:27,metrica:Away,metrica:Home,complete_ten_defenders_unavailable
2,1488.04,4338.76,metrica:Away:28,metrica:Away,metrica:Home,attacker_exposure_unavailable
2,1492.04,4342.76,metrica:Away:15,metrica:Away,metrica:Home,complete_ten_defenders_unavailable
2,1492.04,4342.76,metrica:Away:16,metrica:Away,metrica:Home,complete_ten_defenders_unavailable
2,1492.04,4342.76,metrica:Away:17,metrica:Away,metrica:Home,complete_ten_defenders_unavailable
2,1492.04,4342.76,metrica:Away:18,metrica:Away,metrica:Home,complete_ten_defenders_unavailable
2,1492.04,4342.76,metrica:Away:19,metrica:Away,metrica:Home,complete_ten_defenders_unavailable
2,1492.04,4342.76,metrica:Away:20,metrica:Away,metrica:Home,complete_ten_defenders_unavailable
2,1492.04,4342.76,metrica:Away:21,metrica:Away,metrica:Home,complete_ten_defenders_unavailable
2,1492.04,4342.76,metrica:Away:22,metrica:Away,metrica:Home,attacker_exposure_unavailable
2,1492.04,4342.76,metrica:Away:23,metrica:Away,metrica:Home,complete_ten_defenders_unavailable
2,1492.04,4342.76,metrica:Away:24,metrica:Away,metrica:Home,attacker_exposure_unavailable
2,1492.04,4342.76,metrica:Away:26,metrica:Away,metrica:Home,complete_ten_defenders_unavailable
2,1492.04,4342.76,metrica:Away:27,metrica:Away,metrica:Home,complete_ten_defenders_unavailable
2,1492.04,4342.76,metrica:Away:28,metrica:Away,metrica:Home,attacker_exposure_unavailable
2,1496.04,4346.76,metrica:Home:1,metrica:Home,metrica:Away,attacker_exposure_unavailable
2,1496.04,4346.76,metrica:Home:13,metrica:Home,metrica:Away,attacker_exposure_unavailable
2,1496.04,4346.76,metrica:Home:14,metrica:Home,metrica:Away,attacker_exposure_unavailable
2,1496.04,4346.76,metrica:Home:3,metrica:Home,metrica:Away,attacker_exposure_unavailable
2,1500.04,4350.76,metrica:Home:1,metrica:Home,metrica:Away,attacker_exposure_unavailable
2,1500.04,4350.76,metrica:Home:13,metrica:Home,metrica:Away,attacker_exposure_unavailable
2,1500.04,4350.76,metrica:Home:14,metrica:Home,metrica:Away,attacker_exposure_unavailable
2,1500.04,4350.76,metrica:Home:3,metrica:Home,metrica:Away,attacker_exposure_unavailable
2,1504.04,4354.76,metrica:Home:1,metrica:Home,metrica:Away,attacker_exposure_unavailable
2,1504.04,4354.76,metrica:Home:13,metrica:Home,metrica:Away,attacker_exposure_unavailable
2,1504.04,4354.76,metrica:Home:14,metrica:Home,metrica:Away,attacker_exposure_unavailable
2,1504.04,4354.76,metrica:Home:3,metrica:Home,metrica:Away,attacker_exposure_unavailable
2,1508.04,4358.76,metrica:Home:1,metrica:Home,metrica:Away,attacker_exposure_unavailable
2,1508.04,4358.76,metrica:Home:13,metrica:Home,metrica:Away,attacker_exposure_unavailable
2,1508.04,4358.76,metrica:Home:14,metrica:Home,metrica:Away,attacker_exposure_unavailable
2,1508.04,4358.76,metrica:Home:3,metrica:Home,metrica:Away,attacker_exposure_unavailable
2,1512.04,4362.76,metrica:Home:1,metrica:Home,metrica:Away,attacker_exposure_unavailable
2,1512.04,4362.76,metrica:Home:13,metrica:Home,metrica:Away,attacker_exposure_unavailable
2,1512.04,4362.76,metrica:Home:14,metrica:Home,metrica:Away,attacker_exposure_unavailable
2,1512.04,4362.76,metrica:Home:3,metrica:Home,metrica:Away,attacker_exposure_unavailable
2,1516.04,4366.76,metrica:Away:15,metrica:Away,metrica:Home,complete_ten_defenders_unavailable
2,1516.04,4366.76,metrica:Away:16,metrica:Away,metrica:Home,complete_ten_defenders_unavailable
2,1516.04,4366.76,metrica:Away:17,metrica:Away,metrica:Home,complete_ten_defenders_unavailable
2,1516.04,4366.76,metrica:Away:18,metrica:Away,metrica:Home,complete_ten_defenders_unavailable
2,1516.04,4366.76,metrica:Away:19,metrica:Away,metrica:Home,complete_ten_defenders_unavailable
2,1516.04,4366.76,metrica:Away:20,metrica:Away,metrica:Home,complete_ten_defenders_unavailable
2,1516.04,4366.76,metrica:Away:21,metrica:Away,metrica:Home,complete_ten_defenders_unavailable
2,1516.04,4366.76,metrica:Away:22,metrica:Away,metrica:Home,attacker_exposure_unavailable
2,1516.04,4366.76,metrica:Away:23,metrica:Away,metrica:Home,complete_ten_defenders_unavailable
2,1516.04,4366.76,metrica:Away:24,metrica:Away,metrica:Home,attacker_exposure_unavailable
2,1516.04,4366.76,metrica:Away:26,metrica:Away,metrica:Home,complete_ten_defenders_unavailable
2,1516.04,4366.76,metrica:Away:27,metrica:Away,metrica:Home,complete_ten_defenders_unavailable
2,1516.04,4366.76,metrica:Away:28,metrica:Away,metrica:Home,attacker_exposure_unavailable
2,1520.04,4370.76,metrica:Away:15,metrica:Away,metrica:Home,complete_ten_defenders_unavailable
2,1520.04,4370.76,metrica:Away:16,metrica:Away,metrica:Home,complete_ten_defenders_unavailable
2,1520.04,4370.76,metrica:Away:17,metrica:Away,metrica:Home,complete_ten_defenders_unavailable
2,1520.04,4370.76,metrica:Away:18,metrica:Away,metrica:Home,complete_ten_defenders_unavailable
2,1520.04,4370.76,metrica:Away:19,metrica:Away,metrica:Home,complete_ten_defenders_unavailable
2,1520.04,4370.76,metrica:Away:20,metrica:Away,metrica:Home,complete_ten_defenders_unavailable
2,1520.04,4370.76,metrica:Away:21,metrica:Away,metrica:Home,complete_ten_defenders_unavailable
2,1520.04,4370.76,metrica:Away:22,metrica:Away,metrica:Home,attacker_exposure_unavailable
2,1520.04,4370.76,metrica:Away:23,metrica:Away,metrica:Home,complete_ten_defenders_unavailable
2,1520.04,4370.76,metrica:Away:24,metrica:Away,metrica:Home,attacker_exposure_unavailable
2,1520.04,4370.76,metrica:Away:26,metrica:Away,metrica:Home,complete_ten_defenders_unavailable
2,1520.04,4370.76,metrica:Away:27,metrica:Away,metrica:Home,complete_ten_defenders_unavailable
2,1520.04,4370.76,metrica:Away:28,metrica:Away,metrica:Home,attacker_exposure_unavailable
2,1524.04,4374.76,metrica:Away:15,metrica:Away,metrica:Home,complete_ten_defenders_unavailable
2,1524.04,4374.76,metrica:Away:16,metrica:Away,metrica:Home,complete_ten_defenders_unavailable
2,1524.04,4374.76,metrica:Away:17,metrica:Away,metrica:Home,complete_ten_defenders_unavailable
2,1524.04,4374.76,metrica:Away:18,metrica:Away,metrica:Home,complete_ten_defenders_unavailable
2,1524.04,4374.76,metrica:Away:19,metrica:Away,metrica:Home,complete_ten_defenders_unavailable
2,1524.04,4374.76,metrica:Away:20,metrica:Away,metrica:Home,complete_ten_defenders_unavailable
2,1524.04,4374.76,metrica:Away:21,metrica:Away,metrica:Home,complete_ten_defenders_unavailable
2,1524.04,4374.76,metrica:Away:22,metrica:Away,metrica:Home,attacker_exposure_unavailable
2,1524.04,4374.76,metrica:Away:23,metrica:Away,metrica:Home,complete_ten_defenders_unavailable
2,1524.04,4374.76,metrica:Away:24,metrica:Away,metrica:Home,attacker_exposure_unavailable
2,1524.04,4374.76,metrica:Away:26,metrica:Away,metrica:Home,complete_ten_defenders_unavailable
2,1524.04,4374.76,metrica:Away:27,metrica:Away,metrica:Home,complete_ten_defenders_unavailable
2,1524.04,4374.76,metrica:Away:28,metrica:Away,metrica:Home,attacker_exposure_unavailable
2,1528.04,4378.76,metrica:Away:15,metrica:Away,metrica:Home,complete_ten_defenders_unavailable
2,1528.04,4378.76,metrica:Away:16,metrica:Away,metrica:Home,complete_ten_defenders_unavailable
2,1528.04,4378.76,metrica:Away:17,metrica:Away,metrica:Home,complete_ten_defenders_unavailable
2,1528.04,4378.76,metrica:Away:18,metrica:Away,metrica:Home,complete_ten_defenders_unavailable
2,1528.04,4378.76,metrica:Away:19,metrica:Away,metrica:Home,complete_ten_defenders_unavailable
2,1528.04,4378.76,metrica:Away:20,metrica:Away,metrica:Home,complete_ten_defenders_unavailable
2,1528.04,4378.76,metrica:Away:21,metrica:Away,metrica:Home,complete_ten_defenders_unavailable
2,1528.04,4378.76,metrica:Away:22,metrica:Away,metrica:Home,attacker_exposure_unavailable
2,1528.04,4378.76,metrica:Away:23,metrica:Away,metrica:Home,complete_ten_defenders_unavailable
2,1528.04,4378.76,metrica:Away:24,metrica:Away,metrica:Home,attacker_exposure_unavailable
2,1528.04,4378.76,metrica:Away:26,metrica:Away,metrica:Home,complete_ten_defenders_unavailable
2,1528.04,4378.76,metrica:Away:27,metrica:Away,metrica:Home,complete_ten_defenders_unavailable
2,1528.04,4378.76,metrica:Away:28,metrica:Away,metrica:Home,attacker_exposure_unavailable
2,1532.04,4382.76,metrica:Away:15,metrica:Away,metrica:Home,complete_ten_defenders_unavailable
2,1532.04,4382.76,metrica:Away:16,metrica:Away,metrica:Home,complete_ten_defenders_unavailable
2,1532.04,4382.76,metrica:Away:17,metrica:Away,metrica:Home,complete_ten_defenders_unavailable
2,1532.04,4382.76,metrica:Away:18,metrica:Away,metrica:Home,complete_ten_defenders_unavailable
2,1532.04,4382.76,metrica:Away:19,metrica:Away,metrica:Home,complete_ten_defenders_unavailable
2,1532.04,4382.76,metrica:Away:20,metrica:Away,metrica:Home,complete_ten_defenders_unavailable
2,1532.04,4382.76,metrica:Away:21,metrica:Away,metrica:Home,complete_ten_defenders_unavailable
2,1532.04,4382.76,metrica:Away:22,metrica:Away,metrica:Home,attacker_exposure_unavailable
2,1532.04,4382.76,metrica:Away:23,metrica:Away,metrica:Home,complete_ten_defenders_unavailable
2,1532.04,4382.76,metrica:Away:24,metrica:Away,metrica:Home,attacker_exposure_unavailable
2,1532.04,4382.76,metrica:Away:26,metrica:Away,metrica:Home,complete_ten_defenders_unavailable
2,1532.04,4382.76,metrica:Away:27,metrica:Away,metrica:Home,complete_ten_defenders_unavailable
2,1532.04,4382.76,metrica:Away:28,metrica:Away,metrica:Home,attacker_exposure_unavailable
2,1536.04,4386.76,metrica:Away:15,metrica:Away,metrica:Home,complete_ten_defenders_unavailable
2,1536.04,4386.76,metrica:Away:16,metrica:Away,metrica:Home,complete_ten_defenders_unavailable
2,1536.04,4386.76,metrica:Away:17,metrica:Away,metrica:Home,complete_ten_defenders_unavailable
2,1536.04,4386.76,metrica:Away:18,metrica:Away,metrica:Home,complete_ten_defenders_unavailable
2,1536.04,4386.76,metrica:Away:19,metrica:Away,metrica:Home,complete_ten_defenders_unavailable
2,1536.04,4386.76,metrica:Away:20,metrica:Away,metrica:Home,complete_ten_defenders_unavailable
2,1536.04,4386.76,metrica:Away:21,metrica:Away,metrica:Home,complete_ten_defenders_unavailable
2,1536.04,4386.76,metrica:Away:22,metrica:Away,metrica:Home,attacker_exposure_unavailable
2,1536.04,4386.76,metrica:Away:23,metrica:Away,metrica:Home,complete_ten_defenders_unavailable
2,1536.04,4386.76,metrica:Away:24,metrica:Away,metrica:Home,attacker_exposure_unavailable
2,1536.04,4386.76,metrica:Away:26,metrica:Away,metrica:Home,complete_ten_defenders_unavailable
2,1536.04,4386.76,metrica:Away:27,metrica:Away,metrica:Home,complete_ten_defenders_unavailable
2,1536.04,4386.76,metrica:Away:28,metrica:Away,metrica:Home,attacker_exposure_unavailable
2,1540.04,4390.76,metrica:Away:15,metrica:Away,metrica:Home,complete_ten_defenders_unavailable
2,1540.04,4390.76,metrica:Away:16,metrica:Away,metrica:Home,complete_ten_defenders_unavailable
2,1540.04,4390.76,metrica:Away:17,metrica:Away,metrica:Home,complete_ten_defenders_unavailable
2,1540.04,4390.76,metrica:Away:18,metrica:Away,metrica:Home,complete_ten_defenders_unavailable
2,1540.04,4390.76,metrica:Away:19,metrica:Away,metrica:Home,complete_ten_defenders_unavailable
2,1540.04,4390.76,metrica:Away:20,metrica:Away,metrica:Home,complete_ten_defenders_unavailable
2,1540.04,4390.76,metrica:Away:21,metrica:Away,metrica:Home,complete_ten_defenders_unavailable
2,1540.04,4390.76,metrica:Away:22,metrica:Away,metrica:Home,attacker_exposure_unavailable
2,1540.04,4390.76,metrica:Away:23,metrica:Away,metrica:Home,complete_ten_defenders_unavailable
2,1540.04,4390.76,metrica:Away:24,metrica:Away,metrica:Home,attacker_exposure_unavailable
2,1540.04,4390.76,metrica:Away:26,metrica:Away,metrica:Home,complete_ten_defenders_unavailable
2,1540.04,4390.76,metrica:Away:27,metrica:Away,metrica:Home,complete_ten_defenders_unavailable
2,1540.04,4390.76,metrica:Away:28,metrica:Away,metrica:Home,attacker_exposure_unavailable
2,1544.04,4394.76,metrica:Home:1,metrica:Home,metrica:Away,attacker_exposure_unavailable
2,1544.04,4394.76,metrica:Home:13,metrica:Home,metrica:Away,attacker_exposure_unavailable
2,1544.04,4394.76,metrica:Home:14,metrica:Home,metrica:Away,attacker_exposure_unavailable
2,1544.04,4394.76,metrica:Home:3,metrica:Home,metrica:Away,attacker_exposure_unavailable
2,1548.04,4398.76,metrica:Home:1,metrica:Home,metrica:Away,attacker_exposure_unavailable
2,1548.04,4398.76,metrica:Home:13,metrica:Home,metrica:Away,attacker_exposure_unavailable
2,1548.04,4398.76,metrica:Home:14,metrica:Home,metrica:Away,attacker_exposure_unavailable
2,1548.04,4398.76,metrica:Home:3,metrica:Home,metrica:Away,attacker_exposure_unavailable
2,1552.04,4402.76,metrica:Home:1,metrica:Home,metrica:Away,attacker_exposure_unavailable
2,1552.04,4402.76,metrica:Home:13,metrica:Home,metrica:Away,attacker_exposure_unavailable
2,1552.04,4402.76,metrica:Home:14,metrica:Home,metrica:Away,attacker_exposure_unavailable
2,1552.04,4402.76,metrica:Home:3,metrica:Home,metrica:Away,attacker_exposure_unavailable
2,1556.04,4406.76,metrica:Home:1,metrica:Home,metrica:Away,attacker_exposure_unavailable
2,1556.04,4406.76,metrica:Home:13,metrica:Home,metrica:Away,attacker_exposure_unavailable
2,1556.04,4406.76,metrica:Home:14,metrica:Home,metrica:Away,attacker_exposure_unavailable
2,1556.04,4406.76,metrica:Home:3,metrica:Home,metrica:Away,attacker_exposure_unavailable
2,1560.04,4410.76,metrica:Home:1,metrica:Home,metrica:Away,attacker_exposure_unavailable
2,1560.04,4410.76,metrica:Home:13,metrica:Home,metrica:Away,attacker_exposure_unavailable
2,1560.04,4410.76,metrica:Home:14,metrica:Home,metrica:Away,attacker_exposure_unavailable
2,1560.04,4410.76,metrica:Home:3,metrica:Home,metrica:Away,attacker_exposure_unavailable
2,1564.04,4414.76,metrica:Home:1,metrica:Home,metrica:Away,attacker_exposure_unavailable
2,1564.04,4414.76,metrica:Home:13,metrica:Home,metrica:Away,attacker_exposure_unavailable
2,1564.04,4414.76,metrica:Home:14,metrica:Home,metrica:Away,attacker_exposure_unavailable
2,1564.04,4414.76,metrica:Home:3,metrica:Home,metrica:Away,attacker_exposure_unavailable
2,1568.04,4418.76,metrica:Home:1,metrica:Home,metrica:Away,attacker_exposure_unavailable
2,1568.04,4418.76,metrica:Home:13,metrica:Home,metrica:Away,attacker_exposure_unavailable
2,1568.04,4418.76,metrica:Home:14,metrica:Home,metrica:Away,attacker_exposure_unavailable
2,1568.04,4418.76,metrica:Home:3,metrica:Home,metrica:Away,attacker_exposure_unavailable
2,1572.04,4422.76,metrica:Home:1,metrica:Home,metrica:Away,attacker_exposure_unavailable
2,1572.04,4422.76,metrica:Home:13,metrica:Home,metrica:Away,attacker_exposure_unavailable
2,1572.04,4422.76,metrica:Home:14,metrica:Home,metrica:Away,attacker_exposure_unavailable
2,1572.04,4422.76,metrica:Home:3,metrica:Home,metrica:Away,attacker_exposure_unavailable
2,1576.04,4426.76,metrica:Home:1,metrica:Home,metrica:Away,attacker_exposure_unavailable
2,1576.04,4426.76,metrica:Home:13,metrica:Home,metrica:Away,attacker_exposure_unavailable
2,1576.04,4426.76,metrica:Home:14,metrica:Home,metrica:Away,attacker_exposure_unavailable
2,1576.04,4426.76,metrica:Home:3,metrica:Home,metrica:Away,attacker_exposure_unavailable
2,1580.04,4430.76,metrica:Home:1,metrica:Home,metrica:Away,attacker_exposure_unavailable
2,1580.04,4430.76,metrica:Home:13,metrica:Home,metrica:Away,attacker_exposure_unavailable
2,1580.04,4430.76,metrica:Home:14,metrica:Home,metrica:Away,attacker_exposure_unavailable
2,1580.04,4430.76,metrica:Home:3,metrica:Home,metrica:Away,attacker_exposure_unavailable
2,1584.04,4434.76,metrica:Home:1,metrica:Home,metrica:Away,attacker_exposure_unavailable
2,1584.04,4434.76,metrica:Home:13,metrica:Home,metrica:Away,attacker_exposure_unavailable
2,1584.04,4434.76,metrica:Home:14,metrica:Home,metrica:Away,attacker_exposure_unavailable
2,1584.04,4434.76,metrica:Home:3,metrica:Home,metrica:Away,attacker_exposure_unavailable
2,1584.04,4434.76,metrica:Home:6,metrica:Home,metrica:Away,attacker_exposure_unavailable
2,1588.04,4438.76,metrica:Home:1,metrica:Home,metrica:Away,attacker_exposure_unavailable
2,1588.04,4438.76,metrica:Home:14,metrica:Home,metrica:Away,attacker_exposure_unavailable
2,1588.04,4438.76,metrica:Home:3,metrica:Home,metrica:Away,attacker_exposure_unavailable
2,1588.04,4438.76,metrica:Home:6,metrica:Home,metrica:Away,attacker_exposure_unavailable
2,1592.04,4442.76,metrica:Home:1,metrica:Home,metrica:Away,attacker_exposure_unavailable
2,1592.04,4442.76,metrica:Home:14,metrica:Home,metrica:Away,attacker_exposure_unavailable
2,1592.04,4442.76,metrica:Home:3,metrica:Home,metrica:Away,attacker_exposure_unavailable
2,1592.04,4442.76,metrica:Home:6,metrica:Home,metrica:Away,attacker_exposure_unavailable
2,1596.04,4446.76,metrica:Home:1,metrica:Home,metrica:Away,attacker_exposure_unavailable
2,1596.04,4446.76,metrica:Home:14,metrica:Home,metrica:Away,attacker_exposure_unavailable
2,1596.04,4446.76,metrica:Home:3,metrica:Home,metrica:Away,attacker_exposure_unavailable
2,1596.04,4446.76,metrica:Home:6,metrica:Home,metrica:Away,attacker_exposure_unavailable
2,1600.04,4450.76,metrica:Home:1,metrica:Home,metrica:Away,attacker_exposure_unavailable
2,1600.04,4450.76,metrica:Home:14,metrica:Home,metrica:Away,attacker_exposure_unavailable
2,1600.04,4450.76,metrica:Home:3,metrica:Home,metrica:Away,attacker_exposure_unavailable
2,1600.04,4450.76,metrica:Home:6,metrica:Home,metrica:Away,attacker_exposure_unavailable
2,1604.04,4454.76,metrica:Home:1,metrica:Home,metrica:Away,attacker_exposure_unavailable
2,1604.04,4454.76,metrica:Home:14,metrica:Home,metrica:Away,attacker_exposure_unavailable
2,1604.04,4454.76,metrica:Home:3,metrica:Home,metrica:Away,attacker_exposure_unavailable
2,1604.04,4454.76,metrica:Home:6,metrica:Home,metrica:Away,attacker_exposure_unavailable
2,1608.04,4458.76,metrica:Home:1,metrica:Home,metrica:Away,attacker_exposure_unavailable
2,1608.04,4458.76,metrica:Home:14,metrica:Home,metrica:Away,attacker_exposure_unavailable
2,1608.04,4458.76,metrica:Home:3,metrica:Home,metrica:Away,attacker_exposure_unavailable
2,1608.04,4458.76,metrica:Home:6,metrica:Home,metrica:Away,attacker_exposure_unavailable
2,1612.04,4462.76,metrica:Home:1,metrica:Home,metrica:Away,attacker_exposure_unavailable
2,1612.04,4462.76,metrica:Home:14,metrica:Home,metrica:Away,attacker_exposure_unavailable
2,1612.04,4462.76,metrica:Home:3,metrica:Home,metrica:Away,attacker_exposure_unavailable
2,1612.04,4462.76,metrica:Home:6,metrica:Home,metrica:Away,attacker_exposure_unavailable
2,1616.04,4466.76,metrica:Home:1,metrica:Home,metrica:Away,attacker_exposure_unavailable
2,1616.04,4466.76,metrica:Home:14,metrica:Home,metrica:Away,attacker_exposure_unavailable
2,1616.04,4466.76,metrica:Home:3,metrica:Home,metrica:Away,attacker_exposure_unavailable
2,1616.04,4466.76,metrica:Home:6,metrica:Home,metrica:Away,attacker_exposure_unavailable
2,1620.04,4470.76,metrica:Home:1,metrica:Home,metrica:Away,attacker_exposure_unavailable
2,1620.04,4470.76,metrica:Home:14,metrica:Home,metrica:Away,attacker_exposure_unavailable
2,1620.04,4470.76,metrica:Home:3,metrica:Home,metrica:Away,attacker_exposure_unavailable
2,1620.04,4470.76,metrica:Home:6,metrica:Home,metrica:Away,attacker_exposure_unavailable
2,1624.04,4474.76,metrica:Home:1,metrica:Home,metrica:Away,attacker_exposure_unavailable
2,1624.04,4474.76,metrica:Home:14,metrica:Home,metrica:Away,attacker_exposure_unavailable
2,1624.04,4474.76,metrica:Home:3,metrica:Home,metrica:Away,attacker_exposure_unavailable
2,1624.04,4474.76,metrica:Home:6,metrica:Home,metrica:Away,attacker_exposure_unavailable
2,1628.04,4478.76,metrica:Home:1,metrica:Home,metrica:Away,attacker_exposure_unavailable
2,1628.04,4478.76,metrica:Home:14,metrica:Home,metrica:Away,attacker_exposure_unavailable
2,1628.04,4478.76,metrica:Home:3,metrica:Home,metrica:Away,attacker_exposure_unavailable
2,1628.04,4478.76,metrica:Home:6,metrica:Home,metrica:Away,attacker_exposure_unavailable
2,1632.04,4482.76,metrica:Home:1,metrica:Home,metrica:Away,attacker_exposure_unavailable
2,1632.04,4482.76,metrica:Home:14,metrica:Home,metrica:Away,attacker_exposure_unavailable
2,1632.04,4482.76,metrica:Home:3,metrica:Home,metrica:Away,attacker_exposure_unavailable
2,1632.04,4482.76,metrica:Home:6,metrica:Home,metrica:Away,attacker_exposure_unavailable
2,1636.04,4486.76,metrica:Home:1,metrica:Home,metrica:Away,attacker_exposure_unavailable
2,1636.04,4486.76,metrica:Home:14,metrica:Home,metrica:Away,attacker_exposure_unavailable
2,1636.04,4486.76,metrica:Home:3,metrica:Home,metrica:Away,attacker_exposure_unavailable
2,1636.04,4486.76,metrica:Home:6,metrica:Home,metrica:Away,attacker_exposure_unavailable
2,1640.04,4490.76,metrica:Home:1,metrica:Home,metrica:Away,attacker_exposure_unavailable
2,1640.04,4490.76,metrica:Home:14,metrica:Home,metrica:Away,attacker_exposure_unavailable
2,1640.04,4490.76,metrica:Home:3,metrica:Home,metrica:Away,attacker_exposure_unavailable
2,1640.04,4490.76,metrica:Home:6,metrica:Home,metrica:Away,attacker_exposure_unavailable
2,1644.04,4494.76,metrica:Home:1,metrica:Home,metrica:Away,attacker_exposure_unavailable
2,1644.04,4494.76,metrica:Home:14,metrica:Home,metrica:Away,attacker_exposure_unavailable
2,1644.04,4494.76,metrica:Home:3,metrica:Home,metrica:Away,attacker_exposure_unavailable
2,1644.04,4494.76,metrica:Home:6,metrica:Home,metrica:Away,attacker_exposure_unavailable
2,1648.04,4498.76,metrica:Home:1,metrica:Home,metrica:Away,attacker_exposure_unavailable
2,1648.04,4498.76,metrica:Home:14,metrica:Home,metrica:Away,attacker_exposure_unavailable
2,1648.04,4498.76,metrica:Home:3,metrica:Home,metrica:Away,attacker_exposure_unavailable
2,1648.04,4498.76,metrica:Home:6,metrica:Home,metrica:Away,attacker_exposure_unavailable
2,1652.04,4502.76,metrica:Home:1,metrica:Home,metrica:Away,attacker_exposure_unavailable
2,1652.04,4502.76,metrica:Home:14,metrica:Home,metrica:Away,attacker_exposure_unavailable
2,1652.04,4502.76,metrica:Home:3,metrica:Home,metrica:Away,attacker_exposure_unavailable
2,1652.04,4502.76,metrica:Home:6,metrica:Home,metrica:Away,attacker_exposure_unavailable
2,1656.04,4506.76,metrica:Home:1,metrica:Home,metrica:Away,attacker_exposure_unavailable
2,1656.04,4506.76,metrica:Home:14,metrica:Home,metrica:Away,attacker_exposure_unavailable
2,1656.04,4506.76,metrica:Home:3,metrica:Home,metrica:Away,attacker_exposure_unavailable
2,1656.04,4506.76,metrica:Home:6,metrica:Home,metrica:Away,attacker_exposure_unavailable
2,1660.04,4510.76,metrica:Home:1,metrica:Home,metrica:Away,attacker_exposure_unavailable
2,1660.04,4510.76,metrica:Home:14,metrica:Home,metrica:Away,attacker_exposure_unavailable
2,1660.04,4510.76,metrica:Home:3,metrica:Home,metrica:Away,attacker_exposure_unavailable
2,1660.04,4510.76,metrica:Home:6,metrica:Home,metrica:Away,attacker_exposure_unavailable
2,1664.04,4514.76,metrica:Home:1,metrica:Home,metrica:Away,attacker_exposure_unavailable
2,1664.04,4514.76,metrica:Home:14,metrica:Home,metrica:Away,attacker_exposure_unavailable
2,1664.04,4514.76,metrica:Home:3,metrica:Home,metrica:Away,attacker_exposure_unavailable
2,1664.04,4514.76,metrica:Home:6,metrica:Home,metrica:Away,attacker_exposure_unavailable
2,1668.04,4518.76,metrica:Home:1,metrica:Home,metrica:Away,attacker_exposure_unavailable
2,1668.04,4518.76,metrica:Home:14,metrica:Home,metrica:Away,attacker_exposure_unavailable
2,1668.04,4518.76,metrica:Home:3,metrica:Home,metrica:Away,attacker_exposure_unavailable
2,1668.04,4518.76,metrica:Home:6,metrica:Home,metrica:Away,attacker_exposure_unavailable
2,1672.04,4522.76,metrica:Home:1,metrica:Home,metrica:Away,attacker_exposure_unavailable
2,1672.04,4522.76,metrica:Home:14,metrica:Home,metrica:Away,attacker_exposure_unavailable
2,1672.04,4522.76,metrica:Home:3,metrica:Home,metrica:Away,attacker_exposure_unavailable
2,1672.04,4522.76,metrica:Home:6,metrica:Home,metrica:Away,attacker_exposure_unavailable
2,1676.04,4526.76,metrica:Home:1,metrica:Home,metrica:Away,attacker_exposure_unavailable
2,1676.04,4526.76,metrica:Home:14,metrica:Home,metrica:Away,attacker_exposure_unavailable
2,1676.04,4526.76,metrica:Home:3,metrica:Home,metrica:Away,attacker_exposure_unavailable
2,1676.04,4526.76,metrica:Home:6,metrica:Home,metrica:Away,attacker_exposure_unavailable
2,1680.04,4530.76,metrica:Home:1,metrica:Home,metrica:Away,restart_or_ball_out_primary_span
2,1680.04,4530.76,metrica:Home:10,metrica:Home,metrica:Away,restart_or_ball_out_primary_span
2,1680.04,4530.76,metrica:Home:12,metrica:Home,metrica:Away,restart_or_ball_out_primary_span
2,1680.04,4530.76,metrica:Home:13,metrica:Home,metrica:Away,restart_or_ball_out_primary_span
2,1680.04,4530.76,metrica:Home:14,metrica:Home,metrica:Away,restart_or_ball_out_primary_span
2,1680.04,4530.76,metrica:Home:2,metrica:Home,metrica:Away,restart_or_ball_out_primary_span
2,1680.04,4530.76,metrica:Home:3,metrica:Home,metrica:Away,restart_or_ball_out_primary_span
2,1680.04,4530.76,metrica:Home:4,metrica:Home,metrica:Away,restart_or_ball_out_primary_span
2,1680.04,4530.76,metrica:Home:5,metrica:Home,metrica:Away,restart_or_ball_out_primary_span
2,1680.04,4530.76,metrica:Home:6,metrica:Home,metrica:Away,restart_or_ball_out_primary_span
2,1680.04,4530.76,metrica:Home:7,metrica:Home,metrica:Away,restart_or_ball_out_primary_span
2,1680.04,4530.76,metrica:Home:8,metrica:Home,metrica:Away,restart_or_ball_out_primary_span
2,1680.04,4530.76,metrica:Home:9,metrica:Home,metrica:Away,restart_or_ball_out_primary_span
2,1684.04,4534.76,metrica:Home:1,metrica:Home,metrica:Away,restart_or_ball_out_primary_span
2,1684.04,4534.76,metrica:Home:10,metrica:Home,metrica:Away,restart_or_ball_out_primary_span
2,1684.04,4534.76,metrica:Home:12,metrica:Home,metrica:Away,restart_or_ball_out_primary_span
2,1684.04,4534.76,metrica:Home:13,metrica:Home,metrica:Away,restart_or_ball_out_primary_span
2,1684.04,4534.76,metrica:Home:14,metrica:Home,metrica:Away,restart_or_ball_out_primary_span
2,1684.04,4534.76,metrica:Home:2,metrica:Home,metrica:Away,restart_or_ball_out_primary_span
2,1684.04,4534.76,metrica:Home:3,metrica:Home,metrica:Away,restart_or_ball_out_primary_span
2,1684.04,4534.76,metrica:Home:4,metrica:Home,metrica:Away,restart_or_ball_out_primary_span
2,1684.04,4534.76,metrica:Home:5,metrica:Home,metrica:Away,restart_or_ball_out_primary_span
2,1684.04,4534.76,metrica:Home:6,metrica:Home,metrica:Away,restart_or_ball_out_primary_span
2,1684.04,4534.76,metrica:Home:7,metrica:Home,metrica:Away,restart_or_ball_out_primary_span
2,1684.04,4534.76,metrica:Home:8,metrica:Home,metrica:Away,restart_or_ball_out_primary_span
2,1684.04,4534.76,metrica:Home:9,metrica:Home,metrica:Away,restart_or_ball_out_primary_span
2,1688.04,4538.76,metrica:Away:15,metrica:Away,metrica:Home,complete_ten_defenders_unavailable
2,1688.04,4538.76,metrica:Away:16,metrica:Away,metrica:Home,complete_ten_defenders_unavailable
2,1688.04,4538.76,metrica:Away:17,metrica:Away,metrica:Home,complete_ten_defenders_unavailable
2,1688.04,4538.76,metrica:Away:18,metrica:Away,metrica:Home,complete_ten_defenders_unavailable
2,1688.04,4538.76,metrica:Away:19,metrica:Away,metrica:Home,complete_ten_defenders_unavailable
2,1688.04,4538.76,metrica:Away:20,metrica:Away,metrica:Home,complete_ten_defenders_unavailable
2,1688.04,4538.76,metrica:Away:21,metrica:Away,metrica:Home,complete_ten_defenders_unavailable
2,1688.04,4538.76,metrica:Away:22,metrica:Away,metrica:Home,attacker_exposure_unavailable
2,1688.04,4538.76,metrica:Away:23,metrica:Away,metrica:Home,complete_ten_defenders_unavailable
2,1688.04,4538.76,metrica:Away:24,metrica:Away,metrica:Home,attacker_exposure_unavailable
2,1688.04,4538.76,metrica:Away:26,metrica:Away,metrica:Home,complete_ten_defenders_unavailable
2,1688.04,4538.76,metrica:Away:27,metrica:Away,metrica:Home,complete_ten_defenders_unavailable
2,1688.04,4538.76,metrica:Away:28,metrica:Away,metrica:Home,attacker_exposure_unavailable
2,1692.04,4542.76,metrica:Away:15,metrica:Away,metrica:Home,complete_ten_defenders_unavailable
2,1692.04,4542.76,metrica:Away:16,metrica:Away,metrica:Home,complete_ten_defenders_unavailable
2,1692.04,4542.76,metrica:Away:17,metrica:Away,metrica:Home,complete_ten_defenders_unavailable
2,1692.04,4542.76,metrica:Away:18,metrica:Away,metrica:Home,complete_ten_defenders_unavailable
2,1692.04,4542.76,metrica:Away:19,metrica:Away,metrica:Home,complete_ten_defenders_unavailable
2,1692.04,4542.76,metrica:Away:20,metrica:Away,metrica:Home,complete_ten_defenders_unavailable
2,1692.04,4542.76,metrica:Away:21,metrica:Away,metrica:Home,complete_ten_defenders_unavailable
2,1692.04,4542.76,metrica:Away:22,metrica:Away,metrica:Home,attacker_exposure_unavailable
2,1692.04,4542.76,metrica:Away:23,metrica:Away,metrica:Home,complete_ten_defenders_unavailable
2,1692.04,4542.76,metrica:Away:24,metrica:Away,metrica:Home,attacker_exposure_unavailable
2,1692.04,4542.76,metrica:Away:26,metrica:Away,metrica:Home,complete_ten_defenders_unavailable
2,1692.04,4542.76,metrica:Away:27,metrica:Away,metrica:Home,complete_ten_defenders_unavailable
2,1692.04,4542.76,metrica:Away:28,metrica:Away,metrica:Home,attacker_exposure_unavailable
2,1696.04,4546.76,metrica:Away:15,metrica:Away,metrica:Home,complete_ten_defenders_unavailable
2,1696.04,4546.76,metrica:Away:16,metrica:Away,metrica:Home,complete_ten_defenders_unavailable
2,1696.04,4546.76,metrica:Away:17,metrica:Away,metrica:Home,complete_ten_defenders_unavailable
2,1696.04,4546.76,metrica:Away:18,metrica:Away,metrica:Home,complete_ten_defenders_unavailable
2,1696.04,4546.76,metrica:Away:19,metrica:Away,metrica:Home,complete_ten_defenders_unavailable
2,1696.04,4546.76,metrica:Away:20,metrica:Away,metrica:Home,complete_ten_defenders_unavailable
2,1696.04,4546.76,metrica:Away:21,metrica:Away,metrica:Home,complete_ten_defenders_unavailable
2,1696.04,4546.76,metrica:Away:22,metrica:Away,metrica:Home,attacker_exposure_unavailable
2,1696.04,4546.76,metrica:Away:23,metrica:Away,metrica:Home,complete_ten_defenders_unavailable
2,1696.04,4546.76,metrica:Away:24,metrica:Away,metrica:Home,attacker_exposure_unavailable
2,1696.04,4546.76,metrica:Away:26,metrica:Away,metrica:Home,complete_ten_defenders_unavailable
2,1696.04,4546.76,metrica:Away:27,metrica:Away,metrica:Home,complete_ten_defenders_unavailable
2,1696.04,4546.76,metrica:Away:28,metrica:Away,metrica:Home,attacker_exposure_unavailable
2,1700.04,4550.76,metrica:Away:15,metrica:Away,metrica:Home,complete_ten_defenders_unavailable
2,1700.04,4550.76,metrica:Away:16,metrica:Away,metrica:Home,complete_ten_defenders_unavailable
2,1700.04,4550.76,metrica:Away:17,metrica:Away,metrica:Home,complete_ten_defenders_unavailable
2,1700.04,4550.76,metrica:Away:18,metrica:Away,metrica:Home,complete_ten_defenders_unavailable
2,1700.04,4550.76,metrica:Away:19,metrica:Away,metrica:Home,complete_ten_defenders_unavailable
2,1700.04,4550.76,metrica:Away:20,metrica:Away,metrica:Home,complete_ten_defenders_unavailable
2,1700.04,4550.76,metrica:Away:21,metrica:Away,metrica:Home,complete_ten_defenders_unavailable
2,1700.04,4550.76,metrica:Away:22,metrica:Away,metrica:Home,attacker_exposure_unavailable
2,1700.04,4550.76,metrica:Away:23,metrica:Away,metrica:Home,complete_ten_defenders_unavailable
2,1700.04,4550.76,metrica:Away:24,metrica:Away,metrica:Home,attacker_exposure_unavailable
2,1700.04,4550.76,metrica:Away:26,metrica:Away,metrica:Home,complete_ten_defenders_unavailable
2,1700.04,4550.76,metrica:Away:27,metrica:Away,metrica:Home,complete_ten_defenders_unavailable
2,1700.04,4550.76,metrica:Away:28,metrica:Away,metrica:Home,attacker_exposure_unavailable
2,1704.04,4554.76,metrica:Home:1,metrica:Home,metrica:Away,attacker_exposure_unavailable
2,1704.04,4554.76,metrica:Home:14,metrica:Home,metrica:Away,attacker_exposure_unavailable
2,1704.04,4554.76,metrica:Home:3,metrica:Home,metrica:Away,attacker_exposure_unavailable
2,1704.04,4554.76,metrica:Home:6,metrica:Home,metrica:Away,attacker_exposure_unavailable
2,1708.04,4558.76,metrica:Away:15,metrica:Away,metrica:Home,complete_ten_defenders_unavailable
2,1708.04,4558.76,metrica:Away:16,metrica:Away,metrica:Home,complete_ten_defenders_unavailable
2,1708.04,4558.76,metrica:Away:17,metrica:Away,metrica:Home,complete_ten_defenders_unavailable
2,1708.04,4558.76,metrica:Away:18,metrica:Away,metrica:Home,complete_ten_defenders_unavailable
2,1708.04,4558.76,metrica:Away:19,metrica:Away,metrica:Home,complete_ten_defenders_unavailable
2,1708.04,4558.76,metrica:Away:20,metrica:Away,metrica:Home,complete_ten_defenders_unavailable
2,1708.04,4558.76,metrica:Away:21,metrica:Away,metrica:Home,complete_ten_defenders_unavailable
2,1708.04,4558.76,metrica:Away:22,metrica:Away,metrica:Home,attacker_exposure_unavailable
2,1708.04,4558.76,metrica:Away:23,metrica:Away,metrica:Home,complete_ten_defenders_unavailable
2,1708.04,4558.76,metrica:Away:24,metrica:Away,metrica:Home,attacker_exposure_unavailable
2,1708.04,4558.76,metrica:Away:26,metrica:Away,metrica:Home,complete_ten_defenders_unavailable
2,1708.04,4558.76,metrica:Away:27,metrica:Away,metrica:Home,complete_ten_defenders_unavailable
2,1708.04,4558.76,metrica:Away:28,metrica:Away,metrica:Home,attacker_exposure_unavailable
2,1712.04,4562.76,metrica:Away:15,metrica:Away,metrica:Home,restart_or_ball_out_primary_span
2,1712.04,4562.76,metrica:Away:16,metrica:Away,metrica:Home,restart_or_ball_out_primary_span
2,1712.04,4562.76,metrica:Away:17,metrica:Away,metrica:Home,restart_or_ball_out_primary_span
2,1712.04,4562.76,metrica:Away:18,metrica:Away,metrica:Home,restart_or_ball_out_primary_span
2,1712.04,4562.76,metrica:Away:19,metrica:Away,metrica:Home,restart_or_ball_out_primary_span
2,1712.04,4562.76,metrica:Away:20,metrica:Away,metrica:Home,restart_or_ball_out_primary_span
2,1712.04,4562.76,metrica:Away:21,metrica:Away,metrica:Home,restart_or_ball_out_primary_span
2,1712.04,4562.76,metrica:Away:22,metrica:Away,metrica:Home,restart_or_ball_out_primary_span
2,1712.04,4562.76,metrica:Away:23,metrica:Away,metrica:Home,restart_or_ball_out_primary_span
2,1712.04,4562.76,metrica:Away:24,metrica:Away,metrica:Home,restart_or_ball_out_primary_span
2,1712.04,4562.76,metrica:Away:26,metrica:Away,metrica:Home,restart_or_ball_out_primary_span
2,1712.04,4562.76,metrica:Away:27,metrica:Away,metrica:Home,restart_or_ball_out_primary_span
2,1712.04,4562.76,metrica:Away:28,metrica:Away,metrica:Home,restart_or_ball_out_primary_span
2,1716.04,4566.76,metrica:Home:1,metrica:Home,metrica:Away,restart_or_ball_out_primary_span
2,1716.04,4566.76,metrica:Home:10,metrica:Home,metrica:Away,restart_or_ball_out_primary_span
2,1716.04,4566.76,metrica:Home:12,metrica:Home,metrica:Away,restart_or_ball_out_primary_span
2,1716.04,4566.76,metrica:Home:13,metrica:Home,metrica:Away,restart_or_ball_out_primary_span
2,1716.04,4566.76,metrica:Home:14,metrica:Home,metrica:Away,restart_or_ball_out_primary_span
2,1716.04,4566.76,metrica:Home:2,metrica:Home,metrica:Away,restart_or_ball_out_primary_span
2,1716.04,4566.76,metrica:Home:3,metrica:Home,metrica:Away,restart_or_ball_out_primary_span
2,1716.04,4566.76,metrica:Home:4,metrica:Home,metrica:Away,restart_or_ball_out_primary_span
2,1716.04,4566.76,metrica:Home:5,metrica:Home,metrica:Away,restart_or_ball_out_primary_span
2,1716.04,4566.76,metrica:Home:6,metrica:Home,metrica:Away,restart_or_ball_out_primary_span
2,1716.04,4566.76,metrica:Home:7,metrica:Home,metrica:Away,restart_or_ball_out_primary_span
2,1716.04,4566.76,metrica:Home:8,metrica:Home,metrica:Away,restart_or_ball_out_primary_span
2,1716.04,4566.76,metrica:Home:9,metrica:Home,metrica:Away,restart_or_ball_out_primary_span
2,1720.04,4570.76,metrica:Home:1,metrica:Home,metrica:Away,attacker_exposure_unavailable
2,1720.04,4570.76,metrica:Home:14,metrica:Home,metrica:Away,attacker_exposure_unavailable
2,1720.04,4570.76,metrica:Home:3,metrica:Home,metrica:Away,attacker_exposure_unavailable
2,1720.04,4570.76,metrica:Home:6,metrica:Home,metrica:Away,attacker_exposure_unavailable
2,1724.04,4574.76,metrica:Home:1,metrica:Home,metrica:Away,attacker_exposure_unavailable
2,1724.04,4574.76,metrica:Home:14,metrica:Home,metrica:Away,attacker_exposure_unavailable
2,1724.04,4574.76,metrica:Home:3,metrica:Home,metrica:Away,attacker_exposure_unavailable
2,1724.04,4574.76,metrica:Home:6,metrica:Home,metrica:Away,attacker_exposure_unavailable
2,1728.04,4578.76,metrica:Home:1,metrica:Home,metrica:Away,attacker_exposure_unavailable
2,1728.04,4578.76,metrica:Home:14,metrica:Home,metrica:Away,attacker_exposure_unavailable
2,1728.04,4578.76,metrica:Home:3,metrica:Home,metrica:Away,attacker_exposure_unavailable
2,1728.04,4578.76,metrica:Home:6,metrica:Home,metrica:Away,attacker_exposure_unavailable
2,1732.04,4582.76,metrica:Home:1,metrica:Home,metrica:Away,restart_or_ball_out_primary_span
2,1732.04,4582.76,metrica:Home:10,metrica:Home,metrica:Away,restart_or_ball_out_primary_span
2,1732.04,4582.76,metrica:Home:12,metrica:Home,metrica:Away,restart_or_ball_out_primary_span
2,1732.04,4582.76,metrica:Home:13,metrica:Home,metrica:Away,restart_or_ball_out_primary_span
2,1732.04,4582.76,metrica:Home:14,metrica:Home,metrica:Away,restart_or_ball_out_primary_span
2,1732.04,4582.76,metrica:Home:2,metrica:Home,metrica:Away,restart_or_ball_out_primary_span
2,1732.04,4582.76,metrica:Home:3,metrica:Home,metrica:Away,restart_or_ball_out_primary_span
2,1732.04,4582.76,metrica:Home:4,metrica:Home,metrica:Away,restart_or_ball_out_primary_span
2,1732.04,4582.76,metrica:Home:5,metrica:Home,metrica:Away,restart_or_ball_out_primary_span
2,1732.04,4582.76,metrica:Home:6,metrica:Home,metrica:Away,restart_or_ball_out_primary_span
2,1732.04,4582.76,metrica:Home:7,metrica:Home,metrica:Away,restart_or_ball_out_primary_span
2,1732.04,4582.76,metrica:Home:8,metrica:Home,metrica:Away,restart_or_ball_out_primary_span
2,1732.04,4582.76,metrica:Home:9,metrica:Home,metrica:Away,restart_or_ball_out_primary_span
2,1736.04,4586.76,metrica:Away:15,metrica:Away,metrica:Home,restart_or_ball_out_primary_span
2,1736.04,4586.76,metrica:Away:16,metrica:Away,metrica:Home,restart_or_ball_out_primary_span
2,1736.04,4586.76,metrica:Away:17,metrica:Away,metrica:Home,restart_or_ball_out_primary_span
2,1736.04,4586.76,metrica:Away:18,metrica:Away,metrica:Home,restart_or_ball_out_primary_span
2,1736.04,4586.76,metrica:Away:19,metrica:Away,metrica:Home,restart_or_ball_out_primary_span
2,1736.04,4586.76,metrica:Away:20,metrica:Away,metrica:Home,restart_or_ball_out_primary_span
2,1736.04,4586.76,metrica:Away:21,metrica:Away,metrica:Home,restart_or_ball_out_primary_span
2,1736.04,4586.76,metrica:Away:22,metrica:Away,metrica:Home,restart_or_ball_out_primary_span
2,1736.04,4586.76,metrica:Away:23,metrica:Away,metrica:Home,restart_or_ball_out_primary_span
2,1736.04,4586.76,metrica:Away:24,metrica:Away,metrica:Home,restart_or_ball_out_primary_span
2,1736.04,4586.76,metrica:Away:26,metrica:Away,metrica:Home,restart_or_ball_out_primary_span
2,1736.04,4586.76,metrica:Away:27,metrica:Away,metrica:Home,restart_or_ball_out_primary_span
2,1736.04,4586.76,metrica:Away:28,metrica:Away,metrica:Home,restart_or_ball_out_primary_span
2,1740.04,4590.76,metrica:Home:1,metrica:Home,metrica:Away,attacker_exposure_unavailable
2,1740.04,4590.76,metrica:Home:14,metrica:Home,metrica:Away,attacker_exposure_unavailable
2,1740.04,4590.76,metrica:Home:3,metrica:Home,metrica:Away,attacker_exposure_unavailable
2,1740.04,4590.76,metrica:Home:6,metrica:Home,metrica:Away,attacker_exposure_unavailable
2,1744.04,4594.76,metrica:Away:15,metrica:Away,metrica:Home,complete_ten_defenders_unavailable
2,1744.04,4594.76,metrica:Away:16,metrica:Away,metrica:Home,complete_ten_defenders_unavailable
2,1744.04,4594.76,metrica:Away:17,metrica:Away,metrica:Home,complete_ten_defenders_unavailable
2,1744.04,4594.76,metrica:Away:18,metrica:Away,metrica:Home,complete_ten_defenders_unavailable
2,1744.04,4594.76,metrica:Away:19,metrica:Away,metrica:Home,complete_ten_defenders_unavailable
2,1744.04,4594.76,metrica:Away:20,metrica:Away,metrica:Home,complete_ten_defenders_unavailable
2,1744.04,4594.76,metrica:Away:21,metrica:Away,metrica:Home,complete_ten_defenders_unavailable
2,1744.04,4594.76,metrica:Away:22,metrica:Away,metrica:Home,attacker_exposure_unavailable
2,1744.04,4594.76,metrica:Away:23,metrica:Away,metrica:Home,complete_ten_defenders_unavailable
2,1744.04,4594.76,metrica:Away:24,metrica:Away,metrica:Home,attacker_exposure_unavailable
2,1744.04,4594.76,metrica:Away:26,metrica:Away,metrica:Home,complete_ten_defenders_unavailable
2,1744.04,4594.76,metrica:Away:27,metrica:Away,metrica:Home,complete_ten_defenders_unavailable
2,1744.04,4594.76,metrica:Away:28,metrica:Away,metrica:Home,attacker_exposure_unavailable
2,1748.04,4598.76,metrica:Away:15,metrica:Away,metrica:Home,complete_ten_defenders_unavailable
2,1748.04,4598.76,metrica:Away:16,metrica:Away,metrica:Home,complete_ten_defenders_unavailable
2,1748.04,4598.76,metrica:Away:17,metrica:Away,metrica:Home,complete_ten_defenders_unavailable
2,1748.04,4598.76,metrica:Away:18,metrica:Away,metrica:Home,complete_ten_defenders_unavailable
2,1748.04,4598.76,metrica:Away:19,metrica:Away,metrica:Home,complete_ten_defenders_unavailable
2,1748.04,4598.76,metrica:Away:20,metrica:Away,metrica:Home,complete_ten_defenders_unavailable
2,1748.04,4598.76,metrica:Away:21,metrica:Away,metrica:Home,complete_ten_defenders_unavailable
2,1748.04,4598.76,metrica:Away:22,metrica:Away,metrica:Home,attacker_exposure_unavailable
2,1748.04,4598.76,metrica:Away:23,metrica:Away,metrica:Home,complete_ten_defenders_unavailable
2,1748.04,4598.76,metrica:Away:24,metrica:Away,metrica:Home,attacker_exposure_unavailable
2,1748.04,4598.76,metrica:Away:26,metrica:Away,metrica:Home,complete_ten_defenders_unavailable
2,1748.04,4598.76,metrica:Away:27,metrica:Away,metrica:Home,complete_ten_defenders_unavailable
2,1748.04,4598.76,metrica:Away:28,metrica:Away,metrica:Home,attacker_exposure_unavailable
2,1752.04,4602.76,metrica:Away:15,metrica:Away,metrica:Home,complete_ten_defenders_unavailable
2,1752.04,4602.76,metrica:Away:16,metrica:Away,metrica:Home,complete_ten_defenders_unavailable
2,1752.04,4602.76,metrica:Away:17,metrica:Away,metrica:Home,complete_ten_defenders_unavailable
2,1752.04,4602.76,metrica:Away:18,metrica:Away,metrica:Home,complete_ten_defenders_unavailable
2,1752.04,4602.76,metrica:Away:19,metrica:Away,metrica:Home,complete_ten_defenders_unavailable
2,1752.04,4602.76,metrica:Away:20,metrica:Away,metrica:Home,complete_ten_defenders_unavailable
2,1752.04,4602.76,metrica:Away:21,metrica:Away,metrica:Home,complete_ten_defenders_unavailable
2,1752.04,4602.76,metrica:Away:22,metrica:Away,metrica:Home,attacker_exposure_unavailable
2,1752.04,4602.76,metrica:Away:23,metrica:Away,metrica:Home,complete_ten_defenders_unavailable
2,1752.04,4602.76,metrica:Away:24,metrica:Away,metrica:Home,attacker_exposure_unavailable
2,1752.04,4602.76,metrica:Away:26,metrica:Away,metrica:Home,complete_ten_defenders_unavailable
2,1752.04,4602.76,metrica:Away:27,metrica:Away,metrica:Home,complete_ten_defenders_unavailable
2,1752.04,4602.76,metrica:Away:28,metrica:Away,metrica:Home,attacker_exposure_unavailable
2,1756.04,4606.76,metrica:Home:1,metrica:Home,metrica:Away,attacker_exposure_unavailable
2,1756.04,4606.76,metrica:Home:14,metrica:Home,metrica:Away,attacker_exposure_unavailable
2,1756.04,4606.76,metrica:Home:3,metrica:Home,metrica:Away,attacker_exposure_unavailable
2,1756.04,4606.76,metrica:Home:6,metrica:Home,metrica:Away,attacker_exposure_unavailable
2,1760.04,4610.76,metrica:Away:15,metrica:Away,metrica:Home,complete_ten_defenders_unavailable
2,1760.04,4610.76,metrica:Away:16,metrica:Away,metrica:Home,complete_ten_defenders_unavailable
2,1760.04,4610.76,metrica:Away:17,metrica:Away,metrica:Home,complete_ten_defenders_unavailable
2,1760.04,4610.76,metrica:Away:18,metrica:Away,metrica:Home,complete_ten_defenders_unavailable
2,1760.04,4610.76,metrica:Away:19,metrica:Away,metrica:Home,complete_ten_defenders_unavailable
2,1760.04,4610.76,metrica:Away:20,metrica:Away,metrica:Home,complete_ten_defenders_unavailable
2,1760.04,4610.76,metrica:Away:21,metrica:Away,metrica:Home,complete_ten_defenders_unavailable
2,1760.04,4610.76,metrica:Away:22,metrica:Away,metrica:Home,attacker_exposure_unavailable
2,1760.04,4610.76,metrica:Away:23,metrica:Away,metrica:Home,complete_ten_defenders_unavailable
2,1760.04,4610.76,metrica:Away:24,metrica:Away,metrica:Home,attacker_exposure_unavailable
2,1760.04,4610.76,metrica:Away:26,metrica:Away,metrica:Home,complete_ten_defenders_unavailable
2,1760.04,4610.76,metrica:Away:27,metrica:Away,metrica:Home,complete_ten_defenders_unavailable
2,1760.04,4610.76,metrica:Away:28,metrica:Away,metrica:Home,attacker_exposure_unavailable
2,1764.04,4614.76,metrica:Away:15,metrica:Away,metrica:Home,complete_ten_defenders_unavailable
2,1764.04,4614.76,metrica:Away:16,metrica:Away,metrica:Home,complete_ten_defenders_unavailable
2,1764.04,4614.76,metrica:Away:17,metrica:Away,metrica:Home,complete_ten_defenders_unavailable
2,1764.04,4614.76,metrica:Away:18,metrica:Away,metrica:Home,complete_ten_defenders_unavailable
2,1764.04,4614.76,metrica:Away:19,metrica:Away,metrica:Home,complete_ten_defenders_unavailable
2,1764.04,4614.76,metrica:Away:20,metrica:Away,metrica:Home,complete_ten_defenders_unavailable
2,1764.04,4614.76,metrica:Away:21,metrica:Away,metrica:Home,complete_ten_defenders_unavailable
2,1764.04,4614.76,metrica:Away:22,metrica:Away,metrica:Home,attacker_exposure_unavailable
2,1764.04,4614.76,metrica:Away:23,metrica:Away,metrica:Home,complete_ten_defenders_unavailable
2,1764.04,4614.76,metrica:Away:24,metrica:Away,metrica:Home,attacker_exposure_unavailable
2,1764.04,4614.76,metrica:Away:26,metrica:Away,metrica:Home,complete_ten_defenders_unavailable
2,1764.04,4614.76,metrica:Away:27,metrica:Away,metrica:Home,complete_ten_defenders_unavailable
2,1764.04,4614.76,metrica:Away:28,metrica:Away,metrica:Home,attacker_exposure_unavailable
2,1768.04,4618.76,metrica:Home:1,metrica:Home,metrica:Away,attacker_exposure_unavailable
2,1768.04,4618.76,metrica:Home:14,metrica:Home,metrica:Away,attacker_exposure_unavailable
2,1768.04,4618.76,metrica:Home:3,metrica:Home,metrica:Away,attacker_exposure_unavailable
2,1768.04,4618.76,metrica:Home:6,metrica:Home,metrica:Away,attacker_exposure_unavailable
2,1772.04,4622.76,metrica:Home:1,metrica:Home,metrica:Away,attacker_exposure_unavailable
2,1772.04,4622.76,metrica:Home:14,metrica:Home,metrica:Away,attacker_exposure_unavailable
2,1772.04,4622.76,metrica:Home:3,metrica:Home,metrica:Away,attacker_exposure_unavailable
2,1772.04,4622.76,metrica:Home:6,metrica:Home,metrica:Away,attacker_exposure_unavailable
2,1776.04,4626.76,metrica:Home:1,metrica:Home,metrica:Away,attacker_exposure_unavailable
2,1776.04,4626.76,metrica:Home:14,metrica:Home,metrica:Away,attacker_exposure_unavailable
2,1776.04,4626.76,metrica:Home:3,metrica:Home,metrica:Away,attacker_exposure_unavailable
2,1776.04,4626.76,metrica:Home:6,metrica:Home,metrica:Away,attacker_exposure_unavailable
2,1780.04,4630.76,metrica:Home:1,metrica:Home,metrica:Away,attacker_exposure_unavailable
2,1780.04,4630.76,metrica:Home:14,metrica:Home,metrica:Away,attacker_exposure_unavailable
2,1780.04,4630.76,metrica:Home:3,metrica:Home,metrica:Away,attacker_exposure_unavailable
2,1780.04,4630.76,metrica:Home:6,metrica:Home,metrica:Away,attacker_exposure_unavailable
2,1784.04,4634.76,metrica:Home:1,metrica:Home,metrica:Away,attacker_exposure_unavailable
2,1784.04,4634.76,metrica:Home:14,metrica:Home,metrica:Away,attacker_exposure_unavailable
2,1784.04,4634.76,metrica:Home:3,metrica:Home,metrica:Away,attacker_exposure_unavailable
2,1784.04,4634.76,metrica:Home:6,metrica:Home,metrica:Away,attacker_exposure_unavailable
2,1788.04,4638.76,metrica:Away:15,metrica:Away,metrica:Home,complete_ten_defenders_unavailable
2,1788.04,4638.76,metrica:Away:16,metrica:Away,metrica:Home,complete_ten_defenders_unavailable
2,1788.04,4638.76,metrica:Away:17,metrica:Away,metrica:Home,complete_ten_defenders_unavailable
2,1788.04,4638.76,metrica:Away:18,metrica:Away,metrica:Home,complete_ten_defenders_unavailable
2,1788.04,4638.76,metrica:Away:19,metrica:Away,metrica:Home,complete_ten_defenders_unavailable
2,1788.04,4638.76,metrica:Away:20,metrica:Away,metrica:Home,complete_ten_defenders_unavailable
2,1788.04,4638.76,metrica:Away:21,metrica:Away,metrica:Home,complete_ten_defenders_unavailable
2,1788.04,4638.76,metrica:Away:22,metrica:Away,metrica:Home,attacker_exposure_unavailable
2,1788.04,4638.76,metrica:Away:23,metrica:Away,metrica:Home,complete_ten_defenders_unavailable
2,1788.04,4638.76,metrica:Away:24,metrica:Away,metrica:Home,attacker_exposure_unavailable
2,1788.04,4638.76,metrica:Away:26,metrica:Away,metrica:Home,complete_ten_defenders_unavailable
2,1788.04,4638.76,metrica:Away:27,metrica:Away,metrica:Home,complete_ten_defenders_unavailable
2,1788.04,4638.76,metrica:Away:28,metrica:Away,metrica:Home,attacker_exposure_unavailable
2,1792.04,4642.76,metrica:Home:1,metrica:Home,metrica:Away,attacker_exposure_unavailable
2,1792.04,4642.76,metrica:Home:14,metrica:Home,metrica:Away,attacker_exposure_unavailable
2,1792.04,4642.76,metrica:Home:3,metrica:Home,metrica:Away,attacker_exposure_unavailable
2,1792.04,4642.76,metrica:Home:6,metrica:Home,metrica:Away,attacker_exposure_unavailable
2,1796.04,4646.76,metrica:Home:1,metrica:Home,metrica:Away,attacker_exposure_unavailable
2,1796.04,4646.76,metrica:Home:14,metrica:Home,metrica:Away,attacker_exposure_unavailable
2,1796.04,4646.76,metrica:Home:3,metrica:Home,metrica:Away,attacker_exposure_unavailable
2,1796.04,4646.76,metrica:Home:6,metrica:Home,metrica:Away,attacker_exposure_unavailable
2,1800.04,4650.76,metrica:Home:1,metrica:Home,metrica:Away,attacker_exposure_unavailable
2,1800.04,4650.76,metrica:Home:14,metrica:Home,metrica:Away,attacker_exposure_unavailable
2,1800.04,4650.76,metrica:Home:3,metrica:Home,metrica:Away,attacker_exposure_unavailable
2,1800.04,4650.76,metrica:Home:6,metrica:Home,metrica:Away,attacker_exposure_unavailable
2,1804.04,4654.76,metrica:Home:1,metrica:Home,metrica:Away,attacker_exposure_unavailable
2,1804.04,4654.76,metrica:Home:14,metrica:Home,metrica:Away,attacker_exposure_unavailable
2,1804.04,4654.76,metrica:Home:3,metrica:Home,metrica:Away,attacker_exposure_unavailable
2,1804.04,4654.76,metrica:Home:6,metrica:Home,metrica:Away,attacker_exposure_unavailable
2,1808.04,4658.76,metrica:Away:15,metrica:Away,metrica:Home,complete_ten_defenders_unavailable
2,1808.04,4658.76,metrica:Away:16,metrica:Away,metrica:Home,complete_ten_defenders_unavailable
2,1808.04,4658.76,metrica:Away:17,metrica:Away,metrica:Home,complete_ten_defenders_unavailable
2,1808.04,4658.76,metrica:Away:18,metrica:Away,metrica:Home,complete_ten_defenders_unavailable
2,1808.04,4658.76,metrica:Away:19,metrica:Away,metrica:Home,complete_ten_defenders_unavailable
2,1808.04,4658.76,metrica:Away:20,metrica:Away,metrica:Home,complete_ten_defenders_unavailable
2,1808.04,4658.76,metrica:Away:21,metrica:Away,metrica:Home,complete_ten_defenders_unavailable
2,1808.04,4658.76,metrica:Away:22,metrica:Away,metrica:Home,attacker_exposure_unavailable
2,1808.04,4658.76,metrica:Away:23,metrica:Away,metrica:Home,complete_ten_defenders_unavailable
2,1808.04,4658.76,metrica:Away:24,metrica:Away,metrica:Home,attacker_exposure_unavailable
2,1808.04,4658.76,metrica:Away:26,metrica:Away,metrica:Home,complete_ten_defenders_unavailable
2,1808.04,4658.76,metrica:Away:27,metrica:Away,metrica:Home,complete_ten_defenders_unavailable
2,1808.04,4658.76,metrica:Away:28,metrica:Away,metrica:Home,attacker_exposure_unavailable
2,1812.04,4662.76,metrica:Away:15,metrica:Away,metrica:Home,complete_ten_defenders_unavailable
2,1812.04,4662.76,metrica:Away:16,metrica:Away,metrica:Home,complete_ten_defenders_unavailable
2,1812.04,4662.76,metrica:Away:17,metrica:Away,metrica:Home,complete_ten_defenders_unavailable
2,1812.04,4662.76,metrica:Away:18,metrica:Away,metrica:Home,complete_ten_defenders_unavailable
2,1812.04,4662.76,metrica:Away:19,metrica:Away,metrica:Home,complete_ten_defenders_unavailable
2,1812.04,4662.76,metrica:Away:20,metrica:Away,metrica:Home,complete_ten_defenders_unavailable
2,1812.04,4662.76,metrica:Away:21,metrica:Away,metrica:Home,complete_ten_defenders_unavailable
2,1812.04,4662.76,metrica:Away:22,metrica:Away,metrica:Home,attacker_exposure_unavailable
2,1812.04,4662.76,metrica:Away:23,metrica:Away,metrica:Home,complete_ten_defenders_unavailable
2,1812.04,4662.76,metrica:Away:24,metrica:Away,metrica:Home,attacker_exposure_unavailable
2,1812.04,4662.76,metrica:Away:26,metrica:Away,metrica:Home,complete_ten_defenders_unavailable
2,1812.04,4662.76,metrica:Away:27,metrica:Away,metrica:Home,complete_ten_defenders_unavailable
2,1812.04,4662.76,metrica:Away:28,metrica:Away,metrica:Home,attacker_exposure_unavailable
2,1816.04,4666.76,metrica:Home:1,metrica:Home,metrica:Away,attacker_exposure_unavailable
2,1816.04,4666.76,metrica:Home:14,metrica:Home,metrica:Away,attacker_exposure_unavailable
2,1816.04,4666.76,metrica:Home:3,metrica:Home,metrica:Away,attacker_exposure_unavailable
2,1816.04,4666.76,metrica:Home:6,metrica:Home,metrica:Away,attacker_exposure_unavailable
2,1820.04,4670.76,metrica:Home:1,metrica:Home,metrica:Away,attacker_exposure_unavailable
2,1820.04,4670.76,metrica:Home:14,metrica:Home,metrica:Away,attacker_exposure_unavailable
2,1820.04,4670.76,metrica:Home:3,metrica:Home,metrica:Away,attacker_exposure_unavailable
2,1820.04,4670.76,metrica:Home:6,metrica:Home,metrica:Away,attacker_exposure_unavailable
2,1824.04,4674.76,metrica:Home:1,metrica:Home,metrica:Away,attacker_exposure_unavailable
2,1824.04,4674.76,metrica:Home:14,metrica:Home,metrica:Away,attacker_exposure_unavailable
2,1824.04,4674.76,metrica:Home:3,metrica:Home,metrica:Away,attacker_exposure_unavailable
2,1824.04,4674.76,metrica:Home:6,metrica:Home,metrica:Away,attacker_exposure_unavailable
2,1828.04,4678.76,metrica:Home:1,metrica:Home,metrica:Away,attacker_exposure_unavailable
2,1828.04,4678.76,metrica:Home:14,metrica:Home,metrica:Away,attacker_exposure_unavailable
2,1828.04,4678.76,metrica:Home:3,metrica:Home,metrica:Away,attacker_exposure_unavailable
2,1828.04,4678.76,metrica:Home:6,metrica:Home,metrica:Away,attacker_exposure_unavailable
2,1832.04,4682.76,metrica:Home:1,metrica:Home,metrica:Away,attacker_exposure_unavailable
2,1832.04,4682.76,metrica:Home:14,metrica:Home,metrica:Away,attacker_exposure_unavailable
2,1832.04,4682.76,metrica:Home:3,metrica:Home,metrica:Away,attacker_exposure_unavailable
2,1832.04,4682.76,metrica:Home:6,metrica:Home,metrica:Away,attacker_exposure_unavailable
2,1836.04,4686.76,metrica:Home:1,metrica:Home,metrica:Away,attacker_exposure_unavailable
2,1836.04,4686.76,metrica:Home:14,metrica:Home,metrica:Away,attacker_exposure_unavailable
2,1836.04,4686.76,metrica:Home:3,metrica:Home,metrica:Away,attacker_exposure_unavailable
2,1836.04,4686.76,metrica:Home:6,metrica:Home,metrica:Away,attacker_exposure_unavailable
2,1840.04,4690.76,metrica:Home:1,metrica:Home,metrica:Away,attacker_exposure_unavailable
2,1840.04,4690.76,metrica:Home:14,metrica:Home,metrica:Away,attacker_exposure_unavailable
2,1840.04,4690.76,metrica:Home:3,metrica:Home,metrica:Away,attacker_exposure_unavailable
2,1840.04,4690.76,metrica:Home:6,metrica:Home,metrica:Away,attacker_exposure_unavailable
2,1844.04,4694.76,metrica:Home:1,metrica:Home,metrica:Away,attacker_exposure_unavailable
2,1844.04,4694.76,metrica:Home:14,metrica:Home,metrica:Away,attacker_exposure_unavailable
2,1844.04,4694.76,metrica:Home:3,metrica:Home,metrica:Away,attacker_exposure_unavailable
2,1844.04,4694.76,metrica:Home:6,metrica:Home,metrica:Away,attacker_exposure_unavailable
2,1848.04,4698.76,metrica:Home:1,metrica:Home,metrica:Away,attacker_exposure_unavailable
2,1848.04,4698.76,metrica:Home:14,metrica:Home,metrica:Away,attacker_exposure_unavailable
2,1848.04,4698.76,metrica:Home:3,metrica:Home,metrica:Away,attacker_exposure_unavailable
2,1848.04,4698.76,metrica:Home:6,metrica:Home,metrica:Away,attacker_exposure_unavailable
2,1852.04,4702.76,metrica:Home:1,metrica:Home,metrica:Away,attacker_exposure_unavailable
2,1852.04,4702.76,metrica:Home:14,metrica:Home,metrica:Away,attacker_exposure_unavailable
2,1852.04,4702.76,metrica:Home:3,metrica:Home,metrica:Away,attacker_exposure_unavailable
2,1852.04,4702.76,metrica:Home:6,metrica:Home,metrica:Away,attacker_exposure_unavailable
2,1856.04,4706.76,metrica:Home:1,metrica:Home,metrica:Away,attacker_exposure_unavailable
2,1856.04,4706.76,metrica:Home:14,metrica:Home,metrica:Away,attacker_exposure_unavailable
2,1856.04,4706.76,metrica:Home:3,metrica:Home,metrica:Away,attacker_exposure_unavailable
2,1856.04,4706.76,metrica:Home:6,metrica:Home,metrica:Away,attacker_exposure_unavailable
2,1860.04,4710.76,metrica:Home:1,metrica:Home,metrica:Away,attacker_exposure_unavailable
2,1860.04,4710.76,metrica:Home:14,metrica:Home,metrica:Away,attacker_exposure_unavailable
2,1860.04,4710.76,metrica:Home:3,metrica:Home,metrica:Away,attacker_exposure_unavailable
2,1860.04,4710.76,metrica:Home:6,metrica:Home,metrica:Away,attacker_exposure_unavailable
2,1864.04,4714.76,metrica:Home:1,metrica:Home,metrica:Away,attacker_exposure_unavailable
2,1864.04,4714.76,metrica:Home:14,metrica:Home,metrica:Away,attacker_exposure_unavailable
2,1864.04,4714.76,metrica:Home:3,metrica:Home,metrica:Away,attacker_exposure_unavailable
2,1864.04,4714.76,metrica:Home:6,metrica:Home,metrica:Away,attacker_exposure_unavailable
2,1868.04,4718.76,metrica:Home:1,metrica:Home,metrica:Away,attacker_exposure_unavailable
2,1868.04,4718.76,metrica:Home:14,metrica:Home,metrica:Away,attacker_exposure_unavailable
2,1868.04,4718.76,metrica:Home:3,metrica:Home,metrica:Away,attacker_exposure_unavailable
2,1868.04,4718.76,metrica:Home:6,metrica:Home,metrica:Away,attacker_exposure_unavailable
2,1872.04,4722.76,metrica:Home:1,metrica:Home,metrica:Away,attacker_exposure_unavailable
2,1872.04,4722.76,metrica:Home:14,metrica:Home,metrica:Away,attacker_exposure_unavailable
2,1872.04,4722.76,metrica:Home:3,metrica:Home,metrica:Away,attacker_exposure_unavailable
2,1872.04,4722.76,metrica:Home:6,metrica:Home,metrica:Away,attacker_exposure_unavailable
2,1876.04,4726.76,metrica:Home:1,metrica:Home,metrica:Away,attacker_exposure_unavailable
2,1876.04,4726.76,metrica:Home:14,metrica:Home,metrica:Away,attacker_exposure_unavailable
2,1876.04,4726.76,metrica:Home:3,metrica:Home,metrica:Away,attacker_exposure_unavailable
2,1876.04,4726.76,metrica:Home:6,metrica:Home,metrica:Away,attacker_exposure_unavailable
2,1880.04,4730.76,metrica:Away:15,metrica:Away,metrica:Home,complete_ten_defenders_unavailable
2,1880.04,4730.76,metrica:Away:16,metrica:Away,metrica:Home,complete_ten_defenders_unavailable
2,1880.04,4730.76,metrica:Away:17,metrica:Away,metrica:Home,complete_ten_defenders_unavailable
2,1880.04,4730.76,metrica:Away:18,metrica:Away,metrica:Home,complete_ten_defenders_unavailable
2,1880.04,4730.76,metrica:Away:19,metrica:Away,metrica:Home,complete_ten_defenders_unavailable
2,1880.04,4730.76,metrica:Away:20,metrica:Away,metrica:Home,complete_ten_defenders_unavailable
2,1880.04,4730.76,metrica:Away:21,metrica:Away,metrica:Home,complete_ten_defenders_unavailable
2,1880.04,4730.76,metrica:Away:22,metrica:Away,metrica:Home,attacker_exposure_unavailable
2,1880.04,4730.76,metrica:Away:23,metrica:Away,metrica:Home,complete_ten_defenders_unavailable
2,1880.04,4730.76,metrica:Away:24,metrica:Away,metrica:Home,attacker_exposure_unavailable
2,1880.04,4730.76,metrica:Away:26,metrica:Away,metrica:Home,complete_ten_defenders_unavailable
2,1880.04,4730.76,metrica:Away:27,metrica:Away,metrica:Home,complete_ten_defenders_unavailable
2,1880.04,4730.76,metrica:Away:28,metrica:Away,metrica:Home,attacker_exposure_unavailable
2,1884.04,4734.76,metrica:Home:1,metrica:Home,metrica:Away,attacker_exposure_unavailable
2,1884.04,4734.76,metrica:Home:14,metrica:Home,metrica:Away,attacker_exposure_unavailable
2,1884.04,4734.76,metrica:Home:3,metrica:Home,metrica:Away,attacker_exposure_unavailable
2,1884.04,4734.76,metrica:Home:6,metrica:Home,metrica:Away,attacker_exposure_unavailable
2,1888.04,4738.76,metrica:Home:1,metrica:Home,metrica:Away,attacker_exposure_unavailable
2,1888.04,4738.76,metrica:Home:14,metrica:Home,metrica:Away,attacker_exposure_unavailable
2,1888.04,4738.76,metrica:Home:3,metrica:Home,metrica:Away,attacker_exposure_unavailable
2,1888.04,4738.76,metrica:Home:6,metrica:Home,metrica:Away,attacker_exposure_unavailable
2,1892.04,4742.76,metrica:Away:15,metrica:Away,metrica:Home,complete_ten_defenders_unavailable
2,1892.04,4742.76,metrica:Away:16,metrica:Away,metrica:Home,complete_ten_defenders_unavailable
2,1892.04,4742.76,metrica:Away:17,metrica:Away,metrica:Home,complete_ten_defenders_unavailable
2,1892.04,4742.76,metrica:Away:18,metrica:Away,metrica:Home,complete_ten_defenders_unavailable
2,1892.04,4742.76,metrica:Away:19,metrica:Away,metrica:Home,complete_ten_defenders_unavailable
2,1892.04,4742.76,metrica:Away:20,metrica:Away,metrica:Home,complete_ten_defenders_unavailable
2,1892.04,4742.76,metrica:Away:21,metrica:Away,metrica:Home,complete_ten_defenders_unavailable
2,1892.04,4742.76,metrica:Away:22,metrica:Away,metrica:Home,attacker_exposure_unavailable
2,1892.04,4742.76,metrica:Away:23,metrica:Away,metrica:Home,complete_ten_defenders_unavailable
2,1892.04,4742.76,metrica:Away:24,metrica:Away,metrica:Home,attacker_exposure_unavailable
2,1892.04,4742.76,metrica:Away:26,metrica:Away,metrica:Home,complete_ten_defenders_unavailable
2,1892.04,4742.76,metrica:Away:27,metrica:Away,metrica:Home,complete_ten_defenders_unavailable
2,1892.04,4742.76,metrica:Away:28,metrica:Away,metrica:Home,attacker_exposure_unavailable
2,1896.04,4746.76,metrica:Home:1,metrica:Home,metrica:Away,attacker_exposure_unavailable
2,1896.04,4746.76,metrica:Home:14,metrica:Home,metrica:Away,attacker_exposure_unavailable
2,1896.04,4746.76,metrica:Home:3,metrica:Home,metrica:Away,attacker_exposure_unavailable
2,1896.04,4746.76,metrica:Home:6,metrica:Home,metrica:Away,attacker_exposure_unavailable
2,1900.04,4750.76,metrica:Home:1,metrica:Home,metrica:Away,attacker_exposure_unavailable
2,1900.04,4750.76,metrica:Home:14,metrica:Home,metrica:Away,attacker_exposure_unavailable
2,1900.04,4750.76,metrica:Home:3,metrica:Home,metrica:Away,attacker_exposure_unavailable
2,1900.04,4750.76,metrica:Home:6,metrica:Home,metrica:Away,attacker_exposure_unavailable
2,1904.04,4754.76,metrica:Home:1,metrica:Home,metrica:Away,attacker_exposure_unavailable
2,1904.04,4754.76,metrica:Home:14,metrica:Home,metrica:Away,attacker_exposure_unavailable
2,1904.04,4754.76,metrica:Home:3,metrica:Home,metrica:Away,attacker_exposure_unavailable
2,1904.04,4754.76,metrica:Home:6,metrica:Home,metrica:Away,attacker_exposure_unavailable
2,1908.04,4758.76,metrica:Away:15,metrica:Away,metrica:Home,complete_ten_defenders_unavailable
2,1908.04,4758.76,metrica:Away:16,metrica:Away,metrica:Home,complete_ten_defenders_unavailable
2,1908.04,4758.76,metrica:Away:17,metrica:Away,metrica:Home,complete_ten_defenders_unavailable
2,1908.04,4758.76,metrica:Away:18,metrica:Away,metrica:Home,complete_ten_defenders_unavailable
2,1908.04,4758.76,metrica:Away:19,metrica:Away,metrica:Home,complete_ten_defenders_unavailable
2,1908.04,4758.76,metrica:Away:20,metrica:Away,metrica:Home,complete_ten_defenders_unavailable
2,1908.04,4758.76,metrica:Away:21,metrica:Away,metrica:Home,complete_ten_defenders_unavailable
2,1908.04,4758.76,metrica:Away:22,metrica:Away,metrica:Home,attacker_exposure_unavailable
2,1908.04,4758.76,metrica:Away:23,metrica:Away,metrica:Home,complete_ten_defenders_unavailable
2,1908.04,4758.76,metrica:Away:24,metrica:Away,metrica:Home,attacker_exposure_unavailable
2,1908.04,4758.76,metrica:Away:26,metrica:Away,metrica:Home,complete_ten_defenders_unavailable
2,1908.04,4758.76,metrica:Away:27,metrica:Away,metrica:Home,complete_ten_defenders_unavailable
2,1908.04,4758.76,metrica:Away:28,metrica:Away,metrica:Home,attacker_exposure_unavailable
2,1912.04,4762.76,metrica:Away:15,metrica:Away,metrica:Home,complete_ten_defenders_unavailable
2,1912.04,4762.76,metrica:Away:16,metrica:Away,metrica:Home,complete_ten_defenders_unavailable
2,1912.04,4762.76,metrica:Away:17,metrica:Away,metrica:Home,complete_ten_defenders_unavailable
2,1912.04,4762.76,metrica:Away:18,metrica:Away,metrica:Home,complete_ten_defenders_unavailable
2,1912.04,4762.76,metrica:Away:19,metrica:Away,metrica:Home,complete_ten_defenders_unavailable
2,1912.04,4762.76,metrica:Away:20,metrica:Away,metrica:Home,complete_ten_defenders_unavailable
2,1912.04,4762.76,metrica:Away:21,metrica:Away,metrica:Home,complete_ten_defenders_unavailable
2,1912.04,4762.76,metrica:Away:22,metrica:Away,metrica:Home,attacker_exposure_unavailable
2,1912.04,4762.76,metrica:Away:23,metrica:Away,metrica:Home,complete_ten_defenders_unavailable
2,1912.04,4762.76,metrica:Away:24,metrica:Away,metrica:Home,attacker_exposure_unavailable
2,1912.04,4762.76,metrica:Away:26,metrica:Away,metrica:Home,complete_ten_defenders_unavailable
2,1912.04,4762.76,metrica:Away:27,metrica:Away,metrica:Home,complete_ten_defenders_unavailable
2,1912.04,4762.76,metrica:Away:28,metrica:Away,metrica:Home,attacker_exposure_unavailable
2,1916.04,4766.76,metrica:Away:15,metrica:Away,metrica:Home,complete_ten_defenders_unavailable
2,1916.04,4766.76,metrica:Away:16,metrica:Away,metrica:Home,complete_ten_defenders_unavailable
2,1916.04,4766.76,metrica:Away:17,metrica:Away,metrica:Home,complete_ten_defenders_unavailable
2,1916.04,4766.76,metrica:Away:18,metrica:Away,metrica:Home,complete_ten_defenders_unavailable
2,1916.04,4766.76,metrica:Away:19,metrica:Away,metrica:Home,complete_ten_defenders_unavailable
2,1916.04,4766.76,metrica:Away:20,metrica:Away,metrica:Home,complete_ten_defenders_unavailable
2,1916.04,4766.76,metrica:Away:21,metrica:Away,metrica:Home,complete_ten_defenders_unavailable
2,1916.04,4766.76,metrica:Away:22,metrica:Away,metrica:Home,attacker_exposure_unavailable
2,1916.04,4766.76,metrica:Away:23,metrica:Away,metrica:Home,complete_ten_defenders_unavailable
2,1916.04,4766.76,metrica:Away:24,metrica:Away,metrica:Home,attacker_exposure_unavailable
2,1916.04,4766.76,metrica:Away:26,metrica:Away,metrica:Home,complete_ten_defenders_unavailable
2,1916.04,4766.76,metrica:Away:27,metrica:Away,metrica:Home,complete_ten_defenders_unavailable
2,1916.04,4766.76,metrica:Away:28,metrica:Away,metrica:Home,attacker_exposure_unavailable
2,1920.04,4770.76,metrica:Away:15,metrica:Away,metrica:Home,complete_ten_defenders_unavailable
2,1920.04,4770.76,metrica:Away:16,metrica:Away,metrica:Home,complete_ten_defenders_unavailable
2,1920.04,4770.76,metrica:Away:17,metrica:Away,metrica:Home,complete_ten_defenders_unavailable
2,1920.04,4770.76,metrica:Away:18,metrica:Away,metrica:Home,complete_ten_defenders_unavailable
2,1920.04,4770.76,metrica:Away:19,metrica:Away,metrica:Home,complete_ten_defenders_unavailable
2,1920.04,4770.76,metrica:Away:20,metrica:Away,metrica:Home,complete_ten_defenders_unavailable
2,1920.04,4770.76,metrica:Away:21,metrica:Away,metrica:Home,complete_ten_defenders_unavailable
2,1920.04,4770.76,metrica:Away:22,metrica:Away,metrica:Home,attacker_exposure_unavailable
2,1920.04,4770.76,metrica:Away:23,metrica:Away,metrica:Home,complete_ten_defenders_unavailable
2,1920.04,4770.76,metrica:Away:24,metrica:Away,metrica:Home,attacker_exposure_unavailable
2,1920.04,4770.76,metrica:Away:26,metrica:Away,metrica:Home,complete_ten_defenders_unavailable
2,1920.04,4770.76,metrica:Away:27,metrica:Away,metrica:Home,complete_ten_defenders_unavailable
2,1920.04,4770.76,metrica:Away:28,metrica:Away,metrica:Home,attacker_exposure_unavailable
2,1924.04,4774.76,metrica:Away:15,metrica:Away,metrica:Home,complete_ten_defenders_unavailable
2,1924.04,4774.76,metrica:Away:16,metrica:Away,metrica:Home,complete_ten_defenders_unavailable
2,1924.04,4774.76,metrica:Away:17,metrica:Away,metrica:Home,complete_ten_defenders_unavailable
2,1924.04,4774.76,metrica:Away:18,metrica:Away,metrica:Home,complete_ten_defenders_unavailable
2,1924.04,4774.76,metrica:Away:19,metrica:Away,metrica:Home,attacker_full_support_unavailable
2,1924.04,4774.76,metrica:Away:20,metrica:Away,metrica:Home,complete_ten_defenders_unavailable
2,1924.04,4774.76,metrica:Away:21,metrica:Away,metrica:Home,complete_ten_defenders_unavailable
2,1924.04,4774.76,metrica:Away:22,metrica:Away,metrica:Home,attacker_exposure_unavailable
2,1924.04,4774.76,metrica:Away:23,metrica:Away,metrica:Home,complete_ten_defenders_unavailable
2,1924.04,4774.76,metrica:Away:24,metrica:Away,metrica:Home,attacker_exposure_unavailable
2,1924.04,4774.76,metrica:Away:26,metrica:Away,metrica:Home,complete_ten_defenders_unavailable
2,1924.04,4774.76,metrica:Away:27,metrica:Away,metrica:Home,complete_ten_defenders_unavailable
2,1924.04,4774.76,metrica:Away:28,metrica:Away,metrica:Home,attacker_exposure_unavailable
2,1928.04,4778.76,metrica:Away:15,metrica:Away,metrica:Home,complete_ten_defenders_unavailable
2,1928.04,4778.76,metrica:Away:16,metrica:Away,metrica:Home,complete_ten_defenders_unavailable
2,1928.04,4778.76,metrica:Away:17,metrica:Away,metrica:Home,complete_ten_defenders_unavailable
2,1928.04,4778.76,metrica:Away:18,metrica:Away,metrica:Home,complete_ten_defenders_unavailable
2,1928.04,4778.76,metrica:Away:19,metrica:Away,metrica:Home,attacker_exposure_unavailable
2,1928.04,4778.76,metrica:Away:20,metrica:Away,metrica:Home,complete_ten_defenders_unavailable
2,1928.04,4778.76,metrica:Away:21,metrica:Away,metrica:Home,complete_ten_defenders_unavailable
2,1928.04,4778.76,metrica:Away:22,metrica:Away,metrica:Home,attacker_exposure_unavailable
2,1928.04,4778.76,metrica:Away:23,metrica:Away,metrica:Home,complete_ten_defenders_unavailable
2,1928.04,4778.76,metrica:Away:24,metrica:Away,metrica:Home,attacker_exposure_unavailable
2,1928.04,4778.76,metrica:Away:26,metrica:Away,metrica:Home,complete_ten_defenders_unavailable
2,1928.04,4778.76,metrica:Away:27,metrica:Away,metrica:Home,complete_ten_defenders_unavailable
2,1928.04,4778.76,metrica:Away:28,metrica:Away,metrica:Home,attacker_full_support_unavailable
2,1932.04,4782.76,metrica:Away:15,metrica:Away,metrica:Home,complete_ten_defenders_unavailable
2,1932.04,4782.76,metrica:Away:16,metrica:Away,metrica:Home,complete_ten_defenders_unavailable
2,1932.04,4782.76,metrica:Away:17,metrica:Away,metrica:Home,complete_ten_defenders_unavailable
2,1932.04,4782.76,metrica:Away:18,metrica:Away,metrica:Home,complete_ten_defenders_unavailable
2,1932.04,4782.76,metrica:Away:19,metrica:Away,metrica:Home,attacker_exposure_unavailable
2,1932.04,4782.76,metrica:Away:20,metrica:Away,metrica:Home,complete_ten_defenders_unavailable
2,1932.04,4782.76,metrica:Away:21,metrica:Away,metrica:Home,complete_ten_defenders_unavailable
2,1932.04,4782.76,metrica:Away:22,metrica:Away,metrica:Home,attacker_exposure_unavailable
2,1932.04,4782.76,metrica:Away:23,metrica:Away,metrica:Home,complete_ten_defenders_unavailable
2,1932.04,4782.76,metrica:Away:24,metrica:Away,metrica:Home,attacker_exposure_unavailable
2,1932.04,4782.76,metrica:Away:26,metrica:Away,metrica:Home,complete_ten_defenders_unavailable
2,1932.04,4782.76,metrica:Away:27,metrica:Away,metrica:Home,complete_ten_defenders_unavailable
2,1932.04,4782.76,metrica:Away:28,metrica:Away,metrica:Home,complete_ten_defenders_unavailable
2,1936.04,4786.76,metrica:Away:15,metrica:Away,metrica:Home,complete_ten_defenders_unavailable
2,1936.04,4786.76,metrica:Away:16,metrica:Away,metrica:Home,complete_ten_defenders_unavailable
2,1936.04,4786.76,metrica:Away:17,metrica:Away,metrica:Home,complete_ten_defenders_unavailable
2,1936.04,4786.76,metrica:Away:18,metrica:Away,metrica:Home,complete_ten_defenders_unavailable
2,1936.04,4786.76,metrica:Away:19,metrica:Away,metrica:Home,attacker_exposure_unavailable
2,1936.04,4786.76,metrica:Away:20,metrica:Away,metrica:Home,complete_ten_defenders_unavailable
2,1936.04,4786.76,metrica:Away:21,metrica:Away,metrica:Home,complete_ten_defenders_unavailable
2,1936.04,4786.76,metrica:Away:22,metrica:Away,metrica:Home,attacker_exposure_unavailable
2,1936.04,4786.76,metrica:Away:23,metrica:Away,metrica:Home,complete_ten_defenders_unavailable
2,1936.04,4786.76,metrica:Away:24,metrica:Away,metrica:Home,attacker_exposure_unavailable
2,1936.04,4786.76,metrica:Away:26,metrica:Away,metrica:Home,complete_ten_defenders_unavailable
2,1936.04,4786.76,metrica:Away:27,metrica:Away,metrica:Home,complete_ten_defenders_unavailable
2,1936.04,4786.76,metrica:Away:28,metrica:Away,metrica:Home,complete_ten_defenders_unavailable
2,1940.04,4790.76,metrica:Away:15,metrica:Away,metrica:Home,restart_or_ball_out_primary_span
2,1940.04,4790.76,metrica:Away:16,metrica:Away,metrica:Home,restart_or_ball_out_primary_span
2,1940.04,4790.76,metrica:Away:17,metrica:Away,metrica:Home,restart_or_ball_out_primary_span
2,1940.04,4790.76,metrica:Away:18,metrica:Away,metrica:Home,restart_or_ball_out_primary_span
2,1940.04,4790.76,metrica:Away:19,metrica:Away,metrica:Home,restart_or_ball_out_primary_span
2,1940.04,4790.76,metrica:Away:20,metrica:Away,metrica:Home,restart_or_ball_out_primary_span
2,1940.04,4790.76,metrica:Away:21,metrica:Away,metrica:Home,restart_or_ball_out_primary_span
2,1940.04,4790.76,metrica:Away:22,metrica:Away,metrica:Home,restart_or_ball_out_primary_span
2,1940.04,4790.76,metrica:Away:23,metrica:Away,metrica:Home,restart_or_ball_out_primary_span
2,1940.04,4790.76,metrica:Away:24,metrica:Away,metrica:Home,restart_or_ball_out_primary_span
2,1940.04,4790.76,metrica:Away:26,metrica:Away,metrica:Home,restart_or_ball_out_primary_span
2,1940.04,4790.76,metrica:Away:27,metrica:Away,metrica:Home,restart_or_ball_out_primary_span
2,1940.04,4790.76,metrica:Away:28,metrica:Away,metrica:Home,restart_or_ball_out_primary_span
2,1944.04,4794.76,metrica:Away:15,metrica:Away,metrica:Home,complete_ten_defenders_unavailable
2,1944.04,4794.76,metrica:Away:16,metrica:Away,metrica:Home,complete_ten_defenders_unavailable
2,1944.04,4794.76,metrica:Away:17,metrica:Away,metrica:Home,complete_ten_defenders_unavailable
2,1944.04,4794.76,metrica:Away:18,metrica:Away,metrica:Home,complete_ten_defenders_unavailable
2,1944.04,4794.76,metrica:Away:19,metrica:Away,metrica:Home,attacker_exposure_unavailable
2,1944.04,4794.76,metrica:Away:20,metrica:Away,metrica:Home,complete_ten_defenders_unavailable
2,1944.04,4794.76,metrica:Away:21,metrica:Away,metrica:Home,complete_ten_defenders_unavailable
2,1944.04,4794.76,metrica:Away:22,metrica:Away,metrica:Home,attacker_exposure_unavailable
2,1944.04,4794.76,metrica:Away:23,metrica:Away,metrica:Home,complete_ten_defenders_unavailable
2,1944.04,4794.76,metrica:Away:24,metrica:Away,metrica:Home,attacker_exposure_unavailable
2,1944.04,4794.76,metrica:Away:26,metrica:Away,metrica:Home,complete_ten_defenders_unavailable
2,1944.04,4794.76,metrica:Away:27,metrica:Away,metrica:Home,complete_ten_defenders_unavailable
2,1944.04,4794.76,metrica:Away:28,metrica:Away,metrica:Home,complete_ten_defenders_unavailable
2,1948.04,4798.76,metrica:Away:15,metrica:Away,metrica:Home,complete_ten_defenders_unavailable
2,1948.04,4798.76,metrica:Away:16,metrica:Away,metrica:Home,complete_ten_defenders_unavailable
2,1948.04,4798.76,metrica:Away:17,metrica:Away,metrica:Home,complete_ten_defenders_unavailable
2,1948.04,4798.76,metrica:Away:18,metrica:Away,metrica:Home,complete_ten_defenders_unavailable
2,1948.04,4798.76,metrica:Away:19,metrica:Away,metrica:Home,attacker_exposure_unavailable
2,1948.04,4798.76,metrica:Away:20,metrica:Away,metrica:Home,complete_ten_defenders_unavailable
2,1948.04,4798.76,metrica:Away:21,metrica:Away,metrica:Home,complete_ten_defenders_unavailable
2,1948.04,4798.76,metrica:Away:22,metrica:Away,metrica:Home,attacker_exposure_unavailable
2,1948.04,4798.76,metrica:Away:23,metrica:Away,metrica:Home,complete_ten_defenders_unavailable
2,1948.04,4798.76,metrica:Away:24,metrica:Away,metrica:Home,attacker_exposure_unavailable
2,1948.04,4798.76,metrica:Away:26,metrica:Away,metrica:Home,complete_ten_defenders_unavailable
2,1948.04,4798.76,metrica:Away:27,metrica:Away,metrica:Home,complete_ten_defenders_unavailable
2,1948.04,4798.76,metrica:Away:28,metrica:Away,metrica:Home,complete_ten_defenders_unavailable
2,1952.04,4802.76,metrica:Away:15,metrica:Away,metrica:Home,complete_ten_defenders_unavailable
2,1952.04,4802.76,metrica:Away:16,metrica:Away,metrica:Home,complete_ten_defenders_unavailable
2,1952.04,4802.76,metrica:Away:17,metrica:Away,metrica:Home,complete_ten_defenders_unavailable
2,1952.04,4802.76,metrica:Away:18,metrica:Away,metrica:Home,complete_ten_defenders_unavailable
2,1952.04,4802.76,metrica:Away:19,metrica:Away,metrica:Home,attacker_exposure_unavailable
2,1952.04,4802.76,metrica:Away:20,metrica:Away,metrica:Home,complete_ten_defenders_unavailable
2,1952.04,4802.76,metrica:Away:21,metrica:Away,metrica:Home,complete_ten_defenders_unavailable
2,1952.04,4802.76,metrica:Away:22,metrica:Away,metrica:Home,attacker_exposure_unavailable
2,1952.04,4802.76,metrica:Away:23,metrica:Away,metrica:Home,complete_ten_defenders_unavailable
2,1952.04,4802.76,metrica:Away:24,metrica:Away,metrica:Home,attacker_exposure_unavailable
2,1952.04,4802.76,metrica:Away:26,metrica:Away,metrica:Home,complete_ten_defenders_unavailable
2,1952.04,4802.76,metrica:Away:27,metrica:Away,metrica:Home,complete_ten_defenders_unavailable
2,1952.04,4802.76,metrica:Away:28,metrica:Away,metrica:Home,complete_ten_defenders_unavailable
2,1956.04,4806.76,metrica:Away:15,metrica:Away,metrica:Home,restart_or_ball_out_primary_span
2,1956.04,4806.76,metrica:Away:16,metrica:Away,metrica:Home,restart_or_ball_out_primary_span
2,1956.04,4806.76,metrica:Away:17,metrica:Away,metrica:Home,restart_or_ball_out_primary_span
2,1956.04,4806.76,metrica:Away:18,metrica:Away,metrica:Home,restart_or_ball_out_primary_span
2,1956.04,4806.76,metrica:Away:19,metrica:Away,metrica:Home,restart_or_ball_out_primary_span
2,1956.04,4806.76,metrica:Away:20,metrica:Away,metrica:Home,restart_or_ball_out_primary_span
2,1956.04,4806.76,metrica:Away:21,metrica:Away,metrica:Home,restart_or_ball_out_primary_span
2,1956.04,4806.76,metrica:Away:22,metrica:Away,metrica:Home,restart_or_ball_out_primary_span
2,1956.04,4806.76,metrica:Away:23,metrica:Away,metrica:Home,restart_or_ball_out_primary_span
2,1956.04,4806.76,metrica:Away:24,metrica:Away,metrica:Home,restart_or_ball_out_primary_span
2,1956.04,4806.76,metrica:Away:26,metrica:Away,metrica:Home,restart_or_ball_out_primary_span
2,1956.04,4806.76,metrica:Away:27,metrica:Away,metrica:Home,restart_or_ball_out_primary_span
2,1956.04,4806.76,metrica:Away:28,metrica:Away,metrica:Home,restart_or_ball_out_primary_span
2,1960.04,4810.76,metrica:Away:15,metrica:Away,metrica:Home,restart_or_ball_out_primary_span
2,1960.04,4810.76,metrica:Away:16,metrica:Away,metrica:Home,restart_or_ball_out_primary_span
2,1960.04,4810.76,metrica:Away:17,metrica:Away,metrica:Home,restart_or_ball_out_primary_span
2,1960.04,4810.76,metrica:Away:18,metrica:Away,metrica:Home,restart_or_ball_out_primary_span
2,1960.04,4810.76,metrica:Away:19,metrica:Away,metrica:Home,restart_or_ball_out_primary_span
2,1960.04,4810.76,metrica:Away:20,metrica:Away,metrica:Home,restart_or_ball_out_primary_span
2,1960.04,4810.76,metrica:Away:21,metrica:Away,metrica:Home,restart_or_ball_out_primary_span
2,1960.04,4810.76,metrica:Away:22,metrica:Away,metrica:Home,restart_or_ball_out_primary_span
2,1960.04,4810.76,metrica:Away:23,metrica:Away,metrica:Home,restart_or_ball_out_primary_span
2,1960.04,4810.76,metrica:Away:24,metrica:Away,metrica:Home,restart_or_ball_out_primary_span
2,1960.04,4810.76,metrica:Away:26,metrica:Away,metrica:Home,restart_or_ball_out_primary_span
2,1960.04,4810.76,metrica:Away:27,metrica:Away,metrica:Home,restart_or_ball_out_primary_span
2,1960.04,4810.76,metrica:Away:28,metrica:Away,metrica:Home,restart_or_ball_out_primary_span
2,1964.04,4814.76,metrica:Away:15,metrica:Away,metrica:Home,complete_ten_defenders_unavailable
2,1964.04,4814.76,metrica:Away:16,metrica:Away,metrica:Home,complete_ten_defenders_unavailable
2,1964.04,4814.76,metrica:Away:17,metrica:Away,metrica:Home,complete_ten_defenders_unavailable
2,1964.04,4814.76,metrica:Away:18,metrica:Away,metrica:Home,complete_ten_defenders_unavailable
2,1964.04,4814.76,metrica:Away:19,metrica:Away,metrica:Home,attacker_exposure_unavailable
2,1964.04,4814.76,metrica:Away:20,metrica:Away,metrica:Home,complete_ten_defenders_unavailable
2,1964.04,4814.76,metrica:Away:21,metrica:Away,metrica:Home,complete_ten_defenders_unavailable
2,1964.04,4814.76,metrica:Away:22,metrica:Away,metrica:Home,attacker_exposure_unavailable
2,1964.04,4814.76,metrica:Away:23,metrica:Away,metrica:Home,complete_ten_defenders_unavailable
2,1964.04,4814.76,metrica:Away:24,metrica:Away,metrica:Home,attacker_exposure_unavailable
2,1964.04,4814.76,metrica:Away:26,metrica:Away,metrica:Home,complete_ten_defenders_unavailable
2,1964.04,4814.76,metrica:Away:27,metrica:Away,metrica:Home,complete_ten_defenders_unavailable
2,1964.04,4814.76,metrica:Away:28,metrica:Away,metrica:Home,complete_ten_defenders_unavailable
2,1968.04,4818.76,metrica:Home:1,metrica:Home,metrica:Away,attacker_exposure_unavailable
2,1968.04,4818.76,metrica:Home:14,metrica:Home,metrica:Away,attacker_exposure_unavailable
2,1968.04,4818.76,metrica:Home:3,metrica:Home,metrica:Away,attacker_exposure_unavailable
2,1968.04,4818.76,metrica:Home:6,metrica:Home,metrica:Away,attacker_exposure_unavailable
2,1972.04,4822.76,metrica:Home:1,metrica:Home,metrica:Away,attacker_exposure_unavailable
2,1972.04,4822.76,metrica:Home:14,metrica:Home,metrica:Away,attacker_exposure_unavailable
2,1972.04,4822.76,metrica:Home:3,metrica:Home,metrica:Away,attacker_exposure_unavailable
2,1972.04,4822.76,metrica:Home:6,metrica:Home,metrica:Away,attacker_exposure_unavailable
2,1976.04,4826.76,metrica:Home:1,metrica:Home,metrica:Away,attacker_exposure_unavailable
2,1976.04,4826.76,metrica:Home:14,metrica:Home,metrica:Away,attacker_exposure_unavailable
2,1976.04,4826.76,metrica:Home:3,metrica:Home,metrica:Away,attacker_exposure_unavailable
2,1976.04,4826.76,metrica:Home:6,metrica:Home,metrica:Away,attacker_exposure_unavailable
2,1980.04,4830.76,metrica:Home:1,metrica:Home,metrica:Away,attacker_exposure_unavailable
2,1980.04,4830.76,metrica:Home:14,metrica:Home,metrica:Away,attacker_exposure_unavailable
2,1980.04,4830.76,metrica:Home:3,metrica:Home,metrica:Away,attacker_exposure_unavailable
2,1980.04,4830.76,metrica:Home:6,metrica:Home,metrica:Away,attacker_exposure_unavailable
2,1984.04,4834.76,metrica:Home:1,metrica:Home,metrica:Away,attacker_exposure_unavailable
2,1984.04,4834.76,metrica:Home:14,metrica:Home,metrica:Away,attacker_exposure_unavailable
2,1984.04,4834.76,metrica:Home:3,metrica:Home,metrica:Away,attacker_exposure_unavailable
2,1984.04,4834.76,metrica:Home:6,metrica:Home,metrica:Away,attacker_exposure_unavailable
2,1988.04,4838.76,metrica:Home:1,metrica:Home,metrica:Away,attacker_exposure_unavailable
2,1988.04,4838.76,metrica:Home:14,metrica:Home,metrica:Away,attacker_exposure_unavailable
2,1988.04,4838.76,metrica:Home:3,metrica:Home,metrica:Away,attacker_exposure_unavailable
2,1988.04,4838.76,metrica:Home:6,metrica:Home,metrica:Away,attacker_exposure_unavailable
2,1992.04,4842.76,metrica:Home:1,metrica:Home,metrica:Away,attacker_exposure_unavailable
2,1992.04,4842.76,metrica:Home:14,metrica:Home,metrica:Away,attacker_exposure_unavailable
2,1992.04,4842.76,metrica:Home:3,metrica:Home,metrica:Away,attacker_exposure_unavailable
2,1992.04,4842.76,metrica:Home:6,metrica:Home,metrica:Away,attacker_exposure_unavailable
2,1996.04,4846.76,metrica:Home:1,metrica:Home,metrica:Away,attacker_exposure_unavailable
2,1996.04,4846.76,metrica:Home:14,metrica:Home,metrica:Away,attacker_exposure_unavailable
2,1996.04,4846.76,metrica:Home:3,metrica:Home,metrica:Away,attacker_exposure_unavailable
2,1996.04,4846.76,metrica:Home:6,metrica:Home,metrica:Away,attacker_exposure_unavailable
2,2000.04,4850.76,metrica:Home:1,metrica:Home,metrica:Away,attacker_exposure_unavailable
2,2000.04,4850.76,metrica:Home:14,metrica:Home,metrica:Away,attacker_exposure_unavailable
2,2000.04,4850.76,metrica:Home:3,metrica:Home,metrica:Away,attacker_exposure_unavailable
2,2000.04,4850.76,metrica:Home:6,metrica:Home,metrica:Away,attacker_exposure_unavailable
2,2004.04,4854.76,metrica:Home:1,metrica:Home,metrica:Away,attacker_exposure_unavailable
2,2004.04,4854.76,metrica:Home:10,metrica:Home,metrica:Away,attacker_full_support_unavailable
2,2004.04,4854.76,metrica:Home:14,metrica:Home,metrica:Away,attacker_exposure_unavailable
2,2004.04,4854.76,metrica:Home:3,metrica:Home,metrica:Away,attacker_exposure_unavailable
2,2004.04,4854.76,metrica:Home:6,metrica:Home,metrica:Away,attacker_exposure_unavailable
2,2008.04,4858.76,metrica:Home:1,metrica:Home,metrica:Away,attacker_exposure_unavailable
2,2008.04,4858.76,metrica:Home:10,metrica:Home,metrica:Away,attacker_exposure_unavailable
2,2008.04,4858.76,metrica:Home:14,metrica:Home,metrica:Away,attacker_full_support_unavailable
2,2008.04,4858.76,metrica:Home:3,metrica:Home,metrica:Away,attacker_exposure_unavailable
2,2008.04,4858.76,metrica:Home:6,metrica:Home,metrica:Away,attacker_exposure_unavailable
2,2012.04,4862.76,metrica:Home:1,metrica:Home,metrica:Away,attacker_exposure_unavailable
2,2012.04,4862.76,metrica:Home:10,metrica:Home,metrica:Away,attacker_exposure_unavailable
2,2012.04,4862.76,metrica:Home:3,metrica:Home,metrica:Away,attacker_exposure_unavailable
2,2012.04,4862.76,metrica:Home:6,metrica:Home,metrica:Away,attacker_exposure_unavailable
2,2016.04,4866.76,metrica:Home:1,metrica:Home,metrica:Away,restart_or_ball_out_primary_span
2,2016.04,4866.76,metrica:Home:10,metrica:Home,metrica:Away,restart_or_ball_out_primary_span
2,2016.04,4866.76,metrica:Home:12,metrica:Home,metrica:Away,restart_or_ball_out_primary_span
2,2016.04,4866.76,metrica:Home:13,metrica:Home,metrica:Away,restart_or_ball_out_primary_span
2,2016.04,4866.76,metrica:Home:14,metrica:Home,metrica:Away,restart_or_ball_out_primary_span
2,2016.04,4866.76,metrica:Home:2,metrica:Home,metrica:Away,restart_or_ball_out_primary_span
2,2016.04,4866.76,metrica:Home:3,metrica:Home,metrica:Away,restart_or_ball_out_primary_span
2,2016.04,4866.76,metrica:Home:4,metrica:Home,metrica:Away,restart_or_ball_out_primary_span
2,2016.04,4866.76,metrica:Home:5,metrica:Home,metrica:Away,restart_or_ball_out_primary_span
2,2016.04,4866.76,metrica:Home:6,metrica:Home,metrica:Away,restart_or_ball_out_primary_span
2,2016.04,4866.76,metrica:Home:7,metrica:Home,metrica:Away,restart_or_ball_out_primary_span
2,2016.04,4866.76,metrica:Home:8,metrica:Home,metrica:Away,restart_or_ball_out_primary_span
2,2016.04,4866.76,metrica:Home:9,metrica:Home,metrica:Away,restart_or_ball_out_primary_span
2,2020.04,4870.76,metrica:Home:1,metrica:Home,metrica:Away,restart_or_ball_out_primary_span
2,2020.04,4870.76,metrica:Home:10,metrica:Home,metrica:Away,restart_or_ball_out_primary_span
2,2020.04,4870.76,metrica:Home:12,metrica:Home,metrica:Away,restart_or_ball_out_primary_span
2,2020.04,4870.76,metrica:Home:13,metrica:Home,metrica:Away,restart_or_ball_out_primary_span
2,2020.04,4870.76,metrica:Home:14,metrica:Home,metrica:Away,restart_or_ball_out_primary_span
2,2020.04,4870.76,metrica:Home:2,metrica:Home,metrica:Away,restart_or_ball_out_primary_span
2,2020.04,4870.76,metrica:Home:3,metrica:Home,metrica:Away,restart_or_ball_out_primary_span
2,2020.04,4870.76,metrica:Home:4,metrica:Home,metrica:Away,restart_or_ball_out_primary_span
2,2020.04,4870.76,metrica:Home:5,metrica:Home,metrica:Away,restart_or_ball_out_primary_span
2,2020.04,4870.76,metrica:Home:6,metrica:Home,metrica:Away,restart_or_ball_out_primary_span
2,2020.04,4870.76,metrica:Home:7,metrica:Home,metrica:Away,restart_or_ball_out_primary_span
2,2020.04,4870.76,metrica:Home:8,metrica:Home,metrica:Away,restart_or_ball_out_primary_span
2,2020.04,4870.76,metrica:Home:9,metrica:Home,metrica:Away,restart_or_ball_out_primary_span
2,2024.04,4874.76,metrica:Away:15,metrica:Away,metrica:Home,complete_ten_defenders_unavailable
2,2024.04,4874.76,metrica:Away:16,metrica:Away,metrica:Home,complete_ten_defenders_unavailable
2,2024.04,4874.76,metrica:Away:17,metrica:Away,metrica:Home,complete_ten_defenders_unavailable
2,2024.04,4874.76,metrica:Away:18,metrica:Away,metrica:Home,complete_ten_defenders_unavailable
2,2024.04,4874.76,metrica:Away:19,metrica:Away,metrica:Home,attacker_exposure_unavailable
2,2024.04,4874.76,metrica:Away:20,metrica:Away,metrica:Home,complete_ten_defenders_unavailable
2,2024.04,4874.76,metrica:Away:21,metrica:Away,metrica:Home,complete_ten_defenders_unavailable
2,2024.04,4874.76,metrica:Away:22,metrica:Away,metrica:Home,attacker_exposure_unavailable
2,2024.04,4874.76,metrica:Away:23,metrica:Away,metrica:Home,complete_ten_defenders_unavailable
2,2024.04,4874.76,metrica:Away:24,metrica:Away,metrica:Home,attacker_exposure_unavailable
2,2024.04,4874.76,metrica:Away:26,metrica:Away,metrica:Home,complete_ten_defenders_unavailable
2,2024.04,4874.76,metrica:Away:27,metrica:Away,metrica:Home,complete_ten_defenders_unavailable
2,2024.04,4874.76,metrica:Away:28,metrica:Away,metrica:Home,complete_ten_defenders_unavailable
2,2028.04,4878.76,metrica:Home:1,metrica:Home,metrica:Away,attacker_exposure_unavailable
2,2028.04,4878.76,metrica:Home:10,metrica:Home,metrica:Away,attacker_exposure_unavailable
2,2028.04,4878.76,metrica:Home:3,metrica:Home,metrica:Away,attacker_exposure_unavailable
2,2028.04,4878.76,metrica:Home:6,metrica:Home,metrica:Away,attacker_exposure_unavailable
2,2032.04,4882.76,metrica:Away:15,metrica:Away,metrica:Home,complete_ten_defenders_unavailable
2,2032.04,4882.76,metrica:Away:16,metrica:Away,metrica:Home,complete_ten_defenders_unavailable
2,2032.04,4882.76,metrica:Away:17,metrica:Away,metrica:Home,complete_ten_defenders_unavailable
2,2032.04,4882.76,metrica:Away:18,metrica:Away,metrica:Home,complete_ten_defenders_unavailable
2,2032.04,4882.76,metrica:Away:19,metrica:Away,metrica:Home,attacker_exposure_unavailable
2,2032.04,4882.76,metrica:Away:20,metrica:Away,metrica:Home,complete_ten_defenders_unavailable
2,2032.04,4882.76,metrica:Away:21,metrica:Away,metrica:Home,complete_ten_defenders_unavailable
2,2032.04,4882.76,metrica:Away:22,metrica:Away,metrica:Home,attacker_exposure_unavailable
2,2032.04,4882.76,metrica:Away:23,metrica:Away,metrica:Home,complete_ten_defenders_unavailable
2,2032.04,4882.76,metrica:Away:24,metrica:Away,metrica:Home,attacker_exposure_unavailable
2,2032.04,4882.76,metrica:Away:26,metrica:Away,metrica:Home,complete_ten_defenders_unavailable
2,2032.04,4882.76,metrica:Away:27,metrica:Away,metrica:Home,complete_ten_defenders_unavailable
2,2032.04,4882.76,metrica:Away:28,metrica:Away,metrica:Home,complete_ten_defenders_unavailable
2,2036.04,4886.76,metrica:Home:1,metrica:Home,metrica:Away,attacker_exposure_unavailable
2,2036.04,4886.76,metrica:Home:10,metrica:Home,metrica:Away,attacker_exposure_unavailable
2,2036.04,4886.76,metrica:Home:3,metrica:Home,metrica:Away,attacker_exposure_unavailable
2,2036.04,4886.76,metrica:Home:6,metrica:Home,metrica:Away,attacker_exposure_unavailable
2,2040.04,4890.76,metrica:Home:1,metrica:Home,metrica:Away,attacker_exposure_unavailable
2,2040.04,4890.76,metrica:Home:10,metrica:Home,metrica:Away,attacker_exposure_unavailable
2,2040.04,4890.76,metrica:Home:3,metrica:Home,metrica:Away,attacker_exposure_unavailable
2,2040.04,4890.76,metrica:Home:6,metrica:Home,metrica:Away,attacker_exposure_unavailable
2,2044.04,4894.76,metrica:Home:1,metrica:Home,metrica:Away,attacker_exposure_unavailable
2,2044.04,4894.76,metrica:Home:10,metrica:Home,metrica:Away,attacker_exposure_unavailable
2,2044.04,4894.76,metrica:Home:3,metrica:Home,metrica:Away,attacker_exposure_unavailable
2,2044.04,4894.76,metrica:Home:6,metrica:Home,metrica:Away,attacker_exposure_unavailable
2,2048.04,4898.76,metrica:Home:1,metrica:Home,metrica:Away,attacker_exposure_unavailable
2,2048.04,4898.76,metrica:Home:10,metrica:Home,metrica:Away,attacker_exposure_unavailable
2,2048.04,4898.76,metrica:Home:3,metrica:Home,metrica:Away,attacker_exposure_unavailable
2,2048.04,4898.76,metrica:Home:6,metrica:Home,metrica:Away,attacker_exposure_unavailable
2,2052.04,4902.76,metrica:Home:1,metrica:Home,metrica:Away,attacker_exposure_unavailable
2,2052.04,4902.76,metrica:Home:10,metrica:Home,metrica:Away,attacker_exposure_unavailable
2,2052.04,4902.76,metrica:Home:3,metrica:Home,metrica:Away,attacker_exposure_unavailable
2,2052.04,4902.76,metrica:Home:6,metrica:Home,metrica:Away,attacker_exposure_unavailable
2,2056.04,4906.76,metrica:Home:1,metrica:Home,metrica:Away,attacker_exposure_unavailable
2,2056.04,4906.76,metrica:Home:10,metrica:Home,metrica:Away,attacker_exposure_unavailable
2,2056.04,4906.76,metrica:Home:3,metrica:Home,metrica:Away,attacker_exposure_unavailable
2,2056.04,4906.76,metrica:Home:6,metrica:Home,metrica:Away,attacker_exposure_unavailable
2,2060.04,4910.76,metrica:Home:1,metrica:Home,metrica:Away,attacker_exposure_unavailable
2,2060.04,4910.76,metrica:Home:10,metrica:Home,metrica:Away,attacker_exposure_unavailable
2,2060.04,4910.76,metrica:Home:3,metrica:Home,metrica:Away,attacker_exposure_unavailable
2,2060.04,4910.76,metrica:Home:6,metrica:Home,metrica:Away,attacker_exposure_unavailable
2,2064.04,4914.76,metrica:Home:1,metrica:Home,metrica:Away,attacker_exposure_unavailable
2,2064.04,4914.76,metrica:Home:10,metrica:Home,metrica:Away,attacker_exposure_unavailable
2,2064.04,4914.76,metrica:Home:3,metrica:Home,metrica:Away,attacker_exposure_unavailable
2,2064.04,4914.76,metrica:Home:6,metrica:Home,metrica:Away,attacker_exposure_unavailable
2,2068.04,4918.76,metrica:Away:15,metrica:Away,metrica:Home,complete_ten_defenders_unavailable
2,2068.04,4918.76,metrica:Away:16,metrica:Away,metrica:Home,complete_ten_defenders_unavailable
2,2068.04,4918.76,metrica:Away:17,metrica:Away,metrica:Home,complete_ten_defenders_unavailable
2,2068.04,4918.76,metrica:Away:18,metrica:Away,metrica:Home,complete_ten_defenders_unavailable
2,2068.04,4918.76,metrica:Away:19,metrica:Away,metrica:Home,attacker_exposure_unavailable
2,2068.04,4918.76,metrica:Away:20,metrica:Away,metrica:Home,complete_ten_defenders_unavailable
2,2068.04,4918.76,metrica:Away:21,metrica:Away,metrica:Home,complete_ten_defenders_unavailable
2,2068.04,4918.76,metrica:Away:22,metrica:Away,metrica:Home,attacker_exposure_unavailable
2,2068.04,4918.76,metrica:Away:23,metrica:Away,metrica:Home,complete_ten_defenders_unavailable
2,2068.04,4918.76,metrica:Away:24,metrica:Away,metrica:Home,attacker_exposure_unavailable
2,2068.04,4918.76,metrica:Away:26,metrica:Away,metrica:Home,complete_ten_defenders_unavailable
2,2068.04,4918.76,metrica:Away:27,metrica:Away,metrica:Home,complete_ten_defenders_unavailable
2,2068.04,4918.76,metrica:Away:28,metrica:Away,metrica:Home,complete_ten_defenders_unavailable
2,2072.04,4922.76,metrica:Away:15,metrica:Away,metrica:Home,restart_or_ball_out_primary_span
2,2072.04,4922.76,metrica:Away:16,metrica:Away,metrica:Home,restart_or_ball_out_primary_span
2,2072.04,4922.76,metrica:Away:17,metrica:Away,metrica:Home,restart_or_ball_out_primary_span
2,2072.04,4922.76,metrica:Away:18,metrica:Away,metrica:Home,restart_or_ball_out_primary_span
2,2072.04,4922.76,metrica:Away:19,metrica:Away,metrica:Home,restart_or_ball_out_primary_span
2,2072.04,4922.76,metrica:Away:20,metrica:Away,metrica:Home,restart_or_ball_out_primary_span
2,2072.04,4922.76,metrica:Away:21,metrica:Away,metrica:Home,restart_or_ball_out_primary_span
2,2072.04,4922.76,metrica:Away:22,metrica:Away,metrica:Home,restart_or_ball_out_primary_span
2,2072.04,4922.76,metrica:Away:23,metrica:Away,metrica:Home,restart_or_ball_out_primary_span
2,2072.04,4922.76,metrica:Away:24,metrica:Away,metrica:Home,restart_or_ball_out_primary_span
2,2072.04,4922.76,metrica:Away:26,metrica:Away,metrica:Home,restart_or_ball_out_primary_span
2,2072.04,4922.76,metrica:Away:27,metrica:Away,metrica:Home,restart_or_ball_out_primary_span
2,2072.04,4922.76,metrica:Away:28,metrica:Away,metrica:Home,restart_or_ball_out_primary_span
2,2076.04,4926.76,metrica:Home:1,metrica:Home,metrica:Away,restart_or_ball_out_primary_span
2,2076.04,4926.76,metrica:Home:10,metrica:Home,metrica:Away,restart_or_ball_out_primary_span
2,2076.04,4926.76,metrica:Home:12,metrica:Home,metrica:Away,restart_or_ball_out_primary_span
2,2076.04,4926.76,metrica:Home:13,metrica:Home,metrica:Away,restart_or_ball_out_primary_span
2,2076.04,4926.76,metrica:Home:14,metrica:Home,metrica:Away,restart_or_ball_out_primary_span
2,2076.04,4926.76,metrica:Home:2,metrica:Home,metrica:Away,restart_or_ball_out_primary_span
2,2076.04,4926.76,metrica:Home:3,metrica:Home,metrica:Away,restart_or_ball_out_primary_span
2,2076.04,4926.76,metrica:Home:4,metrica:Home,metrica:Away,restart_or_ball_out_primary_span
2,2076.04,4926.76,metrica:Home:5,metrica:Home,metrica:Away,restart_or_ball_out_primary_span
2,2076.04,4926.76,metrica:Home:6,metrica:Home,metrica:Away,restart_or_ball_out_primary_span
2,2076.04,4926.76,metrica:Home:7,metrica:Home,metrica:Away,restart_or_ball_out_primary_span
2,2076.04,4926.76,metrica:Home:8,metrica:Home,metrica:Away,restart_or_ball_out_primary_span
2,2076.04,4926.76,metrica:Home:9,metrica:Home,metrica:Away,restart_or_ball_out_primary_span
2,2080.04,4930.76,metrica:Away:15,metrica:Away,metrica:Home,restart_or_ball_out_primary_span
2,2080.04,4930.76,metrica:Away:16,metrica:Away,metrica:Home,restart_or_ball_out_primary_span
2,2080.04,4930.76,metrica:Away:17,metrica:Away,metrica:Home,restart_or_ball_out_primary_span
2,2080.04,4930.76,metrica:Away:18,metrica:Away,metrica:Home,restart_or_ball_out_primary_span
2,2080.04,4930.76,metrica:Away:19,metrica:Away,metrica:Home,restart_or_ball_out_primary_span
2,2080.04,4930.76,metrica:Away:20,metrica:Away,metrica:Home,restart_or_ball_out_primary_span
2,2080.04,4930.76,metrica:Away:21,metrica:Away,metrica:Home,restart_or_ball_out_primary_span
2,2080.04,4930.76,metrica:Away:22,metrica:Away,metrica:Home,restart_or_ball_out_primary_span
2,2080.04,4930.76,metrica:Away:23,metrica:Away,metrica:Home,restart_or_ball_out_primary_span
2,2080.04,4930.76,metrica:Away:24,metrica:Away,metrica:Home,restart_or_ball_out_primary_span
2,2080.04,4930.76,metrica:Away:26,metrica:Away,metrica:Home,restart_or_ball_out_primary_span
2,2080.04,4930.76,metrica:Away:27,metrica:Away,metrica:Home,restart_or_ball_out_primary_span
2,2080.04,4930.76,metrica:Away:28,metrica:Away,metrica:Home,restart_or_ball_out_primary_span
2,2084.04,4934.76,metrica:Home:1,metrica:Home,metrica:Away,restart_or_ball_out_primary_span
2,2084.04,4934.76,metrica:Home:10,metrica:Home,metrica:Away,restart_or_ball_out_primary_span
2,2084.04,4934.76,metrica:Home:12,metrica:Home,metrica:Away,restart_or_ball_out_primary_span
2,2084.04,4934.76,metrica:Home:13,metrica:Home,metrica:Away,restart_or_ball_out_primary_span
2,2084.04,4934.76,metrica:Home:14,metrica:Home,metrica:Away,restart_or_ball_out_primary_span
2,2084.04,4934.76,metrica:Home:2,metrica:Home,metrica:Away,restart_or_ball_out_primary_span
2,2084.04,4934.76,metrica:Home:3,metrica:Home,metrica:Away,restart_or_ball_out_primary_span
2,2084.04,4934.76,metrica:Home:4,metrica:Home,metrica:Away,restart_or_ball_out_primary_span
2,2084.04,4934.76,metrica:Home:5,metrica:Home,metrica:Away,restart_or_ball_out_primary_span
2,2084.04,4934.76,metrica:Home:6,metrica:Home,metrica:Away,restart_or_ball_out_primary_span
2,2084.04,4934.76,metrica:Home:7,metrica:Home,metrica:Away,restart_or_ball_out_primary_span
2,2084.04,4934.76,metrica:Home:8,metrica:Home,metrica:Away,restart_or_ball_out_primary_span
2,2084.04,4934.76,metrica:Home:9,metrica:Home,metrica:Away,restart_or_ball_out_primary_span
2,2088.04,4938.76,metrica:Home:1,metrica:Home,metrica:Away,attacker_exposure_unavailable
2,2088.04,4938.76,metrica:Home:10,metrica:Home,metrica:Away,attacker_exposure_unavailable
2,2088.04,4938.76,metrica:Home:3,metrica:Home,metrica:Away,attacker_exposure_unavailable
2,2088.04,4938.76,metrica:Home:6,metrica:Home,metrica:Away,attacker_exposure_unavailable
2,2092.04,4942.76,metrica:Home:1,metrica:Home,metrica:Away,attacker_exposure_unavailable
2,2092.04,4942.76,metrica:Home:10,metrica:Home,metrica:Away,attacker_exposure_unavailable
2,2092.04,4942.76,metrica:Home:3,metrica:Home,metrica:Away,attacker_exposure_unavailable
2,2092.04,4942.76,metrica:Home:6,metrica:Home,metrica:Away,attacker_exposure_unavailable
2,2096.04,4946.76,metrica:Home:1,metrica:Home,metrica:Away,attacker_exposure_unavailable
2,2096.04,4946.76,metrica:Home:10,metrica:Home,metrica:Away,attacker_exposure_unavailable
2,2096.04,4946.76,metrica:Home:3,metrica:Home,metrica:Away,attacker_exposure_unavailable
2,2096.04,4946.76,metrica:Home:6,metrica:Home,metrica:Away,attacker_exposure_unavailable
2,2100.04,4950.76,metrica:Home:1,metrica:Home,metrica:Away,attacker_exposure_unavailable
2,2100.04,4950.76,metrica:Home:10,metrica:Home,metrica:Away,attacker_exposure_unavailable
2,2100.04,4950.76,metrica:Home:3,metrica:Home,metrica:Away,attacker_exposure_unavailable
2,2100.04,4950.76,metrica:Home:6,metrica:Home,metrica:Away,attacker_exposure_unavailable
2,2104.04,4954.76,metrica:Home:1,metrica:Home,metrica:Away,attacker_exposure_unavailable
2,2104.04,4954.76,metrica:Home:10,metrica:Home,metrica:Away,attacker_exposure_unavailable
2,2104.04,4954.76,metrica:Home:3,metrica:Home,metrica:Away,attacker_exposure_unavailable
2,2104.04,4954.76,metrica:Home:6,metrica:Home,metrica:Away,attacker_exposure_unavailable
2,2108.04,4958.76,metrica:Away:15,metrica:Away,metrica:Home,complete_ten_defenders_unavailable
2,2108.04,4958.76,metrica:Away:16,metrica:Away,metrica:Home,complete_ten_defenders_unavailable
2,2108.04,4958.76,metrica:Away:17,metrica:Away,metrica:Home,complete_ten_defenders_unavailable
2,2108.04,4958.76,metrica:Away:18,metrica:Away,metrica:Home,complete_ten_defenders_unavailable
2,2108.04,4958.76,metrica:Away:19,metrica:Away,metrica:Home,attacker_exposure_unavailable
2,2108.04,4958.76,metrica:Away:20,metrica:Away,metrica:Home,complete_ten_defenders_unavailable
2,2108.04,4958.76,metrica:Away:21,metrica:Away,metrica:Home,complete_ten_defenders_unavailable
2,2108.04,4958.76,metrica:Away:22,metrica:Away,metrica:Home,attacker_exposure_unavailable
2,2108.04,4958.76,metrica:Away:23,metrica:Away,metrica:Home,complete_ten_defenders_unavailable
2,2108.04,4958.76,metrica:Away:24,metrica:Away,metrica:Home,attacker_exposure_unavailable
2,2108.04,4958.76,metrica:Away:26,metrica:Away,metrica:Home,complete_ten_defenders_unavailable
2,2108.04,4958.76,metrica:Away:27,metrica:Away,metrica:Home,complete_ten_defenders_unavailable
2,2108.04,4958.76,metrica:Away:28,metrica:Away,metrica:Home,complete_ten_defenders_unavailable
2,2112.04,4962.76,metrica:Away:15,metrica:Away,metrica:Home,complete_ten_defenders_unavailable
2,2112.04,4962.76,metrica:Away:16,metrica:Away,metrica:Home,complete_ten_defenders_unavailable
2,2112.04,4962.76,metrica:Away:17,metrica:Away,metrica:Home,complete_ten_defenders_unavailable
2,2112.04,4962.76,metrica:Away:18,metrica:Away,metrica:Home,complete_ten_defenders_unavailable
2,2112.04,4962.76,metrica:Away:19,metrica:Away,metrica:Home,attacker_exposure_unavailable
2,2112.04,4962.76,metrica:Away:20,metrica:Away,metrica:Home,complete_ten_defenders_unavailable
2,2112.04,4962.76,metrica:Away:21,metrica:Away,metrica:Home,complete_ten_defenders_unavailable
2,2112.04,4962.76,metrica:Away:22,metrica:Away,metrica:Home,attacker_exposure_unavailable
2,2112.04,4962.76,metrica:Away:23,metrica:Away,metrica:Home,complete_ten_defenders_unavailable
2,2112.04,4962.76,metrica:Away:24,metrica:Away,metrica:Home,attacker_exposure_unavailable
2,2112.04,4962.76,metrica:Away:26,metrica:Away,metrica:Home,complete_ten_defenders_unavailable
2,2112.04,4962.76,metrica:Away:27,metrica:Away,metrica:Home,complete_ten_defenders_unavailable
2,2112.04,4962.76,metrica:Away:28,metrica:Away,metrica:Home,complete_ten_defenders_unavailable
2,2116.04,4966.76,metrica:Home:1,metrica:Home,metrica:Away,attacker_exposure_unavailable
2,2116.04,4966.76,metrica:Home:10,metrica:Home,metrica:Away,attacker_exposure_unavailable
2,2116.04,4966.76,metrica:Home:3,metrica:Home,metrica:Away,attacker_exposure_unavailable
2,2116.04,4966.76,metrica:Home:6,metrica:Home,metrica:Away,attacker_exposure_unavailable
2,2120.04,4970.76,metrica:Away:15,metrica:Away,metrica:Home,complete_ten_defenders_unavailable
2,2120.04,4970.76,metrica:Away:16,metrica:Away,metrica:Home,complete_ten_defenders_unavailable
2,2120.04,4970.76,metrica:Away:17,metrica:Away,metrica:Home,complete_ten_defenders_unavailable
2,2120.04,4970.76,metrica:Away:18,metrica:Away,metrica:Home,complete_ten_defenders_unavailable
2,2120.04,4970.76,metrica:Away:19,metrica:Away,metrica:Home,attacker_exposure_unavailable
2,2120.04,4970.76,metrica:Away:20,metrica:Away,metrica:Home,complete_ten_defenders_unavailable
2,2120.04,4970.76,metrica:Away:21,metrica:Away,metrica:Home,complete_ten_defenders_unavailable
2,2120.04,4970.76,metrica:Away:22,metrica:Away,metrica:Home,attacker_exposure_unavailable
2,2120.04,4970.76,metrica:Away:23,metrica:Away,metrica:Home,complete_ten_defenders_unavailable
2,2120.04,4970.76,metrica:Away:24,metrica:Away,metrica:Home,attacker_exposure_unavailable
2,2120.04,4970.76,metrica:Away:26,metrica:Away,metrica:Home,complete_ten_defenders_unavailable
2,2120.04,4970.76,metrica:Away:27,metrica:Away,metrica:Home,complete_ten_defenders_unavailable
2,2120.04,4970.76,metrica:Away:28,metrica:Away,metrica:Home,complete_ten_defenders_unavailable
2,2124.04,4974.76,metrica:Away:15,metrica:Away,metrica:Home,complete_ten_defenders_unavailable
2,2124.04,4974.76,metrica:Away:16,metrica:Away,metrica:Home,complete_ten_defenders_unavailable
2,2124.04,4974.76,metrica:Away:17,metrica:Away,metrica:Home,complete_ten_defenders_unavailable
2,2124.04,4974.76,metrica:Away:18,metrica:Away,metrica:Home,complete_ten_defenders_unavailable
2,2124.04,4974.76,metrica:Away:19,metrica:Away,metrica:Home,attacker_exposure_unavailable
2,2124.04,4974.76,metrica:Away:20,metrica:Away,metrica:Home,complete_ten_defenders_unavailable
2,2124.04,4974.76,metrica:Away:21,metrica:Away,metrica:Home,complete_ten_defenders_unavailable
2,2124.04,4974.76,metrica:Away:22,metrica:Away,metrica:Home,attacker_exposure_unavailable
2,2124.04,4974.76,metrica:Away:23,metrica:Away,metrica:Home,complete_ten_defenders_unavailable
2,2124.04,4974.76,metrica:Away:24,metrica:Away,metrica:Home,attacker_exposure_unavailable
2,2124.04,4974.76,metrica:Away:26,metrica:Away,metrica:Home,complete_ten_defenders_unavailable
2,2124.04,4974.76,metrica:Away:27,metrica:Away,metrica:Home,complete_ten_defenders_unavailable
2,2124.04,4974.76,metrica:Away:28,metrica:Away,metrica:Home,complete_ten_defenders_unavailable
2,2128.04,4978.76,metrica:Away:15,metrica:Away,metrica:Home,complete_ten_defenders_unavailable
2,2128.04,4978.76,metrica:Away:16,metrica:Away,metrica:Home,complete_ten_defenders_unavailable
2,2128.04,4978.76,metrica:Away:17,metrica:Away,metrica:Home,complete_ten_defenders_unavailable
2,2128.04,4978.76,metrica:Away:18,metrica:Away,metrica:Home,complete_ten_defenders_unavailable
2,2128.04,4978.76,metrica:Away:19,metrica:Away,metrica:Home,attacker_exposure_unavailable
2,2128.04,4978.76,metrica:Away:20,metrica:Away,metrica:Home,complete_ten_defenders_unavailable
2,2128.04,4978.76,metrica:Away:21,metrica:Away,metrica:Home,complete_ten_defenders_unavailable
2,2128.04,4978.76,metrica:Away:22,metrica:Away,metrica:Home,attacker_exposure_unavailable
2,2128.04,4978.76,metrica:Away:23,metrica:Away,metrica:Home,complete_ten_defenders_unavailable
2,2128.04,4978.76,metrica:Away:24,metrica:Away,metrica:Home,attacker_exposure_unavailable
2,2128.04,4978.76,metrica:Away:26,metrica:Away,metrica:Home,complete_ten_defenders_unavailable
2,2128.04,4978.76,metrica:Away:27,metrica:Away,metrica:Home,complete_ten_defenders_unavailable
2,2128.04,4978.76,metrica:Away:28,metrica:Away,metrica:Home,complete_ten_defenders_unavailable
2,2132.04,4982.76,metrica:Away:15,metrica:Away,metrica:Home,complete_ten_defenders_unavailable
2,2132.04,4982.76,metrica:Away:16,metrica:Away,metrica:Home,complete_ten_defenders_unavailable
2,2132.04,4982.76,metrica:Away:17,metrica:Away,metrica:Home,complete_ten_defenders_unavailable
2,2132.04,4982.76,metrica:Away:18,metrica:Away,metrica:Home,complete_ten_defenders_unavailable
2,2132.04,4982.76,metrica:Away:19,metrica:Away,metrica:Home,attacker_exposure_unavailable
2,2132.04,4982.76,metrica:Away:20,metrica:Away,metrica:Home,complete_ten_defenders_unavailable
2,2132.04,4982.76,metrica:Away:21,metrica:Away,metrica:Home,complete_ten_defenders_unavailable
2,2132.04,4982.76,metrica:Away:22,metrica:Away,metrica:Home,attacker_exposure_unavailable
2,2132.04,4982.76,metrica:Away:23,metrica:Away,metrica:Home,complete_ten_defenders_unavailable
2,2132.04,4982.76,metrica:Away:24,metrica:Away,metrica:Home,attacker_exposure_unavailable
2,2132.04,4982.76,metrica:Away:26,metrica:Away,metrica:Home,complete_ten_defenders_unavailable
2,2132.04,4982.76,metrica:Away:27,metrica:Away,metrica:Home,complete_ten_defenders_unavailable
2,2132.04,4982.76,metrica:Away:28,metrica:Away,metrica:Home,complete_ten_defenders_unavailable
2,2136.04,4986.76,metrica:Away:15,metrica:Away,metrica:Home,complete_ten_defenders_unavailable
2,2136.04,4986.76,metrica:Away:16,metrica:Away,metrica:Home,complete_ten_defenders_unavailable
2,2136.04,4986.76,metrica:Away:17,metrica:Away,metrica:Home,complete_ten_defenders_unavailable
2,2136.04,4986.76,metrica:Away:18,metrica:Away,metrica:Home,complete_ten_defenders_unavailable
2,2136.04,4986.76,metrica:Away:19,metrica:Away,metrica:Home,attacker_exposure_unavailable
2,2136.04,4986.76,metrica:Away:20,metrica:Away,metrica:Home,complete_ten_defenders_unavailable
2,2136.04,4986.76,metrica:Away:21,metrica:Away,metrica:Home,complete_ten_defenders_unavailable
2,2136.04,4986.76,metrica:Away:22,metrica:Away,metrica:Home,attacker_exposure_unavailable
2,2136.04,4986.76,metrica:Away:23,metrica:Away,metrica:Home,complete_ten_defenders_unavailable
2,2136.04,4986.76,metrica:Away:24,metrica:Away,metrica:Home,attacker_exposure_unavailable
2,2136.04,4986.76,metrica:Away:26,metrica:Away,metrica:Home,complete_ten_defenders_unavailable
2,2136.04,4986.76,metrica:Away:27,metrica:Away,metrica:Home,complete_ten_defenders_unavailable
2,2136.04,4986.76,metrica:Away:28,metrica:Away,metrica:Home,complete_ten_defenders_unavailable
2,2140.04,4990.76,metrica:Away:15,metrica:Away,metrica:Home,complete_ten_defenders_unavailable
2,2140.04,4990.76,metrica:Away:16,metrica:Away,metrica:Home,complete_ten_defenders_unavailable
2,2140.04,4990.76,metrica:Away:17,metrica:Away,metrica:Home,complete_ten_defenders_unavailable
2,2140.04,4990.76,metrica:Away:18,metrica:Away,metrica:Home,complete_ten_defenders_unavailable
2,2140.04,4990.76,metrica:Away:19,metrica:Away,metrica:Home,attacker_exposure_unavailable
2,2140.04,4990.76,metrica:Away:20,metrica:Away,metrica:Home,complete_ten_defenders_unavailable
2,2140.04,4990.76,metrica:Away:21,metrica:Away,metrica:Home,complete_ten_defenders_unavailable
2,2140.04,4990.76,metrica:Away:22,metrica:Away,metrica:Home,attacker_exposure_unavailable
2,2140.04,4990.76,metrica:Away:23,metrica:Away,metrica:Home,complete_ten_defenders_unavailable
2,2140.04,4990.76,metrica:Away:24,metrica:Away,metrica:Home,attacker_exposure_unavailable
2,2140.04,4990.76,metrica:Away:26,metrica:Away,metrica:Home,complete_ten_defenders_unavailable
2,2140.04,4990.76,metrica:Away:27,metrica:Away,metrica:Home,complete_ten_defenders_unavailable
2,2140.04,4990.76,metrica:Away:28,metrica:Away,metrica:Home,complete_ten_defenders_unavailable
2,2144.04,4994.76,metrica:Away:15,metrica:Away,metrica:Home,complete_ten_defenders_unavailable
2,2144.04,4994.76,metrica:Away:16,metrica:Away,metrica:Home,complete_ten_defenders_unavailable
2,2144.04,4994.76,metrica:Away:17,metrica:Away,metrica:Home,complete_ten_defenders_unavailable
2,2144.04,4994.76,metrica:Away:18,metrica:Away,metrica:Home,complete_ten_defenders_unavailable
2,2144.04,4994.76,metrica:Away:19,metrica:Away,metrica:Home,attacker_exposure_unavailable
2,2144.04,4994.76,metrica:Away:20,metrica:Away,metrica:Home,complete_ten_defenders_unavailable
2,2144.04,4994.76,metrica:Away:21,metrica:Away,metrica:Home,complete_ten_defenders_unavailable
2,2144.04,4994.76,metrica:Away:22,metrica:Away,metrica:Home,attacker_exposure_unavailable
2,2144.04,4994.76,metrica:Away:23,metrica:Away,metrica:Home,complete_ten_defenders_unavailable
2,2144.04,4994.76,metrica:Away:24,metrica:Away,metrica:Home,attacker_exposure_unavailable
2,2144.04,4994.76,metrica:Away:26,metrica:Away,metrica:Home,complete_ten_defenders_unavailable
2,2144.04,4994.76,metrica:Away:27,metrica:Away,metrica:Home,complete_ten_defenders_unavailable
2,2144.04,4994.76,metrica:Away:28,metrica:Away,metrica:Home,complete_ten_defenders_unavailable
2,2148.04,4998.76,metrica:Away:15,metrica:Away,metrica:Home,complete_ten_defenders_unavailable
2,2148.04,4998.76,metrica:Away:16,metrica:Away,metrica:Home,complete_ten_defenders_unavailable
2,2148.04,4998.76,metrica:Away:17,metrica:Away,metrica:Home,complete_ten_defenders_unavailable
2,2148.04,4998.76,metrica:Away:18,metrica:Away,metrica:Home,complete_ten_defenders_unavailable
2,2148.04,4998.76,metrica:Away:19,metrica:Away,metrica:Home,attacker_exposure_unavailable
2,2148.04,4998.76,metrica:Away:20,metrica:Away,metrica:Home,complete_ten_defenders_unavailable
2,2148.04,4998.76,metrica:Away:21,metrica:Away,metrica:Home,complete_ten_defenders_unavailable
2,2148.04,4998.76,metrica:Away:22,metrica:Away,metrica:Home,attacker_exposure_unavailable
2,2148.04,4998.76,metrica:Away:23,metrica:Away,metrica:Home,complete_ten_defenders_unavailable
2,2148.04,4998.76,metrica:Away:24,metrica:Away,metrica:Home,attacker_exposure_unavailable
2,2148.04,4998.76,metrica:Away:26,metrica:Away,metrica:Home,complete_ten_defenders_unavailable
2,2148.04,4998.76,metrica:Away:27,metrica:Away,metrica:Home,complete_ten_defenders_unavailable
2,2148.04,4998.76,metrica:Away:28,metrica:Away,metrica:Home,complete_ten_defenders_unavailable
2,2152.04,5002.76,metrica:Away:15,metrica:Away,metrica:Home,complete_ten_defenders_unavailable
2,2152.04,5002.76,metrica:Away:16,metrica:Away,metrica:Home,complete_ten_defenders_unavailable
2,2152.04,5002.76,metrica:Away:17,metrica:Away,metrica:Home,complete_ten_defenders_unavailable
2,2152.04,5002.76,metrica:Away:18,metrica:Away,metrica:Home,complete_ten_defenders_unavailable
2,2152.04,5002.76,metrica:Away:19,metrica:Away,metrica:Home,attacker_exposure_unavailable
2,2152.04,5002.76,metrica:Away:20,metrica:Away,metrica:Home,complete_ten_defenders_unavailable
2,2152.04,5002.76,metrica:Away:21,metrica:Away,metrica:Home,complete_ten_defenders_unavailable
2,2152.04,5002.76,metrica:Away:22,metrica:Away,metrica:Home,attacker_exposure_unavailable
2,2152.04,5002.76,metrica:Away:23,metrica:Away,metrica:Home,complete_ten_defenders_unavailable
2,2152.04,5002.76,metrica:Away:24,metrica:Away,metrica:Home,attacker_exposure_unavailable
2,2152.04,5002.76,metrica:Away:26,metrica:Away,metrica:Home,complete_ten_defenders_unavailable
2,2152.04,5002.76,metrica:Away:27,metrica:Away,metrica:Home,complete_ten_defenders_unavailable
2,2152.04,5002.76,metrica:Away:28,metrica:Away,metrica:Home,complete_ten_defenders_unavailable
2,2156.04,5006.76,metrica:Away:15,metrica:Away,metrica:Home,complete_ten_defenders_unavailable
2,2156.04,5006.76,metrica:Away:16,metrica:Away,metrica:Home,complete_ten_defenders_unavailable
2,2156.04,5006.76,metrica:Away:17,metrica:Away,metrica:Home,complete_ten_defenders_unavailable
2,2156.04,5006.76,metrica:Away:18,metrica:Away,metrica:Home,complete_ten_defenders_unavailable
2,2156.04,5006.76,metrica:Away:19,metrica:Away,metrica:Home,attacker_exposure_unavailable
2,2156.04,5006.76,metrica:Away:20,metrica:Away,metrica:Home,complete_ten_defenders_unavailable
2,2156.04,5006.76,metrica:Away:21,metrica:Away,metrica:Home,complete_ten_defenders_unavailable
2,2156.04,5006.76,metrica:Away:22,metrica:Away,metrica:Home,attacker_exposure_unavailable
2,2156.04,5006.76,metrica:Away:23,metrica:Away,metrica:Home,complete_ten_defenders_unavailable
2,2156.04,5006.76,metrica:Away:24,metrica:Away,metrica:Home,attacker_exposure_unavailable
2,2156.04,5006.76,metrica:Away:26,metrica:Away,metrica:Home,complete_ten_defenders_unavailable
2,2156.04,5006.76,metrica:Away:27,metrica:Away,metrica:Home,complete_ten_defenders_unavailable
2,2156.04,5006.76,metrica:Away:28,metrica:Away,metrica:Home,complete_ten_defenders_unavailable
2,2160.04,5010.76,metrica:Away:15,metrica:Away,metrica:Home,complete_ten_defenders_unavailable
2,2160.04,5010.76,metrica:Away:16,metrica:Away,metrica:Home,complete_ten_defenders_unavailable
2,2160.04,5010.76,metrica:Away:17,metrica:Away,metrica:Home,complete_ten_defenders_unavailable
2,2160.04,5010.76,metrica:Away:18,metrica:Away,metrica:Home,complete_ten_defenders_unavailable
2,2160.04,5010.76,metrica:Away:19,metrica:Away,metrica:Home,attacker_exposure_unavailable
2,2160.04,5010.76,metrica:Away:20,metrica:Away,metrica:Home,complete_ten_defenders_unavailable
2,2160.04,5010.76,metrica:Away:21,metrica:Away,metrica:Home,complete_ten_defenders_unavailable
2,2160.04,5010.76,metrica:Away:22,metrica:Away,metrica:Home,attacker_exposure_unavailable
2,2160.04,5010.76,metrica:Away:23,metrica:Away,metrica:Home,complete_ten_defenders_unavailable
2,2160.04,5010.76,metrica:Away:24,metrica:Away,metrica:Home,attacker_exposure_unavailable
2,2160.04,5010.76,metrica:Away:26,metrica:Away,metrica:Home,complete_ten_defenders_unavailable
2,2160.04,5010.76,metrica:Away:27,metrica:Away,metrica:Home,complete_ten_defenders_unavailable
2,2160.04,5010.76,metrica:Away:28,metrica:Away,metrica:Home,complete_ten_defenders_unavailable
2,2164.04,5014.76,metrica:Away:15,metrica:Away,metrica:Home,complete_ten_defenders_unavailable
2,2164.04,5014.76,metrica:Away:16,metrica:Away,metrica:Home,complete_ten_defenders_unavailable
2,2164.04,5014.76,metrica:Away:17,metrica:Away,metrica:Home,complete_ten_defenders_unavailable
2,2164.04,5014.76,metrica:Away:18,metrica:Away,metrica:Home,complete_ten_defenders_unavailable
2,2164.04,5014.76,metrica:Away:19,metrica:Away,metrica:Home,attacker_exposure_unavailable
2,2164.04,5014.76,metrica:Away:20,metrica:Away,metrica:Home,complete_ten_defenders_unavailable
2,2164.04,5014.76,metrica:Away:21,metrica:Away,metrica:Home,complete_ten_defenders_unavailable
2,2164.04,5014.76,metrica:Away:22,metrica:Away,metrica:Home,attacker_exposure_unavailable
2,2164.04,5014.76,metrica:Away:23,metrica:Away,metrica:Home,complete_ten_defenders_unavailable
2,2164.04,5014.76,metrica:Away:24,metrica:Away,metrica:Home,attacker_exposure_unavailable
2,2164.04,5014.76,metrica:Away:26,metrica:Away,metrica:Home,complete_ten_defenders_unavailable
2,2164.04,5014.76,metrica:Away:27,metrica:Away,metrica:Home,complete_ten_defenders_unavailable
2,2164.04,5014.76,metrica:Away:28,metrica:Away,metrica:Home,complete_ten_defenders_unavailable
2,2168.04,5018.76,metrica:Away:15,metrica:Away,metrica:Home,complete_ten_defenders_unavailable
2,2168.04,5018.76,metrica:Away:16,metrica:Away,metrica:Home,complete_ten_defenders_unavailable
2,2168.04,5018.76,metrica:Away:17,metrica:Away,metrica:Home,complete_ten_defenders_unavailable
2,2168.04,5018.76,metrica:Away:18,metrica:Away,metrica:Home,complete_ten_defenders_unavailable
2,2168.04,5018.76,metrica:Away:19,metrica:Away,metrica:Home,attacker_exposure_unavailable
2,2168.04,5018.76,metrica:Away:20,metrica:Away,metrica:Home,complete_ten_defenders_unavailable
2,2168.04,5018.76,metrica:Away:21,metrica:Away,metrica:Home,complete_ten_defenders_unavailable
2,2168.04,5018.76,metrica:Away:22,metrica:Away,metrica:Home,attacker_exposure_unavailable
2,2168.04,5018.76,metrica:Away:23,metrica:Away,metrica:Home,complete_ten_defenders_unavailable
2,2168.04,5018.76,metrica:Away:24,metrica:Away,metrica:Home,attacker_exposure_unavailable
2,2168.04,5018.76,metrica:Away:26,metrica:Away,metrica:Home,complete_ten_defenders_unavailable
2,2168.04,5018.76,metrica:Away:27,metrica:Away,metrica:Home,complete_ten_defenders_unavailable
2,2168.04,5018.76,metrica:Away:28,metrica:Away,metrica:Home,complete_ten_defenders_unavailable
2,2172.04,5022.76,metrica:Home:1,metrica:Home,metrica:Away,restart_or_ball_out_primary_span
2,2172.04,5022.76,metrica:Home:10,metrica:Home,metrica:Away,restart_or_ball_out_primary_span
2,2172.04,5022.76,metrica:Home:12,metrica:Home,metrica:Away,restart_or_ball_out_primary_span
2,2172.04,5022.76,metrica:Home:13,metrica:Home,metrica:Away,restart_or_ball_out_primary_span
2,2172.04,5022.76,metrica:Home:14,metrica:Home,metrica:Away,restart_or_ball_out_primary_span
2,2172.04,5022.76,metrica:Home:2,metrica:Home,metrica:Away,restart_or_ball_out_primary_span
2,2172.04,5022.76,metrica:Home:3,metrica:Home,metrica:Away,restart_or_ball_out_primary_span
2,2172.04,5022.76,metrica:Home:4,metrica:Home,metrica:Away,restart_or_ball_out_primary_span
2,2172.04,5022.76,metrica:Home:5,metrica:Home,metrica:Away,restart_or_ball_out_primary_span
2,2172.04,5022.76,metrica:Home:6,metrica:Home,metrica:Away,restart_or_ball_out_primary_span
2,2172.04,5022.76,metrica:Home:7,metrica:Home,metrica:Away,restart_or_ball_out_primary_span
2,2172.04,5022.76,metrica:Home:8,metrica:Home,metrica:Away,restart_or_ball_out_primary_span
2,2172.04,5022.76,metrica:Home:9,metrica:Home,metrica:Away,restart_or_ball_out_primary_span
2,2176.04,5026.76,metrica:Home:1,metrica:Home,metrica:Away,restart_or_ball_out_primary_span
2,2176.04,5026.76,metrica:Home:10,metrica:Home,metrica:Away,restart_or_ball_out_primary_span
2,2176.04,5026.76,metrica:Home:12,metrica:Home,metrica:Away,restart_or_ball_out_primary_span
2,2176.04,5026.76,metrica:Home:13,metrica:Home,metrica:Away,restart_or_ball_out_primary_span
2,2176.04,5026.76,metrica:Home:14,metrica:Home,metrica:Away,restart_or_ball_out_primary_span
2,2176.04,5026.76,metrica:Home:2,metrica:Home,metrica:Away,restart_or_ball_out_primary_span
2,2176.04,5026.76,metrica:Home:3,metrica:Home,metrica:Away,restart_or_ball_out_primary_span
2,2176.04,5026.76,metrica:Home:4,metrica:Home,metrica:Away,restart_or_ball_out_primary_span
2,2176.04,5026.76,metrica:Home:5,metrica:Home,metrica:Away,restart_or_ball_out_primary_span
2,2176.04,5026.76,metrica:Home:6,metrica:Home,metrica:Away,restart_or_ball_out_primary_span
2,2176.04,5026.76,metrica:Home:7,metrica:Home,metrica:Away,restart_or_ball_out_primary_span
2,2176.04,5026.76,metrica:Home:8,metrica:Home,metrica:Away,restart_or_ball_out_primary_span
2,2176.04,5026.76,metrica:Home:9,metrica:Home,metrica:Away,restart_or_ball_out_primary_span
2,2180.04,5030.76,metrica:Away:15,metrica:Away,metrica:Home,complete_ten_defenders_unavailable
2,2180.04,5030.76,metrica:Away:16,metrica:Away,metrica:Home,complete_ten_defenders_unavailable
2,2180.04,5030.76,metrica:Away:17,metrica:Away,metrica:Home,complete_ten_defenders_unavailable
2,2180.04,5030.76,metrica:Away:18,metrica:Away,metrica:Home,complete_ten_defenders_unavailable
2,2180.04,5030.76,metrica:Away:19,metrica:Away,metrica:Home,attacker_exposure_unavailable
2,2180.04,5030.76,metrica:Away:20,metrica:Away,metrica:Home,complete_ten_defenders_unavailable
2,2180.04,5030.76,metrica:Away:21,metrica:Away,metrica:Home,complete_ten_defenders_unavailable
2,2180.04,5030.76,metrica:Away:22,metrica:Away,metrica:Home,attacker_exposure_unavailable
2,2180.04,5030.76,metrica:Away:23,metrica:Away,metrica:Home,complete_ten_defenders_unavailable
2,2180.04,5030.76,metrica:Away:24,metrica:Away,metrica:Home,attacker_exposure_unavailable
2,2180.04,5030.76,metrica:Away:26,metrica:Away,metrica:Home,complete_ten_defenders_unavailable
2,2180.04,5030.76,metrica:Away:27,metrica:Away,metrica:Home,complete_ten_defenders_unavailable
2,2180.04,5030.76,metrica:Away:28,metrica:Away,metrica:Home,complete_ten_defenders_unavailable
2,2184.04,5034.76,metrica:Home:1,metrica:Home,metrica:Away,attacker_exposure_unavailable
2,2184.04,5034.76,metrica:Home:10,metrica:Home,metrica:Away,attacker_exposure_unavailable
2,2184.04,5034.76,metrica:Home:3,metrica:Home,metrica:Away,attacker_exposure_unavailable
2,2184.04,5034.76,metrica:Home:6,metrica:Home,metrica:Away,attacker_exposure_unavailable
2,2188.04,5038.76,metrica:Home:1,metrica:Home,metrica:Away,attacker_exposure_unavailable
2,2188.04,5038.76,metrica:Home:10,metrica:Home,metrica:Away,attacker_exposure_unavailable
2,2188.04,5038.76,metrica:Home:3,metrica:Home,metrica:Away,attacker_exposure_unavailable
2,2188.04,5038.76,metrica:Home:6,metrica:Home,metrica:Away,attacker_exposure_unavailable
2,2192.04,5042.76,metrica:Home:1,metrica:Home,metrica:Away,attacker_exposure_unavailable
2,2192.04,5042.76,metrica:Home:10,metrica:Home,metrica:Away,attacker_exposure_unavailable
2,2192.04,5042.76,metrica:Home:3,metrica:Home,metrica:Away,attacker_exposure_unavailable
2,2192.04,5042.76,metrica:Home:6,metrica:Home,metrica:Away,attacker_exposure_unavailable
2,2196.04,5046.76,metrica:Home:1,metrica:Home,metrica:Away,attacker_exposure_unavailable
2,2196.04,5046.76,metrica:Home:10,metrica:Home,metrica:Away,attacker_exposure_unavailable
2,2196.04,5046.76,metrica:Home:3,metrica:Home,metrica:Away,attacker_exposure_unavailable
2,2196.04,5046.76,metrica:Home:6,metrica:Home,metrica:Away,attacker_exposure_unavailable
2,2200.04,5050.76,metrica:Home:1,metrica:Home,metrica:Away,attacker_exposure_unavailable
2,2200.04,5050.76,metrica:Home:10,metrica:Home,metrica:Away,attacker_exposure_unavailable
2,2200.04,5050.76,metrica:Home:3,metrica:Home,metrica:Away,attacker_exposure_unavailable
2,2200.04,5050.76,metrica:Home:6,metrica:Home,metrica:Away,attacker_exposure_unavailable
2,2204.04,5054.76,metrica:Home:1,metrica:Home,metrica:Away,attacker_exposure_unavailable
2,2204.04,5054.76,metrica:Home:10,metrica:Home,metrica:Away,attacker_exposure_unavailable
2,2204.04,5054.76,metrica:Home:3,metrica:Home,metrica:Away,attacker_exposure_unavailable
2,2204.04,5054.76,metrica:Home:6,metrica:Home,metrica:Away,attacker_exposure_unavailable
2,2208.04,5058.76,metrica:Home:1,metrica:Home,metrica:Away,attacker_exposure_unavailable
2,2208.04,5058.76,metrica:Home:10,metrica:Home,metrica:Away,attacker_exposure_unavailable
2,2208.04,5058.76,metrica:Home:3,metrica:Home,metrica:Away,attacker_exposure_unavailable
2,2208.04,5058.76,metrica:Home:6,metrica:Home,metrica:Away,attacker_exposure_unavailable
2,2212.04,5062.76,metrica:Home:1,metrica:Home,metrica:Away,attacker_exposure_unavailable
2,2212.04,5062.76,metrica:Home:10,metrica:Home,metrica:Away,attacker_exposure_unavailable
2,2212.04,5062.76,metrica:Home:3,metrica:Home,metrica:Away,attacker_exposure_unavailable
2,2212.04,5062.76,metrica:Home:6,metrica:Home,metrica:Away,attacker_exposure_unavailable
2,2216.04,5066.76,metrica:Home:1,metrica:Home,metrica:Away,attacker_exposure_unavailable
2,2216.04,5066.76,metrica:Home:10,metrica:Home,metrica:Away,attacker_exposure_unavailable
2,2216.04,5066.76,metrica:Home:3,metrica:Home,metrica:Away,attacker_exposure_unavailable
2,2216.04,5066.76,metrica:Home:6,metrica:Home,metrica:Away,attacker_exposure_unavailable
2,2220.04,5070.76,metrica:Home:1,metrica:Home,metrica:Away,restart_or_ball_out_primary_span
2,2220.04,5070.76,metrica:Home:10,metrica:Home,metrica:Away,restart_or_ball_out_primary_span
2,2220.04,5070.76,metrica:Home:12,metrica:Home,metrica:Away,restart_or_ball_out_primary_span
2,2220.04,5070.76,metrica:Home:13,metrica:Home,metrica:Away,restart_or_ball_out_primary_span
2,2220.04,5070.76,metrica:Home:14,metrica:Home,metrica:Away,restart_or_ball_out_primary_span
2,2220.04,5070.76,metrica:Home:2,metrica:Home,metrica:Away,restart_or_ball_out_primary_span
2,2220.04,5070.76,metrica:Home:3,metrica:Home,metrica:Away,restart_or_ball_out_primary_span
2,2220.04,5070.76,metrica:Home:4,metrica:Home,metrica:Away,restart_or_ball_out_primary_span
2,2220.04,5070.76,metrica:Home:5,metrica:Home,metrica:Away,restart_or_ball_out_primary_span
2,2220.04,5070.76,metrica:Home:6,metrica:Home,metrica:Away,restart_or_ball_out_primary_span
2,2220.04,5070.76,metrica:Home:7,metrica:Home,metrica:Away,restart_or_ball_out_primary_span
2,2220.04,5070.76,metrica:Home:8,metrica:Home,metrica:Away,restart_or_ball_out_primary_span
2,2220.04,5070.76,metrica:Home:9,metrica:Home,metrica:Away,restart_or_ball_out_primary_span
2,2224.04,5074.76,metrica:Home:1,metrica:Home,metrica:Away,restart_or_ball_out_primary_span
2,2224.04,5074.76,metrica:Home:10,metrica:Home,metrica:Away,restart_or_ball_out_primary_span
2,2224.04,5074.76,metrica:Home:12,metrica:Home,metrica:Away,restart_or_ball_out_primary_span
2,2224.04,5074.76,metrica:Home:13,metrica:Home,metrica:Away,restart_or_ball_out_primary_span
2,2224.04,5074.76,metrica:Home:14,metrica:Home,metrica:Away,restart_or_ball_out_primary_span
2,2224.04,5074.76,metrica:Home:2,metrica:Home,metrica:Away,restart_or_ball_out_primary_span
2,2224.04,5074.76,metrica:Home:3,metrica:Home,metrica:Away,restart_or_ball_out_primary_span
2,2224.04,5074.76,metrica:Home:4,metrica:Home,metrica:Away,restart_or_ball_out_primary_span
2,2224.04,5074.76,metrica:Home:5,metrica:Home,metrica:Away,restart_or_ball_out_primary_span
2,2224.04,5074.76,metrica:Home:6,metrica:Home,metrica:Away,restart_or_ball_out_primary_span
2,2224.04,5074.76,metrica:Home:7,metrica:Home,metrica:Away,restart_or_ball_out_primary_span
2,2224.04,5074.76,metrica:Home:8,metrica:Home,metrica:Away,restart_or_ball_out_primary_span
2,2224.04,5074.76,metrica:Home:9,metrica:Home,metrica:Away,restart_or_ball_out_primary_span
2,2228.04,5078.76,metrica:Home:1,metrica:Home,metrica:Away,attacker_exposure_unavailable
2,2228.04,5078.76,metrica:Home:10,metrica:Home,metrica:Away,attacker_exposure_unavailable
2,2228.04,5078.76,metrica:Home:3,metrica:Home,metrica:Away,attacker_exposure_unavailable
2,2228.04,5078.76,metrica:Home:6,metrica:Home,metrica:Away,attacker_exposure_unavailable
2,2232.04,5082.76,metrica:Home:1,metrica:Home,metrica:Away,attacker_exposure_unavailable
2,2232.04,5082.76,metrica:Home:10,metrica:Home,metrica:Away,attacker_exposure_unavailable
2,2232.04,5082.76,metrica:Home:3,metrica:Home,metrica:Away,attacker_exposure_unavailable
2,2232.04,5082.76,metrica:Home:6,metrica:Home,metrica:Away,attacker_exposure_unavailable
2,2236.04,5086.76,metrica:Away:15,metrica:Away,metrica:Home,complete_ten_defenders_unavailable
2,2236.04,5086.76,metrica:Away:16,metrica:Away,metrica:Home,complete_ten_defenders_unavailable
2,2236.04,5086.76,metrica:Away:17,metrica:Away,metrica:Home,complete_ten_defenders_unavailable
2,2236.04,5086.76,metrica:Away:18,metrica:Away,metrica:Home,complete_ten_defenders_unavailable
2,2236.04,5086.76,metrica:Away:19,metrica:Away,metrica:Home,attacker_exposure_unavailable
2,2236.04,5086.76,metrica:Away:20,metrica:Away,metrica:Home,complete_ten_defenders_unavailable
2,2236.04,5086.76,metrica:Away:21,metrica:Away,metrica:Home,complete_ten_defenders_unavailable
2,2236.04,5086.76,metrica:Away:22,metrica:Away,metrica:Home,attacker_exposure_unavailable
2,2236.04,5086.76,metrica:Away:23,metrica:Away,metrica:Home,complete_ten_defenders_unavailable
2,2236.04,5086.76,metrica:Away:24,metrica:Away,metrica:Home,attacker_exposure_unavailable
2,2236.04,5086.76,metrica:Away:26,metrica:Away,metrica:Home,complete_ten_defenders_unavailable
2,2236.04,5086.76,metrica:Away:27,metrica:Away,metrica:Home,complete_ten_defenders_unavailable
2,2236.04,5086.76,metrica:Away:28,metrica:Away,metrica:Home,complete_ten_defenders_unavailable
2,2240.04,5090.76,metrica:Away:15,metrica:Away,metrica:Home,complete_ten_defenders_unavailable
2,2240.04,5090.76,metrica:Away:16,metrica:Away,metrica:Home,complete_ten_defenders_unavailable
2,2240.04,5090.76,metrica:Away:17,metrica:Away,metrica:Home,complete_ten_defenders_unavailable
2,2240.04,5090.76,metrica:Away:18,metrica:Away,metrica:Home,complete_ten_defenders_unavailable
2,2240.04,5090.76,metrica:Away:19,metrica:Away,metrica:Home,attacker_exposure_unavailable
2,2240.04,5090.76,metrica:Away:20,metrica:Away,metrica:Home,complete_ten_defenders_unavailable
2,2240.04,5090.76,metrica:Away:21,metrica:Away,metrica:Home,complete_ten_defenders_unavailable
2,2240.04,5090.76,metrica:Away:22,metrica:Away,metrica:Home,attacker_exposure_unavailable
2,2240.04,5090.76,metrica:Away:23,metrica:Away,metrica:Home,complete_ten_defenders_unavailable
2,2240.04,5090.76,metrica:Away:24,metrica:Away,metrica:Home,attacker_exposure_unavailable
2,2240.04,5090.76,metrica:Away:26,metrica:Away,metrica:Home,complete_ten_defenders_unavailable
2,2240.04,5090.76,metrica:Away:27,metrica:Away,metrica:Home,complete_ten_defenders_unavailable
2,2240.04,5090.76,metrica:Away:28,metrica:Away,metrica:Home,complete_ten_defenders_unavailable
2,2244.04,5094.76,metrica:Away:15,metrica:Away,metrica:Home,complete_ten_defenders_unavailable
2,2244.04,5094.76,metrica:Away:16,metrica:Away,metrica:Home,complete_ten_defenders_unavailable
2,2244.04,5094.76,metrica:Away:17,metrica:Away,metrica:Home,complete_ten_defenders_unavailable
2,2244.04,5094.76,metrica:Away:18,metrica:Away,metrica:Home,complete_ten_defenders_unavailable
2,2244.04,5094.76,metrica:Away:19,metrica:Away,metrica:Home,attacker_exposure_unavailable
2,2244.04,5094.76,metrica:Away:20,metrica:Away,metrica:Home,complete_ten_defenders_unavailable
2,2244.04,5094.76,metrica:Away:21,metrica:Away,metrica:Home,complete_ten_defenders_unavailable
2,2244.04,5094.76,metrica:Away:22,metrica:Away,metrica:Home,attacker_exposure_unavailable
2,2244.04,5094.76,metrica:Away:23,metrica:Away,metrica:Home,complete_ten_defenders_unavailable
2,2244.04,5094.76,metrica:Away:24,metrica:Away,metrica:Home,attacker_exposure_unavailable
2,2244.04,5094.76,metrica:Away:26,metrica:Away,metrica:Home,complete_ten_defenders_unavailable
2,2244.04,5094.76,metrica:Away:27,metrica:Away,metrica:Home,complete_ten_defenders_unavailable
2,2244.04,5094.76,metrica:Away:28,metrica:Away,metrica:Home,complete_ten_defenders_unavailable
2,2248.04,5098.76,metrica:Away:15,metrica:Away,metrica:Home,complete_ten_defenders_unavailable
2,2248.04,5098.76,metrica:Away:16,metrica:Away,metrica:Home,complete_ten_defenders_unavailable
2,2248.04,5098.76,metrica:Away:17,metrica:Away,metrica:Home,complete_ten_defenders_unavailable
2,2248.04,5098.76,metrica:Away:18,metrica:Away,metrica:Home,complete_ten_defenders_unavailable
2,2248.04,5098.76,metrica:Away:19,metrica:Away,metrica:Home,attacker_exposure_unavailable
2,2248.04,5098.76,metrica:Away:20,metrica:Away,metrica:Home,complete_ten_defenders_unavailable
2,2248.04,5098.76,metrica:Away:21,metrica:Away,metrica:Home,complete_ten_defenders_unavailable
2,2248.04,5098.76,metrica:Away:22,metrica:Away,metrica:Home,attacker_exposure_unavailable
2,2248.04,5098.76,metrica:Away:23,metrica:Away,metrica:Home,complete_ten_defenders_unavailable
2,2248.04,5098.76,metrica:Away:24,metrica:Away,metrica:Home,attacker_exposure_unavailable
2,2248.04,5098.76,metrica:Away:26,metrica:Away,metrica:Home,complete_ten_defenders_unavailable
2,2248.04,5098.76,metrica:Away:27,metrica:Away,metrica:Home,complete_ten_defenders_unavailable
2,2248.04,5098.76,metrica:Away:28,metrica:Away,metrica:Home,complete_ten_defenders_unavailable
2,2252.04,5102.76,metrica:Home:1,metrica:Home,metrica:Away,attacker_exposure_unavailable
2,2252.04,5102.76,metrica:Home:10,metrica:Home,metrica:Away,attacker_exposure_unavailable
2,2252.04,5102.76,metrica:Home:3,metrica:Home,metrica:Away,attacker_exposure_unavailable
2,2252.04,5102.76,metrica:Home:6,metrica:Home,metrica:Away,attacker_exposure_unavailable
2,2256.04,5106.76,metrica:Home:1,metrica:Home,metrica:Away,attacker_exposure_unavailable
2,2256.04,5106.76,metrica:Home:10,metrica:Home,metrica:Away,attacker_exposure_unavailable
2,2256.04,5106.76,metrica:Home:3,metrica:Home,metrica:Away,attacker_exposure_unavailable
2,2256.04,5106.76,metrica:Home:6,metrica:Home,metrica:Away,attacker_exposure_unavailable
2,2260.04,5110.76,metrica:Away:15,metrica:Away,metrica:Home,complete_ten_defenders_unavailable
2,2260.04,5110.76,metrica:Away:16,metrica:Away,metrica:Home,complete_ten_defenders_unavailable
2,2260.04,5110.76,metrica:Away:17,metrica:Away,metrica:Home,complete_ten_defenders_unavailable
2,2260.04,5110.76,metrica:Away:18,metrica:Away,metrica:Home,complete_ten_defenders_unavailable
2,2260.04,5110.76,metrica:Away:19,metrica:Away,metrica:Home,attacker_exposure_unavailable
2,2260.04,5110.76,metrica:Away:20,metrica:Away,metrica:Home,complete_ten_defenders_unavailable
2,2260.04,5110.76,metrica:Away:21,metrica:Away,metrica:Home,complete_ten_defenders_unavailable
2,2260.04,5110.76,metrica:Away:22,metrica:Away,metrica:Home,attacker_exposure_unavailable
2,2260.04,5110.76,metrica:Away:23,metrica:Away,metrica:Home,complete_ten_defenders_unavailable
2,2260.04,5110.76,metrica:Away:24,metrica:Away,metrica:Home,attacker_exposure_unavailable
2,2260.04,5110.76,metrica:Away:26,metrica:Away,metrica:Home,complete_ten_defenders_unavailable
2,2260.04,5110.76,metrica:Away:27,metrica:Away,metrica:Home,complete_ten_defenders_unavailable
2,2260.04,5110.76,metrica:Away:28,metrica:Away,metrica:Home,complete_ten_defenders_unavailable
2,2264.04,5114.76,metrica:Away:15,metrica:Away,metrica:Home,complete_ten_defenders_unavailable
2,2264.04,5114.76,metrica:Away:16,metrica:Away,metrica:Home,complete_ten_defenders_unavailable
2,2264.04,5114.76,metrica:Away:17,metrica:Away,metrica:Home,complete_ten_defenders_unavailable
2,2264.04,5114.76,metrica:Away:18,metrica:Away,metrica:Home,complete_ten_defenders_unavailable
2,2264.04,5114.76,metrica:Away:19,metrica:Away,metrica:Home,attacker_exposure_unavailable
2,2264.04,5114.76,metrica:Away:20,metrica:Away,metrica:Home,complete_ten_defenders_unavailable
2,2264.04,5114.76,metrica:Away:21,metrica:Away,metrica:Home,complete_ten_defenders_unavailable
2,2264.04,5114.76,metrica:Away:22,metrica:Away,metrica:Home,attacker_exposure_unavailable
2,2264.04,5114.76,metrica:Away:23,metrica:Away,metrica:Home,complete_ten_defenders_unavailable
2,2264.04,5114.76,metrica:Away:24,metrica:Away,metrica:Home,attacker_exposure_unavailable
2,2264.04,5114.76,metrica:Away:26,metrica:Away,metrica:Home,complete_ten_defenders_unavailable
2,2264.04,5114.76,metrica:Away:27,metrica:Away,metrica:Home,complete_ten_defenders_unavailable
2,2264.04,5114.76,metrica:Away:28,metrica:Away,metrica:Home,complete_ten_defenders_unavailable
2,2268.04,5118.76,metrica:Home:1,metrica:Home,metrica:Away,attacker_exposure_unavailable
2,2268.04,5118.76,metrica:Home:10,metrica:Home,metrica:Away,attacker_exposure_unavailable
2,2268.04,5118.76,metrica:Home:3,metrica:Home,metrica:Away,attacker_exposure_unavailable
2,2268.04,5118.76,metrica:Home:6,metrica:Home,metrica:Away,attacker_exposure_unavailable
2,2272.04,5122.76,metrica:Home:1,metrica:Home,metrica:Away,attacker_exposure_unavailable
2,2272.04,5122.76,metrica:Home:10,metrica:Home,metrica:Away,attacker_exposure_unavailable
2,2272.04,5122.76,metrica:Home:3,metrica:Home,metrica:Away,attacker_exposure_unavailable
2,2272.04,5122.76,metrica:Home:6,metrica:Home,metrica:Away,attacker_exposure_unavailable
2,2276.04,5126.76,metrica:Home:1,metrica:Home,metrica:Away,attacker_exposure_unavailable
2,2276.04,5126.76,metrica:Home:10,metrica:Home,metrica:Away,attacker_exposure_unavailable
2,2276.04,5126.76,metrica:Home:3,metrica:Home,metrica:Away,attacker_exposure_unavailable
2,2276.04,5126.76,metrica:Home:6,metrica:Home,metrica:Away,attacker_exposure_unavailable
2,2280.04,5130.76,metrica:Home:1,metrica:Home,metrica:Away,attacker_exposure_unavailable
2,2280.04,5130.76,metrica:Home:10,metrica:Home,metrica:Away,attacker_exposure_unavailable
2,2280.04,5130.76,metrica:Home:3,metrica:Home,metrica:Away,attacker_exposure_unavailable
2,2280.04,5130.76,metrica:Home:6,metrica:Home,metrica:Away,attacker_exposure_unavailable
2,2284.04,5134.76,metrica:Away:15,metrica:Away,metrica:Home,complete_ten_defenders_unavailable
2,2284.04,5134.76,metrica:Away:16,metrica:Away,metrica:Home,complete_ten_defenders_unavailable
2,2284.04,5134.76,metrica:Away:17,metrica:Away,metrica:Home,complete_ten_defenders_unavailable
2,2284.04,5134.76,metrica:Away:18,metrica:Away,metrica:Home,complete_ten_defenders_unavailable
2,2284.04,5134.76,metrica:Away:19,metrica:Away,metrica:Home,attacker_exposure_unavailable
2,2284.04,5134.76,metrica:Away:20,metrica:Away,metrica:Home,complete_ten_defenders_unavailable
2,2284.04,5134.76,metrica:Away:21,metrica:Away,metrica:Home,complete_ten_defenders_unavailable
2,2284.04,5134.76,metrica:Away:22,metrica:Away,metrica:Home,attacker_exposure_unavailable
2,2284.04,5134.76,metrica:Away:23,metrica:Away,metrica:Home,complete_ten_defenders_unavailable
2,2284.04,5134.76,metrica:Away:24,metrica:Away,metrica:Home,attacker_exposure_unavailable
2,2284.04,5134.76,metrica:Away:26,metrica:Away,metrica:Home,complete_ten_defenders_unavailable
2,2284.04,5134.76,metrica:Away:27,metrica:Away,metrica:Home,complete_ten_defenders_unavailable
2,2284.04,5134.76,metrica:Away:28,metrica:Away,metrica:Home,complete_ten_defenders_unavailable
2,2288.04,5138.76,metrica:Away:15,metrica:Away,metrica:Home,complete_ten_defenders_unavailable
2,2288.04,5138.76,metrica:Away:16,metrica:Away,metrica:Home,complete_ten_defenders_unavailable
2,2288.04,5138.76,metrica:Away:17,metrica:Away,metrica:Home,complete_ten_defenders_unavailable
2,2288.04,5138.76,metrica:Away:18,metrica:Away,metrica:Home,complete_ten_defenders_unavailable
2,2288.04,5138.76,metrica:Away:19,metrica:Away,metrica:Home,attacker_exposure_unavailable
2,2288.04,5138.76,metrica:Away:20,metrica:Away,metrica:Home,complete_ten_defenders_unavailable
2,2288.04,5138.76,metrica:Away:21,metrica:Away,metrica:Home,complete_ten_defenders_unavailable
2,2288.04,5138.76,metrica:Away:22,metrica:Away,metrica:Home,attacker_exposure_unavailable
2,2288.04,5138.76,metrica:Away:23,metrica:Away,metrica:Home,complete_ten_defenders_unavailable
2,2288.04,5138.76,metrica:Away:24,metrica:Away,metrica:Home,attacker_exposure_unavailable
2,2288.04,5138.76,metrica:Away:26,metrica:Away,metrica:Home,complete_ten_defenders_unavailable
2,2288.04,5138.76,metrica:Away:27,metrica:Away,metrica:Home,complete_ten_defenders_unavailable
2,2288.04,5138.76,metrica:Away:28,metrica:Away,metrica:Home,complete_ten_defenders_unavailable
2,2292.04,5142.76,metrica:Away:15,metrica:Away,metrica:Home,complete_ten_defenders_unavailable
2,2292.04,5142.76,metrica:Away:16,metrica:Away,metrica:Home,complete_ten_defenders_unavailable
2,2292.04,5142.76,metrica:Away:17,metrica:Away,metrica:Home,complete_ten_defenders_unavailable
2,2292.04,5142.76,metrica:Away:18,metrica:Away,metrica:Home,complete_ten_defenders_unavailable
2,2292.04,5142.76,metrica:Away:19,metrica:Away,metrica:Home,attacker_exposure_unavailable
2,2292.04,5142.76,metrica:Away:20,metrica:Away,metrica:Home,complete_ten_defenders_unavailable
2,2292.04,5142.76,metrica:Away:21,metrica:Away,metrica:Home,complete_ten_defenders_unavailable
2,2292.04,5142.76,metrica:Away:22,metrica:Away,metrica:Home,attacker_exposure_unavailable
2,2292.04,5142.76,metrica:Away:23,metrica:Away,metrica:Home,complete_ten_defenders_unavailable
2,2292.04,5142.76,metrica:Away:24,metrica:Away,metrica:Home,attacker_exposure_unavailable
2,2292.04,5142.76,metrica:Away:26,metrica:Away,metrica:Home,complete_ten_defenders_unavailable
2,2292.04,5142.76,metrica:Away:27,metrica:Away,metrica:Home,complete_ten_defenders_unavailable
2,2292.04,5142.76,metrica:Away:28,metrica:Away,metrica:Home,complete_ten_defenders_unavailable
2,2296.04,5146.76,metrica:Away:15,metrica:Away,metrica:Home,complete_ten_defenders_unavailable
2,2296.04,5146.76,metrica:Away:16,metrica:Away,metrica:Home,complete_ten_defenders_unavailable
2,2296.04,5146.76,metrica:Away:17,metrica:Away,metrica:Home,complete_ten_defenders_unavailable
2,2296.04,5146.76,metrica:Away:18,metrica:Away,metrica:Home,complete_ten_defenders_unavailable
2,2296.04,5146.76,metrica:Away:19,metrica:Away,metrica:Home,attacker_exposure_unavailable
2,2296.04,5146.76,metrica:Away:20,metrica:Away,metrica:Home,complete_ten_defenders_unavailable
2,2296.04,5146.76,metrica:Away:21,metrica:Away,metrica:Home,complete_ten_defenders_unavailable
2,2296.04,5146.76,metrica:Away:22,metrica:Away,metrica:Home,attacker_exposure_unavailable
2,2296.04,5146.76,metrica:Away:23,metrica:Away,metrica:Home,complete_ten_defenders_unavailable
2,2296.04,5146.76,metrica:Away:24,metrica:Away,metrica:Home,attacker_exposure_unavailable
2,2296.04,5146.76,metrica:Away:26,metrica:Away,metrica:Home,complete_ten_defenders_unavailable
2,2296.04,5146.76,metrica:Away:27,metrica:Away,metrica:Home,complete_ten_defenders_unavailable
2,2296.04,5146.76,metrica:Away:28,metrica:Away,metrica:Home,complete_ten_defenders_unavailable
2,2300.04,5150.76,metrica:Away:15,metrica:Away,metrica:Home,complete_ten_defenders_unavailable
2,2300.04,5150.76,metrica:Away:16,metrica:Away,metrica:Home,complete_ten_defenders_unavailable
2,2300.04,5150.76,metrica:Away:17,metrica:Away,metrica:Home,complete_ten_defenders_unavailable
2,2300.04,5150.76,metrica:Away:18,metrica:Away,metrica:Home,complete_ten_defenders_unavailable
2,2300.04,5150.76,metrica:Away:19,metrica:Away,metrica:Home,attacker_exposure_unavailable
2,2300.04,5150.76,metrica:Away:20,metrica:Away,metrica:Home,complete_ten_defenders_unavailable
2,2300.04,5150.76,metrica:Away:21,metrica:Away,metrica:Home,complete_ten_defenders_unavailable
2,2300.04,5150.76,metrica:Away:22,metrica:Away,metrica:Home,attacker_exposure_unavailable
2,2300.04,5150.76,metrica:Away:23,metrica:Away,metrica:Home,complete_ten_defenders_unavailable
2,2300.04,5150.76,metrica:Away:24,metrica:Away,metrica:Home,attacker_exposure_unavailable
2,2300.04,5150.76,metrica:Away:26,metrica:Away,metrica:Home,complete_ten_defenders_unavailable
2,2300.04,5150.76,metrica:Away:27,metrica:Away,metrica:Home,complete_ten_defenders_unavailable
2,2300.04,5150.76,metrica:Away:28,metrica:Away,metrica:Home,complete_ten_defenders_unavailable
2,2304.04,5154.76,metrica:Away:15,metrica:Away,metrica:Home,complete_ten_defenders_unavailable
2,2304.04,5154.76,metrica:Away:16,metrica:Away,metrica:Home,complete_ten_defenders_unavailable
2,2304.04,5154.76,metrica:Away:17,metrica:Away,metrica:Home,complete_ten_defenders_unavailable
2,2304.04,5154.76,metrica:Away:18,metrica:Away,metrica:Home,complete_ten_defenders_unavailable
2,2304.04,5154.76,metrica:Away:19,metrica:Away,metrica:Home,attacker_exposure_unavailable
2,2304.04,5154.76,metrica:Away:20,metrica:Away,metrica:Home,complete_ten_defenders_unavailable
2,2304.04,5154.76,metrica:Away:21,metrica:Away,metrica:Home,complete_ten_defenders_unavailable
2,2304.04,5154.76,metrica:Away:22,metrica:Away,metrica:Home,attacker_exposure_unavailable
2,2304.04,5154.76,metrica:Away:23,metrica:Away,metrica:Home,complete_ten_defenders_unavailable
2,2304.04,5154.76,metrica:Away:24,metrica:Away,metrica:Home,attacker_exposure_unavailable
2,2304.04,5154.76,metrica:Away:26,metrica:Away,metrica:Home,complete_ten_defenders_unavailable
2,2304.04,5154.76,metrica:Away:27,metrica:Away,metrica:Home,complete_ten_defenders_unavailable
2,2304.04,5154.76,metrica:Away:28,metrica:Away,metrica:Home,complete_ten_defenders_unavailable
2,2308.04,5158.76,metrica:Away:15,metrica:Away,metrica:Home,complete_ten_defenders_unavailable
2,2308.04,5158.76,metrica:Away:16,metrica:Away,metrica:Home,complete_ten_defenders_unavailable
2,2308.04,5158.76,metrica:Away:17,metrica:Away,metrica:Home,complete_ten_defenders_unavailable
2,2308.04,5158.76,metrica:Away:18,metrica:Away,metrica:Home,complete_ten_defenders_unavailable
2,2308.04,5158.76,metrica:Away:19,metrica:Away,metrica:Home,attacker_exposure_unavailable
2,2308.04,5158.76,metrica:Away:20,metrica:Away,metrica:Home,complete_ten_defenders_unavailable
2,2308.04,5158.76,metrica:Away:21,metrica:Away,metrica:Home,complete_ten_defenders_unavailable
2,2308.04,5158.76,metrica:Away:22,metrica:Away,metrica:Home,attacker_exposure_unavailable
2,2308.04,5158.76,metrica:Away:23,metrica:Away,metrica:Home,complete_ten_defenders_unavailable
2,2308.04,5158.76,metrica:Away:24,metrica:Away,metrica:Home,attacker_exposure_unavailable
2,2308.04,5158.76,metrica:Away:26,metrica:Away,metrica:Home,complete_ten_defenders_unavailable
2,2308.04,5158.76,metrica:Away:27,metrica:Away,metrica:Home,complete_ten_defenders_unavailable
2,2308.04,5158.76,metrica:Away:28,metrica:Away,metrica:Home,complete_ten_defenders_unavailable
2,2312.04,5162.76,metrica:Away:15,metrica:Away,metrica:Home,complete_ten_defenders_unavailable
2,2312.04,5162.76,metrica:Away:16,metrica:Away,metrica:Home,complete_ten_defenders_unavailable
2,2312.04,5162.76,metrica:Away:17,metrica:Away,metrica:Home,complete_ten_defenders_unavailable
2,2312.04,5162.76,metrica:Away:18,metrica:Away,metrica:Home,complete_ten_defenders_unavailable
2,2312.04,5162.76,metrica:Away:19,metrica:Away,metrica:Home,attacker_exposure_unavailable
2,2312.04,5162.76,metrica:Away:20,metrica:Away,metrica:Home,complete_ten_defenders_unavailable
2,2312.04,5162.76,metrica:Away:21,metrica:Away,metrica:Home,complete_ten_defenders_unavailable
2,2312.04,5162.76,metrica:Away:22,metrica:Away,metrica:Home,attacker_exposure_unavailable
2,2312.04,5162.76,metrica:Away:23,metrica:Away,metrica:Home,complete_ten_defenders_unavailable
2,2312.04,5162.76,metrica:Away:24,metrica:Away,metrica:Home,attacker_exposure_unavailable
2,2312.04,5162.76,metrica:Away:26,metrica:Away,metrica:Home,complete_ten_defenders_unavailable
2,2312.04,5162.76,metrica:Away:27,metrica:Away,metrica:Home,complete_ten_defenders_unavailable
2,2312.04,5162.76,metrica:Away:28,metrica:Away,metrica:Home,complete_ten_defenders_unavailable
2,2316.04,5166.76,metrica:Away:15,metrica:Away,metrica:Home,complete_ten_defenders_unavailable
2,2316.04,5166.76,metrica:Away:16,metrica:Away,metrica:Home,complete_ten_defenders_unavailable
2,2316.04,5166.76,metrica:Away:17,metrica:Away,metrica:Home,complete_ten_defenders_unavailable
2,2316.04,5166.76,metrica:Away:18,metrica:Away,metrica:Home,complete_ten_defenders_unavailable
2,2316.04,5166.76,metrica:Away:19,metrica:Away,metrica:Home,attacker_exposure_unavailable
2,2316.04,5166.76,metrica:Away:20,metrica:Away,metrica:Home,complete_ten_defenders_unavailable
2,2316.04,5166.76,metrica:Away:21,metrica:Away,metrica:Home,complete_ten_defenders_unavailable
2,2316.04,5166.76,metrica:Away:22,metrica:Away,metrica:Home,attacker_exposure_unavailable
2,2316.04,5166.76,metrica:Away:23,metrica:Away,metrica:Home,complete_ten_defenders_unavailable
2,2316.04,5166.76,metrica:Away:24,metrica:Away,metrica:Home,attacker_exposure_unavailable
2,2316.04,5166.76,metrica:Away:26,metrica:Away,metrica:Home,complete_ten_defenders_unavailable
2,2316.04,5166.76,metrica:Away:27,metrica:Away,metrica:Home,complete_ten_defenders_unavailable
2,2316.04,5166.76,metrica:Away:28,metrica:Away,metrica:Home,complete_ten_defenders_unavailable
2,2320.04,5170.76,metrica:Away:15,metrica:Away,metrica:Home,restart_or_ball_out_primary_span
2,2320.04,5170.76,metrica:Away:16,metrica:Away,metrica:Home,restart_or_ball_out_primary_span
2,2320.04,5170.76,metrica:Away:17,metrica:Away,metrica:Home,restart_or_ball_out_primary_span
2,2320.04,5170.76,metrica:Away:18,metrica:Away,metrica:Home,restart_or_ball_out_primary_span
2,2320.04,5170.76,metrica:Away:19,metrica:Away,metrica:Home,restart_or_ball_out_primary_span
2,2320.04,5170.76,metrica:Away:20,metrica:Away,metrica:Home,restart_or_ball_out_primary_span
2,2320.04,5170.76,metrica:Away:21,metrica:Away,metrica:Home,restart_or_ball_out_primary_span
2,2320.04,5170.76,metrica:Away:22,metrica:Away,metrica:Home,restart_or_ball_out_primary_span
2,2320.04,5170.76,metrica:Away:23,metrica:Away,metrica:Home,restart_or_ball_out_primary_span
2,2320.04,5170.76,metrica:Away:24,metrica:Away,metrica:Home,restart_or_ball_out_primary_span
2,2320.04,5170.76,metrica:Away:26,metrica:Away,metrica:Home,restart_or_ball_out_primary_span
2,2320.04,5170.76,metrica:Away:27,metrica:Away,metrica:Home,restart_or_ball_out_primary_span
2,2320.04,5170.76,metrica:Away:28,metrica:Away,metrica:Home,restart_or_ball_out_primary_span
2,2324.04,5174.76,metrica:Away:15,metrica:Away,metrica:Home,complete_ten_defenders_unavailable
2,2324.04,5174.76,metrica:Away:16,metrica:Away,metrica:Home,complete_ten_defenders_unavailable
2,2324.04,5174.76,metrica:Away:17,metrica:Away,metrica:Home,complete_ten_defenders_unavailable
2,2324.04,5174.76,metrica:Away:18,metrica:Away,metrica:Home,complete_ten_defenders_unavailable
2,2324.04,5174.76,metrica:Away:19,metrica:Away,metrica:Home,attacker_exposure_unavailable
2,2324.04,5174.76,metrica:Away:20,metrica:Away,metrica:Home,complete_ten_defenders_unavailable
2,2324.04,5174.76,metrica:Away:21,metrica:Away,metrica:Home,complete_ten_defenders_unavailable
2,2324.04,5174.76,metrica:Away:22,metrica:Away,metrica:Home,attacker_exposure_unavailable
2,2324.04,5174.76,metrica:Away:23,metrica:Away,metrica:Home,complete_ten_defenders_unavailable
2,2324.04,5174.76,metrica:Away:24,metrica:Away,metrica:Home,attacker_exposure_unavailable
2,2324.04,5174.76,metrica:Away:26,metrica:Away,metrica:Home,complete_ten_defenders_unavailable
2,2324.04,5174.76,metrica:Away:27,metrica:Away,metrica:Home,complete_ten_defenders_unavailable
2,2324.04,5174.76,metrica:Away:28,metrica:Away,metrica:Home,complete_ten_defenders_unavailable
2,2328.04,5178.76,metrica:Away:15,metrica:Away,metrica:Home,complete_ten_defenders_unavailable
2,2328.04,5178.76,metrica:Away:16,metrica:Away,metrica:Home,complete_ten_defenders_unavailable
2,2328.04,5178.76,metrica:Away:17,metrica:Away,metrica:Home,complete_ten_defenders_unavailable
2,2328.04,5178.76,metrica:Away:18,metrica:Away,metrica:Home,complete_ten_defenders_unavailable
2,2328.04,5178.76,metrica:Away:19,metrica:Away,metrica:Home,attacker_exposure_unavailable
2,2328.04,5178.76,metrica:Away:20,metrica:Away,metrica:Home,complete_ten_defenders_unavailable
2,2328.04,5178.76,metrica:Away:21,metrica:Away,metrica:Home,complete_ten_defenders_unavailable
2,2328.04,5178.76,metrica:Away:22,metrica:Away,metrica:Home,attacker_exposure_unavailable
2,2328.04,5178.76,metrica:Away:23,metrica:Away,metrica:Home,complete_ten_defenders_unavailable
2,2328.04,5178.76,metrica:Away:24,metrica:Away,metrica:Home,attacker_exposure_unavailable
2,2328.04,5178.76,metrica:Away:26,metrica:Away,metrica:Home,complete_ten_defenders_unavailable
2,2328.04,5178.76,metrica:Away:27,metrica:Away,metrica:Home,complete_ten_defenders_unavailable
2,2328.04,5178.76,metrica:Away:28,metrica:Away,metrica:Home,complete_ten_defenders_unavailable
2,2332.04,5182.76,metrica:Away:15,metrica:Away,metrica:Home,complete_ten_defenders_unavailable
2,2332.04,5182.76,metrica:Away:16,metrica:Away,metrica:Home,complete_ten_defenders_unavailable
2,2332.04,5182.76,metrica:Away:17,metrica:Away,metrica:Home,complete_ten_defenders_unavailable
2,2332.04,5182.76,metrica:Away:18,metrica:Away,metrica:Home,complete_ten_defenders_unavailable
2,2332.04,5182.76,metrica:Away:19,metrica:Away,metrica:Home,attacker_exposure_unavailable
2,2332.04,5182.76,metrica:Away:20,metrica:Away,metrica:Home,complete_ten_defenders_unavailable
2,2332.04,5182.76,metrica:Away:21,metrica:Away,metrica:Home,complete_ten_defenders_unavailable
2,2332.04,5182.76,metrica:Away:22,metrica:Away,metrica:Home,attacker_exposure_unavailable
2,2332.04,5182.76,metrica:Away:23,metrica:Away,metrica:Home,complete_ten_defenders_unavailable
2,2332.04,5182.76,metrica:Away:24,metrica:Away,metrica:Home,attacker_exposure_unavailable
2,2332.04,5182.76,metrica:Away:26,metrica:Away,metrica:Home,complete_ten_defenders_unavailable
2,2332.04,5182.76,metrica:Away:27,metrica:Away,metrica:Home,complete_ten_defenders_unavailable
2,2332.04,5182.76,metrica:Away:28,metrica:Away,metrica:Home,complete_ten_defenders_unavailable
2,2336.04,5186.76,metrica:Away:15,metrica:Away,metrica:Home,complete_ten_defenders_unavailable
2,2336.04,5186.76,metrica:Away:16,metrica:Away,metrica:Home,complete_ten_defenders_unavailable
2,2336.04,5186.76,metrica:Away:17,metrica:Away,metrica:Home,complete_ten_defenders_unavailable
2,2336.04,5186.76,metrica:Away:18,metrica:Away,metrica:Home,complete_ten_defenders_unavailable
2,2336.04,5186.76,metrica:Away:19,metrica:Away,metrica:Home,attacker_exposure_unavailable
2,2336.04,5186.76,metrica:Away:20,metrica:Away,metrica:Home,complete_ten_defenders_unavailable
2,2336.04,5186.76,metrica:Away:21,metrica:Away,metrica:Home,complete_ten_defenders_unavailable
2,2336.04,5186.76,metrica:Away:22,metrica:Away,metrica:Home,attacker_exposure_unavailable
2,2336.04,5186.76,metrica:Away:23,metrica:Away,metrica:Home,complete_ten_defenders_unavailable
2,2336.04,5186.76,metrica:Away:24,metrica:Away,metrica:Home,attacker_exposure_unavailable
2,2336.04,5186.76,metrica:Away:26,metrica:Away,metrica:Home,complete_ten_defenders_unavailable
2,2336.04,5186.76,metrica:Away:27,metrica:Away,metrica:Home,complete_ten_defenders_unavailable
2,2336.04,5186.76,metrica:Away:28,metrica:Away,metrica:Home,complete_ten_defenders_unavailable
2,2340.04,5190.76,metrica:Away:15,metrica:Away,metrica:Home,complete_ten_defenders_unavailable
2,2340.04,5190.76,metrica:Away:16,metrica:Away,metrica:Home,complete_ten_defenders_unavailable
2,2340.04,5190.76,metrica:Away:17,metrica:Away,metrica:Home,complete_ten_defenders_unavailable
2,2340.04,5190.76,metrica:Away:18,metrica:Away,metrica:Home,complete_ten_defenders_unavailable
2,2340.04,5190.76,metrica:Away:19,metrica:Away,metrica:Home,attacker_exposure_unavailable
2,2340.04,5190.76,metrica:Away:20,metrica:Away,metrica:Home,complete_ten_defenders_unavailable
2,2340.04,5190.76,metrica:Away:21,metrica:Away,metrica:Home,complete_ten_defenders_unavailable
2,2340.04,5190.76,metrica:Away:22,metrica:Away,metrica:Home,attacker_exposure_unavailable
2,2340.04,5190.76,metrica:Away:23,metrica:Away,metrica:Home,complete_ten_defenders_unavailable
2,2340.04,5190.76,metrica:Away:24,metrica:Away,metrica:Home,attacker_exposure_unavailable
2,2340.04,5190.76,metrica:Away:26,metrica:Away,metrica:Home,complete_ten_defenders_unavailable
2,2340.04,5190.76,metrica:Away:27,metrica:Away,metrica:Home,complete_ten_defenders_unavailable
2,2340.04,5190.76,metrica:Away:28,metrica:Away,metrica:Home,complete_ten_defenders_unavailable
2,2344.04,5194.76,metrica:Away:15,metrica:Away,metrica:Home,complete_ten_defenders_unavailable
2,2344.04,5194.76,metrica:Away:16,metrica:Away,metrica:Home,complete_ten_defenders_unavailable
2,2344.04,5194.76,metrica:Away:17,metrica:Away,metrica:Home,complete_ten_defenders_unavailable
2,2344.04,5194.76,metrica:Away:18,metrica:Away,metrica:Home,complete_ten_defenders_unavailable
2,2344.04,5194.76,metrica:Away:19,metrica:Away,metrica:Home,attacker_exposure_unavailable
2,2344.04,5194.76,metrica:Away:20,metrica:Away,metrica:Home,complete_ten_defenders_unavailable
2,2344.04,5194.76,metrica:Away:21,metrica:Away,metrica:Home,complete_ten_defenders_unavailable
2,2344.04,5194.76,metrica:Away:22,metrica:Away,metrica:Home,attacker_exposure_unavailable
2,2344.04,5194.76,metrica:Away:23,metrica:Away,metrica:Home,complete_ten_defenders_unavailable
2,2344.04,5194.76,metrica:Away:24,metrica:Away,metrica:Home,attacker_exposure_unavailable
2,2344.04,5194.76,metrica:Away:26,metrica:Away,metrica:Home,complete_ten_defenders_unavailable
2,2344.04,5194.76,metrica:Away:27,metrica:Away,metrica:Home,complete_ten_defenders_unavailable
2,2344.04,5194.76,metrica:Away:28,metrica:Away,metrica:Home,complete_ten_defenders_unavailable
2,2348.04,5198.76,metrica:Away:15,metrica:Away,metrica:Home,complete_ten_defenders_unavailable
2,2348.04,5198.76,metrica:Away:16,metrica:Away,metrica:Home,complete_ten_defenders_unavailable
2,2348.04,5198.76,metrica:Away:17,metrica:Away,metrica:Home,complete_ten_defenders_unavailable
2,2348.04,5198.76,metrica:Away:18,metrica:Away,metrica:Home,complete_ten_defenders_unavailable
2,2348.04,5198.76,metrica:Away:19,metrica:Away,metrica:Home,attacker_exposure_unavailable
2,2348.04,5198.76,metrica:Away:20,metrica:Away,metrica:Home,complete_ten_defenders_unavailable
2,2348.04,5198.76,metrica:Away:21,metrica:Away,metrica:Home,complete_ten_defenders_unavailable
2,2348.04,5198.76,metrica:Away:22,metrica:Away,metrica:Home,attacker_exposure_unavailable
2,2348.04,5198.76,metrica:Away:23,metrica:Away,metrica:Home,complete_ten_defenders_unavailable
2,2348.04,5198.76,metrica:Away:24,metrica:Away,metrica:Home,attacker_exposure_unavailable
2,2348.04,5198.76,metrica:Away:26,metrica:Away,metrica:Home,complete_ten_defenders_unavailable
2,2348.04,5198.76,metrica:Away:27,metrica:Away,metrica:Home,complete_ten_defenders_unavailable
2,2348.04,5198.76,metrica:Away:28,metrica:Away,metrica:Home,complete_ten_defenders_unavailable
2,2352.04,5202.76,metrica:Away:15,metrica:Away,metrica:Home,complete_ten_defenders_unavailable
2,2352.04,5202.76,metrica:Away:16,metrica:Away,metrica:Home,complete_ten_defenders_unavailable
2,2352.04,5202.76,metrica:Away:17,metrica:Away,metrica:Home,complete_ten_defenders_unavailable
2,2352.04,5202.76,metrica:Away:18,metrica:Away,metrica:Home,complete_ten_defenders_unavailable
2,2352.04,5202.76,metrica:Away:19,metrica:Away,metrica:Home,attacker_exposure_unavailable
2,2352.04,5202.76,metrica:Away:20,metrica:Away,metrica:Home,complete_ten_defenders_unavailable
2,2352.04,5202.76,metrica:Away:21,metrica:Away,metrica:Home,complete_ten_defenders_unavailable
2,2352.04,5202.76,metrica:Away:22,metrica:Away,metrica:Home,attacker_exposure_unavailable
2,2352.04,5202.76,metrica:Away:23,metrica:Away,metrica:Home,complete_ten_defenders_unavailable
2,2352.04,5202.76,metrica:Away:24,metrica:Away,metrica:Home,attacker_exposure_unavailable
2,2352.04,5202.76,metrica:Away:26,metrica:Away,metrica:Home,complete_ten_defenders_unavailable
2,2352.04,5202.76,metrica:Away:27,metrica:Away,metrica:Home,complete_ten_defenders_unavailable
2,2352.04,5202.76,metrica:Away:28,metrica:Away,metrica:Home,complete_ten_defenders_unavailable
2,2356.04,5206.76,metrica:Away:15,metrica:Away,metrica:Home,complete_ten_defenders_unavailable
2,2356.04,5206.76,metrica:Away:16,metrica:Away,metrica:Home,complete_ten_defenders_unavailable
2,2356.04,5206.76,metrica:Away:17,metrica:Away,metrica:Home,complete_ten_defenders_unavailable
2,2356.04,5206.76,metrica:Away:18,metrica:Away,metrica:Home,complete_ten_defenders_unavailable
2,2356.04,5206.76,metrica:Away:19,metrica:Away,metrica:Home,attacker_exposure_unavailable
2,2356.04,5206.76,metrica:Away:20,metrica:Away,metrica:Home,complete_ten_defenders_unavailable
2,2356.04,5206.76,metrica:Away:21,metrica:Away,metrica:Home,complete_ten_defenders_unavailable
2,2356.04,5206.76,metrica:Away:22,metrica:Away,metrica:Home,attacker_exposure_unavailable
2,2356.04,5206.76,metrica:Away:23,metrica:Away,metrica:Home,complete_ten_defenders_unavailable
2,2356.04,5206.76,metrica:Away:24,metrica:Away,metrica:Home,attacker_exposure_unavailable
2,2356.04,5206.76,metrica:Away:26,metrica:Away,metrica:Home,complete_ten_defenders_unavailable
2,2356.04,5206.76,metrica:Away:27,metrica:Away,metrica:Home,complete_ten_defenders_unavailable
2,2356.04,5206.76,metrica:Away:28,metrica:Away,metrica:Home,complete_ten_defenders_unavailable
2,2360.04,5210.76,metrica:Away:15,metrica:Away,metrica:Home,complete_ten_defenders_unavailable
2,2360.04,5210.76,metrica:Away:16,metrica:Away,metrica:Home,complete_ten_defenders_unavailable
2,2360.04,5210.76,metrica:Away:17,metrica:Away,metrica:Home,complete_ten_defenders_unavailable
2,2360.04,5210.76,metrica:Away:18,metrica:Away,metrica:Home,complete_ten_defenders_unavailable
2,2360.04,5210.76,metrica:Away:19,metrica:Away,metrica:Home,attacker_exposure_unavailable
2,2360.04,5210.76,metrica:Away:20,metrica:Away,metrica:Home,complete_ten_defenders_unavailable
2,2360.04,5210.76,metrica:Away:21,metrica:Away,metrica:Home,complete_ten_defenders_unavailable
2,2360.04,5210.76,metrica:Away:22,metrica:Away,metrica:Home,attacker_exposure_unavailable
2,2360.04,5210.76,metrica:Away:23,metrica:Away,metrica:Home,complete_ten_defenders_unavailable
2,2360.04,5210.76,metrica:Away:24,metrica:Away,metrica:Home,attacker_exposure_unavailable
2,2360.04,5210.76,metrica:Away:26,metrica:Away,metrica:Home,complete_ten_defenders_unavailable
2,2360.04,5210.76,metrica:Away:27,metrica:Away,metrica:Home,complete_ten_defenders_unavailable
2,2360.04,5210.76,metrica:Away:28,metrica:Away,metrica:Home,complete_ten_defenders_unavailable
2,2364.04,5214.76,metrica:Home:1,metrica:Home,metrica:Away,attacker_exposure_unavailable
2,2364.04,5214.76,metrica:Home:10,metrica:Home,metrica:Away,attacker_exposure_unavailable
2,2364.04,5214.76,metrica:Home:3,metrica:Home,metrica:Away,attacker_exposure_unavailable
2,2364.04,5214.76,metrica:Home:6,metrica:Home,metrica:Away,attacker_exposure_unavailable
2,2368.04,5218.76,metrica:Home:1,metrica:Home,metrica:Away,attacker_exposure_unavailable
2,2368.04,5218.76,metrica:Home:10,metrica:Home,metrica:Away,attacker_exposure_unavailable
2,2368.04,5218.76,metrica:Home:3,metrica:Home,metrica:Away,attacker_exposure_unavailable
2,2368.04,5218.76,metrica:Home:6,metrica:Home,metrica:Away,attacker_exposure_unavailable
2,2372.04,5222.76,metrica:Home:1,metrica:Home,metrica:Away,attacker_exposure_unavailable
2,2372.04,5222.76,metrica:Home:10,metrica:Home,metrica:Away,attacker_exposure_unavailable
2,2372.04,5222.76,metrica:Home:3,metrica:Home,metrica:Away,attacker_exposure_unavailable
2,2372.04,5222.76,metrica:Home:6,metrica:Home,metrica:Away,attacker_exposure_unavailable
2,2376.04,5226.76,metrica:Home:1,metrica:Home,metrica:Away,attacker_exposure_unavailable
2,2376.04,5226.76,metrica:Home:10,metrica:Home,metrica:Away,attacker_exposure_unavailable
2,2376.04,5226.76,metrica:Home:3,metrica:Home,metrica:Away,attacker_exposure_unavailable
2,2376.04,5226.76,metrica:Home:6,metrica:Home,metrica:Away,attacker_exposure_unavailable
2,2380.04,5230.76,metrica:Home:1,metrica:Home,metrica:Away,attacker_exposure_unavailable
2,2380.04,5230.76,metrica:Home:10,metrica:Home,metrica:Away,attacker_exposure_unavailable
2,2380.04,5230.76,metrica:Home:3,metrica:Home,metrica:Away,attacker_exposure_unavailable
2,2380.04,5230.76,metrica:Home:6,metrica:Home,metrica:Away,attacker_exposure_unavailable
2,2384.04,5234.76,metrica:Home:1,metrica:Home,metrica:Away,attacker_exposure_unavailable
2,2384.04,5234.76,metrica:Home:10,metrica:Home,metrica:Away,attacker_exposure_unavailable
2,2384.04,5234.76,metrica:Home:3,metrica:Home,metrica:Away,attacker_exposure_unavailable
2,2384.04,5234.76,metrica:Home:6,metrica:Home,metrica:Away,attacker_exposure_unavailable
2,2388.04,5238.76,metrica:Home:1,metrica:Home,metrica:Away,attacker_exposure_unavailable
2,2388.04,5238.76,metrica:Home:10,metrica:Home,metrica:Away,attacker_exposure_unavailable
2,2388.04,5238.76,metrica:Home:3,metrica:Home,metrica:Away,attacker_exposure_unavailable
2,2388.04,5238.76,metrica:Home:6,metrica:Home,metrica:Away,attacker_exposure_unavailable
2,2392.04,5242.76,metrica:Home:1,metrica:Home,metrica:Away,attacker_exposure_unavailable
2,2392.04,5242.76,metrica:Home:10,metrica:Home,metrica:Away,attacker_exposure_unavailable
2,2392.04,5242.76,metrica:Home:3,metrica:Home,metrica:Away,attacker_exposure_unavailable
2,2392.04,5242.76,metrica:Home:6,metrica:Home,metrica:Away,attacker_exposure_unavailable
2,2396.04,5246.76,metrica:Home:1,metrica:Home,metrica:Away,attacker_exposure_unavailable
2,2396.04,5246.76,metrica:Home:10,metrica:Home,metrica:Away,attacker_exposure_unavailable
2,2396.04,5246.76,metrica:Home:3,metrica:Home,metrica:Away,attacker_exposure_unavailable
2,2396.04,5246.76,metrica:Home:6,metrica:Home,metrica:Away,attacker_exposure_unavailable
2,2400.04,5250.76,metrica:Home:1,metrica:Home,metrica:Away,attacker_exposure_unavailable
2,2400.04,5250.76,metrica:Home:10,metrica:Home,metrica:Away,attacker_exposure_unavailable
2,2400.04,5250.76,metrica:Home:3,metrica:Home,metrica:Away,attacker_exposure_unavailable
2,2400.04,5250.76,metrica:Home:6,metrica:Home,metrica:Away,attacker_exposure_unavailable
2,2404.04,5254.76,metrica:Home:1,metrica:Home,metrica:Away,attacker_exposure_unavailable
2,2404.04,5254.76,metrica:Home:10,metrica:Home,metrica:Away,attacker_exposure_unavailable
2,2404.04,5254.76,metrica:Home:3,metrica:Home,metrica:Away,attacker_exposure_unavailable
2,2404.04,5254.76,metrica:Home:6,metrica:Home,metrica:Away,attacker_exposure_unavailable
2,2408.04,5258.76,metrica:Home:1,metrica:Home,metrica:Away,attacker_exposure_unavailable
2,2408.04,5258.76,metrica:Home:10,metrica:Home,metrica:Away,attacker_exposure_unavailable
2,2408.04,5258.76,metrica:Home:3,metrica:Home,metrica:Away,attacker_exposure_unavailable
2,2408.04,5258.76,metrica:Home:6,metrica:Home,metrica:Away,attacker_exposure_unavailable
2,2412.04,5262.76,metrica:Away:15,metrica:Away,metrica:Home,complete_ten_defenders_unavailable
2,2412.04,5262.76,metrica:Away:16,metrica:Away,metrica:Home,complete_ten_defenders_unavailable
2,2412.04,5262.76,metrica:Away:17,metrica:Away,metrica:Home,complete_ten_defenders_unavailable
2,2412.04,5262.76,metrica:Away:18,metrica:Away,metrica:Home,complete_ten_defenders_unavailable
2,2412.04,5262.76,metrica:Away:19,metrica:Away,metrica:Home,attacker_exposure_unavailable
2,2412.04,5262.76,metrica:Away:20,metrica:Away,metrica:Home,complete_ten_defenders_unavailable
2,2412.04,5262.76,metrica:Away:21,metrica:Away,metrica:Home,complete_ten_defenders_unavailable
2,2412.04,5262.76,metrica:Away:22,metrica:Away,metrica:Home,attacker_exposure_unavailable
2,2412.04,5262.76,metrica:Away:23,metrica:Away,metrica:Home,complete_ten_defenders_unavailable
2,2412.04,5262.76,metrica:Away:24,metrica:Away,metrica:Home,attacker_exposure_unavailable
2,2412.04,5262.76,metrica:Away:26,metrica:Away,metrica:Home,complete_ten_defenders_unavailable
2,2412.04,5262.76,metrica:Away:27,metrica:Away,metrica:Home,complete_ten_defenders_unavailable
2,2412.04,5262.76,metrica:Away:28,metrica:Away,metrica:Home,complete_ten_defenders_unavailable
2,2416.04,5266.76,metrica:Away:15,metrica:Away,metrica:Home,complete_ten_defenders_unavailable
2,2416.04,5266.76,metrica:Away:16,metrica:Away,metrica:Home,complete_ten_defenders_unavailable
2,2416.04,5266.76,metrica:Away:17,metrica:Away,metrica:Home,complete_ten_defenders_unavailable
2,2416.04,5266.76,metrica:Away:18,metrica:Away,metrica:Home,complete_ten_defenders_unavailable
2,2416.04,5266.76,metrica:Away:19,metrica:Away,metrica:Home,attacker_exposure_unavailable
2,2416.04,5266.76,metrica:Away:20,metrica:Away,metrica:Home,complete_ten_defenders_unavailable
2,2416.04,5266.76,metrica:Away:21,metrica:Away,metrica:Home,complete_ten_defenders_unavailable
2,2416.04,5266.76,metrica:Away:22,metrica:Away,metrica:Home,attacker_exposure_unavailable
2,2416.04,5266.76,metrica:Away:23,metrica:Away,metrica:Home,complete_ten_defenders_unavailable
2,2416.04,5266.76,metrica:Away:24,metrica:Away,metrica:Home,attacker_exposure_unavailable
2,2416.04,5266.76,metrica:Away:26,metrica:Away,metrica:Home,complete_ten_defenders_unavailable
2,2416.04,5266.76,metrica:Away:27,metrica:Away,metrica:Home,complete_ten_defenders_unavailable
2,2416.04,5266.76,metrica:Away:28,metrica:Away,metrica:Home,complete_ten_defenders_unavailable
2,2420.04,5270.76,metrica:Home:1,metrica:Home,metrica:Away,attacker_exposure_unavailable
2,2420.04,5270.76,metrica:Home:10,metrica:Home,metrica:Away,attacker_exposure_unavailable
2,2420.04,5270.76,metrica:Home:3,metrica:Home,metrica:Away,attacker_exposure_unavailable
2,2420.04,5270.76,metrica:Home:6,metrica:Home,metrica:Away,attacker_exposure_unavailable
2,2424.04,5274.76,metrica:Home:1,metrica:Home,metrica:Away,attacker_exposure_unavailable
2,2424.04,5274.76,metrica:Home:10,metrica:Home,metrica:Away,attacker_exposure_unavailable
2,2424.04,5274.76,metrica:Home:3,metrica:Home,metrica:Away,attacker_exposure_unavailable
2,2424.04,5274.76,metrica:Home:6,metrica:Home,metrica:Away,attacker_exposure_unavailable
2,2428.04,5278.76,metrica:Home:1,metrica:Home,metrica:Away,attacker_exposure_unavailable
2,2428.04,5278.76,metrica:Home:10,metrica:Home,metrica:Away,attacker_exposure_unavailable
2,2428.04,5278.76,metrica:Home:3,metrica:Home,metrica:Away,attacker_exposure_unavailable
2,2428.04,5278.76,metrica:Home:6,metrica:Home,metrica:Away,attacker_exposure_unavailable
2,2432.04,5282.76,metrica:Home:1,metrica:Home,metrica:Away,attacker_exposure_unavailable
2,2432.04,5282.76,metrica:Home:10,metrica:Home,metrica:Away,attacker_exposure_unavailable
2,2432.04,5282.76,metrica:Home:3,metrica:Home,metrica:Away,attacker_exposure_unavailable
2,2432.04,5282.76,metrica:Home:6,metrica:Home,metrica:Away,attacker_exposure_unavailable
2,2436.04,5286.76,metrica:Home:1,metrica:Home,metrica:Away,attacker_exposure_unavailable
2,2436.04,5286.76,metrica:Home:10,metrica:Home,metrica:Away,attacker_exposure_unavailable
2,2436.04,5286.76,metrica:Home:3,metrica:Home,metrica:Away,attacker_exposure_unavailable
2,2436.04,5286.76,metrica:Home:6,metrica:Home,metrica:Away,attacker_exposure_unavailable
2,2440.04,5290.76,metrica:Home:1,metrica:Home,metrica:Away,attacker_exposure_unavailable
2,2440.04,5290.76,metrica:Home:10,metrica:Home,metrica:Away,attacker_exposure_unavailable
2,2440.04,5290.76,metrica:Home:3,metrica:Home,metrica:Away,attacker_exposure_unavailable
2,2440.04,5290.76,metrica:Home:6,metrica:Home,metrica:Away,attacker_exposure_unavailable
2,2444.04,5294.76,metrica:Home:1,metrica:Home,metrica:Away,attacker_exposure_unavailable
2,2444.04,5294.76,metrica:Home:10,metrica:Home,metrica:Away,attacker_exposure_unavailable
2,2444.04,5294.76,metrica:Home:3,metrica:Home,metrica:Away,attacker_exposure_unavailable
2,2444.04,5294.76,metrica:Home:6,metrica:Home,metrica:Away,attacker_exposure_unavailable
2,2448.04,5298.76,metrica:Home:1,metrica:Home,metrica:Away,attacker_exposure_unavailable
2,2448.04,5298.76,metrica:Home:10,metrica:Home,metrica:Away,attacker_exposure_unavailable
2,2448.04,5298.76,metrica:Home:3,metrica:Home,metrica:Away,attacker_exposure_unavailable
2,2448.04,5298.76,metrica:Home:6,metrica:Home,metrica:Away,attacker_exposure_unavailable
2,2452.04,5302.76,metrica:Home:1,metrica:Home,metrica:Away,attacker_exposure_unavailable
2,2452.04,5302.76,metrica:Home:10,metrica:Home,metrica:Away,attacker_exposure_unavailable
2,2452.04,5302.76,metrica:Home:3,metrica:Home,metrica:Away,attacker_exposure_unavailable
2,2452.04,5302.76,metrica:Home:6,metrica:Home,metrica:Away,attacker_exposure_unavailable
2,2456.04,5306.76,metrica:Home:1,metrica:Home,metrica:Away,attacker_exposure_unavailable
2,2456.04,5306.76,metrica:Home:10,metrica:Home,metrica:Away,attacker_exposure_unavailable
2,2456.04,5306.76,metrica:Home:3,metrica:Home,metrica:Away,attacker_exposure_unavailable
2,2456.04,5306.76,metrica:Home:6,metrica:Home,metrica:Away,attacker_exposure_unavailable
2,2460.04,5310.76,metrica:Away:15,metrica:Away,metrica:Home,complete_ten_defenders_unavailable
2,2460.04,5310.76,metrica:Away:16,metrica:Away,metrica:Home,complete_ten_defenders_unavailable
2,2460.04,5310.76,metrica:Away:17,metrica:Away,metrica:Home,complete_ten_defenders_unavailable
2,2460.04,5310.76,metrica:Away:18,metrica:Away,metrica:Home,complete_ten_defenders_unavailable
2,2460.04,5310.76,metrica:Away:19,metrica:Away,metrica:Home,attacker_exposure_unavailable
2,2460.04,5310.76,metrica:Away:20,metrica:Away,metrica:Home,complete_ten_defenders_unavailable
2,2460.04,5310.76,metrica:Away:21,metrica:Away,metrica:Home,complete_ten_defenders_unavailable
2,2460.04,5310.76,metrica:Away:22,metrica:Away,metrica:Home,attacker_exposure_unavailable
2,2460.04,5310.76,metrica:Away:23,metrica:Away,metrica:Home,complete_ten_defenders_unavailable
2,2460.04,5310.76,metrica:Away:24,metrica:Away,metrica:Home,attacker_exposure_unavailable
2,2460.04,5310.76,metrica:Away:26,metrica:Away,metrica:Home,complete_ten_defenders_unavailable
2,2460.04,5310.76,metrica:Away:27,metrica:Away,metrica:Home,complete_ten_defenders_unavailable
2,2460.04,5310.76,metrica:Away:28,metrica:Away,metrica:Home,complete_ten_defenders_unavailable
2,2464.04,5314.76,metrica:Away:15,metrica:Away,metrica:Home,complete_ten_defenders_unavailable
2,2464.04,5314.76,metrica:Away:16,metrica:Away,metrica:Home,complete_ten_defenders_unavailable
2,2464.04,5314.76,metrica:Away:17,metrica:Away,metrica:Home,complete_ten_defenders_unavailable
2,2464.04,5314.76,metrica:Away:18,metrica:Away,metrica:Home,complete_ten_defenders_unavailable
2,2464.04,5314.76,metrica:Away:19,metrica:Away,metrica:Home,attacker_exposure_unavailable
2,2464.04,5314.76,metrica:Away:20,metrica:Away,metrica:Home,complete_ten_defenders_unavailable
2,2464.04,5314.76,metrica:Away:21,metrica:Away,metrica:Home,complete_ten_defenders_unavailable
2,2464.04,5314.76,metrica:Away:22,metrica:Away,metrica:Home,attacker_exposure_unavailable
2,2464.04,5314.76,metrica:Away:23,metrica:Away,metrica:Home,complete_ten_defenders_unavailable
2,2464.04,5314.76,metrica:Away:24,metrica:Away,metrica:Home,attacker_exposure_unavailable
2,2464.04,5314.76,metrica:Away:26,metrica:Away,metrica:Home,complete_ten_defenders_unavailable
2,2464.04,5314.76,metrica:Away:27,metrica:Away,metrica:Home,complete_ten_defenders_unavailable
2,2464.04,5314.76,metrica:Away:28,metrica:Away,metrica:Home,complete_ten_defenders_unavailable
2,2468.04,5318.76,metrica:Away:15,metrica:Away,metrica:Home,complete_ten_defenders_unavailable
2,2468.04,5318.76,metrica:Away:16,metrica:Away,metrica:Home,complete_ten_defenders_unavailable
2,2468.04,5318.76,metrica:Away:17,metrica:Away,metrica:Home,complete_ten_defenders_unavailable
2,2468.04,5318.76,metrica:Away:18,metrica:Away,metrica:Home,complete_ten_defenders_unavailable
2,2468.04,5318.76,metrica:Away:19,metrica:Away,metrica:Home,attacker_exposure_unavailable
2,2468.04,5318.76,metrica:Away:20,metrica:Away,metrica:Home,complete_ten_defenders_unavailable
2,2468.04,5318.76,metrica:Away:21,metrica:Away,metrica:Home,complete_ten_defenders_unavailable
2,2468.04,5318.76,metrica:Away:22,metrica:Away,metrica:Home,attacker_exposure_unavailable
2,2468.04,5318.76,metrica:Away:23,metrica:Away,metrica:Home,complete_ten_defenders_unavailable
2,2468.04,5318.76,metrica:Away:24,metrica:Away,metrica:Home,attacker_exposure_unavailable
2,2468.04,5318.76,metrica:Away:26,metrica:Away,metrica:Home,complete_ten_defenders_unavailable
2,2468.04,5318.76,metrica:Away:27,metrica:Away,metrica:Home,complete_ten_defenders_unavailable
2,2468.04,5318.76,metrica:Away:28,metrica:Away,metrica:Home,complete_ten_defenders_unavailable
2,2472.04,5322.76,metrica:Away:15,metrica:Away,metrica:Home,complete_ten_defenders_unavailable
2,2472.04,5322.76,metrica:Away:16,metrica:Away,metrica:Home,complete_ten_defenders_unavailable
2,2472.04,5322.76,metrica:Away:17,metrica:Away,metrica:Home,complete_ten_defenders_unavailable
2,2472.04,5322.76,metrica:Away:18,metrica:Away,metrica:Home,complete_ten_defenders_unavailable
2,2472.04,5322.76,metrica:Away:19,metrica:Away,metrica:Home,attacker_exposure_unavailable
2,2472.04,5322.76,metrica:Away:20,metrica:Away,metrica:Home,complete_ten_defenders_unavailable
2,2472.04,5322.76,metrica:Away:21,metrica:Away,metrica:Home,complete_ten_defenders_unavailable
2,2472.04,5322.76,metrica:Away:22,metrica:Away,metrica:Home,attacker_exposure_unavailable
2,2472.04,5322.76,metrica:Away:23,metrica:Away,metrica:Home,complete_ten_defenders_unavailable
2,2472.04,5322.76,metrica:Away:24,metrica:Away,metrica:Home,attacker_exposure_unavailable
2,2472.04,5322.76,metrica:Away:26,metrica:Away,metrica:Home,complete_ten_defenders_unavailable
2,2472.04,5322.76,metrica:Away:27,metrica:Away,metrica:Home,complete_ten_defenders_unavailable
2,2472.04,5322.76,metrica:Away:28,metrica:Away,metrica:Home,complete_ten_defenders_unavailable
2,2476.04,5326.76,metrica:Away:15,metrica:Away,metrica:Home,complete_ten_defenders_unavailable
2,2476.04,5326.76,metrica:Away:16,metrica:Away,metrica:Home,complete_ten_defenders_unavailable
2,2476.04,5326.76,metrica:Away:17,metrica:Away,metrica:Home,complete_ten_defenders_unavailable
2,2476.04,5326.76,metrica:Away:18,metrica:Away,metrica:Home,complete_ten_defenders_unavailable
2,2476.04,5326.76,metrica:Away:19,metrica:Away,metrica:Home,attacker_exposure_unavailable
2,2476.04,5326.76,metrica:Away:20,metrica:Away,metrica:Home,complete_ten_defenders_unavailable
2,2476.04,5326.76,metrica:Away:21,metrica:Away,metrica:Home,complete_ten_defenders_unavailable
2,2476.04,5326.76,metrica:Away:22,metrica:Away,metrica:Home,attacker_exposure_unavailable
2,2476.04,5326.76,metrica:Away:23,metrica:Away,metrica:Home,complete_ten_defenders_unavailable
2,2476.04,5326.76,metrica:Away:24,metrica:Away,metrica:Home,attacker_exposure_unavailable
2,2476.04,5326.76,metrica:Away:26,metrica:Away,metrica:Home,complete_ten_defenders_unavailable
2,2476.04,5326.76,metrica:Away:27,metrica:Away,metrica:Home,complete_ten_defenders_unavailable
2,2476.04,5326.76,metrica:Away:28,metrica:Away,metrica:Home,complete_ten_defenders_unavailable
2,2480.04,5330.76,metrica:Away:15,metrica:Away,metrica:Home,restart_or_ball_out_primary_span
2,2480.04,5330.76,metrica:Away:16,metrica:Away,metrica:Home,restart_or_ball_out_primary_span
2,2480.04,5330.76,metrica:Away:17,metrica:Away,metrica:Home,restart_or_ball_out_primary_span
2,2480.04,5330.76,metrica:Away:18,metrica:Away,metrica:Home,restart_or_ball_out_primary_span
2,2480.04,5330.76,metrica:Away:19,metrica:Away,metrica:Home,restart_or_ball_out_primary_span
2,2480.04,5330.76,metrica:Away:20,metrica:Away,metrica:Home,restart_or_ball_out_primary_span
2,2480.04,5330.76,metrica:Away:21,metrica:Away,metrica:Home,restart_or_ball_out_primary_span
2,2480.04,5330.76,metrica:Away:22,metrica:Away,metrica:Home,restart_or_ball_out_primary_span
2,2480.04,5330.76,metrica:Away:23,metrica:Away,metrica:Home,restart_or_ball_out_primary_span
2,2480.04,5330.76,metrica:Away:24,metrica:Away,metrica:Home,restart_or_ball_out_primary_span
2,2480.04,5330.76,metrica:Away:26,metrica:Away,metrica:Home,restart_or_ball_out_primary_span
2,2480.04,5330.76,metrica:Away:27,metrica:Away,metrica:Home,restart_or_ball_out_primary_span
2,2480.04,5330.76,metrica:Away:28,metrica:Away,metrica:Home,restart_or_ball_out_primary_span
2,2484.04,5334.76,metrica:Away:15,metrica:Away,metrica:Home,complete_ten_defenders_unavailable
2,2484.04,5334.76,metrica:Away:16,metrica:Away,metrica:Home,complete_ten_defenders_unavailable
2,2484.04,5334.76,metrica:Away:17,metrica:Away,metrica:Home,complete_ten_defenders_unavailable
2,2484.04,5334.76,metrica:Away:18,metrica:Away,metrica:Home,complete_ten_defenders_unavailable
2,2484.04,5334.76,metrica:Away:19,metrica:Away,metrica:Home,attacker_exposure_unavailable
2,2484.04,5334.76,metrica:Away:20,metrica:Away,metrica:Home,complete_ten_defenders_unavailable
2,2484.04,5334.76,metrica:Away:21,metrica:Away,metrica:Home,complete_ten_defenders_unavailable
2,2484.04,5334.76,metrica:Away:22,metrica:Away,metrica:Home,attacker_exposure_unavailable
2,2484.04,5334.76,metrica:Away:23,metrica:Away,metrica:Home,complete_ten_defenders_unavailable
2,2484.04,5334.76,metrica:Away:24,metrica:Away,metrica:Home,attacker_exposure_unavailable
2,2484.04,5334.76,metrica:Away:26,metrica:Away,metrica:Home,complete_ten_defenders_unavailable
2,2484.04,5334.76,metrica:Away:27,metrica:Away,metrica:Home,complete_ten_defenders_unavailable
2,2484.04,5334.76,metrica:Away:28,metrica:Away,metrica:Home,complete_ten_defenders_unavailable
2,2488.04,5338.76,metrica:Away:15,metrica:Away,metrica:Home,complete_ten_defenders_unavailable
2,2488.04,5338.76,metrica:Away:16,metrica:Away,metrica:Home,complete_ten_defenders_unavailable
2,2488.04,5338.76,metrica:Away:17,metrica:Away,metrica:Home,complete_ten_defenders_unavailable
2,2488.04,5338.76,metrica:Away:18,metrica:Away,metrica:Home,complete_ten_defenders_unavailable
2,2488.04,5338.76,metrica:Away:19,metrica:Away,metrica:Home,attacker_exposure_unavailable
2,2488.04,5338.76,metrica:Away:20,metrica:Away,metrica:Home,complete_ten_defenders_unavailable
2,2488.04,5338.76,metrica:Away:21,metrica:Away,metrica:Home,complete_ten_defenders_unavailable
2,2488.04,5338.76,metrica:Away:22,metrica:Away,metrica:Home,attacker_exposure_unavailable
2,2488.04,5338.76,metrica:Away:23,metrica:Away,metrica:Home,complete_ten_defenders_unavailable
2,2488.04,5338.76,metrica:Away:24,metrica:Away,metrica:Home,attacker_exposure_unavailable
2,2488.04,5338.76,metrica:Away:26,metrica:Away,metrica:Home,complete_ten_defenders_unavailable
2,2488.04,5338.76,metrica:Away:27,metrica:Away,metrica:Home,complete_ten_defenders_unavailable
2,2488.04,5338.76,metrica:Away:28,metrica:Away,metrica:Home,complete_ten_defenders_unavailable
2,2492.04,5342.76,metrica:Away:15,metrica:Away,metrica:Home,complete_ten_defenders_unavailable
2,2492.04,5342.76,metrica:Away:16,metrica:Away,metrica:Home,complete_ten_defenders_unavailable
2,2492.04,5342.76,metrica:Away:17,metrica:Away,metrica:Home,complete_ten_defenders_unavailable
2,2492.04,5342.76,metrica:Away:18,metrica:Away,metrica:Home,complete_ten_defenders_unavailable
2,2492.04,5342.76,metrica:Away:19,metrica:Away,metrica:Home,attacker_exposure_unavailable
2,2492.04,5342.76,metrica:Away:20,metrica:Away,metrica:Home,complete_ten_defenders_unavailable
2,2492.04,5342.76,metrica:Away:21,metrica:Away,metrica:Home,complete_ten_defenders_unavailable
2,2492.04,5342.76,metrica:Away:22,metrica:Away,metrica:Home,attacker_exposure_unavailable
2,2492.04,5342.76,metrica:Away:23,metrica:Away,metrica:Home,complete_ten_defenders_unavailable
2,2492.04,5342.76,metrica:Away:24,metrica:Away,metrica:Home,attacker_exposure_unavailable
2,2492.04,5342.76,metrica:Away:26,metrica:Away,metrica:Home,complete_ten_defenders_unavailable
2,2492.04,5342.76,metrica:Away:27,metrica:Away,metrica:Home,complete_ten_defenders_unavailable
2,2492.04,5342.76,metrica:Away:28,metrica:Away,metrica:Home,complete_ten_defenders_unavailable
2,2496.04,5346.76,metrica:Away:15,metrica:Away,metrica:Home,complete_ten_defenders_unavailable
2,2496.04,5346.76,metrica:Away:16,metrica:Away,metrica:Home,complete_ten_defenders_unavailable
2,2496.04,5346.76,metrica:Away:17,metrica:Away,metrica:Home,complete_ten_defenders_unavailable
2,2496.04,5346.76,metrica:Away:18,metrica:Away,metrica:Home,complete_ten_defenders_unavailable
2,2496.04,5346.76,metrica:Away:19,metrica:Away,metrica:Home,attacker_exposure_unavailable
2,2496.04,5346.76,metrica:Away:20,metrica:Away,metrica:Home,complete_ten_defenders_unavailable
2,2496.04,5346.76,metrica:Away:21,metrica:Away,metrica:Home,complete_ten_defenders_unavailable
2,2496.04,5346.76,metrica:Away:22,metrica:Away,metrica:Home,attacker_exposure_unavailable
2,2496.04,5346.76,metrica:Away:23,metrica:Away,metrica:Home,complete_ten_defenders_unavailable
2,2496.04,5346.76,metrica:Away:24,metrica:Away,metrica:Home,attacker_exposure_unavailable
2,2496.04,5346.76,metrica:Away:26,metrica:Away,metrica:Home,complete_ten_defenders_unavailable
2,2496.04,5346.76,metrica:Away:27,metrica:Away,metrica:Home,complete_ten_defenders_unavailable
2,2496.04,5346.76,metrica:Away:28,metrica:Away,metrica:Home,complete_ten_defenders_unavailable
2,2500.04,5350.76,metrica:Away:15,metrica:Away,metrica:Home,complete_ten_defenders_unavailable
2,2500.04,5350.76,metrica:Away:16,metrica:Away,metrica:Home,complete_ten_defenders_unavailable
2,2500.04,5350.76,metrica:Away:17,metrica:Away,metrica:Home,complete_ten_defenders_unavailable
2,2500.04,5350.76,metrica:Away:18,metrica:Away,metrica:Home,complete_ten_defenders_unavailable
2,2500.04,5350.76,metrica:Away:19,metrica:Away,metrica:Home,attacker_exposure_unavailable
2,2500.04,5350.76,metrica:Away:20,metrica:Away,metrica:Home,complete_ten_defenders_unavailable
2,2500.04,5350.76,metrica:Away:21,metrica:Away,metrica:Home,complete_ten_defenders_unavailable
2,2500.04,5350.76,metrica:Away:22,metrica:Away,metrica:Home,attacker_exposure_unavailable
2,2500.04,5350.76,metrica:Away:23,metrica:Away,metrica:Home,complete_ten_defenders_unavailable
2,2500.04,5350.76,metrica:Away:24,metrica:Away,metrica:Home,attacker_exposure_unavailable
2,2500.04,5350.76,metrica:Away:26,metrica:Away,metrica:Home,complete_ten_defenders_unavailable
2,2500.04,5350.76,metrica:Away:27,metrica:Away,metrica:Home,complete_ten_defenders_unavailable
2,2500.04,5350.76,metrica:Away:28,metrica:Away,metrica:Home,complete_ten_defenders_unavailable
2,2504.04,5354.76,metrica:Away:15,metrica:Away,metrica:Home,complete_ten_defenders_unavailable
2,2504.04,5354.76,metrica:Away:16,metrica:Away,metrica:Home,complete_ten_defenders_unavailable
2,2504.04,5354.76,metrica:Away:17,metrica:Away,metrica:Home,complete_ten_defenders_unavailable
2,2504.04,5354.76,metrica:Away:18,metrica:Away,metrica:Home,complete_ten_defenders_unavailable
2,2504.04,5354.76,metrica:Away:19,metrica:Away,metrica:Home,attacker_exposure_unavailable
2,2504.04,5354.76,metrica:Away:20,metrica:Away,metrica:Home,complete_ten_defenders_unavailable
2,2504.04,5354.76,metrica:Away:21,metrica:Away,metrica:Home,complete_ten_defenders_unavailable
2,2504.04,5354.76,metrica:Away:22,metrica:Away,metrica:Home,attacker_exposure_unavailable
2,2504.04,5354.76,metrica:Away:23,metrica:Away,metrica:Home,complete_ten_defenders_unavailable
2,2504.04,5354.76,metrica:Away:24,metrica:Away,metrica:Home,attacker_exposure_unavailable
2,2504.04,5354.76,metrica:Away:26,metrica:Away,metrica:Home,complete_ten_defenders_unavailable
2,2504.04,5354.76,metrica:Away:27,metrica:Away,metrica:Home,complete_ten_defenders_unavailable
2,2504.04,5354.76,metrica:Away:28,metrica:Away,metrica:Home,complete_ten_defenders_unavailable
2,2508.04,5358.76,metrica:Away:15,metrica:Away,metrica:Home,complete_ten_defenders_unavailable
2,2508.04,5358.76,metrica:Away:16,metrica:Away,metrica:Home,complete_ten_defenders_unavailable
2,2508.04,5358.76,metrica:Away:17,metrica:Away,metrica:Home,complete_ten_defenders_unavailable
2,2508.04,5358.76,metrica:Away:18,metrica:Away,metrica:Home,complete_ten_defenders_unavailable
2,2508.04,5358.76,metrica:Away:19,metrica:Away,metrica:Home,attacker_exposure_unavailable
2,2508.04,5358.76,metrica:Away:20,metrica:Away,metrica:Home,complete_ten_defenders_unavailable
2,2508.04,5358.76,metrica:Away:21,metrica:Away,metrica:Home,complete_ten_defenders_unavailable
2,2508.04,5358.76,metrica:Away:22,metrica:Away,metrica:Home,attacker_exposure_unavailable
2,2508.04,5358.76,metrica:Away:23,metrica:Away,metrica:Home,complete_ten_defenders_unavailable
2,2508.04,5358.76,metrica:Away:24,metrica:Away,metrica:Home,attacker_exposure_unavailable
2,2508.04,5358.76,metrica:Away:26,metrica:Away,metrica:Home,complete_ten_defenders_unavailable
2,2508.04,5358.76,metrica:Away:27,metrica:Away,metrica:Home,complete_ten_defenders_unavailable
2,2508.04,5358.76,metrica:Away:28,metrica:Away,metrica:Home,complete_ten_defenders_unavailable
2,2512.04,5362.76,metrica:Away:15,metrica:Away,metrica:Home,complete_ten_defenders_unavailable
2,2512.04,5362.76,metrica:Away:16,metrica:Away,metrica:Home,complete_ten_defenders_unavailable
2,2512.04,5362.76,metrica:Away:17,metrica:Away,metrica:Home,complete_ten_defenders_unavailable
2,2512.04,5362.76,metrica:Away:18,metrica:Away,metrica:Home,complete_ten_defenders_unavailable
2,2512.04,5362.76,metrica:Away:19,metrica:Away,metrica:Home,attacker_exposure_unavailable
2,2512.04,5362.76,metrica:Away:20,metrica:Away,metrica:Home,complete_ten_defenders_unavailable
2,2512.04,5362.76,metrica:Away:21,metrica:Away,metrica:Home,complete_ten_defenders_unavailable
2,2512.04,5362.76,metrica:Away:22,metrica:Away,metrica:Home,attacker_exposure_unavailable
2,2512.04,5362.76,metrica:Away:23,metrica:Away,metrica:Home,complete_ten_defenders_unavailable
2,2512.04,5362.76,metrica:Away:24,metrica:Away,metrica:Home,attacker_exposure_unavailable
2,2512.04,5362.76,metrica:Away:26,metrica:Away,metrica:Home,complete_ten_defenders_unavailable
2,2512.04,5362.76,metrica:Away:27,metrica:Away,metrica:Home,complete_ten_defenders_unavailable
2,2512.04,5362.76,metrica:Away:28,metrica:Away,metrica:Home,complete_ten_defenders_unavailable
2,2516.04,5366.76,metrica:Home:1,metrica:Home,metrica:Away,attacker_exposure_unavailable
2,2516.04,5366.76,metrica:Home:10,metrica:Home,metrica:Away,attacker_exposure_unavailable
2,2516.04,5366.76,metrica:Home:3,metrica:Home,metrica:Away,attacker_exposure_unavailable
2,2516.04,5366.76,metrica:Home:6,metrica:Home,metrica:Away,attacker_exposure_unavailable
2,2520.04,5370.76,metrica:Home:1,metrica:Home,metrica:Away,attacker_exposure_unavailable
2,2520.04,5370.76,metrica:Home:10,metrica:Home,metrica:Away,attacker_exposure_unavailable
2,2520.04,5370.76,metrica:Home:3,metrica:Home,metrica:Away,attacker_exposure_unavailable
2,2520.04,5370.76,metrica:Home:6,metrica:Home,metrica:Away,attacker_exposure_unavailable
2,2524.04,5374.76,metrica:Home:1,metrica:Home,metrica:Away,attacker_exposure_unavailable
2,2524.04,5374.76,metrica:Home:10,metrica:Home,metrica:Away,attacker_exposure_unavailable
2,2524.04,5374.76,metrica:Home:3,metrica:Home,metrica:Away,attacker_exposure_unavailable
2,2524.04,5374.76,metrica:Home:6,metrica:Home,metrica:Away,attacker_exposure_unavailable
2,2528.04,5378.76,metrica:Home:1,metrica:Home,metrica:Away,attacker_exposure_unavailable
2,2528.04,5378.76,metrica:Home:10,metrica:Home,metrica:Away,attacker_exposure_unavailable
2,2528.04,5378.76,metrica:Home:3,metrica:Home,metrica:Away,attacker_exposure_unavailable
2,2528.04,5378.76,metrica:Home:6,metrica:Home,metrica:Away,attacker_exposure_unavailable
2,2532.04,5382.76,metrica:Home:1,metrica:Home,metrica:Away,attacker_exposure_unavailable
2,2532.04,5382.76,metrica:Home:10,metrica:Home,metrica:Away,attacker_exposure_unavailable
2,2532.04,5382.76,metrica:Home:3,metrica:Home,metrica:Away,attacker_exposure_unavailable
2,2532.04,5382.76,metrica:Home:6,metrica:Home,metrica:Away,attacker_exposure_unavailable
2,2536.04,5386.76,metrica:Home:1,metrica:Home,metrica:Away,attacker_exposure_unavailable
2,2536.04,5386.76,metrica:Home:10,metrica:Home,metrica:Away,attacker_exposure_unavailable
2,2536.04,5386.76,metrica:Home:3,metrica:Home,metrica:Away,attacker_exposure_unavailable
2,2536.04,5386.76,metrica:Home:6,metrica:Home,metrica:Away,attacker_exposure_unavailable
2,2540.04,5390.76,metrica:Home:1,metrica:Home,metrica:Away,attacker_exposure_unavailable
2,2540.04,5390.76,metrica:Home:10,metrica:Home,metrica:Away,attacker_exposure_unavailable
2,2540.04,5390.76,metrica:Home:3,metrica:Home,metrica:Away,attacker_exposure_unavailable
2,2540.04,5390.76,metrica:Home:6,metrica:Home,metrica:Away,attacker_exposure_unavailable
2,2544.04,5394.76,metrica:Home:1,metrica:Home,metrica:Away,restart_or_ball_out_primary_span
2,2544.04,5394.76,metrica:Home:10,metrica:Home,metrica:Away,restart_or_ball_out_primary_span
2,2544.04,5394.76,metrica:Home:12,metrica:Home,metrica:Away,restart_or_ball_out_primary_span
2,2544.04,5394.76,metrica:Home:13,metrica:Home,metrica:Away,restart_or_ball_out_primary_span
2,2544.04,5394.76,metrica:Home:14,metrica:Home,metrica:Away,restart_or_ball_out_primary_span
2,2544.04,5394.76,metrica:Home:2,metrica:Home,metrica:Away,restart_or_ball_out_primary_span
2,2544.04,5394.76,metrica:Home:3,metrica:Home,metrica:Away,restart_or_ball_out_primary_span
2,2544.04,5394.76,metrica:Home:4,metrica:Home,metrica:Away,restart_or_ball_out_primary_span
2,2544.04,5394.76,metrica:Home:5,metrica:Home,metrica:Away,restart_or_ball_out_primary_span
2,2544.04,5394.76,metrica:Home:6,metrica:Home,metrica:Away,restart_or_ball_out_primary_span
2,2544.04,5394.76,metrica:Home:7,metrica:Home,metrica:Away,restart_or_ball_out_primary_span
2,2544.04,5394.76,metrica:Home:8,metrica:Home,metrica:Away,restart_or_ball_out_primary_span
2,2544.04,5394.76,metrica:Home:9,metrica:Home,metrica:Away,restart_or_ball_out_primary_span
2,2548.04,5398.76,metrica:Home:1,metrica:Home,metrica:Away,attacker_exposure_unavailable
2,2548.04,5398.76,metrica:Home:10,metrica:Home,metrica:Away,attacker_exposure_unavailable
2,2548.04,5398.76,metrica:Home:3,metrica:Home,metrica:Away,attacker_exposure_unavailable
2,2548.04,5398.76,metrica:Home:6,metrica:Home,metrica:Away,attacker_exposure_unavailable
2,2552.04,5402.76,metrica:Home:1,metrica:Home,metrica:Away,restart_or_ball_out_primary_span
2,2552.04,5402.76,metrica:Home:10,metrica:Home,metrica:Away,restart_or_ball_out_primary_span
2,2552.04,5402.76,metrica:Home:12,metrica:Home,metrica:Away,restart_or_ball_out_primary_span
2,2552.04,5402.76,metrica:Home:13,metrica:Home,metrica:Away,restart_or_ball_out_primary_span
2,2552.04,5402.76,metrica:Home:14,metrica:Home,metrica:Away,restart_or_ball_out_primary_span
2,2552.04,5402.76,metrica:Home:2,metrica:Home,metrica:Away,restart_or_ball_out_primary_span
2,2552.04,5402.76,metrica:Home:3,metrica:Home,metrica:Away,restart_or_ball_out_primary_span
2,2552.04,5402.76,metrica:Home:4,metrica:Home,metrica:Away,restart_or_ball_out_primary_span
2,2552.04,5402.76,metrica:Home:5,metrica:Home,metrica:Away,restart_or_ball_out_primary_span
2,2552.04,5402.76,metrica:Home:6,metrica:Home,metrica:Away,restart_or_ball_out_primary_span
2,2552.04,5402.76,metrica:Home:7,metrica:Home,metrica:Away,restart_or_ball_out_primary_span
2,2552.04,5402.76,metrica:Home:8,metrica:Home,metrica:Away,restart_or_ball_out_primary_span
2,2552.04,5402.76,metrica:Home:9,metrica:Home,metrica:Away,restart_or_ball_out_primary_span
2,2556.04,5406.76,metrica:Away:15,metrica:Away,metrica:Home,restart_or_ball_out_primary_span
2,2556.04,5406.76,metrica:Away:16,metrica:Away,metrica:Home,restart_or_ball_out_primary_span
2,2556.04,5406.76,metrica:Away:17,metrica:Away,metrica:Home,restart_or_ball_out_primary_span
2,2556.04,5406.76,metrica:Away:18,metrica:Away,metrica:Home,restart_or_ball_out_primary_span
2,2556.04,5406.76,metrica:Away:19,metrica:Away,metrica:Home,restart_or_ball_out_primary_span
2,2556.04,5406.76,metrica:Away:20,metrica:Away,metrica:Home,restart_or_ball_out_primary_span
2,2556.04,5406.76,metrica:Away:21,metrica:Away,metrica:Home,restart_or_ball_out_primary_span
2,2556.04,5406.76,metrica:Away:22,metrica:Away,metrica:Home,restart_or_ball_out_primary_span
2,2556.04,5406.76,metrica:Away:23,metrica:Away,metrica:Home,restart_or_ball_out_primary_span
2,2556.04,5406.76,metrica:Away:24,metrica:Away,metrica:Home,restart_or_ball_out_primary_span
2,2556.04,5406.76,metrica:Away:26,metrica:Away,metrica:Home,restart_or_ball_out_primary_span
2,2556.04,5406.76,metrica:Away:27,metrica:Away,metrica:Home,restart_or_ball_out_primary_span
2,2556.04,5406.76,metrica:Away:28,metrica:Away,metrica:Home,restart_or_ball_out_primary_span
2,2560.04,5410.76,metrica:Away:15,metrica:Away,metrica:Home,complete_ten_defenders_unavailable
2,2560.04,5410.76,metrica:Away:16,metrica:Away,metrica:Home,complete_ten_defenders_unavailable
2,2560.04,5410.76,metrica:Away:17,metrica:Away,metrica:Home,complete_ten_defenders_unavailable
2,2560.04,5410.76,metrica:Away:18,metrica:Away,metrica:Home,complete_ten_defenders_unavailable
2,2560.04,5410.76,metrica:Away:19,metrica:Away,metrica:Home,attacker_exposure_unavailable
2,2560.04,5410.76,metrica:Away:20,metrica:Away,metrica:Home,complete_ten_defenders_unavailable
2,2560.04,5410.76,metrica:Away:21,metrica:Away,metrica:Home,complete_ten_defenders_unavailable
2,2560.04,5410.76,metrica:Away:22,metrica:Away,metrica:Home,attacker_exposure_unavailable
2,2560.04,5410.76,metrica:Away:23,metrica:Away,metrica:Home,complete_ten_defenders_unavailable
2,2560.04,5410.76,metrica:Away:24,metrica:Away,metrica:Home,attacker_exposure_unavailable
2,2560.04,5410.76,metrica:Away:26,metrica:Away,metrica:Home,complete_ten_defenders_unavailable
2,2560.04,5410.76,metrica:Away:27,metrica:Away,metrica:Home,complete_ten_defenders_unavailable
2,2560.04,5410.76,metrica:Away:28,metrica:Away,metrica:Home,complete_ten_defenders_unavailable
2,2564.04,5414.76,metrica:Away:15,metrica:Away,metrica:Home,complete_ten_defenders_unavailable
2,2564.04,5414.76,metrica:Away:16,metrica:Away,metrica:Home,complete_ten_defenders_unavailable
2,2564.04,5414.76,metrica:Away:17,metrica:Away,metrica:Home,complete_ten_defenders_unavailable
2,2564.04,5414.76,metrica:Away:18,metrica:Away,metrica:Home,complete_ten_defenders_unavailable
2,2564.04,5414.76,metrica:Away:19,metrica:Away,metrica:Home,attacker_exposure_unavailable
2,2564.04,5414.76,metrica:Away:20,metrica:Away,metrica:Home,complete_ten_defenders_unavailable
2,2564.04,5414.76,metrica:Away:21,metrica:Away,metrica:Home,complete_ten_defenders_unavailable
2,2564.04,5414.76,metrica:Away:22,metrica:Away,metrica:Home,attacker_exposure_unavailable
2,2564.04,5414.76,metrica:Away:23,metrica:Away,metrica:Home,complete_ten_defenders_unavailable
2,2564.04,5414.76,metrica:Away:24,metrica:Away,metrica:Home,attacker_exposure_unavailable
2,2564.04,5414.76,metrica:Away:26,metrica:Away,metrica:Home,complete_ten_defenders_unavailable
2,2564.04,5414.76,metrica:Away:27,metrica:Away,metrica:Home,complete_ten_defenders_unavailable
2,2564.04,5414.76,metrica:Away:28,metrica:Away,metrica:Home,complete_ten_defenders_unavailable
2,2568.04,5418.76,metrica:Away:15,metrica:Away,metrica:Home,complete_ten_defenders_unavailable
2,2568.04,5418.76,metrica:Away:16,metrica:Away,metrica:Home,complete_ten_defenders_unavailable
2,2568.04,5418.76,metrica:Away:17,metrica:Away,metrica:Home,complete_ten_defenders_unavailable
2,2568.04,5418.76,metrica:Away:18,metrica:Away,metrica:Home,complete_ten_defenders_unavailable
2,2568.04,5418.76,metrica:Away:19,metrica:Away,metrica:Home,attacker_exposure_unavailable
2,2568.04,5418.76,metrica:Away:20,metrica:Away,metrica:Home,complete_ten_defenders_unavailable
2,2568.04,5418.76,metrica:Away:21,metrica:Away,metrica:Home,complete_ten_defenders_unavailable
2,2568.04,5418.76,metrica:Away:22,metrica:Away,metrica:Home,attacker_exposure_unavailable
2,2568.04,5418.76,metrica:Away:23,metrica:Away,metrica:Home,complete_ten_defenders_unavailable
2,2568.04,5418.76,metrica:Away:24,metrica:Away,metrica:Home,attacker_exposure_unavailable
2,2568.04,5418.76,metrica:Away:26,metrica:Away,metrica:Home,complete_ten_defenders_unavailable
2,2568.04,5418.76,metrica:Away:27,metrica:Away,metrica:Home,complete_ten_defenders_unavailable
2,2568.04,5418.76,metrica:Away:28,metrica:Away,metrica:Home,complete_ten_defenders_unavailable
2,2572.04,5422.76,metrica:Home:1,metrica:Home,metrica:Away,attacker_exposure_unavailable
2,2572.04,5422.76,metrica:Home:10,metrica:Home,metrica:Away,attacker_exposure_unavailable
2,2572.04,5422.76,metrica:Home:3,metrica:Home,metrica:Away,attacker_exposure_unavailable
2,2572.04,5422.76,metrica:Home:6,metrica:Home,metrica:Away,attacker_exposure_unavailable
2,2576.04,5426.76,metrica:Home:1,metrica:Home,metrica:Away,attacker_exposure_unavailable
2,2576.04,5426.76,metrica:Home:10,metrica:Home,metrica:Away,attacker_exposure_unavailable
2,2576.04,5426.76,metrica:Home:3,metrica:Home,metrica:Away,attacker_exposure_unavailable
2,2576.04,5426.76,metrica:Home:6,metrica:Home,metrica:Away,attacker_exposure_unavailable
2,2580.04,5430.76,metrica:Home:1,metrica:Home,metrica:Away,attacker_exposure_unavailable
2,2580.04,5430.76,metrica:Home:10,metrica:Home,metrica:Away,attacker_exposure_unavailable
2,2580.04,5430.76,metrica:Home:3,metrica:Home,metrica:Away,attacker_exposure_unavailable
2,2580.04,5430.76,metrica:Home:6,metrica:Home,metrica:Away,attacker_exposure_unavailable
2,2584.04,5434.76,metrica:Home:1,metrica:Home,metrica:Away,attacker_exposure_unavailable
2,2584.04,5434.76,metrica:Home:10,metrica:Home,metrica:Away,attacker_exposure_unavailable
2,2584.04,5434.76,metrica:Home:3,metrica:Home,metrica:Away,attacker_exposure_unavailable
2,2584.04,5434.76,metrica:Home:6,metrica:Home,metrica:Away,attacker_exposure_unavailable
2,2588.04,5438.76,metrica:Home:1,metrica:Home,metrica:Away,attacker_exposure_unavailable
2,2588.04,5438.76,metrica:Home:10,metrica:Home,metrica:Away,attacker_exposure_unavailable
2,2588.04,5438.76,metrica:Home:3,metrica:Home,metrica:Away,attacker_exposure_unavailable
2,2588.04,5438.76,metrica:Home:6,metrica:Home,metrica:Away,attacker_exposure_unavailable
2,2592.04,5442.76,metrica:Away:15,metrica:Away,metrica:Home,complete_ten_defenders_unavailable
2,2592.04,5442.76,metrica:Away:16,metrica:Away,metrica:Home,complete_ten_defenders_unavailable
2,2592.04,5442.76,metrica:Away:17,metrica:Away,metrica:Home,complete_ten_defenders_unavailable
2,2592.04,5442.76,metrica:Away:18,metrica:Away,metrica:Home,complete_ten_defenders_unavailable
2,2592.04,5442.76,metrica:Away:19,metrica:Away,metrica:Home,attacker_exposure_unavailable
2,2592.04,5442.76,metrica:Away:20,metrica:Away,metrica:Home,complete_ten_defenders_unavailable
2,2592.04,5442.76,metrica:Away:21,metrica:Away,metrica:Home,complete_ten_defenders_unavailable
2,2592.04,5442.76,metrica:Away:22,metrica:Away,metrica:Home,attacker_exposure_unavailable
2,2592.04,5442.76,metrica:Away:23,metrica:Away,metrica:Home,complete_ten_defenders_unavailable
2,2592.04,5442.76,metrica:Away:24,metrica:Away,metrica:Home,attacker_exposure_unavailable
2,2592.04,5442.76,metrica:Away:26,metrica:Away,metrica:Home,complete_ten_defenders_unavailable
2,2592.04,5442.76,metrica:Away:27,metrica:Away,metrica:Home,complete_ten_defenders_unavailable
2,2592.04,5442.76,metrica:Away:28,metrica:Away,metrica:Home,complete_ten_defenders_unavailable
2,2596.04,5446.76,metrica:Away:15,metrica:Away,metrica:Home,complete_ten_defenders_unavailable
2,2596.04,5446.76,metrica:Away:16,metrica:Away,metrica:Home,complete_ten_defenders_unavailable
2,2596.04,5446.76,metrica:Away:17,metrica:Away,metrica:Home,complete_ten_defenders_unavailable
2,2596.04,5446.76,metrica:Away:18,metrica:Away,metrica:Home,complete_ten_defenders_unavailable
2,2596.04,5446.76,metrica:Away:19,metrica:Away,metrica:Home,attacker_exposure_unavailable
2,2596.04,5446.76,metrica:Away:20,metrica:Away,metrica:Home,complete_ten_defenders_unavailable
2,2596.04,5446.76,metrica:Away:21,metrica:Away,metrica:Home,complete_ten_defenders_unavailable
2,2596.04,5446.76,metrica:Away:22,metrica:Away,metrica:Home,attacker_exposure_unavailable
2,2596.04,5446.76,metrica:Away:23,metrica:Away,metrica:Home,complete_ten_defenders_unavailable
2,2596.04,5446.76,metrica:Away:24,metrica:Away,metrica:Home,attacker_exposure_unavailable
2,2596.04,5446.76,metrica:Away:26,metrica:Away,metrica:Home,complete_ten_defenders_unavailable
2,2596.04,5446.76,metrica:Away:27,metrica:Away,metrica:Home,complete_ten_defenders_unavailable
2,2596.04,5446.76,metrica:Away:28,metrica:Away,metrica:Home,complete_ten_defenders_unavailable
2,2600.04,5450.76,metrica:Away:15,metrica:Away,metrica:Home,complete_ten_defenders_unavailable
2,2600.04,5450.76,metrica:Away:16,metrica:Away,metrica:Home,complete_ten_defenders_unavailable
2,2600.04,5450.76,metrica:Away:17,metrica:Away,metrica:Home,complete_ten_defenders_unavailable
2,2600.04,5450.76,metrica:Away:18,metrica:Away,metrica:Home,complete_ten_defenders_unavailable
2,2600.04,5450.76,metrica:Away:19,metrica:Away,metrica:Home,attacker_exposure_unavailable
2,2600.04,5450.76,metrica:Away:20,metrica:Away,metrica:Home,complete_ten_defenders_unavailable
2,2600.04,5450.76,metrica:Away:21,metrica:Away,metrica:Home,complete_ten_defenders_unavailable
2,2600.04,5450.76,metrica:Away:22,metrica:Away,metrica:Home,attacker_exposure_unavailable
2,2600.04,5450.76,metrica:Away:23,metrica:Away,metrica:Home,complete_ten_defenders_unavailable
2,2600.04,5450.76,metrica:Away:24,metrica:Away,metrica:Home,attacker_exposure_unavailable
2,2600.04,5450.76,metrica:Away:26,metrica:Away,metrica:Home,complete_ten_defenders_unavailable
2,2600.04,5450.76,metrica:Away:27,metrica:Away,metrica:Home,complete_ten_defenders_unavailable
2,2600.04,5450.76,metrica:Away:28,metrica:Away,metrica:Home,complete_ten_defenders_unavailable
2,2604.04,5454.76,metrica:Away:15,metrica:Away,metrica:Home,complete_ten_defenders_unavailable
2,2604.04,5454.76,metrica:Away:16,metrica:Away,metrica:Home,complete_ten_defenders_unavailable
2,2604.04,5454.76,metrica:Away:17,metrica:Away,metrica:Home,complete_ten_defenders_unavailable
2,2604.04,5454.76,metrica:Away:18,metrica:Away,metrica:Home,complete_ten_defenders_unavailable
2,2604.04,5454.76,metrica:Away:19,metrica:Away,metrica:Home,attacker_exposure_unavailable
2,2604.04,5454.76,metrica:Away:20,metrica:Away,metrica:Home,complete_ten_defenders_unavailable
2,2604.04,5454.76,metrica:Away:21,metrica:Away,metrica:Home,complete_ten_defenders_unavailable
2,2604.04,5454.76,metrica:Away:22,metrica:Away,metrica:Home,attacker_exposure_unavailable
2,2604.04,5454.76,metrica:Away:23,metrica:Away,metrica:Home,complete_ten_defenders_unavailable
2,2604.04,5454.76,metrica:Away:24,metrica:Away,metrica:Home,attacker_exposure_unavailable
2,2604.04,5454.76,metrica:Away:26,metrica:Away,metrica:Home,complete_ten_defenders_unavailable
2,2604.04,5454.76,metrica:Away:27,metrica:Away,metrica:Home,complete_ten_defenders_unavailable
2,2604.04,5454.76,metrica:Away:28,metrica:Away,metrica:Home,complete_ten_defenders_unavailable
2,2608.04,5458.76,metrica:Away:15,metrica:Away,metrica:Home,complete_ten_defenders_unavailable
2,2608.04,5458.76,metrica:Away:16,metrica:Away,metrica:Home,complete_ten_defenders_unavailable
2,2608.04,5458.76,metrica:Away:17,metrica:Away,metrica:Home,complete_ten_defenders_unavailable
2,2608.04,5458.76,metrica:Away:18,metrica:Away,metrica:Home,complete_ten_defenders_unavailable
2,2608.04,5458.76,metrica:Away:19,metrica:Away,metrica:Home,attacker_exposure_unavailable
2,2608.04,5458.76,metrica:Away:20,metrica:Away,metrica:Home,complete_ten_defenders_unavailable
2,2608.04,5458.76,metrica:Away:21,metrica:Away,metrica:Home,complete_ten_defenders_unavailable
2,2608.04,5458.76,metrica:Away:22,metrica:Away,metrica:Home,attacker_exposure_unavailable
2,2608.04,5458.76,metrica:Away:23,metrica:Away,metrica:Home,complete_ten_defenders_unavailable
2,2608.04,5458.76,metrica:Away:24,metrica:Away,metrica:Home,attacker_exposure_unavailable
2,2608.04,5458.76,metrica:Away:26,metrica:Away,metrica:Home,complete_ten_defenders_unavailable
2,2608.04,5458.76,metrica:Away:27,metrica:Away,metrica:Home,complete_ten_defenders_unavailable
2,2608.04,5458.76,metrica:Away:28,metrica:Away,metrica:Home,complete_ten_defenders_unavailable
2,2612.04,5462.76,metrica:Home:1,metrica:Home,metrica:Away,attacker_exposure_unavailable
2,2612.04,5462.76,metrica:Home:10,metrica:Home,metrica:Away,attacker_exposure_unavailable
2,2612.04,5462.76,metrica:Home:3,metrica:Home,metrica:Away,attacker_exposure_unavailable
2,2612.04,5462.76,metrica:Home:6,metrica:Home,metrica:Away,attacker_exposure_unavailable
2,2616.04,5466.76,metrica:Home:1,metrica:Home,metrica:Away,attacker_exposure_unavailable
2,2616.04,5466.76,metrica:Home:10,metrica:Home,metrica:Away,attacker_exposure_unavailable
2,2616.04,5466.76,metrica:Home:3,metrica:Home,metrica:Away,attacker_exposure_unavailable
2,2616.04,5466.76,metrica:Home:6,metrica:Home,metrica:Away,attacker_exposure_unavailable
2,2620.04,5470.76,metrica:Home:1,metrica:Home,metrica:Away,attacker_exposure_unavailable
2,2620.04,5470.76,metrica:Home:10,metrica:Home,metrica:Away,attacker_exposure_unavailable
2,2620.04,5470.76,metrica:Home:3,metrica:Home,metrica:Away,attacker_exposure_unavailable
2,2620.04,5470.76,metrica:Home:6,metrica:Home,metrica:Away,attacker_exposure_unavailable
2,2624.04,5474.76,metrica:Home:1,metrica:Home,metrica:Away,attacker_exposure_unavailable
2,2624.04,5474.76,metrica:Home:10,metrica:Home,metrica:Away,attacker_exposure_unavailable
2,2624.04,5474.76,metrica:Home:3,metrica:Home,metrica:Away,attacker_exposure_unavailable
2,2624.04,5474.76,metrica:Home:6,metrica:Home,metrica:Away,attacker_exposure_unavailable
2,2628.04,5478.76,metrica:Home:1,metrica:Home,metrica:Away,attacker_exposure_unavailable
2,2628.04,5478.76,metrica:Home:10,metrica:Home,metrica:Away,attacker_exposure_unavailable
2,2628.04,5478.76,metrica:Home:3,metrica:Home,metrica:Away,attacker_exposure_unavailable
2,2628.04,5478.76,metrica:Home:6,metrica:Home,metrica:Away,attacker_exposure_unavailable
2,2632.04,5482.76,metrica:Home:1,metrica:Home,metrica:Away,attacker_exposure_unavailable
2,2632.04,5482.76,metrica:Home:10,metrica:Home,metrica:Away,attacker_exposure_unavailable
2,2632.04,5482.76,metrica:Home:3,metrica:Home,metrica:Away,attacker_exposure_unavailable
2,2632.04,5482.76,metrica:Home:6,metrica:Home,metrica:Away,attacker_exposure_unavailable
2,2636.04,5486.76,metrica:Home:1,metrica:Home,metrica:Away,attacker_exposure_unavailable
2,2636.04,5486.76,metrica:Home:10,metrica:Home,metrica:Away,attacker_exposure_unavailable
2,2636.04,5486.76,metrica:Home:3,metrica:Home,metrica:Away,attacker_exposure_unavailable
2,2636.04,5486.76,metrica:Home:6,metrica:Home,metrica:Away,attacker_exposure_unavailable
2,2640.04,5490.76,metrica:Home:1,metrica:Home,metrica:Away,attacker_exposure_unavailable
2,2640.04,5490.76,metrica:Home:10,metrica:Home,metrica:Away,attacker_exposure_unavailable
2,2640.04,5490.76,metrica:Home:3,metrica:Home,metrica:Away,attacker_exposure_unavailable
2,2640.04,5490.76,metrica:Home:6,metrica:Home,metrica:Away,attacker_exposure_unavailable
2,2644.04,5494.76,metrica:Home:1,metrica:Home,metrica:Away,attacker_exposure_unavailable
2,2644.04,5494.76,metrica:Home:10,metrica:Home,metrica:Away,attacker_exposure_unavailable
2,2644.04,5494.76,metrica:Home:3,metrica:Home,metrica:Away,attacker_exposure_unavailable
2,2644.04,5494.76,metrica:Home:6,metrica:Home,metrica:Away,attacker_exposure_unavailable
2,2648.04,5498.76,metrica:Home:1,metrica:Home,metrica:Away,attacker_exposure_unavailable
2,2648.04,5498.76,metrica:Home:10,metrica:Home,metrica:Away,attacker_exposure_unavailable
2,2648.04,5498.76,metrica:Home:3,metrica:Home,metrica:Away,attacker_exposure_unavailable
2,2648.04,5498.76,metrica:Home:6,metrica:Home,metrica:Away,attacker_exposure_unavailable
2,2652.04,5502.76,metrica:Home:1,metrica:Home,metrica:Away,attacker_exposure_unavailable
2,2652.04,5502.76,metrica:Home:10,metrica:Home,metrica:Away,attacker_exposure_unavailable
2,2652.04,5502.76,metrica:Home:3,metrica:Home,metrica:Away,attacker_exposure_unavailable
2,2652.04,5502.76,metrica:Home:6,metrica:Home,metrica:Away,attacker_exposure_unavailable
2,2656.04,5506.76,metrica:Home:1,metrica:Home,metrica:Away,attacker_exposure_unavailable
2,2656.04,5506.76,metrica:Home:10,metrica:Home,metrica:Away,attacker_exposure_unavailable
2,2656.04,5506.76,metrica:Home:3,metrica:Home,metrica:Away,attacker_exposure_unavailable
2,2656.04,5506.76,metrica:Home:6,metrica:Home,metrica:Away,attacker_exposure_unavailable
2,2660.04,5510.76,metrica:Home:1,metrica:Home,metrica:Away,attacker_exposure_unavailable
2,2660.04,5510.76,metrica:Home:10,metrica:Home,metrica:Away,attacker_exposure_unavailable
2,2660.04,5510.76,metrica:Home:3,metrica:Home,metrica:Away,attacker_exposure_unavailable
2,2660.04,5510.76,metrica:Home:6,metrica:Home,metrica:Away,attacker_exposure_unavailable
2,2664.04,5514.76,metrica:Home:1,metrica:Home,metrica:Away,attacker_exposure_unavailable
2,2664.04,5514.76,metrica:Home:10,metrica:Home,metrica:Away,attacker_exposure_unavailable
2,2664.04,5514.76,metrica:Home:3,metrica:Home,metrica:Away,attacker_exposure_unavailable
2,2664.04,5514.76,metrica:Home:6,metrica:Home,metrica:Away,attacker_exposure_unavailable
2,2668.04,5518.76,metrica:Home:1,metrica:Home,metrica:Away,attacker_exposure_unavailable
2,2668.04,5518.76,metrica:Home:10,metrica:Home,metrica:Away,attacker_exposure_unavailable
2,2668.04,5518.76,metrica:Home:3,metrica:Home,metrica:Away,attacker_exposure_unavailable
2,2668.04,5518.76,metrica:Home:6,metrica:Home,metrica:Away,attacker_exposure_unavailable
2,2672.04,5522.76,metrica:Home:1,metrica:Home,metrica:Away,attacker_exposure_unavailable
2,2672.04,5522.76,metrica:Home:10,metrica:Home,metrica:Away,attacker_exposure_unavailable
2,2672.04,5522.76,metrica:Home:3,metrica:Home,metrica:Away,attacker_exposure_unavailable
2,2672.04,5522.76,metrica:Home:6,metrica:Home,metrica:Away,attacker_exposure_unavailable
2,2676.04,5526.76,metrica:Home:1,metrica:Home,metrica:Away,attacker_exposure_unavailable
2,2676.04,5526.76,metrica:Home:10,metrica:Home,metrica:Away,attacker_exposure_unavailable
2,2676.04,5526.76,metrica:Home:3,metrica:Home,metrica:Away,attacker_exposure_unavailable
2,2676.04,5526.76,metrica:Home:6,metrica:Home,metrica:Away,attacker_exposure_unavailable
2,2680.04,5530.76,metrica:Home:1,metrica:Home,metrica:Away,attacker_exposure_unavailable
2,2680.04,5530.76,metrica:Home:10,metrica:Home,metrica:Away,attacker_exposure_unavailable
2,2680.04,5530.76,metrica:Home:3,metrica:Home,metrica:Away,attacker_exposure_unavailable
2,2680.04,5530.76,metrica:Home:6,metrica:Home,metrica:Away,attacker_exposure_unavailable
2,2684.04,5534.76,metrica:Home:1,metrica:Home,metrica:Away,attacker_exposure_unavailable
2,2684.04,5534.76,metrica:Home:10,metrica:Home,metrica:Away,attacker_exposure_unavailable
2,2684.04,5534.76,metrica:Home:3,metrica:Home,metrica:Away,attacker_exposure_unavailable
2,2684.04,5534.76,metrica:Home:6,metrica:Home,metrica:Away,attacker_exposure_unavailable
2,2688.04,5538.76,metrica:Home:1,metrica:Home,metrica:Away,attacker_exposure_unavailable
2,2688.04,5538.76,metrica:Home:10,metrica:Home,metrica:Away,attacker_exposure_unavailable
2,2688.04,5538.76,metrica:Home:3,metrica:Home,metrica:Away,attacker_exposure_unavailable
2,2688.04,5538.76,metrica:Home:6,metrica:Home,metrica:Away,attacker_exposure_unavailable
2,2692.04,5542.76,metrica:Home:1,metrica:Home,metrica:Away,restart_or_ball_out_primary_span
2,2692.04,5542.76,metrica:Home:10,metrica:Home,metrica:Away,restart_or_ball_out_primary_span
2,2692.04,5542.76,metrica:Home:12,metrica:Home,metrica:Away,restart_or_ball_out_primary_span
2,2692.04,5542.76,metrica:Home:13,metrica:Home,metrica:Away,restart_or_ball_out_primary_span
2,2692.04,5542.76,metrica:Home:14,metrica:Home,metrica:Away,restart_or_ball_out_primary_span
2,2692.04,5542.76,metrica:Home:2,metrica:Home,metrica:Away,restart_or_ball_out_primary_span
2,2692.04,5542.76,metrica:Home:3,metrica:Home,metrica:Away,restart_or_ball_out_primary_span
2,2692.04,5542.76,metrica:Home:4,metrica:Home,metrica:Away,restart_or_ball_out_primary_span
2,2692.04,5542.76,metrica:Home:5,metrica:Home,metrica:Away,restart_or_ball_out_primary_span
2,2692.04,5542.76,metrica:Home:6,metrica:Home,metrica:Away,restart_or_ball_out_primary_span
2,2692.04,5542.76,metrica:Home:7,metrica:Home,metrica:Away,restart_or_ball_out_primary_span
2,2692.04,5542.76,metrica:Home:8,metrica:Home,metrica:Away,restart_or_ball_out_primary_span
2,2692.04,5542.76,metrica:Home:9,metrica:Home,metrica:Away,restart_or_ball_out_primary_span
2,2696.04,5546.76,metrica:Home:1,metrica:Home,metrica:Away,attacker_exposure_unavailable
2,2696.04,5546.76,metrica:Home:10,metrica:Home,metrica:Away,attacker_exposure_unavailable
2,2696.04,5546.76,metrica:Home:3,metrica:Home,metrica:Away,attacker_exposure_unavailable
2,2696.04,5546.76,metrica:Home:6,metrica:Home,metrica:Away,attacker_exposure_unavailable
2,2700.04,5550.76,metrica:Home:1,metrica:Home,metrica:Away,attacker_exposure_unavailable
2,2700.04,5550.76,metrica:Home:10,metrica:Home,metrica:Away,attacker_exposure_unavailable
2,2700.04,5550.76,metrica:Home:3,metrica:Home,metrica:Away,attacker_exposure_unavailable
2,2700.04,5550.76,metrica:Home:6,metrica:Home,metrica:Away,attacker_exposure_unavailable
2,2704.04,5554.76,metrica:Home:1,metrica:Home,metrica:Away,attacker_exposure_unavailable
2,2704.04,5554.76,metrica:Home:10,metrica:Home,metrica:Away,attacker_exposure_unavailable
2,2704.04,5554.76,metrica:Home:3,metrica:Home,metrica:Away,attacker_exposure_unavailable
2,2704.04,5554.76,metrica:Home:6,metrica:Home,metrica:Away,attacker_exposure_unavailable
2,2708.04,5558.76,metrica:Home:1,metrica:Home,metrica:Away,attacker_exposure_unavailable
2,2708.04,5558.76,metrica:Home:10,metrica:Home,metrica:Away,attacker_exposure_unavailable
2,2708.04,5558.76,metrica:Home:3,metrica:Home,metrica:Away,attacker_exposure_unavailable
2,2708.04,5558.76,metrica:Home:6,metrica:Home,metrica:Away,attacker_exposure_unavailable
2,2712.04,5562.76,metrica:Home:1,metrica:Home,metrica:Away,attacker_exposure_unavailable
2,2712.04,5562.76,metrica:Home:10,metrica:Home,metrica:Away,attacker_exposure_unavailable
2,2712.04,5562.76,metrica:Home:3,metrica:Home,metrica:Away,attacker_exposure_unavailable
2,2712.04,5562.76,metrica:Home:6,metrica:Home,metrica:Away,attacker_exposure_unavailable
2,2716.04,5566.76,metrica:Home:1,metrica:Home,metrica:Away,attacker_exposure_unavailable
2,2716.04,5566.76,metrica:Home:10,metrica:Home,metrica:Away,attacker_exposure_unavailable
2,2716.04,5566.76,metrica:Home:3,metrica:Home,metrica:Away,attacker_exposure_unavailable
2,2716.04,5566.76,metrica:Home:6,metrica:Home,metrica:Away,attacker_exposure_unavailable
2,2720.04,5570.76,metrica:Home:1,metrica:Home,metrica:Away,attacker_exposure_unavailable
2,2720.04,5570.76,metrica:Home:10,metrica:Home,metrica:Away,attacker_exposure_unavailable
2,2720.04,5570.76,metrica:Home:3,metrica:Home,metrica:Away,attacker_exposure_unavailable
2,2720.04,5570.76,metrica:Home:6,metrica:Home,metrica:Away,attacker_exposure_unavailable
2,2724.04,5574.76,metrica:Home:1,metrica:Home,metrica:Away,attacker_exposure_unavailable
2,2724.04,5574.76,metrica:Home:10,metrica:Home,metrica:Away,attacker_exposure_unavailable
2,2724.04,5574.76,metrica:Home:3,metrica:Home,metrica:Away,attacker_exposure_unavailable
2,2724.04,5574.76,metrica:Home:6,metrica:Home,metrica:Away,attacker_exposure_unavailable
2,2728.04,5578.76,metrica:Home:1,metrica:Home,metrica:Away,attacker_exposure_unavailable
2,2728.04,5578.76,metrica:Home:10,metrica:Home,metrica:Away,attacker_exposure_unavailable
2,2728.04,5578.76,metrica:Home:3,metrica:Home,metrica:Away,attacker_exposure_unavailable
2,2728.04,5578.76,metrica:Home:6,metrica:Home,metrica:Away,attacker_exposure_unavailable
2,2732.04,5582.76,metrica:Home:1,metrica:Home,metrica:Away,restart_or_ball_out_primary_span
2,2732.04,5582.76,metrica:Home:10,metrica:Home,metrica:Away,restart_or_ball_out_primary_span
2,2732.04,5582.76,metrica:Home:12,metrica:Home,metrica:Away,restart_or_ball_out_primary_span
2,2732.04,5582.76,metrica:Home:13,metrica:Home,metrica:Away,restart_or_ball_out_primary_span
2,2732.04,5582.76,metrica:Home:14,metrica:Home,metrica:Away,restart_or_ball_out_primary_span
2,2732.04,5582.76,metrica:Home:2,metrica:Home,metrica:Away,restart_or_ball_out_primary_span
2,2732.04,5582.76,metrica:Home:3,metrica:Home,metrica:Away,restart_or_ball_out_primary_span
2,2732.04,5582.76,metrica:Home:4,metrica:Home,metrica:Away,restart_or_ball_out_primary_span
2,2732.04,5582.76,metrica:Home:5,metrica:Home,metrica:Away,restart_or_ball_out_primary_span
2,2732.04,5582.76,metrica:Home:6,metrica:Home,metrica:Away,restart_or_ball_out_primary_span
2,2732.04,5582.76,metrica:Home:7,metrica:Home,metrica:Away,restart_or_ball_out_primary_span
2,2732.04,5582.76,metrica:Home:8,metrica:Home,metrica:Away,restart_or_ball_out_primary_span
2,2732.04,5582.76,metrica:Home:9,metrica:Home,metrica:Away,restart_or_ball_out_primary_span
2,2736.04,5586.76,metrica:Home:1,metrica:Home,metrica:Away,attacker_exposure_unavailable
2,2736.04,5586.76,metrica:Home:10,metrica:Home,metrica:Away,attacker_exposure_unavailable
2,2736.04,5586.76,metrica:Home:3,metrica:Home,metrica:Away,attacker_exposure_unavailable
2,2736.04,5586.76,metrica:Home:6,metrica:Home,metrica:Away,attacker_exposure_unavailable
2,2740.04,5590.76,metrica:Home:1,metrica:Home,metrica:Away,attacker_exposure_unavailable
2,2740.04,5590.76,metrica:Home:10,metrica:Home,metrica:Away,attacker_exposure_unavailable
2,2740.04,5590.76,metrica:Home:3,metrica:Home,metrica:Away,attacker_exposure_unavailable
2,2740.04,5590.76,metrica:Home:6,metrica:Home,metrica:Away,attacker_exposure_unavailable
2,2744.04,5594.76,metrica:Away:15,metrica:Away,metrica:Home,complete_ten_defenders_unavailable
2,2744.04,5594.76,metrica:Away:16,metrica:Away,metrica:Home,complete_ten_defenders_unavailable
2,2744.04,5594.76,metrica:Away:17,metrica:Away,metrica:Home,complete_ten_defenders_unavailable
2,2744.04,5594.76,metrica:Away:18,metrica:Away,metrica:Home,complete_ten_defenders_unavailable
2,2744.04,5594.76,metrica:Away:19,metrica:Away,metrica:Home,attacker_exposure_unavailable
2,2744.04,5594.76,metrica:Away:20,metrica:Away,metrica:Home,complete_ten_defenders_unavailable
2,2744.04,5594.76,metrica:Away:21,metrica:Away,metrica:Home,complete_ten_defenders_unavailable
2,2744.04,5594.76,metrica:Away:22,metrica:Away,metrica:Home,attacker_exposure_unavailable
2,2744.04,5594.76,metrica:Away:23,metrica:Away,metrica:Home,complete_ten_defenders_unavailable
2,2744.04,5594.76,metrica:Away:24,metrica:Away,metrica:Home,attacker_exposure_unavailable
2,2744.04,5594.76,metrica:Away:26,metrica:Away,metrica:Home,complete_ten_defenders_unavailable
2,2744.04,5594.76,metrica:Away:27,metrica:Away,metrica:Home,complete_ten_defenders_unavailable
2,2744.04,5594.76,metrica:Away:28,metrica:Away,metrica:Home,complete_ten_defenders_unavailable
2,2748.04,5598.76,metrica:Away:15,metrica:Away,metrica:Home,complete_ten_defenders_unavailable
2,2748.04,5598.76,metrica:Away:16,metrica:Away,metrica:Home,complete_ten_defenders_unavailable
2,2748.04,5598.76,metrica:Away:17,metrica:Away,metrica:Home,complete_ten_defenders_unavailable
2,2748.04,5598.76,metrica:Away:18,metrica:Away,metrica:Home,complete_ten_defenders_unavailable
2,2748.04,5598.76,metrica:Away:19,metrica:Away,metrica:Home,attacker_exposure_unavailable
2,2748.04,5598.76,metrica:Away:20,metrica:Away,metrica:Home,complete_ten_defenders_unavailable
2,2748.04,5598.76,metrica:Away:21,metrica:Away,metrica:Home,complete_ten_defenders_unavailable
2,2748.04,5598.76,metrica:Away:22,metrica:Away,metrica:Home,attacker_exposure_unavailable
2,2748.04,5598.76,metrica:Away:23,metrica:Away,metrica:Home,complete_ten_defenders_unavailable
2,2748.04,5598.76,metrica:Away:24,metrica:Away,metrica:Home,attacker_exposure_unavailable
2,2748.04,5598.76,metrica:Away:26,metrica:Away,metrica:Home,complete_ten_defenders_unavailable
2,2748.04,5598.76,metrica:Away:27,metrica:Away,metrica:Home,complete_ten_defenders_unavailable
2,2748.04,5598.76,metrica:Away:28,metrica:Away,metrica:Home,complete_ten_defenders_unavailable
2,2752.04,5602.76,metrica:Away:15,metrica:Away,metrica:Home,restart_or_ball_out_primary_span
2,2752.04,5602.76,metrica:Away:16,metrica:Away,metrica:Home,restart_or_ball_out_primary_span
2,2752.04,5602.76,metrica:Away:17,metrica:Away,metrica:Home,restart_or_ball_out_primary_span
2,2752.04,5602.76,metrica:Away:18,metrica:Away,metrica:Home,restart_or_ball_out_primary_span
2,2752.04,5602.76,metrica:Away:19,metrica:Away,metrica:Home,restart_or_ball_out_primary_span
2,2752.04,5602.76,metrica:Away:20,metrica:Away,metrica:Home,restart_or_ball_out_primary_span
2,2752.04,5602.76,metrica:Away:21,metrica:Away,metrica:Home,restart_or_ball_out_primary_span
2,2752.04,5602.76,metrica:Away:22,metrica:Away,metrica:Home,restart_or_ball_out_primary_span
2,2752.04,5602.76,metrica:Away:23,metrica:Away,metrica:Home,restart_or_ball_out_primary_span
2,2752.04,5602.76,metrica:Away:24,metrica:Away,metrica:Home,restart_or_ball_out_primary_span
2,2752.04,5602.76,metrica:Away:26,metrica:Away,metrica:Home,restart_or_ball_out_primary_span
2,2752.04,5602.76,metrica:Away:27,metrica:Away,metrica:Home,restart_or_ball_out_primary_span
2,2752.04,5602.76,metrica:Away:28,metrica:Away,metrica:Home,restart_or_ball_out_primary_span
2,2756.04,5606.76,metrica:Home:1,metrica:Home,metrica:Away,attacker_exposure_unavailable
2,2756.04,5606.76,metrica:Home:10,metrica:Home,metrica:Away,attacker_exposure_unavailable
2,2756.04,5606.76,metrica:Home:3,metrica:Home,metrica:Away,attacker_exposure_unavailable
2,2756.04,5606.76,metrica:Home:6,metrica:Home,metrica:Away,attacker_exposure_unavailable
2,2760.04,5610.76,metrica:Home:1,metrica:Home,metrica:Away,attacker_exposure_unavailable
2,2760.04,5610.76,metrica:Home:10,metrica:Home,metrica:Away,attacker_exposure_unavailable
2,2760.04,5610.76,metrica:Home:3,metrica:Home,metrica:Away,attacker_exposure_unavailable
2,2760.04,5610.76,metrica:Home:6,metrica:Home,metrica:Away,attacker_exposure_unavailable
2,2764.04,5614.76,metrica:Home:1,metrica:Home,metrica:Away,attacker_exposure_unavailable
2,2764.04,5614.76,metrica:Home:10,metrica:Home,metrica:Away,attacker_exposure_unavailable
2,2764.04,5614.76,metrica:Home:3,metrica:Home,metrica:Away,attacker_exposure_unavailable
2,2764.04,5614.76,metrica:Home:6,metrica:Home,metrica:Away,attacker_exposure_unavailable
2,2768.04,5618.76,metrica:Home:1,metrica:Home,metrica:Away,restart_or_ball_out_primary_span
2,2768.04,5618.76,metrica:Home:10,metrica:Home,metrica:Away,restart_or_ball_out_primary_span
2,2768.04,5618.76,metrica:Home:12,metrica:Home,metrica:Away,restart_or_ball_out_primary_span
2,2768.04,5618.76,metrica:Home:13,metrica:Home,metrica:Away,restart_or_ball_out_primary_span
2,2768.04,5618.76,metrica:Home:14,metrica:Home,metrica:Away,restart_or_ball_out_primary_span
2,2768.04,5618.76,metrica:Home:2,metrica:Home,metrica:Away,restart_or_ball_out_primary_span
2,2768.04,5618.76,metrica:Home:3,metrica:Home,metrica:Away,restart_or_ball_out_primary_span
2,2768.04,5618.76,metrica:Home:4,metrica:Home,metrica:Away,restart_or_ball_out_primary_span
2,2768.04,5618.76,metrica:Home:5,metrica:Home,metrica:Away,restart_or_ball_out_primary_span
2,2768.04,5618.76,metrica:Home:6,metrica:Home,metrica:Away,restart_or_ball_out_primary_span
2,2768.04,5618.76,metrica:Home:7,metrica:Home,metrica:Away,restart_or_ball_out_primary_span
2,2768.04,5618.76,metrica:Home:8,metrica:Home,metrica:Away,restart_or_ball_out_primary_span
2,2768.04,5618.76,metrica:Home:9,metrica:Home,metrica:Away,restart_or_ball_out_primary_span
2,2772.04,5622.76,metrica:Home:1,metrica:Home,metrica:Away,restart_or_ball_out_primary_span
2,2772.04,5622.76,metrica:Home:10,metrica:Home,metrica:Away,restart_or_ball_out_primary_span
2,2772.04,5622.76,metrica:Home:12,metrica:Home,metrica:Away,restart_or_ball_out_primary_span
2,2772.04,5622.76,metrica:Home:13,metrica:Home,metrica:Away,restart_or_ball_out_primary_span
2,2772.04,5622.76,metrica:Home:14,metrica:Home,metrica:Away,restart_or_ball_out_primary_span
2,2772.04,5622.76,metrica:Home:2,metrica:Home,metrica:Away,restart_or_ball_out_primary_span
2,2772.04,5622.76,metrica:Home:3,metrica:Home,metrica:Away,restart_or_ball_out_primary_span
2,2772.04,5622.76,metrica:Home:4,metrica:Home,metrica:Away,restart_or_ball_out_primary_span
2,2772.04,5622.76,metrica:Home:5,metrica:Home,metrica:Away,restart_or_ball_out_primary_span
2,2772.04,5622.76,metrica:Home:6,metrica:Home,metrica:Away,restart_or_ball_out_primary_span
2,2772.04,5622.76,metrica:Home:7,metrica:Home,metrica:Away,restart_or_ball_out_primary_span
2,2772.04,5622.76,metrica:Home:8,metrica:Home,metrica:Away,restart_or_ball_out_primary_span
2,2772.04,5622.76,metrica:Home:9,metrica:Home,metrica:Away,restart_or_ball_out_primary_span
2,2776.04,5626.76,metrica:Home:1,metrica:Home,metrica:Away,attacker_exposure_unavailable
2,2776.04,5626.76,metrica:Home:10,metrica:Home,metrica:Away,attacker_exposure_unavailable
2,2776.04,5626.76,metrica:Home:3,metrica:Home,metrica:Away,attacker_exposure_unavailable
2,2776.04,5626.76,metrica:Home:6,metrica:Home,metrica:Away,attacker_exposure_unavailable
2,2780.04,5630.76,metrica:Away:15,metrica:Away,metrica:Home,complete_ten_defenders_unavailable
2,2780.04,5630.76,metrica:Away:16,metrica:Away,metrica:Home,complete_ten_defenders_unavailable
2,2780.04,5630.76,metrica:Away:17,metrica:Away,metrica:Home,complete_ten_defenders_unavailable
2,2780.04,5630.76,metrica:Away:18,metrica:Away,metrica:Home,complete_ten_defenders_unavailable
2,2780.04,5630.76,metrica:Away:19,metrica:Away,metrica:Home,attacker_exposure_unavailable
2,2780.04,5630.76,metrica:Away:20,metrica:Away,metrica:Home,complete_ten_defenders_unavailable
2,2780.04,5630.76,metrica:Away:21,metrica:Away,metrica:Home,complete_ten_defenders_unavailable
2,2780.04,5630.76,metrica:Away:22,metrica:Away,metrica:Home,attacker_exposure_unavailable
2,2780.04,5630.76,metrica:Away:23,metrica:Away,metrica:Home,complete_ten_defenders_unavailable
2,2780.04,5630.76,metrica:Away:24,metrica:Away,metrica:Home,attacker_exposure_unavailable
2,2780.04,5630.76,metrica:Away:26,metrica:Away,metrica:Home,complete_ten_defenders_unavailable
2,2780.04,5630.76,metrica:Away:27,metrica:Away,metrica:Home,complete_ten_defenders_unavailable
2,2780.04,5630.76,metrica:Away:28,metrica:Away,metrica:Home,complete_ten_defenders_unavailable
2,2784.04,5634.76,metrica:Away:15,metrica:Away,metrica:Home,complete_ten_defenders_unavailable
2,2784.04,5634.76,metrica:Away:16,metrica:Away,metrica:Home,complete_ten_defenders_unavailable
2,2784.04,5634.76,metrica:Away:17,metrica:Away,metrica:Home,complete_ten_defenders_unavailable
2,2784.04,5634.76,metrica:Away:18,metrica:Away,metrica:Home,complete_ten_defenders_unavailable
2,2784.04,5634.76,metrica:Away:19,metrica:Away,metrica:Home,attacker_exposure_unavailable
2,2784.04,5634.76,metrica:Away:20,metrica:Away,metrica:Home,complete_ten_defenders_unavailable
2,2784.04,5634.76,metrica:Away:21,metrica:Away,metrica:Home,complete_ten_defenders_unavailable
2,2784.04,5634.76,metrica:Away:22,metrica:Away,metrica:Home,attacker_exposure_unavailable
2,2784.04,5634.76,metrica:Away:23,metrica:Away,metrica:Home,complete_ten_defenders_unavailable
2,2784.04,5634.76,metrica:Away:24,metrica:Away,metrica:Home,attacker_exposure_unavailable
2,2784.04,5634.76,metrica:Away:26,metrica:Away,metrica:Home,complete_ten_defenders_unavailable
2,2784.04,5634.76,metrica:Away:27,metrica:Away,metrica:Home,complete_ten_defenders_unavailable
2,2784.04,5634.76,metrica:Away:28,metrica:Away,metrica:Home,complete_ten_defenders_unavailable
2,2788.04,5638.76,metrica:Away:15,metrica:Away,metrica:Home,complete_ten_defenders_unavailable
2,2788.04,5638.76,metrica:Away:16,metrica:Away,metrica:Home,complete_ten_defenders_unavailable
2,2788.04,5638.76,metrica:Away:17,metrica:Away,metrica:Home,complete_ten_defenders_unavailable
2,2788.04,5638.76,metrica:Away:18,metrica:Away,metrica:Home,complete_ten_defenders_unavailable
2,2788.04,5638.76,metrica:Away:19,metrica:Away,metrica:Home,attacker_exposure_unavailable
2,2788.04,5638.76,metrica:Away:20,metrica:Away,metrica:Home,complete_ten_defenders_unavailable
2,2788.04,5638.76,metrica:Away:21,metrica:Away,metrica:Home,complete_ten_defenders_unavailable
2,2788.04,5638.76,metrica:Away:22,metrica:Away,metrica:Home,attacker_exposure_unavailable
2,2788.04,5638.76,metrica:Away:23,metrica:Away,metrica:Home,complete_ten_defenders_unavailable
2,2788.04,5638.76,metrica:Away:24,metrica:Away,metrica:Home,attacker_exposure_unavailable
2,2788.04,5638.76,metrica:Away:26,metrica:Away,metrica:Home,complete_ten_defenders_unavailable
2,2788.04,5638.76,metrica:Away:27,metrica:Away,metrica:Home,complete_ten_defenders_unavailable
2,2788.04,5638.76,metrica:Away:28,metrica:Away,metrica:Home,complete_ten_defenders_unavailable
2,2792.04,5642.76,metrica:Away:15,metrica:Away,metrica:Home,complete_ten_defenders_unavailable
2,2792.04,5642.76,metrica:Away:16,metrica:Away,metrica:Home,complete_ten_defenders_unavailable
2,2792.04,5642.76,metrica:Away:17,metrica:Away,metrica:Home,complete_ten_defenders_unavailable
2,2792.04,5642.76,metrica:Away:18,metrica:Away,metrica:Home,complete_ten_defenders_unavailable
2,2792.04,5642.76,metrica:Away:19,metrica:Away,metrica:Home,attacker_exposure_unavailable
2,2792.04,5642.76,metrica:Away:20,metrica:Away,metrica:Home,complete_ten_defenders_unavailable
2,2792.04,5642.76,metrica:Away:21,metrica:Away,metrica:Home,complete_ten_defenders_unavailable
2,2792.04,5642.76,metrica:Away:22,metrica:Away,metrica:Home,attacker_exposure_unavailable
2,2792.04,5642.76,metrica:Away:23,metrica:Away,metrica:Home,complete_ten_defenders_unavailable
2,2792.04,5642.76,metrica:Away:24,metrica:Away,metrica:Home,attacker_exposure_unavailable
2,2792.04,5642.76,metrica:Away:26,metrica:Away,metrica:Home,complete_ten_defenders_unavailable
2,2792.04,5642.76,metrica:Away:27,metrica:Away,metrica:Home,complete_ten_defenders_unavailable
2,2792.04,5642.76,metrica:Away:28,metrica:Away,metrica:Home,complete_ten_defenders_unavailable
2,2796.04,5646.76,metrica:Away:15,metrica:Away,metrica:Home,restart_or_ball_out_primary_span
2,2796.04,5646.76,metrica:Away:16,metrica:Away,metrica:Home,restart_or_ball_out_primary_span
2,2796.04,5646.76,metrica:Away:17,metrica:Away,metrica:Home,restart_or_ball_out_primary_span
2,2796.04,5646.76,metrica:Away:18,metrica:Away,metrica:Home,restart_or_ball_out_primary_span
2,2796.04,5646.76,metrica:Away:19,metrica:Away,metrica:Home,restart_or_ball_out_primary_span
2,2796.04,5646.76,metrica:Away:20,metrica:Away,metrica:Home,restart_or_ball_out_primary_span
2,2796.04,5646.76,metrica:Away:21,metrica:Away,metrica:Home,restart_or_ball_out_primary_span
2,2796.04,5646.76,metrica:Away:22,metrica:Away,metrica:Home,restart_or_ball_out_primary_span
2,2796.04,5646.76,metrica:Away:23,metrica:Away,metrica:Home,restart_or_ball_out_primary_span
2,2796.04,5646.76,metrica:Away:24,metrica:Away,metrica:Home,restart_or_ball_out_primary_span
2,2796.04,5646.76,metrica:Away:26,metrica:Away,metrica:Home,restart_or_ball_out_primary_span
2,2796.04,5646.76,metrica:Away:27,metrica:Away,metrica:Home,restart_or_ball_out_primary_span
2,2796.04,5646.76,metrica:Away:28,metrica:Away,metrica:Home,restart_or_ball_out_primary_span
2,2800.04,5650.76,metrica:Away:15,metrica:Away,metrica:Home,complete_ten_defenders_unavailable
2,2800.04,5650.76,metrica:Away:16,metrica:Away,metrica:Home,complete_ten_defenders_unavailable
2,2800.04,5650.76,metrica:Away:17,metrica:Away,metrica:Home,complete_ten_defenders_unavailable
2,2800.04,5650.76,metrica:Away:18,metrica:Away,metrica:Home,complete_ten_defenders_unavailable
2,2800.04,5650.76,metrica:Away:19,metrica:Away,metrica:Home,attacker_exposure_unavailable
2,2800.04,5650.76,metrica:Away:20,metrica:Away,metrica:Home,complete_ten_defenders_unavailable
2,2800.04,5650.76,metrica:Away:21,metrica:Away,metrica:Home,complete_ten_defenders_unavailable
2,2800.04,5650.76,metrica:Away:22,metrica:Away,metrica:Home,attacker_exposure_unavailable
2,2800.04,5650.76,metrica:Away:23,metrica:Away,metrica:Home,complete_ten_defenders_unavailable
2,2800.04,5650.76,metrica:Away:24,metrica:Away,metrica:Home,attacker_exposure_unavailable
2,2800.04,5650.76,metrica:Away:26,metrica:Away,metrica:Home,complete_ten_defenders_unavailable
2,2800.04,5650.76,metrica:Away:27,metrica:Away,metrica:Home,complete_ten_defenders_unavailable
2,2800.04,5650.76,metrica:Away:28,metrica:Away,metrica:Home,complete_ten_defenders_unavailable
2,2804.04,5654.76,metrica:Away:15,metrica:Away,metrica:Home,complete_ten_defenders_unavailable
2,2804.04,5654.76,metrica:Away:16,metrica:Away,metrica:Home,complete_ten_defenders_unavailable
2,2804.04,5654.76,metrica:Away:17,metrica:Away,metrica:Home,complete_ten_defenders_unavailable
2,2804.04,5654.76,metrica:Away:18,metrica:Away,metrica:Home,complete_ten_defenders_unavailable
2,2804.04,5654.76,metrica:Away:19,metrica:Away,metrica:Home,attacker_exposure_unavailable
2,2804.04,5654.76,metrica:Away:20,metrica:Away,metrica:Home,complete_ten_defenders_unavailable
2,2804.04,5654.76,metrica:Away:21,metrica:Away,metrica:Home,complete_ten_defenders_unavailable
2,2804.04,5654.76,metrica:Away:22,metrica:Away,metrica:Home,attacker_exposure_unavailable
2,2804.04,5654.76,metrica:Away:23,metrica:Away,metrica:Home,complete_ten_defenders_unavailable
2,2804.04,5654.76,metrica:Away:24,metrica:Away,metrica:Home,attacker_exposure_unavailable
2,2804.04,5654.76,metrica:Away:26,metrica:Away,metrica:Home,complete_ten_defenders_unavailable
2,2804.04,5654.76,metrica:Away:27,metrica:Away,metrica:Home,complete_ten_defenders_unavailable
2,2804.04,5654.76,metrica:Away:28,metrica:Away,metrica:Home,complete_ten_defenders_unavailable
2,2808.04,5658.76,metrica:Away:15,metrica:Away,metrica:Home,complete_ten_defenders_unavailable
2,2808.04,5658.76,metrica:Away:16,metrica:Away,metrica:Home,complete_ten_defenders_unavailable
2,2808.04,5658.76,metrica:Away:17,metrica:Away,metrica:Home,complete_ten_defenders_unavailable
2,2808.04,5658.76,metrica:Away:18,metrica:Away,metrica:Home,complete_ten_defenders_unavailable
2,2808.04,5658.76,metrica:Away:19,metrica:Away,metrica:Home,attacker_exposure_unavailable
2,2808.04,5658.76,metrica:Away:20,metrica:Away,metrica:Home,complete_ten_defenders_unavailable
2,2808.04,5658.76,metrica:Away:21,metrica:Away,metrica:Home,complete_ten_defenders_unavailable
2,2808.04,5658.76,metrica:Away:22,metrica:Away,metrica:Home,attacker_exposure_unavailable
2,2808.04,5658.76,metrica:Away:23,metrica:Away,metrica:Home,complete_ten_defenders_unavailable
2,2808.04,5658.76,metrica:Away:24,metrica:Away,metrica:Home,attacker_exposure_unavailable
2,2808.04,5658.76,metrica:Away:26,metrica:Away,metrica:Home,complete_ten_defenders_unavailable
2,2808.04,5658.76,metrica:Away:27,metrica:Away,metrica:Home,complete_ten_defenders_unavailable
2,2808.04,5658.76,metrica:Away:28,metrica:Away,metrica:Home,complete_ten_defenders_unavailable
2,2812.04,5662.76,metrica:Home:1,metrica:Home,metrica:Away,restart_or_ball_out_primary_span
2,2812.04,5662.76,metrica:Home:10,metrica:Home,metrica:Away,restart_or_ball_out_primary_span
2,2812.04,5662.76,metrica:Home:12,metrica:Home,metrica:Away,restart_or_ball_out_primary_span
2,2812.04,5662.76,metrica:Home:13,metrica:Home,metrica:Away,restart_or_ball_out_primary_span
2,2812.04,5662.76,metrica:Home:14,metrica:Home,metrica:Away,restart_or_ball_out_primary_span
2,2812.04,5662.76,metrica:Home:2,metrica:Home,metrica:Away,restart_or_ball_out_primary_span
2,2812.04,5662.76,metrica:Home:3,metrica:Home,metrica:Away,restart_or_ball_out_primary_span
2,2812.04,5662.76,metrica:Home:4,metrica:Home,metrica:Away,restart_or_ball_out_primary_span
2,2812.04,5662.76,metrica:Home:5,metrica:Home,metrica:Away,restart_or_ball_out_primary_span
2,2812.04,5662.76,metrica:Home:6,metrica:Home,metrica:Away,restart_or_ball_out_primary_span
2,2812.04,5662.76,metrica:Home:7,metrica:Home,metrica:Away,restart_or_ball_out_primary_span
2,2812.04,5662.76,metrica:Home:8,metrica:Home,metrica:Away,restart_or_ball_out_primary_span
2,2812.04,5662.76,metrica:Home:9,metrica:Home,metrica:Away,restart_or_ball_out_primary_span
2,2816.04,5666.76,metrica:Home:1,metrica:Home,metrica:Away,attacker_exposure_unavailable
2,2816.04,5666.76,metrica:Home:10,metrica:Home,metrica:Away,attacker_exposure_unavailable
2,2816.04,5666.76,metrica:Home:3,metrica:Home,metrica:Away,attacker_exposure_unavailable
2,2816.04,5666.76,metrica:Home:6,metrica:Home,metrica:Away,attacker_exposure_unavailable
2,2820.04,5670.76,metrica:Home:1,metrica:Home,metrica:Away,attacker_exposure_unavailable
2,2820.04,5670.76,metrica:Home:10,metrica:Home,metrica:Away,attacker_exposure_unavailable
2,2820.04,5670.76,metrica:Home:3,metrica:Home,metrica:Away,attacker_exposure_unavailable
2,2820.04,5670.76,metrica:Home:6,metrica:Home,metrica:Away,attacker_exposure_unavailable
2,2824.04,5674.76,metrica:Home:1,metrica:Home,metrica:Away,attacker_exposure_unavailable
2,2824.04,5674.76,metrica:Home:10,metrica:Home,metrica:Away,attacker_exposure_unavailable
2,2824.04,5674.76,metrica:Home:3,metrica:Home,metrica:Away,attacker_exposure_unavailable
2,2824.04,5674.76,metrica:Home:6,metrica:Home,metrica:Away,attacker_exposure_unavailable
2,2828.04,5678.76,metrica:Home:1,metrica:Home,metrica:Away,attacker_exposure_unavailable
2,2828.04,5678.76,metrica:Home:10,metrica:Home,metrica:Away,attacker_exposure_unavailable
2,2828.04,5678.76,metrica:Home:3,metrica:Home,metrica:Away,attacker_exposure_unavailable
2,2828.04,5678.76,metrica:Home:6,metrica:Home,metrica:Away,attacker_exposure_unavailable
2,2832.04,5682.76,metrica:Home:1,metrica:Home,metrica:Away,attacker_exposure_unavailable
2,2832.04,5682.76,metrica:Home:10,metrica:Home,metrica:Away,attacker_exposure_unavailable
2,2832.04,5682.76,metrica:Home:3,metrica:Home,metrica:Away,attacker_exposure_unavailable
2,2832.04,5682.76,metrica:Home:6,metrica:Home,metrica:Away,attacker_exposure_unavailable
2,2836.04,5686.76,metrica:Home:1,metrica:Home,metrica:Away,attacker_exposure_unavailable
2,2836.04,5686.76,metrica:Home:10,metrica:Home,metrica:Away,attacker_exposure_unavailable
2,2836.04,5686.76,metrica:Home:3,metrica:Home,metrica:Away,attacker_exposure_unavailable
2,2836.04,5686.76,metrica:Home:6,metrica:Home,metrica:Away,attacker_exposure_unavailable
2,2840.04,5690.76,metrica:Home:1,metrica:Home,metrica:Away,restart_or_ball_out_primary_span
2,2840.04,5690.76,metrica:Home:10,metrica:Home,metrica:Away,restart_or_ball_out_primary_span
2,2840.04,5690.76,metrica:Home:12,metrica:Home,metrica:Away,restart_or_ball_out_primary_span
2,2840.04,5690.76,metrica:Home:13,metrica:Home,metrica:Away,restart_or_ball_out_primary_span
2,2840.04,5690.76,metrica:Home:14,metrica:Home,metrica:Away,restart_or_ball_out_primary_span
2,2840.04,5690.76,metrica:Home:2,metrica:Home,metrica:Away,restart_or_ball_out_primary_span
2,2840.04,5690.76,metrica:Home:3,metrica:Home,metrica:Away,restart_or_ball_out_primary_span
2,2840.04,5690.76,metrica:Home:4,metrica:Home,metrica:Away,restart_or_ball_out_primary_span
2,2840.04,5690.76,metrica:Home:5,metrica:Home,metrica:Away,restart_or_ball_out_primary_span
2,2840.04,5690.76,metrica:Home:6,metrica:Home,metrica:Away,restart_or_ball_out_primary_span
2,2840.04,5690.76,metrica:Home:7,metrica:Home,metrica:Away,restart_or_ball_out_primary_span
2,2840.04,5690.76,metrica:Home:8,metrica:Home,metrica:Away,restart_or_ball_out_primary_span
2,2840.04,5690.76,metrica:Home:9,metrica:Home,metrica:Away,restart_or_ball_out_primary_span
2,2844.04,5694.76,metrica:Home:1,metrica:Home,metrica:Away,attacker_exposure_unavailable
2,2844.04,5694.76,metrica:Home:10,metrica:Home,metrica:Away,attacker_exposure_unavailable
2,2844.04,5694.76,metrica:Home:3,metrica:Home,metrica:Away,attacker_exposure_unavailable
2,2844.04,5694.76,metrica:Home:6,metrica:Home,metrica:Away,attacker_exposure_unavailable
2,2848.04,5698.76,metrica:Home:1,metrica:Home,metrica:Away,restart_or_ball_out_primary_span
2,2848.04,5698.76,metrica:Home:10,metrica:Home,metrica:Away,restart_or_ball_out_primary_span
2,2848.04,5698.76,metrica:Home:12,metrica:Home,metrica:Away,restart_or_ball_out_primary_span
2,2848.04,5698.76,metrica:Home:13,metrica:Home,metrica:Away,restart_or_ball_out_primary_span
2,2848.04,5698.76,metrica:Home:14,metrica:Home,metrica:Away,restart_or_ball_out_primary_span
2,2848.04,5698.76,metrica:Home:2,metrica:Home,metrica:Away,restart_or_ball_out_primary_span
2,2848.04,5698.76,metrica:Home:3,metrica:Home,metrica:Away,restart_or_ball_out_primary_span
2,2848.04,5698.76,metrica:Home:4,metrica:Home,metrica:Away,restart_or_ball_out_primary_span
2,2848.04,5698.76,metrica:Home:5,metrica:Home,metrica:Away,restart_or_ball_out_primary_span
2,2848.04,5698.76,metrica:Home:6,metrica:Home,metrica:Away,restart_or_ball_out_primary_span
2,2848.04,5698.76,metrica:Home:7,metrica:Home,metrica:Away,restart_or_ball_out_primary_span
2,2848.04,5698.76,metrica:Home:8,metrica:Home,metrica:Away,restart_or_ball_out_primary_span
2,2848.04,5698.76,metrica:Home:9,metrica:Home,metrica:Away,restart_or_ball_out_primary_span
2,2852.04,5702.76,metrica:Away:15,metrica:Away,metrica:Home,restart_or_ball_out_primary_span
2,2852.04,5702.76,metrica:Away:16,metrica:Away,metrica:Home,restart_or_ball_out_primary_span
2,2852.04,5702.76,metrica:Away:17,metrica:Away,metrica:Home,restart_or_ball_out_primary_span
2,2852.04,5702.76,metrica:Away:18,metrica:Away,metrica:Home,restart_or_ball_out_primary_span
2,2852.04,5702.76,metrica:Away:19,metrica:Away,metrica:Home,restart_or_ball_out_primary_span
2,2852.04,5702.76,metrica:Away:20,metrica:Away,metrica:Home,restart_or_ball_out_primary_span
2,2852.04,5702.76,metrica:Away:21,metrica:Away,metrica:Home,restart_or_ball_out_primary_span
2,2852.04,5702.76,metrica:Away:22,metrica:Away,metrica:Home,restart_or_ball_out_primary_span
2,2852.04,5702.76,metrica:Away:23,metrica:Away,metrica:Home,restart_or_ball_out_primary_span
2,2852.04,5702.76,metrica:Away:24,metrica:Away,metrica:Home,restart_or_ball_out_primary_span
2,2852.04,5702.76,metrica:Away:26,metrica:Away,metrica:Home,restart_or_ball_out_primary_span
2,2852.04,5702.76,metrica:Away:27,metrica:Away,metrica:Home,restart_or_ball_out_primary_span
2,2852.04,5702.76,metrica:Away:28,metrica:Away,metrica:Home,restart_or_ball_out_primary_span
2,2856.04,5706.76,metrica:Away:15,metrica:Away,metrica:Home,complete_ten_defenders_unavailable
2,2856.04,5706.76,metrica:Away:16,metrica:Away,metrica:Home,complete_ten_defenders_unavailable
2,2856.04,5706.76,metrica:Away:17,metrica:Away,metrica:Home,complete_ten_defenders_unavailable
2,2856.04,5706.76,metrica:Away:18,metrica:Away,metrica:Home,complete_ten_defenders_unavailable
2,2856.04,5706.76,metrica:Away:19,metrica:Away,metrica:Home,attacker_exposure_unavailable
2,2856.04,5706.76,metrica:Away:20,metrica:Away,metrica:Home,complete_ten_defenders_unavailable
2,2856.04,5706.76,metrica:Away:21,metrica:Away,metrica:Home,complete_ten_defenders_unavailable
2,2856.04,5706.76,metrica:Away:22,metrica:Away,metrica:Home,attacker_exposure_unavailable
2,2856.04,5706.76,metrica:Away:23,metrica:Away,metrica:Home,complete_ten_defenders_unavailable
2,2856.04,5706.76,metrica:Away:24,metrica:Away,metrica:Home,attacker_exposure_unavailable
2,2856.04,5706.76,metrica:Away:26,metrica:Away,metrica:Home,complete_ten_defenders_unavailable
2,2856.04,5706.76,metrica:Away:27,metrica:Away,metrica:Home,complete_ten_defenders_unavailable
2,2856.04,5706.76,metrica:Away:28,metrica:Away,metrica:Home,complete_ten_defenders_unavailable
2,2860.04,5710.76,metrica:Away:15,metrica:Away,metrica:Home,complete_ten_defenders_unavailable
2,2860.04,5710.76,metrica:Away:16,metrica:Away,metrica:Home,complete_ten_defenders_unavailable
2,2860.04,5710.76,metrica:Away:17,metrica:Away,metrica:Home,complete_ten_defenders_unavailable
2,2860.04,5710.76,metrica:Away:18,metrica:Away,metrica:Home,complete_ten_defenders_unavailable
2,2860.04,5710.76,metrica:Away:19,metrica:Away,metrica:Home,attacker_exposure_unavailable
2,2860.04,5710.76,metrica:Away:20,metrica:Away,metrica:Home,complete_ten_defenders_unavailable
2,2860.04,5710.76,metrica:Away:21,metrica:Away,metrica:Home,complete_ten_defenders_unavailable
2,2860.04,5710.76,metrica:Away:22,metrica:Away,metrica:Home,attacker_exposure_unavailable
2,2860.04,5710.76,metrica:Away:23,metrica:Away,metrica:Home,complete_ten_defenders_unavailable
2,2860.04,5710.76,metrica:Away:24,metrica:Away,metrica:Home,attacker_exposure_unavailable
2,2860.04,5710.76,metrica:Away:26,metrica:Away,metrica:Home,complete_ten_defenders_unavailable
2,2860.04,5710.76,metrica:Away:27,metrica:Away,metrica:Home,complete_ten_defenders_unavailable
2,2860.04,5710.76,metrica:Away:28,metrica:Away,metrica:Home,complete_ten_defenders_unavailable
2,2864.04,5714.76,metrica:Away:15,metrica:Away,metrica:Home,complete_ten_defenders_unavailable
2,2864.04,5714.76,metrica:Away:16,metrica:Away,metrica:Home,complete_ten_defenders_unavailable
2,2864.04,5714.76,metrica:Away:17,metrica:Away,metrica:Home,complete_ten_defenders_unavailable
2,2864.04,5714.76,metrica:Away:18,metrica:Away,metrica:Home,complete_ten_defenders_unavailable
2,2864.04,5714.76,metrica:Away:19,metrica:Away,metrica:Home,attacker_exposure_unavailable
2,2864.04,5714.76,metrica:Away:20,metrica:Away,metrica:Home,complete_ten_defenders_unavailable
2,2864.04,5714.76,metrica:Away:21,metrica:Away,metrica:Home,complete_ten_defenders_unavailable
2,2864.04,5714.76,metrica:Away:22,metrica:Away,metrica:Home,attacker_exposure_unavailable
2,2864.04,5714.76,metrica:Away:23,metrica:Away,metrica:Home,complete_ten_defenders_unavailable
2,2864.04,5714.76,metrica:Away:24,metrica:Away,metrica:Home,attacker_exposure_unavailable
2,2864.04,5714.76,metrica:Away:26,metrica:Away,metrica:Home,complete_ten_defenders_unavailable
2,2864.04,5714.76,metrica:Away:27,metrica:Away,metrica:Home,complete_ten_defenders_unavailable
2,2864.04,5714.76,metrica:Away:28,metrica:Away,metrica:Home,complete_ten_defenders_unavailable
2,2868.04,5718.76,metrica:Home:1,metrica:Home,metrica:Away,attacker_exposure_unavailable
2,2868.04,5718.76,metrica:Home:10,metrica:Home,metrica:Away,attacker_exposure_unavailable
2,2868.04,5718.76,metrica:Home:3,metrica:Home,metrica:Away,attacker_exposure_unavailable
2,2868.04,5718.76,metrica:Home:6,metrica:Home,metrica:Away,attacker_exposure_unavailable
2,2872.04,5722.76,metrica:Away:15,metrica:Away,metrica:Home,complete_ten_defenders_unavailable
2,2872.04,5722.76,metrica:Away:16,metrica:Away,metrica:Home,complete_ten_defenders_unavailable
2,2872.04,5722.76,metrica:Away:17,metrica:Away,metrica:Home,complete_ten_defenders_unavailable
2,2872.04,5722.76,metrica:Away:18,metrica:Away,metrica:Home,complete_ten_defenders_unavailable
2,2872.04,5722.76,metrica:Away:19,metrica:Away,metrica:Home,attacker_exposure_unavailable
2,2872.04,5722.76,metrica:Away:20,metrica:Away,metrica:Home,complete_ten_defenders_unavailable
2,2872.04,5722.76,metrica:Away:21,metrica:Away,metrica:Home,complete_ten_defenders_unavailable
2,2872.04,5722.76,metrica:Away:22,metrica:Away,metrica:Home,attacker_exposure_unavailable
2,2872.04,5722.76,metrica:Away:23,metrica:Away,metrica:Home,complete_ten_defenders_unavailable
2,2872.04,5722.76,metrica:Away:24,metrica:Away,metrica:Home,attacker_exposure_unavailable
2,2872.04,5722.76,metrica:Away:26,metrica:Away,metrica:Home,complete_ten_defenders_unavailable
2,2872.04,5722.76,metrica:Away:27,metrica:Away,metrica:Home,complete_ten_defenders_unavailable
2,2872.04,5722.76,metrica:Away:28,metrica:Away,metrica:Home,complete_ten_defenders_unavailable
2,2876.04,5726.76,metrica:Away:15,metrica:Away,metrica:Home,complete_ten_defenders_unavailable
2,2876.04,5726.76,metrica:Away:16,metrica:Away,metrica:Home,complete_ten_defenders_unavailable
2,2876.04,5726.76,metrica:Away:17,metrica:Away,metrica:Home,complete_ten_defenders_unavailable
2,2876.04,5726.76,metrica:Away:18,metrica:Away,metrica:Home,complete_ten_defenders_unavailable
2,2876.04,5726.76,metrica:Away:19,metrica:Away,metrica:Home,attacker_exposure_unavailable
2,2876.04,5726.76,metrica:Away:20,metrica:Away,metrica:Home,complete_ten_defenders_unavailable
2,2876.04,5726.76,metrica:Away:21,metrica:Away,metrica:Home,complete_ten_defenders_unavailable
2,2876.04,5726.76,metrica:Away:22,metrica:Away,metrica:Home,attacker_exposure_unavailable
2,2876.04,5726.76,metrica:Away:23,metrica:Away,metrica:Home,complete_ten_defenders_unavailable
2,2876.04,5726.76,metrica:Away:24,metrica:Away,metrica:Home,attacker_exposure_unavailable
2,2876.04,5726.76,metrica:Away:26,metrica:Away,metrica:Home,complete_ten_defenders_unavailable
2,2876.04,5726.76,metrica:Away:27,metrica:Away,metrica:Home,complete_ten_defenders_unavailable
2,2876.04,5726.76,metrica:Away:28,metrica:Away,metrica:Home,complete_ten_defenders_unavailable
2,2880.04,5730.76,metrica:Home:1,metrica:Home,metrica:Away,attacker_exposure_unavailable
2,2880.04,5730.76,metrica:Home:10,metrica:Home,metrica:Away,attacker_exposure_unavailable
2,2880.04,5730.76,metrica:Home:3,metrica:Home,metrica:Away,attacker_exposure_unavailable
2,2880.04,5730.76,metrica:Home:6,metrica:Home,metrica:Away,attacker_exposure_unavailable
2,2884.04,5734.76,metrica:Home:1,metrica:Home,metrica:Away,attacker_exposure_unavailable
2,2884.04,5734.76,metrica:Home:10,metrica:Home,metrica:Away,attacker_exposure_unavailable
2,2884.04,5734.76,metrica:Home:3,metrica:Home,metrica:Away,attacker_exposure_unavailable
2,2884.04,5734.76,metrica:Home:6,metrica:Home,metrica:Away,attacker_exposure_unavailable
2,2888.04,5738.76,metrica:Home:1,metrica:Home,metrica:Away,attacker_exposure_unavailable
2,2888.04,5738.76,metrica:Home:10,metrica:Home,metrica:Away,attacker_exposure_unavailable
2,2888.04,5738.76,metrica:Home:3,metrica:Home,metrica:Away,attacker_exposure_unavailable
2,2888.04,5738.76,metrica:Home:6,metrica:Home,metrica:Away,attacker_exposure_unavailable
2,2892.04,5742.76,metrica:Home:1,metrica:Home,metrica:Away,attacker_exposure_unavailable
2,2892.04,5742.76,metrica:Home:10,metrica:Home,metrica:Away,attacker_exposure_unavailable
2,2892.04,5742.76,metrica:Home:3,metrica:Home,metrica:Away,attacker_exposure_unavailable
2,2892.04,5742.76,metrica:Home:6,metrica:Home,metrica:Away,attacker_exposure_unavailable
2,2896.04,5746.76,metrica:Away:15,metrica:Away,metrica:Home,restart_or_ball_out_primary_span
2,2896.04,5746.76,metrica:Away:16,metrica:Away,metrica:Home,restart_or_ball_out_primary_span
2,2896.04,5746.76,metrica:Away:17,metrica:Away,metrica:Home,restart_or_ball_out_primary_span
2,2896.04,5746.76,metrica:Away:18,metrica:Away,metrica:Home,restart_or_ball_out_primary_span
2,2896.04,5746.76,metrica:Away:19,metrica:Away,metrica:Home,restart_or_ball_out_primary_span
2,2896.04,5746.76,metrica:Away:20,metrica:Away,metrica:Home,restart_or_ball_out_primary_span
2,2896.04,5746.76,metrica:Away:21,metrica:Away,metrica:Home,restart_or_ball_out_primary_span
2,2896.04,5746.76,metrica:Away:22,metrica:Away,metrica:Home,restart_or_ball_out_primary_span
2,2896.04,5746.76,metrica:Away:23,metrica:Away,metrica:Home,restart_or_ball_out_primary_span
2,2896.04,5746.76,metrica:Away:24,metrica:Away,metrica:Home,restart_or_ball_out_primary_span
2,2896.04,5746.76,metrica:Away:26,metrica:Away,metrica:Home,restart_or_ball_out_primary_span
2,2896.04,5746.76,metrica:Away:27,metrica:Away,metrica:Home,restart_or_ball_out_primary_span
2,2896.04,5746.76,metrica:Away:28,metrica:Away,metrica:Home,restart_or_ball_out_primary_span
2,2900.04,5750.76,metrica:Away:15,metrica:Away,metrica:Home,complete_ten_defenders_unavailable
2,2900.04,5750.76,metrica:Away:16,metrica:Away,metrica:Home,complete_ten_defenders_unavailable
2,2900.04,5750.76,metrica:Away:17,metrica:Away,metrica:Home,complete_ten_defenders_unavailable
2,2900.04,5750.76,metrica:Away:18,metrica:Away,metrica:Home,complete_ten_defenders_unavailable
2,2900.04,5750.76,metrica:Away:19,metrica:Away,metrica:Home,attacker_exposure_unavailable
2,2900.04,5750.76,metrica:Away:20,metrica:Away,metrica:Home,complete_ten_defenders_unavailable
2,2900.04,5750.76,metrica:Away:21,metrica:Away,metrica:Home,complete_ten_defenders_unavailable
2,2900.04,5750.76,metrica:Away:22,metrica:Away,metrica:Home,attacker_exposure_unavailable
2,2900.04,5750.76,metrica:Away:23,metrica:Away,metrica:Home,complete_ten_defenders_unavailable
2,2900.04,5750.76,metrica:Away:24,metrica:Away,metrica:Home,attacker_exposure_unavailable
2,2900.04,5750.76,metrica:Away:26,metrica:Away,metrica:Home,complete_ten_defenders_unavailable
2,2900.04,5750.76,metrica:Away:27,metrica:Away,metrica:Home,complete_ten_defenders_unavailable
2,2900.04,5750.76,metrica:Away:28,metrica:Away,metrica:Home,complete_ten_defenders_unavailable
2,2904.04,5754.76,metrica:Away:15,metrica:Away,metrica:Home,complete_ten_defenders_unavailable
2,2904.04,5754.76,metrica:Away:16,metrica:Away,metrica:Home,complete_ten_defenders_unavailable
2,2904.04,5754.76,metrica:Away:17,metrica:Away,metrica:Home,complete_ten_defenders_unavailable
2,2904.04,5754.76,metrica:Away:18,metrica:Away,metrica:Home,complete_ten_defenders_unavailable
2,2904.04,5754.76,metrica:Away:19,metrica:Away,metrica:Home,attacker_exposure_unavailable
2,2904.04,5754.76,metrica:Away:20,metrica:Away,metrica:Home,complete_ten_defenders_unavailable
2,2904.04,5754.76,metrica:Away:21,metrica:Away,metrica:Home,complete_ten_defenders_unavailable
2,2904.04,5754.76,metrica:Away:22,metrica:Away,metrica:Home,attacker_exposure_unavailable
2,2904.04,5754.76,metrica:Away:23,metrica:Away,metrica:Home,complete_ten_defenders_unavailable
2,2904.04,5754.76,metrica:Away:24,metrica:Away,metrica:Home,attacker_exposure_unavailable
2,2904.04,5754.76,metrica:Away:26,metrica:Away,metrica:Home,complete_ten_defenders_unavailable
2,2904.04,5754.76,metrica:Away:27,metrica:Away,metrica:Home,complete_ten_defenders_unavailable
2,2904.04,5754.76,metrica:Away:28,metrica:Away,metrica:Home,complete_ten_defenders_unavailable
2,2908.04,5758.76,metrica:Away:15,metrica:Away,metrica:Home,complete_ten_defenders_unavailable
2,2908.04,5758.76,metrica:Away:16,metrica:Away,metrica:Home,complete_ten_defenders_unavailable
2,2908.04,5758.76,metrica:Away:17,metrica:Away,metrica:Home,complete_ten_defenders_unavailable
2,2908.04,5758.76,metrica:Away:18,metrica:Away,metrica:Home,complete_ten_defenders_unavailable
2,2908.04,5758.76,metrica:Away:19,metrica:Away,metrica:Home,attacker_exposure_unavailable
2,2908.04,5758.76,metrica:Away:20,metrica:Away,metrica:Home,complete_ten_defenders_unavailable
2,2908.04,5758.76,metrica:Away:21,metrica:Away,metrica:Home,complete_ten_defenders_unavailable
2,2908.04,5758.76,metrica:Away:22,metrica:Away,metrica:Home,attacker_exposure_unavailable
2,2908.04,5758.76,metrica:Away:23,metrica:Away,metrica:Home,complete_ten_defenders_unavailable
2,2908.04,5758.76,metrica:Away:24,metrica:Away,metrica:Home,attacker_exposure_unavailable
2,2908.04,5758.76,metrica:Away:26,metrica:Away,metrica:Home,complete_ten_defenders_unavailable
2,2908.04,5758.76,metrica:Away:27,metrica:Away,metrica:Home,complete_ten_defenders_unavailable
2,2908.04,5758.76,metrica:Away:28,metrica:Away,metrica:Home,complete_ten_defenders_unavailable
2,2912.04,5762.76,metrica:Away:15,metrica:Away,metrica:Home,complete_ten_defenders_unavailable
2,2912.04,5762.76,metrica:Away:16,metrica:Away,metrica:Home,complete_ten_defenders_unavailable
2,2912.04,5762.76,metrica:Away:17,metrica:Away,metrica:Home,complete_ten_defenders_unavailable
2,2912.04,5762.76,metrica:Away:18,metrica:Away,metrica:Home,complete_ten_defenders_unavailable
2,2912.04,5762.76,metrica:Away:19,metrica:Away,metrica:Home,attacker_exposure_unavailable
2,2912.04,5762.76,metrica:Away:20,metrica:Away,metrica:Home,complete_ten_defenders_unavailable
2,2912.04,5762.76,metrica:Away:21,metrica:Away,metrica:Home,complete_ten_defenders_unavailable
2,2912.04,5762.76,metrica:Away:22,metrica:Away,metrica:Home,attacker_exposure_unavailable
2,2912.04,5762.76,metrica:Away:23,metrica:Away,metrica:Home,complete_ten_defenders_unavailable
2,2912.04,5762.76,metrica:Away:24,metrica:Away,metrica:Home,attacker_exposure_unavailable
2,2912.04,5762.76,metrica:Away:26,metrica:Away,metrica:Home,complete_ten_defenders_unavailable
2,2912.04,5762.76,metrica:Away:27,metrica:Away,metrica:Home,complete_ten_defenders_unavailable
2,2912.04,5762.76,metrica:Away:28,metrica:Away,metrica:Home,complete_ten_defenders_unavailable
2,2916.04,5766.76,metrica:Away:15,metrica:Away,metrica:Home,complete_ten_defenders_unavailable
2,2916.04,5766.76,metrica:Away:16,metrica:Away,metrica:Home,complete_ten_defenders_unavailable
2,2916.04,5766.76,metrica:Away:17,metrica:Away,metrica:Home,complete_ten_defenders_unavailable
2,2916.04,5766.76,metrica:Away:18,metrica:Away,metrica:Home,complete_ten_defenders_unavailable
2,2916.04,5766.76,metrica:Away:19,metrica:Away,metrica:Home,attacker_exposure_unavailable
2,2916.04,5766.76,metrica:Away:20,metrica:Away,metrica:Home,complete_ten_defenders_unavailable
2,2916.04,5766.76,metrica:Away:21,metrica:Away,metrica:Home,complete_ten_defenders_unavailable
2,2916.04,5766.76,metrica:Away:22,metrica:Away,metrica:Home,attacker_exposure_unavailable
2,2916.04,5766.76,metrica:Away:23,metrica:Away,metrica:Home,complete_ten_defenders_unavailable
2,2916.04,5766.76,metrica:Away:24,metrica:Away,metrica:Home,attacker_exposure_unavailable
2,2916.04,5766.76,metrica:Away:26,metrica:Away,metrica:Home,complete_ten_defenders_unavailable
2,2916.04,5766.76,metrica:Away:27,metrica:Away,metrica:Home,complete_ten_defenders_unavailable
2,2916.04,5766.76,metrica:Away:28,metrica:Away,metrica:Home,complete_ten_defenders_unavailable
2,2920.04,5770.76,metrica:Away:15,metrica:Away,metrica:Home,complete_ten_defenders_unavailable
2,2920.04,5770.76,metrica:Away:16,metrica:Away,metrica:Home,complete_ten_defenders_unavailable
2,2920.04,5770.76,metrica:Away:17,metrica:Away,metrica:Home,complete_ten_defenders_unavailable
2,2920.04,5770.76,metrica:Away:18,metrica:Away,metrica:Home,complete_ten_defenders_unavailable
2,2920.04,5770.76,metrica:Away:19,metrica:Away,metrica:Home,attacker_exposure_unavailable
2,2920.04,5770.76,metrica:Away:20,metrica:Away,metrica:Home,complete_ten_defenders_unavailable
2,2920.04,5770.76,metrica:Away:21,metrica:Away,metrica:Home,complete_ten_defenders_unavailable
2,2920.04,5770.76,metrica:Away:22,metrica:Away,metrica:Home,attacker_exposure_unavailable
2,2920.04,5770.76,metrica:Away:23,metrica:Away,metrica:Home,complete_ten_defenders_unavailable
2,2920.04,5770.76,metrica:Away:24,metrica:Away,metrica:Home,attacker_exposure_unavailable
2,2920.04,5770.76,metrica:Away:26,metrica:Away,metrica:Home,complete_ten_defenders_unavailable
2,2920.04,5770.76,metrica:Away:27,metrica:Away,metrica:Home,complete_ten_defenders_unavailable
2,2920.04,5770.76,metrica:Away:28,metrica:Away,metrica:Home,complete_ten_defenders_unavailable
2,2924.04,5774.76,metrica:Away:15,metrica:Away,metrica:Home,complete_ten_defenders_unavailable
2,2924.04,5774.76,metrica:Away:16,metrica:Away,metrica:Home,complete_ten_defenders_unavailable
2,2924.04,5774.76,metrica:Away:17,metrica:Away,metrica:Home,complete_ten_defenders_unavailable
2,2924.04,5774.76,metrica:Away:18,metrica:Away,metrica:Home,complete_ten_defenders_unavailable
2,2924.04,5774.76,metrica:Away:19,metrica:Away,metrica:Home,attacker_exposure_unavailable
2,2924.04,5774.76,metrica:Away:20,metrica:Away,metrica:Home,complete_ten_defenders_unavailable
2,2924.04,5774.76,metrica:Away:21,metrica:Away,metrica:Home,complete_ten_defenders_unavailable
2,2924.04,5774.76,metrica:Away:22,metrica:Away,metrica:Home,attacker_exposure_unavailable
2,2924.04,5774.76,metrica:Away:23,metrica:Away,metrica:Home,complete_ten_defenders_unavailable
2,2924.04,5774.76,metrica:Away:24,metrica:Away,metrica:Home,attacker_exposure_unavailable
2,2924.04,5774.76,metrica:Away:26,metrica:Away,metrica:Home,complete_ten_defenders_unavailable
2,2924.04,5774.76,metrica:Away:27,metrica:Away,metrica:Home,complete_ten_defenders_unavailable
2,2924.04,5774.76,metrica:Away:28,metrica:Away,metrica:Home,complete_ten_defenders_unavailable
2,2928.04,5778.76,metrica:Away:15,metrica:Away,metrica:Home,complete_ten_defenders_unavailable
2,2928.04,5778.76,metrica:Away:16,metrica:Away,metrica:Home,complete_ten_defenders_unavailable
2,2928.04,5778.76,metrica:Away:17,metrica:Away,metrica:Home,complete_ten_defenders_unavailable
2,2928.04,5778.76,metrica:Away:18,metrica:Away,metrica:Home,complete_ten_defenders_unavailable
2,2928.04,5778.76,metrica:Away:19,metrica:Away,metrica:Home,attacker_exposure_unavailable
2,2928.04,5778.76,metrica:Away:20,metrica:Away,metrica:Home,complete_ten_defenders_unavailable
2,2928.04,5778.76,metrica:Away:21,metrica:Away,metrica:Home,complete_ten_defenders_unavailable
2,2928.04,5778.76,metrica:Away:22,metrica:Away,metrica:Home,attacker_exposure_unavailable
2,2928.04,5778.76,metrica:Away:23,metrica:Away,metrica:Home,complete_ten_defenders_unavailable
2,2928.04,5778.76,metrica:Away:24,metrica:Away,metrica:Home,attacker_exposure_unavailable
2,2928.04,5778.76,metrica:Away:26,metrica:Away,metrica:Home,complete_ten_defenders_unavailable
2,2928.04,5778.76,metrica:Away:27,metrica:Away,metrica:Home,complete_ten_defenders_unavailable
2,2928.04,5778.76,metrica:Away:28,metrica:Away,metrica:Home,complete_ten_defenders_unavailable
2,2932.04,5782.76,metrica:Away:15,metrica:Away,metrica:Home,complete_ten_defenders_unavailable
2,2932.04,5782.76,metrica:Away:16,metrica:Away,metrica:Home,complete_ten_defenders_unavailable
2,2932.04,5782.76,metrica:Away:17,metrica:Away,metrica:Home,complete_ten_defenders_unavailable
2,2932.04,5782.76,metrica:Away:18,metrica:Away,metrica:Home,complete_ten_defenders_unavailable
2,2932.04,5782.76,metrica:Away:19,metrica:Away,metrica:Home,attacker_exposure_unavailable
2,2932.04,5782.76,metrica:Away:20,metrica:Away,metrica:Home,complete_ten_defenders_unavailable
2,2932.04,5782.76,metrica:Away:21,metrica:Away,metrica:Home,complete_ten_defenders_unavailable
2,2932.04,5782.76,metrica:Away:22,metrica:Away,metrica:Home,attacker_exposure_unavailable
2,2932.04,5782.76,metrica:Away:23,metrica:Away,metrica:Home,complete_ten_defenders_unavailable
2,2932.04,5782.76,metrica:Away:24,metrica:Away,metrica:Home,attacker_exposure_unavailable
2,2932.04,5782.76,metrica:Away:26,metrica:Away,metrica:Home,complete_ten_defenders_unavailable
2,2932.04,5782.76,metrica:Away:27,metrica:Away,metrica:Home,complete_ten_defenders_unavailable
2,2932.04,5782.76,metrica:Away:28,metrica:Away,metrica:Home,complete_ten_defenders_unavailable
2,2936.04,5786.76,metrica:Away:15,metrica:Away,metrica:Home,complete_ten_defenders_unavailable
2,2936.04,5786.76,metrica:Away:16,metrica:Away,metrica:Home,complete_ten_defenders_unavailable
2,2936.04,5786.76,metrica:Away:17,metrica:Away,metrica:Home,complete_ten_defenders_unavailable
2,2936.04,5786.76,metrica:Away:18,metrica:Away,metrica:Home,complete_ten_defenders_unavailable
2,2936.04,5786.76,metrica:Away:19,metrica:Away,metrica:Home,attacker_exposure_unavailable
2,2936.04,5786.76,metrica:Away:20,metrica:Away,metrica:Home,complete_ten_defenders_unavailable
2,2936.04,5786.76,metrica:Away:21,metrica:Away,metrica:Home,complete_ten_defenders_unavailable
2,2936.04,5786.76,metrica:Away:22,metrica:Away,metrica:Home,attacker_exposure_unavailable
2,2936.04,5786.76,metrica:Away:23,metrica:Away,metrica:Home,complete_ten_defenders_unavailable
2,2936.04,5786.76,metrica:Away:24,metrica:Away,metrica:Home,attacker_exposure_unavailable
2,2936.04,5786.76,metrica:Away:26,metrica:Away,metrica:Home,complete_ten_defenders_unavailable
2,2936.04,5786.76,metrica:Away:27,metrica:Away,metrica:Home,complete_ten_defenders_unavailable
2,2936.04,5786.76,metrica:Away:28,metrica:Away,metrica:Home,complete_ten_defenders_unavailable
2,2940.04,5790.76,metrica:Away:15,metrica:Away,metrica:Home,complete_ten_defenders_unavailable
2,2940.04,5790.76,metrica:Away:16,metrica:Away,metrica:Home,complete_ten_defenders_unavailable
2,2940.04,5790.76,metrica:Away:17,metrica:Away,metrica:Home,complete_ten_defenders_unavailable
2,2940.04,5790.76,metrica:Away:18,metrica:Away,metrica:Home,complete_ten_defenders_unavailable
2,2940.04,5790.76,metrica:Away:19,metrica:Away,metrica:Home,attacker_exposure_unavailable
2,2940.04,5790.76,metrica:Away:20,metrica:Away,metrica:Home,complete_ten_defenders_unavailable
2,2940.04,5790.76,metrica:Away:21,metrica:Away,metrica:Home,complete_ten_defenders_unavailable
2,2940.04,5790.76,metrica:Away:22,metrica:Away,metrica:Home,attacker_exposure_unavailable
2,2940.04,5790.76,metrica:Away:23,metrica:Away,metrica:Home,complete_ten_defenders_unavailable
2,2940.04,5790.76,metrica:Away:24,metrica:Away,metrica:Home,attacker_exposure_unavailable
2,2940.04,5790.76,metrica:Away:26,metrica:Away,metrica:Home,complete_ten_defenders_unavailable
2,2940.04,5790.76,metrica:Away:27,metrica:Away,metrica:Home,complete_ten_defenders_unavailable
2,2940.04,5790.76,metrica:Away:28,metrica:Away,metrica:Home,complete_ten_defenders_unavailable
2,2944.04,5794.76,metrica:Away:15,metrica:Away,metrica:Home,complete_ten_defenders_unavailable
2,2944.04,5794.76,metrica:Away:16,metrica:Away,metrica:Home,complete_ten_defenders_unavailable
2,2944.04,5794.76,metrica:Away:17,metrica:Away,metrica:Home,complete_ten_defenders_unavailable
2,2944.04,5794.76,metrica:Away:18,metrica:Away,metrica:Home,complete_ten_defenders_unavailable
2,2944.04,5794.76,metrica:Away:19,metrica:Away,metrica:Home,attacker_exposure_unavailable
2,2944.04,5794.76,metrica:Away:20,metrica:Away,metrica:Home,complete_ten_defenders_unavailable
2,2944.04,5794.76,metrica:Away:21,metrica:Away,metrica:Home,complete_ten_defenders_unavailable
2,2944.04,5794.76,metrica:Away:22,metrica:Away,metrica:Home,attacker_exposure_unavailable
2,2944.04,5794.76,metrica:Away:23,metrica:Away,metrica:Home,complete_ten_defenders_unavailable
2,2944.04,5794.76,metrica:Away:24,metrica:Away,metrica:Home,attacker_exposure_unavailable
2,2944.04,5794.76,metrica:Away:26,metrica:Away,metrica:Home,complete_ten_defenders_unavailable
2,2944.04,5794.76,metrica:Away:27,metrica:Away,metrica:Home,complete_ten_defenders_unavailable
2,2944.04,5794.76,metrica:Away:28,metrica:Away,metrica:Home,complete_ten_defenders_unavailable
