window_s,team_key,period,player_key,feature,count,min,q01,q25,median,mean,q75,q99,max
1,metrica:Away,1,metrica:Away:15,delta_x_m,1976,-5.128500000000001,-4.769812500000002,-0.8778374999999993,0.33562500000000206,-0.0293259109311741,1.1877374999999988,2.9993624999999975,3.934199999999997
1,metrica:Away,1,metrica:Away:15,delta_y_m,1976,-5.032680000000001,-3.4341457142857132,-0.8398485714285728,-0.11754285714285917,0.003039991324464998,0.9852957142857113,3.4873071428571394,3.847828571428572
1,metrica:Away,1,metrica:Away:15,displacement_m,1976,0,0.03436577747326773,1.131752214702435,1.5567055295545633,1.8718578696084764,2.5315503886694124,5.3345272552255025,6.17729291781784
1,metrica:Away,1,metrica:Away:15,path_length_m,1976,0,0.05562394339953294,1.147923794782353,1.5655415618693171,1.8915864964352826,2.5359135354503435,5.339992953200458,6.177654085280643
1,metrica:Away,1,metrica:Away:15,straightness,1960,0.15342650327103255,0.5956928503528045,0.9906924137022213,0.9979856544368927,0.9799571721640524,0.9995536119145534,0.9999817589507953,0.9999974263704149
1,metrica:Away,2,metrica:Away:15,delta_x_m,1266,-5.387249999999996,-4.830374999999998,-0.03607500000000474,0.32812500000000533,0.1327490521327014,1.1013,3.012292499999999,3.3634499999999967
1,metrica:Away,2,metrica:Away:15,delta_y_m,1266,-2.694645714285709,-2.3970582857142864,-0.4435299999999973,-0.004614285714286126,0.026338605280974942,0.19598571428571576,3.5093051428571447,3.867645714285712
1,metrica:Away,2,metrica:Away:15,displacement_m,1266,0,0,0.47642927554752856,1.1851421349349975,1.367641617572632,1.6522917239224353,5.456967590418359,5.683272300804694
1,metrica:Away,2,metrica:Away:15,path_length_m,1266,0,0,0.5237132271882672,1.2032667046949541,1.3878599596762817,1.6564094238578246,5.466342324473927,5.685233095620549
1,metrica:Away,2,metrica:Away:15,straightness,1146,0.14424054819695817,0.4297025995050723,0.9791461362419956,0.9967027334604747,0.9592240850069822,0.9991510689351334,0.9999463736336047,1
1,metrica:Away,1,metrica:Away:16,delta_x_m,13564,-7.1828999999999965,-4.482653999999996,-0.8104875000000011,0.0024000000000012345,-0.0008126253317605327,0.9765375000000008,3.7378830000000005,4.662449999999996
1,metrica:Away,1,metrica:Away:16,delta_y_m,13564,-4.92698857142857,-3.5646046857142832,-0.7580057142857131,-0.026325714285714064,-0.005938877701478702,0.7862742857142848,3.3613186857142847,4.558817142857141
1,metrica:Away,1,metrica:Away:16,displacement_m,13564,0.0019636201469817294,0.03889636922199224,0.913534038616985,1.4920340410544,1.7509827975129646,2.496746037547606,5.22699686237358,7.230932954826365
1,metrica:Away,1,metrica:Away:16,path_length_m,13564,0.00825761987815934,0.06004578707954341,0.9431640022404538,1.5122521787743919,1.7764700104663125,2.5197790936703472,5.233785715878019,7.276453664671362
1,metrica:Away,1,metrica:Away:16,straightness,13564,0.05872350420453264,0.41040424908063705,0.9831075846327708,0.9967313513296701,0.9654698167820229,0.999306946387287,0.9999861340284409,0.9999999621863739
1,metrica:Away,2,metrica:Away:16,delta_x_m,14614,-7.144650000000006,-3.6536354999999987,-0.8891625000000017,-0.016499999999997073,-0.0047732722047352065,0.6795374999999975,4.538474999999991,7.809600000000003
1,metrica:Away,2,metrica:Away:16,delta_y_m,14614,-5.666245714285717,-3.3089965714285725,-0.5771014285714295,0.021225714285716808,0.0016842726153003904,0.5992742857142843,3.22598508571428,4.9913942857142874
1,metrica:Away,2,metrica:Away:16,displacement_m,14614,0.000570892605789148,0.031159319174881708,0.6962635103313703,1.2541532651977954,1.5500651595598667,2.1674555984133312,5.523595169674919,8.001562339101191
1,metrica:Away,2,metrica:Away:16,path_length_m,14614,0.023556381769907084,0.052868186736028805,0.738453721404813,1.274231951558837,1.581821480714226,2.205331761253474,5.559110884212977,8.009106629254145
1,metrica:Away,2,metrica:Away:16,straightness,14614,0.00830849640115032,0.32042631250815384,0.9780009971544569,0.9958742790453892,0.9536418722115723,0.9991250291196307,0.9999731326828845,0.9999999280376863
1,metrica:Away,1,metrica:Away:17,delta_x_m,4696,-7.212900000000005,-4.138154999999987,-1.0949999999999998,-0.08257499999999851,-0.018691514054514493,1.1498249999999999,3.7665000000000024,4.302900000000001
1,metrica:Away,1,metrica:Away:17,delta_y_m,4696,-4.246211428571426,-2.996925142857143,-0.7294700000000007,-0.016222857142856206,-0.013332567534679972,0.6106642857142863,3.0891525714285715,3.9540057142857123
1,metrica:Away,1,metrica:Away:17,displacement_m,4696,0.005738303809683891,0.08020003900280635,0.9574183132467697,1.5397282717714025,1.7454717384301104,2.4048794655122343,4.568980104372981,7.215266092056175
1,metrica:Away,1,metrica:Away:17,path_length_m,4696,0.030203736729659647,0.11372940519349194,0.9950406411642472,1.565149746052874,1.7752019945373916,2.42981636119677,4.5727951543180465,7.251927416806871
1,metrica:Away,1,metrica:Away:17,straightness,4696,0.05539492233497503,0.49354037024323655,0.9859026909870642,0.996959564153602,0.9699385228664358,0.9993021947310972,0.9999647243074538,0.9999984463151477
1,metrica:Away,2,metrica:Away:17,delta_x_m,14637,-5.322599999999998,-3.404357999999997,-0.9344999999999999,-0.0013500000000021828,-0.0023475609756097725,0.6403500000000015,5.1912899999999915,6.858150000000002
1,metrica:Away,2,metrica:Away:17,delta_y_m,14637,-6.374611428571425,-3.3544827428571424,-0.495914285714286,0.008062857142858704,0.0009356562137049966,0.5799428571428575,3.159536457142856,4.920674285714286
1,metrica:Away,2,metrica:Away:17,displacement_m,14637,0.0008154140052780036,0.034973438398920725,0.6662952379388593,1.2131197639986264,1.4899077693915128,1.9254611907784251,5.727798752999632,7.593717937966215
1,metrica:Away,2,metrica:Away:17,path_length_m,14637,0.021164009051603254,0.05479233701984733,0.688179394696077,1.2298494594812128,1.5094389047523429,1.950314502927866,5.744024791192606,7.593881883817875
1,metrica:Away,2,metrica:Away:17,straightness,14637,0.009067862462401804,0.42934843863506533,0.9821575151933662,0.9962389922716126,0.9642696737979405,0.9991452203087743,0.9999840306924985,0.9999995806890808
1,metrica:Away,1,metrica:Away:18,delta_x_m,13582,-7.89824999999999,-5.076954000000002,-1.0411875000000008,0.009675000000000544,-0.0009124024444117165,1.044637499999999,5.0910345,7.855349999999996
1,metrica:Away,1,metrica:Away:18,delta_y_m,13582,-5.500325714285713,-3.1138773714285723,-0.9518057142857151,-0.08655428571428558,-0.004291315396428045,0.7601428571428528,3.8340877142857184,5.950194285714284
1,metrica:Away,1,metrica:Away:18,displacement_m,13582,0,0.15111189842471573,1.038489221071743,1.541424225462503,1.9522094707723479,2.6550917499993707,6.2725264041700965,8.329894782909122
1,metrica:Away,1,metrica:Away:18,path_length_m,13582,0,0.21992769607945975,1.0636063876531507,1.5579653093490768,1.9811555737396158,2.6799735558394815,6.2824698410392585,8.491099368796691
1,metrica:Away,1,metrica:Away:18,straightness,13581,0.025561376273580867,0.5403328353107534,0.9842269425937301,0.9964398845202631,0.9724869519839074,0.999137170950036,0.9999699126057258,1
1,metrica:Away,2,metrica:Away:18,delta_x_m,14599,-8.278649999999992,-5.041838999999997,-0.9031500000000046,-0.02100000000000435,-0.008333944105760655,0.7100250000000026,5.756055000000001,7.231949999999998
1,metrica:Away,2,metrica:Away:18,delta_y_m,14599,-5.902885714285716,-3.6251499428571434,-0.4924657142857139,0.040897142857138746,0.002855397140704351,0.6841285714285714,2.847768114285723,4.803811428571427
1,metrica:Away,2,metrica:Away:18,displacement_m,14599,0,0.049443155471974184,0.6776440464374751,1.2947433242152697,1.6720446990474953,2.306710114279463,6.546654857431146,8.280585673607941
1,metrica:Away,2,metrica:Away:18,path_length_m,14599,0,0.06328137282878807,0.7006397525170891,1.3098909932419929,1.6933200857268693,2.326719249670888,6.561841715765219,8.283867342772922
1,metrica:Away,2,metrica:Away:18,straightness,14598,0.016243921233094143,0.48104962695013675,0.9841213558747943,0.9966590011461448,0.9687532787281948,0.9994180737328616,0.9999998381747542,1
1,metrica:Away,1,metrica:Away:19,delta_x_m,13582,-6.335699999999999,-5.035435500000002,-1.2089624999999993,-0.0662250000000002,-0.0019605360035340924,1.2255750000000005,5.350807500000006,7.141049999999993
1,metrica:Away,1,metrica:Away:19,delta_y_m,13582,-5.593971428571425,-3.525327885714285,-0.7780171428571441,-0.09034285714285595,-0.0009762993037002718,0.8804785714285721,3.387522971428573,5.702771428571431
1,metrica:Away,1,metrica:Away:19,displacement_m,13582,0,0.1287868395180413,1.1506751667564807,1.661052594153269,2.0995795615223076,2.9193482139159608,6.154083377847948,7.3559583115509435
1,metrica:Away,1,metrica:Away:19,path_length_m,13582,0,0.1585813262143603,1.1705953601443264,1.685244405491327,2.127060292648499,2.9400280373509866,6.15555133042969,7.356587479737528
1,metrica:Away,1,metrica:Away:19,straightness,13581,0.07241501264767979,0.6416733799812953,0.9872766235938246,0.9975031976347207,0.9775786315946362,0.9995420934629075,0.9999994170111834,1
1,metrica:Away,2,metrica:Away:19,delta_x_m,14574,-7.730099999999998,-5.262217499999999,-0.9556124999999989,-0.018600000000000283,-0.006652686290654576,0.9250124999999976,5.223550499999998,7.3801500000000075
1,metrica:Away,2,metrica:Away:19,delta_y_m,14574,-4.912514285714288,-3.411594,-0.6687799999999997,-0.003934285714287,-0.006775917583171597,0.6830842857142843,3.464933199999998,5.7533828571428565
1,metrica:Away,2,metrica:Away:19,displacement_m,14574,0.0011280070921751483,0.03709331953175745,0.8554551781329485,1.3780113801210492,1.7964677296024216,2.577000310066264,6.394043163931027,7.97602018900276
1,metrica:Away,2,metrica:Away:19,path_length_m,14574,0.017031446125878216,0.05443454516418013,0.8858017042211211,1.3982736418760768,1.8208088278082906,2.5967674281953927,6.407334233907346,7.97656431241092
1,metrica:Away,2,metrica:Away:19,straightness,14574,0.013902258672352025,0.42286010880282454,0.9831446897635137,0.9968764675700219,0.965087195029819,0.9993285857399532,0.9999820903404383,1
1,metrica:Away,1,metrica:Away:20,delta_x_m,6897,-5.743049999999997,-4.602564000000001,-1.1811000000000007,-0.02850000000000108,-0.005138995215311004,1.054949999999999,4.454874,6.187650000000003
1,metrica:Away,1,metrica:Away:20,delta_y_m,6897,-4.884051428571428,-3.4202329142857146,-0.8296971428571416,-0.06887428571428478,-0.0017076832577311203,0.7179828571428573,4.015842971428567,5.469045714285713
1,metrica:Away,1,metrica:Away:20,displacement_m,6897,0.007201607530291289,0.12301982794674643,1.033863481379732,1.7157687723000405,2.0240278132780967,2.9399921946599137,5.365464856504812,6.234201859531806
1,metrica:Away,1,metrica:Away:20,path_length_m,6897,0.025672373911769512,0.17681402389994272,1.0511567282374887,1.7513534688364578,2.0508847681124114,2.957544144848359,5.433685472714062,6.234346740204705
1,metrica:Away,1,metrica:Away:20,straightness,6897,0.035172947579123155,0.518200804135607,0.9871408592546008,0.9972237503459577,0.9735993507770362,0.9993371110713871,0.9999766121329459,0.9999998354720101
1,metrica:Away,2,metrica:Away:20,delta_x_m,5579,-6.445050000000002,-4.927178999999997,-0.8999249999999996,0.039750000000001506,0.01510880982254882,0.8810250000000002,4.5763830000000025,5.377050000000001
1,metrica:Away,2,metrica:Away:20,delta_y_m,5579,-6.476708571428569,-2.858519885714286,-0.7228885714285707,-0.03399999999999981,-0.0011212086139348906,0.4730371428571445,3.9222380571428612,8.505925714285716
1,metrica:Away,2,metrica:Away:20,displacement_m,5579,0,0,0.7435382269180093,1.308266352238721,1.6612407099362687,2.3954647466667764,5.467008273365681,10.67189963218578
1,metrica:Away,2,metrica:Away:20,path_length_m,5579,0,0,0.7734084540493734,1.3176107751111819,1.6839054178541233,2.4387152590371963,5.476300050563739,10.678556385159983
1,metrica:Away,2,metrica:Away:20,straightness,5519,0.011974370557029665,0.4208398937569449,0.9838900223483587,0.9969102803800789,0.9653726335946319,0.9993100664870208,0.9999745153339031,1
1,metrica:Away,1,metrica:Away:21,delta_x_m,13581,-6.323700000000002,-4.5869100000000005,-0.9065999999999956,0.023699999999998056,-0.00010370002208968716,1.093049999999998,3.764099999999998,5.57505
1,metrica:Away,1,metrica:Away:21,delta_y_m,13581,-4.872297142857141,-3.881711999999999,-0.8792399999999994,-0.019137142857142297,-0.006222099782258832,0.8556342857142845,3.8283222857142873,6.509834285714287
1,metrica:Away,1,metrica:Away:21,displacement_m,13581,0.0042507295892368355,0.09553709662547871,1.056697920096722,1.6060465038022758,1.917066632099124,2.6895539345085817,5.203856821853453,7.18290812970652
1,metrica:Away,1,metrica:Away:21,path_length_m,13581,0.02635897670431689,0.1577160990428466,1.0746175904884856,1.6233790171834352,1.9394280844403136,2.7109381757465183,5.218069322120019,7.185720602630413
1,metrica:Away,1,metrica:Away:21,straightness,13581,0.016282258635434966,0.5418607865339958,0.9874059465015504,0.997161246816038,0.9744287194364537,0.9993578904634686,0.9999818172642447,1
1,metrica:Away,2,metrica:Away:21,delta_x_m,14618,-5.477099999999998,-4.032594,-0.9070125000000031,-0.018750000000003375,-0.0044041797783554585,0.7271249999999974,5.159886000000001,6.890400000000001
1,metrica:Away,2,metrica:Away:21,delta_y_m,14618,-6.470200000000002,-4.00739445714286,-0.5894628571428567,0.022585714285715763,-0.012000339307702834,0.6425028571428559,3.3920119428571445,6.785622857142858
1,metrica:Away,2,metrica:Away:21,displacement_m,14618,0.0016181174498902972,0.042642550007335904,0.6640015303634907,1.2837341906583197,1.58747306130403,2.1623275171117475,5.974303707040263,8.064066134813432
1,metrica:Away,2,metrica:Away:21,path_length_m,14618,0.007144656229423299,0.06883880127474876,0.6904715931607252,1.2964394488812103,1.607684692992109,2.182026278907404,5.983399083146766,8.06501636429884
1,metrica:Away,2,metrica:Away:21,straightness,14618,0.02072601770775473,0.4211270408123545,0.9814286316251143,0.9962747922021297,0.9611959423744327,0.9992032380004061,0.9999732086752688,1
1,metrica:Away,1,metrica:Away:22,delta_x_m,13581,-6.879300000000001,-4.026419999999998,-1.0793999999999997,-0.07169999999999632,-0.006078573006405998,0.9882000000000026,5.481930000000002,8.06805
1,metrica:Away,1,metrica:Away:22,delta_y_m,13581,-6.098919999999998,-3.5264605714285673,-0.7787942857142856,-0.04730857142856948,-0.009882349080122439,0.6496914285714297,3.777264000000003,6.171582857142855
1,metrica:Away,1,metrica:Away:22,displacement_m,13581,0.005650444085848552,0.0740004542094474,0.97274953406228,1.430537397182165,1.8184721993433195,2.5063987529472453,6.217412875521573,8.387715400515864
1,metrica:Away,1,metrica:Away:22,path_length_m,13581,0.042759423191121936,0.10535089913617639,0.9963539425576706,1.4390882951785262,1.8398176850692354,2.5264637870657403,6.233499073500764,8.401537477117845
1,metrica:Away,1,metrica:Away:22,straightness,13581,0.039916473875375315,0.5162932141269493,0.9855450394655334,0.9966138607182499,0.9724106901067757,0.9991442956820401,0.9999706824891192,0.9999999522815505
1,metrica:Away,2,metrica:Away:22,delta_x_m,4003,-7.142100000000003,-4.5202769999999965,-0.9140999999999995,0.008999999999997288,-0.015718710966774904,0.8364749999999972,4.935092999999997,7.489350000000007
1,metrica:Away,2,metrica:Away:22,delta_y_m,4003,-6.385394285714288,-4.099191542857142,-0.5373942857142922,0.03487428571428808,-0.014522092716177142,0.6456114285714278,3.0519507428571457,4.785645714285717
1,metrica:Away,2,metrica:Away:22,displacement_m,4003,0.0031121883501033423,0.020899086335176866,0.5998873983403992,1.3174509919158315,1.6357616877922774,2.2598363226600844,5.999824483589903,7.777535379064764
1,metrica:Away,2,metrica:Away:22,path_length_m,4003,0.015802089699851987,0.029943298705240207,0.6226852997884663,1.3268032688319726,1.65078921078229,2.2703729092667575,6.001749232156672,7.8037797615043605
1,metrica:Away,2,metrica:Away:22,straightness,4003,0.03263581335637357,0.4393183758958175,0.987447971720885,0.9979705964260455,0.9668067870218356,0.9995831583421382,0.9999876613461488,0.9999982865260277
1,metrica:Away,1,metrica:Away:23,delta_x_m,13582,-6.205500000000001,-3.866370000000006,-1.1290125000000009,-0.1818749999999998,0.000986607274333686,0.8616750000000026,5.521755000000007,7.535250000000005
1,metrica:Away,1,metrica:Away:23,delta_y_m,13582,-5.6508971428571435,-4.3158103999999975,-0.8136685714285714,-0.052748571428570035,-0.010710976292151383,0.7600942857142856,4.142561942857145,7.84622857142857
1,metrica:Away,1,metrica:Away:23,displacement_m,13582,0,0.06871907590305894,0.9995169017798595,1.4948694244393745,1.8966349758934427,2.550273138563324,6.456384269180939,8.726073690781377
1,metrica:Away,1,metrica:Away:23,path_length_m,13582,0,0.10154432189715547,1.0237656254678866,1.5109896873927036,1.925189184649959,2.573260811619228,6.516171958446263,9.701404387030705
1,metrica:Away,1,metrica:Away:23,straightness,13581,0.045206381013238796,0.4972241005870144,0.9858024239828466,0.9969847902035607,0.9715842682861625,0.9993069190395469,0.9999995946855125,1
1,metrica:Away,2,metrica:Away:23,delta_x_m,14596,-7.071749999999997,-5.667014999999997,-0.5101125000000009,0.03187499999999943,-0.008434622499314873,0.8979750000000033,3.693794999999999,6.323099999999999
1,metrica:Away,2,metrica:Away:23,delta_y_m,14596,-5.528302857142858,-3.7249477142857104,-0.4343014285714281,0.03404857142856965,0.0002128211251614846,0.5462585714285715,2.980449714285712,5.445245714285713
1,metrica:Away,2,metrica:Away:23,displacement_m,14596,0,0.015173234995674962,0.49998035600748686,1.1715460601158127,1.482086404868488,1.8755892797975036,6.150528852550147,7.531381207970653
1,metrica:Away,2,metrica:Away:23,path_length_m,14596,0,0.0332424666186957,0.5288765063859714,1.184059685687835,1.5024174375201327,1.9000983455510863,6.161097372498183,7.533089104490119
1,metrica:Away,2,metrica:Away:23,straightness,14530,0.005846558391438861,0.32467083816953124,0.9781503956404834,0.9963849548888123,0.9512644481828019,0.999266399570313,0.9999788383534717,1
1,metrica:Away,1,metrica:Away:24,delta_x_m,13575,-6.055200000000002,-3.7083179999999993,-1.0952999999999986,-0.18360000000000198,-0.0012157679558011012,0.9632250000000013,5.531736000000001,8.630249999999997
1,metrica:Away,1,metrica:Away:24,delta_y_m,13575,-6.286308571428572,-4.031712228571425,-0.8369342857142867,-0.016611428571428277,-0.006025769639568531,0.7490199999999981,4.427365371428572,6.906177142857139
1,metrica:Away,1,metrica:Away:24,displacement_m,13575,0,0.07008776738893718,1.0464012615988008,1.478016482855949,1.956457347031474,2.7138221328037386,6.302205758861901,9.02646392505416
1,metrica:Away,1,metrica:Away:24,path_length_m,13575,0,0.09866120823785478,1.065153555992641,1.4966154277670827,1.980473958721237,2.7308136644603627,6.319595128082767,9.034018228234917
1,metrica:Away,1,metrica:Away:24,straightness,13574,0.04012089662764605,0.547217333638464,0.9869927257695765,0.9971367915239409,0.9743665836758013,0.9993476146915351,0.9999993018418462,1
1,metrica:Away,2,metrica:Away:24,delta_x_m,14627,-9.07125,-5.660345999999997,-0.5469000000000008,0.04829999999999757,-0.004698249811991523,0.888524999999996,3.310847999999998,7.051199999999998
1,metrica:Away,2,metrica:Away:24,delta_y_m,14627,-4.762622857142858,-3.066337600000002,-0.610834285714287,-0.03399999999999895,0.005412850208518493,0.48425714285714294,3.8458993142857114,6.296508571428571
1,metrica:Away,2,metrica:Away:24,displacement_m,14627,0,0.015377805386394638,0.6229603874835733,1.1599534229644461,1.5104389443497825,2.0345029034961293,6.299739477688548,9.111769786507121
1,metrica:Away,2,metrica:Away:24,path_length_m,14627,0,0.03321261263520358,0.6499316123623808,1.1703444460874564,1.5295387296805665,2.0583425526860637,6.3151439085929875,9.274482467405992
1,metrica:Away,2,metrica:Away:24,straightness,14529,0.03929426836401444,0.3722641471367227,0.9812251150923363,0.9963450836278588,0.9603437331537029,0.9991711707822327,0.9999990397869906,0.9999997988734157
1,metrica:Away,2,metrica:Away:26,delta_x_m,10612,-7.900349999999997,-6.100427999999999,-0.7192875000000014,0.057975000000000776,-0.0020098332076894107,0.9229125000000007,4.915831499999994,7.813499999999997
1,metrica:Away,2,metrica:Away:26,delta_y_m,10612,-6.0044,-3.8694632571428556,-0.6365285714285727,0.013357142857139626,0.01757838080878789,0.6689500000000006,4.209417599999976,7.514971428571428
1,metrica:Away,2,metrica:Away:26,displacement_m,10612,0.0025542857142898277,0.03988046160432507,0.740710423723687,1.2642950572584408,1.7329239290882217,2.397818565688757,6.827504004639131,8.82248399544052
1,metrica:Away,2,metrica:Away:26,path_length_m,10612,0.029139062810594585,0.05979959681790958,0.7629161362777986,1.280760860881886,1.7587069151225618,2.4226760843522674,6.8410293538073805,8.824370476342814
1,metrica:Away,2,metrica:Away:26,straightness,10612,0.059316315703230316,0.37784451188334894,0.9805658807800073,0.9959461566783308,0.9599414260274606,0.9991179226732849,0.9999754699412002,0.9999999986155359
1,metrica:Home,1,metrica:Home:1,delta_x_m,13529,-6.681750000000008,-4.389528000000006,-1.231349999999999,-0.03675000000000139,-0.0035944563530194524,1.103999999999992,5.266631999999988,8.066249999999997
1,metrica:Home,1,metrica:Home:1,delta_y_m,13529,-5.126811428571427,-3.287928228571429,-0.9019714285714269,-0.045074285714286066,-0.012087604405351463,0.7477085714285723,3.843402742857142,5.698011428571432
1,metrica:Home,1,metrica:Home:1,displacement_m,13529,0.0028038170047129784,0.10863987900566631,1.0832280519835498,1.612404018567888,1.9933925404850497,2.7596759956408436,6.0753581464803075,8.269448573808235
1,metrica:Home,1,metrica:Home:1,path_length_m,13529,0.04401277652840086,0.15265456951246997,1.1099240475912882,1.6333937509784098,2.020746845809673,2.7802583432803427,6.1265318445247265,8.276904845243093
1,metrica:Home,1,metrica:Home:1,straightness,13529,0.03282686685699408,0.4862411412915781,0.9859012415029516,0.9969269902847054,0.970425049524605,0.9992765099765458,0.9999695097706407,0.9999998485139564
1,metrica:Home,2,metrica:Home:1,delta_x_m,14442,-7.3654500000000045,-5.001286499999998,-0.7595624999999977,-0.0021749999999984837,-0.0027037287079351895,0.8203499999999977,4.435104000000002,5.513400000000001
1,metrica:Home,2,metrica:Home:1,delta_y_m,14442,-5.189662857142853,-3.70640897142857,-0.565784285714289,0.02336285714285924,0.016906603754921163,0.7174485714285703,3.070272857142861,4.394159999999999
1,metrica:Home,2,metrica:Home:1,displacement_m,14442,0,0.016216398600701766,0.6442863774210088,1.2936312409513322,1.6441381433663653,2.361192614493309,5.502431257014087,7.723058021075594
1,metrica:Home,2,metrica:Home:1,path_length_m,14442,0,0.025995415510217782,0.679929625483616,1.3064764963341726,1.6651303787448128,2.381405969401797,5.523727172535384,7.723199640333255
1,metrica:Home,2,metrica:Home:1,straightness,14383,0.022939532138994474,0.3669744702865408,0.9799951924696783,0.9967254602309455,0.9566253349751137,0.9993876843487081,0.999986117285139,0.9999995632694002
1,metrica:Home,1,metrica:Home:10,delta_x_m,8110,-7.811549999999999,-4.706762999999998,-0.7981875000000012,0.07657500000000117,0.018284556103575843,1.0495499999999987,3.197902499999998,7.4765999999999995
1,metrica:Home,1,metrica:Home:10,delta_y_m,8110,-8.031577142857142,-4.171731999999999,-0.7125671428571424,0.020691428571429582,-0.009476291703364448,0.8021814285714277,3.219159828571425,5.505182857142859
1,metrica:Home,1,metrica:Home:10,displacement_m,8110,0.012650822752949032,0.07315236460406989,1.0317822538792836,1.3576968544093386,1.6640656742173197,2.000615348244068,6.221658944882877,8.436292618620445
1,metrica:Home,1,metrica:Home:10,path_length_m,8110,0.027574678967907624,0.08925432670637072,1.0514653881227274,1.369136952786828,1.6896238077580759,2.0423218091200255,6.234683963671977,8.446648805003218
1,metrica:Home,1,metrica:Home:10,straightness,8110,0.0348224291636908,0.4753603290635801,0.9893020676196631,0.9976315234850904,0.9721008070887937,0.9994316771774158,0.9999913684574127,0.9999999537323478
1,metrica:Home,2,metrica:Home:10,delta_x_m,5063,-5.631300000000003,-3.609048000000001,-0.9270750000000005,-0.1516499999999983,-0.01327676278886033,0.5863500000000013,4.913718000000002,8.155349999999995
1,metrica:Home,2,metrica:Home:10,delta_y_m,5063,-6.210828571428571,-3.4534402285714285,-0.596408571428571,0.024577142857141965,-0.014612948844558549,0.6784942857142878,3.3608728000000054,8.087045714285715
1,metrica:Home,2,metrica:Home:10,displacement_m,5063,0.00714831163168755,0.05000097933076882,0.7658100787067632,1.3067242943563984,1.600057566745243,2.0074803653354527,6.210201539153101,8.56374576499366
1,metrica:Home,2,metrica:Home:10,path_length_m,5063,0.02962652438851637,0.08657475757882034,0.7971817551637795,1.3182014056974263,1.6298786394503009,2.054365089806801,6.3037475311604805,8.564424580385392
1,metrica:Home,2,metrica:Home:10,straightness,5063,0.04528257834727894,0.336654588997525,0.9814206678312664,0.9967608659626014,0.9550733904762626,0.9992862299918077,0.9999875155330152,0.9999998795338627
1,metrica:Home,2,metrica:Home:12,delta_x_m,5796,-6.077250000000001,-4.453409999999997,-0.7897124999999996,0,-0.01108711180124225,0.7621499999999957,6.19512,7.595400000000001
1,metrica:Home,2,metrica:Home:12,delta_y_m,5796,-5.774560000000001,-3.5409882857142883,-0.5197142857142879,0.0020885714285721058,0.03508531499556343,0.5629671428571448,3.7946768571428544,5.68781142857143
1,metrica:Home,2,metrica:Home:12,displacement_m,5796,0,0,0.55661405232179,1.2177804970659483,1.647065921060585,2.387334328308535,6.360513015047329,7.603335355444146
1,metrica:Home,2,metrica:Home:12,path_length_m,5796,0,0,0.611475890087365,1.2452823559811974,1.6862405183447062,2.4340318980033864,6.387192632160143,7.6044648896002185
1,metrica:Home,2,metrica:Home:12,straightness,5695,0.020436946386407945,0.3359164598356279,0.9739022995819722,0.9957824401147058,0.9503640405841697,0.9992755210450852,0.9999845394876592,0.9999992226206235
1,metrica:Home,2,metrica:Home:13,delta_x_m,6986,-6.720600000000001,-4.871242499999993,-0.8066625000000078,0.012599999999998168,0.0021258946464357107,0.7738499999999995,5.376652499999996,8.261400000000002
1,metrica:Home,2,metrica:Home:13,delta_y_m,6986,-5.719091428571426,-3.802506571428571,-0.5788742857142839,0.001602857142856795,-0.0024564933949531853,0.593300000000003,3.509412,4.9359257142857125
1,metrica:Home,2,metrica:Home:13,displacement_m,6986,0.003799558513558426,0.027856359128008726,0.6035233985271548,1.2415747969169808,1.652271226085054,2.366003017658621,6.025821811372539,8.372957196186753
1,metrica:Home,2,metrica:Home:13,path_length_m,6986,0.019677281400675647,0.04745548149226228,0.6479992526175321,1.2678003958879864,1.685226601338769,2.398767784323392,6.035986354360903,8.37835136171034
1,metrica:Home,2,metrica:Home:13,straightness,6986,0.03874392964750293,0.27360460227814365,0.9776692443991782,0.9955154171722749,0.950824663740851,0.9989770638290751,0.999973535755462,0.9999997299962989
1,metrica:Home,2,metrica:Home:14,delta_x_m,3078,-7.7457000000000065,-4.518076500000001,-0.9115125000000033,0.0026250000000029305,-0.03713255360623782,0.9798000000000004,4.005900000000003,6.4021500000000024
1,metrica:Home,2,metrica:Home:14,delta_y_m,3078,-4.886674285714285,-3.826994342857143,-0.6219085714285724,-0.0386142857142846,0.06756361459203565,0.8108999999999997,3.580381657142856,5.290497142857145
1,metrica:Home,2,metrica:Home:14,displacement_m,3078,0.008553833846255928,0.08668153559987002,0.810058887769313,1.3765751036420644,1.7343093307389619,2.4210340423997767,5.387599158469119,7.787633188591447
1,metrica:Home,2,metrica:Home:14,path_length_m,3078,0.026669325166190774,0.12908419757592535,0.8410132410376796,1.3916833347855084,1.7560531790127594,2.465473594847011,5.455077984883058,7.965494552105373
1,metrica:Home,2,metrica:Home:14,straightness,3078,0.08020324550722532,0.5527973425409632,0.9843012741255366,0.9972307385218263,0.971492206210579,0.9993777825524859,0.9999789415721134,0.9999998505317322
1,metrica:Home,1,metrica:Home:2,delta_x_m,12060,-6.023550000000003,-3.6315494999999993,-1.157699999999997,-0.07785000000000286,-0.0075337064676616996,0.951562499999999,4.790107499999999,8.154150000000001
1,metrica:Home,1,metrica:Home:2,delta_y_m,12060,-5.185874285714283,-3.1611422285714275,-0.8608557142857141,-0.11292857142857304,-0.005956226486614541,0.7676228571428572,3.756730914285713,5.136234285714282
1,metrica:Home,1,metrica:Home:2,displacement_m,12060,0,0.1187177669987619,1.0169472986378878,1.5686544063030774,1.8709282965023057,2.572012875809945,5.15268577157348,8.38331497525512
1,metrica:Home,1,metrica:Home:2,path_length_m,12060,0,0.1800487250853867,1.0418063537621585,1.586159574556096,1.8981822221053035,2.599635618813136,5.180414776248323,8.391811919232508
1,metrica:Home,1,metrica:Home:2,straightness,12059,0.02616933701630399,0.49211077658232544,0.986585115179855,0.9969562693283008,0.9724901981869064,0.9992911616802365,0.9999996524730808,1
1,metrica:Home,2,metrica:Home:2,delta_x_m,4163,-5.847300000000004,-4.283567999999998,-0.8587500000000033,-0.007500000000000284,-0.08345030026423252,0.7084499999999991,3.7079640000000036,4.23524999999999
1,metrica:Home,2,metrica:Home:2,delta_y_m,4163,-3.2671085714285737,-2.701150400000001,-0.5597857142857166,0,-0.0005759267012113502,0.532877142857143,2.7327820571428565,4.189674285714288
1,metrica:Home,2,metrica:Home:2,displacement_m,4163,0,0.004606283236834415,0.6848539831484889,1.1477503163242642,1.4074809640655015,1.7875767773046665,4.598884122090743,6.016526885986974
1,metrica:Home,2,metrica:Home:2,path_length_m,4163,0,0.00503359119872852,0.701522209808772,1.161741728448469,1.4254656985259764,1.8056088626627829,4.606648156135246,6.017793528576654
1,metrica:Home,2,metrica:Home:2,straightness,4121,0.049750472534913714,0.43505592182708724,0.984243717241411,0.9971685551732627,0.96531985718407,0.9994220034108264,0.999999736212454,1
1,metrica:Home,1,metrica:Home:3,delta_x_m,13574,-4.168050000000008,-3.2720670000000003,-1.1735625000000072,-0.14797500000000108,-0.0053047222631501375,0.8661000000000012,4.873812000000003,7.124099999999995
1,metrica:Home,1,metrica:Home:3,delta_y_m,13574,-6.673325714285713,-3.9535355428571415,-0.7201442857142857,-0.02064285714285779,-0.007694903702456378,0.8127457142857153,3.243328000000003,6.2202514285714265
1,metrica:Home,1,metrica:Home:3,displacement_m,13574,0.0058259533685945455,0.07961503604813107,0.9926895665102662,1.5000977588187405,1.7837447917145601,2.3991920615142104,5.669171468237559,8.456914794197607
1,metrica:Home,1,metrica:Home:3,path_length_m,13574,0.026667167945722218,0.12148516341734483,1.0178157638712526,1.5130599022579925,1.80457346661735,2.414476940289362,5.69481144608577,8.517329253786897
1,metrica:Home,1,metrica:Home:3,straightness,13574,0.04151547479648506,0.5411539377643516,0.9868427487467486,0.9965312209986135,0.9740340569037468,0.9991692441700817,0.9999782386106009,0.9999997882112724
1,metrica:Home,2,metrica:Home:3,delta_x_m,14583,-8.077350000000003,-4.953183,-0.6571499999999992,0.05444999999999833,-0.0036972433655626316,0.9367500000000017,3.328767000000001,4.920450000000001
1,metrica:Home,2,metrica:Home:3,delta_y_m,14583,-5.745708571428571,-2.931938514285713,-0.6366742857142851,-0.028074285714286162,0.003341699630685437,0.5148571428571422,3.977199542857145,6.7096571428571465
1,metrica:Home,2,metrica:Home:3,displacement_m,14583,0,0.03405079942421327,0.6914236572308599,1.2690907979964174,1.5504477995511836,2.0605037110507265,5.744283578135587,8.18024225758239
1,metrica:Home,2,metrica:Home:3,path_length_m,14583,0,0.06416728240113902,0.7164274527202963,1.2859770947238551,1.5738789430014046,2.085725069119014,5.764622265288574,8.227676935154113
1,metrica:Home,2,metrica:Home:3,straightness,14509,0.02665563934510214,0.3902920466382558,0.9805065151303335,0.9954042592643516,0.9605398551513054,0.9990085704198423,0.9999897506502671,0.9999998572063743
1,metrica:Home,1,metrica:Home:4,delta_x_m,4258,-5.438550000000004,-4.227331499999998,-1.3612499999999974,0,-0.05603225692813528,1.165912500000001,4.481102999999999,5.228400000000004
1,metrica:Home,1,metrica:Home:4,delta_y_m,4258,-4.612051428571425,-3.678227828571429,-0.7591228571428568,0.06785428571428476,0.03144056632892705,0.9550599999999996,3.01587965714286,3.7274685714285702
1,metrica:Home,1,metrica:Home:4,displacement_m,4258,0,0.07819185747981612,1.2005891983219976,1.7087789742198713,2.0272903202241275,2.8111588032482144,5.038058145963267,5.633853236285274
1,metrica:Home,1,metrica:Home:4,path_length_m,4258,0,0.11635137203392122,1.2217902099016498,1.7315828565583506,2.0557947772200102,2.8359861547369247,5.044253523891803,5.64136840090822
1,metrica:Home,1,metrica:Home:4,straightness,4221,0.09293872353178811,0.5686277372612015,0.9879619570599348,0.997282118418424,0.9767963838115745,0.9993706736678528,0.9999778532274756,0.9999998506430404
1,metrica:Home,2,metrica:Home:4,delta_x_m,1923,-6.291300000000003,-5.904189,-0.5399250000000091,0.11685000000000301,0.09416575663026519,0.9907499999999976,3.8917499999999974,4.3596
1,metrica:Home,2,metrica:Home:4,delta_y_m,1923,-4.230862857142849,-2.6784772571428537,-0.9584114285714271,-0.13376571428571538,-0.10972894435777432,0.57328857142857,3.891362171428568,5.119622857142856
1,metrica:Home,2,metrica:Home:4,displacement_m,1923,0.01355248489904144,0.11805649921983248,0.9433020722726073,1.3821118609215304,1.6694823564584067,2.113726340606756,5.949108743174461,6.319471459829535
1,metrica:Home,2,metrica:Home:4,path_length_m,1923,0.1070640184876092,0.1686005981041708,0.9680327760635512,1.3913272785329578,1.698131135885885,2.1461120106037885,5.951634157135555,6.321135678013701
1,metrica:Home,2,metrica:Home:4,straightness,1923,0.055110256647327445,0.5468311063720463,0.9828455931179242,0.9963935000744255,0.9690489342462548,0.9992065641267522,0.9999945322793137,0.9999995004460303
1,metrica:Home,1,metrica:Home:5,delta_x_m,2728,-5.623199999999997,-5.0518379999999965,-1.4892375000000033,0.02002500000000218,-0.023187426686216973,1.4144999999999985,5.9932754999999975,6.977099999999998
1,metrica:Home,1,metrica:Home:5,delta_y_m,2728,-5.1548857142857125,-4.558474228571431,-0.9402699999999977,-0.06644571428571533,-0.027365192710515317,0.9778885714285708,4.518128857142856,5.603394285714291
1,metrica:Home,1,metrica:Home:5,displacement_m,2728,0.006393284742285072,0.10142716272365492,1.4355980162672304,1.9868281808728097,2.451125161113874,3.514203341310632,6.368653838876953,6.993519992707542
1,metrica:Home,1,metrica:Home:5,path_length_m,2728,0.028251460646803273,0.1778829004009059,1.4541503442692782,2.034683756970316,2.4761029813184012,3.5229255724329454,6.381909168258938,6.995351804084495
1,metrica:Home,1,metrica:Home:5,straightness,2728,0.08930398066177597,0.5730779098117635,0.9914066607945795,0.9979672759987834,0.9770528563663206,0.9995534359642176,0.999985342017915,0.9999982748120014
1,metrica:Home,2,metrica:Home:5,delta_x_m,2927,-6.166649999999997,-5.095790999999996,-0.9826500000000031,0,0.01433399385035872,1.1327249999999995,5.665649999999993,6.914550000000002
1,metrica:Home,2,metrica:Home:5,delta_y_m,2927,-6.325359999999998,-5.463121942857144,-0.4282542857142848,0.05226285714285739,-0.021132869344526323,1.018834285714286,3.179042742857139,3.8827999999999996
1,metrica:Home,2,metrica:Home:5,displacement_m,2927,0,0,0.9648611484662779,1.6174956547530166,2.026071003772741,3.0137190126938056,6.249443305205674,8.016403284341038
1,metrica:Home,2,metrica:Home:5,path_length_m,2927,0,0,0.973861491512759,1.6253936416324735,2.0466143555198166,3.035923418491695,6.250724443488017,8.029841528491625
1,metrica:Home,2,metrica:Home:5,straightness,2801,0.01885602327793579,0.45665434070615357,0.9897265029755633,0.9982410289664658,0.971927488868024,0.9996645114884712,0.9999996681908716,1
1,metrica:Home,1,metrica:Home:6,delta_x_m,8107,-5.015099999999999,-3.5681280000000006,-1.2294,-0.22485,0.004004391266806483,0.9827250000000021,5.633493,7.0191
1,metrica:Home,1,metrica:Home:6,delta_y_m,8107,-5.736965714285713,-4.0914550857142835,-0.9801228571428575,-0.10763428571428335,-0.0054881700118063785,0.8310085714285718,4.671351314285711,8.07674857142857
1,metrica:Home,1,metrica:Home:6,displacement_m,8107,0,0.1185142436209557,1.0928251772084854,1.7296138128920364,2.1531507864791415,3.0521999658399093,6.6618241732065595,8.086260563206793
1,metrica:Home,1,metrica:Home:6,path_length_m,8107,0,0.1543130408819971,1.1230626750674144,1.7568388208381729,2.1765359639511113,3.067249912187738,6.692445934684454,8.092264380716822
1,metrica:Home,1,metrica:Home:6,straightness,8106,0.0890512099074606,0.6411386075559442,0.9875752913880802,0.9968333273437835,0.9780695501170612,0.9992493649755462,0.9999988389490037,1
1,metrica:Home,2,metrica:Home:6,delta_x_m,14637,-7.953449999999997,-5.171057999999995,-0.7411499999999975,0.05264999999999276,-0.0006966796474687289,1.0127999999999986,3.6569399999999956,5.2699500000000015
1,metrica:Home,2,metrica:Home:6,delta_y_m,14637,-6.073177142857144,-4.305600685714286,-0.6449314285714269,0.03419428571428362,-0.001007964161274267,0.7151657142857157,4.294775085714283,5.996434285714285
1,metrica:Home,2,metrica:Home:6,displacement_m,14637,0,0.03147034318211485,0.7097581466907437,1.4693398204941521,1.8203118638402251,2.7850954128033716,5.894704782358787,8.402248448873058
1,metrica:Home,2,metrica:Home:6,path_length_m,14637,0,0.050249573598840275,0.7378459677347585,1.4862507900840456,1.8449137426489532,2.804238188722921,5.914066478590575,8.42542684275329
1,metrica:Home,2,metrica:Home:6,straightness,14636,0.016629989190143975,0.35986319407282036,0.9822402113814406,0.9965576682396599,0.9596813797221316,0.9993368906108653,0.9999997342946667,1
1,metrica:Home,1,metrica:Home:7,delta_x_m,13533,-6.333149999999996,-4.691213999999995,-1.290149999999997,-0.09224999999999994,-0.006527166925293721,1.2413999999999987,5.174880000000013,7.1739000000000015
1,metrica:Home,1,metrica:Home:7,delta_y_m,13533,-5.431159999999998,-4.128936685714285,-0.8762285714285731,0.005828571428572044,-0.008902070072098884,0.9363600000000005,3.714272685714287,5.987108571428571
1,metrica:Home,1,metrica:Home:7,displacement_m,13533,0.014558238357769527,0.16819596923370636,1.2112323996017043,1.7997139348246622,2.1738817771142322,3.0220183898952864,6.0093682836651485,7.954905277349313
1,metrica:Home,1,metrica:Home:7,path_length_m,13533,0.063115337987206,0.22916740144512865,1.2245751204633177,1.8221145987764815,2.195747312383328,3.0364305571753585,6.011646732779024,7.955638735581128
1,metrica:Home,1,metrica:Home:7,straightness,13533,0.0433281444354681,0.6384403463559344,0.98928107289634,0.9975936562424685,0.9789618579166518,0.9995072703256712,0.9999856451069685,0.9999997084029272
1,metrica:Home,2,metrica:Home:7,delta_x_m,191,-5.127749999999999,-5.083814999999998,0,0,-0.4011196335078534,0,1.3279649999999985,1.4061000000000003
1,metrica:Home,2,metrica:Home:7,delta_y_m,191,0,0,0,0,0.21558339566192972,0.31945428571428724,1.6050720000000007,1.676199999999998
1,metrica:Home,2,metrica:Home:7,displacement_m,191,0,0,0,0,0.6028565077031675,0.8749159632292787,5.0970365767345065,5.140527925957706
1,metrica:Home,2,metrica:Home:7,path_length_m,191,0,0,0,0,0.6136630433958862,0.9284551844102235,5.144214899896769,5.211872258416435
1,metrica:Home,2,metrica:Home:7,straightness,63,0.4843361109881268,0.5109401966921314,0.9831901234298712,0.9912705812212317,0.964318272548917,0.9979345427767494,0.9998351472497693,0.9998591456613263
1,metrica:Home,1,metrica:Home:8,delta_x_m,10988,-6.652200000000004,-5.2391655,-1.1578125000000044,0.0013500000000004064,0.010652266108481983,1.177162499999997,4.9486724999999785,8.308500000000004
1,metrica:Home,1,metrica:Home:8,delta_y_m,10988,-6.436782857142857,-4.4930999999999965,-0.8074514285714285,0.053914285714287136,-0.005570808674398048,0.9077999999999955,3.3453882285714305,4.797400000000003
1,metrica:Home,1,metrica:Home:8,displacement_m,10988,0.006759999999999078,0.08443426238232914,1.076484524642328,1.6913989309930049,2.061221072500416,2.878745288021869,6.169623748045388,8.311161511283784
1,metrica:Home,1,metrica:Home:8,path_length_m,10988,0.02446063187479279,0.12109320964058946,1.105046058835546,1.711865099971577,2.0844286830669905,2.8992327254929533,6.180670361157602,8.351454785639497
1,metrica:Home,1,metrica:Home:8,straightness,10988,0.035738633041606425,0.5729402240145636,0.9878531213641083,0.9979040470041151,0.9753542019016456,0.9995568555917443,0.9999869457755305,0.9999998432803925
1,metrica:Home,2,metrica:Home:8,delta_x_m,2057,-5.272800000000004,-4.7625839999999995,-1.1768999999999963,-0.20130000000000337,-0.07505155566358779,0.8746500000000026,5.299302000000002,6.196949999999999
1,metrica:Home,2,metrica:Home:8,delta_y_m,2057,-5.068622857142857,-3.2894786285714286,-1.1947599999999987,-0.21254857142857375,-0.15472897284533646,0.770148571428571,3.8117108571428573,4.717548571428571
1,metrica:Home,2,metrica:Home:8,displacement_m,2057,0.01502011820927281,0.166872263214646,1.127448719703571,1.7005573958528408,2.0318599309830914,2.644421983413235,5.740850100518313,6.249045043016653
1,metrica:Home,2,metrica:Home:8,path_length_m,2057,0.05111377616331776,0.2682104194807501,1.1458767764178215,1.7151878337333866,2.0534880173992636,2.657516201277054,5.741297120120319,6.254901324487773
1,metrica:Home,2,metrica:Home:8,straightness,2057,0.21254909490100996,0.6167286552224652,0.9895667732641936,0.997473339820114,0.9773768070776805,0.9994746002052842,0.9999785491645856,0.999996602941869
1,metrica:Home,1,metrica:Home:9,delta_x_m,9680,-6.396749999999994,-4.431824999999999,-0.9217875000000006,0.05887499999999868,-0.028398471074380177,0.9921375000000014,3.2992889999999986,4.713899999999999
1,metrica:Home,1,metrica:Home:9,delta_y_m,9680,-6.445040000000002,-3.9553385142857143,-0.7829714285714267,-0.017728571428571094,-0.0023968996458087447,0.7456928571428582,3.953392742857132,6.265034285714284
1,metrica:Home,1,metrica:Home:9,displacement_m,9680,0.004358771592532096,0.04353016570092369,1.0234074804614548,1.3719163646893677,1.7055227281721512,2.1308979285338614,5.484938098773919,7.190891786941451
1,metrica:Home,1,metrica:Home:9,path_length_m,9680,0.020129641935137,0.06140398133353914,1.0395222999802354,1.3806911938277326,1.7271177114020033,2.1533877197929105,5.495085456186701,7.192635116951472
1,metrica:Home,1,metrica:Home:9,straightness,9680,0.040813902827629804,0.4642706155137799,0.9874308144849661,0.9970695414899247,0.971336334399379,0.9992848606949968,0.9999953319810043,0.9999997986128755
1,metrica:Home,2,metrica:Home:9,delta_x_m,13118,-6.322949999999999,-4.015081499999999,-0.9926624999999973,-0.051825000000002674,-0.027749256746455238,0.6602250000000014,5.117837999999997,7.772249999999999
1,metrica:Home,2,metrica:Home:9,delta_y_m,13118,-7.604828571428568,-4.087655828571427,-0.5609028571428567,0.051728571428572234,0.012102305665062192,0.6696057142857132,4.1304997142857145,6.383354285714288
1,metrica:Home,2,metrica:Home:9,displacement_m,13118,0.0036027769901633873,0.0447546958349269,0.8135244005257649,1.2727461370636333,1.6398159525025806,1.9612545267081112,6.333579391054166,8.750692503850594
1,metrica:Home,2,metrica:Home:9,path_length_m,13118,0.011455077351735283,0.06497680609323542,0.8348559616281142,1.2828778775551486,1.6618940383571927,1.9920178103580621,6.345760339741407,8.75193562421803
1,metrica:Home,2,metrica:Home:9,straightness,13118,0.02496548491672012,0.38685025174996646,0.9835299870263003,0.9962647615384032,0.9629455972061274,0.9991973493161325,0.9999760015837839,0.9999998609220573
2,metrica:Away,1,metrica:Away:15,delta_x_m,1971,-10.115999999999998,-9.423855,-1.8247499999999954,0.7034999999999996,-0.06128614916286143,2.3545499999999997,5.871719999999997,7.258800000000001
2,metrica:Away,1,metrica:Away:15,delta_y_m,1971,-9.132205714285716,-6.403569714285717,-1.6546342857142875,-0.285308571428569,0.004836639849242563,1.9443142857142899,6.871652571428575,7.588119999999998
2,metrica:Away,1,metrica:Away:15,displacement_m,1971,0,0.20870510992715102,2.2052462589931636,3.095743040241235,3.653950680978627,4.854803024183264,10.633863451545169,12.21441233405122
2,metrica:Away,1,metrica:Away:15,path_length_m,1971,0,0.3627513785586592,2.3702581301070835,3.166814339735062,3.788417282128377,4.969418037853817,10.649227946062666,12.217055459049478
2,metrica:Away,1,metrica:Away:15,straightness,1960,0.06463658649248431,0.4092643979506913,0.9598427708158955,0.9913418625673354,0.950774802781573,0.9981259787135897,0.9999319372655081,0.9999961956327484
2,metrica:Away,2,metrica:Away:15,delta_x_m,1261,-10.571400000000002,-9.685740000000003,-0.12194999999999823,0.6205499999999979,0.26129393338620144,2.1927000000000003,5.728560000000003,6.426449999999999
2,metrica:Away,2,metrica:Away:15,delta_y_m,1261,-5.315851428571433,-4.593730285714286,-0.8590342857142836,-0.008159999999999279,0.05511243230995805,0.3892514285714299,6.9241097142857235,7.397331428571427
2,metrica:Away,2,metrica:Away:15,displacement_m,1261,0,0,0.9247320719626478,2.314115486550723,2.666260295714265,3.2912193309015394,10.768955234039115,11.286464794209506
2,metrica:Away,2,metrica:Away:15,path_length_m,1261,0,0,1.2176736097720458,2.4193228928838337,2.780831537463214,3.307183367920777,10.817028905530643,11.30012733035605
2,metrica:Away,2,metrica:Away:15,straightness,1146,0.056263682559840045,0.2244624466501592,0.9222088498108681,0.990051294976634,0.9148758993409161,0.9975412843060121,0.9996920685464835,1
2,metrica:Away,1,metrica:Away:16,delta_x_m,13550,-13.787099999999995,-8.627718000000002,-1.619062500000001,-0.004275000000001583,-0.0032623173431734227,1.8964499999999997,7.325479500000001,9.023999999999997
2,metrica:Away,1,metrica:Away:16,delta_y_m,13550,-9.065662857142858,-6.82679685714286,-1.4675614285714298,-0.045997142857143736,-0.012133193041644705,1.5096485714285706,6.5334944,8.622788571428572
2,metrica:Away,1,metrica:Away:16,displacement_m,13550,0.003850568206146049,0.06444019335047542,1.7746908000210806,2.9232679164375552,3.394264963011829,4.801784275166377,10.11053908356022,13.787189013888717
2,metrica:Away,1,metrica:Away:16,path_length_m,13550,0.016763218551935837,0.1436762948905917,1.9700526294793932,3.0817237410919045,3.5538097760513847,4.94797710289436,10.248777474150982,14.07485341155588
2,metrica:Away,1,metrica:Away:16,straightness,13550,0.018075707998944274,0.2273923472141279,0.9296122462028278,0.9852922955113952,0.9220631386829248,0.9971194989844667,0.9999217778547115,0.9999999616603201
2,metrica:Away,2,metrica:Away:16,delta_x_m,14599,-12.889949999999999,-7.168811999999997,-1.7445749999999975,-0.028050000000000352,-0.008443482430303432,1.3239000000000036,9.02121300000001,15.162300000000005
2,metrica:Away,2,metrica:Away:16,delta_y_m,14599,-10.762845714285714,-6.430826057142856,-1.1036885714285702,0.044102857142860774,0.0031256724041763915,1.122728571428572,6.172952571428572,8.95618285714286
2,metrica:Away,2,metrica:Away:16,displacement_m,14599,0.0024944738924260416,0.051574160026551706,1.3307801050214247,2.4453017146272957,2.9995623888516043,4.179141270316412,10.687268569061782,15.519792721703633
2,metrica:Away,2,metrica:Away:16,path_length_m,14599,0.06289710548946517,0.12370928101456026,1.5417097640698705,2.5806557480583656,3.164794548164008,4.374266810967383,10.872504432459088,15.547017020743937
2,metrica:Away,2,metrica:Away:16,straightness,14599,0.018463474932522882,0.21947211552336585,0.9115000820729862,0.9841763561738462,0.9066636000166067,0.996793712728558,0.999858993229816,0.9999999176489945
2,metrica:Away,1,metrica:Away:17,delta_x_m,4682,-13.4754,-7.935656999999997,-2.1213750000000005,-0.2119500000000012,-0.043824508756941466,2.2035,7.353793499999996,8.504249999999999
2,metrica:Away,1,metrica:Away:17,delta_y_m,4682,-8.165051428571429,-5.426252342857141,-1.4265185714285717,-0.03919714285714093,-0.023997626167083664,1.1587200000000017,5.8614649714285685,7.030519999999997
2,metrica:Away,1,metrica:Away:17,displacement_m,4682,0.021284617613168428,0.17278149512590443,1.865762549603093,3.052920265843313,3.394060921657029,4.646691629387536,8.872063732099305,13.47567869142942
2,metrica:Away,1,metrica:Away:17,path_length_m,4682,0.09322445987931272,0.27250805876951256,2.0830017463779504,3.1692066268929215,3.5529409413577504,4.790031295797511,8.88455296495537,13.794987237013014
2,metrica:Away,1,metrica:Away:17,straightness,4682,0.04405346548156737,0.3315258258774931,0.9397862769686618,0.9881071938395024,0.9307419813716675,0.9972691114814267,0.9998491945645093,0.9999931136697903
2,metrica:Away,2,metrica:Away:17,delta_x_m,14632,-10.535999999999994,-6.677959500000005,-1.8363374999999948,-0.0039749999999987295,-0.004457343493712404,1.2415499999999993,10.163281499999995,13.438049999999997
2,metrica:Away,2,metrica:Away:17,delta_y_m,14632,-12.414079999999995,-6.498570571428572,-0.9651628571428555,0.01942857142857024,0.00223496289932047,1.1139857142857135,6.1538300000000055,9.679217142857144
2,metrica:Away,2,metrica:Away:17,displacement_m,14632,0.006413183010528774,0.0604151016743707,1.2807555036515161,2.362530748199311,2.899419920402185,3.7918972672774625,11.17289254236282,14.964673300324224
2,metrica:Away,2,metrica:Away:17,path_length_m,14632,0.05450634883758623,0.12938436566118988,1.4262175659040828,2.4885780111773643,3.019388449808705,3.937797703009389,11.217958509425427,14.976138088698715
2,metrica:Away,2,metrica:Away:17,straightness,14632,0.021183074547058176,0.26684575184695664,0.9282098953169757,0.9855604413476577,0.9211726250558776,0.9968413760906816,0.9999248818064376,0.9999992866764658
2,metrica:Away,1,metrica:Away:18,delta_x_m,13577,-13.585050000000003,-9.756845999999996,-2.014199999999997,0.004050000000001441,-0.0020485379686234107,2.050799999999999,9.838559999999983,15.184050000000001
2,metrica:Away,1,metrica:Away:18,delta_y_m,13577,-9.894874285714282,-6.003754971428567,-1.8286171428571407,-0.1838914285714317,-0.008197463357148133,1.4811371428571434,7.43159177142857,11.285279999999995
2,metrica:Away,1,metrica:Away:18,displacement_m,13577,0.00993852984652147,0.2923730423482558,2.0225624927783756,3.0168764920438704,3.7909749262976344,5.126076354866202,12.222353321544215,15.831813706819787
2,metrica:Away,1,metrica:Away:18,path_length_m,13577,0.10820633521931905,0.534506864285662,2.176142874328982,3.1413653162486335,3.9632776862468484,5.337906956955967,12.299908534893154,15.839845197896834
2,metrica:Away,1,metrica:Away:18,straightness,13577,0.03026659400118288,0.3232898468953182,0.9377091190195046,0.9855660054467411,0.9330222427019036,0.996558059519153,0.9998129632791523,0.9999991274812661
2,metrica:Away,2,metrica:Away:18,delta_x_m,14579,-16.360350000000004,-9.839297999999998,-1.7614499999999964,-0.06330000000000524,-0.017162926126620487,1.3808999999999998,11.266928999999996,14.3829
2,metrica:Away,2,metrica:Away:18,delta_y_m,14579,-11.38290857142857,-7.054862057142854,-0.9554971428571433,0.0868457142857153,0.0045893819877906505,1.3145371428571462,5.499758399999984,8.857971428571425
2,metrica:Away,2,metrica:Away:18,displacement_m,14579,0.0067133227272926175,0.0994673710714665,1.303032238169271,2.537166244134489,3.252735684401558,4.461250417616695,12.781049823520332,16.373041489509333
2,metrica:Away,2,metrica:Away:18,path_length_m,14579,0.028809506151960415,0.13557531150312804,1.4661534665656935,2.6484591870681773,3.3885815859889026,4.636097773568601,12.87096320550254,16.38003443263823
2,metrica:Away,2,metrica:Away:18,straightness,14579,0.018262187771744376,0.3105699498360275,0.9338688964318762,0.9854448972950336,0.9270460230638705,0.9975558976368002,0.9999998052138,1
2,metrica:Away,1,metrica:Away:19,delta_x_m,13577,-12.437250000000002,-9.914448000000002,-2.3785500000000006,-0.127950000000002,-0.004100578183693008,2.412600000000001,10.419785999999993,14.026199999999996
2,metrica:Away,1,metrica:Away:19,delta_y_m,13577,-10.113445714285717,-6.806609600000002,-1.5078514285714313,-0.17495428571428562,-0.0015760224749839528,1.706314285714285,6.345534628571426,11.087594285714285
2,metrica:Away,1,metrica:Away:19,displacement_m,13577,0.005705185789961082,0.26378125958362475,2.248417487567646,3.2525560667491833,4.074923616630471,5.6380405861815674,11.955529208082998,14.408337875839777
2,metrica:Away,1,metrica:Away:19,path_length_m,13577,0.03383730048791424,0.36598863438055934,2.4080660937253624,3.4745976475285265,4.255257889230149,5.802099381471716,12.00416636774061,14.411585054416323
2,metrica:Away,1,metrica:Away:19,straightness,13577,0.03672258236302625,0.3874650754058,0.946216975813433,0.9893831727696726,0.9419269534876494,0.9980812324033869,0.9999993975235068,0.999999749533464
2,metrica:Away,2,metrica:Away:19,delta_x_m,14559,-15.404249999999998,-10.148916000000002,-1.8731999999999998,-0.038399999999999324,-0.014016968885225595,1.813124999999999,10.161968999999997,14.349299999999992
2,metrica:Away,2,metrica:Away:19,delta_y_m,14559,-9.373994285714287,-6.4490830857142845,-1.2885514285714255,-0.0033028571428594944,-0.013485662476818459,1.3204142857142838,6.624179200000001,10.916817142857143
2,metrica:Away,2,metrica:Away:19,displacement_m,14559,0.0028566145940253644,0.06066934623950894,1.6554422920286767,2.707763858516425,3.493420750138983,4.984140847695876,12.570093506865584,15.908088345153036
2,metrica:Away,2,metrica:Away:19,path_length_m,14559,0.040434630689576936,0.1247221022315219,1.8057236435620516,2.854359233365596,3.64398558790628,5.14586151218122,12.687812957933867,15.911345445283887
2,metrica:Away,2,metrica:Away:19,straightness,14559,0.01804612537419361,0.24307299852685474,0.9315594780873033,0.9881718832078733,0.9240032848329587,0.9975041133140532,0.999915689023658,0.9999998552619652
2,metrica:Away,1,metrica:Away:20,delta_x_m,6892,-10.856399999999997,-8.935515,-2.328225,-0.06922499999999676,-0.007682167730702269,2.0728875,8.829847500000007,12.161550000000005
2,metrica:Away,1,metrica:Away:20,delta_y_m,6892,-9.208851428571428,-6.63,-1.5745885714285672,-0.151882857142855,-0.0029522154050244396,1.3752757142857153,7.862282399999999,10.190965714285712
2,metrica:Away,1,metrica:Away:20,displacement_m,6892,0.02505470850693957,0.2685248592235131,2.008383763041201,3.337337856667522,3.9358622506708842,5.717240704408395,10.344754819549781,12.236345218233
2,metrica:Away,1,metrica:Away:20,path_length_m,6892,0.10947048079537003,0.4543909363474975,2.1670996517408545,3.5638976170737555,4.1008395551148205,5.838443071939862,10.513614336444494,12.238055642168234
2,metrica:Away,1,metrica:Away:20,straightness,6892,0.021689828152649214,0.35173673927528204,0.9474876888105659,0.9890908666459253,0.9381112894670867,0.9972900403965945,0.9998812810230655,0.9999998255013959
2,metrica:Away,2,metrica:Away:20,delta_x_m,5564,-11.923949999999994,-9.530511,-1.745550000000006,0.08332500000000387,0.03454806793673612,1.7192624999999992,9.022964999999994,10.679549999999997
2,metrica:Away,2,metrica:Away:20,delta_y_m,5564,-12.302948571428571,-5.469525599999999,-1.4060942857142873,-0.0673199999999996,-0.008946535894012498,0.9487942857142877,7.563350514285713,11.80062285714286
2,metrica:Away,2,metrica:Away:20,displacement_m,5564,0,0.012284576077521389,1.4536501239287054,2.572393254353008,3.2306728261330107,4.6528840695376426,10.694727563623573,15.32817615761975
2,metrica:Away,2,metrica:Away:20,path_length_m,5564,0,0.055086677232152666,1.6057195488901073,2.645473980716195,3.368289723656584,4.866575300150769,10.780977076447467,15.523873194502738
2,metrica:Away,2,metrica:Away:20,straightness,5509,0.037992033368126156,0.24690792070483555,0.9326982424400755,0.987307116670738,0.9248414213359657,0.997386850680093,0.9999006233142028,0.999998914357254
2,metrica:Away,1,metrica:Away:21,delta_x_m,13576,-12.336450000000003,-8.8629,-1.7596875000000014,0.05032499999999729,-0.0002589643488509078,2.1547124999999987,7.351012499999998,10.756349999999998
2,metrica:Away,1,metrica:Away:21,delta_y_m,13576,-9.352720000000003,-7.46436,-1.7112928571428547,-0.03905142857142807,-0.01188257639531947,1.6542942857142855,7.404738571428572,12.901057142857141
2,metrica:Away,1,metrica:Away:21,displacement_m,13576,0.02197686580503262,0.20589053305386143,2.0586506517586507,3.175520040798009,3.732255933966862,5.19874462711986,10.096690474908634,13.99926997133145
2,metrica:Away,1,metrica:Away:21,path_length_m,13576,0.07114309963687679,0.3892485812621327,2.2015323443544172,3.3086343010296297,3.8797042141746716,5.344753490596965,10.131744410054743,14.036214866008764
2,metrica:Away,1,metrica:Away:21,straightness,13576,0.038999449324027456,0.34049060560976613,0.9478182568703444,0.9880705786244293,0.9377139691307582,0.997284163367109,0.999926759072914,0.9999998441022554
2,metrica:Away,2,metrica:Away:21,delta_x_m,14603,-10.790849999999999,-7.938773999999999,-1.7664750000000025,-0.041550000000000864,-0.008419054303910177,1.423425,10.114929,13.517999999999997
2,metrica:Away,2,metrica:Away:21,delta_y_m,14603,-12.390668571428566,-7.7612285714285685,-1.1134028571428551,0.05129142857142632,-0.02541702976883418,1.2340542857142838,6.481274285714287,12.679960000000001
2,metrica:Away,2,metrica:Away:21,displacement_m,14603,0.002313800654636776,0.06944041392769008,1.2611290813859377,2.531683025667118,3.0940279170098566,4.2122672636622465,11.680108250794312,15.719097427575164
2,metrica:Away,2,metrica:Away:21,path_length_m,14603,0.014425939847761818,0.15402706547899075,1.4191084825629054,2.6216582301961187,3.216119978022623,4.353151462366764,11.828417929590419,15.722857638636427
2,metrica:Away,2,metrica:Away:21,straightness,14603,0.023225733536493362,0.24509735267547897,0.9249455904261512,0.984671315713306,0.9168172463320664,0.9969527501176454,0.9998773210816416,0.9999989180448906
2,metrica:Away,1,metrica:Away:22,delta_x_m,13576,-12.89265,-7.824487499999998,-2.1251250000000006,-0.15345000000000075,-0.011838122421921022,1.9593000000000003,10.644150000000002,15.43859999999999
2,metrica:Away,1,metrica:Away:22,delta_y_m,13576,-11.86026857142857,-6.704824285714286,-1.5156957142857141,-0.10166000000000075,-0.019385359457866826,1.2650185714285689,7.334504285714287,12.00627428571428
2,metrica:Away,1,metrica:Away:22,displacement_m,13576,0.004632591067643444,0.13411346954007286,1.9071679485898723,2.8231302397255202,3.547685659034563,4.844039881657333,12.050030658455606,16.084934613034637
2,metrica:Away,1,metrica:Away:22,path_length_m,13576,0.0875437341117021,0.2514977054639811,2.0446683310151883,2.901048774735939,3.680322829796613,4.968768457729779,12.16462862688144,16.120444756582735
2,metrica:Away,1,metrica:Away:22,straightness,13576,0.008672019656199756,0.31718687921918387,0.946695555499935,0.9883335914581187,0.9377839191534283,0.9971741652854517,0.9998318600316309,0.9999929710391154
2,metrica:Away,2,metrica:Away:22,delta_x_m,3998,-13.798500000000002,-8.703963,-1.7834999999999996,0.00750000000000027,-0.033198999499749894,1.6302375000000031,9.873271499999987,14.495399999999998
2,metrica:Away,2,metrica:Away:22,delta_y_m,3998,-12.00384571428571,-8.042089942857142,-1.0314142857142872,0.07499428571428624,-0.02801893518187665,1.2713571428571422,5.822588399999996,8.604914285714283
2,metrica:Away,2,metrica:Away:22,displacement_m,3998,0.0052252479679508095,0.039004467555970604,1.1765075975129018,2.6021755554467267,3.204546502454406,4.400072537318428,11.646422855714086,15.200698479796031
2,metrica:Away,2,metrica:Away:22,path_length_m,3998,0.04178028052671382,0.06321128985894812,1.3465258293738467,2.6764895560862776,3.3035886431997246,4.527660387207911,11.671452696857331,15.416738617122155
2,metrica:Away,2,metrica:Away:22,straightness,3998,0.07082903266688344,0.2659593549925214,0.9492796197871121,0.991710959156392,0.9296648844452068,0.998211044394615,0.9999573014618732,0.9999905649876534
2,metrica:Away,1,metrica:Away:23,delta_x_m,13577,-10.645499999999991,-7.395953999999995,-2.2125000000000057,-0.342750000000001,0.0020502614716064117,1.6894499999999955,10.65847799999999,14.444400000000002
2,metrica:Away,1,metrica:Away:23,delta_y_m,13577,-11.051359999999999,-8.26461897142857,-1.60091428571429,-0.11054857142857344,-0.020884369153715825,1.483080000000001,8.090915885714276,13.961177142857142
2,metrica:Away,1,metrica:Away:23,displacement_m,13577,0.002318917763064993,0.12027880291074873,1.9534017211641186,2.951268903378854,3.6883902914443203,4.927436438565188,12.529304772636163,16.953287019518473
2,metrica:Away,1,metrica:Away:23,path_length_m,13577,0.05769496849729486,0.23964371535664566,2.0915261324807117,3.0688334505626997,3.8512407929669976,5.11209780273962,12.745922582816876,17.04147899954506
2,metrica:Away,1,metrica:Away:23,straightness,13577,0.018107568429287377,0.2928671356145727,0.9427887189432509,0.9883755152226557,0.9341397263768764,0.9974669544058581,0.9999995509108395,0.9999999025852434
2,metrica:Away,2,metrica:Away:23,delta_x_m,14586,-13.96905,-10.911907500000002,-1.0159124999999993,0.05399999999999747,-0.016866711229946513,1.7589000000000024,7.278450000000004,12.441749999999999
2,metrica:Away,2,metrica:Away:23,delta_y_m,14586,-10.645497142857142,-7.197115142857144,-0.8369585714285737,0.05410857142857184,0.0003271062271062149,1.0513285714285707,5.766477714285713,10.290925714285716
2,metrica:Away,2,metrica:Away:23,displacement_m,14586,0,0.026131420291512476,0.953691256775044,2.3108849245908254,2.890377462455083,3.6959545063519053,12.0402708905625,14.522815076692396
2,metrica:Away,2,metrica:Away:23,path_length_m,14586,0,0.08592054354112158,1.1079619584128721,2.40574679051993,3.0064059186972623,3.8668093713724137,12.08874221187814,14.52503341497974
2,metrica:Away,2,metrica:Away:23,straightness,14525,0.01435977117206944,0.19359188812315775,0.9078587794484133,0.9854809382770988,0.9035938806340643,0.9971800979483199,0.9999045627680947,1
2,metrica:Away,1,metrica:Away:24,delta_x_m,13565,-11.472450000000002,-7.314660000000001,-2.14935,-0.32564999999999955,-0.0022886583118319555,1.9072500000000017,10.670184000000006,16.875000000000004
2,metrica:Away,1,metrica:Away:24,delta_y_m,13565,-11.957022857142858,-7.704407771428572,-1.6299599999999987,-0.035651428571430444,-0.011674344268337645,1.4604457142857148,8.47804182857143,13.280205714285714
2,metrica:Away,1,metrica:Away:24,displacement_m,13565,0.002313446055794751,0.1251024383387779,2.0454169993611346,2.9245816292458713,3.814637514646313,5.279804702343615,12.306491897832576,17.861469379651744
2,metrica:Away,1,metrica:Away:24,path_length_m,13565,0.041837414207676116,0.225200914072301,2.171917784678648,3.0568020229776898,3.963029933377892,5.418591019488472,12.373260543868655,17.942580105709716
2,metrica:Away,1,metrica:Away:24,straightness,13565,0.026980539626304593,0.34820435279483153,0.9492259469334586,0.9887225415535135,0.9401291957698323,0.9975505695564134,0.9999992853529767,0.9999996478452358
2,metrica:Away,2,metrica:Away:24,delta_x_m,14617,-17.715299999999996,-11.108616000000001,-1.080449999999999,0.09225000000000083,-0.009367185468974476,1.7471999999999959,6.4679160000000016,13.372349999999994
2,metrica:Away,2,metrica:Away:24,delta_y_m,14617,-8.831062857142856,-5.873474742857143,-1.1793142857142875,-0.06304571428571393,0.01092896021266823,0.9314057142857131,7.345538742857146,12.480234285714285
2,metrica:Away,2,metrica:Away:24,displacement_m,14617,0,0.030561927851660082,1.1961720987400113,2.2889493143361666,2.94737613235367,3.989133472027608,12.29331411034812,17.717411945237163
2,metrica:Away,2,metrica:Away:24,path_length_m,14617,0,0.08977805976420117,1.328520104018518,2.3631329157093535,3.060618574275424,4.14887175955493,12.306639323165566,17.994965992193375
2,metrica:Away,2,metrica:Away:24,straightness,14524,0.010762440918693212,0.2416162393089096,0.9301128835695873,0.9867458482552354,0.9195395703622821,0.9971211124934596,0.9999975807578647,0.9999996732547574
2,metrica:Away,2,metrica:Away:26,delta_x_m,10602,-15.555299999999994,-11.7911655,-1.4138624999999987,0.1111500000000003,-0.004505348047538177,1.8041625000000003,9.358112999999994,15.24705
2,metrica:Away,2,metrica:Away:26,delta_y_m,10602,-11.038925714285714,-7.4491367428571404,-1.2254571428571417,0.02418857142856945,0.03340606516290728,1.3149257142857131,7.897791999999999,14.61145142857143
2,metrica:Away,2,metrica:Away:26,displacement_m,10602,0.004255954771901116,0.060072867226891015,1.4390509857265994,2.4935534445229264,3.366889163003611,4.684999097944524,13.333684795137522,17.469608098639505
2,metrica:Away,2,metrica:Away:26,path_length_m,10602,0.0841602268022925,0.13328611680254532,1.5625287978668179,2.6075546475565554,3.518230067992675,4.836720280575355,13.40927074423624,17.475841046803847
2,metrica:Away,2,metrica:Away:26,straightness,10602,0.015892942795188842,0.23814318612501828,0.9263990569881856,0.9845854434646159,0.917263044211148,0.996730605174135,0.9998929741644065,0.9999999906675585
2,metrica:Home,1,metrica:Home:1,delta_x_m,13504,-13.083449999999996,-8.461225500000001,-2.428162499999999,-0.07252500000000062,-0.005665143661137436,2.1412125,10.240697999999993,15.367949999999993
2,metrica:Home,1,metrica:Home:1,delta_y_m,13504,-9.593925714285716,-6.319430399999996,-1.7468471428571517,-0.08451428571428288,-0.026327634986459035,1.4402400000000022,7.581708571428566,10.504251428571427
2,metrica:Home,1,metrica:Home:1,displacement_m,13504,0.010953877423650137,0.20517040567717118,2.099457439410652,3.1711282540247874,3.8872945797562184,5.377152944264359,11.956441281511788,15.417686600273296
2,metrica:Home,1,metrica:Home:1,path_length_m,13504,0.12254788986380998,0.3631907264715203,2.2774682394812698,3.293349631786737,4.043289246291924,5.486639186908338,12.044800914389265,15.509160001188398
2,metrica:Home,1,metrica:Home:1,straightness,13504,0.014867714655636978,0.26250701159338896,0.945349948338906,0.988211369433764,0.9323197415279918,0.9974954480593761,0.9998516861216213,0.9999998434859106
2,metrica:Home,2,metrica:Home:1,delta_x_m,14402,-14.5467,-9.773260499999997,-1.5056250000000002,-0.0033749999999992397,-0.0052157547562838415,1.6124999999999994,8.723231999999989,10.6833
2,metrica:Home,2,metrica:Home:1,delta_y_m,14402,-10.138994285714285,-7.191821828571429,-1.0916671428571432,0.041091428571428446,0.03421422421489079,1.3972542857142844,5.954399599999994,8.35108
2,metrica:Home,2,metrica:Home:1,displacement_m,14402,0,0.02808237404797219,1.2473396875865992,2.5377003723845433,3.2094895056413653,4.623821593514006,10.76211228429989,15.25157114094071
2,metrica:Home,2,metrica:Home:1,path_length_m,14402,0,0.0738394853898494,1.4384036841591272,2.647203006336639,3.332654375874966,4.741527154371133,10.841004475301347,15.252318489957284
2,metrica:Home,2,metrica:Home:1,straightness,14348,0.007825245260858475,0.20433504038451863,0.9195151930204304,0.9860490229790937,0.9112356407080365,0.9975630798415986,0.999936958967612,0.9999990754232714
2,metrica:Home,1,metrica:Home:10,delta_x_m,8105,-14.878200000000003,-9.074538000000004,-1.5820499999999988,0.13545000000000051,0.03607386181369524,2.050049999999999,6.264689999999999,14.3601
2,metrica:Home,1,metrica:Home:10,delta_y_m,8105,-15.122422857142858,-8.157913371428572,-1.3626228571428562,0.0560514285714282,-0.018934635057724494,1.527571428571429,6.0630004571428575,10.849885714285715
2,metrica:Home,1,metrica:Home:10,displacement_m,8105,0.009062008607363385,0.13544778198788648,2.003779358257692,2.6879555669193382,3.239270519683582,3.8824890213388032,11.861659714048036,16.32835336690414
2,metrica:Home,1,metrica:Home:10,path_length_m,8105,0.09031033661672125,0.20702859504846002,2.1318798135613153,2.7468988023036824,3.3795548987332675,4.100820209049425,12.035981572210238,16.605752930727185
2,metrica:Home,1,metrica:Home:10,straightness,8105,0.04455520406596746,0.3056766710857949,0.9589385018597253,0.9906528360030239,0.9376616506683085,0.9978481749286692,0.9999229535013988,0.9999999459305702
2,metrica:Home,2,metrica:Home:10,delta_x_m,5043,-10.152900000000002,-7.2140939999999985,-1.7837250000000007,-0.2604000000000042,-0.02206796549672809,1.0983000000000018,9.96738,15.796499999999998
2,metrica:Home,2,metrica:Home:10,delta_y_m,5043,-12.142760000000003,-6.770229599999998,-1.106942857142856,0.07285714285714295,-0.030784153423415776,1.2916600000000025,6.634035314285711,15.152439999999995
2,metrica:Home,2,metrica:Home:10,displacement_m,5043,0.020857842649706956,0.09897996554173555,1.3945330369038262,2.560002955454686,3.1182271039358667,3.9674019900800994,12.125768695240671,16.680698276247373
2,metrica:Home,2,metrica:Home:10,path_length_m,5043,0.0961899835255938,0.21304137488989963,1.6715805981225011,2.6221331397034677,3.262712376605017,4.134803769371972,12.655204146408563,16.685650786137842
2,metrica:Home,2,metrica:Home:10,straightness,5043,0.03402254764053162,0.2197208704099919,0.9232615783183227,0.9875490784770259,0.9100698812092792,0.9976247007675674,0.9998989911867929,0.9999998515239656
2,metrica:Home,2,metrica:Home:12,delta_x_m,5761,-11.72655,-8.79762,-1.5008999999999997,0,-0.02300845339350804,1.4787,12.10142999999999,15.0351
2,metrica:Home,2,metrica:Home:12,delta_y_m,5761,-11.50433714285714,-6.839167999999999,-0.9939657142857143,0.01515428571428501,0.06639848339821955,1.1078171428571464,7.146158857142816,10.166194285714283
2,metrica:Home,2,metrica:Home:12,displacement_m,5761,0,0,1.0663174235074195,2.3735118588496658,3.173225263631961,4.505913937351256,12.515167348583073,15.056022559615979
2,metrica:Home,2,metrica:Home:12,path_length_m,5761,0,0,1.2763541105391407,2.565808106107088,3.3830327834212284,4.814506419881281,12.559822105466255,15.06094246565583
2,metrica:Home,2,metrica:Home:12,straightness,5665,0.017699513643908624,0.20778127014455075,0.8931832409518531,0.9815384277084687,0.89800789008554,0.9968137624786264,0.999947090815378,0.9999949802370035
2,metrica:Home,2,metrica:Home:13,delta_x_m,6971,-12.875999999999998,-9.433979999999996,-1.552799999999999,0.019800000000003593,0.005524372399942636,1.5082500000000039,10.45113,16.060049999999997
2,metrica:Home,2,metrica:Home:13,delta_y_m,6971,-10.950040000000003,-7.385334285714284,-1.1072342857142843,0.0069942857142848425,-0.00613817160891037,1.1461400000000008,6.870807428571431,9.714091428571425
2,metrica:Home,2,metrica:Home:13,displacement_m,6971,0.004849679139396977,0.04739223235209275,1.1489534672765127,2.403186867739059,3.1959607038304276,4.477184968300709,11.848815707603615,16.316219340151587
2,metrica:Home,2,metrica:Home:13,path_length_m,6971,0.04226093212796323,0.11620705537460346,1.347910567876176,2.5504728064676843,3.369070350013424,4.701891732586768,11.918085230996267,16.346299290270803
2,metrica:Home,2,metrica:Home:13,straightness,6971,0.019823320430877256,0.18445822928347247,0.9029520761333197,0.9818301491252273,0.8999629110055292,0.9960107216572185,0.9998637720101076,0.9999996246958656
2,metrica:Home,2,metrica:Home:14,delta_x_m,3073,-14.993400000000001,-8.822687999999998,-1.8301499999999962,-0.008250000000003865,-0.07288965180605278,1.9301999999999992,8.041157999999994,12.1059
2,metrica:Home,2,metrica:Home:14,delta_y_m,3073,-9.145611428571424,-7.398520457142856,-1.2159371428571433,-0.08645714285714234,0.1276660090186416,1.546514285714286,6.998047085714274,9.639582857142859
2,metrica:Home,2,metrica:Home:14,displacement_m,3073,0.029364393404255496,0.16963662292357806,1.5561412743490388,2.670500958559145,3.3732854674413026,4.711233974115403,10.277692174797407,14.999288157029321
2,metrica:Home,2,metrica:Home:14,path_length_m,3073,0.14610457401815352,0.32097451483670225,1.760038108340391,2.8065452582474832,3.5088082898227655,4.846459659588706,10.421154460682839,15.223096692485505
2,metrica:Home,2,metrica:Home:14,straightness,3073,0.04179021332411775,0.311121333397651,0.9351463557203312,0.9886460616887118,0.9332181972691207,0.9975362373283196,0.9999018643491113,0.999999811438842
2,metrica:Home,1,metrica:Home:2,delta_x_m,12040,-9.31065,-6.9873195,-2.2751625000000004,-0.18360000000000198,-0.014601166943521579,1.8760125000000014,9.392356500000014,15.74655000000001
2,metrica:Home,1,metrica:Home:2,delta_y_m,12040,-9.850285714285716,-6.1490155999999985,-1.6549985714285722,-0.227557142857145,-0.012543305173232083,1.4766685714285703,7.181066171428573,9.712245714285716
2,metrica:Home,1,metrica:Home:2,displacement_m,12040,0.029313463647621264,0.23165267557528613,1.9898026368788806,3.0945329282448535,3.6313217079543283,4.93615945579709,9.928440450923004,16.2413726476944
2,metrica:Home,1,metrica:Home:2,path_length_m,12040,0.11280637056540865,0.45806712023578505,2.1514839756615602,3.2204147867945183,3.797506391630975,5.092104280670653,9.996364453478796,16.26854383845846
2,metrica:Home,1,metrica:Home:2,straightness,12040,0.041830710360378866,0.3232222040361093,0.9453079054128112,0.9875671813909057,0.9348237927856381,0.9970508121418461,0.9999996203690332,0.9999998446398328
2,metrica:Home,2,metrica:Home:2,delta_x_m,4158,-11.283749999999998,-8.272714500000006,-1.6633124999999986,-0.012300000000001088,-0.16986356421356422,1.3670625000000005,7.355181000000007,8.448899999999991
2,metrica:Home,2,metrica:Home:2,delta_y_m,4158,-6.193925714285713,-5.302752685714285,-1.0984671428571422,0,-0.0014515824915824606,1.0671871428571436,5.078449828571432,8.197982857142858
2,metrica:Home,2,metrica:Home:2,displacement_m,4158,0,0.01340776360778914,1.3301213323315173,2.256868182329829,2.7402497647853266,3.500066745789283,8.98787582739826,11.608299870489306
2,metrica:Home,2,metrica:Home:2,path_length_m,4158,0,0.06778565985179831,1.4763999235708238,2.3493739268214444,2.8510228618905034,3.6577554514441997,9.013639839323183,11.611617989137848
2,metrica:Home,2,metrica:Home:2,straightness,4121,0.024746921478293656,0.22778930198548172,0.934452924277164,0.9880743836500337,0.9221932251873687,0.9976038842029836,0.999999712392283,1
2,metrica:Home,1,metrica:Home:3,delta_x_m,13564,-8.202599999999997,-6.468750000000007,-2.291100000000001,-0.2886000000000024,-0.009632169713948651,1.6957125000000035,9.62068499999999,14.122349999999997
2,metrica:Home,1,metrica:Home:3,delta_y_m,13564,-13.110788571428573,-7.388301999999997,-1.3917900000000025,-0.032785714285715084,-0.01523966170956734,1.5908357142857164,6.265228571428552,11.683371428571427
2,metrica:Home,1,metrica:Home:3,displacement_m,13564,0.010519777389591665,0.16259112725294245,1.9225578754456787,2.9414249525761758,3.4767414344096066,4.674242771176831,10.99228244745884,16.713485959987334
2,metrica:Home,1,metrica:Home:3,path_length_m,13564,0.055003468105748084,0.300929195981252,2.084495117739018,3.051579371570202,3.610340302921584,4.77021818779685,11.073328875998387,16.826513671573736
2,metrica:Home,1,metrica:Home:3,straightness,13564,0.008394535645270484,0.3247816682397857,0.9477744636908944,0.9862588193912867,0.937496982119706,0.9965890591509092,0.9998899349607161,0.9999996940918394
2,metrica:Home,2,metrica:Home:3,delta_x_m,14558,-15.546599999999998,-9.805609500000001,-1.287712499999998,0.09015000000000029,-0.00864927531254295,1.8322874999999943,6.440404500000001,9.1812
2,metrica:Home,2,metrica:Home:3,delta_y_m,14558,-11.196491428571427,-5.729144742857142,-1.2246800000000002,-0.055274285714287,0.006916160383098143,0.988501428571429,7.669317828571434,12.416314285714286
2,metrica:Home,2,metrica:Home:3,displacement_m,14558,0,0.06449310006170579,1.3118702969711415,2.4724524609037024,3.0203406748841157,4.02535074707444,11.113669792824874,15.958933647985958
2,metrica:Home,2,metrica:Home:3,path_length_m,14558,0,0.15084546735374182,1.469017090676527,2.590922543327517,3.150380793609791,4.180996091889078,11.200760310378625,16.23079903226285
2,metrica:Home,2,metrica:Home:3,straightness,14489,0.0057257782829533786,0.24485240012813156,0.9258834196972695,0.9830078562541533,0.9180802149297546,0.9961888448265859,0.9998759196362359,0.999999681633408
2,metrica:Home,1,metrica:Home:4,delta_x_m,4248,-10.4604,-8.200521000000004,-2.6800125000000015,0,-0.11395840395480225,2.2814999999999994,8.627047499999989,10.257749999999998
2,metrica:Home,1,metrica:Home:4,delta_y_m,4248,-9.003879999999997,-7.195892114285715,-1.4864314285714317,0.1387685714285709,0.06328326607479148,1.8615971428571472,5.694309314285711,6.779794285714285
2,metrica:Home,1,metrica:Home:4,displacement_m,4248,0,0.20013404637438748,2.3306122926683503,3.3424648453179757,3.9370546148809726,5.487802732663853,9.957678277212164,11.002723382171046
2,metrica:Home,1,metrica:Home:4,path_length_m,4248,0,0.4067869471042203,2.5298888152065393,3.5142750135784473,4.115953281589578,5.630083231698936,9.998083286400584,11.077626074405725
2,metrica:Home,1,metrica:Home:4,straightness,4216,0.00904713243147802,0.3527146532465003,0.9496063329755019,0.988948657486813,0.9407852025901583,0.9975228583485894,0.99987500583308,0.9999887716959242
2,metrica:Home,2,metrica:Home:4,delta_x_m,1913,-12.5367,-11.662481999999997,-1.0365000000000073,0.25844999999999985,0.18493322007318347,1.9205999999999968,7.637723999999996,8.308800000000002
2,metrica:Home,2,metrica:Home:4,delta_y_m,1913,-6.653702857142854,-5.302643885714285,-1.8613542857142846,-0.2529600000000025,-0.21598564110223278,1.093440000000002,7.608586057142849,9.291228571428569
2,metrica:Home,2,metrica:Home:4,displacement_m,1913,0.017177220380493907,0.23829456875528587,1.8115034375155317,2.7428081487648077,3.237918339861043,4.1076898217857245,11.751432080194597,12.620556554986077
2,metrica:Home,2,metrica:Home:4,path_length_m,1913,0.24988593141849316,0.4638803261775253,1.9719438482780123,2.8023555834803955,3.3910590176082724,4.351436334076146,11.769704533769922,12.626171852067511
2,metrica:Home,2,metrica:Home:4,straightness,1913,0.05594042792063635,0.28815042539817504,0.9369345072892239,0.9871656566993967,0.9284309576070561,0.9972049643807995,0.9999777803788462,0.9999982515280079
2,metrica:Home,1,metrica:Home:5,delta_x_m,2723,-10.951800000000006,-9.881655000000004,-2.965200000000001,0.015449999999996855,-0.04699269188395154,2.81715,11.660796000000005,13.740300000000001
2,metrica:Home,1,metrica:Home:5,delta_y_m,2723,-9.770337142857144,-8.920273028571426,-1.837894285714287,-0.14250857142857054,-0.05234687162268503,1.8898171428571433,8.423585485714288,10.963931428571433
2,metrica:Home,1,metrica:Home:5,displacement_m,2723,0.045833276922660725,0.24841069959303352,2.8554967251189067,3.901512582585566,4.796379127106485,6.836669858653904,12.400524907864138,13.748052216668249
2,metrica:Home,1,metrica:Home:5,path_length_m,2723,0.12396153291004194,0.43871805008186826,2.9679216939583686,4.1478459859860335,4.958001195929418,6.923888026146759,12.550960507986995,13.781258649921087
2,metrica:Home,1,metrica:Home:5,straightness,2723,0.03910013874065599,0.3738382058050592,0.9638734040981098,0.9919801286143639,0.9482714224284431,0.9980673634997143,0.9999170634833471,0.9999869316013884
2,metrica:Home,2,metrica:Home:5,delta_x_m,2917,-11.669849999999997,-9.979547999999998,-1.9683000000000064,0.023849999999999483,0.032877356873500185,2.2603499999999994,11.118360000000004,13.491149999999996
2,metrica:Home,2,metrica:Home:5,delta_y_m,2917,-12.307514285714287,-10.48762057142857,-0.862045714285717,0.1247314285714296,-0.03882970174837164,2.026885714285715,6.202785142857151,7.369354285714284
2,metrica:Home,2,metrica:Home:5,displacement_m,2917,0,0,1.9134033461727034,3.2163802619261546,3.9730902954242557,5.966205002601003,12.299579745961283,15.514210554249932
2,metrica:Home,2,metrica:Home:5,path_length_m,2917,0,0,1.9898253265365622,3.299581076284094,4.099092921812484,6.082418271593672,12.358316582492172,15.673815996768795
2,metrica:Home,2,metrica:Home:5,straightness,2797,0.06541334113553142,0.24391475069747498,0.9562379658138934,0.9921402455700105,0.9380336836478234,0.9986048992435944,0.9999996080625201,0.9999997539306271
2,metrica:Home,1,metrica:Home:6,delta_x_m,8087,-9.64875,-6.834206999999996,-2.3911499999999997,-0.43425000000000225,0.010411969828119181,1.9223249999999974,11.078373000000006,13.776000000000002
2,metrica:Home,1,metrica:Home:6,delta_y_m,8087,-10.728748571428564,-8.024924799999997,-1.8668914285714284,-0.20516571428571417,-0.00677485841473973,1.6141257142857137,9.189055657142859,16.02993142857143
2,metrica:Home,1,metrica:Home:6,displacement_m,8087,0.020223145004611743,0.2337360126763265,2.140983023599677,3.3920154022669657,4.199314184103528,5.948408646204024,13.075560568513326,16.068410015530535
2,metrica:Home,1,metrica:Home:6,path_length_m,8087,0.07270142318977481,0.34894222267171093,2.3188549429428162,3.6212373931474278,4.35656388509108,6.068558225026003,13.15599125422371,16.105539456377052
2,metrica:Home,1,metrica:Home:6,straightness,8087,0.06688126115319289,0.41048097564320607,0.9518170584005942,0.9872408209573854,0.9443687273124882,0.996960565968543,0.9999748717399308,0.99999993127495
2,metrica:Home,2,metrica:Home:6,delta_x_m,14632,-15.523499999999991,-10.084274999999998,-1.4586375,0.10439999999999772,-0.0019298660470202175,1.9692750000000072,7.154437500000003,9.664650000000002
2,metrica:Home,2,metrica:Home:6,delta_y_m,14632,-11.97965714285714,-8.420020342857143,-1.2660385714285705,0.06426000000000043,-0.002018263688198069,1.3926642857142872,8.37705211428572,11.612359999999997
2,metrica:Home,2,metrica:Home:6,displacement_m,14632,0.005016299961733196,0.06109095451475706,1.361044884240183,2.9020989534789994,3.5451664512410974,5.389094883250259,11.471065654723128,16.22781613514585
2,metrica:Home,2,metrica:Home:6,path_length_m,14632,0.048419446865426694,0.12292691866778098,1.5181230985402336,3.019424000538612,3.690550341784525,5.5686418786914125,11.595863645793536,16.3709103785185
2,metrica:Home,2,metrica:Home:6,straightness,14632,0.03578036745587673,0.22266814510708696,0.9297515525502322,0.9862522272302015,0.9169953193402339,0.9974013767612798,0.9999997003863298,0.9999998950490492
2,metrica:Home,1,metrica:Home:7,delta_x_m,13518,-12.316199999999995,-9.2926545,-2.544787499999998,-0.19950000000000223,-0.011182101642254754,2.448525000000002,10.044134999999999,14.138549999999997
2,metrica:Home,1,metrica:Home:7,delta_y_m,13518,-10.29014857142857,-8.076390114285715,-1.7036428571428597,0.007188571428572654,-0.0192731198613489,1.8416100000000002,7.056549428571427,11.411760000000001
2,metrica:Home,1,metrica:Home:7,displacement_m,13518,0.05408583503117714,0.33555538425353004,2.3685696770989706,3.5447932401097706,4.245895945075551,5.885661621165932,11.712221000914322,15.667478763750514
2,metrica:Home,1,metrica:Home:7,path_length_m,13518,0.1922151594079004,0.5409119852302029,2.487819549796864,3.710235404719058,4.391774928218988,6.027447121844677,11.752560723989356,15.671800282542751
2,metrica:Home,1,metrica:Home:7,straightness,13518,0.03050083725507608,0.3789675446032165,0.9569774353788789,0.9904068414510753,0.9468299856038508,0.9980122381634784,0.9999185489450618,0.9999995879580997
2,metrica:Home,2,metrica:Home:7,delta_x_m,181,-9.84645,-9.658050000000001,0,0,-0.6722627071823205,0,1.3049099999999951,1.9687500000000018
2,metrica:Home,2,metrica:Home:7,delta_y_m,181,0,0,0,0,0.37995201262825573,0.6624171428571453,2.655943999999998,2.992680000000002
2,metrica:Home,2,metrica:Home:7,displacement_m,181,0,0,0,0,0.9725506667678122,1.3674558166827877,9.707542648372787,9.949028597365778
2,metrica:Home,2,metrica:Home:7,path_length_m,181,0,0,0,0,1.0304025881949996,1.8104143174707903,9.751365440222486,10.116897495457465
2,metrica:Home,2,metrica:Home:7,straightness,58,0.3673967760997791,0.3685543971183912,0.9218577299940411,0.9545107789208007,0.9136722557344433,0.9858892356843432,0.9994955887064032,0.9995569399465233
2,metrica:Home,1,metrica:Home:8,delta_x_m,10983,-12.8475,-10.252692,-2.3171999999999993,-0.003899999999998016,0.019880824911226433,2.326575000000002,9.71523900000001,16.0377
2,metrica:Home,1,metrica:Home:8,delta_y_m,10983,-12.347439999999997,-8.629306857142861,-1.552100000000002,0.10335999999999501,-0.009731303182841041,1.7513400000000003,6.328400571428578,8.98377142857143
2,metrica:Home,1,metrica:Home:8,displacement_m,10983,0.004575559740484669,0.15021522134996382,2.083609065462169,3.3238462483461695,4.012250509822459,5.564985765055553,12.027304150127431,16.038533310038556
2,metrica:Home,1,metrica:Home:8,path_length_m,10983,0.07055257994280616,0.27963970581962766,2.276815781740529,3.5082433770340526,4.168656805616914,5.699482699114718,12.05305074090817,16.303818787515457
2,metrica:Home,1,metrica:Home:8,straightness,10983,0.03758428902108458,0.34292225774997986,0.9482851776675517,0.9913566121477108,0.9391985773941345,0.9983669037463858,0.9999510098298655,0.9999991696407978
2,metrica:Home,2,metrica:Home:8,delta_x_m,2047,-10.419450000000001,-9.237020999999999,-2.323125,-0.42899999999999805,-0.1482059355153884,1.694250000000002,10.501068,12.130350000000002
2,metrica:Home,2,metrica:Home:8,delta_y_m,2047,-9.919160000000003,-6.4664794285714295,-2.355471428571425,-0.36098285714285616,-0.29812008653779054,1.5474371428571416,7.260867085714288,9.125599999999995
2,metrica:Home,2,metrica:Home:8,displacement_m,2047,0.026763228504799966,0.374840276465413,2.2104937048333353,3.3531442039025583,3.980073131687863,5.191055930478276,11.291922362530915,12.232572821611086
2,metrica:Home,2,metrica:Home:8,path_length_m,2047,0.12399528156533944,0.7478462138226031,2.351435156666302,3.433505576628886,4.112950449534316,5.288962124755841,11.315873122700008,12.264060220095466
2,metrica:Home,2,metrica:Home:8,straightness,2047,0.011034367065083346,0.4034560180359656,0.9603156003369369,0.9909580109008725,0.9465681051196417,0.9980804458678149,0.9998890186459629,0.9999825238162068
2,metrica:Home,1,metrica:Home:9,delta_x_m,9670,-12.568649999999998,-8.611708500000002,-1.8275249999999983,0.10275000000000256,-0.05728164943123058,1.9500749999999993,6.420881999999994,8.973450000000007
2,metrica:Home,1,metrica:Home:9,delta_y_m,9670,-11.940508571428571,-7.547434628571426,-1.5291742857142867,-0.041625714285713045,-0.00459440508199143,1.4422800000000002,7.676027485714285,12.19550857142857
2,metrica:Home,1,metrica:Home:9,displacement_m,9670,0.007527944674369018,0.07462335111460348,1.99825629521431,2.7074907960374976,3.3270423318555506,4.1519301036659275,10.652571987329784,13.900554787518962
2,metrica:Home,1,metrica:Home:9,path_length_m,9670,0.046756466907527265,0.14070828740826136,2.1097850305604213,2.7911582285057905,3.4564846424281757,4.312592398107651,10.694406925963698,13.919435439205829
2,metrica:Home,1,metrica:Home:9,straightness,9670,0.03704342854035941,0.2943430455605913,0.947965386932552,0.9888611637470732,0.9358044018646228,0.9974572569008198,0.9999283262590034,0.9999997404024693
2,metrica:Home,2,metrica:Home:9,delta_x_m,13068,-12.4878,-7.8966135,-1.9326374999999985,-0.08909999999999663,-0.055858930211202945,1.3104375000000017,9.889990499999996,15.247650000000002
2,metrica:Home,2,metrica:Home:9,delta_y_m,13068,-14.58405714285714,-8.035906800000001,-1.077217142857143,0.09743428571428514,0.022065009838646194,1.2880171428571439,8.096201428571426,11.676474285714285
2,metrica:Home,2,metrica:Home:9,displacement_m,13068,0.0046689254980227714,0.0715560050857021,1.5658435694752735,2.497640963978995,3.201836652905952,3.827304357637751,12.519595540848233,16.62368565473514
2,metrica:Home,2,metrica:Home:9,path_length_m,13068,0.03460248898184227,0.15800377356689252,1.7122589747039356,2.5693908393335163,3.327309777167201,3.955756753079437,12.58895179926541,16.643819859944916
2,metrica:Home,2,metrica:Home:9,straightness,13068,0.02189588757342729,0.2270797535037606,0.9373398673988409,0.9857830362935499,0.9235341650376407,0.9970266538116035,0.9998612093761169,0.9999997962033722
4,metrica:Away,1,metrica:Away:15,delta_x_m,1961,-19.5951,-17.610719999999997,-4.00845,1.407149999999998,-0.12898898521162663,4.6647,10.532760000000001,12.475050000000003
4,metrica:Away,1,metrica:Away:15,delta_y_m,1961,-12.766028571428572,-11.317473142857144,-2.906611428571434,-0.5590571428571387,0.020019305019305007,3.6730685714285762,12.863404571428573,14.398999999999996
4,metrica:Away,1,metrica:Away:15,displacement_m,1961,0,0.978868525322881,4.273443613021415,6.027405453250975,6.82087643150712,8.84704138831342,20.788138063668843,23.579096791832466
4,metrica:Away,1,metrica:Away:15,path_length_m,1961,0,1.4772397074450447,5.032176336907508,6.624955960842667,7.59891352751539,9.778131928921086,20.886621165285305,23.599070864288876
4,metrica:Away,1,metrica:Away:15,straightness,1960,0.047697085815334654,0.31427361577475776,0.8349479228719874,0.9617905692491253,0.8874432390518053,0.9909493815339135,0.9997525797844643,0.9999561787950831
4,metrica:Away,2,metrica:Away:15,delta_x_m,1251,-20.0379,-19.136024999999993,-0.35437500000000455,1.121850000000002,0.5093565947242206,4.260974999999998,9.525075,10.674000000000003
4,metrica:Away,2,metrica:Away:15,delta_y_m,1251,-9.912554285714284,-8.028128571428567,-1.4795342857142866,-0.10306857142856884,0.11049879639145836,0.6410942857142778,12.600594285714283,13.844120000000004
4,metrica:Away,2,metrica:Away:15,displacement_m,1251,0,0,1.7645100260199356,4.361678659808697,5.060273758331379,6.540093894701219,20.337905569879556,21.596482657586414
4,metrica:Away,2,metrica:Away:15,path_length_m,1251,0,0,2.678493172906198,4.818901420306103,5.587081690919111,6.619861000984493,20.678248091202576,22.110276160435497
4,metrica:Away,2,metrica:Away:15,straightness,1146,0.07186780931224519,0.12641082776655896,0.7995484382816872,0.9713375009863535,0.8598547107605226,0.9928648775426013,0.9988372581319972,1
4,metrica:Away,1,metrica:Away:16,delta_x_m,13530,-25.50705,-15.839223000000002,-3.154462500000002,-0.03502499999999764,-0.009828381374722826,3.4451624999999995,13.872340499999998,16.844549999999998
4,metrica:Away,1,metrica:Away:16,delta_y_m,13530,-16.94861142857143,-12.0992944,-2.734328571428572,-0.0911199999999972,-0.024283861894203364,2.8254728571428553,11.868745257142846,15.273868571428572
4,metrica:Away,1,metrica:Away:16,displacement_m,13530,0.006937389969710435,0.1310869701724654,3.3389303576669884,5.499130857776936,6.246500266804258,8.63567684324558,18.35648125687384,25.581816707786682
4,metrica:Away,1,metrica:Away:16,path_length_m,13530,0.12982202912233035,0.35925069073629357,4.281477659857794,6.48698215218191,7.1117184756233405,9.609957788070348,19.06937810577883,25.999244234062605
4,metrica:Away,1,metrica:Away:16,straightness,13530,0.021995828352084648,0.16483237558485225,0.7810710339891467,0.9305792411966576,0.84386729686848,0.9858956132099654,0.9996359094913613,0.9999537956791038
4,metrica:Away,2,metrica:Away:16,delta_x_m,14569,-18.416100000000004,-13.673538,-3.2579999999999956,-0.05100000000000726,-0.013456438327956531,2.550300000000007,17.30133,28.170899999999996
4,metrica:Away,2,metrica:Away:16,delta_y_m,14569,-18.92197142857142,-11.659567542857145,-2.0612742857142905,0.07363428571428754,0.00493274212368732,2.0471885714285705,10.97565462857142,15.168759999999997
4,metrica:Away,2,metrica:Away:16,displacement_m,14569,0.0023189177630574534,0.08200866866844767,2.382284817208909,4.63034622950375,5.553870179573425,7.652260176876116,19.848961225676945,28.470449441823547
4,metrica:Away,2,metrica:Away:16,path_length_m,14569,0.12587884868655724,0.29867555263729584,3.304559185039795,5.268102847642643,6.333923534999602,8.689816875664178,20.507881791516798,28.908437865582055
4,metrica:Away,2,metrica:Away:16,straightness,14569,0.0022306547174607244,0.12555868164751507,0.7482746206148239,0.9366850608601196,0.828161091461644,0.986984114188311,0.9994410718961652,0.999949599884683
4,metrica:Away,1,metrica:Away:17,delta_x_m,4662,-21.605850000000004,-14.103522,-4.123687500000001,-0.5302500000000006,-0.09709761904761909,4.090912500000002,14.203689000000006,16.213200000000004
4,metrica:Away,1,metrica:Away:17,delta_y_m,4662,-13.256211428571428,-10.072170685714282,-2.539751428571429,-0.12890857142857137,-0.04211926334497763,2.077642857142856,10.259316400000007,13.144108571428575
4,metrica:Away,1,metrica:Away:17,displacement_m,4662,0.06551293452285543,0.3998528552486499,3.3276086762912827,5.832814333117112,6.273595887432948,8.635317898110738,16.78088954426704,21.976395202794063
4,metrica:Away,1,metrica:Away:17,path_length_m,4662,0.2605211819051983,0.7847471186628794,4.487897739604207,6.559733506653263,7.110828690299341,9.4884802313093,16.951209283224763,23.307589528999117
4,metrica:Away,1,metrica:Away:17,straightness,4662,0.03478368572184914,0.18368146145755343,0.7809290382228118,0.9453710308700254,0.8517304966425673,0.9887193068416193,0.9994286708771852,0.9997332227596539
4,metrica:Away,2,metrica:Away:17,delta_x_m,14622,-20.1171,-12.562948499999994,-3.374775000000004,-0.0035249999999962256,-0.007981924497332775,2.340037499999999,19.21724999999995,25.481250000000003
4,metrica:Away,2,metrica:Away:17,delta_y_m,14622,-21.972257142857146,-11.61631274285714,-1.7975314285714288,0.0356028571428566,0.005437807608886788,2.0610799999999996,10.8364887428571,17.69855428571428
4,metrica:Away,2,metrica:Away:17,displacement_m,14622,0.005797294407653069,0.09919442271042751,2.283278648571295,4.446688657164067,5.39492955036523,7.2089883213743216,20.386319811352227,29.023582389893015
4,metrica:Away,2,metrica:Away:17,path_length_m,14622,0.14650596788872872,0.33222924466999765,3.034896604286623,5.128516907610626,6.041026628044754,8.051608212398662,20.711277030390608,29.652088732757925
4,metrica:Away,2,metrica:Away:17,straightness,14622,0.009602904461802142,0.16025216327937353,0.7774697395113155,0.9392392598957855,0.8438483172831752,0.9863957135729994,0.999692769586777,0.9999917427365074
4,metrica:Away,1,metrica:Away:18,delta_x_m,13567,-25.80285,-17.566245,-3.7547999999999995,-0.05864999999999654,-0.005620671482273175,3.9057000000000004,17.885814,28.300949999999993
4,metrica:Away,1,metrica:Away:18,delta_y_m,13567,-17.997365714285706,-11.264969371428569,-3.285031428571429,-0.38381142857142825,-0.015194683738904275,2.8392914285714297,13.532415771428571,17.834165714285714
4,metrica:Away,1,metrica:Away:18,displacement_m,13567,0.02390172058531849,0.5351774811158687,3.7054701300067485,5.787705167360712,6.986261319889029,9.350976446791616,22.607825657925314,29.040716978858722
4,metrica:Away,1,metrica:Away:18,path_length_m,13567,0.26614404251683,1.3674668131155452,4.583569589879386,6.561904144341517,7.929621109803369,10.491308732530783,22.93030778204573,29.333182038996906
4,metrica:Away,1,metrica:Away:18,straightness,13567,0.005042951422909916,0.1907910093861964,0.7949960884326759,0.9405443571982636,0.8536828016201055,0.9845690845829478,0.999313887223784,0.9998907519540914
4,metrica:Away,2,metrica:Away:18,delta_x_m,14539,-30.970800000000008,-18.241728000000002,-3.264299999999999,-0.1232999999999933,-0.037058996492193415,2.632724999999999,21.184106999999937,27.9651
4,metrica:Away,2,metrica:Away:18,delta_y_m,14539,-20.296154285714284,-13.111342285714283,-1.7986000000000015,0.17087428571428198,0.007548692875320572,2.403994285714286,10.080772685714274,14.56054857142857
4,metrica:Away,2,metrica:Away:18,displacement_m,14539,0.020411173610632317,0.23874738465740747,2.399630481262431,4.834063713181062,6.038122621533072,8.187979340818206,23.790170694557233,31.103108008431104
4,metrica:Away,2,metrica:Away:18,path_length_m,14539,0.08890250342406197,0.39597200336383587,3.08224036750972,5.501990797387662,6.783883957102435,9.216408411725478,24.469437678193938,31.203657774420147
4,metrica:Away,2,metrica:Away:18,straightness,14539,0.00880475615584013,0.18432663718063153,0.7946468320568192,0.9371348416048464,0.8502523270404821,0.9873377833798688,0.9999980593250304,0.9999999322960049
4,metrica:Away,1,metrica:Away:19,delta_x_m,13567,-23.097899999999996,-18.758286,-4.447199999999999,-0.2546999999999997,-0.009455119038844212,4.623224999999996,18.952527000000007,26.436749999999996
4,metrica:Away,1,metrica:Away:19,delta_y_m,13567,-17.43384,-12.273133485714284,-2.7933914285714296,-0.316005714285712,-0.0016899219745390621,2.9914657142857175,11.151539542857149,19.187851428571427
4,metrica:Away,1,metrica:Away:19,displacement_m,13567,0.013150907162007354,0.6171828322775698,4.171157806548617,6.094716774806029,7.471598572042457,10.12892881485935,22.166685787356993,26.765388095170213
4,metrica:Away,1,metrica:Away:19,path_length_m,13567,0.19145653986505143,0.9828362485903696,4.992364946610632,7.442678147224532,8.514543997127918,11.337099715710595,22.395007505535293,26.9086524008753
4,metrica:Away,1,metrica:Away:19,straightness,13567,0.011009458496013938,0.21006157042267337,0.8099153437400174,0.9482386219254367,0.8652862576099928,0.9906328491747067,0.9999993967831271,0.9999997364852141
4,metrica:Away,2,metrica:Away:19,delta_x_m,14529,-30.595499999999998,-18.185412000000003,-3.5188500000000076,-0.057150000000000034,-0.030880838323353237,3.3718499999999985,19.649075999999962,27.169799999999995
4,metrica:Away,2,metrica:Away:19,delta_y_m,14529,-16.986400000000003,-11.404058514285714,-2.3734914285714286,-0.008548571428573126,-0.028094317375101988,2.455577142857143,11.88257257142857,18.593628571428575
4,metrica:Away,2,metrica:Away:19,displacement_m,14529,0.0030681045135581126,0.09599313407339553,3.0613087303392055,5.140818395182521,6.485114315699831,9.046554431030636,24.01865587514855,31.079991392011653
4,metrica:Away,2,metrica:Away:19,path_length_m,14529,0.1260469558753666,0.3420168848066672,3.7723759341630085,5.9369241446825125,7.297578564537381,10.238703395162123,24.470032670398364,31.286576201701415
4,metrica:Away,2,metrica:Away:19,straightness,14529,0.01489676704239408,0.14318081540242567,0.7870074963613243,0.9472342228236885,0.8495384562156346,0.9902453776931109,0.9996880902833725,0.9999668174419204
4,metrica:Away,1,metrica:Away:20,delta_x_m,6882,-18.8814,-16.335599999999996,-4.397775000000002,-0.2357250000000004,-0.0060599825632083335,3.918975000000004,16.156199999999977,22.74855
4,metrica:Away,1,metrica:Away:20,delta_y_m,6882,-15.180514285714287,-11.989523942857142,-2.8777599999999985,-0.33271428571428796,-0.006130939510939503,2.602797142857146,14.06085348571428,16.943268571428572
4,metrica:Away,1,metrica:Away:20,displacement_m,6882,0.06531681759871914,0.6051700306697017,3.698506132230124,6.222681909915096,7.2984771936263275,10.623904251065742,18.8518734303643,22.840653815380573
4,metrica:Away,1,metrica:Away:20,path_length_m,6882,0.46856960677881576,1.2176986303589679,4.552582719701708,7.526093147526181,8.198208731412318,11.3903856181494,19.995631665279276,22.891369388419786
4,metrica:Away,1,metrica:Away:20,straightness,6882,0.015368954919048196,0.22197444234581415,0.8134287575009026,0.946187819950756,0.8639438444266342,0.9875988989336647,0.9995463656743139,0.9999238863976239
4,metrica:Away,2,metrica:Away:20,delta_x_m,5534,-21.854400000000005,-17.7685845,-3.2019375000000014,0.22972500000000018,0.08595395735453559,3.263475,17.505235500000005,20.858249999999995
4,metrica:Away,2,metrica:Away:20,delta_y_m,5534,-21.888617142857143,-9.818379142857145,-2.596167142857144,-0.07946285714285728,-0.03964406319376326,1.7278071428571409,13.256295942857143,17.49028
4,metrica:Away,2,metrica:Away:20,displacement_m,5534,0,0.05337474412636533,2.701000715881392,4.922810681755413,6.002536157903409,8.236297646231332,20.211579826438346,23.093739566331806
4,metrica:Away,2,metrica:Away:20,path_length_m,5534,0,0.1579760184192315,3.4727293324885133,5.3715287289115725,6.742305860024198,9.693562633252114,20.479290768114318,23.65520959117063
4,metrica:Away,2,metrica:Away:20,straightness,5489,0.005044079997068193,0.1374655806608828,0.7969712240488979,0.9410611762878147,0.8500490678146667,0.9903442083962181,0.9997239471638103,0.9999419339589962
4,metrica:Away,1,metrica:Away:21,delta_x_m,13566,-23.782049999999998,-15.892117499999998,-3.3229874999999995,0.08505000000000085,-0.001203748341441863,3.9626250000000005,13.79085000000001,18.497400000000003
4,metrica:Away,1,metrica:Away:21,delta_y_m,13566,-17.6766,-13.858147428571428,-3.148764285714285,-0.09364571428571455,-0.022072237737200143,3.087928571428569,13.961230571428576,23.827394285714284
4,metrica:Away,1,metrica:Away:21,displacement_m,13566,0.019178154238614898,0.3861100492949793,3.8197269494052053,6.053756414269899,6.928176982173225,9.54166627177422,18.484405945934498,25.808566863813866
4,metrica:Away,1,metrica:Away:21,path_length_m,13566,0.16995115574471695,0.9366691066237477,4.682239120394349,6.973573414843564,7.762630317168501,10.405630481706122,18.777035540645542,26.04912817148618
4,metrica:Away,1,metrica:Away:21,straightness,13566,0.020103675659527743,0.19993805044689536,0.821169694446407,0.9451731720244092,0.8639316621018366,0.9871650904353761,0.9995914742127507,0.9999279698733783
4,metrica:Away,2,metrica:Away:21,delta_x_m,14573,-19.9542,-14.963963999999997,-3.370199999999997,-0.08940000000000076,-0.01630026418719547,2.65095,19.34533200000001,26.1546
4,metrica:Away,2,metrica:Away:21,delta_y_m,14573,-21.421554285714286,-14.195610057142853,-2.1076114285714276,0.07878285714285693,-0.053813603238866387,2.295777142857144,12.35065737142857,19.870182857142854
4,metrica:Away,2,metrica:Away:21,displacement_m,14573,0.0027958292552466672,0.10130649532850299,2.297773947193243,4.885358465088965,5.79821008672835,7.805237569661744,21.37836233954561,29.69246355302043
4,metrica:Away,2,metrica:Away:21,path_length_m,14573,0.15782656025943811,0.36684287797191967,3.0502560165351853,5.383817946297162,6.436562530447137,8.647805417982685,22.190759739734847,29.718626148210397
4,metrica:Away,2,metrica:Away:21,straightness,14573,0.006938635806810074,0.12583814905020846,0.7846553126587651,0.9389284105592771,0.8418067212177808,0.9870944987220386,0.9995417621330699,0.999949161404308
4,metrica:Away,1,metrica:Away:22,delta_x_m,13566,-21.78915,-14.6228625,-4.117912500000003,-0.3010500000000018,-0.023121671826625417,3.7922624999999996,19.584742500000004,27.761100000000003
4,metrica:Away,1,metrica:Away:22,delta_y_m,13566,-22.597954285714287,-11.87958057142857,-2.7631557142857153,-0.24232285714285684,-0.03741711421410671,2.3407785714285723,13.720394000000008,21.699965714285717
4,metrica:Away,1,metrica:Away:22,displacement_m,13566,0.010653719193457107,0.34623254808701753,3.548213629853959,5.473468467612173,6.633685161259703,8.834757086709569,22.090884531827676,29.06750073761866
4,metrica:Away,1,metrica:Away:22,path_length_m,13566,0.290024796929875,0.7951792960471711,4.244224976961002,6.022978065982505,7.363019845923025,9.726870624117105,22.816142617085067,29.100834558971336
4,metrica:Away,1,metrica:Away:22,straightness,13566,0.01566396737342949,0.2148152240491624,0.8407605839191473,0.9555082901621184,0.8738408776765931,0.9897142348794834,0.9991059148091568,0.9996977385848598
4,metrica:Away,2,metrica:Away:22,delta_x_m,3988,-23.8278,-15.650526000000003,-3.5555624999999975,-0.0053999999999986975,-0.07448271063189571,2.855887499999996,19.440301500000025,25.6047
4,metrica:Away,2,metrica:Away:22,delta_y_m,3988,-20.844428571428573,-14.951185257142855,-1.971902857142859,0.1575657142857132,-0.053235430577446556,2.4496514285714284,9.403669485714286,14.03918285714286
4,metrica:Away,2,metrica:Away:22,displacement_m,3988,0.0028593363009016643,0.061514373586588726,2.3240851054738068,4.9783710928539415,6.0409645822444356,8.245388482931844,21.20545950113525,27.90872097505216
4,metrica:Away,2,metrica:Away:22,path_length_m,3988,0.10059863620377688,0.14511267558331725,3.0135293973034294,5.530462733101116,6.615058274411506,8.903864827135203,21.91347515927221,29.38789089944851
4,metrica:Away,2,metrica:Away:22,straightness,3988,0.01795838344679004,0.16454515056447006,0.8108656909452646,0.9616861721708999,0.8598160201349186,0.9931385627217156,0.9995093894006096,0.9999891021274924
4,metrica:Away,1,metrica:Away:23,delta_x_m,13567,-18.52545,-13.284156000000003,-4.192275,-0.5320500000000052,0.004067667870568301,3.219599999999999,19.82518500000001,27.92895
4,metrica:Away,1,metrica:Away:23,delta_y_m,13567,-20.957017142857143,-14.474037028571429,-3.0097285714285715,-0.258497142857145,-0.03949012161863344,2.8037371428571456,14.787923085714295,23.528777142857145
4,metrica:Away,1,metrica:Away:23,displacement_m,13567,0.014681433506164123,0.21915243289143288,3.662355520852377,5.738074445779539,6.849620173983206,9.005945203951693,22.791260348030413,31.30224405590625
4,metrica:Away,1,metrica:Away:23,path_length_m,13567,0.2542638122754423,0.6244066707493925,4.344952708465028,6.371792478941634,7.705368177399674,10.161777979828848,23.856247704118214,31.761420599022024
4,metrica:Away,1,metrica:Away:23,straightness,13567,0.012865085876932978,0.16201925913623774,0.8189433528255479,0.9509071781171241,0.8633968667144257,0.9893815517077722,0.9999995487676927,0.9999998855846162
4,metrica:Away,2,metrica:Away:23,delta_x_m,14566,-27.042900000000003,-19.782577499999995,-2.1375000000000015,0.08947499999999814,-0.03450395441438972,3.3082125,13.896652499999997,23.6784
4,metrica:Away,2,metrica:Away:23,delta_y_m,14566,-19.390005714285714,-13.089995142857136,-1.5784500000000012,0.09214000000000144,0.00017247092053900806,1.9308114285714255,10.813758285714302,18.86902857142857
4,metrica:Away,2,metrica:Away:23,displacement_m,14566,0,0.043335660604322424,1.8307483559239792,4.418840292042299,5.415054446591627,7.149810654209415,22.380960946862437,28.02626753583688
4,metrica:Away,2,metrica:Away:23,path_length_m,14566,0,0.19548580728872225,2.4930975289889403,4.909210448730292,6.019286176178095,8.177750037302498,22.56679834384669,28.222601854572186
4,metrica:Away,2,metrica:Away:23,straightness,14515,0.015382348305410902,0.12351189402896708,0.7364846965719776,0.9381887650306344,0.8263208244438711,0.9883641323801109,0.9995532945250041,0.9999690166127474
4,metrica:Away,1,metrica:Away:24,delta_x_m,13545,-19.729949999999995,-13.807686000000006,-4.046549999999996,-0.5449500000000072,-0.004602569213732049,3.7423499999999947,18.89170799999997,30.9306
4,metrica:Away,1,metrica:Away:24,delta_y_m,13545,-20.71299428571428,-13.735428800000003,-3.0918628571428544,-0.04390857142857285,-0.021526670674471313,2.77342857142857,15.47619771428569,22.821965714285714
4,metrica:Away,1,metrica:Away:24,displacement_m,13545,0.007504025586309342,0.2135473360268679,3.8694143265866336,5.746985158062429,7.0988277254239005,9.6698500639331,21.948195191696296,33.189689134893456
4,metrica:Away,1,metrica:Away:24,path_length_m,13545,0.10504536925853236,0.5267774249487202,4.489414285746242,6.647068815369967,7.933740755867376,10.627849162681942,22.65834014371528,33.58171986016346
4,metrica:Away,1,metrica:Away:24,straightness,13545,0.008569319799387043,0.20716990844195118,0.8259517832737727,0.9526300899672048,0.8698410144275347,0.9899713373305266,0.9999992825963295,0.9999995604163668
4,metrica:Away,2,metrica:Away:24,delta_x_m,14597,-30.770100000000003,-20.822543999999997,-2.0933999999999973,0.15465000000000373,-0.01783951839419055,3.301350000000003,12.509945999999989,22.564950000000003
4,metrica:Away,2,metrica:Away:24,delta_y_m,14597,-16.228491428571424,-10.722904457142855,-2.2123314285714306,-0.08908000000000094,0.023642775912858776,1.7436171428571399,13.697030171428556,24.139902857142857
4,metrica:Away,2,metrica:Away:24,displacement_m,14597,0,0.046233987721468923,2.2169429878173776,4.4439897445575465,5.528685630646092,7.4313563475549245,22.620626704669213,30.845893533687757
4,metrica:Away,2,metrica:Away:24,path_length_m,14597,0,0.21031914942535318,2.818152576541312,4.834957990038946,6.1259093900803565,8.35859226179772,22.947166011972637,31.943941336963203
4,metrica:Away,2,metrica:Away:24,straightness,14514,0.012901928001464339,0.14632223172769926,0.7966162973484624,0.9520365498147301,0.8498656237121224,0.98839466488797,0.999936968678268,0.9999995566276062
4,metrica:Away,2,metrica:Away:26,delta_x_m,10582,-30.041999999999994,-21.204724499999998,-2.674274999999999,0.14332499999999726,-0.011102962577962498,3.3706499999999986,17.81471850000004,27.915
4,metrica:Away,2,metrica:Away:26,delta_y_m,10582,-19.87338857142857,-13.456967828571427,-2.237127142857142,0.016368571428570178,0.059827983367983374,2.4466885714285707,13.517133257142861,25.574605714285713
4,metrica:Away,2,metrica:Away:26,displacement_m,10582,0.0020454030090409046,0.08307402163854934,2.6139615545152175,4.818268609559992,6.228187982273847,8.529075313941272,25.073669379212365,34.15533367696618
4,metrica:Away,2,metrica:Away:26,path_length_m,10582,0.17605290690944353,0.3295312922259385,3.2642024479410523,5.444285103731996,7.037735009855744,9.740826652621685,25.390054657831055,34.1761122653822
4,metrica:Away,2,metrica:Away:26,straightness,10582,0.002009218507286965,0.14650161667714348,0.7756947748209335,0.9384118869541339,0.8409704570122338,0.9867646262914602,0.9996450415438437,0.9999471387180244
4,metrica:Home,1,metrica:Home:1,delta_x_m,13454,-24.666900000000002,-14.942787,-4.688812499999999,-0.109949999999996,-0.007453095733610848,4.129162500000003,19.329149999999988,27.00255
4,metrica:Home,1,metrica:Home:1,delta_y_m,13454,-15.447074285714287,-11.558094057142858,-3.198890000000002,-0.1493571428571414,-0.06154576185521037,2.6456128571428574,13.873959371428544,19.283245714285712
4,metrica:Home,1,metrica:Home:1,displacement_m,13454,0.0397564848772656,0.36526276593948936,3.8900951747713766,6.1012493598709625,7.286990414650221,9.938853431972348,22.231620160383738,27.16482552019247
4,metrica:Home,1,metrica:Home:1,path_length_m,13454,0.308665582250422,1.1442540383780528,4.791355037057649,6.832997179282591,8.093887685254467,10.685771507108493,22.759017821202153,27.24818944455975
4,metrica:Home,1,metrica:Home:1,straightness,13454,0.006757877419815069,0.17013239816172301,0.822527836229396,0.9521863798662109,0.864942153483835,0.989705826776904,0.9994666439787238,0.9998889571259909
4,metrica:Home,2,metrica:Home:1,delta_x_m,14322,-28.025549999999996,-18.202154999999998,-2.8812749999999983,0,-0.0054067762882279696,3.133387499999999,16.923148499999986,20.496
4,metrica:Home,2,metrica:Home:1,delta_y_m,14322,-18.934794285714286,-13.107924799999997,-2.034681428571432,0.06484285714285909,0.073874456879526,2.618849999999999,10.742944057142832,15.191005714285716
4,metrica:Home,2,metrica:Home:1,displacement_m,14322,0,0.054963028862114405,2.314459388534572,4.76487927039882,6.029673662638047,8.742799463043292,20.458873037926764,29.33958175220527
4,metrica:Home,2,metrica:Home:1,path_length_m,14322,0,0.21112527141079082,3.094245785841782,5.4349276735149346,6.668328682096452,9.578074792939264,20.59721534160631,29.342438314303937
4,metrica:Home,2,metrica:Home:1,straightness,14278,0.011481843836355352,0.141204800859034,0.7718506544136648,0.9407345798976465,0.8392498019148016,0.9888180350185193,0.9997088270645968,0.9999963613197314
4,metrica:Home,1,metrica:Home:10,delta_x_m,8095,-24.9765,-17.310582,-3.1234499999999987,0.24164999999999992,0.06808936380481784,3.8859749999999993,11.913863999999975,26.08995
4,metrica:Home,1,metrica:Home:10,delta_y_m,8095,-26.419651428571434,-14.84756102857143,-2.5386828571428555,0.05022285714285957,-0.03607960116474012,2.843954285714286,10.572929485714278,20.487428571428573
4,metrica:Home,1,metrica:Home:10,displacement_m,8095,0.006719732744927211,0.19332787397512946,3.7524573925680835,5.207198389009198,6.047463147509264,7.2484431726040315,21.083246948621664,30.94708575112555
4,metrica:Home,1,metrica:Home:10,path_length_m,8095,0.2478230540983593,0.6088972072878129,4.427727472120965,5.586293550135176,6.760885099009335,8.278947516411188,21.81179283532734,31.48454829238865
4,metrica:Home,1,metrica:Home:10,straightness,8095,0.012645486025696677,0.14100115199316016,0.8385915590605222,0.9605705239112088,0.8720606604575932,0.9902169605086439,0.9995714033176456,0.9999999284692399
4,metrica:Home,2,metrica:Home:10,delta_x_m,5003,-15.785099999999993,-14.090934000000004,-3.319950000000002,-0.4404000000000039,-0.02463145112932249,2.1777749999999987,19.42990799999998,29.523750000000003
4,metrica:Home,2,metrica:Home:10,delta_y_m,5003,-23.45786285714286,-13.225333599999997,-1.940622857142856,0.24178857142856947,-0.052074998429513596,2.3811657142857148,12.59297439999999,25.721582857142856
4,metrica:Home,2,metrica:Home:10,displacement_m,5003,0.019143690866704793,0.20656402059434625,2.3132854183701936,5.00196804149127,5.892677267162641,7.5291165902867,23.148694440401606,30.79064859523543
4,metrica:Home,2,metrica:Home:10,path_length_m,5003,0.20498449151765769,0.6981737578512504,3.438229996270592,5.327257090577697,6.529721617960207,8.291844678838642,24.546091237926372,31.04411205329373
4,metrica:Home,2,metrica:Home:10,straightness,5003,0.005331223909817768,0.11325153908011325,0.7739238871349736,0.9514311729318614,0.8392354033003901,0.9917093478256757,0.9996143276410027,0.9998913198071837
4,metrica:Home,2,metrica:Home:12,delta_x_m,5691,-20.82225,-16.815929999999998,-2.821349999999998,0,-0.05466989984185552,2.7704999999999993,22.762125,29.094449999999995
4,metrica:Home,2,metrica:Home:12,delta_y_m,5691,-21.142559999999996,-12.393136,-1.7556142857142842,0,0.11476222607124034,1.8697085714285728,13.167753142857173,17.84048
4,metrica:Home,2,metrica:Home:12,displacement_m,5691,0,0,1.8521144042673225,4.402571877504074,5.792650744475006,8.35659212003159,23.454576315214755,29.196483125255273
4,metrica:Home,2,metrica:Home:12,path_length_m,5691,0,0,2.7463378241638567,5.272010248262081,6.8032656697044,9.801957247892187,23.869872653148192,29.244663553102804
4,metrica:Home,2,metrica:Home:12,straightness,5605,0.014037948638654756,0.08985594530970156,0.6884304353970372,0.9193005694214715,0.801367567201356,0.984639000344985,0.999653018729025,0.9999538495902216
4,metrica:Home,2,metrica:Home:13,delta_x_m,6941,-24.28845,-16.905839999999998,-2.8656000000000015,0.025199999999999223,0.021234930125342222,2.932500000000001,19.621530000000025,29.5815
4,metrica:Home,2,metrica:Home:13,delta_y_m,6941,-18.20748571428571,-13.258737142857145,-1.995508571428573,0.00009714285714329529,-0.026561692633832058,2.0224171428571402,12.485344000000014,18.477542857142858
4,metrica:Home,2,metrica:Home:13,displacement_m,6941,0.006603929720637527,0.08359920576102962,1.972172647656713,4.609348862034285,5.898981500119867,8.166566365468412,22.33335517765754,30.816920463019986
4,metrica:Home,2,metrica:Home:13,path_length_m,6941,0.14430741801466412,0.27792100284913507,2.9365388063462254,5.212072060464283,6.73058145283018,9.343441979584949,22.826230565729762,30.83460418865426
4,metrica:Home,2,metrica:Home:13,straightness,6941,0.009457279863851644,0.11006034601417398,0.7116734119693362,0.9306786569773818,0.8129270886844594,0.9828728807196623,0.9995534002181905,0.9999648441060078
4,metrica:Home,2,metrica:Home:14,delta_x_m,3063,-24.621750000000002,-16.158789000000002,-3.6102750000000032,-0.060899999999996624,-0.13626718903036253,3.658050000000003,15.213339000000003,20.4735
4,metrica:Home,2,metrica:Home:14,delta_y_m,3063,-17.175828571428568,-13.418309828571427,-2.237831428571428,-0.20273714285714206,0.22597439298540184,2.713102857142861,12.949276914285717,14.577062857142858
4,metrica:Home,2,metrica:Home:14,displacement_m,3063,0.057766618776743314,0.24644036595179147,2.889029669055848,4.953888753011747,6.245519587557389,8.704788654017463,17.657467238965566,24.840860012591378
4,metrica:Home,2,metrica:Home:14,path_length_m,3063,0.6068155241243949,0.860984996615092,3.7052307998360474,5.684758457890421,7.002648337707516,9.6528009921984,19.720997274210845,25.90726347784992
4,metrica:Home,2,metrica:Home:14,straightness,3063,0.022560489642207013,0.16975259943763119,0.7982844631466679,0.9489796330981598,0.8537621647464738,0.9881479100002368,0.9993995469324127,0.9998660567208761
4,metrica:Home,1,metrica:Home:2,delta_x_m,12000,-16.8546,-12.519920999999995,-4.2627374999999965,-0.38857500000000034,-0.025481024999999997,3.608549999999995,17.208597000000005,28.485599999999994
4,metrica:Home,1,metrica:Home:2,delta_y_m,12000,-16.51312,-11.519787714285709,-3.0777771428571428,-0.4424371428571412,-0.02267289190476189,2.7968399999999995,13.001806914285716,16.991160000000004
4,metrica:Home,1,metrica:Home:2,displacement_m,12000,0.015654630207668763,0.5381524908267534,3.7238364885251807,5.7812985964199886,6.683499058601051,8.885250056089372,18.75980587459979,29.060210971587267
4,metrica:Home,1,metrica:Home:2,path_length_m,12000,0.34240636066899555,1.2830972561521303,4.584126647024169,6.660757153515079,7.604507336681099,10.065656007315987,19.12009797371402,29.227954711907017
4,metrica:Home,1,metrica:Home:2,straightness,12000,0.015766768851630666,0.19530289741300602,0.8080125674519932,0.9433538553860426,0.8584544232919192,0.986930675084373,0.9999996045424826,0.9999997727316166
4,metrica:Home,2,metrica:Home:2,delta_x_m,4148,-20.113200000000003,-15.346109999999998,-3.023174999999997,-0.0839250000000007,-0.34303470347155246,2.560124999999999,14.347958999999987,16.753950000000003
4,metrica:Home,2,metrica:Home:2,delta_y_m,4148,-10.872325714285711,-9.710016285714284,-2.046192857142857,0.05721714285714352,-0.0014189695550351337,2.097727142857141,8.59665811428571,15.264057142857144
4,metrica:Home,2,metrica:Home:2,displacement_m,4148,0,0.05244667982930035,2.5370444426028547,4.279476773957527,5.117955163642256,6.494623944526987,17.421281008157155,21.013726022838213
4,metrica:Home,2,metrica:Home:2,path_length_m,4148,0,0.21108214035695747,3.2086667469929635,4.753864537982096,5.705836311490269,7.488733060236061,17.735598074347237,21.09119332503085
4,metrica:Home,2,metrica:Home:2,straightness,4121,0.014010295663688515,0.1616210678760541,0.7996992881515953,0.9432598942576198,0.8512297919373065,0.988332119193845,0.9999996862824633,1
4,metrica:Home,1,metrica:Home:3,delta_x_m,13544,-15.593250000000001,-12.181370999999999,-4.201987499999998,-0.5031749999999953,-0.01576566007088012,3.197737500000001,18.3699855,26.991299999999995
4,metrica:Home,1,metrica:Home:3,delta_y_m,13544,-25.364582857142857,-13.401870342857142,-2.5975028571428553,-0.0955885714285718,-0.030043695046831482,2.9956185714285724,11.59735337142857,19.66802857142857
4,metrica:Home,1,metrica:Home:3,displacement_m,13544,0.04101183194132545,0.35181587244823603,3.495589431771412,5.541370641720107,6.458804902003004,8.6522784898874,19.864742713846177,31.842491776584932
4,metrica:Home,1,metrica:Home:3,path_length_m,13544,0.2544204651003007,0.9056383816836723,4.352954000587342,6.268945245578529,7.224959612630068,9.309368839248894,20.281211676478527,32.42533409105115
4,metrica:Home,1,metrica:Home:3,straightness,13544,0.024281956568158278,0.20131186581807475,0.8133374300545684,0.9446438972155811,0.8621439900852018,0.9843517271702236,0.9994886962227517,0.99995082881913
4,metrica:Home,2,metrica:Home:3,delta_x_m,14508,-28.367399999999993,-18.736750500000003,-2.420775,0.15119999999999334,-0.022351623242349027,3.349087500000002,12.117699000000002,15.442049999999998
4,metrica:Home,2,metrica:Home:3,delta_y_m,14508,-21.006657142857136,-10.51842651428571,-2.251990000000002,-0.09500571428571297,0.014077766355508269,1.846880000000001,13.366448171428589,23.080074285714286
4,metrica:Home,2,metrica:Home:3,displacement_m,14508,0,0.13417765586492,2.366308471006383,4.659736161212081,5.644391860864261,7.669274662814246,20.21142793717475,29.30408440455677
4,metrica:Home,2,metrica:Home:3,path_length_m,14508,0,0.44156609087251225,3.077550441412884,5.265706334911696,6.310872851963664,8.529171545766959,20.762046360144783,29.697527729604605
4,metrica:Home,2,metrica:Home:3,straightness,14449,0.005798595036401592,0.15528516754419625,0.780514391455912,0.9338734225313188,0.8432148948344228,0.9842309986245882,0.9995275503036865,0.9999899795502224
4,metrica:Home,1,metrica:Home:4,delta_x_m,4228,-18.0198,-14.800509000000005,-4.986562499999999,0,-0.23291264191106908,4.298437499999999,16.107881999999986,19.5231
4,metrica:Home,1,metrica:Home:4,delta_y_m,4228,-16.53235428571429,-13.13700937142857,-2.8052914285714277,0.2564085714285689,0.13028486146776588,3.648807142857143,9.89965274285714,10.83842285714286
4,metrica:Home,1,metrica:Home:4,displacement_m,4228,0,0.6107460937824182,4.349376835449008,6.321742545340248,7.27154927104286,9.830805752265006,18.309758237886182,20.90601933040616
4,metrica:Home,1,metrica:Home:4,path_length_m,4228,0,1.4513233262399277,5.396321880390214,7.438525065555624,8.249968289091742,10.627580207447552,18.75018525023167,20.958896490233137
4,metrica:Home,1,metrica:Home:4,straightness,4206,0.0216705571329272,0.18764034171277583,0.8138662612553518,0.9491019799334888,0.8643722480270071,0.9886543494460389,0.9994410455119972,0.9999251773207254
4,metrica:Home,2,metrica:Home:4,delta_x_m,1893,-24.81015,-22.185432,-2.0545500000000008,0.42135000000000034,0.35791251980982575,3.626400000000002,14.021141999999982,15.356099999999998
4,metrica:Home,2,metrica:Home:4,delta_y_m,1893,-11.631399999999996,-10.48122857142857,-3.6036114285714294,-0.5003828571428564,-0.41893367745830495,2.170948571428573,13.359295542857138,15.493508571428574
4,metrica:Home,2,metrica:Home:4,displacement_m,1893,0.04990307209062123,0.39128372286844276,3.245568251448144,5.233865403125367,6.014314923138307,7.614710506315243,22.426490615069145,25.023945995396254
4,metrica:Home,2,metrica:Home:4,path_length_m,1893,1.0330438222186396,1.1489534109444732,4.070294930979046,5.692855241759299,6.781197343465011,8.607328684100258,22.55532895511365,25.053529911435902
4,metrica:Home,2,metrica:Home:4,straightness,1893,0.015549779768135312,0.1460505059682562,0.7989836307745398,0.9512903048405532,0.8544092034171564,0.9880760953662653,0.9999475046308539,0.999979884480722
4,metrica:Home,1,metrica:Home:5,delta_x_m,2713,-20.392650000000003,-18.592848000000004,-5.875200000000001,0.0882000000000005,-0.09667585698488752,5.52089999999999,21.99000600000003,24.988349999999997
4,metrica:Home,1,metrica:Home:5,delta_y_m,2713,-18.179411428571427,-16.476804114285713,-3.546491428571432,-0.23586285714286248,-0.09443173713864464,3.5373600000000067,14.614983542857146,18.981908571428573
4,metrica:Home,1,metrica:Home:5,displacement_m,2713,0.18473705547427438,1.0167723626519172,5.347959191269091,7.541444620604927,9.024908454973481,12.315899725966068,23.165742272576836,26.42166854474921
4,metrica:Home,1,metrica:Home:5,path_length_m,2713,0.8155052156022574,1.6689293211579703,6.16035957671916,8.89034005462836,9.939884487172794,13.462413046426315,24.125894527481336,26.44679838833147
4,metrica:Home,1,metrica:Home:5,straightness,2713,0.025470221627891334,0.300803514375933,0.8739724289080477,0.9667841953000071,0.892587605446119,0.99100402284883,0.99941952142592,0.9999226292344361
4,metrica:Home,2,metrica:Home:5,delta_x_m,2897,-20.93445,-18.638304,-3.9127499999999955,0,0.08318387987573347,4.333649999999997,21.949145999999995,25.07715
4,metrica:Home,2,metrica:Home:5,delta_y_m,2897,-22.00470285714286,-19.09235222857143,-1.8589257142857178,0.22517714285714518,-0.06464198234626954,3.8937771428571413,11.29161371428571,13.514708571428574
4,metrica:Home,2,metrica:Home:5,displacement_m,2897,0,0,3.811322068079607,6.142873290643391,7.549356747539174,10.990030278556732,23.0759822739836,26.107371711545735
4,metrica:Home,2,metrica:Home:5,path_length_m,2897,0,0,4.149064233796281,6.683276180160444,8.214457625954932,11.877939020527885,23.28109694326892,27.58100867391062
4,metrica:Home,2,metrica:Home:5,straightness,2787,0.01974278039294656,0.16137227840478677,0.8610589215205396,0.9682300411340551,0.8827418373467377,0.9925999529672314,0.999999583540914,0.9999996580714078
4,metrica:Home,1,metrica:Home:6,delta_x_m,8047,-15.774899999999995,-12.329409,-4.461150000000004,-0.7951500000000014,0.03102198334783151,3.628049999999991,21.231636,25.991399999999995
4,metrica:Home,1,metrica:Home:6,delta_y_m,8047,-18.06361714285714,-14.844448571428568,-3.4541085714285718,-0.33125714285714203,0.0010375827726392594,3.1194999999999986,16.715338399999997,30.56570857142857
4,metrica:Home,1,metrica:Home:6,displacement_m,8047,0.08667298616415672,0.4690459127007368,3.978319391317707,6.495743464939488,7.8035303547022234,10.8518214379177,24.472556421460666,30.583259897666835
4,metrica:Home,1,metrica:Home:6,path_length_m,8047,0.27460262849794814,0.9774044849811673,4.881544128487546,7.762102994623228,8.726258994293307,11.83679312535336,25.13541131675855,31.31772010059493
4,metrica:Home,1,metrica:Home:6,straightness,8047,0.010012407415805176,0.24784240766656834,0.8355152324787687,0.9479805805823543,0.8735216108034788,0.9850392041778399,0.9998001673152587,0.9999993140829652
4,metrica:Home,2,metrica:Home:6,delta_x_m,14622,-28.986750000000004,-18.789816,-2.8147874999999987,0.20595000000000407,-0.006337515387771928,3.673124999999998,13.199179499999996,16.4319
4,metrica:Home,2,metrica:Home:6,delta_y_m,14622,-22.795251428571426,-15.718124228571426,-2.4461542857142833,0.09189714285714347,-0.004220425972604889,2.6362871428571433,15.198060228571412,20.042514285714287
4,metrica:Home,2,metrica:Home:6,displacement_m,14622,0.0004909050367440521,0.07636055529583075,2.5162560097833966,5.562365051085393,6.60320954951904,9.764734411808409,21.264723167861213,29.592215716565963
4,metrica:Home,2,metrica:Home:6,path_length_m,14622,0.14211259709325688,0.32445409246213475,3.1841577153611604,6.251267473919374,7.383624060592266,10.945143504405086,21.73781397713857,30.825611082035138
4,metrica:Home,2,metrica:Home:6,straightness,14622,0.0012711479082807647,0.11790810917613467,0.7839082667910071,0.9430439070316616,0.8396043601393212,0.988240441389255,0.9999996860765638,0.9999998731771591
4,metrica:Home,1,metrica:Home:7,delta_x_m,13488,-22.4604,-16.854262500000004,-4.889587499999996,-0.3346500000000008,-0.014833785587188621,4.6519125,18.74507399999998,27.24015
4,metrica:Home,1,metrica:Home:7,delta_y_m,13488,-19.62285714285714,-14.890537028571428,-3.142474285714287,-0.014571428571428235,-0.047090244873750166,3.4303328571428477,12.67418388571423,19.43712
4,metrica:Home,1,metrica:Home:7,displacement_m,13488,0.03663659372812364,0.6039606075690379,4.529456306238926,6.805599610309902,7.939691729897434,10.831943200083298,21.97860600704181,29.494906971422463
4,metrica:Home,1,metrica:Home:7,path_length_m,13488,0.5023891535351325,1.349059784608381,5.210959985825072,7.749786512993616,8.783956505881216,11.71033993861616,22.48687876231222,29.508127765991073
4,metrica:Home,1,metrica:Home:7,straightness,13488,0.009068047550462716,0.2008936377293746,0.8454601688305233,0.9589861019685575,0.8791611709169065,0.9915702755543097,0.999639092194813,0.9999784272466871
4,metrica:Home,2,metrica:Home:7,delta_x_m,161,-15.246450000000003,-4.553999999999999,0,0,-0.4806577639751554,0,0.8472299999999987,0.8562000000000012
4,metrica:Home,2,metrica:Home:7,delta_y_m,161,0,0,0,0,0.5773145696539486,0.9382057142857141,3.141755428571429,4.417668571428575
4,metrica:Home,2,metrica:Home:7,displacement_m,161,0,0,0,0,0.9203965127165191,1.2001073638714037,4.867387832265338,15.87356397314377
4,metrica:Home,2,metrica:Home:7,path_length_m,161,0,0,0,0,1.1103643583481173,1.3055548078562527,5.039306530117918,16.40867692527885
4,metrica:Home,2,metrica:Home:7,straightness,48,0.3622985729950439,0.3704242025813815,0.8194179032231604,0.8849625635556135,0.8421300162364367,0.9198500792274368,0.9922610510374261,0.997402468073659
4,metrica:Home,1,metrica:Home:8,delta_x_m,10973,-22.5864,-19.033596,-4.427399999999995,-0.054149999999998144,0.03425030529481455,4.3743,18.632010000000083,29.028750000000002
4,metrica:Home,1,metrica:Home:8,delta_y_m,10973,-21.14945714285714,-15.084004799999999,-2.889611428571431,0.22100000000000009,-0.013697709442657986,3.1553942857142836,11.990980114285714,15.82078285714285
4,metrica:Home,1,metrica:Home:8,displacement_m,10973,0.0046007177789571165,0.2944628226744929,3.846154670985666,6.32561850674699,7.42955297096638,10.277187147110663,22.156200634412226,29.030775338765018
4,metrica:Home,1,metrica:Home:8,path_length_m,10973,0.21455020943326847,0.7391948160022712,4.855920029224422,7.395278411065093,8.336622004836181,11.168947561994413,22.504898696071116,30.375099655173386
4,metrica:Home,1,metrica:Home:8,straightness,10973,0.01715763740172983,0.17384998143889605,0.8184100105859518,0.9571992912507541,0.8652635048295046,0.9933075998831574,0.9997467069966433,0.9999809900415825
4,metrica:Home,2,metrica:Home:8,delta_x_m,2027,-19.724700000000002,-16.343426999999995,-4.482750000000006,-0.9079500000000031,-0.2936655155402072,3.2196000000000016,20.394857999999996,22.973699999999997
4,metrica:Home,2,metrica:Home:8,delta_y_m,2027,-17.78248571428571,-12.256123771428571,-4.614577142857138,-0.5606114285714288,-0.5598099880188878,3.0983228571428594,12.550507428571432,15.385485714285712
4,metrica:Home,2,metrica:Home:8,displacement_m,2027,0.09720239872744191,0.7562405629837258,4.3430531419820015,6.572475901055165,7.541374942629917,9.727840198027513,21.568656403914076,23.184426387419492
4,metrica:Home,2,metrica:Home:8,path_length_m,2027,0.7584081036935943,1.853994652725297,4.902391876240358,6.86804159669457,8.252295784191183,10.478595653580605,21.682389343767458,23.27823402793687
4,metrica:Home,2,metrica:Home:8,straightness,2027,0.02748652552041054,0.24654110461626186,0.8687051684038886,0.9659294007600614,0.887785635718173,0.992581380607995,0.9997200771801052,0.9999005913718182
4,metrica:Home,1,metrica:Home:9,delta_x_m,9650,-23.789699999999996,-15.415548,-3.5064750000000027,0.09517500000000156,-0.11641325906735754,3.713849999999999,12.185736,14.925600000000003
4,metrica:Home,1,metrica:Home:9,delta_y_m,9650,-21.101468571428573,-14.581676171428569,-2.8274157142857144,-0.11676571428571503,-0.008221899629903811,2.735081428571428,13.8008516,21.909211428571428
4,metrica:Home,1,metrica:Home:9,displacement_m,9650,0.011830966717447232,0.10572230597420162,3.702903635924953,5.237376740144522,6.220530154337181,7.910710022378815,19.47028672733309,25.467799773349686
4,metrica:Home,1,metrica:Home:9,path_length_m,9650,0.1231714823351202,0.3049470436777122,4.3075583137107625,5.715932855520039,6.921750475703476,8.825273047750695,20.00350553019651,25.521314438117138
4,metrica:Home,1,metrica:Home:9,straightness,9650,0.012556504318000414,0.16275396132835598,0.8244564206992437,0.9548228655227433,0.8670312900624476,0.9891208641594349,0.9996530603652765,0.9999996941424684
4,metrica:Home,2,metrica:Home:9,delta_x_m,12968,-23.24355,-14.908868999999996,-3.6485624999999953,-0.14947499999999891,-0.11393853331276983,2.5344749999999983,18.544745999999993,27.600450000000002
4,metrica:Home,2,metrica:Home:9,delta_y_m,12968,-25.136782857142858,-15.24377274285714,-1.984847142857144,0.18607714285714394,0.04157565215475459,2.318605714285714,15.058930285714283,21.19346285714286
4,metrica:Home,2,metrica:Home:9,displacement_m,12968,0.00632410758404914,0.13788487034717536,2.8952483191322864,4.7995075673265735,6.013796505662128,7.32097978156644,23.78930019816932,31.088116962738358
4,metrica:Home,2,metrica:Home:9,path_length_m,12968,0.11805877773777877,0.4245359032412014,3.6364067952839254,5.20719504411712,6.6655406523686835,8.217900119721048,24.246030882940634,32.65850828264406
4,metrica:Home,2,metrica:Home:9,straightness,12968,0.0038179774367800784,0.14328865429413204,0.8056423086161215,0.945876198510819,0.8551118630147138,0.9878086812826735,0.9995624410874769,0.9999986919060433
