period,time_period_s,attacker_key,reason
1,2.04,metrica:Away:15,restart_or_ball_out_span
1,2.04,metrica:Away:16,restart_or_ball_out_span
1,2.04,metrica:Away:17,restart_or_ball_out_span
1,2.04,metrica:Away:18,restart_or_ball_out_span
1,2.04,metrica:Away:19,restart_or_ball_out_span
1,2.04,metrica:Away:20,restart_or_ball_out_span
1,2.04,metrica:Away:21,restart_or_ball_out_span
1,2.04,metrica:Away:22,restart_or_ball_out_span
1,2.04,metrica:Away:23,restart_or_ball_out_span
1,2.04,metrica:Away:24,restart_or_ball_out_span
1,2.04,metrica:Away:26,restart_or_ball_out_span
1,6.04,metrica:Away:15,attacker_complete_support_unavailable
1,6.04,metrica:Away:16,complete_ten_defenders_unavailable
1,6.04,metrica:Away:17,attacker_complete_support_unavailable
1,6.04,metrica:Away:18,complete_ten_defenders_unavailable
1,6.04,metrica:Away:19,complete_ten_defenders_unavailable
1,6.04,metrica:Away:20,attacker_complete_support_unavailable
1,6.04,metrica:Away:21,complete_ten_defenders_unavailable
1,6.04,metrica:Away:22,complete_ten_defenders_unavailable
1,6.04,metrica:Away:23,complete_ten_defenders_unavailable
1,6.04,metrica:Away:24,complete_ten_defenders_unavailable
1,6.04,metrica:Away:26,attacker_complete_support_unavailable
1,10.04,metrica:Away:15,attacker_complete_support_unavailable
1,10.04,metrica:Away:16,complete_ten_defenders_unavailable
1,10.04,metrica:Away:17,attacker_complete_support_unavailable
1,10.04,metrica:Away:18,complete_ten_defenders_unavailable
1,10.04,metrica:Away:19,complete_ten_defenders_unavailable
1,10.04,metrica:Away:20,attacker_complete_support_unavailable
1,10.04,metrica:Away:21,complete_ten_defenders_unavailable
1,10.04,metrica:Away:22,complete_ten_defenders_unavailable
1,10.04,metrica:Away:23,complete_ten_defenders_unavailable
1,10.04,metrica:Away:24,complete_ten_defenders_unavailable
1,10.04,metrica:Away:26,attacker_complete_support_unavailable
1,14.04,metrica:Away:15,attacker_complete_support_unavailable
1,14.04,metrica:Away:16,complete_ten_defenders_unavailable
1,14.04,metrica:Away:17,attacker_complete_support_unavailable
1,14.04,metrica:Away:18,complete_ten_defenders_unavailable
1,14.04,metrica:Away:19,complete_ten_defenders_unavailable
1,14.04,metrica:Away:20,attacker_complete_support_unavailable
1,14.04,metrica:Away:21,complete_ten_defenders_unavailable
1,14.04,metrica:Away:22,complete_ten_defenders_unavailable
1,14.04,metrica:Away:23,complete_ten_defenders_unavailable
1,14.04,metrica:Away:24,complete_ten_defenders_unavailable
1,14.04,metrica:Away:26,attacker_complete_support_unavailable
1,18.04,metrica:Away:15,attacker_complete_support_unavailable
1,18.04,metrica:Away:16,complete_ten_defenders_unavailable
1,18.04,metrica:Away:17,attacker_complete_support_unavailable
1,18.04,metrica:Away:18,complete_ten_defenders_unavailable
1,18.04,metrica:Away:19,complete_ten_defenders_unavailable
1,18.04,metrica:Away:20,attacker_complete_support_unavailable
1,18.04,metrica:Away:21,complete_ten_defenders_unavailable
1,18.04,metrica:Away:22,complete_ten_defenders_unavailable
1,18.04,metrica:Away:23,complete_ten_defenders_unavailable
1,18.04,metrica:Away:24,complete_ten_defenders_unavailable
1,18.04,metrica:Away:26,attacker_complete_support_unavailable
1,22.04,metrica:Home:1,restart_or_ball_out_span
1,22.04,metrica:Home:10,restart_or_ball_out_span
1,22.04,metrica:Home:12,restart_or_ball_out_span
1,22.04,metrica:Home:13,restart_or_ball_out_span
1,22.04,metrica:Home:14,restart_or_ball_out_span
1,22.04,metrica:Home:2,restart_or_ball_out_span
1,22.04,metrica:Home:3,restart_or_ball_out_span
1,22.04,metrica:Home:4,restart_or_ball_out_span
1,22.04,metrica:Home:5,restart_or_ball_out_span
1,22.04,metrica:Home:6,restart_or_ball_out_span
1,22.04,metrica:Home:7,restart_or_ball_out_span
1,22.04,metrica:Home:8,restart_or_ball_out_span
1,22.04,metrica:Home:9,restart_or_ball_out_span
1,26.04,metrica:Home:1,restart_or_ball_out_span
1,26.04,metrica:Home:10,restart_or_ball_out_span
1,26.04,metrica:Home:12,restart_or_ball_out_span
1,26.04,metrica:Home:13,restart_or_ball_out_span
1,26.04,metrica:Home:14,restart_or_ball_out_span
1,26.04,metrica:Home:2,restart_or_ball_out_span
1,26.04,metrica:Home:3,restart_or_ball_out_span
1,26.04,metrica:Home:4,restart_or_ball_out_span
1,26.04,metrica:Home:5,restart_or_ball_out_span
1,26.04,metrica:Home:6,restart_or_ball_out_span
1,26.04,metrica:Home:7,restart_or_ball_out_span
1,26.04,metrica:Home:8,restart_or_ball_out_span
1,26.04,metrica:Home:9,restart_or_ball_out_span
1,30.04,metrica:Away:15,attacker_complete_support_unavailable
1,30.04,metrica:Away:16,complete_ten_defenders_unavailable
1,30.04,metrica:Away:17,attacker_complete_support_unavailable
1,30.04,metrica:Away:18,complete_ten_defenders_unavailable
1,30.04,metrica:Away:19,complete_ten_defenders_unavailable
1,30.04,metrica:Away:20,attacker_complete_support_unavailable
1,30.04,metrica:Away:21,complete_ten_defenders_unavailable
1,30.04,metrica:Away:22,complete_ten_defenders_unavailable
1,30.04,metrica:Away:23,complete_ten_defenders_unavailable
1,30.04,metrica:Away:24,complete_ten_defenders_unavailable
1,30.04,metrica:Away:26,attacker_complete_support_unavailable
1,34.04,metrica:Away:15,attacker_complete_support_unavailable
1,34.04,metrica:Away:16,complete_ten_defenders_unavailable
1,34.04,metrica:Away:17,attacker_complete_support_unavailable
1,34.04,metrica:Away:18,complete_ten_defenders_unavailable
1,34.04,metrica:Away:19,complete_ten_defenders_unavailable
1,34.04,metrica:Away:20,attacker_complete_support_unavailable
1,34.04,metrica:Away:21,complete_ten_defenders_unavailable
1,34.04,metrica:Away:22,complete_ten_defenders_unavailable
1,34.04,metrica:Away:23,complete_ten_defenders_unavailable
1,34.04,metrica:Away:24,complete_ten_defenders_unavailable
1,34.04,metrica:Away:26,attacker_complete_support_unavailable
1,38.04,metrica:Away:15,attacker_complete_support_unavailable
1,38.04,metrica:Away:16,complete_ten_defenders_unavailable
1,38.04,metrica:Away:17,attacker_complete_support_unavailable
1,38.04,metrica:Away:18,complete_ten_defenders_unavailable
1,38.04,metrica:Away:19,complete_ten_defenders_unavailable
1,38.04,metrica:Away:20,attacker_complete_support_unavailable
1,38.04,metrica:Away:21,complete_ten_defenders_unavailable
1,38.04,metrica:Away:22,complete_ten_defenders_unavailable
1,38.04,metrica:Away:23,complete_ten_defenders_unavailable
1,38.04,metrica:Away:24,complete_ten_defenders_unavailable
1,38.04,metrica:Away:26,attacker_complete_support_unavailable
1,42.04,metrica:Away:15,attacker_complete_support_unavailable
1,42.04,metrica:Away:16,complete_ten_defenders_unavailable
1,42.04,metrica:Away:17,attacker_complete_support_unavailable
1,42.04,metrica:Away:18,complete_ten_defenders_unavailable
1,42.04,metrica:Away:19,complete_ten_defenders_unavailable
1,42.04,metrica:Away:20,attacker_complete_support_unavailable
1,42.04,metrica:Away:21,complete_ten_defenders_unavailable
1,42.04,metrica:Away:22,complete_ten_defenders_unavailable
1,42.04,metrica:Away:23,complete_ten_defenders_unavailable
1,42.04,metrica:Away:24,complete_ten_defenders_unavailable
1,42.04,metrica:Away:26,attacker_complete_support_unavailable
1,46.04,metrica:Away:15,attacker_complete_support_unavailable
1,46.04,metrica:Away:16,complete_ten_defenders_unavailable
1,46.04,metrica:Away:17,attacker_complete_support_unavailable
1,46.04,metrica:Away:18,complete_ten_defenders_unavailable
1,46.04,metrica:Away:19,complete_ten_defenders_unavailable
1,46.04,metrica:Away:20,attacker_complete_support_unavailable
1,46.04,metrica:Away:21,complete_ten_defenders_unavailable
1,46.04,metrica:Away:22,complete_ten_defenders_unavailable
1,46.04,metrica:Away:23,complete_ten_defenders_unavailable
1,46.04,metrica:Away:24,complete_ten_defenders_unavailable
1,46.04,metrica:Away:26,attacker_complete_support_unavailable
1,50.04,metrica:Away:15,attacker_complete_support_unavailable
1,50.04,metrica:Away:16,complete_ten_defenders_unavailable
1,50.04,metrica:Away:17,attacker_complete_support_unavailable
1,50.04,metrica:Away:18,complete_ten_defenders_unavailable
1,50.04,metrica:Away:19,complete_ten_defenders_unavailable
1,50.04,metrica:Away:20,attacker_complete_support_unavailable
1,50.04,metrica:Away:21,complete_ten_defenders_unavailable
1,50.04,metrica:Away:22,complete_ten_defenders_unavailable
1,50.04,metrica:Away:23,complete_ten_defenders_unavailable
1,50.04,metrica:Away:24,complete_ten_defenders_unavailable
1,50.04,metrica:Away:26,attacker_complete_support_unavailable
1,54.04,metrica:Away:15,attacker_complete_support_unavailable
1,54.04,metrica:Away:16,complete_ten_defenders_unavailable
1,54.04,metrica:Away:17,attacker_complete_support_unavailable
1,54.04,metrica:Away:18,complete_ten_defenders_unavailable
1,54.04,metrica:Away:19,complete_ten_defenders_unavailable
1,54.04,metrica:Away:20,attacker_complete_support_unavailable
1,54.04,metrica:Away:21,complete_ten_defenders_unavailable
1,54.04,metrica:Away:22,complete_ten_defenders_unavailable
1,54.04,metrica:Away:23,complete_ten_defenders_unavailable
1,54.04,metrica:Away:24,complete_ten_defenders_unavailable
1,54.04,metrica:Away:26,attacker_complete_support_unavailable
1,58.04,metrica:Home:1,complete_ten_defenders_unavailable
1,58.04,metrica:Home:10,attacker_complete_support_unavailable
1,58.04,metrica:Home:12,attacker_complete_support_unavailable
1,58.04,metrica:Home:13,attacker_complete_support_unavailable
1,58.04,metrica:Home:14,attacker_complete_support_unavailable
1,58.04,metrica:Home:2,complete_ten_defenders_unavailable
1,58.04,metrica:Home:3,complete_ten_defenders_unavailable
1,58.04,metrica:Home:4,complete_ten_defenders_unavailable
1,58.04,metrica:Home:5,attacker_complete_support_unavailable
1,58.04,metrica:Home:6,attacker_complete_support_unavailable
1,58.04,metrica:Home:7,complete_ten_defenders_unavailable
1,58.04,metrica:Home:8,attacker_complete_support_unavailable
1,58.04,metrica:Home:9,attacker_complete_support_unavailable
1,62.04,metrica:Home:1,complete_ten_defenders_unavailable
1,62.04,metrica:Home:10,attacker_complete_support_unavailable
1,62.04,metrica:Home:12,attacker_complete_support_unavailable
1,62.04,metrica:Home:13,attacker_complete_support_unavailable
1,62.04,metrica:Home:14,attacker_complete_support_unavailable
1,62.04,metrica:Home:2,complete_ten_defenders_unavailable
1,62.04,metrica:Home:3,complete_ten_defenders_unavailable
1,62.04,metrica:Home:4,complete_ten_defenders_unavailable
1,62.04,metrica:Home:5,attacker_complete_support_unavailable
1,62.04,metrica:Home:6,attacker_complete_support_unavailable
1,62.04,metrica:Home:7,complete_ten_defenders_unavailable
1,62.04,metrica:Home:8,attacker_complete_support_unavailable
1,62.04,metrica:Home:9,attacker_complete_support_unavailable
1,66.04,metrica:Away:15,attacker_complete_support_unavailable
1,66.04,metrica:Away:16,complete_ten_defenders_unavailable
1,66.04,metrica:Away:17,attacker_complete_support_unavailable
1,66.04,metrica:Away:18,complete_ten_defenders_unavailable
1,66.04,metrica:Away:19,complete_ten_defenders_unavailable
1,66.04,metrica:Away:20,attacker_complete_support_unavailable
1,66.04,metrica:Away:21,complete_ten_defenders_unavailable
1,66.04,metrica:Away:22,complete_ten_defenders_unavailable
1,66.04,metrica:Away:23,complete_ten_defenders_unavailable
1,66.04,metrica:Away:24,complete_ten_defenders_unavailable
1,66.04,metrica:Away:26,attacker_complete_support_unavailable
1,70.04,metrica:Away:15,attacker_complete_support_unavailable
1,70.04,metrica:Away:16,complete_ten_defenders_unavailable
1,70.04,metrica:Away:17,attacker_complete_support_unavailable
1,70.04,metrica:Away:18,complete_ten_defenders_unavailable
1,70.04,metrica:Away:19,complete_ten_defenders_unavailable
1,70.04,metrica:Away:20,attacker_complete_support_unavailable
1,70.04,metrica:Away:21,complete_ten_defenders_unavailable
1,70.04,metrica:Away:22,complete_ten_defenders_unavailable
1,70.04,metrica:Away:23,complete_ten_defenders_unavailable
1,70.04,metrica:Away:24,complete_ten_defenders_unavailable
1,70.04,metrica:Away:26,attacker_complete_support_unavailable
1,74.04,metrica:Away:15,attacker_complete_support_unavailable
1,74.04,metrica:Away:16,complete_ten_defenders_unavailable
1,74.04,metrica:Away:17,attacker_complete_support_unavailable
1,74.04,metrica:Away:18,complete_ten_defenders_unavailable
1,74.04,metrica:Away:19,complete_ten_defenders_unavailable
1,74.04,metrica:Away:20,attacker_complete_support_unavailable
1,74.04,metrica:Away:21,complete_ten_defenders_unavailable
1,74.04,metrica:Away:22,complete_ten_defenders_unavailable
1,74.04,metrica:Away:23,complete_ten_defenders_unavailable
1,74.04,metrica:Away:24,complete_ten_defenders_unavailable
1,74.04,metrica:Away:26,attacker_complete_support_unavailable
1,78.04,metrica:Away:15,attacker_complete_support_unavailable
1,78.04,metrica:Away:16,complete_ten_defenders_unavailable
1,78.04,metrica:Away:17,attacker_complete_support_unavailable
1,78.04,metrica:Away:18,complete_ten_defenders_unavailable
1,78.04,metrica:Away:19,complete_ten_defenders_unavailable
1,78.04,metrica:Away:20,attacker_complete_support_unavailable
1,78.04,metrica:Away:21,complete_ten_defenders_unavailable
1,78.04,metrica:Away:22,complete_ten_defenders_unavailable
1,78.04,metrica:Away:23,complete_ten_defenders_unavailable
1,78.04,metrica:Away:24,complete_ten_defenders_unavailable
1,78.04,metrica:Away:26,attacker_complete_support_unavailable
1,82.04,metrica:Away:15,attacker_complete_support_unavailable
1,82.04,metrica:Away:16,complete_ten_defenders_unavailable
1,82.04,metrica:Away:17,attacker_complete_support_unavailable
1,82.04,metrica:Away:18,complete_ten_defenders_unavailable
1,82.04,metrica:Away:19,complete_ten_defenders_unavailable
1,82.04,metrica:Away:20,attacker_complete_support_unavailable
1,82.04,metrica:Away:21,complete_ten_defenders_unavailable
1,82.04,metrica:Away:22,complete_ten_defenders_unavailable
1,82.04,metrica:Away:23,complete_ten_defenders_unavailable
1,82.04,metrica:Away:24,complete_ten_defenders_unavailable
1,82.04,metrica:Away:26,attacker_complete_support_unavailable
1,86.04,metrica:Away:15,attacker_complete_support_unavailable
1,86.04,metrica:Away:16,complete_ten_defenders_unavailable
1,86.04,metrica:Away:17,attacker_complete_support_unavailable
1,86.04,metrica:Away:18,complete_ten_defenders_unavailable
1,86.04,metrica:Away:19,complete_ten_defenders_unavailable
1,86.04,metrica:Away:20,attacker_complete_support_unavailable
1,86.04,metrica:Away:21,complete_ten_defenders_unavailable
1,86.04,metrica:Away:22,complete_ten_defenders_unavailable
1,86.04,metrica:Away:23,complete_ten_defenders_unavailable
1,86.04,metrica:Away:24,complete_ten_defenders_unavailable
1,86.04,metrica:Away:26,attacker_complete_support_unavailable
1,90.04,metrica:Away:15,attacker_complete_support_unavailable
1,90.04,metrica:Away:16,complete_ten_defenders_unavailable
1,90.04,metrica:Away:17,attacker_complete_support_unavailable
1,90.04,metrica:Away:18,complete_ten_defenders_unavailable
1,90.04,metrica:Away:19,complete_ten_defenders_unavailable
1,90.04,metrica:Away:20,attacker_complete_support_unavailable
1,90.04,metrica:Away:21,complete_ten_defenders_unavailable
1,90.04,metrica:Away:22,complete_ten_defenders_unavailable
1,90.04,metrica:Away:23,complete_ten_defenders_unavailable
1,90.04,metrica:Away:24,complete_ten_defenders_unavailable
1,90.04,metrica:Away:26,attacker_complete_support_unavailable
1,94.04,metrica:Away:15,attacker_complete_support_unavailable
1,94.04,metrica:Away:16,complete_ten_defenders_unavailable
1,94.04,metrica:Away:17,attacker_complete_support_unavailable
1,94.04,metrica:Away:18,complete_ten_defenders_unavailable
1,94.04,metrica:Away:19,complete_ten_defenders_unavailable
1,94.04,metrica:Away:20,attacker_complete_support_unavailable
1,94.04,metrica:Away:21,complete_ten_defenders_unavailable
1,94.04,metrica:Away:22,complete_ten_defenders_unavailable
1,94.04,metrica:Away:23,complete_ten_defenders_unavailable
1,94.04,metrica:Away:24,complete_ten_defenders_unavailable
1,94.04,metrica:Away:26,attacker_complete_support_unavailable
1,98.04,metrica:Home:1,complete_ten_defenders_unavailable
1,98.04,metrica:Home:10,attacker_complete_support_unavailable
1,98.04,metrica:Home:12,attacker_complete_support_unavailable
1,98.04,metrica:Home:13,attacker_complete_support_unavailable
1,98.04,metrica:Home:14,attacker_complete_support_unavailable
1,98.04,metrica:Home:2,complete_ten_defenders_unavailable
1,98.04,metrica:Home:3,complete_ten_defenders_unavailable
1,98.04,metrica:Home:4,complete_ten_defenders_unavailable
1,98.04,metrica:Home:5,attacker_complete_support_unavailable
1,98.04,metrica:Home:6,attacker_complete_support_unavailable
1,98.04,metrica:Home:7,complete_ten_defenders_unavailable
1,98.04,metrica:Home:8,attacker_complete_support_unavailable
1,98.04,metrica:Home:9,attacker_complete_support_unavailable
1,102.04,metrica:Home:1,complete_ten_defenders_unavailable
1,102.04,metrica:Home:10,attacker_complete_support_unavailable
1,102.04,metrica:Home:12,attacker_complete_support_unavailable
1,102.04,metrica:Home:13,attacker_complete_support_unavailable
1,102.04,metrica:Home:14,attacker_complete_support_unavailable
1,102.04,metrica:Home:2,complete_ten_defenders_unavailable
1,102.04,metrica:Home:3,complete_ten_defenders_unavailable
1,102.04,metrica:Home:4,complete_ten_defenders_unavailable
1,102.04,metrica:Home:5,attacker_complete_support_unavailable
1,102.04,metrica:Home:6,attacker_complete_support_unavailable
1,102.04,metrica:Home:7,complete_ten_defenders_unavailable
1,102.04,metrica:Home:8,attacker_complete_support_unavailable
1,102.04,metrica:Home:9,attacker_complete_support_unavailable
1,106.04,metrica:Home:1,complete_ten_defenders_unavailable
1,106.04,metrica:Home:10,attacker_complete_support_unavailable
1,106.04,metrica:Home:12,attacker_complete_support_unavailable
1,106.04,metrica:Home:13,attacker_complete_support_unavailable
1,106.04,metrica:Home:14,attacker_complete_support_unavailable
1,106.04,metrica:Home:2,complete_ten_defenders_unavailable
1,106.04,metrica:Home:3,complete_ten_defenders_unavailable
1,106.04,metrica:Home:4,complete_ten_defenders_unavailable
1,106.04,metrica:Home:5,attacker_complete_support_unavailable
1,106.04,metrica:Home:6,attacker_complete_support_unavailable
1,106.04,metrica:Home:7,complete_ten_defenders_unavailable
1,106.04,metrica:Home:8,attacker_complete_support_unavailable
1,106.04,metrica:Home:9,attacker_complete_support_unavailable
1,110.04,metrica:Home:1,complete_ten_defenders_unavailable
1,110.04,metrica:Home:10,attacker_complete_support_unavailable
1,110.04,metrica:Home:12,attacker_complete_support_unavailable
1,110.04,metrica:Home:13,attacker_complete_support_unavailable
1,110.04,metrica:Home:14,attacker_complete_support_unavailable
1,110.04,metrica:Home:2,complete_ten_defenders_unavailable
1,110.04,metrica:Home:3,complete_ten_defenders_unavailable
1,110.04,metrica:Home:4,complete_ten_defenders_unavailable
1,110.04,metrica:Home:5,attacker_complete_support_unavailable
1,110.04,metrica:Home:6,attacker_complete_support_unavailable
1,110.04,metrica:Home:7,complete_ten_defenders_unavailable
1,110.04,metrica:Home:8,attacker_complete_support_unavailable
1,110.04,metrica:Home:9,attacker_complete_support_unavailable
1,114.04,metrica:Home:1,complete_ten_defenders_unavailable
1,114.04,metrica:Home:10,attacker_complete_support_unavailable
1,114.04,metrica:Home:12,attacker_complete_support_unavailable
1,114.04,metrica:Home:13,attacker_complete_support_unavailable
1,114.04,metrica:Home:14,attacker_complete_support_unavailable
1,114.04,metrica:Home:2,complete_ten_defenders_unavailable
1,114.04,metrica:Home:3,complete_ten_defenders_unavailable
1,114.04,metrica:Home:4,complete_ten_defenders_unavailable
1,114.04,metrica:Home:5,attacker_complete_support_unavailable
1,114.04,metrica:Home:6,attacker_complete_support_unavailable
1,114.04,metrica:Home:7,complete_ten_defenders_unavailable
1,114.04,metrica:Home:8,attacker_complete_support_unavailable
1,114.04,metrica:Home:9,attacker_complete_support_unavailable
1,118.04,metrica:Home:1,complete_ten_defenders_unavailable
1,118.04,metrica:Home:10,attacker_complete_support_unavailable
1,118.04,metrica:Home:12,attacker_complete_support_unavailable
1,118.04,metrica:Home:13,attacker_complete_support_unavailable
1,118.04,metrica:Home:14,attacker_complete_support_unavailable
1,118.04,metrica:Home:2,complete_ten_defenders_unavailable
1,118.04,metrica:Home:3,complete_ten_defenders_unavailable
1,118.04,metrica:Home:4,complete_ten_defenders_unavailable
1,118.04,metrica:Home:5,attacker_complete_support_unavailable
1,118.04,metrica:Home:6,attacker_complete_support_unavailable
1,118.04,metrica:Home:7,complete_ten_defenders_unavailable
1,118.04,metrica:Home:8,attacker_complete_support_unavailable
1,118.04,metrica:Home:9,attacker_complete_support_unavailable
1,122.04,metrica:Away:15,attacker_complete_support_unavailable
1,122.04,metrica:Away:16,complete_ten_defenders_unavailable
1,122.04,metrica:Away:17,attacker_complete_support_unavailable
1,122.04,metrica:Away:18,complete_ten_defenders_unavailable
1,122.04,metrica:Away:19,complete_ten_defenders_unavailable
1,122.04,metrica:Away:20,attacker_complete_support_unavailable
1,122.04,metrica:Away:21,complete_ten_defenders_unavailable
1,122.04,metrica:Away:22,complete_ten_defenders_unavailable
1,122.04,metrica:Away:23,complete_ten_defenders_unavailable
1,122.04,metrica:Away:24,complete_ten_defenders_unavailable
1,122.04,metrica:Away:26,attacker_complete_support_unavailable
1,126.04,metrica:Away:15,attacker_complete_support_unavailable
1,126.04,metrica:Away:16,complete_ten_defenders_unavailable
1,126.04,metrica:Away:17,attacker_complete_support_unavailable
1,126.04,metrica:Away:18,complete_ten_defenders_unavailable
1,126.04,metrica:Away:19,complete_ten_defenders_unavailable
1,126.04,metrica:Away:20,attacker_complete_support_unavailable
1,126.04,metrica:Away:21,complete_ten_defenders_unavailable
1,126.04,metrica:Away:22,complete_ten_defenders_unavailable
1,126.04,metrica:Away:23,complete_ten_defenders_unavailable
1,126.04,metrica:Away:24,complete_ten_defenders_unavailable
1,126.04,metrica:Away:26,attacker_complete_support_unavailable
1,130.04,metrica:Home:1,complete_ten_defenders_unavailable
1,130.04,metrica:Home:10,attacker_complete_support_unavailable
1,130.04,metrica:Home:12,attacker_complete_support_unavailable
1,130.04,metrica:Home:13,attacker_complete_support_unavailable
1,130.04,metrica:Home:14,attacker_complete_support_unavailable
1,130.04,metrica:Home:2,complete_ten_defenders_unavailable
1,130.04,metrica:Home:3,complete_ten_defenders_unavailable
1,130.04,metrica:Home:4,complete_ten_defenders_unavailable
1,130.04,metrica:Home:5,attacker_complete_support_unavailable
1,130.04,metrica:Home:6,attacker_complete_support_unavailable
1,130.04,metrica:Home:7,complete_ten_defenders_unavailable
1,130.04,metrica:Home:8,attacker_complete_support_unavailable
1,130.04,metrica:Home:9,attacker_complete_support_unavailable
1,134.04,metrica:Home:1,complete_ten_defenders_unavailable
1,134.04,metrica:Home:10,attacker_complete_support_unavailable
1,134.04,metrica:Home:12,attacker_complete_support_unavailable
1,134.04,metrica:Home:13,attacker_complete_support_unavailable
1,134.04,metrica:Home:14,attacker_complete_support_unavailable
1,134.04,metrica:Home:2,complete_ten_defenders_unavailable
1,134.04,metrica:Home:3,complete_ten_defenders_unavailable
1,134.04,metrica:Home:4,complete_ten_defenders_unavailable
1,134.04,metrica:Home:5,attacker_complete_support_unavailable
1,134.04,metrica:Home:6,attacker_complete_support_unavailable
1,134.04,metrica:Home:7,complete_ten_defenders_unavailable
1,134.04,metrica:Home:8,attacker_complete_support_unavailable
1,134.04,metrica:Home:9,attacker_complete_support_unavailable
1,138.04,metrica:Home:1,complete_ten_defenders_unavailable
1,138.04,metrica:Home:10,attacker_complete_support_unavailable
1,138.04,metrica:Home:12,attacker_complete_support_unavailable
1,138.04,metrica:Home:13,attacker_complete_support_unavailable
1,138.04,metrica:Home:14,attacker_complete_support_unavailable
1,138.04,metrica:Home:2,complete_ten_defenders_unavailable
1,138.04,metrica:Home:3,complete_ten_defenders_unavailable
1,138.04,metrica:Home:4,complete_ten_defenders_unavailable
1,138.04,metrica:Home:5,attacker_complete_support_unavailable
1,138.04,metrica:Home:6,attacker_complete_support_unavailable
1,138.04,metrica:Home:7,complete_ten_defenders_unavailable
1,138.04,metrica:Home:8,attacker_complete_support_unavailable
1,138.04,metrica:Home:9,attacker_complete_support_unavailable
1,142.04,metrica:Home:1,complete_ten_defenders_unavailable
1,142.04,metrica:Home:10,attacker_complete_support_unavailable
1,142.04,metrica:Home:12,attacker_complete_support_unavailable
1,142.04,metrica:Home:13,attacker_complete_support_unavailable
1,142.04,metrica:Home:14,attacker_complete_support_unavailable
1,142.04,metrica:Home:2,complete_ten_defenders_unavailable
1,142.04,metrica:Home:3,complete_ten_defenders_unavailable
1,142.04,metrica:Home:4,complete_ten_defenders_unavailable
1,142.04,metrica:Home:5,attacker_complete_support_unavailable
1,142.04,metrica:Home:6,attacker_complete_support_unavailable
1,142.04,metrica:Home:7,complete_ten_defenders_unavailable
1,142.04,metrica:Home:8,attacker_complete_support_unavailable
1,142.04,metrica:Home:9,attacker_complete_support_unavailable
1,146.04,metrica:Home:1,complete_ten_defenders_unavailable
1,146.04,metrica:Home:10,attacker_complete_support_unavailable
1,146.04,metrica:Home:12,attacker_complete_support_unavailable
1,146.04,metrica:Home:13,attacker_complete_support_unavailable
1,146.04,metrica:Home:14,attacker_complete_support_unavailable
1,146.04,metrica:Home:2,complete_ten_defenders_unavailable
1,146.04,metrica:Home:3,complete_ten_defenders_unavailable
1,146.04,metrica:Home:4,complete_ten_defenders_unavailable
1,146.04,metrica:Home:5,attacker_complete_support_unavailable
1,146.04,metrica:Home:6,attacker_complete_support_unavailable
1,146.04,metrica:Home:7,complete_ten_defenders_unavailable
1,146.04,metrica:Home:8,attacker_complete_support_unavailable
1,146.04,metrica:Home:9,attacker_complete_support_unavailable
1,150.04,metrica:Home:1,complete_ten_defenders_unavailable
1,150.04,metrica:Home:10,attacker_complete_support_unavailable
1,150.04,metrica:Home:12,attacker_complete_support_unavailable
1,150.04,metrica:Home:13,attacker_complete_support_unavailable
1,150.04,metrica:Home:14,attacker_complete_support_unavailable
1,150.04,metrica:Home:2,complete_ten_defenders_unavailable
1,150.04,metrica:Home:3,complete_ten_defenders_unavailable
1,150.04,metrica:Home:4,complete_ten_defenders_unavailable
1,150.04,metrica:Home:5,attacker_complete_support_unavailable
1,150.04,metrica:Home:6,attacker_complete_support_unavailable
1,150.04,metrica:Home:7,complete_ten_defenders_unavailable
1,150.04,metrica:Home:8,attacker_complete_support_unavailable
1,150.04,metrica:Home:9,attacker_complete_support_unavailable
1,154.04,metrica:Home:1,complete_ten_defenders_unavailable
1,154.04,metrica:Home:10,attacker_complete_support_unavailable
1,154.04,metrica:Home:12,attacker_complete_support_unavailable
1,154.04,metrica:Home:13,attacker_complete_support_unavailable
1,154.04,metrica:Home:14,attacker_complete_support_unavailable
1,154.04,metrica:Home:2,complete_ten_defenders_unavailable
1,154.04,metrica:Home:3,complete_ten_defenders_unavailable
1,154.04,metrica:Home:4,complete_ten_defenders_unavailable
1,154.04,metrica:Home:5,attacker_complete_support_unavailable
1,154.04,metrica:Home:6,attacker_complete_support_unavailable
1,154.04,metrica:Home:7,complete_ten_defenders_unavailable
1,154.04,metrica:Home:8,attacker_complete_support_unavailable
1,154.04,metrica:Home:9,attacker_complete_support_unavailable
1,158.04,metrica:Home:1,complete_ten_defenders_unavailable
1,158.04,metrica:Home:10,attacker_complete_support_unavailable
1,158.04,metrica:Home:12,attacker_complete_support_unavailable
1,158.04,metrica:Home:13,attacker_complete_support_unavailable
1,158.04,metrica:Home:14,attacker_complete_support_unavailable
1,158.04,metrica:Home:2,complete_ten_defenders_unavailable
1,158.04,metrica:Home:3,complete_ten_defenders_unavailable
1,158.04,metrica:Home:4,complete_ten_defenders_unavailable
1,158.04,metrica:Home:5,attacker_complete_support_unavailable
1,158.04,metrica:Home:6,attacker_complete_support_unavailable
1,158.04,metrica:Home:7,complete_ten_defenders_unavailable
1,158.04,metrica:Home:8,attacker_complete_support_unavailable
1,158.04,metrica:Home:9,attacker_complete_support_unavailable
1,162.04,metrica:Home:1,complete_ten_defenders_unavailable
1,162.04,metrica:Home:10,attacker_complete_support_unavailable
1,162.04,metrica:Home:12,attacker_complete_support_unavailable
1,162.04,metrica:Home:13,attacker_complete_support_unavailable
1,162.04,metrica:Home:14,attacker_complete_support_unavailable
1,162.04,metrica:Home:2,complete_ten_defenders_unavailable
1,162.04,metrica:Home:3,complete_ten_defenders_unavailable
1,162.04,metrica:Home:4,complete_ten_defenders_unavailable
1,162.04,metrica:Home:5,attacker_complete_support_unavailable
1,162.04,metrica:Home:6,attacker_complete_support_unavailable
1,162.04,metrica:Home:7,complete_ten_defenders_unavailable
1,162.04,metrica:Home:8,attacker_complete_support_unavailable
1,162.04,metrica:Home:9,attacker_complete_support_unavailable
1,166.04,metrica:Home:1,complete_ten_defenders_unavailable
1,166.04,metrica:Home:10,attacker_complete_support_unavailable
1,166.04,metrica:Home:12,attacker_complete_support_unavailable
1,166.04,metrica:Home:13,attacker_complete_support_unavailable
1,166.04,metrica:Home:14,attacker_complete_support_unavailable
1,166.04,metrica:Home:2,complete_ten_defenders_unavailable
1,166.04,metrica:Home:3,complete_ten_defenders_unavailable
1,166.04,metrica:Home:4,complete_ten_defenders_unavailable
1,166.04,metrica:Home:5,attacker_complete_support_unavailable
1,166.04,metrica:Home:6,attacker_complete_support_unavailable
1,166.04,metrica:Home:7,complete_ten_defenders_unavailable
1,166.04,metrica:Home:8,attacker_complete_support_unavailable
1,166.04,metrica:Home:9,attacker_complete_support_unavailable
1,170.04,metrica:Home:1,complete_ten_defenders_unavailable
1,170.04,metrica:Home:10,attacker_complete_support_unavailable
1,170.04,metrica:Home:12,attacker_complete_support_unavailable
1,170.04,metrica:Home:13,attacker_complete_support_unavailable
1,170.04,metrica:Home:14,attacker_complete_support_unavailable
1,170.04,metrica:Home:2,complete_ten_defenders_unavailable
1,170.04,metrica:Home:3,complete_ten_defenders_unavailable
1,170.04,metrica:Home:4,complete_ten_defenders_unavailable
1,170.04,metrica:Home:5,attacker_complete_support_unavailable
1,170.04,metrica:Home:6,attacker_complete_support_unavailable
1,170.04,metrica:Home:7,complete_ten_defenders_unavailable
1,170.04,metrica:Home:8,attacker_complete_support_unavailable
1,170.04,metrica:Home:9,attacker_complete_support_unavailable
1,174.04,metrica:Home:1,complete_ten_defenders_unavailable
1,174.04,metrica:Home:10,attacker_complete_support_unavailable
1,174.04,metrica:Home:12,attacker_complete_support_unavailable
1,174.04,metrica:Home:13,attacker_complete_support_unavailable
1,174.04,metrica:Home:14,attacker_complete_support_unavailable
1,174.04,metrica:Home:2,complete_ten_defenders_unavailable
1,174.04,metrica:Home:3,complete_ten_defenders_unavailable
1,174.04,metrica:Home:4,complete_ten_defenders_unavailable
1,174.04,metrica:Home:5,attacker_complete_support_unavailable
1,174.04,metrica:Home:6,attacker_complete_support_unavailable
1,174.04,metrica:Home:7,complete_ten_defenders_unavailable
1,174.04,metrica:Home:8,attacker_complete_support_unavailable
1,174.04,metrica:Home:9,attacker_complete_support_unavailable
1,178.04,metrica:Home:1,complete_ten_defenders_unavailable
1,178.04,metrica:Home:10,attacker_complete_support_unavailable
1,178.04,metrica:Home:12,attacker_complete_support_unavailable
1,178.04,metrica:Home:13,attacker_complete_support_unavailable
1,178.04,metrica:Home:14,attacker_complete_support_unavailable
1,178.04,metrica:Home:2,complete_ten_defenders_unavailable
1,178.04,metrica:Home:3,complete_ten_defenders_unavailable
1,178.04,metrica:Home:4,complete_ten_defenders_unavailable
1,178.04,metrica:Home:5,attacker_complete_support_unavailable
1,178.04,metrica:Home:6,attacker_complete_support_unavailable
1,178.04,metrica:Home:7,complete_ten_defenders_unavailable
1,178.04,metrica:Home:8,attacker_complete_support_unavailable
1,178.04,metrica:Home:9,attacker_complete_support_unavailable
1,182.04,metrica:Home:1,complete_ten_defenders_unavailable
1,182.04,metrica:Home:10,attacker_complete_support_unavailable
1,182.04,metrica:Home:12,attacker_complete_support_unavailable
1,182.04,metrica:Home:13,attacker_complete_support_unavailable
1,182.04,metrica:Home:14,attacker_complete_support_unavailable
1,182.04,metrica:Home:2,complete_ten_defenders_unavailable
1,182.04,metrica:Home:3,complete_ten_defenders_unavailable
1,182.04,metrica:Home:4,complete_ten_defenders_unavailable
1,182.04,metrica:Home:5,attacker_complete_support_unavailable
1,182.04,metrica:Home:6,attacker_complete_support_unavailable
1,182.04,metrica:Home:7,complete_ten_defenders_unavailable
1,182.04,metrica:Home:8,attacker_complete_support_unavailable
1,182.04,metrica:Home:9,attacker_complete_support_unavailable
1,186.04,metrica:Home:1,complete_ten_defenders_unavailable
1,186.04,metrica:Home:10,attacker_complete_support_unavailable
1,186.04,metrica:Home:12,attacker_complete_support_unavailable
1,186.04,metrica:Home:13,attacker_complete_support_unavailable
1,186.04,metrica:Home:14,attacker_complete_support_unavailable
1,186.04,metrica:Home:2,complete_ten_defenders_unavailable
1,186.04,metrica:Home:3,complete_ten_defenders_unavailable
1,186.04,metrica:Home:4,complete_ten_defenders_unavailable
1,186.04,metrica:Home:5,attacker_complete_support_unavailable
1,186.04,metrica:Home:6,attacker_complete_support_unavailable
1,186.04,metrica:Home:7,complete_ten_defenders_unavailable
1,186.04,metrica:Home:8,attacker_complete_support_unavailable
1,186.04,metrica:Home:9,attacker_complete_support_unavailable
1,190.04,metrica:Home:1,complete_ten_defenders_unavailable
1,190.04,metrica:Home:10,attacker_complete_support_unavailable
1,190.04,metrica:Home:12,attacker_complete_support_unavailable
1,190.04,metrica:Home:13,attacker_complete_support_unavailable
1,190.04,metrica:Home:14,attacker_complete_support_unavailable
1,190.04,metrica:Home:2,complete_ten_defenders_unavailable
1,190.04,metrica:Home:3,complete_ten_defenders_unavailable
1,190.04,metrica:Home:4,complete_ten_defenders_unavailable
1,190.04,metrica:Home:5,attacker_complete_support_unavailable
1,190.04,metrica:Home:6,attacker_complete_support_unavailable
1,190.04,metrica:Home:7,complete_ten_defenders_unavailable
1,190.04,metrica:Home:8,attacker_complete_support_unavailable
1,190.04,metrica:Home:9,attacker_complete_support_unavailable
1,194.04,metrica:Home:1,complete_ten_defenders_unavailable
1,194.04,metrica:Home:10,attacker_complete_support_unavailable
1,194.04,metrica:Home:12,attacker_complete_support_unavailable
1,194.04,metrica:Home:13,attacker_complete_support_unavailable
1,194.04,metrica:Home:14,attacker_complete_support_unavailable
1,194.04,metrica:Home:2,complete_ten_defenders_unavailable
1,194.04,metrica:Home:3,complete_ten_defenders_unavailable
1,194.04,metrica:Home:4,complete_ten_defenders_unavailable
1,194.04,metrica:Home:5,attacker_complete_support_unavailable
1,194.04,metrica:Home:6,attacker_complete_support_unavailable
1,194.04,metrica:Home:7,complete_ten_defenders_unavailable
1,194.04,metrica:Home:8,attacker_complete_support_unavailable
1,194.04,metrica:Home:9,attacker_complete_support_unavailable
1,198.04,metrica:Home:1,complete_ten_defenders_unavailable
1,198.04,metrica:Home:10,attacker_complete_support_unavailable
1,198.04,metrica:Home:12,attacker_complete_support_unavailable
1,198.04,metrica:Home:13,attacker_complete_support_unavailable
1,198.04,metrica:Home:14,attacker_complete_support_unavailable
1,198.04,metrica:Home:2,complete_ten_defenders_unavailable
1,198.04,metrica:Home:3,complete_ten_defenders_unavailable
1,198.04,metrica:Home:4,complete_ten_defenders_unavailable
1,198.04,metrica:Home:5,attacker_complete_support_unavailable
1,198.04,metrica:Home:6,attacker_complete_support_unavailable
1,198.04,metrica:Home:7,complete_ten_defenders_unavailable
1,198.04,metrica:Home:8,attacker_complete_support_unavailable
1,198.04,metrica:Home:9,attacker_complete_support_unavailable
1,202.04,metrica:Away:15,attacker_complete_support_unavailable
1,202.04,metrica:Away:16,complete_ten_defenders_unavailable
1,202.04,metrica:Away:17,attacker_complete_support_unavailable
1,202.04,metrica:Away:18,complete_ten_defenders_unavailable
1,202.04,metrica:Away:19,complete_ten_defenders_unavailable
1,202.04,metrica:Away:20,attacker_complete_support_unavailable
1,202.04,metrica:Away:21,complete_ten_defenders_unavailable
1,202.04,metrica:Away:22,complete_ten_defenders_unavailable
1,202.04,metrica:Away:23,complete_ten_defenders_unavailable
1,202.04,metrica:Away:24,complete_ten_defenders_unavailable
1,202.04,metrica:Away:26,attacker_complete_support_unavailable
1,206.04,metrica:Away:15,attacker_complete_support_unavailable
1,206.04,metrica:Away:16,complete_ten_defenders_unavailable
1,206.04,metrica:Away:17,attacker_complete_support_unavailable
1,206.04,metrica:Away:18,complete_ten_defenders_unavailable
1,206.04,metrica:Away:19,complete_ten_defenders_unavailable
1,206.04,metrica:Away:20,attacker_complete_support_unavailable
1,206.04,metrica:Away:21,complete_ten_defenders_unavailable
1,206.04,metrica:Away:22,complete_ten_defenders_unavailable
1,206.04,metrica:Away:23,complete_ten_defenders_unavailable
1,206.04,metrica:Away:24,complete_ten_defenders_unavailable
1,206.04,metrica:Away:26,attacker_complete_support_unavailable
1,210.04,metrica:Home:1,complete_ten_defenders_unavailable
1,210.04,metrica:Home:10,attacker_complete_support_unavailable
1,210.04,metrica:Home:12,attacker_complete_support_unavailable
1,210.04,metrica:Home:13,attacker_complete_support_unavailable
1,210.04,metrica:Home:14,attacker_complete_support_unavailable
1,210.04,metrica:Home:2,complete_ten_defenders_unavailable
1,210.04,metrica:Home:3,complete_ten_defenders_unavailable
1,210.04,metrica:Home:4,complete_ten_defenders_unavailable
1,210.04,metrica:Home:5,attacker_complete_support_unavailable
1,210.04,metrica:Home:6,attacker_complete_support_unavailable
1,210.04,metrica:Home:7,complete_ten_defenders_unavailable
1,210.04,metrica:Home:8,attacker_complete_support_unavailable
1,210.04,metrica:Home:9,attacker_complete_support_unavailable
1,214.04,metrica:Home:1,complete_ten_defenders_unavailable
1,214.04,metrica:Home:10,attacker_complete_support_unavailable
1,214.04,metrica:Home:12,attacker_complete_support_unavailable
1,214.04,metrica:Home:13,attacker_complete_support_unavailable
1,214.04,metrica:Home:14,attacker_complete_support_unavailable
1,214.04,metrica:Home:2,complete_ten_defenders_unavailable
1,214.04,metrica:Home:3,complete_ten_defenders_unavailable
1,214.04,metrica:Home:4,complete_ten_defenders_unavailable
1,214.04,metrica:Home:5,attacker_complete_support_unavailable
1,214.04,metrica:Home:6,attacker_complete_support_unavailable
1,214.04,metrica:Home:7,complete_ten_defenders_unavailable
1,214.04,metrica:Home:8,attacker_complete_support_unavailable
1,214.04,metrica:Home:9,attacker_complete_support_unavailable
1,218.04,metrica:Home:1,complete_ten_defenders_unavailable
1,218.04,metrica:Home:10,attacker_complete_support_unavailable
1,218.04,metrica:Home:12,attacker_complete_support_unavailable
1,218.04,metrica:Home:13,attacker_complete_support_unavailable
1,218.04,metrica:Home:14,attacker_complete_support_unavailable
1,218.04,metrica:Home:2,complete_ten_defenders_unavailable
1,218.04,metrica:Home:3,complete_ten_defenders_unavailable
1,218.04,metrica:Home:4,complete_ten_defenders_unavailable
1,218.04,metrica:Home:5,attacker_complete_support_unavailable
1,218.04,metrica:Home:6,attacker_complete_support_unavailable
1,218.04,metrica:Home:7,complete_ten_defenders_unavailable
1,218.04,metrica:Home:8,attacker_complete_support_unavailable
1,218.04,metrica:Home:9,attacker_complete_support_unavailable
1,222.04,metrica:Home:1,complete_ten_defenders_unavailable
1,222.04,metrica:Home:10,attacker_complete_support_unavailable
1,222.04,metrica:Home:12,attacker_complete_support_unavailable
1,222.04,metrica:Home:13,attacker_complete_support_unavailable
1,222.04,metrica:Home:14,attacker_complete_support_unavailable
1,222.04,metrica:Home:2,complete_ten_defenders_unavailable
1,222.04,metrica:Home:3,complete_ten_defenders_unavailable
1,222.04,metrica:Home:4,complete_ten_defenders_unavailable
1,222.04,metrica:Home:5,attacker_complete_support_unavailable
1,222.04,metrica:Home:6,attacker_complete_support_unavailable
1,222.04,metrica:Home:7,complete_ten_defenders_unavailable
1,222.04,metrica:Home:8,attacker_complete_support_unavailable
1,222.04,metrica:Home:9,attacker_complete_support_unavailable
1,226.04,metrica:Home:1,complete_ten_defenders_unavailable
1,226.04,metrica:Home:10,attacker_complete_support_unavailable
1,226.04,metrica:Home:12,attacker_complete_support_unavailable
1,226.04,metrica:Home:13,attacker_complete_support_unavailable
1,226.04,metrica:Home:14,attacker_complete_support_unavailable
1,226.04,metrica:Home:2,complete_ten_defenders_unavailable
1,226.04,metrica:Home:3,complete_ten_defenders_unavailable
1,226.04,metrica:Home:4,complete_ten_defenders_unavailable
1,226.04,metrica:Home:5,attacker_complete_support_unavailable
1,226.04,metrica:Home:6,attacker_complete_support_unavailable
1,226.04,metrica:Home:7,complete_ten_defenders_unavailable
1,226.04,metrica:Home:8,attacker_complete_support_unavailable
1,226.04,metrica:Home:9,attacker_complete_support_unavailable
1,230.04,metrica:Home:1,complete_ten_defenders_unavailable
1,230.04,metrica:Home:10,attacker_complete_support_unavailable
1,230.04,metrica:Home:12,attacker_complete_support_unavailable
1,230.04,metrica:Home:13,attacker_complete_support_unavailable
1,230.04,metrica:Home:14,attacker_complete_support_unavailable
1,230.04,metrica:Home:2,complete_ten_defenders_unavailable
1,230.04,metrica:Home:3,complete_ten_defenders_unavailable
1,230.04,metrica:Home:4,complete_ten_defenders_unavailable
1,230.04,metrica:Home:5,attacker_complete_support_unavailable
1,230.04,metrica:Home:6,attacker_complete_support_unavailable
1,230.04,metrica:Home:7,complete_ten_defenders_unavailable
1,230.04,metrica:Home:8,attacker_complete_support_unavailable
1,230.04,metrica:Home:9,attacker_complete_support_unavailable
1,234.04,metrica:Away:15,attacker_complete_support_unavailable
1,234.04,metrica:Away:16,complete_ten_defenders_unavailable
1,234.04,metrica:Away:17,attacker_complete_support_unavailable
1,234.04,metrica:Away:18,complete_ten_defenders_unavailable
1,234.04,metrica:Away:19,complete_ten_defenders_unavailable
1,234.04,metrica:Away:20,attacker_complete_support_unavailable
1,234.04,metrica:Away:21,complete_ten_defenders_unavailable
1,234.04,metrica:Away:22,complete_ten_defenders_unavailable
1,234.04,metrica:Away:23,complete_ten_defenders_unavailable
1,234.04,metrica:Away:24,complete_ten_defenders_unavailable
1,234.04,metrica:Away:26,attacker_complete_support_unavailable
1,238.04,metrica:Away:15,attacker_complete_support_unavailable
1,238.04,metrica:Away:16,complete_ten_defenders_unavailable
1,238.04,metrica:Away:17,attacker_complete_support_unavailable
1,238.04,metrica:Away:18,complete_ten_defenders_unavailable
1,238.04,metrica:Away:19,complete_ten_defenders_unavailable
1,238.04,metrica:Away:20,attacker_complete_support_unavailable
1,238.04,metrica:Away:21,complete_ten_defenders_unavailable
1,238.04,metrica:Away:22,complete_ten_defenders_unavailable
1,238.04,metrica:Away:23,complete_ten_defenders_unavailable
1,238.04,metrica:Away:24,complete_ten_defenders_unavailable
1,238.04,metrica:Away:26,attacker_complete_support_unavailable
1,242.04,metrica:Away:15,restart_or_ball_out_span
1,242.04,metrica:Away:16,restart_or_ball_out_span
1,242.04,metrica:Away:17,restart_or_ball_out_span
1,242.04,metrica:Away:18,restart_or_ball_out_span
1,242.04,metrica:Away:19,restart_or_ball_out_span
1,242.04,metrica:Away:20,restart_or_ball_out_span
1,242.04,metrica:Away:21,restart_or_ball_out_span
1,242.04,metrica:Away:22,restart_or_ball_out_span
1,242.04,metrica:Away:23,restart_or_ball_out_span
1,242.04,metrica:Away:24,restart_or_ball_out_span
1,242.04,metrica:Away:26,restart_or_ball_out_span
1,246.04,metrica:Away:15,attacker_complete_support_unavailable
1,246.04,metrica:Away:16,complete_ten_defenders_unavailable
1,246.04,metrica:Away:17,attacker_complete_support_unavailable
1,246.04,metrica:Away:18,complete_ten_defenders_unavailable
1,246.04,metrica:Away:19,complete_ten_defenders_unavailable
1,246.04,metrica:Away:20,attacker_complete_support_unavailable
1,246.04,metrica:Away:21,complete_ten_defenders_unavailable
1,246.04,metrica:Away:22,complete_ten_defenders_unavailable
1,246.04,metrica:Away:23,complete_ten_defenders_unavailable
1,246.04,metrica:Away:24,complete_ten_defenders_unavailable
1,246.04,metrica:Away:26,attacker_complete_support_unavailable
1,250.04,metrica:Away:15,attacker_complete_support_unavailable
1,250.04,metrica:Away:16,complete_ten_defenders_unavailable
1,250.04,metrica:Away:17,attacker_complete_support_unavailable
1,250.04,metrica:Away:18,complete_ten_defenders_unavailable
1,250.04,metrica:Away:19,complete_ten_defenders_unavailable
1,250.04,metrica:Away:20,attacker_complete_support_unavailable
1,250.04,metrica:Away:21,complete_ten_defenders_unavailable
1,250.04,metrica:Away:22,complete_ten_defenders_unavailable
1,250.04,metrica:Away:23,complete_ten_defenders_unavailable
1,250.04,metrica:Away:24,complete_ten_defenders_unavailable
1,250.04,metrica:Away:26,attacker_complete_support_unavailable
1,254.04,metrica:Away:15,restart_or_ball_out_span
1,254.04,metrica:Away:16,restart_or_ball_out_span
1,254.04,metrica:Away:17,restart_or_ball_out_span
1,254.04,metrica:Away:18,restart_or_ball_out_span
1,254.04,metrica:Away:19,restart_or_ball_out_span
1,254.04,metrica:Away:20,restart_or_ball_out_span
1,254.04,metrica:Away:21,restart_or_ball_out_span
1,254.04,metrica:Away:22,restart_or_ball_out_span
1,254.04,metrica:Away:23,restart_or_ball_out_span
1,254.04,metrica:Away:24,restart_or_ball_out_span
1,254.04,metrica:Away:26,restart_or_ball_out_span
1,258.04,metrica:Home:1,complete_ten_defenders_unavailable
1,258.04,metrica:Home:10,attacker_complete_support_unavailable
1,258.04,metrica:Home:12,attacker_complete_support_unavailable
1,258.04,metrica:Home:13,attacker_complete_support_unavailable
1,258.04,metrica:Home:14,attacker_complete_support_unavailable
1,258.04,metrica:Home:2,complete_ten_defenders_unavailable
1,258.04,metrica:Home:3,complete_ten_defenders_unavailable
1,258.04,metrica:Home:4,complete_ten_defenders_unavailable
1,258.04,metrica:Home:5,attacker_complete_support_unavailable
1,258.04,metrica:Home:6,attacker_complete_support_unavailable
1,258.04,metrica:Home:7,complete_ten_defenders_unavailable
1,258.04,metrica:Home:8,attacker_complete_support_unavailable
1,258.04,metrica:Home:9,attacker_complete_support_unavailable
1,262.04,metrica:Home:1,complete_ten_defenders_unavailable
1,262.04,metrica:Home:10,attacker_complete_support_unavailable
1,262.04,metrica:Home:12,attacker_complete_support_unavailable
1,262.04,metrica:Home:13,attacker_complete_support_unavailable
1,262.04,metrica:Home:14,attacker_complete_support_unavailable
1,262.04,metrica:Home:2,complete_ten_defenders_unavailable
1,262.04,metrica:Home:3,complete_ten_defenders_unavailable
1,262.04,metrica:Home:4,complete_ten_defenders_unavailable
1,262.04,metrica:Home:5,attacker_complete_support_unavailable
1,262.04,metrica:Home:6,attacker_complete_support_unavailable
1,262.04,metrica:Home:7,complete_ten_defenders_unavailable
1,262.04,metrica:Home:8,attacker_complete_support_unavailable
1,262.04,metrica:Home:9,attacker_complete_support_unavailable
1,266.04,metrica:Away:15,attacker_complete_support_unavailable
1,266.04,metrica:Away:16,complete_ten_defenders_unavailable
1,266.04,metrica:Away:17,attacker_complete_support_unavailable
1,266.04,metrica:Away:18,complete_ten_defenders_unavailable
1,266.04,metrica:Away:19,complete_ten_defenders_unavailable
1,266.04,metrica:Away:20,attacker_complete_support_unavailable
1,266.04,metrica:Away:21,complete_ten_defenders_unavailable
1,266.04,metrica:Away:22,complete_ten_defenders_unavailable
1,266.04,metrica:Away:23,complete_ten_defenders_unavailable
1,266.04,metrica:Away:24,complete_ten_defenders_unavailable
1,266.04,metrica:Away:26,attacker_complete_support_unavailable
1,270.04,metrica:Home:1,complete_ten_defenders_unavailable
1,270.04,metrica:Home:10,attacker_complete_support_unavailable
1,270.04,metrica:Home:12,attacker_complete_support_unavailable
1,270.04,metrica:Home:13,attacker_complete_support_unavailable
1,270.04,metrica:Home:14,attacker_complete_support_unavailable
1,270.04,metrica:Home:2,complete_ten_defenders_unavailable
1,270.04,metrica:Home:3,complete_ten_defenders_unavailable
1,270.04,metrica:Home:4,complete_ten_defenders_unavailable
1,270.04,metrica:Home:5,attacker_complete_support_unavailable
1,270.04,metrica:Home:6,attacker_complete_support_unavailable
1,270.04,metrica:Home:7,complete_ten_defenders_unavailable
1,270.04,metrica:Home:8,attacker_complete_support_unavailable
1,270.04,metrica:Home:9,attacker_complete_support_unavailable
1,274.04,metrica:Home:1,complete_ten_defenders_unavailable
1,274.04,metrica:Home:10,attacker_complete_support_unavailable
1,274.04,metrica:Home:12,attacker_complete_support_unavailable
1,274.04,metrica:Home:13,attacker_complete_support_unavailable
1,274.04,metrica:Home:14,attacker_complete_support_unavailable
1,274.04,metrica:Home:2,complete_ten_defenders_unavailable
1,274.04,metrica:Home:3,complete_ten_defenders_unavailable
1,274.04,metrica:Home:4,complete_ten_defenders_unavailable
1,274.04,metrica:Home:5,attacker_complete_support_unavailable
1,274.04,metrica:Home:6,attacker_complete_support_unavailable
1,274.04,metrica:Home:7,complete_ten_defenders_unavailable
1,274.04,metrica:Home:8,attacker_complete_support_unavailable
1,274.04,metrica:Home:9,attacker_complete_support_unavailable
1,278.04,metrica:Home:1,complete_ten_defenders_unavailable
1,278.04,metrica:Home:10,attacker_complete_support_unavailable
1,278.04,metrica:Home:12,attacker_complete_support_unavailable
1,278.04,metrica:Home:13,attacker_complete_support_unavailable
1,278.04,metrica:Home:14,attacker_complete_support_unavailable
1,278.04,metrica:Home:2,complete_ten_defenders_unavailable
1,278.04,metrica:Home:3,complete_ten_defenders_unavailable
1,278.04,metrica:Home:4,complete_ten_defenders_unavailable
1,278.04,metrica:Home:5,attacker_complete_support_unavailable
1,278.04,metrica:Home:6,attacker_complete_support_unavailable
1,278.04,metrica:Home:7,complete_ten_defenders_unavailable
1,278.04,metrica:Home:8,attacker_complete_support_unavailable
1,278.04,metrica:Home:9,attacker_complete_support_unavailable
1,282.04,metrica:Home:1,restart_or_ball_out_span
1,282.04,metrica:Home:10,restart_or_ball_out_span
1,282.04,metrica:Home:12,restart_or_ball_out_span
1,282.04,metrica:Home:13,restart_or_ball_out_span
1,282.04,metrica:Home:14,restart_or_ball_out_span
1,282.04,metrica:Home:2,restart_or_ball_out_span
1,282.04,metrica:Home:3,restart_or_ball_out_span
1,282.04,metrica:Home:4,restart_or_ball_out_span
1,282.04,metrica:Home:5,restart_or_ball_out_span
1,282.04,metrica:Home:6,restart_or_ball_out_span
1,282.04,metrica:Home:7,restart_or_ball_out_span
1,282.04,metrica:Home:8,restart_or_ball_out_span
1,282.04,metrica:Home:9,restart_or_ball_out_span
1,286.04,metrica:Home:1,complete_ten_defenders_unavailable
1,286.04,metrica:Home:10,attacker_complete_support_unavailable
1,286.04,metrica:Home:12,attacker_complete_support_unavailable
1,286.04,metrica:Home:13,attacker_complete_support_unavailable
1,286.04,metrica:Home:14,attacker_complete_support_unavailable
1,286.04,metrica:Home:2,complete_ten_defenders_unavailable
1,286.04,metrica:Home:3,complete_ten_defenders_unavailable
1,286.04,metrica:Home:4,complete_ten_defenders_unavailable
1,286.04,metrica:Home:5,attacker_complete_support_unavailable
1,286.04,metrica:Home:6,attacker_complete_support_unavailable
1,286.04,metrica:Home:7,complete_ten_defenders_unavailable
1,286.04,metrica:Home:8,attacker_complete_support_unavailable
1,286.04,metrica:Home:9,attacker_complete_support_unavailable
1,290.04,metrica:Home:1,complete_ten_defenders_unavailable
1,290.04,metrica:Home:10,attacker_complete_support_unavailable
1,290.04,metrica:Home:12,attacker_complete_support_unavailable
1,290.04,metrica:Home:13,attacker_complete_support_unavailable
1,290.04,metrica:Home:14,attacker_complete_support_unavailable
1,290.04,metrica:Home:2,complete_ten_defenders_unavailable
1,290.04,metrica:Home:3,complete_ten_defenders_unavailable
1,290.04,metrica:Home:4,complete_ten_defenders_unavailable
1,290.04,metrica:Home:5,attacker_complete_support_unavailable
1,290.04,metrica:Home:6,attacker_complete_support_unavailable
1,290.04,metrica:Home:7,complete_ten_defenders_unavailable
1,290.04,metrica:Home:8,attacker_complete_support_unavailable
1,290.04,metrica:Home:9,attacker_complete_support_unavailable
1,294.04,metrica:Home:1,complete_ten_defenders_unavailable
1,294.04,metrica:Home:10,attacker_complete_support_unavailable
1,294.04,metrica:Home:12,attacker_complete_support_unavailable
1,294.04,metrica:Home:13,attacker_complete_support_unavailable
1,294.04,metrica:Home:14,attacker_complete_support_unavailable
1,294.04,metrica:Home:2,complete_ten_defenders_unavailable
1,294.04,metrica:Home:3,complete_ten_defenders_unavailable
1,294.04,metrica:Home:4,complete_ten_defenders_unavailable
1,294.04,metrica:Home:5,attacker_complete_support_unavailable
1,294.04,metrica:Home:6,attacker_complete_support_unavailable
1,294.04,metrica:Home:7,complete_ten_defenders_unavailable
1,294.04,metrica:Home:8,attacker_complete_support_unavailable
1,294.04,metrica:Home:9,attacker_complete_support_unavailable
1,298.04,metrica:Home:1,complete_ten_defenders_unavailable
1,298.04,metrica:Home:10,attacker_complete_support_unavailable
1,298.04,metrica:Home:12,attacker_complete_support_unavailable
1,298.04,metrica:Home:13,attacker_complete_support_unavailable
1,298.04,metrica:Home:14,attacker_complete_support_unavailable
1,298.04,metrica:Home:2,complete_ten_defenders_unavailable
1,298.04,metrica:Home:3,complete_ten_defenders_unavailable
1,298.04,metrica:Home:4,complete_ten_defenders_unavailable
1,298.04,metrica:Home:5,attacker_complete_support_unavailable
1,298.04,metrica:Home:6,attacker_complete_support_unavailable
1,298.04,metrica:Home:7,complete_ten_defenders_unavailable
1,298.04,metrica:Home:8,attacker_complete_support_unavailable
1,298.04,metrica:Home:9,attacker_complete_support_unavailable
1,302.04,metrica:Home:1,complete_ten_defenders_unavailable
1,302.04,metrica:Home:10,attacker_complete_support_unavailable
1,302.04,metrica:Home:12,attacker_complete_support_unavailable
1,302.04,metrica:Home:13,attacker_complete_support_unavailable
1,302.04,metrica:Home:14,attacker_complete_support_unavailable
1,302.04,metrica:Home:2,complete_ten_defenders_unavailable
1,302.04,metrica:Home:3,complete_ten_defenders_unavailable
1,302.04,metrica:Home:4,complete_ten_defenders_unavailable
1,302.04,metrica:Home:5,attacker_complete_support_unavailable
1,302.04,metrica:Home:6,attacker_complete_support_unavailable
1,302.04,metrica:Home:7,complete_ten_defenders_unavailable
1,302.04,metrica:Home:8,attacker_complete_support_unavailable
1,302.04,metrica:Home:9,attacker_complete_support_unavailable
1,306.04,metrica:Home:1,complete_ten_defenders_unavailable
1,306.04,metrica:Home:10,attacker_complete_support_unavailable
1,306.04,metrica:Home:12,attacker_complete_support_unavailable
1,306.04,metrica:Home:13,attacker_complete_support_unavailable
1,306.04,metrica:Home:14,attacker_complete_support_unavailable
1,306.04,metrica:Home:2,complete_ten_defenders_unavailable
1,306.04,metrica:Home:3,complete_ten_defenders_unavailable
1,306.04,metrica:Home:4,complete_ten_defenders_unavailable
1,306.04,metrica:Home:5,attacker_complete_support_unavailable
1,306.04,metrica:Home:6,attacker_complete_support_unavailable
1,306.04,metrica:Home:7,complete_ten_defenders_unavailable
1,306.04,metrica:Home:8,attacker_complete_support_unavailable
1,306.04,metrica:Home:9,attacker_complete_support_unavailable
1,310.04,metrica:Home:1,complete_ten_defenders_unavailable
1,310.04,metrica:Home:10,attacker_complete_support_unavailable
1,310.04,metrica:Home:12,attacker_complete_support_unavailable
1,310.04,metrica:Home:13,attacker_complete_support_unavailable
1,310.04,metrica:Home:14,attacker_complete_support_unavailable
1,310.04,metrica:Home:2,complete_ten_defenders_unavailable
1,310.04,metrica:Home:3,complete_ten_defenders_unavailable
1,310.04,metrica:Home:4,complete_ten_defenders_unavailable
1,310.04,metrica:Home:5,attacker_complete_support_unavailable
1,310.04,metrica:Home:6,attacker_complete_support_unavailable
1,310.04,metrica:Home:7,complete_ten_defenders_unavailable
1,310.04,metrica:Home:8,attacker_complete_support_unavailable
1,310.04,metrica:Home:9,attacker_complete_support_unavailable
1,314.04,metrica:Away:15,attacker_complete_support_unavailable
1,314.04,metrica:Away:16,complete_ten_defenders_unavailable
1,314.04,metrica:Away:17,attacker_complete_support_unavailable
1,314.04,metrica:Away:18,complete_ten_defenders_unavailable
1,314.04,metrica:Away:19,complete_ten_defenders_unavailable
1,314.04,metrica:Away:20,attacker_complete_support_unavailable
1,314.04,metrica:Away:21,complete_ten_defenders_unavailable
1,314.04,metrica:Away:22,complete_ten_defenders_unavailable
1,314.04,metrica:Away:23,complete_ten_defenders_unavailable
1,314.04,metrica:Away:24,complete_ten_defenders_unavailable
1,314.04,metrica:Away:26,attacker_complete_support_unavailable
1,318.04,metrica:Away:15,attacker_complete_support_unavailable
1,318.04,metrica:Away:16,complete_ten_defenders_unavailable
1,318.04,metrica:Away:17,attacker_complete_support_unavailable
1,318.04,metrica:Away:18,complete_ten_defenders_unavailable
1,318.04,metrica:Away:19,complete_ten_defenders_unavailable
1,318.04,metrica:Away:20,attacker_complete_support_unavailable
1,318.04,metrica:Away:21,complete_ten_defenders_unavailable
1,318.04,metrica:Away:22,complete_ten_defenders_unavailable
1,318.04,metrica:Away:23,complete_ten_defenders_unavailable
1,318.04,metrica:Away:24,complete_ten_defenders_unavailable
1,318.04,metrica:Away:26,attacker_complete_support_unavailable
1,322.04,metrica:Away:15,attacker_complete_support_unavailable
1,322.04,metrica:Away:16,complete_ten_defenders_unavailable
1,322.04,metrica:Away:17,attacker_complete_support_unavailable
1,322.04,metrica:Away:18,complete_ten_defenders_unavailable
1,322.04,metrica:Away:19,complete_ten_defenders_unavailable
1,322.04,metrica:Away:20,attacker_complete_support_unavailable
1,322.04,metrica:Away:21,complete_ten_defenders_unavailable
1,322.04,metrica:Away:22,complete_ten_defenders_unavailable
1,322.04,metrica:Away:23,complete_ten_defenders_unavailable
1,322.04,metrica:Away:24,complete_ten_defenders_unavailable
1,322.04,metrica:Away:26,attacker_complete_support_unavailable
1,326.04,metrica:Home:1,restart_or_ball_out_span
1,326.04,metrica:Home:10,restart_or_ball_out_span
1,326.04,metrica:Home:12,restart_or_ball_out_span
1,326.04,metrica:Home:13,restart_or_ball_out_span
1,326.04,metrica:Home:14,restart_or_ball_out_span
1,326.04,metrica:Home:2,restart_or_ball_out_span
1,326.04,metrica:Home:3,restart_or_ball_out_span
1,326.04,metrica:Home:4,restart_or_ball_out_span
1,326.04,metrica:Home:5,restart_or_ball_out_span
1,326.04,metrica:Home:6,restart_or_ball_out_span
1,326.04,metrica:Home:7,restart_or_ball_out_span
1,326.04,metrica:Home:8,restart_or_ball_out_span
1,326.04,metrica:Home:9,restart_or_ball_out_span
1,330.04,metrica:Home:1,complete_ten_defenders_unavailable
1,330.04,metrica:Home:10,attacker_complete_support_unavailable
1,330.04,metrica:Home:12,attacker_complete_support_unavailable
1,330.04,metrica:Home:13,attacker_complete_support_unavailable
1,330.04,metrica:Home:14,attacker_complete_support_unavailable
1,330.04,metrica:Home:2,complete_ten_defenders_unavailable
1,330.04,metrica:Home:3,complete_ten_defenders_unavailable
1,330.04,metrica:Home:4,complete_ten_defenders_unavailable
1,330.04,metrica:Home:5,attacker_complete_support_unavailable
1,330.04,metrica:Home:6,attacker_complete_support_unavailable
1,330.04,metrica:Home:7,complete_ten_defenders_unavailable
1,330.04,metrica:Home:8,attacker_complete_support_unavailable
1,330.04,metrica:Home:9,attacker_complete_support_unavailable
1,334.04,metrica:Away:15,attacker_complete_support_unavailable
1,334.04,metrica:Away:16,complete_ten_defenders_unavailable
1,334.04,metrica:Away:17,attacker_complete_support_unavailable
1,334.04,metrica:Away:18,complete_ten_defenders_unavailable
1,334.04,metrica:Away:19,complete_ten_defenders_unavailable
1,334.04,metrica:Away:20,attacker_complete_support_unavailable
1,334.04,metrica:Away:21,complete_ten_defenders_unavailable
1,334.04,metrica:Away:22,complete_ten_defenders_unavailable
1,334.04,metrica:Away:23,complete_ten_defenders_unavailable
1,334.04,metrica:Away:24,complete_ten_defenders_unavailable
1,334.04,metrica:Away:26,attacker_complete_support_unavailable
1,338.04,metrica:Away:15,attacker_complete_support_unavailable
1,338.04,metrica:Away:16,complete_ten_defenders_unavailable
1,338.04,metrica:Away:17,attacker_complete_support_unavailable
1,338.04,metrica:Away:18,complete_ten_defenders_unavailable
1,338.04,metrica:Away:19,complete_ten_defenders_unavailable
1,338.04,metrica:Away:20,attacker_complete_support_unavailable
1,338.04,metrica:Away:21,complete_ten_defenders_unavailable
1,338.04,metrica:Away:22,complete_ten_defenders_unavailable
1,338.04,metrica:Away:23,complete_ten_defenders_unavailable
1,338.04,metrica:Away:24,complete_ten_defenders_unavailable
1,338.04,metrica:Away:26,attacker_complete_support_unavailable
1,342.04,metrica:Away:15,restart_or_ball_out_span
1,342.04,metrica:Away:16,restart_or_ball_out_span
1,342.04,metrica:Away:17,restart_or_ball_out_span
1,342.04,metrica:Away:18,restart_or_ball_out_span
1,342.04,metrica:Away:19,restart_or_ball_out_span
1,342.04,metrica:Away:20,restart_or_ball_out_span
1,342.04,metrica:Away:21,restart_or_ball_out_span
1,342.04,metrica:Away:22,restart_or_ball_out_span
1,342.04,metrica:Away:23,restart_or_ball_out_span
1,342.04,metrica:Away:24,restart_or_ball_out_span
1,342.04,metrica:Away:26,restart_or_ball_out_span
1,346.04,metrica:Away:15,attacker_complete_support_unavailable
1,346.04,metrica:Away:16,complete_ten_defenders_unavailable
1,346.04,metrica:Away:17,attacker_complete_support_unavailable
1,346.04,metrica:Away:18,complete_ten_defenders_unavailable
1,346.04,metrica:Away:19,complete_ten_defenders_unavailable
1,346.04,metrica:Away:20,attacker_complete_support_unavailable
1,346.04,metrica:Away:21,complete_ten_defenders_unavailable
1,346.04,metrica:Away:22,complete_ten_defenders_unavailable
1,346.04,metrica:Away:23,complete_ten_defenders_unavailable
1,346.04,metrica:Away:24,complete_ten_defenders_unavailable
1,346.04,metrica:Away:26,attacker_complete_support_unavailable
1,350.04,metrica:Home:1,restart_or_ball_out_span
1,350.04,metrica:Home:10,restart_or_ball_out_span
1,350.04,metrica:Home:12,restart_or_ball_out_span
1,350.04,metrica:Home:13,restart_or_ball_out_span
1,350.04,metrica:Home:14,restart_or_ball_out_span
1,350.04,metrica:Home:2,restart_or_ball_out_span
1,350.04,metrica:Home:3,restart_or_ball_out_span
1,350.04,metrica:Home:4,restart_or_ball_out_span
1,350.04,metrica:Home:5,restart_or_ball_out_span
1,350.04,metrica:Home:6,restart_or_ball_out_span
1,350.04,metrica:Home:7,restart_or_ball_out_span
1,350.04,metrica:Home:8,restart_or_ball_out_span
1,350.04,metrica:Home:9,restart_or_ball_out_span
1,354.04,metrica:Home:1,complete_ten_defenders_unavailable
1,354.04,metrica:Home:10,attacker_complete_support_unavailable
1,354.04,metrica:Home:12,attacker_complete_support_unavailable
1,354.04,metrica:Home:13,attacker_complete_support_unavailable
1,354.04,metrica:Home:14,attacker_complete_support_unavailable
1,354.04,metrica:Home:2,complete_ten_defenders_unavailable
1,354.04,metrica:Home:3,complete_ten_defenders_unavailable
1,354.04,metrica:Home:4,complete_ten_defenders_unavailable
1,354.04,metrica:Home:5,attacker_complete_support_unavailable
1,354.04,metrica:Home:6,attacker_complete_support_unavailable
1,354.04,metrica:Home:7,complete_ten_defenders_unavailable
1,354.04,metrica:Home:8,attacker_complete_support_unavailable
1,354.04,metrica:Home:9,attacker_complete_support_unavailable
1,358.04,metrica:Home:1,complete_ten_defenders_unavailable
1,358.04,metrica:Home:10,attacker_complete_support_unavailable
1,358.04,metrica:Home:12,attacker_complete_support_unavailable
1,358.04,metrica:Home:13,attacker_complete_support_unavailable
1,358.04,metrica:Home:14,attacker_complete_support_unavailable
1,358.04,metrica:Home:2,complete_ten_defenders_unavailable
1,358.04,metrica:Home:3,complete_ten_defenders_unavailable
1,358.04,metrica:Home:4,complete_ten_defenders_unavailable
1,358.04,metrica:Home:5,attacker_complete_support_unavailable
1,358.04,metrica:Home:6,attacker_complete_support_unavailable
1,358.04,metrica:Home:7,complete_ten_defenders_unavailable
1,358.04,metrica:Home:8,attacker_complete_support_unavailable
1,358.04,metrica:Home:9,attacker_complete_support_unavailable
1,362.04,metrica:Home:1,complete_ten_defenders_unavailable
1,362.04,metrica:Home:10,attacker_complete_support_unavailable
1,362.04,metrica:Home:12,attacker_complete_support_unavailable
1,362.04,metrica:Home:13,attacker_complete_support_unavailable
1,362.04,metrica:Home:14,attacker_complete_support_unavailable
1,362.04,metrica:Home:2,complete_ten_defenders_unavailable
1,362.04,metrica:Home:3,complete_ten_defenders_unavailable
1,362.04,metrica:Home:4,complete_ten_defenders_unavailable
1,362.04,metrica:Home:5,attacker_complete_support_unavailable
1,362.04,metrica:Home:6,attacker_complete_support_unavailable
1,362.04,metrica:Home:7,complete_ten_defenders_unavailable
1,362.04,metrica:Home:8,attacker_complete_support_unavailable
1,362.04,metrica:Home:9,attacker_complete_support_unavailable
1,366.04,metrica:Home:1,complete_ten_defenders_unavailable
1,366.04,metrica:Home:10,attacker_complete_support_unavailable
1,366.04,metrica:Home:12,attacker_complete_support_unavailable
1,366.04,metrica:Home:13,attacker_complete_support_unavailable
1,366.04,metrica:Home:14,attacker_complete_support_unavailable
1,366.04,metrica:Home:2,complete_ten_defenders_unavailable
1,366.04,metrica:Home:3,complete_ten_defenders_unavailable
1,366.04,metrica:Home:4,complete_ten_defenders_unavailable
1,366.04,metrica:Home:5,attacker_complete_support_unavailable
1,366.04,metrica:Home:6,attacker_complete_support_unavailable
1,366.04,metrica:Home:7,complete_ten_defenders_unavailable
1,366.04,metrica:Home:8,attacker_complete_support_unavailable
1,366.04,metrica:Home:9,attacker_complete_support_unavailable
1,370.04,metrica:Home:1,complete_ten_defenders_unavailable
1,370.04,metrica:Home:10,attacker_complete_support_unavailable
1,370.04,metrica:Home:12,attacker_complete_support_unavailable
1,370.04,metrica:Home:13,attacker_complete_support_unavailable
1,370.04,metrica:Home:14,attacker_complete_support_unavailable
1,370.04,metrica:Home:2,complete_ten_defenders_unavailable
1,370.04,metrica:Home:3,complete_ten_defenders_unavailable
1,370.04,metrica:Home:4,complete_ten_defenders_unavailable
1,370.04,metrica:Home:5,attacker_complete_support_unavailable
1,370.04,metrica:Home:6,attacker_complete_support_unavailable
1,370.04,metrica:Home:7,complete_ten_defenders_unavailable
1,370.04,metrica:Home:8,attacker_complete_support_unavailable
1,370.04,metrica:Home:9,attacker_complete_support_unavailable
1,374.04,metrica:Home:1,complete_ten_defenders_unavailable
1,374.04,metrica:Home:10,attacker_complete_support_unavailable
1,374.04,metrica:Home:12,attacker_complete_support_unavailable
1,374.04,metrica:Home:13,attacker_complete_support_unavailable
1,374.04,metrica:Home:14,attacker_complete_support_unavailable
1,374.04,metrica:Home:2,complete_ten_defenders_unavailable
1,374.04,metrica:Home:3,complete_ten_defenders_unavailable
1,374.04,metrica:Home:4,complete_ten_defenders_unavailable
1,374.04,metrica:Home:5,attacker_complete_support_unavailable
1,374.04,metrica:Home:6,attacker_complete_support_unavailable
1,374.04,metrica:Home:7,complete_ten_defenders_unavailable
1,374.04,metrica:Home:8,attacker_complete_support_unavailable
1,374.04,metrica:Home:9,attacker_complete_support_unavailable
1,378.04,metrica:Home:1,complete_ten_defenders_unavailable
1,378.04,metrica:Home:10,attacker_complete_support_unavailable
1,378.04,metrica:Home:12,attacker_complete_support_unavailable
1,378.04,metrica:Home:13,attacker_complete_support_unavailable
1,378.04,metrica:Home:14,attacker_complete_support_unavailable
1,378.04,metrica:Home:2,complete_ten_defenders_unavailable
1,378.04,metrica:Home:3,complete_ten_defenders_unavailable
1,378.04,metrica:Home:4,complete_ten_defenders_unavailable
1,378.04,metrica:Home:5,attacker_complete_support_unavailable
1,378.04,metrica:Home:6,attacker_complete_support_unavailable
1,378.04,metrica:Home:7,complete_ten_defenders_unavailable
1,378.04,metrica:Home:8,attacker_complete_support_unavailable
1,378.04,metrica:Home:9,attacker_complete_support_unavailable
1,382.04,metrica:Home:1,complete_ten_defenders_unavailable
1,382.04,metrica:Home:10,attacker_complete_support_unavailable
1,382.04,metrica:Home:12,attacker_complete_support_unavailable
1,382.04,metrica:Home:13,attacker_complete_support_unavailable
1,382.04,metrica:Home:14,attacker_complete_support_unavailable
1,382.04,metrica:Home:2,complete_ten_defenders_unavailable
1,382.04,metrica:Home:3,complete_ten_defenders_unavailable
1,382.04,metrica:Home:4,complete_ten_defenders_unavailable
1,382.04,metrica:Home:5,attacker_complete_support_unavailable
1,382.04,metrica:Home:6,attacker_complete_support_unavailable
1,382.04,metrica:Home:7,complete_ten_defenders_unavailable
1,382.04,metrica:Home:8,attacker_complete_support_unavailable
1,382.04,metrica:Home:9,attacker_complete_support_unavailable
1,386.04,metrica:Home:1,complete_ten_defenders_unavailable
1,386.04,metrica:Home:10,attacker_complete_support_unavailable
1,386.04,metrica:Home:12,attacker_complete_support_unavailable
1,386.04,metrica:Home:13,attacker_complete_support_unavailable
1,386.04,metrica:Home:14,attacker_complete_support_unavailable
1,386.04,metrica:Home:2,complete_ten_defenders_unavailable
1,386.04,metrica:Home:3,complete_ten_defenders_unavailable
1,386.04,metrica:Home:4,complete_ten_defenders_unavailable
1,386.04,metrica:Home:5,attacker_complete_support_unavailable
1,386.04,metrica:Home:6,attacker_complete_support_unavailable
1,386.04,metrica:Home:7,complete_ten_defenders_unavailable
1,386.04,metrica:Home:8,attacker_complete_support_unavailable
1,386.04,metrica:Home:9,attacker_complete_support_unavailable
1,390.04,metrica:Home:1,complete_ten_defenders_unavailable
1,390.04,metrica:Home:10,attacker_complete_support_unavailable
1,390.04,metrica:Home:12,attacker_complete_support_unavailable
1,390.04,metrica:Home:13,attacker_complete_support_unavailable
1,390.04,metrica:Home:14,attacker_complete_support_unavailable
1,390.04,metrica:Home:2,complete_ten_defenders_unavailable
1,390.04,metrica:Home:3,complete_ten_defenders_unavailable
1,390.04,metrica:Home:4,complete_ten_defenders_unavailable
1,390.04,metrica:Home:5,attacker_complete_support_unavailable
1,390.04,metrica:Home:6,attacker_complete_support_unavailable
1,390.04,metrica:Home:7,complete_ten_defenders_unavailable
1,390.04,metrica:Home:8,attacker_complete_support_unavailable
1,390.04,metrica:Home:9,attacker_complete_support_unavailable
1,394.04,metrica:Home:1,complete_ten_defenders_unavailable
1,394.04,metrica:Home:10,attacker_complete_support_unavailable
1,394.04,metrica:Home:12,attacker_complete_support_unavailable
1,394.04,metrica:Home:13,attacker_complete_support_unavailable
1,394.04,metrica:Home:14,attacker_complete_support_unavailable
1,394.04,metrica:Home:2,complete_ten_defenders_unavailable
1,394.04,metrica:Home:3,complete_ten_defenders_unavailable
1,394.04,metrica:Home:4,complete_ten_defenders_unavailable
1,394.04,metrica:Home:5,attacker_complete_support_unavailable
1,394.04,metrica:Home:6,attacker_complete_support_unavailable
1,394.04,metrica:Home:7,complete_ten_defenders_unavailable
1,394.04,metrica:Home:8,attacker_complete_support_unavailable
1,394.04,metrica:Home:9,attacker_complete_support_unavailable
1,398.04,metrica:Away:15,restart_or_ball_out_span
1,398.04,metrica:Away:16,restart_or_ball_out_span
1,398.04,metrica:Away:17,restart_or_ball_out_span
1,398.04,metrica:Away:18,restart_or_ball_out_span
1,398.04,metrica:Away:19,restart_or_ball_out_span
1,398.04,metrica:Away:20,restart_or_ball_out_span
1,398.04,metrica:Away:21,restart_or_ball_out_span
1,398.04,metrica:Away:22,restart_or_ball_out_span
1,398.04,metrica:Away:23,restart_or_ball_out_span
1,398.04,metrica:Away:24,restart_or_ball_out_span
1,398.04,metrica:Away:26,restart_or_ball_out_span
1,402.04,metrica:Away:15,attacker_complete_support_unavailable
1,402.04,metrica:Away:16,complete_ten_defenders_unavailable
1,402.04,metrica:Away:17,attacker_complete_support_unavailable
1,402.04,metrica:Away:18,complete_ten_defenders_unavailable
1,402.04,metrica:Away:19,complete_ten_defenders_unavailable
1,402.04,metrica:Away:20,attacker_complete_support_unavailable
1,402.04,metrica:Away:21,complete_ten_defenders_unavailable
1,402.04,metrica:Away:22,complete_ten_defenders_unavailable
1,402.04,metrica:Away:23,complete_ten_defenders_unavailable
1,402.04,metrica:Away:24,complete_ten_defenders_unavailable
1,402.04,metrica:Away:26,attacker_complete_support_unavailable
1,406.04,metrica:Away:15,attacker_complete_support_unavailable
1,406.04,metrica:Away:16,complete_ten_defenders_unavailable
1,406.04,metrica:Away:17,attacker_complete_support_unavailable
1,406.04,metrica:Away:18,complete_ten_defenders_unavailable
1,406.04,metrica:Away:19,complete_ten_defenders_unavailable
1,406.04,metrica:Away:20,attacker_complete_support_unavailable
1,406.04,metrica:Away:21,complete_ten_defenders_unavailable
1,406.04,metrica:Away:22,complete_ten_defenders_unavailable
1,406.04,metrica:Away:23,complete_ten_defenders_unavailable
1,406.04,metrica:Away:24,complete_ten_defenders_unavailable
1,406.04,metrica:Away:26,attacker_complete_support_unavailable
1,410.04,metrica:Away:15,attacker_complete_support_unavailable
1,410.04,metrica:Away:16,complete_ten_defenders_unavailable
1,410.04,metrica:Away:17,attacker_complete_support_unavailable
1,410.04,metrica:Away:18,complete_ten_defenders_unavailable
1,410.04,metrica:Away:19,complete_ten_defenders_unavailable
1,410.04,metrica:Away:20,attacker_complete_support_unavailable
1,410.04,metrica:Away:21,complete_ten_defenders_unavailable
1,410.04,metrica:Away:22,complete_ten_defenders_unavailable
1,410.04,metrica:Away:23,complete_ten_defenders_unavailable
1,410.04,metrica:Away:24,complete_ten_defenders_unavailable
1,410.04,metrica:Away:26,attacker_complete_support_unavailable
1,414.04,metrica:Away:15,attacker_complete_support_unavailable
1,414.04,metrica:Away:16,complete_ten_defenders_unavailable
1,414.04,metrica:Away:17,attacker_complete_support_unavailable
1,414.04,metrica:Away:18,complete_ten_defenders_unavailable
1,414.04,metrica:Away:19,complete_ten_defenders_unavailable
1,414.04,metrica:Away:20,attacker_complete_support_unavailable
1,414.04,metrica:Away:21,complete_ten_defenders_unavailable
1,414.04,metrica:Away:22,complete_ten_defenders_unavailable
1,414.04,metrica:Away:23,complete_ten_defenders_unavailable
1,414.04,metrica:Away:24,complete_ten_defenders_unavailable
1,414.04,metrica:Away:26,attacker_complete_support_unavailable
1,418.04,metrica:Away:15,restart_or_ball_out_span
1,418.04,metrica:Away:16,restart_or_ball_out_span
1,418.04,metrica:Away:17,restart_or_ball_out_span
1,418.04,metrica:Away:18,restart_or_ball_out_span
1,418.04,metrica:Away:19,restart_or_ball_out_span
1,418.04,metrica:Away:20,restart_or_ball_out_span
1,418.04,metrica:Away:21,restart_or_ball_out_span
1,418.04,metrica:Away:22,restart_or_ball_out_span
1,418.04,metrica:Away:23,restart_or_ball_out_span
1,418.04,metrica:Away:24,restart_or_ball_out_span
1,418.04,metrica:Away:26,restart_or_ball_out_span
1,422.04,metrica:Away:15,restart_or_ball_out_span
1,422.04,metrica:Away:16,restart_or_ball_out_span
1,422.04,metrica:Away:17,restart_or_ball_out_span
1,422.04,metrica:Away:18,restart_or_ball_out_span
1,422.04,metrica:Away:19,restart_or_ball_out_span
1,422.04,metrica:Away:20,restart_or_ball_out_span
1,422.04,metrica:Away:21,restart_or_ball_out_span
1,422.04,metrica:Away:22,restart_or_ball_out_span
1,422.04,metrica:Away:23,restart_or_ball_out_span
1,422.04,metrica:Away:24,restart_or_ball_out_span
1,422.04,metrica:Away:26,restart_or_ball_out_span
1,426.04,metrica:Away:15,attacker_complete_support_unavailable
1,426.04,metrica:Away:16,complete_ten_defenders_unavailable
1,426.04,metrica:Away:17,attacker_complete_support_unavailable
1,426.04,metrica:Away:18,complete_ten_defenders_unavailable
1,426.04,metrica:Away:19,complete_ten_defenders_unavailable
1,426.04,metrica:Away:20,attacker_complete_support_unavailable
1,426.04,metrica:Away:21,complete_ten_defenders_unavailable
1,426.04,metrica:Away:22,complete_ten_defenders_unavailable
1,426.04,metrica:Away:23,complete_ten_defenders_unavailable
1,426.04,metrica:Away:24,complete_ten_defenders_unavailable
1,426.04,metrica:Away:26,attacker_complete_support_unavailable
1,430.04,metrica:Home:1,restart_or_ball_out_span
1,430.04,metrica:Home:10,restart_or_ball_out_span
1,430.04,metrica:Home:12,restart_or_ball_out_span
1,430.04,metrica:Home:13,restart_or_ball_out_span
1,430.04,metrica:Home:14,restart_or_ball_out_span
1,430.04,metrica:Home:2,restart_or_ball_out_span
1,430.04,metrica:Home:3,restart_or_ball_out_span
1,430.04,metrica:Home:4,restart_or_ball_out_span
1,430.04,metrica:Home:5,restart_or_ball_out_span
1,430.04,metrica:Home:6,restart_or_ball_out_span
1,430.04,metrica:Home:7,restart_or_ball_out_span
1,430.04,metrica:Home:8,restart_or_ball_out_span
1,430.04,metrica:Home:9,restart_or_ball_out_span
1,434.04,metrica:Home:1,complete_ten_defenders_unavailable
1,434.04,metrica:Home:10,attacker_complete_support_unavailable
1,434.04,metrica:Home:12,attacker_complete_support_unavailable
1,434.04,metrica:Home:13,attacker_complete_support_unavailable
1,434.04,metrica:Home:14,attacker_complete_support_unavailable
1,434.04,metrica:Home:2,complete_ten_defenders_unavailable
1,434.04,metrica:Home:3,complete_ten_defenders_unavailable
1,434.04,metrica:Home:4,complete_ten_defenders_unavailable
1,434.04,metrica:Home:5,attacker_complete_support_unavailable
1,434.04,metrica:Home:6,attacker_complete_support_unavailable
1,434.04,metrica:Home:7,complete_ten_defenders_unavailable
1,434.04,metrica:Home:8,attacker_complete_support_unavailable
1,434.04,metrica:Home:9,attacker_complete_support_unavailable
1,438.04,metrica:Home:1,complete_ten_defenders_unavailable
1,438.04,metrica:Home:10,attacker_complete_support_unavailable
1,438.04,metrica:Home:12,attacker_complete_support_unavailable
1,438.04,metrica:Home:13,attacker_complete_support_unavailable
1,438.04,metrica:Home:14,attacker_complete_support_unavailable
1,438.04,metrica:Home:2,complete_ten_defenders_unavailable
1,438.04,metrica:Home:3,complete_ten_defenders_unavailable
1,438.04,metrica:Home:4,complete_ten_defenders_unavailable
1,438.04,metrica:Home:5,attacker_complete_support_unavailable
1,438.04,metrica:Home:6,attacker_complete_support_unavailable
1,438.04,metrica:Home:7,complete_ten_defenders_unavailable
1,438.04,metrica:Home:8,attacker_complete_support_unavailable
1,438.04,metrica:Home:9,attacker_complete_support_unavailable
1,442.04,metrica:Home:1,complete_ten_defenders_unavailable
1,442.04,metrica:Home:10,attacker_complete_support_unavailable
1,442.04,metrica:Home:12,attacker_complete_support_unavailable
1,442.04,metrica:Home:13,attacker_complete_support_unavailable
1,442.04,metrica:Home:14,attacker_complete_support_unavailable
1,442.04,metrica:Home:2,complete_ten_defenders_unavailable
1,442.04,metrica:Home:3,complete_ten_defenders_unavailable
1,442.04,metrica:Home:4,complete_ten_defenders_unavailable
1,442.04,metrica:Home:5,attacker_complete_support_unavailable
1,442.04,metrica:Home:6,attacker_complete_support_unavailable
1,442.04,metrica:Home:7,complete_ten_defenders_unavailable
1,442.04,metrica:Home:8,attacker_complete_support_unavailable
1,442.04,metrica:Home:9,attacker_complete_support_unavailable
1,446.04,metrica:Away:15,attacker_complete_support_unavailable
1,446.04,metrica:Away:16,complete_ten_defenders_unavailable
1,446.04,metrica:Away:17,attacker_complete_support_unavailable
1,446.04,metrica:Away:18,complete_ten_defenders_unavailable
1,446.04,metrica:Away:19,complete_ten_defenders_unavailable
1,446.04,metrica:Away:20,attacker_complete_support_unavailable
1,446.04,metrica:Away:21,complete_ten_defenders_unavailable
1,446.04,metrica:Away:22,complete_ten_defenders_unavailable
1,446.04,metrica:Away:23,complete_ten_defenders_unavailable
1,446.04,metrica:Away:24,complete_ten_defenders_unavailable
1,446.04,metrica:Away:26,attacker_complete_support_unavailable
1,450.04,metrica:Home:1,complete_ten_defenders_unavailable
1,450.04,metrica:Home:10,attacker_complete_support_unavailable
1,450.04,metrica:Home:12,attacker_complete_support_unavailable
1,450.04,metrica:Home:13,attacker_complete_support_unavailable
1,450.04,metrica:Home:14,attacker_complete_support_unavailable
1,450.04,metrica:Home:2,complete_ten_defenders_unavailable
1,450.04,metrica:Home:3,complete_ten_defenders_unavailable
1,450.04,metrica:Home:4,complete_ten_defenders_unavailable
1,450.04,metrica:Home:5,attacker_complete_support_unavailable
1,450.04,metrica:Home:6,attacker_complete_support_unavailable
1,450.04,metrica:Home:7,complete_ten_defenders_unavailable
1,450.04,metrica:Home:8,attacker_complete_support_unavailable
1,450.04,metrica:Home:9,attacker_complete_support_unavailable
1,454.04,metrica:Home:1,complete_ten_defenders_unavailable
1,454.04,metrica:Home:10,attacker_complete_support_unavailable
1,454.04,metrica:Home:12,attacker_complete_support_unavailable
1,454.04,metrica:Home:13,attacker_complete_support_unavailable
1,454.04,metrica:Home:14,attacker_complete_support_unavailable
1,454.04,metrica:Home:2,complete_ten_defenders_unavailable
1,454.04,metrica:Home:3,complete_ten_defenders_unavailable
1,454.04,metrica:Home:4,complete_ten_defenders_unavailable
1,454.04,metrica:Home:5,attacker_complete_support_unavailable
1,454.04,metrica:Home:6,attacker_complete_support_unavailable
1,454.04,metrica:Home:7,complete_ten_defenders_unavailable
1,454.04,metrica:Home:8,attacker_complete_support_unavailable
1,454.04,metrica:Home:9,attacker_complete_support_unavailable
1,458.04,metrica:Home:1,complete_ten_defenders_unavailable
1,458.04,metrica:Home:10,attacker_complete_support_unavailable
1,458.04,metrica:Home:12,attacker_complete_support_unavailable
1,458.04,metrica:Home:13,attacker_complete_support_unavailable
1,458.04,metrica:Home:14,attacker_complete_support_unavailable
1,458.04,metrica:Home:2,complete_ten_defenders_unavailable
1,458.04,metrica:Home:3,complete_ten_defenders_unavailable
1,458.04,metrica:Home:4,complete_ten_defenders_unavailable
1,458.04,metrica:Home:5,attacker_complete_support_unavailable
1,458.04,metrica:Home:6,attacker_complete_support_unavailable
1,458.04,metrica:Home:7,complete_ten_defenders_unavailable
1,458.04,metrica:Home:8,attacker_complete_support_unavailable
1,458.04,metrica:Home:9,attacker_complete_support_unavailable
1,462.04,metrica:Away:15,attacker_complete_support_unavailable
1,462.04,metrica:Away:16,complete_ten_defenders_unavailable
1,462.04,metrica:Away:17,attacker_complete_support_unavailable
1,462.04,metrica:Away:18,complete_ten_defenders_unavailable
1,462.04,metrica:Away:19,complete_ten_defenders_unavailable
1,462.04,metrica:Away:20,attacker_complete_support_unavailable
1,462.04,metrica:Away:21,complete_ten_defenders_unavailable
1,462.04,metrica:Away:22,complete_ten_defenders_unavailable
1,462.04,metrica:Away:23,complete_ten_defenders_unavailable
1,462.04,metrica:Away:24,complete_ten_defenders_unavailable
1,462.04,metrica:Away:26,attacker_complete_support_unavailable
1,466.04,metrica:Home:1,complete_ten_defenders_unavailable
1,466.04,metrica:Home:10,attacker_complete_support_unavailable
1,466.04,metrica:Home:12,attacker_complete_support_unavailable
1,466.04,metrica:Home:13,attacker_complete_support_unavailable
1,466.04,metrica:Home:14,attacker_complete_support_unavailable
1,466.04,metrica:Home:2,complete_ten_defenders_unavailable
1,466.04,metrica:Home:3,complete_ten_defenders_unavailable
1,466.04,metrica:Home:4,complete_ten_defenders_unavailable
1,466.04,metrica:Home:5,attacker_complete_support_unavailable
1,466.04,metrica:Home:6,attacker_complete_support_unavailable
1,466.04,metrica:Home:7,complete_ten_defenders_unavailable
1,466.04,metrica:Home:8,attacker_complete_support_unavailable
1,466.04,metrica:Home:9,attacker_complete_support_unavailable
1,470.04,metrica:Home:1,complete_ten_defenders_unavailable
1,470.04,metrica:Home:10,attacker_complete_support_unavailable
1,470.04,metrica:Home:12,attacker_complete_support_unavailable
1,470.04,metrica:Home:13,attacker_complete_support_unavailable
1,470.04,metrica:Home:14,attacker_complete_support_unavailable
1,470.04,metrica:Home:2,complete_ten_defenders_unavailable
1,470.04,metrica:Home:3,complete_ten_defenders_unavailable
1,470.04,metrica:Home:4,complete_ten_defenders_unavailable
1,470.04,metrica:Home:5,attacker_complete_support_unavailable
1,470.04,metrica:Home:6,attacker_complete_support_unavailable
1,470.04,metrica:Home:7,complete_ten_defenders_unavailable
1,470.04,metrica:Home:8,attacker_complete_support_unavailable
1,470.04,metrica:Home:9,attacker_complete_support_unavailable
1,474.04,metrica:Home:1,complete_ten_defenders_unavailable
1,474.04,metrica:Home:10,attacker_complete_support_unavailable
1,474.04,metrica:Home:12,attacker_complete_support_unavailable
1,474.04,metrica:Home:13,attacker_complete_support_unavailable
1,474.04,metrica:Home:14,attacker_complete_support_unavailable
1,474.04,metrica:Home:2,complete_ten_defenders_unavailable
1,474.04,metrica:Home:3,complete_ten_defenders_unavailable
1,474.04,metrica:Home:4,complete_ten_defenders_unavailable
1,474.04,metrica:Home:5,attacker_complete_support_unavailable
1,474.04,metrica:Home:6,attacker_complete_support_unavailable
1,474.04,metrica:Home:7,complete_ten_defenders_unavailable
1,474.04,metrica:Home:8,attacker_complete_support_unavailable
1,474.04,metrica:Home:9,attacker_complete_support_unavailable
1,478.04,metrica:Home:1,complete_ten_defenders_unavailable
1,478.04,metrica:Home:10,attacker_complete_support_unavailable
1,478.04,metrica:Home:12,attacker_complete_support_unavailable
1,478.04,metrica:Home:13,attacker_complete_support_unavailable
1,478.04,metrica:Home:14,attacker_complete_support_unavailable
1,478.04,metrica:Home:2,complete_ten_defenders_unavailable
1,478.04,metrica:Home:3,complete_ten_defenders_unavailable
1,478.04,metrica:Home:4,complete_ten_defenders_unavailable
1,478.04,metrica:Home:5,attacker_complete_support_unavailable
1,478.04,metrica:Home:6,attacker_complete_support_unavailable
1,478.04,metrica:Home:7,attacker_complete_support_unavailable
1,478.04,metrica:Home:8,attacker_complete_support_unavailable
1,478.04,metrica:Home:9,attacker_complete_support_unavailable
1,482.04,metrica:Home:1,complete_ten_defenders_unavailable
1,482.04,metrica:Home:10,attacker_complete_support_unavailable
1,482.04,metrica:Home:12,attacker_complete_support_unavailable
1,482.04,metrica:Home:13,attacker_complete_support_unavailable
1,482.04,metrica:Home:14,attacker_complete_support_unavailable
1,482.04,metrica:Home:2,complete_ten_defenders_unavailable
1,482.04,metrica:Home:3,complete_ten_defenders_unavailable
1,482.04,metrica:Home:4,complete_ten_defenders_unavailable
1,482.04,metrica:Home:5,attacker_complete_support_unavailable
1,482.04,metrica:Home:6,attacker_complete_support_unavailable
1,482.04,metrica:Home:7,attacker_complete_support_unavailable
1,482.04,metrica:Home:8,attacker_complete_support_unavailable
1,482.04,metrica:Home:9,attacker_complete_support_unavailable
1,486.04,metrica:Home:1,complete_ten_defenders_unavailable
1,486.04,metrica:Home:10,attacker_complete_support_unavailable
1,486.04,metrica:Home:12,attacker_complete_support_unavailable
1,486.04,metrica:Home:13,attacker_complete_support_unavailable
1,486.04,metrica:Home:14,attacker_complete_support_unavailable
1,486.04,metrica:Home:2,complete_ten_defenders_unavailable
1,486.04,metrica:Home:3,complete_ten_defenders_unavailable
1,486.04,metrica:Home:4,complete_ten_defenders_unavailable
1,486.04,metrica:Home:5,attacker_complete_support_unavailable
1,486.04,metrica:Home:6,attacker_complete_support_unavailable
1,486.04,metrica:Home:7,attacker_complete_support_unavailable
1,486.04,metrica:Home:8,attacker_complete_support_unavailable
1,486.04,metrica:Home:9,attacker_complete_support_unavailable
1,490.04,metrica:Home:1,complete_ten_defenders_unavailable
1,490.04,metrica:Home:10,attacker_complete_support_unavailable
1,490.04,metrica:Home:12,attacker_complete_support_unavailable
1,490.04,metrica:Home:13,attacker_complete_support_unavailable
1,490.04,metrica:Home:14,attacker_complete_support_unavailable
1,490.04,metrica:Home:2,complete_ten_defenders_unavailable
1,490.04,metrica:Home:3,complete_ten_defenders_unavailable
1,490.04,metrica:Home:4,complete_ten_defenders_unavailable
1,490.04,metrica:Home:5,attacker_complete_support_unavailable
1,490.04,metrica:Home:6,attacker_complete_support_unavailable
1,490.04,metrica:Home:7,attacker_complete_support_unavailable
1,490.04,metrica:Home:8,attacker_complete_support_unavailable
1,490.04,metrica:Home:9,attacker_complete_support_unavailable
1,494.04,metrica:Home:1,complete_ten_defenders_unavailable
1,494.04,metrica:Home:10,attacker_complete_support_unavailable
1,494.04,metrica:Home:12,attacker_complete_support_unavailable
1,494.04,metrica:Home:13,attacker_complete_support_unavailable
1,494.04,metrica:Home:14,attacker_complete_support_unavailable
1,494.04,metrica:Home:2,complete_ten_defenders_unavailable
1,494.04,metrica:Home:3,complete_ten_defenders_unavailable
1,494.04,metrica:Home:4,complete_ten_defenders_unavailable
1,494.04,metrica:Home:5,attacker_complete_support_unavailable
1,494.04,metrica:Home:6,attacker_complete_support_unavailable
1,494.04,metrica:Home:7,complete_ten_defenders_unavailable
1,494.04,metrica:Home:8,attacker_complete_support_unavailable
1,494.04,metrica:Home:9,attacker_complete_support_unavailable
1,498.04,metrica:Home:1,attacker_complete_support_unavailable
1,498.04,metrica:Home:10,attacker_complete_support_unavailable
1,498.04,metrica:Home:12,attacker_complete_support_unavailable
1,498.04,metrica:Home:13,attacker_complete_support_unavailable
1,498.04,metrica:Home:14,attacker_complete_support_unavailable
1,498.04,metrica:Home:2,complete_ten_defenders_unavailable
1,498.04,metrica:Home:3,complete_ten_defenders_unavailable
1,498.04,metrica:Home:4,complete_ten_defenders_unavailable
1,498.04,metrica:Home:5,attacker_complete_support_unavailable
1,498.04,metrica:Home:6,attacker_complete_support_unavailable
1,498.04,metrica:Home:7,complete_ten_defenders_unavailable
1,498.04,metrica:Home:8,attacker_complete_support_unavailable
1,498.04,metrica:Home:9,attacker_complete_support_unavailable
1,502.04,metrica:Home:1,attacker_complete_support_unavailable
1,502.04,metrica:Home:10,attacker_complete_support_unavailable
1,502.04,metrica:Home:12,attacker_complete_support_unavailable
1,502.04,metrica:Home:13,attacker_complete_support_unavailable
1,502.04,metrica:Home:14,attacker_complete_support_unavailable
1,502.04,metrica:Home:2,complete_ten_defenders_unavailable
1,502.04,metrica:Home:3,complete_ten_defenders_unavailable
1,502.04,metrica:Home:4,complete_ten_defenders_unavailable
1,502.04,metrica:Home:5,attacker_complete_support_unavailable
1,502.04,metrica:Home:6,attacker_complete_support_unavailable
1,502.04,metrica:Home:7,complete_ten_defenders_unavailable
1,502.04,metrica:Home:8,attacker_complete_support_unavailable
1,502.04,metrica:Home:9,attacker_complete_support_unavailable
1,506.04,metrica:Home:1,complete_ten_defenders_unavailable
1,506.04,metrica:Home:10,attacker_complete_support_unavailable
1,506.04,metrica:Home:12,attacker_complete_support_unavailable
1,506.04,metrica:Home:13,attacker_complete_support_unavailable
1,506.04,metrica:Home:14,attacker_complete_support_unavailable
1,506.04,metrica:Home:2,complete_ten_defenders_unavailable
1,506.04,metrica:Home:3,complete_ten_defenders_unavailable
1,506.04,metrica:Home:4,complete_ten_defenders_unavailable
1,506.04,metrica:Home:5,attacker_complete_support_unavailable
1,506.04,metrica:Home:6,attacker_complete_support_unavailable
1,506.04,metrica:Home:7,complete_ten_defenders_unavailable
1,506.04,metrica:Home:8,attacker_complete_support_unavailable
1,506.04,metrica:Home:9,attacker_complete_support_unavailable
1,510.04,metrica:Home:1,complete_ten_defenders_unavailable
1,510.04,metrica:Home:10,attacker_complete_support_unavailable
1,510.04,metrica:Home:12,attacker_complete_support_unavailable
1,510.04,metrica:Home:13,attacker_complete_support_unavailable
1,510.04,metrica:Home:14,attacker_complete_support_unavailable
1,510.04,metrica:Home:2,complete_ten_defenders_unavailable
1,510.04,metrica:Home:3,complete_ten_defenders_unavailable
1,510.04,metrica:Home:4,complete_ten_defenders_unavailable
1,510.04,metrica:Home:5,attacker_complete_support_unavailable
1,510.04,metrica:Home:6,attacker_complete_support_unavailable
1,510.04,metrica:Home:7,complete_ten_defenders_unavailable
1,510.04,metrica:Home:8,attacker_complete_support_unavailable
1,510.04,metrica:Home:9,attacker_complete_support_unavailable
1,514.04,metrica:Home:1,complete_ten_defenders_unavailable
1,514.04,metrica:Home:10,attacker_complete_support_unavailable
1,514.04,metrica:Home:12,attacker_complete_support_unavailable
1,514.04,metrica:Home:13,attacker_complete_support_unavailable
1,514.04,metrica:Home:14,attacker_complete_support_unavailable
1,514.04,metrica:Home:2,complete_ten_defenders_unavailable
1,514.04,metrica:Home:3,complete_ten_defenders_unavailable
1,514.04,metrica:Home:4,complete_ten_defenders_unavailable
1,514.04,metrica:Home:5,attacker_complete_support_unavailable
1,514.04,metrica:Home:6,attacker_complete_support_unavailable
1,514.04,metrica:Home:7,complete_ten_defenders_unavailable
1,514.04,metrica:Home:8,attacker_complete_support_unavailable
1,514.04,metrica:Home:9,attacker_complete_support_unavailable
1,518.04,metrica:Home:1,complete_ten_defenders_unavailable
1,518.04,metrica:Home:10,attacker_complete_support_unavailable
1,518.04,metrica:Home:12,attacker_complete_support_unavailable
1,518.04,metrica:Home:13,attacker_complete_support_unavailable
1,518.04,metrica:Home:14,attacker_complete_support_unavailable
1,518.04,metrica:Home:2,complete_ten_defenders_unavailable
1,518.04,metrica:Home:3,complete_ten_defenders_unavailable
1,518.04,metrica:Home:4,attacker_complete_support_unavailable
1,518.04,metrica:Home:5,attacker_complete_support_unavailable
1,518.04,metrica:Home:6,attacker_complete_support_unavailable
1,518.04,metrica:Home:7,complete_ten_defenders_unavailable
1,518.04,metrica:Home:8,attacker_complete_support_unavailable
1,518.04,metrica:Home:9,attacker_complete_support_unavailable
1,522.04,metrica:Home:1,complete_ten_defenders_unavailable
1,522.04,metrica:Home:10,attacker_complete_support_unavailable
1,522.04,metrica:Home:12,attacker_complete_support_unavailable
1,522.04,metrica:Home:13,attacker_complete_support_unavailable
1,522.04,metrica:Home:14,attacker_complete_support_unavailable
1,522.04,metrica:Home:2,complete_ten_defenders_unavailable
1,522.04,metrica:Home:3,complete_ten_defenders_unavailable
1,522.04,metrica:Home:4,attacker_complete_support_unavailable
1,522.04,metrica:Home:5,attacker_complete_support_unavailable
1,522.04,metrica:Home:6,attacker_complete_support_unavailable
1,522.04,metrica:Home:7,complete_ten_defenders_unavailable
1,522.04,metrica:Home:8,complete_ten_defenders_unavailable
1,522.04,metrica:Home:9,attacker_complete_support_unavailable
1,526.04,metrica:Home:1,complete_ten_defenders_unavailable
1,526.04,metrica:Home:10,attacker_complete_support_unavailable
1,526.04,metrica:Home:12,attacker_complete_support_unavailable
1,526.04,metrica:Home:13,attacker_complete_support_unavailable
1,526.04,metrica:Home:14,attacker_complete_support_unavailable
1,526.04,metrica:Home:2,complete_ten_defenders_unavailable
1,526.04,metrica:Home:3,complete_ten_defenders_unavailable
1,526.04,metrica:Home:4,attacker_complete_support_unavailable
1,526.04,metrica:Home:5,attacker_complete_support_unavailable
1,526.04,metrica:Home:6,attacker_complete_support_unavailable
1,526.04,metrica:Home:7,complete_ten_defenders_unavailable
1,526.04,metrica:Home:8,complete_ten_defenders_unavailable
1,526.04,metrica:Home:9,attacker_complete_support_unavailable
1,530.04,metrica:Home:1,complete_ten_defenders_unavailable
1,530.04,metrica:Home:10,attacker_complete_support_unavailable
1,530.04,metrica:Home:12,attacker_complete_support_unavailable
1,530.04,metrica:Home:13,attacker_complete_support_unavailable
1,530.04,metrica:Home:14,attacker_complete_support_unavailable
1,530.04,metrica:Home:2,complete_ten_defenders_unavailable
1,530.04,metrica:Home:3,complete_ten_defenders_unavailable
1,530.04,metrica:Home:4,attacker_complete_support_unavailable
1,530.04,metrica:Home:5,attacker_complete_support_unavailable
1,530.04,metrica:Home:6,attacker_complete_support_unavailable
1,530.04,metrica:Home:7,complete_ten_defenders_unavailable
1,530.04,metrica:Home:8,complete_ten_defenders_unavailable
1,530.04,metrica:Home:9,attacker_complete_support_unavailable
1,534.04,metrica:Home:1,complete_ten_defenders_unavailable
1,534.04,metrica:Home:10,attacker_complete_support_unavailable
1,534.04,metrica:Home:12,attacker_complete_support_unavailable
1,534.04,metrica:Home:13,attacker_complete_support_unavailable
1,534.04,metrica:Home:14,attacker_complete_support_unavailable
1,534.04,metrica:Home:2,complete_ten_defenders_unavailable
1,534.04,metrica:Home:3,complete_ten_defenders_unavailable
1,534.04,metrica:Home:4,attacker_complete_support_unavailable
1,534.04,metrica:Home:5,attacker_complete_support_unavailable
1,534.04,metrica:Home:6,attacker_complete_support_unavailable
1,534.04,metrica:Home:7,complete_ten_defenders_unavailable
1,534.04,metrica:Home:8,complete_ten_defenders_unavailable
1,534.04,metrica:Home:9,attacker_complete_support_unavailable
1,538.04,metrica:Home:1,complete_ten_defenders_unavailable
1,538.04,metrica:Home:10,attacker_complete_support_unavailable
1,538.04,metrica:Home:12,attacker_complete_support_unavailable
1,538.04,metrica:Home:13,attacker_complete_support_unavailable
1,538.04,metrica:Home:14,attacker_complete_support_unavailable
1,538.04,metrica:Home:2,complete_ten_defenders_unavailable
1,538.04,metrica:Home:3,complete_ten_defenders_unavailable
1,538.04,metrica:Home:4,attacker_complete_support_unavailable
1,538.04,metrica:Home:5,attacker_complete_support_unavailable
1,538.04,metrica:Home:6,attacker_complete_support_unavailable
1,538.04,metrica:Home:7,complete_ten_defenders_unavailable
1,538.04,metrica:Home:8,complete_ten_defenders_unavailable
1,538.04,metrica:Home:9,attacker_complete_support_unavailable
1,542.04,metrica:Home:1,complete_ten_defenders_unavailable
1,542.04,metrica:Home:10,attacker_complete_support_unavailable
1,542.04,metrica:Home:12,attacker_complete_support_unavailable
1,542.04,metrica:Home:13,attacker_complete_support_unavailable
1,542.04,metrica:Home:14,attacker_complete_support_unavailable
1,542.04,metrica:Home:2,complete_ten_defenders_unavailable
1,542.04,metrica:Home:3,complete_ten_defenders_unavailable
1,542.04,metrica:Home:4,attacker_complete_support_unavailable
1,542.04,metrica:Home:5,attacker_complete_support_unavailable
1,542.04,metrica:Home:6,attacker_complete_support_unavailable
1,542.04,metrica:Home:7,complete_ten_defenders_unavailable
1,542.04,metrica:Home:8,complete_ten_defenders_unavailable
1,542.04,metrica:Home:9,attacker_complete_support_unavailable
1,546.04,metrica:Home:1,complete_ten_defenders_unavailable
1,546.04,metrica:Home:10,attacker_complete_support_unavailable
1,546.04,metrica:Home:12,attacker_complete_support_unavailable
1,546.04,metrica:Home:13,attacker_complete_support_unavailable
1,546.04,metrica:Home:14,attacker_complete_support_unavailable
1,546.04,metrica:Home:2,complete_ten_defenders_unavailable
1,546.04,metrica:Home:3,complete_ten_defenders_unavailable
1,546.04,metrica:Home:4,attacker_complete_support_unavailable
1,546.04,metrica:Home:5,attacker_complete_support_unavailable
1,546.04,metrica:Home:6,attacker_complete_support_unavailable
1,546.04,metrica:Home:7,complete_ten_defenders_unavailable
1,546.04,metrica:Home:8,complete_ten_defenders_unavailable
1,546.04,metrica:Home:9,attacker_complete_support_unavailable
1,550.04,metrica:Home:1,complete_ten_defenders_unavailable
1,550.04,metrica:Home:10,attacker_complete_support_unavailable
1,550.04,metrica:Home:12,attacker_complete_support_unavailable
1,550.04,metrica:Home:13,attacker_complete_support_unavailable
1,550.04,metrica:Home:14,attacker_complete_support_unavailable
1,550.04,metrica:Home:2,complete_ten_defenders_unavailable
1,550.04,metrica:Home:3,complete_ten_defenders_unavailable
1,550.04,metrica:Home:4,attacker_complete_support_unavailable
1,550.04,metrica:Home:5,attacker_complete_support_unavailable
1,550.04,metrica:Home:6,attacker_complete_support_unavailable
1,550.04,metrica:Home:7,complete_ten_defenders_unavailable
1,550.04,metrica:Home:8,complete_ten_defenders_unavailable
1,550.04,metrica:Home:9,attacker_complete_support_unavailable
1,554.04,metrica:Away:15,restart_or_ball_out_span
1,554.04,metrica:Away:16,restart_or_ball_out_span
1,554.04,metrica:Away:17,restart_or_ball_out_span
1,554.04,metrica:Away:18,restart_or_ball_out_span
1,554.04,metrica:Away:19,restart_or_ball_out_span
1,554.04,metrica:Away:20,restart_or_ball_out_span
1,554.04,metrica:Away:21,restart_or_ball_out_span
1,554.04,metrica:Away:22,restart_or_ball_out_span
1,554.04,metrica:Away:23,restart_or_ball_out_span
1,554.04,metrica:Away:24,restart_or_ball_out_span
1,554.04,metrica:Away:26,restart_or_ball_out_span
1,558.04,metrica:Away:15,attacker_complete_support_unavailable
1,558.04,metrica:Away:16,complete_ten_defenders_unavailable
1,558.04,metrica:Away:17,attacker_complete_support_unavailable
1,558.04,metrica:Away:18,complete_ten_defenders_unavailable
1,558.04,metrica:Away:19,complete_ten_defenders_unavailable
1,558.04,metrica:Away:20,attacker_complete_support_unavailable
1,558.04,metrica:Away:21,complete_ten_defenders_unavailable
1,558.04,metrica:Away:22,complete_ten_defenders_unavailable
1,558.04,metrica:Away:23,complete_ten_defenders_unavailable
1,558.04,metrica:Away:24,complete_ten_defenders_unavailable
1,558.04,metrica:Away:26,attacker_complete_support_unavailable
1,562.04,metrica:Away:15,attacker_complete_support_unavailable
1,562.04,metrica:Away:16,complete_ten_defenders_unavailable
1,562.04,metrica:Away:17,attacker_complete_support_unavailable
1,562.04,metrica:Away:18,complete_ten_defenders_unavailable
1,562.04,metrica:Away:19,complete_ten_defenders_unavailable
1,562.04,metrica:Away:20,attacker_complete_support_unavailable
1,562.04,metrica:Away:21,complete_ten_defenders_unavailable
1,562.04,metrica:Away:22,complete_ten_defenders_unavailable
1,562.04,metrica:Away:23,complete_ten_defenders_unavailable
1,562.04,metrica:Away:24,complete_ten_defenders_unavailable
1,562.04,metrica:Away:26,attacker_complete_support_unavailable
1,566.04,metrica:Away:15,attacker_complete_support_unavailable
1,566.04,metrica:Away:16,complete_ten_defenders_unavailable
1,566.04,metrica:Away:17,attacker_complete_support_unavailable
1,566.04,metrica:Away:18,complete_ten_defenders_unavailable
1,566.04,metrica:Away:19,complete_ten_defenders_unavailable
1,566.04,metrica:Away:20,attacker_complete_support_unavailable
1,566.04,metrica:Away:21,complete_ten_defenders_unavailable
1,566.04,metrica:Away:22,complete_ten_defenders_unavailable
1,566.04,metrica:Away:23,complete_ten_defenders_unavailable
1,566.04,metrica:Away:24,complete_ten_defenders_unavailable
1,566.04,metrica:Away:26,attacker_complete_support_unavailable
1,570.04,metrica:Home:1,complete_ten_defenders_unavailable
1,570.04,metrica:Home:10,attacker_complete_support_unavailable
1,570.04,metrica:Home:12,attacker_complete_support_unavailable
1,570.04,metrica:Home:13,attacker_complete_support_unavailable
1,570.04,metrica:Home:14,attacker_complete_support_unavailable
1,570.04,metrica:Home:2,complete_ten_defenders_unavailable
1,570.04,metrica:Home:3,complete_ten_defenders_unavailable
1,570.04,metrica:Home:4,attacker_complete_support_unavailable
1,570.04,metrica:Home:5,attacker_complete_support_unavailable
1,570.04,metrica:Home:6,attacker_complete_support_unavailable
1,570.04,metrica:Home:7,complete_ten_defenders_unavailable
1,570.04,metrica:Home:8,complete_ten_defenders_unavailable
1,570.04,metrica:Home:9,attacker_complete_support_unavailable
1,574.04,metrica:Home:1,complete_ten_defenders_unavailable
1,574.04,metrica:Home:10,attacker_complete_support_unavailable
1,574.04,metrica:Home:12,attacker_complete_support_unavailable
1,574.04,metrica:Home:13,attacker_complete_support_unavailable
1,574.04,metrica:Home:14,attacker_complete_support_unavailable
1,574.04,metrica:Home:2,complete_ten_defenders_unavailable
1,574.04,metrica:Home:3,complete_ten_defenders_unavailable
1,574.04,metrica:Home:4,attacker_complete_support_unavailable
1,574.04,metrica:Home:5,attacker_complete_support_unavailable
1,574.04,metrica:Home:6,attacker_complete_support_unavailable
1,574.04,metrica:Home:7,complete_ten_defenders_unavailable
1,574.04,metrica:Home:8,complete_ten_defenders_unavailable
1,574.04,metrica:Home:9,attacker_complete_support_unavailable
1,578.04,metrica:Home:1,complete_ten_defenders_unavailable
1,578.04,metrica:Home:10,attacker_complete_support_unavailable
1,578.04,metrica:Home:12,attacker_complete_support_unavailable
1,578.04,metrica:Home:13,attacker_complete_support_unavailable
1,578.04,metrica:Home:14,attacker_complete_support_unavailable
1,578.04,metrica:Home:2,complete_ten_defenders_unavailable
1,578.04,metrica:Home:3,complete_ten_defenders_unavailable
1,578.04,metrica:Home:4,attacker_complete_support_unavailable
1,578.04,metrica:Home:5,attacker_complete_support_unavailable
1,578.04,metrica:Home:6,attacker_complete_support_unavailable
1,578.04,metrica:Home:7,complete_ten_defenders_unavailable
1,578.04,metrica:Home:8,complete_ten_defenders_unavailable
1,578.04,metrica:Home:9,attacker_complete_support_unavailable
1,582.04,metrica:Away:15,restart_or_ball_out_span
1,582.04,metrica:Away:16,restart_or_ball_out_span
1,582.04,metrica:Away:17,restart_or_ball_out_span
1,582.04,metrica:Away:18,restart_or_ball_out_span
1,582.04,metrica:Away:19,restart_or_ball_out_span
1,582.04,metrica:Away:20,restart_or_ball_out_span
1,582.04,metrica:Away:21,restart_or_ball_out_span
1,582.04,metrica:Away:22,restart_or_ball_out_span
1,582.04,metrica:Away:23,restart_or_ball_out_span
1,582.04,metrica:Away:24,restart_or_ball_out_span
1,582.04,metrica:Away:26,restart_or_ball_out_span
1,586.04,metrica:Away:15,attacker_complete_support_unavailable
1,586.04,metrica:Away:16,complete_ten_defenders_unavailable
1,586.04,metrica:Away:17,attacker_complete_support_unavailable
1,586.04,metrica:Away:18,complete_ten_defenders_unavailable
1,586.04,metrica:Away:19,complete_ten_defenders_unavailable
1,586.04,metrica:Away:20,attacker_complete_support_unavailable
1,586.04,metrica:Away:21,complete_ten_defenders_unavailable
1,586.04,metrica:Away:22,complete_ten_defenders_unavailable
1,586.04,metrica:Away:23,complete_ten_defenders_unavailable
1,586.04,metrica:Away:24,complete_ten_defenders_unavailable
1,586.04,metrica:Away:26,attacker_complete_support_unavailable
1,590.04,metrica:Away:15,attacker_complete_support_unavailable
1,590.04,metrica:Away:16,complete_ten_defenders_unavailable
1,590.04,metrica:Away:17,attacker_complete_support_unavailable
1,590.04,metrica:Away:18,complete_ten_defenders_unavailable
1,590.04,metrica:Away:19,complete_ten_defenders_unavailable
1,590.04,metrica:Away:20,attacker_complete_support_unavailable
1,590.04,metrica:Away:21,complete_ten_defenders_unavailable
1,590.04,metrica:Away:22,complete_ten_defenders_unavailable
1,590.04,metrica:Away:23,complete_ten_defenders_unavailable
1,590.04,metrica:Away:24,complete_ten_defenders_unavailable
1,590.04,metrica:Away:26,attacker_complete_support_unavailable
1,594.04,metrica:Home:1,restart_or_ball_out_span
1,594.04,metrica:Home:10,restart_or_ball_out_span
1,594.04,metrica:Home:12,restart_or_ball_out_span
1,594.04,metrica:Home:13,restart_or_ball_out_span
1,594.04,metrica:Home:14,restart_or_ball_out_span
1,594.04,metrica:Home:2,restart_or_ball_out_span
1,594.04,metrica:Home:3,restart_or_ball_out_span
1,594.04,metrica:Home:4,restart_or_ball_out_span
1,594.04,metrica:Home:5,restart_or_ball_out_span
1,594.04,metrica:Home:6,restart_or_ball_out_span
1,594.04,metrica:Home:7,restart_or_ball_out_span
1,594.04,metrica:Home:8,restart_or_ball_out_span
1,594.04,metrica:Home:9,restart_or_ball_out_span
1,598.04,metrica:Home:1,complete_ten_defenders_unavailable
1,598.04,metrica:Home:10,attacker_complete_support_unavailable
1,598.04,metrica:Home:12,attacker_complete_support_unavailable
1,598.04,metrica:Home:13,attacker_complete_support_unavailable
1,598.04,metrica:Home:14,attacker_complete_support_unavailable
1,598.04,metrica:Home:2,complete_ten_defenders_unavailable
1,598.04,metrica:Home:3,complete_ten_defenders_unavailable
1,598.04,metrica:Home:4,attacker_complete_support_unavailable
1,598.04,metrica:Home:5,attacker_complete_support_unavailable
1,598.04,metrica:Home:6,attacker_complete_support_unavailable
1,598.04,metrica:Home:7,complete_ten_defenders_unavailable
1,598.04,metrica:Home:8,complete_ten_defenders_unavailable
1,598.04,metrica:Home:9,attacker_complete_support_unavailable
1,602.04,metrica:Home:1,complete_ten_defenders_unavailable
1,602.04,metrica:Home:10,attacker_complete_support_unavailable
1,602.04,metrica:Home:12,attacker_complete_support_unavailable
1,602.04,metrica:Home:13,attacker_complete_support_unavailable
1,602.04,metrica:Home:14,attacker_complete_support_unavailable
1,602.04,metrica:Home:2,complete_ten_defenders_unavailable
1,602.04,metrica:Home:3,complete_ten_defenders_unavailable
1,602.04,metrica:Home:4,attacker_complete_support_unavailable
1,602.04,metrica:Home:5,attacker_complete_support_unavailable
1,602.04,metrica:Home:6,attacker_complete_support_unavailable
1,602.04,metrica:Home:7,complete_ten_defenders_unavailable
1,602.04,metrica:Home:8,complete_ten_defenders_unavailable
1,602.04,metrica:Home:9,attacker_complete_support_unavailable
1,606.04,metrica:Home:1,complete_ten_defenders_unavailable
1,606.04,metrica:Home:10,attacker_complete_support_unavailable
1,606.04,metrica:Home:12,attacker_complete_support_unavailable
1,606.04,metrica:Home:13,attacker_complete_support_unavailable
1,606.04,metrica:Home:14,attacker_complete_support_unavailable
1,606.04,metrica:Home:2,complete_ten_defenders_unavailable
1,606.04,metrica:Home:3,complete_ten_defenders_unavailable
1,606.04,metrica:Home:4,attacker_complete_support_unavailable
1,606.04,metrica:Home:5,attacker_complete_support_unavailable
1,606.04,metrica:Home:6,attacker_complete_support_unavailable
1,606.04,metrica:Home:7,complete_ten_defenders_unavailable
1,606.04,metrica:Home:8,complete_ten_defenders_unavailable
1,606.04,metrica:Home:9,attacker_complete_support_unavailable
1,610.04,metrica:Home:1,restart_or_ball_out_span
1,610.04,metrica:Home:10,restart_or_ball_out_span
1,610.04,metrica:Home:12,restart_or_ball_out_span
1,610.04,metrica:Home:13,restart_or_ball_out_span
1,610.04,metrica:Home:14,restart_or_ball_out_span
1,610.04,metrica:Home:2,restart_or_ball_out_span
1,610.04,metrica:Home:3,restart_or_ball_out_span
1,610.04,metrica:Home:4,restart_or_ball_out_span
1,610.04,metrica:Home:5,restart_or_ball_out_span
1,610.04,metrica:Home:6,restart_or_ball_out_span
1,610.04,metrica:Home:7,restart_or_ball_out_span
1,610.04,metrica:Home:8,restart_or_ball_out_span
1,610.04,metrica:Home:9,restart_or_ball_out_span
1,614.04,metrica:Home:1,complete_ten_defenders_unavailable
1,614.04,metrica:Home:10,attacker_complete_support_unavailable
1,614.04,metrica:Home:12,attacker_complete_support_unavailable
1,614.04,metrica:Home:13,attacker_complete_support_unavailable
1,614.04,metrica:Home:14,attacker_complete_support_unavailable
1,614.04,metrica:Home:2,complete_ten_defenders_unavailable
1,614.04,metrica:Home:3,complete_ten_defenders_unavailable
1,614.04,metrica:Home:4,attacker_complete_support_unavailable
1,614.04,metrica:Home:5,attacker_complete_support_unavailable
1,614.04,metrica:Home:6,attacker_complete_support_unavailable
1,614.04,metrica:Home:7,complete_ten_defenders_unavailable
1,614.04,metrica:Home:8,complete_ten_defenders_unavailable
1,614.04,metrica:Home:9,attacker_complete_support_unavailable
1,618.04,metrica:Away:15,restart_or_ball_out_span
1,618.04,metrica:Away:16,restart_or_ball_out_span
1,618.04,metrica:Away:17,restart_or_ball_out_span
1,618.04,metrica:Away:18,restart_or_ball_out_span
1,618.04,metrica:Away:19,restart_or_ball_out_span
1,618.04,metrica:Away:20,restart_or_ball_out_span
1,618.04,metrica:Away:21,restart_or_ball_out_span
1,618.04,metrica:Away:22,restart_or_ball_out_span
1,618.04,metrica:Away:23,restart_or_ball_out_span
1,618.04,metrica:Away:24,restart_or_ball_out_span
1,618.04,metrica:Away:26,restart_or_ball_out_span
1,622.04,metrica:Away:15,attacker_complete_support_unavailable
1,622.04,metrica:Away:16,complete_ten_defenders_unavailable
1,622.04,metrica:Away:17,attacker_complete_support_unavailable
1,622.04,metrica:Away:18,complete_ten_defenders_unavailable
1,622.04,metrica:Away:19,complete_ten_defenders_unavailable
1,622.04,metrica:Away:20,attacker_complete_support_unavailable
1,622.04,metrica:Away:21,complete_ten_defenders_unavailable
1,622.04,metrica:Away:22,complete_ten_defenders_unavailable
1,622.04,metrica:Away:23,complete_ten_defenders_unavailable
1,622.04,metrica:Away:24,complete_ten_defenders_unavailable
1,622.04,metrica:Away:26,attacker_complete_support_unavailable
1,626.04,metrica:Away:15,attacker_complete_support_unavailable
1,626.04,metrica:Away:16,complete_ten_defenders_unavailable
1,626.04,metrica:Away:17,attacker_complete_support_unavailable
1,626.04,metrica:Away:18,complete_ten_defenders_unavailable
1,626.04,metrica:Away:19,complete_ten_defenders_unavailable
1,626.04,metrica:Away:20,attacker_complete_support_unavailable
1,626.04,metrica:Away:21,complete_ten_defenders_unavailable
1,626.04,metrica:Away:22,complete_ten_defenders_unavailable
1,626.04,metrica:Away:23,complete_ten_defenders_unavailable
1,626.04,metrica:Away:24,complete_ten_defenders_unavailable
1,626.04,metrica:Away:26,attacker_complete_support_unavailable
1,630.04,metrica:Away:15,attacker_complete_support_unavailable
1,630.04,metrica:Away:16,complete_ten_defenders_unavailable
1,630.04,metrica:Away:17,attacker_complete_support_unavailable
1,630.04,metrica:Away:18,complete_ten_defenders_unavailable
1,630.04,metrica:Away:19,complete_ten_defenders_unavailable
1,630.04,metrica:Away:20,attacker_complete_support_unavailable
1,630.04,metrica:Away:21,complete_ten_defenders_unavailable
1,630.04,metrica:Away:22,complete_ten_defenders_unavailable
1,630.04,metrica:Away:23,complete_ten_defenders_unavailable
1,630.04,metrica:Away:24,complete_ten_defenders_unavailable
1,630.04,metrica:Away:26,attacker_complete_support_unavailable
1,634.04,metrica:Away:15,attacker_complete_support_unavailable
1,634.04,metrica:Away:16,complete_ten_defenders_unavailable
1,634.04,metrica:Away:17,attacker_complete_support_unavailable
1,634.04,metrica:Away:18,complete_ten_defenders_unavailable
1,634.04,metrica:Away:19,complete_ten_defenders_unavailable
1,634.04,metrica:Away:20,attacker_complete_support_unavailable
1,634.04,metrica:Away:21,complete_ten_defenders_unavailable
1,634.04,metrica:Away:22,complete_ten_defenders_unavailable
1,634.04,metrica:Away:23,complete_ten_defenders_unavailable
1,634.04,metrica:Away:24,complete_ten_defenders_unavailable
1,634.04,metrica:Away:26,attacker_complete_support_unavailable
1,638.04,metrica:Home:1,complete_ten_defenders_unavailable
1,638.04,metrica:Home:10,attacker_complete_support_unavailable
1,638.04,metrica:Home:12,attacker_complete_support_unavailable
1,638.04,metrica:Home:13,attacker_complete_support_unavailable
1,638.04,metrica:Home:14,attacker_complete_support_unavailable
1,638.04,metrica:Home:2,complete_ten_defenders_unavailable
1,638.04,metrica:Home:3,complete_ten_defenders_unavailable
1,638.04,metrica:Home:4,attacker_complete_support_unavailable
1,638.04,metrica:Home:5,attacker_complete_support_unavailable
1,638.04,metrica:Home:6,attacker_complete_support_unavailable
1,638.04,metrica:Home:7,complete_ten_defenders_unavailable
1,638.04,metrica:Home:8,complete_ten_defenders_unavailable
1,638.04,metrica:Home:9,attacker_complete_support_unavailable
1,642.04,metrica:Away:15,attacker_complete_support_unavailable
1,642.04,metrica:Away:16,complete_ten_defenders_unavailable
1,642.04,metrica:Away:17,attacker_complete_support_unavailable
1,642.04,metrica:Away:18,complete_ten_defenders_unavailable
1,642.04,metrica:Away:19,complete_ten_defenders_unavailable
1,642.04,metrica:Away:20,attacker_complete_support_unavailable
1,642.04,metrica:Away:21,complete_ten_defenders_unavailable
1,642.04,metrica:Away:22,complete_ten_defenders_unavailable
1,642.04,metrica:Away:23,complete_ten_defenders_unavailable
1,642.04,metrica:Away:24,complete_ten_defenders_unavailable
1,642.04,metrica:Away:26,attacker_complete_support_unavailable
1,646.04,metrica:Away:15,attacker_complete_support_unavailable
1,646.04,metrica:Away:16,complete_ten_defenders_unavailable
1,646.04,metrica:Away:17,attacker_complete_support_unavailable
1,646.04,metrica:Away:18,complete_ten_defenders_unavailable
1,646.04,metrica:Away:19,complete_ten_defenders_unavailable
1,646.04,metrica:Away:20,attacker_complete_support_unavailable
1,646.04,metrica:Away:21,complete_ten_defenders_unavailable
1,646.04,metrica:Away:22,complete_ten_defenders_unavailable
1,646.04,metrica:Away:23,complete_ten_defenders_unavailable
1,646.04,metrica:Away:24,complete_ten_defenders_unavailable
1,646.04,metrica:Away:26,attacker_complete_support_unavailable
1,650.04,metrica:Home:1,complete_ten_defenders_unavailable
1,650.04,metrica:Home:10,attacker_complete_support_unavailable
1,650.04,metrica:Home:12,attacker_complete_support_unavailable
1,650.04,metrica:Home:13,attacker_complete_support_unavailable
1,650.04,metrica:Home:14,attacker_complete_support_unavailable
1,650.04,metrica:Home:2,complete_ten_defenders_unavailable
1,650.04,metrica:Home:3,complete_ten_defenders_unavailable
1,650.04,metrica:Home:4,attacker_complete_support_unavailable
1,650.04,metrica:Home:5,attacker_complete_support_unavailable
1,650.04,metrica:Home:6,attacker_complete_support_unavailable
1,650.04,metrica:Home:7,complete_ten_defenders_unavailable
1,650.04,metrica:Home:8,complete_ten_defenders_unavailable
1,650.04,metrica:Home:9,attacker_complete_support_unavailable
1,654.04,metrica:Home:1,complete_ten_defenders_unavailable
1,654.04,metrica:Home:10,attacker_complete_support_unavailable
1,654.04,metrica:Home:12,attacker_complete_support_unavailable
1,654.04,metrica:Home:13,attacker_complete_support_unavailable
1,654.04,metrica:Home:14,attacker_complete_support_unavailable
1,654.04,metrica:Home:2,complete_ten_defenders_unavailable
1,654.04,metrica:Home:3,complete_ten_defenders_unavailable
1,654.04,metrica:Home:4,attacker_complete_support_unavailable
1,654.04,metrica:Home:5,attacker_complete_support_unavailable
1,654.04,metrica:Home:6,attacker_complete_support_unavailable
1,654.04,metrica:Home:7,complete_ten_defenders_unavailable
1,654.04,metrica:Home:8,complete_ten_defenders_unavailable
1,654.04,metrica:Home:9,attacker_complete_support_unavailable
1,658.04,metrica:Home:1,complete_ten_defenders_unavailable
1,658.04,metrica:Home:10,attacker_complete_support_unavailable
1,658.04,metrica:Home:12,attacker_complete_support_unavailable
1,658.04,metrica:Home:13,attacker_complete_support_unavailable
1,658.04,metrica:Home:14,attacker_complete_support_unavailable
1,658.04,metrica:Home:2,complete_ten_defenders_unavailable
1,658.04,metrica:Home:3,complete_ten_defenders_unavailable
1,658.04,metrica:Home:4,attacker_complete_support_unavailable
1,658.04,metrica:Home:5,attacker_complete_support_unavailable
1,658.04,metrica:Home:6,attacker_complete_support_unavailable
1,658.04,metrica:Home:7,complete_ten_defenders_unavailable
1,658.04,metrica:Home:8,complete_ten_defenders_unavailable
1,658.04,metrica:Home:9,attacker_complete_support_unavailable
1,662.04,metrica:Away:15,attacker_complete_support_unavailable
1,662.04,metrica:Away:16,complete_ten_defenders_unavailable
1,662.04,metrica:Away:17,attacker_complete_support_unavailable
1,662.04,metrica:Away:18,complete_ten_defenders_unavailable
1,662.04,metrica:Away:19,complete_ten_defenders_unavailable
1,662.04,metrica:Away:20,attacker_complete_support_unavailable
1,662.04,metrica:Away:21,complete_ten_defenders_unavailable
1,662.04,metrica:Away:22,complete_ten_defenders_unavailable
1,662.04,metrica:Away:23,complete_ten_defenders_unavailable
1,662.04,metrica:Away:24,complete_ten_defenders_unavailable
1,662.04,metrica:Away:26,attacker_complete_support_unavailable
1,666.04,metrica:Away:15,attacker_complete_support_unavailable
1,666.04,metrica:Away:16,complete_ten_defenders_unavailable
1,666.04,metrica:Away:17,attacker_complete_support_unavailable
1,666.04,metrica:Away:18,complete_ten_defenders_unavailable
1,666.04,metrica:Away:19,complete_ten_defenders_unavailable
1,666.04,metrica:Away:20,attacker_complete_support_unavailable
1,666.04,metrica:Away:21,complete_ten_defenders_unavailable
1,666.04,metrica:Away:22,complete_ten_defenders_unavailable
1,666.04,metrica:Away:23,complete_ten_defenders_unavailable
1,666.04,metrica:Away:24,complete_ten_defenders_unavailable
1,666.04,metrica:Away:26,attacker_complete_support_unavailable
1,670.04,metrica:Away:15,attacker_complete_support_unavailable
1,670.04,metrica:Away:16,complete_ten_defenders_unavailable
1,670.04,metrica:Away:17,attacker_complete_support_unavailable
1,670.04,metrica:Away:18,complete_ten_defenders_unavailable
1,670.04,metrica:Away:19,complete_ten_defenders_unavailable
1,670.04,metrica:Away:20,attacker_complete_support_unavailable
1,670.04,metrica:Away:21,complete_ten_defenders_unavailable
1,670.04,metrica:Away:22,complete_ten_defenders_unavailable
1,670.04,metrica:Away:23,complete_ten_defenders_unavailable
1,670.04,metrica:Away:24,complete_ten_defenders_unavailable
1,670.04,metrica:Away:26,attacker_complete_support_unavailable
1,674.04,metrica:Away:15,attacker_complete_support_unavailable
1,674.04,metrica:Away:16,complete_ten_defenders_unavailable
1,674.04,metrica:Away:17,attacker_complete_support_unavailable
1,674.04,metrica:Away:18,complete_ten_defenders_unavailable
1,674.04,metrica:Away:19,complete_ten_defenders_unavailable
1,674.04,metrica:Away:20,attacker_complete_support_unavailable
1,674.04,metrica:Away:21,complete_ten_defenders_unavailable
1,674.04,metrica:Away:22,complete_ten_defenders_unavailable
1,674.04,metrica:Away:23,complete_ten_defenders_unavailable
1,674.04,metrica:Away:24,complete_ten_defenders_unavailable
1,674.04,metrica:Away:26,attacker_complete_support_unavailable
1,678.04,metrica:Away:15,attacker_complete_support_unavailable
1,678.04,metrica:Away:16,complete_ten_defenders_unavailable
1,678.04,metrica:Away:17,attacker_complete_support_unavailable
1,678.04,metrica:Away:18,complete_ten_defenders_unavailable
1,678.04,metrica:Away:19,complete_ten_defenders_unavailable
1,678.04,metrica:Away:20,attacker_complete_support_unavailable
1,678.04,metrica:Away:21,complete_ten_defenders_unavailable
1,678.04,metrica:Away:22,complete_ten_defenders_unavailable
1,678.04,metrica:Away:23,complete_ten_defenders_unavailable
1,678.04,metrica:Away:24,complete_ten_defenders_unavailable
1,678.04,metrica:Away:26,attacker_complete_support_unavailable
1,682.04,metrica:Away:15,attacker_complete_support_unavailable
1,682.04,metrica:Away:16,complete_ten_defenders_unavailable
1,682.04,metrica:Away:17,attacker_complete_support_unavailable
1,682.04,metrica:Away:18,complete_ten_defenders_unavailable
1,682.04,metrica:Away:19,complete_ten_defenders_unavailable
1,682.04,metrica:Away:20,attacker_complete_support_unavailable
1,682.04,metrica:Away:21,complete_ten_defenders_unavailable
1,682.04,metrica:Away:22,complete_ten_defenders_unavailable
1,682.04,metrica:Away:23,complete_ten_defenders_unavailable
1,682.04,metrica:Away:24,complete_ten_defenders_unavailable
1,682.04,metrica:Away:26,attacker_complete_support_unavailable
1,686.04,metrica:Home:1,complete_ten_defenders_unavailable
1,686.04,metrica:Home:10,attacker_complete_support_unavailable
1,686.04,metrica:Home:12,attacker_complete_support_unavailable
1,686.04,metrica:Home:13,attacker_complete_support_unavailable
1,686.04,metrica:Home:14,attacker_complete_support_unavailable
1,686.04,metrica:Home:2,complete_ten_defenders_unavailable
1,686.04,metrica:Home:3,complete_ten_defenders_unavailable
1,686.04,metrica:Home:4,attacker_complete_support_unavailable
1,686.04,metrica:Home:5,attacker_complete_support_unavailable
1,686.04,metrica:Home:6,attacker_complete_support_unavailable
1,686.04,metrica:Home:7,complete_ten_defenders_unavailable
1,686.04,metrica:Home:8,complete_ten_defenders_unavailable
1,686.04,metrica:Home:9,attacker_complete_support_unavailable
1,690.04,metrica:Away:15,attacker_complete_support_unavailable
1,690.04,metrica:Away:16,complete_ten_defenders_unavailable
1,690.04,metrica:Away:17,attacker_complete_support_unavailable
1,690.04,metrica:Away:18,complete_ten_defenders_unavailable
1,690.04,metrica:Away:19,complete_ten_defenders_unavailable
1,690.04,metrica:Away:20,attacker_complete_support_unavailable
1,690.04,metrica:Away:21,complete_ten_defenders_unavailable
1,690.04,metrica:Away:22,complete_ten_defenders_unavailable
1,690.04,metrica:Away:23,complete_ten_defenders_unavailable
1,690.04,metrica:Away:24,complete_ten_defenders_unavailable
1,690.04,metrica:Away:26,attacker_complete_support_unavailable
1,694.04,metrica:Away:15,attacker_complete_support_unavailable
1,694.04,metrica:Away:16,complete_ten_defenders_unavailable
1,694.04,metrica:Away:17,attacker_complete_support_unavailable
1,694.04,metrica:Away:18,complete_ten_defenders_unavailable
1,694.04,metrica:Away:19,complete_ten_defenders_unavailable
1,694.04,metrica:Away:20,attacker_complete_support_unavailable
1,694.04,metrica:Away:21,complete_ten_defenders_unavailable
1,694.04,metrica:Away:22,complete_ten_defenders_unavailable
1,694.04,metrica:Away:23,complete_ten_defenders_unavailable
1,694.04,metrica:Away:24,complete_ten_defenders_unavailable
1,694.04,metrica:Away:26,attacker_complete_support_unavailable
1,698.04,metrica:Away:15,attacker_complete_support_unavailable
1,698.04,metrica:Away:16,complete_ten_defenders_unavailable
1,698.04,metrica:Away:17,attacker_complete_support_unavailable
1,698.04,metrica:Away:18,complete_ten_defenders_unavailable
1,698.04,metrica:Away:19,complete_ten_defenders_unavailable
1,698.04,metrica:Away:20,attacker_complete_support_unavailable
1,698.04,metrica:Away:21,complete_ten_defenders_unavailable
1,698.04,metrica:Away:22,complete_ten_defenders_unavailable
1,698.04,metrica:Away:23,complete_ten_defenders_unavailable
1,698.04,metrica:Away:24,complete_ten_defenders_unavailable
1,698.04,metrica:Away:26,attacker_complete_support_unavailable
1,702.04,metrica:Away:15,attacker_complete_support_unavailable
1,702.04,metrica:Away:16,complete_ten_defenders_unavailable
1,702.04,metrica:Away:17,attacker_complete_support_unavailable
1,702.04,metrica:Away:18,complete_ten_defenders_unavailable
1,702.04,metrica:Away:19,complete_ten_defenders_unavailable
1,702.04,metrica:Away:20,attacker_complete_support_unavailable
1,702.04,metrica:Away:21,complete_ten_defenders_unavailable
1,702.04,metrica:Away:22,complete_ten_defenders_unavailable
1,702.04,metrica:Away:23,complete_ten_defenders_unavailable
1,702.04,metrica:Away:24,complete_ten_defenders_unavailable
1,702.04,metrica:Away:26,attacker_complete_support_unavailable
1,706.04,metrica:Away:15,attacker_complete_support_unavailable
1,706.04,metrica:Away:16,complete_ten_defenders_unavailable
1,706.04,metrica:Away:17,attacker_complete_support_unavailable
1,706.04,metrica:Away:18,complete_ten_defenders_unavailable
1,706.04,metrica:Away:19,complete_ten_defenders_unavailable
1,706.04,metrica:Away:20,attacker_complete_support_unavailable
1,706.04,metrica:Away:21,complete_ten_defenders_unavailable
1,706.04,metrica:Away:22,complete_ten_defenders_unavailable
1,706.04,metrica:Away:23,complete_ten_defenders_unavailable
1,706.04,metrica:Away:24,complete_ten_defenders_unavailable
1,706.04,metrica:Away:26,attacker_complete_support_unavailable
1,710.04,metrica:Away:15,attacker_complete_support_unavailable
1,710.04,metrica:Away:16,complete_ten_defenders_unavailable
1,710.04,metrica:Away:17,attacker_complete_support_unavailable
1,710.04,metrica:Away:18,complete_ten_defenders_unavailable
1,710.04,metrica:Away:19,complete_ten_defenders_unavailable
1,710.04,metrica:Away:20,attacker_complete_support_unavailable
1,710.04,metrica:Away:21,complete_ten_defenders_unavailable
1,710.04,metrica:Away:22,complete_ten_defenders_unavailable
1,710.04,metrica:Away:23,complete_ten_defenders_unavailable
1,710.04,metrica:Away:24,complete_ten_defenders_unavailable
1,710.04,metrica:Away:26,attacker_complete_support_unavailable
1,714.04,metrica:Away:15,attacker_complete_support_unavailable
1,714.04,metrica:Away:16,complete_ten_defenders_unavailable
1,714.04,metrica:Away:17,attacker_complete_support_unavailable
1,714.04,metrica:Away:18,complete_ten_defenders_unavailable
1,714.04,metrica:Away:19,complete_ten_defenders_unavailable
1,714.04,metrica:Away:20,attacker_complete_support_unavailable
1,714.04,metrica:Away:21,complete_ten_defenders_unavailable
1,714.04,metrica:Away:22,complete_ten_defenders_unavailable
1,714.04,metrica:Away:23,complete_ten_defenders_unavailable
1,714.04,metrica:Away:24,complete_ten_defenders_unavailable
1,714.04,metrica:Away:26,attacker_complete_support_unavailable
1,718.04,metrica:Away:15,attacker_complete_support_unavailable
1,718.04,metrica:Away:16,complete_ten_defenders_unavailable
1,718.04,metrica:Away:17,attacker_complete_support_unavailable
1,718.04,metrica:Away:18,complete_ten_defenders_unavailable
1,718.04,metrica:Away:19,complete_ten_defenders_unavailable
1,718.04,metrica:Away:20,attacker_complete_support_unavailable
1,718.04,metrica:Away:21,complete_ten_defenders_unavailable
1,718.04,metrica:Away:22,complete_ten_defenders_unavailable
1,718.04,metrica:Away:23,complete_ten_defenders_unavailable
1,718.04,metrica:Away:24,complete_ten_defenders_unavailable
1,718.04,metrica:Away:26,attacker_complete_support_unavailable
1,722.04,metrica:Away:15,attacker_complete_support_unavailable
1,722.04,metrica:Away:16,complete_ten_defenders_unavailable
1,722.04,metrica:Away:17,attacker_complete_support_unavailable
1,722.04,metrica:Away:18,complete_ten_defenders_unavailable
1,722.04,metrica:Away:19,complete_ten_defenders_unavailable
1,722.04,metrica:Away:20,attacker_complete_support_unavailable
1,722.04,metrica:Away:21,complete_ten_defenders_unavailable
1,722.04,metrica:Away:22,complete_ten_defenders_unavailable
1,722.04,metrica:Away:23,complete_ten_defenders_unavailable
1,722.04,metrica:Away:24,complete_ten_defenders_unavailable
1,722.04,metrica:Away:26,attacker_complete_support_unavailable
1,726.04,metrica:Away:15,attacker_complete_support_unavailable
1,726.04,metrica:Away:16,complete_ten_defenders_unavailable
1,726.04,metrica:Away:17,attacker_complete_support_unavailable
1,726.04,metrica:Away:18,complete_ten_defenders_unavailable
1,726.04,metrica:Away:19,complete_ten_defenders_unavailable
1,726.04,metrica:Away:20,attacker_complete_support_unavailable
1,726.04,metrica:Away:21,complete_ten_defenders_unavailable
1,726.04,metrica:Away:22,complete_ten_defenders_unavailable
1,726.04,metrica:Away:23,complete_ten_defenders_unavailable
1,726.04,metrica:Away:24,complete_ten_defenders_unavailable
1,726.04,metrica:Away:26,attacker_complete_support_unavailable
1,730.04,metrica:Home:1,complete_ten_defenders_unavailable
1,730.04,metrica:Home:10,attacker_complete_support_unavailable
1,730.04,metrica:Home:12,attacker_complete_support_unavailable
1,730.04,metrica:Home:13,attacker_complete_support_unavailable
1,730.04,metrica:Home:14,attacker_complete_support_unavailable
1,730.04,metrica:Home:2,complete_ten_defenders_unavailable
1,730.04,metrica:Home:3,complete_ten_defenders_unavailable
1,730.04,metrica:Home:4,attacker_complete_support_unavailable
1,730.04,metrica:Home:5,attacker_complete_support_unavailable
1,730.04,metrica:Home:6,attacker_complete_support_unavailable
1,730.04,metrica:Home:7,complete_ten_defenders_unavailable
1,730.04,metrica:Home:8,complete_ten_defenders_unavailable
1,730.04,metrica:Home:9,attacker_complete_support_unavailable
1,734.04,metrica:Away:15,attacker_complete_support_unavailable
1,734.04,metrica:Away:16,complete_ten_defenders_unavailable
1,734.04,metrica:Away:17,attacker_complete_support_unavailable
1,734.04,metrica:Away:18,complete_ten_defenders_unavailable
1,734.04,metrica:Away:19,complete_ten_defenders_unavailable
1,734.04,metrica:Away:20,attacker_complete_support_unavailable
1,734.04,metrica:Away:21,complete_ten_defenders_unavailable
1,734.04,metrica:Away:22,complete_ten_defenders_unavailable
1,734.04,metrica:Away:23,complete_ten_defenders_unavailable
1,734.04,metrica:Away:24,complete_ten_defenders_unavailable
1,734.04,metrica:Away:26,attacker_complete_support_unavailable
1,738.04,metrica:Home:1,complete_ten_defenders_unavailable
1,738.04,metrica:Home:10,attacker_complete_support_unavailable
1,738.04,metrica:Home:12,attacker_complete_support_unavailable
1,738.04,metrica:Home:13,attacker_complete_support_unavailable
1,738.04,metrica:Home:14,attacker_complete_support_unavailable
1,738.04,metrica:Home:2,complete_ten_defenders_unavailable
1,738.04,metrica:Home:3,complete_ten_defenders_unavailable
1,738.04,metrica:Home:4,attacker_complete_support_unavailable
1,738.04,metrica:Home:5,attacker_complete_support_unavailable
1,738.04,metrica:Home:6,attacker_complete_support_unavailable
1,738.04,metrica:Home:7,complete_ten_defenders_unavailable
1,738.04,metrica:Home:8,complete_ten_defenders_unavailable
1,738.04,metrica:Home:9,attacker_complete_support_unavailable
1,742.04,metrica:Home:1,restart_or_ball_out_span
1,742.04,metrica:Home:10,restart_or_ball_out_span
1,742.04,metrica:Home:12,restart_or_ball_out_span
1,742.04,metrica:Home:13,restart_or_ball_out_span
1,742.04,metrica:Home:14,restart_or_ball_out_span
1,742.04,metrica:Home:2,restart_or_ball_out_span
1,742.04,metrica:Home:3,restart_or_ball_out_span
1,742.04,metrica:Home:4,restart_or_ball_out_span
1,742.04,metrica:Home:5,restart_or_ball_out_span
1,742.04,metrica:Home:6,restart_or_ball_out_span
1,742.04,metrica:Home:7,restart_or_ball_out_span
1,742.04,metrica:Home:8,restart_or_ball_out_span
1,742.04,metrica:Home:9,restart_or_ball_out_span
1,746.04,metrica:Home:1,complete_ten_defenders_unavailable
1,746.04,metrica:Home:10,attacker_complete_support_unavailable
1,746.04,metrica:Home:12,attacker_complete_support_unavailable
1,746.04,metrica:Home:13,attacker_complete_support_unavailable
1,746.04,metrica:Home:14,attacker_complete_support_unavailable
1,746.04,metrica:Home:2,complete_ten_defenders_unavailable
1,746.04,metrica:Home:3,complete_ten_defenders_unavailable
1,746.04,metrica:Home:4,attacker_complete_support_unavailable
1,746.04,metrica:Home:5,attacker_complete_support_unavailable
1,746.04,metrica:Home:6,attacker_complete_support_unavailable
1,746.04,metrica:Home:7,complete_ten_defenders_unavailable
1,746.04,metrica:Home:8,complete_ten_defenders_unavailable
1,746.04,metrica:Home:9,attacker_complete_support_unavailable
1,750.04,metrica:Home:1,complete_ten_defenders_unavailable
1,750.04,metrica:Home:10,attacker_complete_support_unavailable
1,750.04,metrica:Home:12,attacker_complete_support_unavailable
1,750.04,metrica:Home:13,attacker_complete_support_unavailable
1,750.04,metrica:Home:14,attacker_complete_support_unavailable
1,750.04,metrica:Home:2,complete_ten_defenders_unavailable
1,750.04,metrica:Home:3,complete_ten_defenders_unavailable
1,750.04,metrica:Home:4,attacker_complete_support_unavailable
1,750.04,metrica:Home:5,attacker_complete_support_unavailable
1,750.04,metrica:Home:6,attacker_complete_support_unavailable
1,750.04,metrica:Home:7,complete_ten_defenders_unavailable
1,750.04,metrica:Home:8,complete_ten_defenders_unavailable
1,750.04,metrica:Home:9,attacker_complete_support_unavailable
1,754.04,metrica:Home:1,complete_ten_defenders_unavailable
1,754.04,metrica:Home:10,attacker_complete_support_unavailable
1,754.04,metrica:Home:12,attacker_complete_support_unavailable
1,754.04,metrica:Home:13,attacker_complete_support_unavailable
1,754.04,metrica:Home:14,attacker_complete_support_unavailable
1,754.04,metrica:Home:2,complete_ten_defenders_unavailable
1,754.04,metrica:Home:3,complete_ten_defenders_unavailable
1,754.04,metrica:Home:4,attacker_complete_support_unavailable
1,754.04,metrica:Home:5,attacker_complete_support_unavailable
1,754.04,metrica:Home:6,attacker_complete_support_unavailable
1,754.04,metrica:Home:7,complete_ten_defenders_unavailable
1,754.04,metrica:Home:8,complete_ten_defenders_unavailable
1,754.04,metrica:Home:9,attacker_complete_support_unavailable
1,758.04,metrica:Home:1,complete_ten_defenders_unavailable
1,758.04,metrica:Home:10,attacker_complete_support_unavailable
1,758.04,metrica:Home:12,attacker_complete_support_unavailable
1,758.04,metrica:Home:13,attacker_complete_support_unavailable
1,758.04,metrica:Home:14,attacker_complete_support_unavailable
1,758.04,metrica:Home:2,complete_ten_defenders_unavailable
1,758.04,metrica:Home:3,complete_ten_defenders_unavailable
1,758.04,metrica:Home:4,attacker_complete_support_unavailable
1,758.04,metrica:Home:5,attacker_complete_support_unavailable
1,758.04,metrica:Home:6,attacker_complete_support_unavailable
1,758.04,metrica:Home:7,complete_ten_defenders_unavailable
1,758.04,metrica:Home:8,complete_ten_defenders_unavailable
1,758.04,metrica:Home:9,attacker_complete_support_unavailable
1,762.04,metrica:Home:1,complete_ten_defenders_unavailable
1,762.04,metrica:Home:10,attacker_complete_support_unavailable
1,762.04,metrica:Home:12,attacker_complete_support_unavailable
1,762.04,metrica:Home:13,attacker_complete_support_unavailable
1,762.04,metrica:Home:14,attacker_complete_support_unavailable
1,762.04,metrica:Home:2,complete_ten_defenders_unavailable
1,762.04,metrica:Home:3,complete_ten_defenders_unavailable
1,762.04,metrica:Home:4,attacker_complete_support_unavailable
1,762.04,metrica:Home:5,attacker_complete_support_unavailable
1,762.04,metrica:Home:6,attacker_complete_support_unavailable
1,762.04,metrica:Home:7,complete_ten_defenders_unavailable
1,762.04,metrica:Home:8,complete_ten_defenders_unavailable
1,762.04,metrica:Home:9,attacker_complete_support_unavailable
1,766.04,metrica:Home:1,complete_ten_defenders_unavailable
1,766.04,metrica:Home:10,attacker_complete_support_unavailable
1,766.04,metrica:Home:12,attacker_complete_support_unavailable
1,766.04,metrica:Home:13,attacker_complete_support_unavailable
1,766.04,metrica:Home:14,attacker_complete_support_unavailable
1,766.04,metrica:Home:2,complete_ten_defenders_unavailable
1,766.04,metrica:Home:3,complete_ten_defenders_unavailable
1,766.04,metrica:Home:4,attacker_complete_support_unavailable
1,766.04,metrica:Home:5,attacker_complete_support_unavailable
1,766.04,metrica:Home:6,attacker_complete_support_unavailable
1,766.04,metrica:Home:7,complete_ten_defenders_unavailable
1,766.04,metrica:Home:8,complete_ten_defenders_unavailable
1,766.04,metrica:Home:9,attacker_complete_support_unavailable
1,770.04,metrica:Home:1,complete_ten_defenders_unavailable
1,770.04,metrica:Home:10,attacker_complete_support_unavailable
1,770.04,metrica:Home:12,attacker_complete_support_unavailable
1,770.04,metrica:Home:13,attacker_complete_support_unavailable
1,770.04,metrica:Home:14,attacker_complete_support_unavailable
1,770.04,metrica:Home:2,attacker_complete_support_unavailable
1,770.04,metrica:Home:3,complete_ten_defenders_unavailable
1,770.04,metrica:Home:4,attacker_complete_support_unavailable
1,770.04,metrica:Home:5,attacker_complete_support_unavailable
1,770.04,metrica:Home:6,attacker_complete_support_unavailable
1,770.04,metrica:Home:7,complete_ten_defenders_unavailable
1,770.04,metrica:Home:8,complete_ten_defenders_unavailable
1,770.04,metrica:Home:9,attacker_complete_support_unavailable
1,774.04,metrica:Home:1,complete_ten_defenders_unavailable
1,774.04,metrica:Home:10,attacker_complete_support_unavailable
1,774.04,metrica:Home:12,attacker_complete_support_unavailable
1,774.04,metrica:Home:13,attacker_complete_support_unavailable
1,774.04,metrica:Home:14,attacker_complete_support_unavailable
1,774.04,metrica:Home:2,attacker_complete_support_unavailable
1,774.04,metrica:Home:3,complete_ten_defenders_unavailable
1,774.04,metrica:Home:4,attacker_complete_support_unavailable
1,774.04,metrica:Home:5,attacker_complete_support_unavailable
1,774.04,metrica:Home:6,attacker_complete_support_unavailable
1,774.04,metrica:Home:7,complete_ten_defenders_unavailable
1,774.04,metrica:Home:8,complete_ten_defenders_unavailable
1,774.04,metrica:Home:9,attacker_complete_support_unavailable
1,778.04,metrica:Home:1,restart_or_ball_out_span
1,778.04,metrica:Home:10,restart_or_ball_out_span
1,778.04,metrica:Home:12,restart_or_ball_out_span
1,778.04,metrica:Home:13,restart_or_ball_out_span
1,778.04,metrica:Home:14,restart_or_ball_out_span
1,778.04,metrica:Home:2,restart_or_ball_out_span
1,778.04,metrica:Home:3,restart_or_ball_out_span
1,778.04,metrica:Home:4,restart_or_ball_out_span
1,778.04,metrica:Home:5,restart_or_ball_out_span
1,778.04,metrica:Home:6,restart_or_ball_out_span
1,778.04,metrica:Home:7,restart_or_ball_out_span
1,778.04,metrica:Home:8,restart_or_ball_out_span
1,778.04,metrica:Home:9,restart_or_ball_out_span
1,782.04,metrica:Home:1,complete_ten_defenders_unavailable
1,782.04,metrica:Home:10,attacker_complete_support_unavailable
1,782.04,metrica:Home:12,attacker_complete_support_unavailable
1,782.04,metrica:Home:13,attacker_complete_support_unavailable
1,782.04,metrica:Home:14,attacker_complete_support_unavailable
1,782.04,metrica:Home:2,complete_ten_defenders_unavailable
1,782.04,metrica:Home:3,complete_ten_defenders_unavailable
1,782.04,metrica:Home:4,attacker_complete_support_unavailable
1,782.04,metrica:Home:5,attacker_complete_support_unavailable
1,782.04,metrica:Home:6,attacker_complete_support_unavailable
1,782.04,metrica:Home:7,complete_ten_defenders_unavailable
1,782.04,metrica:Home:8,complete_ten_defenders_unavailable
1,782.04,metrica:Home:9,complete_ten_defenders_unavailable
1,786.04,metrica:Away:15,attacker_complete_support_unavailable
1,786.04,metrica:Away:16,complete_ten_defenders_unavailable
1,786.04,metrica:Away:17,attacker_complete_support_unavailable
1,786.04,metrica:Away:18,complete_ten_defenders_unavailable
1,786.04,metrica:Away:19,complete_ten_defenders_unavailable
1,786.04,metrica:Away:20,attacker_complete_support_unavailable
1,786.04,metrica:Away:21,complete_ten_defenders_unavailable
1,786.04,metrica:Away:22,complete_ten_defenders_unavailable
1,786.04,metrica:Away:23,complete_ten_defenders_unavailable
1,786.04,metrica:Away:24,complete_ten_defenders_unavailable
1,786.04,metrica:Away:26,attacker_complete_support_unavailable
1,790.04,metrica:Home:1,complete_ten_defenders_unavailable
1,790.04,metrica:Home:10,attacker_complete_support_unavailable
1,790.04,metrica:Home:12,attacker_complete_support_unavailable
1,790.04,metrica:Home:13,attacker_complete_support_unavailable
1,790.04,metrica:Home:14,attacker_complete_support_unavailable
1,790.04,metrica:Home:2,complete_ten_defenders_unavailable
1,790.04,metrica:Home:3,complete_ten_defenders_unavailable
1,790.04,metrica:Home:4,attacker_complete_support_unavailable
1,790.04,metrica:Home:5,attacker_complete_support_unavailable
1,790.04,metrica:Home:6,attacker_complete_support_unavailable
1,790.04,metrica:Home:7,complete_ten_defenders_unavailable
1,790.04,metrica:Home:8,complete_ten_defenders_unavailable
1,790.04,metrica:Home:9,complete_ten_defenders_unavailable
1,794.04,metrica:Away:15,attacker_complete_support_unavailable
1,794.04,metrica:Away:16,complete_ten_defenders_unavailable
1,794.04,metrica:Away:17,attacker_complete_support_unavailable
1,794.04,metrica:Away:18,complete_ten_defenders_unavailable
1,794.04,metrica:Away:19,complete_ten_defenders_unavailable
1,794.04,metrica:Away:20,attacker_complete_support_unavailable
1,794.04,metrica:Away:21,complete_ten_defenders_unavailable
1,794.04,metrica:Away:22,complete_ten_defenders_unavailable
1,794.04,metrica:Away:23,complete_ten_defenders_unavailable
1,794.04,metrica:Away:24,complete_ten_defenders_unavailable
1,794.04,metrica:Away:26,attacker_complete_support_unavailable
1,798.04,metrica:Home:1,complete_ten_defenders_unavailable
1,798.04,metrica:Home:10,attacker_complete_support_unavailable
1,798.04,metrica:Home:12,attacker_complete_support_unavailable
1,798.04,metrica:Home:13,attacker_complete_support_unavailable
1,798.04,metrica:Home:14,attacker_complete_support_unavailable
1,798.04,metrica:Home:2,complete_ten_defenders_unavailable
1,798.04,metrica:Home:3,complete_ten_defenders_unavailable
1,798.04,metrica:Home:4,attacker_complete_support_unavailable
1,798.04,metrica:Home:5,attacker_complete_support_unavailable
1,798.04,metrica:Home:6,attacker_complete_support_unavailable
1,798.04,metrica:Home:7,complete_ten_defenders_unavailable
1,798.04,metrica:Home:8,complete_ten_defenders_unavailable
1,798.04,metrica:Home:9,complete_ten_defenders_unavailable
1,802.04,metrica:Home:1,complete_ten_defenders_unavailable
1,802.04,metrica:Home:10,attacker_complete_support_unavailable
1,802.04,metrica:Home:12,attacker_complete_support_unavailable
1,802.04,metrica:Home:13,attacker_complete_support_unavailable
1,802.04,metrica:Home:14,attacker_complete_support_unavailable
1,802.04,metrica:Home:2,complete_ten_defenders_unavailable
1,802.04,metrica:Home:3,complete_ten_defenders_unavailable
1,802.04,metrica:Home:4,attacker_complete_support_unavailable
1,802.04,metrica:Home:5,attacker_complete_support_unavailable
1,802.04,metrica:Home:6,attacker_complete_support_unavailable
1,802.04,metrica:Home:7,complete_ten_defenders_unavailable
1,802.04,metrica:Home:8,complete_ten_defenders_unavailable
1,802.04,metrica:Home:9,complete_ten_defenders_unavailable
1,806.04,metrica:Home:1,complete_ten_defenders_unavailable
1,806.04,metrica:Home:10,attacker_complete_support_unavailable
1,806.04,metrica:Home:12,attacker_complete_support_unavailable
1,806.04,metrica:Home:13,attacker_complete_support_unavailable
1,806.04,metrica:Home:14,attacker_complete_support_unavailable
1,806.04,metrica:Home:2,complete_ten_defenders_unavailable
1,806.04,metrica:Home:3,complete_ten_defenders_unavailable
1,806.04,metrica:Home:4,attacker_complete_support_unavailable
1,806.04,metrica:Home:5,attacker_complete_support_unavailable
1,806.04,metrica:Home:6,attacker_complete_support_unavailable
1,806.04,metrica:Home:7,complete_ten_defenders_unavailable
1,806.04,metrica:Home:8,complete_ten_defenders_unavailable
1,806.04,metrica:Home:9,complete_ten_defenders_unavailable
1,810.04,metrica:Home:1,complete_ten_defenders_unavailable
1,810.04,metrica:Home:10,attacker_complete_support_unavailable
1,810.04,metrica:Home:12,attacker_complete_support_unavailable
1,810.04,metrica:Home:13,attacker_complete_support_unavailable
1,810.04,metrica:Home:14,attacker_complete_support_unavailable
1,810.04,metrica:Home:2,complete_ten_defenders_unavailable
1,810.04,metrica:Home:3,complete_ten_defenders_unavailable
1,810.04,metrica:Home:4,attacker_complete_support_unavailable
1,810.04,metrica:Home:5,attacker_complete_support_unavailable
1,810.04,metrica:Home:6,attacker_complete_support_unavailable
1,810.04,metrica:Home:7,complete_ten_defenders_unavailable
1,810.04,metrica:Home:8,complete_ten_defenders_unavailable
1,810.04,metrica:Home:9,complete_ten_defenders_unavailable
1,814.04,metrica:Home:1,complete_ten_defenders_unavailable
1,814.04,metrica:Home:10,attacker_complete_support_unavailable
1,814.04,metrica:Home:12,attacker_complete_support_unavailable
1,814.04,metrica:Home:13,attacker_complete_support_unavailable
1,814.04,metrica:Home:14,attacker_complete_support_unavailable
1,814.04,metrica:Home:2,complete_ten_defenders_unavailable
1,814.04,metrica:Home:3,complete_ten_defenders_unavailable
1,814.04,metrica:Home:4,attacker_complete_support_unavailable
1,814.04,metrica:Home:5,attacker_complete_support_unavailable
1,814.04,metrica:Home:6,attacker_complete_support_unavailable
1,814.04,metrica:Home:7,complete_ten_defenders_unavailable
1,814.04,metrica:Home:8,complete_ten_defenders_unavailable
1,814.04,metrica:Home:9,complete_ten_defenders_unavailable
1,818.04,metrica:Home:1,complete_ten_defenders_unavailable
1,818.04,metrica:Home:10,attacker_complete_support_unavailable
1,818.04,metrica:Home:12,attacker_complete_support_unavailable
1,818.04,metrica:Home:13,attacker_complete_support_unavailable
1,818.04,metrica:Home:14,attacker_complete_support_unavailable
1,818.04,metrica:Home:2,complete_ten_defenders_unavailable
1,818.04,metrica:Home:3,complete_ten_defenders_unavailable
1,818.04,metrica:Home:4,attacker_complete_support_unavailable
1,818.04,metrica:Home:5,attacker_complete_support_unavailable
1,818.04,metrica:Home:6,attacker_complete_support_unavailable
1,818.04,metrica:Home:7,complete_ten_defenders_unavailable
1,818.04,metrica:Home:8,complete_ten_defenders_unavailable
1,818.04,metrica:Home:9,complete_ten_defenders_unavailable
1,822.04,metrica:Home:1,complete_ten_defenders_unavailable
1,822.04,metrica:Home:10,attacker_complete_support_unavailable
1,822.04,metrica:Home:12,attacker_complete_support_unavailable
1,822.04,metrica:Home:13,attacker_complete_support_unavailable
1,822.04,metrica:Home:14,attacker_complete_support_unavailable
1,822.04,metrica:Home:2,complete_ten_defenders_unavailable
1,822.04,metrica:Home:3,complete_ten_defenders_unavailable
1,822.04,metrica:Home:4,attacker_complete_support_unavailable
1,822.04,metrica:Home:5,attacker_complete_support_unavailable
1,822.04,metrica:Home:6,attacker_complete_support_unavailable
1,822.04,metrica:Home:7,complete_ten_defenders_unavailable
1,822.04,metrica:Home:8,complete_ten_defenders_unavailable
1,822.04,metrica:Home:9,complete_ten_defenders_unavailable
1,826.04,metrica:Home:1,complete_ten_defenders_unavailable
1,826.04,metrica:Home:10,attacker_complete_support_unavailable
1,826.04,metrica:Home:12,attacker_complete_support_unavailable
1,826.04,metrica:Home:13,attacker_complete_support_unavailable
1,826.04,metrica:Home:14,attacker_complete_support_unavailable
1,826.04,metrica:Home:2,complete_ten_defenders_unavailable
1,826.04,metrica:Home:3,complete_ten_defenders_unavailable
1,826.04,metrica:Home:4,attacker_complete_support_unavailable
1,826.04,metrica:Home:5,attacker_complete_support_unavailable
1,826.04,metrica:Home:6,attacker_complete_support_unavailable
1,826.04,metrica:Home:7,complete_ten_defenders_unavailable
1,826.04,metrica:Home:8,complete_ten_defenders_unavailable
1,826.04,metrica:Home:9,complete_ten_defenders_unavailable
1,830.04,metrica:Home:1,complete_ten_defenders_unavailable
1,830.04,metrica:Home:10,attacker_complete_support_unavailable
1,830.04,metrica:Home:12,attacker_complete_support_unavailable
1,830.04,metrica:Home:13,attacker_complete_support_unavailable
1,830.04,metrica:Home:14,attacker_complete_support_unavailable
1,830.04,metrica:Home:2,complete_ten_defenders_unavailable
1,830.04,metrica:Home:3,complete_ten_defenders_unavailable
1,830.04,metrica:Home:4,attacker_complete_support_unavailable
1,830.04,metrica:Home:5,attacker_complete_support_unavailable
1,830.04,metrica:Home:6,attacker_complete_support_unavailable
1,830.04,metrica:Home:7,complete_ten_defenders_unavailable
1,830.04,metrica:Home:8,complete_ten_defenders_unavailable
1,830.04,metrica:Home:9,complete_ten_defenders_unavailable
1,834.04,metrica:Home:1,complete_ten_defenders_unavailable
1,834.04,metrica:Home:10,attacker_complete_support_unavailable
1,834.04,metrica:Home:12,attacker_complete_support_unavailable
1,834.04,metrica:Home:13,attacker_complete_support_unavailable
1,834.04,metrica:Home:14,attacker_complete_support_unavailable
1,834.04,metrica:Home:2,complete_ten_defenders_unavailable
1,834.04,metrica:Home:3,complete_ten_defenders_unavailable
1,834.04,metrica:Home:4,attacker_complete_support_unavailable
1,834.04,metrica:Home:5,attacker_complete_support_unavailable
1,834.04,metrica:Home:6,attacker_complete_support_unavailable
1,834.04,metrica:Home:7,complete_ten_defenders_unavailable
1,834.04,metrica:Home:8,complete_ten_defenders_unavailable
1,834.04,metrica:Home:9,complete_ten_defenders_unavailable
1,838.04,metrica:Home:1,complete_ten_defenders_unavailable
1,838.04,metrica:Home:10,attacker_complete_support_unavailable
1,838.04,metrica:Home:12,attacker_complete_support_unavailable
1,838.04,metrica:Home:13,attacker_complete_support_unavailable
1,838.04,metrica:Home:14,attacker_complete_support_unavailable
1,838.04,metrica:Home:2,complete_ten_defenders_unavailable
1,838.04,metrica:Home:3,complete_ten_defenders_unavailable
1,838.04,metrica:Home:4,attacker_complete_support_unavailable
1,838.04,metrica:Home:5,attacker_complete_support_unavailable
1,838.04,metrica:Home:6,attacker_complete_support_unavailable
1,838.04,metrica:Home:7,complete_ten_defenders_unavailable
1,838.04,metrica:Home:8,complete_ten_defenders_unavailable
1,838.04,metrica:Home:9,complete_ten_defenders_unavailable
1,842.04,metrica:Home:1,complete_ten_defenders_unavailable
1,842.04,metrica:Home:10,attacker_complete_support_unavailable
1,842.04,metrica:Home:12,attacker_complete_support_unavailable
1,842.04,metrica:Home:13,attacker_complete_support_unavailable
1,842.04,metrica:Home:14,attacker_complete_support_unavailable
1,842.04,metrica:Home:2,complete_ten_defenders_unavailable
1,842.04,metrica:Home:3,complete_ten_defenders_unavailable
1,842.04,metrica:Home:4,attacker_complete_support_unavailable
1,842.04,metrica:Home:5,attacker_complete_support_unavailable
1,842.04,metrica:Home:6,attacker_complete_support_unavailable
1,842.04,metrica:Home:7,complete_ten_defenders_unavailable
1,842.04,metrica:Home:8,complete_ten_defenders_unavailable
1,842.04,metrica:Home:9,complete_ten_defenders_unavailable
1,846.04,metrica:Away:15,attacker_complete_support_unavailable
1,846.04,metrica:Away:16,complete_ten_defenders_unavailable
1,846.04,metrica:Away:17,attacker_complete_support_unavailable
1,846.04,metrica:Away:18,complete_ten_defenders_unavailable
1,846.04,metrica:Away:19,complete_ten_defenders_unavailable
1,846.04,metrica:Away:20,attacker_complete_support_unavailable
1,846.04,metrica:Away:21,complete_ten_defenders_unavailable
1,846.04,metrica:Away:22,complete_ten_defenders_unavailable
1,846.04,metrica:Away:23,complete_ten_defenders_unavailable
1,846.04,metrica:Away:24,complete_ten_defenders_unavailable
1,846.04,metrica:Away:26,attacker_complete_support_unavailable
1,850.04,metrica:Away:15,attacker_complete_support_unavailable
1,850.04,metrica:Away:16,complete_ten_defenders_unavailable
1,850.04,metrica:Away:17,attacker_complete_support_unavailable
1,850.04,metrica:Away:18,complete_ten_defenders_unavailable
1,850.04,metrica:Away:19,complete_ten_defenders_unavailable
1,850.04,metrica:Away:20,attacker_complete_support_unavailable
1,850.04,metrica:Away:21,complete_ten_defenders_unavailable
1,850.04,metrica:Away:22,complete_ten_defenders_unavailable
1,850.04,metrica:Away:23,complete_ten_defenders_unavailable
1,850.04,metrica:Away:24,complete_ten_defenders_unavailable
1,850.04,metrica:Away:26,attacker_complete_support_unavailable
1,854.04,metrica:Away:15,attacker_complete_support_unavailable
1,854.04,metrica:Away:16,complete_ten_defenders_unavailable
1,854.04,metrica:Away:17,attacker_complete_support_unavailable
1,854.04,metrica:Away:18,complete_ten_defenders_unavailable
1,854.04,metrica:Away:19,complete_ten_defenders_unavailable
1,854.04,metrica:Away:20,attacker_complete_support_unavailable
1,854.04,metrica:Away:21,complete_ten_defenders_unavailable
1,854.04,metrica:Away:22,complete_ten_defenders_unavailable
1,854.04,metrica:Away:23,complete_ten_defenders_unavailable
1,854.04,metrica:Away:24,complete_ten_defenders_unavailable
1,854.04,metrica:Away:26,attacker_complete_support_unavailable
1,858.04,metrica:Away:15,attacker_complete_support_unavailable
1,858.04,metrica:Away:16,complete_ten_defenders_unavailable
1,858.04,metrica:Away:17,attacker_complete_support_unavailable
1,858.04,metrica:Away:18,complete_ten_defenders_unavailable
1,858.04,metrica:Away:19,complete_ten_defenders_unavailable
1,858.04,metrica:Away:20,attacker_complete_support_unavailable
1,858.04,metrica:Away:21,complete_ten_defenders_unavailable
1,858.04,metrica:Away:22,complete_ten_defenders_unavailable
1,858.04,metrica:Away:23,complete_ten_defenders_unavailable
1,858.04,metrica:Away:24,complete_ten_defenders_unavailable
1,858.04,metrica:Away:26,attacker_complete_support_unavailable
1,862.04,metrica:Away:15,attacker_complete_support_unavailable
1,862.04,metrica:Away:16,complete_ten_defenders_unavailable
1,862.04,metrica:Away:17,attacker_complete_support_unavailable
1,862.04,metrica:Away:18,complete_ten_defenders_unavailable
1,862.04,metrica:Away:19,complete_ten_defenders_unavailable
1,862.04,metrica:Away:20,attacker_complete_support_unavailable
1,862.04,metrica:Away:21,complete_ten_defenders_unavailable
1,862.04,metrica:Away:22,complete_ten_defenders_unavailable
1,862.04,metrica:Away:23,complete_ten_defenders_unavailable
1,862.04,metrica:Away:24,complete_ten_defenders_unavailable
1,862.04,metrica:Away:26,attacker_complete_support_unavailable
1,866.04,metrica:Away:15,restart_or_ball_out_span
1,866.04,metrica:Away:16,restart_or_ball_out_span
1,866.04,metrica:Away:17,restart_or_ball_out_span
1,866.04,metrica:Away:18,restart_or_ball_out_span
1,866.04,metrica:Away:19,restart_or_ball_out_span
1,866.04,metrica:Away:20,restart_or_ball_out_span
1,866.04,metrica:Away:21,restart_or_ball_out_span
1,866.04,metrica:Away:22,restart_or_ball_out_span
1,866.04,metrica:Away:23,restart_or_ball_out_span
1,866.04,metrica:Away:24,restart_or_ball_out_span
1,866.04,metrica:Away:26,restart_or_ball_out_span
1,870.04,metrica:Away:15,attacker_complete_support_unavailable
1,870.04,metrica:Away:16,complete_ten_defenders_unavailable
1,870.04,metrica:Away:17,attacker_complete_support_unavailable
1,870.04,metrica:Away:18,complete_ten_defenders_unavailable
1,870.04,metrica:Away:19,complete_ten_defenders_unavailable
1,870.04,metrica:Away:20,attacker_complete_support_unavailable
1,870.04,metrica:Away:21,complete_ten_defenders_unavailable
1,870.04,metrica:Away:22,complete_ten_defenders_unavailable
1,870.04,metrica:Away:23,complete_ten_defenders_unavailable
1,870.04,metrica:Away:24,complete_ten_defenders_unavailable
1,870.04,metrica:Away:26,attacker_complete_support_unavailable
1,874.04,metrica:Away:15,attacker_complete_support_unavailable
1,874.04,metrica:Away:16,complete_ten_defenders_unavailable
1,874.04,metrica:Away:17,attacker_complete_support_unavailable
1,874.04,metrica:Away:18,complete_ten_defenders_unavailable
1,874.04,metrica:Away:19,complete_ten_defenders_unavailable
1,874.04,metrica:Away:20,attacker_complete_support_unavailable
1,874.04,metrica:Away:21,complete_ten_defenders_unavailable
1,874.04,metrica:Away:22,complete_ten_defenders_unavailable
1,874.04,metrica:Away:23,complete_ten_defenders_unavailable
1,874.04,metrica:Away:24,complete_ten_defenders_unavailable
1,874.04,metrica:Away:26,attacker_complete_support_unavailable
1,878.04,metrica:Away:15,attacker_complete_support_unavailable
1,878.04,metrica:Away:16,complete_ten_defenders_unavailable
1,878.04,metrica:Away:17,attacker_complete_support_unavailable
1,878.04,metrica:Away:18,complete_ten_defenders_unavailable
1,878.04,metrica:Away:19,complete_ten_defenders_unavailable
1,878.04,metrica:Away:20,attacker_complete_support_unavailable
1,878.04,metrica:Away:21,complete_ten_defenders_unavailable
1,878.04,metrica:Away:22,complete_ten_defenders_unavailable
1,878.04,metrica:Away:23,complete_ten_defenders_unavailable
1,878.04,metrica:Away:24,complete_ten_defenders_unavailable
1,878.04,metrica:Away:26,attacker_complete_support_unavailable
1,882.04,metrica:Away:15,attacker_complete_support_unavailable
1,882.04,metrica:Away:16,complete_ten_defenders_unavailable
1,882.04,metrica:Away:17,attacker_complete_support_unavailable
1,882.04,metrica:Away:18,complete_ten_defenders_unavailable
1,882.04,metrica:Away:19,complete_ten_defenders_unavailable
1,882.04,metrica:Away:20,attacker_complete_support_unavailable
1,882.04,metrica:Away:21,complete_ten_defenders_unavailable
1,882.04,metrica:Away:22,complete_ten_defenders_unavailable
1,882.04,metrica:Away:23,complete_ten_defenders_unavailable
1,882.04,metrica:Away:24,complete_ten_defenders_unavailable
1,882.04,metrica:Away:26,attacker_complete_support_unavailable
1,886.04,metrica:Away:15,attacker_complete_support_unavailable
1,886.04,metrica:Away:16,complete_ten_defenders_unavailable
1,886.04,metrica:Away:17,attacker_complete_support_unavailable
1,886.04,metrica:Away:18,complete_ten_defenders_unavailable
1,886.04,metrica:Away:19,complete_ten_defenders_unavailable
1,886.04,metrica:Away:20,attacker_complete_support_unavailable
1,886.04,metrica:Away:21,complete_ten_defenders_unavailable
1,886.04,metrica:Away:22,complete_ten_defenders_unavailable
1,886.04,metrica:Away:23,complete_ten_defenders_unavailable
1,886.04,metrica:Away:24,complete_ten_defenders_unavailable
1,886.04,metrica:Away:26,attacker_complete_support_unavailable
1,890.04,metrica:Away:15,attacker_complete_support_unavailable
1,890.04,metrica:Away:16,complete_ten_defenders_unavailable
1,890.04,metrica:Away:17,attacker_complete_support_unavailable
1,890.04,metrica:Away:18,complete_ten_defenders_unavailable
1,890.04,metrica:Away:19,complete_ten_defenders_unavailable
1,890.04,metrica:Away:20,attacker_complete_support_unavailable
1,890.04,metrica:Away:21,complete_ten_defenders_unavailable
1,890.04,metrica:Away:22,complete_ten_defenders_unavailable
1,890.04,metrica:Away:23,complete_ten_defenders_unavailable
1,890.04,metrica:Away:24,complete_ten_defenders_unavailable
1,890.04,metrica:Away:26,attacker_complete_support_unavailable
1,894.04,metrica:Away:15,attacker_complete_support_unavailable
1,894.04,metrica:Away:16,complete_ten_defenders_unavailable
1,894.04,metrica:Away:17,attacker_complete_support_unavailable
1,894.04,metrica:Away:18,complete_ten_defenders_unavailable
1,894.04,metrica:Away:19,complete_ten_defenders_unavailable
1,894.04,metrica:Away:20,attacker_complete_support_unavailable
1,894.04,metrica:Away:21,complete_ten_defenders_unavailable
1,894.04,metrica:Away:22,complete_ten_defenders_unavailable
1,894.04,metrica:Away:23,complete_ten_defenders_unavailable
1,894.04,metrica:Away:24,complete_ten_defenders_unavailable
1,894.04,metrica:Away:26,attacker_complete_support_unavailable
1,898.04,metrica:Away:15,attacker_complete_support_unavailable
1,898.04,metrica:Away:16,complete_ten_defenders_unavailable
1,898.04,metrica:Away:17,attacker_complete_support_unavailable
1,898.04,metrica:Away:18,complete_ten_defenders_unavailable
1,898.04,metrica:Away:19,complete_ten_defenders_unavailable
1,898.04,metrica:Away:20,attacker_complete_support_unavailable
1,898.04,metrica:Away:21,complete_ten_defenders_unavailable
1,898.04,metrica:Away:22,complete_ten_defenders_unavailable
1,898.04,metrica:Away:23,complete_ten_defenders_unavailable
1,898.04,metrica:Away:24,complete_ten_defenders_unavailable
1,898.04,metrica:Away:26,attacker_complete_support_unavailable
1,902.04,metrica:Home:1,complete_ten_defenders_unavailable
1,902.04,metrica:Home:10,attacker_complete_support_unavailable
1,902.04,metrica:Home:12,attacker_complete_support_unavailable
1,902.04,metrica:Home:13,attacker_complete_support_unavailable
1,902.04,metrica:Home:14,attacker_complete_support_unavailable
1,902.04,metrica:Home:2,complete_ten_defenders_unavailable
1,902.04,metrica:Home:3,complete_ten_defenders_unavailable
1,902.04,metrica:Home:4,attacker_complete_support_unavailable
1,902.04,metrica:Home:5,attacker_complete_support_unavailable
1,902.04,metrica:Home:6,attacker_complete_support_unavailable
1,902.04,metrica:Home:7,complete_ten_defenders_unavailable
1,902.04,metrica:Home:8,complete_ten_defenders_unavailable
1,902.04,metrica:Home:9,complete_ten_defenders_unavailable
1,906.04,metrica:Home:1,restart_or_ball_out_span
1,906.04,metrica:Home:10,restart_or_ball_out_span
1,906.04,metrica:Home:12,restart_or_ball_out_span
1,906.04,metrica:Home:13,restart_or_ball_out_span
1,906.04,metrica:Home:14,restart_or_ball_out_span
1,906.04,metrica:Home:2,restart_or_ball_out_span
1,906.04,metrica:Home:3,restart_or_ball_out_span
1,906.04,metrica:Home:4,restart_or_ball_out_span
1,906.04,metrica:Home:5,restart_or_ball_out_span
1,906.04,metrica:Home:6,restart_or_ball_out_span
1,906.04,metrica:Home:7,restart_or_ball_out_span
1,906.04,metrica:Home:8,restart_or_ball_out_span
1,906.04,metrica:Home:9,restart_or_ball_out_span
1,910.04,metrica:Home:1,complete_ten_defenders_unavailable
1,910.04,metrica:Home:10,attacker_complete_support_unavailable
1,910.04,metrica:Home:12,attacker_complete_support_unavailable
1,910.04,metrica:Home:13,attacker_complete_support_unavailable
1,910.04,metrica:Home:14,attacker_complete_support_unavailable
1,910.04,metrica:Home:2,complete_ten_defenders_unavailable
1,910.04,metrica:Home:3,complete_ten_defenders_unavailable
1,910.04,metrica:Home:4,attacker_complete_support_unavailable
1,910.04,metrica:Home:5,attacker_complete_support_unavailable
1,910.04,metrica:Home:6,attacker_complete_support_unavailable
1,910.04,metrica:Home:7,complete_ten_defenders_unavailable
1,910.04,metrica:Home:8,complete_ten_defenders_unavailable
1,910.04,metrica:Home:9,complete_ten_defenders_unavailable
1,914.04,metrica:Home:1,complete_ten_defenders_unavailable
1,914.04,metrica:Home:10,attacker_complete_support_unavailable
1,914.04,metrica:Home:12,attacker_complete_support_unavailable
1,914.04,metrica:Home:13,attacker_complete_support_unavailable
1,914.04,metrica:Home:14,attacker_complete_support_unavailable
1,914.04,metrica:Home:2,complete_ten_defenders_unavailable
1,914.04,metrica:Home:3,complete_ten_defenders_unavailable
1,914.04,metrica:Home:4,attacker_complete_support_unavailable
1,914.04,metrica:Home:5,attacker_complete_support_unavailable
1,914.04,metrica:Home:6,attacker_complete_support_unavailable
1,914.04,metrica:Home:7,complete_ten_defenders_unavailable
1,914.04,metrica:Home:8,complete_ten_defenders_unavailable
1,914.04,metrica:Home:9,complete_ten_defenders_unavailable
1,918.04,metrica:Away:15,restart_or_ball_out_span
1,918.04,metrica:Away:16,restart_or_ball_out_span
1,918.04,metrica:Away:17,restart_or_ball_out_span
1,918.04,metrica:Away:18,restart_or_ball_out_span
1,918.04,metrica:Away:19,restart_or_ball_out_span
1,918.04,metrica:Away:20,restart_or_ball_out_span
1,918.04,metrica:Away:21,restart_or_ball_out_span
1,918.04,metrica:Away:22,restart_or_ball_out_span
1,918.04,metrica:Away:23,restart_or_ball_out_span
1,918.04,metrica:Away:24,restart_or_ball_out_span
1,918.04,metrica:Away:26,restart_or_ball_out_span
1,922.04,metrica:Away:15,attacker_complete_support_unavailable
1,922.04,metrica:Away:16,complete_ten_defenders_unavailable
1,922.04,metrica:Away:17,attacker_complete_support_unavailable
1,922.04,metrica:Away:18,complete_ten_defenders_unavailable
1,922.04,metrica:Away:19,complete_ten_defenders_unavailable
1,922.04,metrica:Away:20,attacker_complete_support_unavailable
1,922.04,metrica:Away:21,complete_ten_defenders_unavailable
1,922.04,metrica:Away:22,complete_ten_defenders_unavailable
1,922.04,metrica:Away:23,complete_ten_defenders_unavailable
1,922.04,metrica:Away:24,complete_ten_defenders_unavailable
1,922.04,metrica:Away:26,attacker_complete_support_unavailable
1,926.04,metrica:Away:15,attacker_complete_support_unavailable
1,926.04,metrica:Away:16,complete_ten_defenders_unavailable
1,926.04,metrica:Away:17,attacker_complete_support_unavailable
1,926.04,metrica:Away:18,complete_ten_defenders_unavailable
1,926.04,metrica:Away:19,complete_ten_defenders_unavailable
1,926.04,metrica:Away:20,attacker_complete_support_unavailable
1,926.04,metrica:Away:21,complete_ten_defenders_unavailable
1,926.04,metrica:Away:22,complete_ten_defenders_unavailable
1,926.04,metrica:Away:23,complete_ten_defenders_unavailable
1,926.04,metrica:Away:24,complete_ten_defenders_unavailable
1,926.04,metrica:Away:26,attacker_complete_support_unavailable
1,930.04,metrica:Away:15,attacker_complete_support_unavailable
1,930.04,metrica:Away:16,complete_ten_defenders_unavailable
1,930.04,metrica:Away:17,attacker_complete_support_unavailable
1,930.04,metrica:Away:18,complete_ten_defenders_unavailable
1,930.04,metrica:Away:19,complete_ten_defenders_unavailable
1,930.04,metrica:Away:20,attacker_complete_support_unavailable
1,930.04,metrica:Away:21,complete_ten_defenders_unavailable
1,930.04,metrica:Away:22,complete_ten_defenders_unavailable
1,930.04,metrica:Away:23,complete_ten_defenders_unavailable
1,930.04,metrica:Away:24,complete_ten_defenders_unavailable
1,930.04,metrica:Away:26,attacker_complete_support_unavailable
1,934.04,metrica:Away:15,attacker_complete_support_unavailable
1,934.04,metrica:Away:16,complete_ten_defenders_unavailable
1,934.04,metrica:Away:17,attacker_complete_support_unavailable
1,934.04,metrica:Away:18,complete_ten_defenders_unavailable
1,934.04,metrica:Away:19,complete_ten_defenders_unavailable
1,934.04,metrica:Away:20,attacker_complete_support_unavailable
1,934.04,metrica:Away:21,complete_ten_defenders_unavailable
1,934.04,metrica:Away:22,complete_ten_defenders_unavailable
1,934.04,metrica:Away:23,complete_ten_defenders_unavailable
1,934.04,metrica:Away:24,complete_ten_defenders_unavailable
1,934.04,metrica:Away:26,attacker_complete_support_unavailable
1,938.04,metrica:Away:15,attacker_complete_support_unavailable
1,938.04,metrica:Away:16,complete_ten_defenders_unavailable
1,938.04,metrica:Away:17,attacker_complete_support_unavailable
1,938.04,metrica:Away:18,complete_ten_defenders_unavailable
1,938.04,metrica:Away:19,complete_ten_defenders_unavailable
1,938.04,metrica:Away:20,attacker_complete_support_unavailable
1,938.04,metrica:Away:21,complete_ten_defenders_unavailable
1,938.04,metrica:Away:22,complete_ten_defenders_unavailable
1,938.04,metrica:Away:23,complete_ten_defenders_unavailable
1,938.04,metrica:Away:24,complete_ten_defenders_unavailable
1,938.04,metrica:Away:26,attacker_complete_support_unavailable
1,942.04,metrica:Away:15,attacker_complete_support_unavailable
1,942.04,metrica:Away:16,complete_ten_defenders_unavailable
1,942.04,metrica:Away:17,attacker_complete_support_unavailable
1,942.04,metrica:Away:18,complete_ten_defenders_unavailable
1,942.04,metrica:Away:19,complete_ten_defenders_unavailable
1,942.04,metrica:Away:20,attacker_complete_support_unavailable
1,942.04,metrica:Away:21,complete_ten_defenders_unavailable
1,942.04,metrica:Away:22,complete_ten_defenders_unavailable
1,942.04,metrica:Away:23,complete_ten_defenders_unavailable
1,942.04,metrica:Away:24,complete_ten_defenders_unavailable
1,942.04,metrica:Away:26,attacker_complete_support_unavailable
1,946.04,metrica:Away:15,attacker_complete_support_unavailable
1,946.04,metrica:Away:16,complete_ten_defenders_unavailable
1,946.04,metrica:Away:17,attacker_complete_support_unavailable
1,946.04,metrica:Away:18,complete_ten_defenders_unavailable
1,946.04,metrica:Away:19,complete_ten_defenders_unavailable
1,946.04,metrica:Away:20,attacker_complete_support_unavailable
1,946.04,metrica:Away:21,complete_ten_defenders_unavailable
1,946.04,metrica:Away:22,complete_ten_defenders_unavailable
1,946.04,metrica:Away:23,complete_ten_defenders_unavailable
1,946.04,metrica:Away:24,complete_ten_defenders_unavailable
1,946.04,metrica:Away:26,attacker_complete_support_unavailable
1,950.04,metrica:Away:15,attacker_complete_support_unavailable
1,950.04,metrica:Away:16,complete_ten_defenders_unavailable
1,950.04,metrica:Away:17,attacker_complete_support_unavailable
1,950.04,metrica:Away:18,complete_ten_defenders_unavailable
1,950.04,metrica:Away:19,complete_ten_defenders_unavailable
1,950.04,metrica:Away:20,attacker_complete_support_unavailable
1,950.04,metrica:Away:21,complete_ten_defenders_unavailable
1,950.04,metrica:Away:22,complete_ten_defenders_unavailable
1,950.04,metrica:Away:23,complete_ten_defenders_unavailable
1,950.04,metrica:Away:24,complete_ten_defenders_unavailable
1,950.04,metrica:Away:26,attacker_complete_support_unavailable
1,954.04,metrica:Away:15,attacker_complete_support_unavailable
1,954.04,metrica:Away:16,complete_ten_defenders_unavailable
1,954.04,metrica:Away:17,attacker_complete_support_unavailable
1,954.04,metrica:Away:18,complete_ten_defenders_unavailable
1,954.04,metrica:Away:19,complete_ten_defenders_unavailable
1,954.04,metrica:Away:20,attacker_complete_support_unavailable
1,954.04,metrica:Away:21,complete_ten_defenders_unavailable
1,954.04,metrica:Away:22,complete_ten_defenders_unavailable
1,954.04,metrica:Away:23,complete_ten_defenders_unavailable
1,954.04,metrica:Away:24,complete_ten_defenders_unavailable
1,954.04,metrica:Away:26,attacker_complete_support_unavailable
1,958.04,metrica:Away:15,attacker_complete_support_unavailable
1,958.04,metrica:Away:16,complete_ten_defenders_unavailable
1,958.04,metrica:Away:17,attacker_complete_support_unavailable
1,958.04,metrica:Away:18,complete_ten_defenders_unavailable
1,958.04,metrica:Away:19,complete_ten_defenders_unavailable
1,958.04,metrica:Away:20,attacker_complete_support_unavailable
1,958.04,metrica:Away:21,complete_ten_defenders_unavailable
1,958.04,metrica:Away:22,complete_ten_defenders_unavailable
1,958.04,metrica:Away:23,complete_ten_defenders_unavailable
1,958.04,metrica:Away:24,complete_ten_defenders_unavailable
1,958.04,metrica:Away:26,attacker_complete_support_unavailable
1,962.04,metrica:Away:15,attacker_complete_support_unavailable
1,962.04,metrica:Away:16,complete_ten_defenders_unavailable
1,962.04,metrica:Away:17,attacker_complete_support_unavailable
1,962.04,metrica:Away:18,complete_ten_defenders_unavailable
1,962.04,metrica:Away:19,complete_ten_defenders_unavailable
1,962.04,metrica:Away:20,attacker_complete_support_unavailable
1,962.04,metrica:Away:21,complete_ten_defenders_unavailable
1,962.04,metrica:Away:22,complete_ten_defenders_unavailable
1,962.04,metrica:Away:23,complete_ten_defenders_unavailable
1,962.04,metrica:Away:24,complete_ten_defenders_unavailable
1,962.04,metrica:Away:26,attacker_complete_support_unavailable
1,966.04,metrica:Away:15,attacker_complete_support_unavailable
1,966.04,metrica:Away:16,complete_ten_defenders_unavailable
1,966.04,metrica:Away:17,attacker_complete_support_unavailable
1,966.04,metrica:Away:18,complete_ten_defenders_unavailable
1,966.04,metrica:Away:19,complete_ten_defenders_unavailable
1,966.04,metrica:Away:20,attacker_complete_support_unavailable
1,966.04,metrica:Away:21,complete_ten_defenders_unavailable
1,966.04,metrica:Away:22,complete_ten_defenders_unavailable
1,966.04,metrica:Away:23,complete_ten_defenders_unavailable
1,966.04,metrica:Away:24,complete_ten_defenders_unavailable
1,966.04,metrica:Away:26,attacker_complete_support_unavailable
1,970.04,metrica:Away:15,attacker_complete_support_unavailable
1,970.04,metrica:Away:16,complete_ten_defenders_unavailable
1,970.04,metrica:Away:17,attacker_complete_support_unavailable
1,970.04,metrica:Away:18,complete_ten_defenders_unavailable
1,970.04,metrica:Away:19,complete_ten_defenders_unavailable
1,970.04,metrica:Away:20,attacker_complete_support_unavailable
1,970.04,metrica:Away:21,complete_ten_defenders_unavailable
1,970.04,metrica:Away:22,complete_ten_defenders_unavailable
1,970.04,metrica:Away:23,complete_ten_defenders_unavailable
1,970.04,metrica:Away:24,complete_ten_defenders_unavailable
1,970.04,metrica:Away:26,attacker_complete_support_unavailable
1,974.04,metrica:Away:15,attacker_complete_support_unavailable
1,974.04,metrica:Away:16,complete_ten_defenders_unavailable
1,974.04,metrica:Away:17,attacker_complete_support_unavailable
1,974.04,metrica:Away:18,complete_ten_defenders_unavailable
1,974.04,metrica:Away:19,complete_ten_defenders_unavailable
1,974.04,metrica:Away:20,attacker_complete_support_unavailable
1,974.04,metrica:Away:21,complete_ten_defenders_unavailable
1,974.04,metrica:Away:22,complete_ten_defenders_unavailable
1,974.04,metrica:Away:23,complete_ten_defenders_unavailable
1,974.04,metrica:Away:24,complete_ten_defenders_unavailable
1,974.04,metrica:Away:26,attacker_complete_support_unavailable
1,978.04,metrica:Away:15,attacker_complete_support_unavailable
1,978.04,metrica:Away:16,complete_ten_defenders_unavailable
1,978.04,metrica:Away:17,attacker_complete_support_unavailable
1,978.04,metrica:Away:18,complete_ten_defenders_unavailable
1,978.04,metrica:Away:19,complete_ten_defenders_unavailable
1,978.04,metrica:Away:20,attacker_complete_support_unavailable
1,978.04,metrica:Away:21,complete_ten_defenders_unavailable
1,978.04,metrica:Away:22,complete_ten_defenders_unavailable
1,978.04,metrica:Away:23,complete_ten_defenders_unavailable
1,978.04,metrica:Away:24,complete_ten_defenders_unavailable
1,978.04,metrica:Away:26,attacker_complete_support_unavailable
1,982.04,metrica:Away:15,attacker_complete_support_unavailable
1,982.04,metrica:Away:16,complete_ten_defenders_unavailable
1,982.04,metrica:Away:17,attacker_complete_support_unavailable
1,982.04,metrica:Away:18,complete_ten_defenders_unavailable
1,982.04,metrica:Away:19,complete_ten_defenders_unavailable
1,982.04,metrica:Away:20,attacker_complete_support_unavailable
1,982.04,metrica:Away:21,complete_ten_defenders_unavailable
1,982.04,metrica:Away:22,complete_ten_defenders_unavailable
1,982.04,metrica:Away:23,complete_ten_defenders_unavailable
1,982.04,metrica:Away:24,complete_ten_defenders_unavailable
1,982.04,metrica:Away:26,attacker_complete_support_unavailable
1,986.04,metrica:Away:15,attacker_complete_support_unavailable
1,986.04,metrica:Away:16,complete_ten_defenders_unavailable
1,986.04,metrica:Away:17,attacker_complete_support_unavailable
1,986.04,metrica:Away:18,complete_ten_defenders_unavailable
1,986.04,metrica:Away:19,complete_ten_defenders_unavailable
1,986.04,metrica:Away:20,attacker_complete_support_unavailable
1,986.04,metrica:Away:21,complete_ten_defenders_unavailable
1,986.04,metrica:Away:22,complete_ten_defenders_unavailable
1,986.04,metrica:Away:23,complete_ten_defenders_unavailable
1,986.04,metrica:Away:24,complete_ten_defenders_unavailable
1,986.04,metrica:Away:26,attacker_complete_support_unavailable
1,990.04,metrica:Away:15,attacker_complete_support_unavailable
1,990.04,metrica:Away:16,complete_ten_defenders_unavailable
1,990.04,metrica:Away:17,attacker_complete_support_unavailable
1,990.04,metrica:Away:18,complete_ten_defenders_unavailable
1,990.04,metrica:Away:19,complete_ten_defenders_unavailable
1,990.04,metrica:Away:20,attacker_complete_support_unavailable
1,990.04,metrica:Away:21,complete_ten_defenders_unavailable
1,990.04,metrica:Away:22,complete_ten_defenders_unavailable
1,990.04,metrica:Away:23,complete_ten_defenders_unavailable
1,990.04,metrica:Away:24,complete_ten_defenders_unavailable
1,990.04,metrica:Away:26,attacker_complete_support_unavailable
1,994.04,metrica:Away:15,attacker_complete_support_unavailable
1,994.04,metrica:Away:16,complete_ten_defenders_unavailable
1,994.04,metrica:Away:17,attacker_complete_support_unavailable
1,994.04,metrica:Away:18,complete_ten_defenders_unavailable
1,994.04,metrica:Away:19,complete_ten_defenders_unavailable
1,994.04,metrica:Away:20,attacker_complete_support_unavailable
1,994.04,metrica:Away:21,complete_ten_defenders_unavailable
1,994.04,metrica:Away:22,complete_ten_defenders_unavailable
1,994.04,metrica:Away:23,complete_ten_defenders_unavailable
1,994.04,metrica:Away:24,complete_ten_defenders_unavailable
1,994.04,metrica:Away:26,attacker_complete_support_unavailable
1,998.04,metrica:Away:15,attacker_complete_support_unavailable
1,998.04,metrica:Away:16,complete_ten_defenders_unavailable
1,998.04,metrica:Away:17,attacker_complete_support_unavailable
1,998.04,metrica:Away:18,complete_ten_defenders_unavailable
1,998.04,metrica:Away:19,complete_ten_defenders_unavailable
1,998.04,metrica:Away:20,attacker_complete_support_unavailable
1,998.04,metrica:Away:21,complete_ten_defenders_unavailable
1,998.04,metrica:Away:22,complete_ten_defenders_unavailable
1,998.04,metrica:Away:23,complete_ten_defenders_unavailable
1,998.04,metrica:Away:24,complete_ten_defenders_unavailable
1,998.04,metrica:Away:26,attacker_complete_support_unavailable
1,1002.04,metrica:Home:1,complete_ten_defenders_unavailable
1,1002.04,metrica:Home:10,attacker_complete_support_unavailable
1,1002.04,metrica:Home:12,attacker_complete_support_unavailable
1,1002.04,metrica:Home:13,attacker_complete_support_unavailable
1,1002.04,metrica:Home:14,attacker_complete_support_unavailable
1,1002.04,metrica:Home:2,complete_ten_defenders_unavailable
1,1002.04,metrica:Home:3,complete_ten_defenders_unavailable
1,1002.04,metrica:Home:4,attacker_complete_support_unavailable
1,1002.04,metrica:Home:5,attacker_complete_support_unavailable
1,1002.04,metrica:Home:6,attacker_complete_support_unavailable
1,1002.04,metrica:Home:7,complete_ten_defenders_unavailable
1,1002.04,metrica:Home:8,complete_ten_defenders_unavailable
1,1002.04,metrica:Home:9,complete_ten_defenders_unavailable
1,1006.04,metrica:Home:1,complete_ten_defenders_unavailable
1,1006.04,metrica:Home:10,attacker_complete_support_unavailable
1,1006.04,metrica:Home:12,attacker_complete_support_unavailable
1,1006.04,metrica:Home:13,attacker_complete_support_unavailable
1,1006.04,metrica:Home:14,attacker_complete_support_unavailable
1,1006.04,metrica:Home:2,complete_ten_defenders_unavailable
1,1006.04,metrica:Home:3,complete_ten_defenders_unavailable
1,1006.04,metrica:Home:4,attacker_complete_support_unavailable
1,1006.04,metrica:Home:5,attacker_complete_support_unavailable
1,1006.04,metrica:Home:6,attacker_complete_support_unavailable
1,1006.04,metrica:Home:7,complete_ten_defenders_unavailable
1,1006.04,metrica:Home:8,complete_ten_defenders_unavailable
1,1006.04,metrica:Home:9,complete_ten_defenders_unavailable
1,1010.04,metrica:Home:1,complete_ten_defenders_unavailable
1,1010.04,metrica:Home:10,attacker_complete_support_unavailable
1,1010.04,metrica:Home:12,attacker_complete_support_unavailable
1,1010.04,metrica:Home:13,attacker_complete_support_unavailable
1,1010.04,metrica:Home:14,attacker_complete_support_unavailable
1,1010.04,metrica:Home:2,complete_ten_defenders_unavailable
1,1010.04,metrica:Home:3,complete_ten_defenders_unavailable
1,1010.04,metrica:Home:4,attacker_complete_support_unavailable
1,1010.04,metrica:Home:5,attacker_complete_support_unavailable
1,1010.04,metrica:Home:6,attacker_complete_support_unavailable
1,1010.04,metrica:Home:7,complete_ten_defenders_unavailable
1,1010.04,metrica:Home:8,complete_ten_defenders_unavailable
1,1010.04,metrica:Home:9,complete_ten_defenders_unavailable
1,1014.04,metrica:Home:1,complete_ten_defenders_unavailable
1,1014.04,metrica:Home:10,attacker_complete_support_unavailable
1,1014.04,metrica:Home:12,attacker_complete_support_unavailable
1,1014.04,metrica:Home:13,attacker_complete_support_unavailable
1,1014.04,metrica:Home:14,attacker_complete_support_unavailable
1,1014.04,metrica:Home:2,complete_ten_defenders_unavailable
1,1014.04,metrica:Home:3,complete_ten_defenders_unavailable
1,1014.04,metrica:Home:4,attacker_complete_support_unavailable
1,1014.04,metrica:Home:5,attacker_complete_support_unavailable
1,1014.04,metrica:Home:6,attacker_complete_support_unavailable
1,1014.04,metrica:Home:7,complete_ten_defenders_unavailable
1,1014.04,metrica:Home:8,complete_ten_defenders_unavailable
1,1014.04,metrica:Home:9,complete_ten_defenders_unavailable
1,1018.04,metrica:Home:1,complete_ten_defenders_unavailable
1,1018.04,metrica:Home:10,attacker_complete_support_unavailable
1,1018.04,metrica:Home:12,attacker_complete_support_unavailable
1,1018.04,metrica:Home:13,attacker_complete_support_unavailable
1,1018.04,metrica:Home:14,attacker_complete_support_unavailable
1,1018.04,metrica:Home:2,complete_ten_defenders_unavailable
1,1018.04,metrica:Home:3,complete_ten_defenders_unavailable
1,1018.04,metrica:Home:4,attacker_complete_support_unavailable
1,1018.04,metrica:Home:5,attacker_complete_support_unavailable
1,1018.04,metrica:Home:6,attacker_complete_support_unavailable
1,1018.04,metrica:Home:7,complete_ten_defenders_unavailable
1,1018.04,metrica:Home:8,complete_ten_defenders_unavailable
1,1018.04,metrica:Home:9,complete_ten_defenders_unavailable
1,1022.04,metrica:Home:1,complete_ten_defenders_unavailable
1,1022.04,metrica:Home:10,attacker_complete_support_unavailable
1,1022.04,metrica:Home:12,attacker_complete_support_unavailable
1,1022.04,metrica:Home:13,attacker_complete_support_unavailable
1,1022.04,metrica:Home:14,attacker_complete_support_unavailable
1,1022.04,metrica:Home:2,complete_ten_defenders_unavailable
1,1022.04,metrica:Home:3,complete_ten_defenders_unavailable
1,1022.04,metrica:Home:4,attacker_complete_support_unavailable
1,1022.04,metrica:Home:5,attacker_complete_support_unavailable
1,1022.04,metrica:Home:6,attacker_complete_support_unavailable
1,1022.04,metrica:Home:7,complete_ten_defenders_unavailable
1,1022.04,metrica:Home:8,complete_ten_defenders_unavailable
1,1022.04,metrica:Home:9,complete_ten_defenders_unavailable
1,1026.04,metrica:Home:1,restart_or_ball_out_span
1,1026.04,metrica:Home:10,restart_or_ball_out_span
1,1026.04,metrica:Home:12,restart_or_ball_out_span
1,1026.04,metrica:Home:13,restart_or_ball_out_span
1,1026.04,metrica:Home:14,restart_or_ball_out_span
1,1026.04,metrica:Home:2,restart_or_ball_out_span
1,1026.04,metrica:Home:3,restart_or_ball_out_span
1,1026.04,metrica:Home:4,restart_or_ball_out_span
1,1026.04,metrica:Home:5,restart_or_ball_out_span
1,1026.04,metrica:Home:6,restart_or_ball_out_span
1,1026.04,metrica:Home:7,restart_or_ball_out_span
1,1026.04,metrica:Home:8,restart_or_ball_out_span
1,1026.04,metrica:Home:9,restart_or_ball_out_span
1,1030.04,metrica:Away:15,attacker_complete_support_unavailable
1,1030.04,metrica:Away:16,complete_ten_defenders_unavailable
1,1030.04,metrica:Away:17,attacker_complete_support_unavailable
1,1030.04,metrica:Away:18,complete_ten_defenders_unavailable
1,1030.04,metrica:Away:19,complete_ten_defenders_unavailable
1,1030.04,metrica:Away:20,attacker_complete_support_unavailable
1,1030.04,metrica:Away:21,complete_ten_defenders_unavailable
1,1030.04,metrica:Away:22,complete_ten_defenders_unavailable
1,1030.04,metrica:Away:23,complete_ten_defenders_unavailable
1,1030.04,metrica:Away:24,complete_ten_defenders_unavailable
1,1030.04,metrica:Away:26,attacker_complete_support_unavailable
1,1034.04,metrica:Away:15,attacker_complete_support_unavailable
1,1034.04,metrica:Away:16,complete_ten_defenders_unavailable
1,1034.04,metrica:Away:17,attacker_complete_support_unavailable
1,1034.04,metrica:Away:18,complete_ten_defenders_unavailable
1,1034.04,metrica:Away:19,complete_ten_defenders_unavailable
1,1034.04,metrica:Away:20,attacker_complete_support_unavailable
1,1034.04,metrica:Away:21,complete_ten_defenders_unavailable
1,1034.04,metrica:Away:22,complete_ten_defenders_unavailable
1,1034.04,metrica:Away:23,complete_ten_defenders_unavailable
1,1034.04,metrica:Away:24,complete_ten_defenders_unavailable
1,1034.04,metrica:Away:26,attacker_complete_support_unavailable
1,1038.04,metrica:Home:1,restart_or_ball_out_span
1,1038.04,metrica:Home:10,restart_or_ball_out_span
1,1038.04,metrica:Home:12,restart_or_ball_out_span
1,1038.04,metrica:Home:13,restart_or_ball_out_span
1,1038.04,metrica:Home:14,restart_or_ball_out_span
1,1038.04,metrica:Home:2,restart_or_ball_out_span
1,1038.04,metrica:Home:3,restart_or_ball_out_span
1,1038.04,metrica:Home:4,restart_or_ball_out_span
1,1038.04,metrica:Home:5,restart_or_ball_out_span
1,1038.04,metrica:Home:6,restart_or_ball_out_span
1,1038.04,metrica:Home:7,restart_or_ball_out_span
1,1038.04,metrica:Home:8,restart_or_ball_out_span
1,1038.04,metrica:Home:9,restart_or_ball_out_span
1,1042.04,metrica:Home:1,complete_ten_defenders_unavailable
1,1042.04,metrica:Home:10,attacker_complete_support_unavailable
1,1042.04,metrica:Home:12,attacker_complete_support_unavailable
1,1042.04,metrica:Home:13,attacker_complete_support_unavailable
1,1042.04,metrica:Home:14,attacker_complete_support_unavailable
1,1042.04,metrica:Home:2,complete_ten_defenders_unavailable
1,1042.04,metrica:Home:3,complete_ten_defenders_unavailable
1,1042.04,metrica:Home:4,attacker_complete_support_unavailable
1,1042.04,metrica:Home:5,attacker_complete_support_unavailable
1,1042.04,metrica:Home:6,attacker_complete_support_unavailable
1,1042.04,metrica:Home:7,complete_ten_defenders_unavailable
1,1042.04,metrica:Home:8,complete_ten_defenders_unavailable
1,1042.04,metrica:Home:9,complete_ten_defenders_unavailable
1,1046.04,metrica:Home:1,complete_ten_defenders_unavailable
1,1046.04,metrica:Home:10,attacker_complete_support_unavailable
1,1046.04,metrica:Home:12,attacker_complete_support_unavailable
1,1046.04,metrica:Home:13,attacker_complete_support_unavailable
1,1046.04,metrica:Home:14,attacker_complete_support_unavailable
1,1046.04,metrica:Home:2,complete_ten_defenders_unavailable
1,1046.04,metrica:Home:3,complete_ten_defenders_unavailable
1,1046.04,metrica:Home:4,attacker_complete_support_unavailable
1,1046.04,metrica:Home:5,attacker_complete_support_unavailable
1,1046.04,metrica:Home:6,attacker_complete_support_unavailable
1,1046.04,metrica:Home:7,complete_ten_defenders_unavailable
1,1046.04,metrica:Home:8,complete_ten_defenders_unavailable
1,1046.04,metrica:Home:9,complete_ten_defenders_unavailable
1,1050.04,metrica:Home:1,complete_ten_defenders_unavailable
1,1050.04,metrica:Home:10,attacker_complete_support_unavailable
1,1050.04,metrica:Home:12,attacker_complete_support_unavailable
1,1050.04,metrica:Home:13,attacker_complete_support_unavailable
1,1050.04,metrica:Home:14,attacker_complete_support_unavailable
1,1050.04,metrica:Home:2,complete_ten_defenders_unavailable
1,1050.04,metrica:Home:3,complete_ten_defenders_unavailable
1,1050.04,metrica:Home:4,attacker_complete_support_unavailable
1,1050.04,metrica:Home:5,attacker_complete_support_unavailable
1,1050.04,metrica:Home:6,attacker_complete_support_unavailable
1,1050.04,metrica:Home:7,complete_ten_defenders_unavailable
1,1050.04,metrica:Home:8,complete_ten_defenders_unavailable
1,1050.04,metrica:Home:9,complete_ten_defenders_unavailable
1,1054.04,metrica:Home:1,complete_ten_defenders_unavailable
1,1054.04,metrica:Home:10,attacker_complete_support_unavailable
1,1054.04,metrica:Home:12,attacker_complete_support_unavailable
1,1054.04,metrica:Home:13,attacker_complete_support_unavailable
1,1054.04,metrica:Home:14,attacker_complete_support_unavailable
1,1054.04,metrica:Home:2,complete_ten_defenders_unavailable
1,1054.04,metrica:Home:3,complete_ten_defenders_unavailable
1,1054.04,metrica:Home:4,attacker_complete_support_unavailable
1,1054.04,metrica:Home:5,attacker_complete_support_unavailable
1,1054.04,metrica:Home:6,attacker_complete_support_unavailable
1,1054.04,metrica:Home:7,complete_ten_defenders_unavailable
1,1054.04,metrica:Home:8,complete_ten_defenders_unavailable
1,1054.04,metrica:Home:9,complete_ten_defenders_unavailable
1,1058.04,metrica:Home:1,restart_or_ball_out_span
1,1058.04,metrica:Home:10,restart_or_ball_out_span
1,1058.04,metrica:Home:12,restart_or_ball_out_span
1,1058.04,metrica:Home:13,restart_or_ball_out_span
1,1058.04,metrica:Home:14,restart_or_ball_out_span
1,1058.04,metrica:Home:2,restart_or_ball_out_span
1,1058.04,metrica:Home:3,restart_or_ball_out_span
1,1058.04,metrica:Home:4,restart_or_ball_out_span
1,1058.04,metrica:Home:5,restart_or_ball_out_span
1,1058.04,metrica:Home:6,restart_or_ball_out_span
1,1058.04,metrica:Home:7,restart_or_ball_out_span
1,1058.04,metrica:Home:8,restart_or_ball_out_span
1,1058.04,metrica:Home:9,restart_or_ball_out_span
1,1062.04,metrica:Away:15,attacker_complete_support_unavailable
1,1062.04,metrica:Away:16,complete_ten_defenders_unavailable
1,1062.04,metrica:Away:17,attacker_complete_support_unavailable
1,1062.04,metrica:Away:18,complete_ten_defenders_unavailable
1,1062.04,metrica:Away:19,complete_ten_defenders_unavailable
1,1062.04,metrica:Away:20,attacker_complete_support_unavailable
1,1062.04,metrica:Away:21,complete_ten_defenders_unavailable
1,1062.04,metrica:Away:22,complete_ten_defenders_unavailable
1,1062.04,metrica:Away:23,complete_ten_defenders_unavailable
1,1062.04,metrica:Away:24,complete_ten_defenders_unavailable
1,1062.04,metrica:Away:26,attacker_complete_support_unavailable
1,1066.04,metrica:Away:15,attacker_complete_support_unavailable
1,1066.04,metrica:Away:16,complete_ten_defenders_unavailable
1,1066.04,metrica:Away:17,attacker_complete_support_unavailable
1,1066.04,metrica:Away:18,complete_ten_defenders_unavailable
1,1066.04,metrica:Away:19,complete_ten_defenders_unavailable
1,1066.04,metrica:Away:20,attacker_complete_support_unavailable
1,1066.04,metrica:Away:21,complete_ten_defenders_unavailable
1,1066.04,metrica:Away:22,complete_ten_defenders_unavailable
1,1066.04,metrica:Away:23,complete_ten_defenders_unavailable
1,1066.04,metrica:Away:24,complete_ten_defenders_unavailable
1,1066.04,metrica:Away:26,attacker_complete_support_unavailable
1,1070.04,metrica:Away:15,attacker_complete_support_unavailable
1,1070.04,metrica:Away:16,complete_ten_defenders_unavailable
1,1070.04,metrica:Away:17,attacker_complete_support_unavailable
1,1070.04,metrica:Away:18,complete_ten_defenders_unavailable
1,1070.04,metrica:Away:19,complete_ten_defenders_unavailable
1,1070.04,metrica:Away:20,attacker_complete_support_unavailable
1,1070.04,metrica:Away:21,complete_ten_defenders_unavailable
1,1070.04,metrica:Away:22,complete_ten_defenders_unavailable
1,1070.04,metrica:Away:23,complete_ten_defenders_unavailable
1,1070.04,metrica:Away:24,complete_ten_defenders_unavailable
1,1070.04,metrica:Away:26,attacker_complete_support_unavailable
1,1074.04,metrica:Away:15,attacker_complete_support_unavailable
1,1074.04,metrica:Away:16,complete_ten_defenders_unavailable
1,1074.04,metrica:Away:17,attacker_complete_support_unavailable
1,1074.04,metrica:Away:18,complete_ten_defenders_unavailable
1,1074.04,metrica:Away:19,complete_ten_defenders_unavailable
1,1074.04,metrica:Away:20,attacker_complete_support_unavailable
1,1074.04,metrica:Away:21,complete_ten_defenders_unavailable
1,1074.04,metrica:Away:22,complete_ten_defenders_unavailable
1,1074.04,metrica:Away:23,complete_ten_defenders_unavailable
1,1074.04,metrica:Away:24,complete_ten_defenders_unavailable
1,1074.04,metrica:Away:26,attacker_complete_support_unavailable
1,1078.04,metrica:Away:15,attacker_complete_support_unavailable
1,1078.04,metrica:Away:16,complete_ten_defenders_unavailable
1,1078.04,metrica:Away:17,attacker_complete_support_unavailable
1,1078.04,metrica:Away:18,complete_ten_defenders_unavailable
1,1078.04,metrica:Away:19,complete_ten_defenders_unavailable
1,1078.04,metrica:Away:20,attacker_complete_support_unavailable
1,1078.04,metrica:Away:21,complete_ten_defenders_unavailable
1,1078.04,metrica:Away:22,complete_ten_defenders_unavailable
1,1078.04,metrica:Away:23,complete_ten_defenders_unavailable
1,1078.04,metrica:Away:24,complete_ten_defenders_unavailable
1,1078.04,metrica:Away:26,attacker_complete_support_unavailable
1,1082.04,metrica:Away:15,attacker_complete_support_unavailable
1,1082.04,metrica:Away:16,complete_ten_defenders_unavailable
1,1082.04,metrica:Away:17,attacker_complete_support_unavailable
1,1082.04,metrica:Away:18,complete_ten_defenders_unavailable
1,1082.04,metrica:Away:19,complete_ten_defenders_unavailable
1,1082.04,metrica:Away:20,attacker_complete_support_unavailable
1,1082.04,metrica:Away:21,complete_ten_defenders_unavailable
1,1082.04,metrica:Away:22,complete_ten_defenders_unavailable
1,1082.04,metrica:Away:23,complete_ten_defenders_unavailable
1,1082.04,metrica:Away:24,complete_ten_defenders_unavailable
1,1082.04,metrica:Away:26,attacker_complete_support_unavailable
1,1086.04,metrica:Away:15,restart_or_ball_out_span
1,1086.04,metrica:Away:16,restart_or_ball_out_span
1,1086.04,metrica:Away:17,restart_or_ball_out_span
1,1086.04,metrica:Away:18,restart_or_ball_out_span
1,1086.04,metrica:Away:19,restart_or_ball_out_span
1,1086.04,metrica:Away:20,restart_or_ball_out_span
1,1086.04,metrica:Away:21,restart_or_ball_out_span
1,1086.04,metrica:Away:22,restart_or_ball_out_span
1,1086.04,metrica:Away:23,restart_or_ball_out_span
1,1086.04,metrica:Away:24,restart_or_ball_out_span
1,1086.04,metrica:Away:26,restart_or_ball_out_span
1,1090.04,metrica:Home:1,complete_ten_defenders_unavailable
1,1090.04,metrica:Home:10,attacker_complete_support_unavailable
1,1090.04,metrica:Home:12,attacker_complete_support_unavailable
1,1090.04,metrica:Home:13,attacker_complete_support_unavailable
1,1090.04,metrica:Home:14,attacker_complete_support_unavailable
1,1090.04,metrica:Home:2,complete_ten_defenders_unavailable
1,1090.04,metrica:Home:3,complete_ten_defenders_unavailable
1,1090.04,metrica:Home:4,attacker_complete_support_unavailable
1,1090.04,metrica:Home:5,attacker_complete_support_unavailable
1,1090.04,metrica:Home:6,attacker_complete_support_unavailable
1,1090.04,metrica:Home:7,complete_ten_defenders_unavailable
1,1090.04,metrica:Home:8,complete_ten_defenders_unavailable
1,1090.04,metrica:Home:9,complete_ten_defenders_unavailable
1,1094.04,metrica:Home:1,complete_ten_defenders_unavailable
1,1094.04,metrica:Home:10,attacker_complete_support_unavailable
1,1094.04,metrica:Home:12,attacker_complete_support_unavailable
1,1094.04,metrica:Home:13,attacker_complete_support_unavailable
1,1094.04,metrica:Home:14,attacker_complete_support_unavailable
1,1094.04,metrica:Home:2,complete_ten_defenders_unavailable
1,1094.04,metrica:Home:3,complete_ten_defenders_unavailable
1,1094.04,metrica:Home:4,attacker_complete_support_unavailable
1,1094.04,metrica:Home:5,attacker_complete_support_unavailable
1,1094.04,metrica:Home:6,attacker_complete_support_unavailable
1,1094.04,metrica:Home:7,complete_ten_defenders_unavailable
1,1094.04,metrica:Home:8,complete_ten_defenders_unavailable
1,1094.04,metrica:Home:9,complete_ten_defenders_unavailable
1,1098.04,metrica:Home:1,complete_ten_defenders_unavailable
1,1098.04,metrica:Home:10,complete_ten_defenders_unavailable
1,1098.04,metrica:Home:12,attacker_complete_support_unavailable
1,1098.04,metrica:Home:13,attacker_complete_support_unavailable
1,1098.04,metrica:Home:14,attacker_complete_support_unavailable
1,1098.04,metrica:Home:2,complete_ten_defenders_unavailable
1,1098.04,metrica:Home:3,complete_ten_defenders_unavailable
1,1098.04,metrica:Home:4,attacker_complete_support_unavailable
1,1098.04,metrica:Home:5,attacker_complete_support_unavailable
1,1098.04,metrica:Home:6,attacker_complete_support_unavailable
1,1098.04,metrica:Home:7,complete_ten_defenders_unavailable
1,1098.04,metrica:Home:8,complete_ten_defenders_unavailable
1,1098.04,metrica:Home:9,complete_ten_defenders_unavailable
1,1102.04,metrica:Home:1,complete_ten_defenders_unavailable
1,1102.04,metrica:Home:10,complete_ten_defenders_unavailable
1,1102.04,metrica:Home:12,attacker_complete_support_unavailable
1,1102.04,metrica:Home:13,attacker_complete_support_unavailable
1,1102.04,metrica:Home:14,attacker_complete_support_unavailable
1,1102.04,metrica:Home:2,complete_ten_defenders_unavailable
1,1102.04,metrica:Home:3,complete_ten_defenders_unavailable
1,1102.04,metrica:Home:4,attacker_complete_support_unavailable
1,1102.04,metrica:Home:5,attacker_complete_support_unavailable
1,1102.04,metrica:Home:6,attacker_complete_support_unavailable
1,1102.04,metrica:Home:7,complete_ten_defenders_unavailable
1,1102.04,metrica:Home:8,complete_ten_defenders_unavailable
1,1102.04,metrica:Home:9,complete_ten_defenders_unavailable
1,1106.04,metrica:Home:1,complete_ten_defenders_unavailable
1,1106.04,metrica:Home:10,complete_ten_defenders_unavailable
1,1106.04,metrica:Home:12,attacker_complete_support_unavailable
1,1106.04,metrica:Home:13,attacker_complete_support_unavailable
1,1106.04,metrica:Home:14,attacker_complete_support_unavailable
1,1106.04,metrica:Home:2,complete_ten_defenders_unavailable
1,1106.04,metrica:Home:3,complete_ten_defenders_unavailable
1,1106.04,metrica:Home:4,attacker_complete_support_unavailable
1,1106.04,metrica:Home:5,attacker_complete_support_unavailable
1,1106.04,metrica:Home:6,complete_ten_defenders_unavailable
1,1106.04,metrica:Home:7,complete_ten_defenders_unavailable
1,1106.04,metrica:Home:8,complete_ten_defenders_unavailable
1,1106.04,metrica:Home:9,complete_ten_defenders_unavailable
1,1110.04,metrica:Home:1,complete_ten_defenders_unavailable
1,1110.04,metrica:Home:10,complete_ten_defenders_unavailable
1,1110.04,metrica:Home:12,attacker_complete_support_unavailable
1,1110.04,metrica:Home:13,attacker_complete_support_unavailable
1,1110.04,metrica:Home:14,attacker_complete_support_unavailable
1,1110.04,metrica:Home:2,complete_ten_defenders_unavailable
1,1110.04,metrica:Home:3,complete_ten_defenders_unavailable
1,1110.04,metrica:Home:4,attacker_complete_support_unavailable
1,1110.04,metrica:Home:5,attacker_complete_support_unavailable
1,1110.04,metrica:Home:6,complete_ten_defenders_unavailable
1,1110.04,metrica:Home:7,complete_ten_defenders_unavailable
1,1110.04,metrica:Home:8,complete_ten_defenders_unavailable
1,1110.04,metrica:Home:9,complete_ten_defenders_unavailable
1,1114.04,metrica:Home:1,complete_ten_defenders_unavailable
1,1114.04,metrica:Home:10,complete_ten_defenders_unavailable
1,1114.04,metrica:Home:12,attacker_complete_support_unavailable
1,1114.04,metrica:Home:13,attacker_complete_support_unavailable
1,1114.04,metrica:Home:14,attacker_complete_support_unavailable
1,1114.04,metrica:Home:2,complete_ten_defenders_unavailable
1,1114.04,metrica:Home:3,complete_ten_defenders_unavailable
1,1114.04,metrica:Home:4,attacker_complete_support_unavailable
1,1114.04,metrica:Home:5,attacker_complete_support_unavailable
1,1114.04,metrica:Home:6,complete_ten_defenders_unavailable
1,1114.04,metrica:Home:7,complete_ten_defenders_unavailable
1,1114.04,metrica:Home:8,complete_ten_defenders_unavailable
1,1114.04,metrica:Home:9,complete_ten_defenders_unavailable
1,1118.04,metrica:Home:1,complete_ten_defenders_unavailable
1,1118.04,metrica:Home:10,complete_ten_defenders_unavailable
1,1118.04,metrica:Home:12,attacker_complete_support_unavailable
1,1118.04,metrica:Home:13,attacker_complete_support_unavailable
1,1118.04,metrica:Home:14,attacker_complete_support_unavailable
1,1118.04,metrica:Home:2,complete_ten_defenders_unavailable
1,1118.04,metrica:Home:3,complete_ten_defenders_unavailable
1,1118.04,metrica:Home:4,attacker_complete_support_unavailable
1,1118.04,metrica:Home:5,attacker_complete_support_unavailable
1,1118.04,metrica:Home:6,complete_ten_defenders_unavailable
1,1118.04,metrica:Home:7,complete_ten_defenders_unavailable
1,1118.04,metrica:Home:8,complete_ten_defenders_unavailable
1,1118.04,metrica:Home:9,complete_ten_defenders_unavailable
1,1122.04,metrica:Away:15,attacker_complete_support_unavailable
1,1122.04,metrica:Away:16,complete_ten_defenders_unavailable
1,1122.04,metrica:Away:17,attacker_complete_support_unavailable
1,1122.04,metrica:Away:18,complete_ten_defenders_unavailable
1,1122.04,metrica:Away:19,complete_ten_defenders_unavailable
1,1122.04,metrica:Away:20,attacker_complete_support_unavailable
1,1122.04,metrica:Away:21,complete_ten_defenders_unavailable
1,1122.04,metrica:Away:22,complete_ten_defenders_unavailable
1,1122.04,metrica:Away:23,complete_ten_defenders_unavailable
1,1122.04,metrica:Away:24,complete_ten_defenders_unavailable
1,1122.04,metrica:Away:26,attacker_complete_support_unavailable
1,1126.04,metrica:Away:15,attacker_complete_support_unavailable
1,1126.04,metrica:Away:16,complete_ten_defenders_unavailable
1,1126.04,metrica:Away:17,attacker_complete_support_unavailable
1,1126.04,metrica:Away:18,complete_ten_defenders_unavailable
1,1126.04,metrica:Away:19,complete_ten_defenders_unavailable
1,1126.04,metrica:Away:20,attacker_complete_support_unavailable
1,1126.04,metrica:Away:21,complete_ten_defenders_unavailable
1,1126.04,metrica:Away:22,complete_ten_defenders_unavailable
1,1126.04,metrica:Away:23,complete_ten_defenders_unavailable
1,1126.04,metrica:Away:24,complete_ten_defenders_unavailable
1,1126.04,metrica:Away:26,attacker_complete_support_unavailable
1,1130.04,metrica:Home:1,complete_ten_defenders_unavailable
1,1130.04,metrica:Home:10,complete_ten_defenders_unavailable
1,1130.04,metrica:Home:12,attacker_complete_support_unavailable
1,1130.04,metrica:Home:13,attacker_complete_support_unavailable
1,1130.04,metrica:Home:14,attacker_complete_support_unavailable
1,1130.04,metrica:Home:2,complete_ten_defenders_unavailable
1,1130.04,metrica:Home:3,complete_ten_defenders_unavailable
1,1130.04,metrica:Home:4,attacker_complete_support_unavailable
1,1130.04,metrica:Home:5,attacker_complete_support_unavailable
1,1130.04,metrica:Home:6,complete_ten_defenders_unavailable
1,1130.04,metrica:Home:7,complete_ten_defenders_unavailable
1,1130.04,metrica:Home:8,complete_ten_defenders_unavailable
1,1130.04,metrica:Home:9,complete_ten_defenders_unavailable
1,1134.04,metrica:Away:15,attacker_complete_support_unavailable
1,1134.04,metrica:Away:16,complete_ten_defenders_unavailable
1,1134.04,metrica:Away:17,attacker_complete_support_unavailable
1,1134.04,metrica:Away:18,complete_ten_defenders_unavailable
1,1134.04,metrica:Away:19,complete_ten_defenders_unavailable
1,1134.04,metrica:Away:20,attacker_complete_support_unavailable
1,1134.04,metrica:Away:21,complete_ten_defenders_unavailable
1,1134.04,metrica:Away:22,complete_ten_defenders_unavailable
1,1134.04,metrica:Away:23,complete_ten_defenders_unavailable
1,1134.04,metrica:Away:24,complete_ten_defenders_unavailable
1,1134.04,metrica:Away:26,attacker_complete_support_unavailable
1,1138.04,metrica:Home:1,complete_ten_defenders_unavailable
1,1138.04,metrica:Home:10,complete_ten_defenders_unavailable
1,1138.04,metrica:Home:12,attacker_complete_support_unavailable
1,1138.04,metrica:Home:13,attacker_complete_support_unavailable
1,1138.04,metrica:Home:14,attacker_complete_support_unavailable
1,1138.04,metrica:Home:2,complete_ten_defenders_unavailable
1,1138.04,metrica:Home:3,complete_ten_defenders_unavailable
1,1138.04,metrica:Home:4,attacker_complete_support_unavailable
1,1138.04,metrica:Home:5,attacker_complete_support_unavailable
1,1138.04,metrica:Home:6,complete_ten_defenders_unavailable
1,1138.04,metrica:Home:7,complete_ten_defenders_unavailable
1,1138.04,metrica:Home:8,complete_ten_defenders_unavailable
1,1138.04,metrica:Home:9,complete_ten_defenders_unavailable
1,1142.04,metrica:Home:1,complete_ten_defenders_unavailable
1,1142.04,metrica:Home:10,complete_ten_defenders_unavailable
1,1142.04,metrica:Home:12,attacker_complete_support_unavailable
1,1142.04,metrica:Home:13,attacker_complete_support_unavailable
1,1142.04,metrica:Home:14,attacker_complete_support_unavailable
1,1142.04,metrica:Home:2,complete_ten_defenders_unavailable
1,1142.04,metrica:Home:3,complete_ten_defenders_unavailable
1,1142.04,metrica:Home:4,attacker_complete_support_unavailable
1,1142.04,metrica:Home:5,attacker_complete_support_unavailable
1,1142.04,metrica:Home:6,complete_ten_defenders_unavailable
1,1142.04,metrica:Home:7,complete_ten_defenders_unavailable
1,1142.04,metrica:Home:8,complete_ten_defenders_unavailable
1,1142.04,metrica:Home:9,complete_ten_defenders_unavailable
1,1146.04,metrica:Home:1,restart_or_ball_out_span
1,1146.04,metrica:Home:10,restart_or_ball_out_span
1,1146.04,metrica:Home:12,restart_or_ball_out_span
1,1146.04,metrica:Home:13,restart_or_ball_out_span
1,1146.04,metrica:Home:14,restart_or_ball_out_span
1,1146.04,metrica:Home:2,restart_or_ball_out_span
1,1146.04,metrica:Home:3,restart_or_ball_out_span
1,1146.04,metrica:Home:4,restart_or_ball_out_span
1,1146.04,metrica:Home:5,restart_or_ball_out_span
1,1146.04,metrica:Home:6,restart_or_ball_out_span
1,1146.04,metrica:Home:7,restart_or_ball_out_span
1,1146.04,metrica:Home:8,restart_or_ball_out_span
1,1146.04,metrica:Home:9,restart_or_ball_out_span
1,1150.04,metrica:Home:1,complete_ten_defenders_unavailable
1,1150.04,metrica:Home:10,complete_ten_defenders_unavailable
1,1150.04,metrica:Home:12,attacker_complete_support_unavailable
1,1150.04,metrica:Home:13,attacker_complete_support_unavailable
1,1150.04,metrica:Home:14,attacker_complete_support_unavailable
1,1150.04,metrica:Home:2,complete_ten_defenders_unavailable
1,1150.04,metrica:Home:3,complete_ten_defenders_unavailable
1,1150.04,metrica:Home:4,attacker_complete_support_unavailable
1,1150.04,metrica:Home:5,attacker_complete_support_unavailable
1,1150.04,metrica:Home:6,complete_ten_defenders_unavailable
1,1150.04,metrica:Home:7,complete_ten_defenders_unavailable
1,1150.04,metrica:Home:8,complete_ten_defenders_unavailable
1,1150.04,metrica:Home:9,complete_ten_defenders_unavailable
1,1154.04,metrica:Home:1,complete_ten_defenders_unavailable
1,1154.04,metrica:Home:10,complete_ten_defenders_unavailable
1,1154.04,metrica:Home:12,attacker_complete_support_unavailable
1,1154.04,metrica:Home:13,attacker_complete_support_unavailable
1,1154.04,metrica:Home:14,attacker_complete_support_unavailable
1,1154.04,metrica:Home:2,complete_ten_defenders_unavailable
1,1154.04,metrica:Home:3,complete_ten_defenders_unavailable
1,1154.04,metrica:Home:4,attacker_complete_support_unavailable
1,1154.04,metrica:Home:5,attacker_complete_support_unavailable
1,1154.04,metrica:Home:6,complete_ten_defenders_unavailable
1,1154.04,metrica:Home:7,complete_ten_defenders_unavailable
1,1154.04,metrica:Home:8,complete_ten_defenders_unavailable
1,1154.04,metrica:Home:9,complete_ten_defenders_unavailable
1,1158.04,metrica:Home:1,complete_ten_defenders_unavailable
1,1158.04,metrica:Home:10,complete_ten_defenders_unavailable
1,1158.04,metrica:Home:12,attacker_complete_support_unavailable
1,1158.04,metrica:Home:13,attacker_complete_support_unavailable
1,1158.04,metrica:Home:14,attacker_complete_support_unavailable
1,1158.04,metrica:Home:2,complete_ten_defenders_unavailable
1,1158.04,metrica:Home:3,complete_ten_defenders_unavailable
1,1158.04,metrica:Home:4,attacker_complete_support_unavailable
1,1158.04,metrica:Home:5,attacker_complete_support_unavailable
1,1158.04,metrica:Home:6,complete_ten_defenders_unavailable
1,1158.04,metrica:Home:7,complete_ten_defenders_unavailable
1,1158.04,metrica:Home:8,complete_ten_defenders_unavailable
1,1158.04,metrica:Home:9,complete_ten_defenders_unavailable
1,1162.04,metrica:Home:1,complete_ten_defenders_unavailable
1,1162.04,metrica:Home:10,complete_ten_defenders_unavailable
1,1162.04,metrica:Home:12,attacker_complete_support_unavailable
1,1162.04,metrica:Home:13,attacker_complete_support_unavailable
1,1162.04,metrica:Home:14,attacker_complete_support_unavailable
1,1162.04,metrica:Home:2,complete_ten_defenders_unavailable
1,1162.04,metrica:Home:3,complete_ten_defenders_unavailable
1,1162.04,metrica:Home:4,attacker_complete_support_unavailable
1,1162.04,metrica:Home:5,attacker_complete_support_unavailable
1,1162.04,metrica:Home:6,complete_ten_defenders_unavailable
1,1162.04,metrica:Home:7,complete_ten_defenders_unavailable
1,1162.04,metrica:Home:8,complete_ten_defenders_unavailable
1,1162.04,metrica:Home:9,complete_ten_defenders_unavailable
1,1166.04,metrica:Home:1,complete_ten_defenders_unavailable
1,1166.04,metrica:Home:10,complete_ten_defenders_unavailable
1,1166.04,metrica:Home:12,attacker_complete_support_unavailable
1,1166.04,metrica:Home:13,attacker_complete_support_unavailable
1,1166.04,metrica:Home:14,attacker_complete_support_unavailable
1,1166.04,metrica:Home:2,complete_ten_defenders_unavailable
1,1166.04,metrica:Home:3,complete_ten_defenders_unavailable
1,1166.04,metrica:Home:4,attacker_complete_support_unavailable
1,1166.04,metrica:Home:5,attacker_complete_support_unavailable
1,1166.04,metrica:Home:6,complete_ten_defenders_unavailable
1,1166.04,metrica:Home:7,complete_ten_defenders_unavailable
1,1166.04,metrica:Home:8,complete_ten_defenders_unavailable
1,1166.04,metrica:Home:9,complete_ten_defenders_unavailable
1,1170.04,metrica:Home:1,complete_ten_defenders_unavailable
1,1170.04,metrica:Home:10,complete_ten_defenders_unavailable
1,1170.04,metrica:Home:12,attacker_complete_support_unavailable
1,1170.04,metrica:Home:13,attacker_complete_support_unavailable
1,1170.04,metrica:Home:14,attacker_complete_support_unavailable
1,1170.04,metrica:Home:2,complete_ten_defenders_unavailable
1,1170.04,metrica:Home:3,complete_ten_defenders_unavailable
1,1170.04,metrica:Home:4,attacker_complete_support_unavailable
1,1170.04,metrica:Home:5,attacker_complete_support_unavailable
1,1170.04,metrica:Home:6,complete_ten_defenders_unavailable
1,1170.04,metrica:Home:7,complete_ten_defenders_unavailable
1,1170.04,metrica:Home:8,complete_ten_defenders_unavailable
1,1170.04,metrica:Home:9,complete_ten_defenders_unavailable
1,1174.04,metrica:Home:1,complete_ten_defenders_unavailable
1,1174.04,metrica:Home:10,complete_ten_defenders_unavailable
1,1174.04,metrica:Home:12,attacker_complete_support_unavailable
1,1174.04,metrica:Home:13,attacker_complete_support_unavailable
1,1174.04,metrica:Home:14,attacker_complete_support_unavailable
1,1174.04,metrica:Home:2,complete_ten_defenders_unavailable
1,1174.04,metrica:Home:3,complete_ten_defenders_unavailable
1,1174.04,metrica:Home:4,attacker_complete_support_unavailable
1,1174.04,metrica:Home:5,attacker_complete_support_unavailable
1,1174.04,metrica:Home:6,complete_ten_defenders_unavailable
1,1174.04,metrica:Home:7,complete_ten_defenders_unavailable
1,1174.04,metrica:Home:8,complete_ten_defenders_unavailable
1,1174.04,metrica:Home:9,complete_ten_defenders_unavailable
1,1178.04,metrica:Home:1,complete_ten_defenders_unavailable
1,1178.04,metrica:Home:10,complete_ten_defenders_unavailable
1,1178.04,metrica:Home:12,attacker_complete_support_unavailable
1,1178.04,metrica:Home:13,attacker_complete_support_unavailable
1,1178.04,metrica:Home:14,attacker_complete_support_unavailable
1,1178.04,metrica:Home:2,complete_ten_defenders_unavailable
1,1178.04,metrica:Home:3,complete_ten_defenders_unavailable
1,1178.04,metrica:Home:4,attacker_complete_support_unavailable
1,1178.04,metrica:Home:5,attacker_complete_support_unavailable
1,1178.04,metrica:Home:6,complete_ten_defenders_unavailable
1,1178.04,metrica:Home:7,complete_ten_defenders_unavailable
1,1178.04,metrica:Home:8,complete_ten_defenders_unavailable
1,1178.04,metrica:Home:9,complete_ten_defenders_unavailable
1,1182.04,metrica:Home:1,complete_ten_defenders_unavailable
1,1182.04,metrica:Home:10,complete_ten_defenders_unavailable
1,1182.04,metrica:Home:12,attacker_complete_support_unavailable
1,1182.04,metrica:Home:13,attacker_complete_support_unavailable
1,1182.04,metrica:Home:14,attacker_complete_support_unavailable
1,1182.04,metrica:Home:2,complete_ten_defenders_unavailable
1,1182.04,metrica:Home:3,complete_ten_defenders_unavailable
1,1182.04,metrica:Home:4,attacker_complete_support_unavailable
1,1182.04,metrica:Home:5,attacker_complete_support_unavailable
1,1182.04,metrica:Home:6,complete_ten_defenders_unavailable
1,1182.04,metrica:Home:7,complete_ten_defenders_unavailable
1,1182.04,metrica:Home:8,complete_ten_defenders_unavailable
1,1182.04,metrica:Home:9,complete_ten_defenders_unavailable
1,1186.04,metrica:Home:1,complete_ten_defenders_unavailable
1,1186.04,metrica:Home:10,complete_ten_defenders_unavailable
1,1186.04,metrica:Home:12,attacker_complete_support_unavailable
1,1186.04,metrica:Home:13,attacker_complete_support_unavailable
1,1186.04,metrica:Home:14,attacker_complete_support_unavailable
1,1186.04,metrica:Home:2,complete_ten_defenders_unavailable
1,1186.04,metrica:Home:3,complete_ten_defenders_unavailable
1,1186.04,metrica:Home:4,attacker_complete_support_unavailable
1,1186.04,metrica:Home:5,attacker_complete_support_unavailable
1,1186.04,metrica:Home:6,complete_ten_defenders_unavailable
1,1186.04,metrica:Home:7,complete_ten_defenders_unavailable
1,1186.04,metrica:Home:8,complete_ten_defenders_unavailable
1,1186.04,metrica:Home:9,complete_ten_defenders_unavailable
1,1190.04,metrica:Home:1,complete_ten_defenders_unavailable
1,1190.04,metrica:Home:10,complete_ten_defenders_unavailable
1,1190.04,metrica:Home:12,attacker_complete_support_unavailable
1,1190.04,metrica:Home:13,attacker_complete_support_unavailable
1,1190.04,metrica:Home:14,attacker_complete_support_unavailable
1,1190.04,metrica:Home:2,complete_ten_defenders_unavailable
1,1190.04,metrica:Home:3,complete_ten_defenders_unavailable
1,1190.04,metrica:Home:4,attacker_complete_support_unavailable
1,1190.04,metrica:Home:5,attacker_complete_support_unavailable
1,1190.04,metrica:Home:6,complete_ten_defenders_unavailable
1,1190.04,metrica:Home:7,complete_ten_defenders_unavailable
1,1190.04,metrica:Home:8,complete_ten_defenders_unavailable
1,1190.04,metrica:Home:9,complete_ten_defenders_unavailable
1,1194.04,metrica:Home:1,restart_or_ball_out_span
1,1194.04,metrica:Home:10,restart_or_ball_out_span
1,1194.04,metrica:Home:12,restart_or_ball_out_span
1,1194.04,metrica:Home:13,restart_or_ball_out_span
1,1194.04,metrica:Home:14,restart_or_ball_out_span
1,1194.04,metrica:Home:2,restart_or_ball_out_span
1,1194.04,metrica:Home:3,restart_or_ball_out_span
1,1194.04,metrica:Home:4,restart_or_ball_out_span
1,1194.04,metrica:Home:5,restart_or_ball_out_span
1,1194.04,metrica:Home:6,restart_or_ball_out_span
1,1194.04,metrica:Home:7,restart_or_ball_out_span
1,1194.04,metrica:Home:8,restart_or_ball_out_span
1,1194.04,metrica:Home:9,restart_or_ball_out_span
1,1198.04,metrica:Home:1,complete_ten_defenders_unavailable
1,1198.04,metrica:Home:10,complete_ten_defenders_unavailable
1,1198.04,metrica:Home:12,attacker_complete_support_unavailable
1,1198.04,metrica:Home:13,attacker_complete_support_unavailable
1,1198.04,metrica:Home:14,attacker_complete_support_unavailable
1,1198.04,metrica:Home:2,complete_ten_defenders_unavailable
1,1198.04,metrica:Home:3,complete_ten_defenders_unavailable
1,1198.04,metrica:Home:4,attacker_complete_support_unavailable
1,1198.04,metrica:Home:5,attacker_complete_support_unavailable
1,1198.04,metrica:Home:6,complete_ten_defenders_unavailable
1,1198.04,metrica:Home:7,complete_ten_defenders_unavailable
1,1198.04,metrica:Home:8,complete_ten_defenders_unavailable
1,1198.04,metrica:Home:9,complete_ten_defenders_unavailable
1,1202.04,metrica:Home:1,complete_ten_defenders_unavailable
1,1202.04,metrica:Home:10,complete_ten_defenders_unavailable
1,1202.04,metrica:Home:12,attacker_complete_support_unavailable
1,1202.04,metrica:Home:13,attacker_complete_support_unavailable
1,1202.04,metrica:Home:14,attacker_complete_support_unavailable
1,1202.04,metrica:Home:2,complete_ten_defenders_unavailable
1,1202.04,metrica:Home:3,complete_ten_defenders_unavailable
1,1202.04,metrica:Home:4,attacker_complete_support_unavailable
1,1202.04,metrica:Home:5,attacker_complete_support_unavailable
1,1202.04,metrica:Home:6,complete_ten_defenders_unavailable
1,1202.04,metrica:Home:7,complete_ten_defenders_unavailable
1,1202.04,metrica:Home:8,complete_ten_defenders_unavailable
1,1202.04,metrica:Home:9,complete_ten_defenders_unavailable
1,1206.04,metrica:Home:1,complete_ten_defenders_unavailable
1,1206.04,metrica:Home:10,complete_ten_defenders_unavailable
1,1206.04,metrica:Home:12,attacker_complete_support_unavailable
1,1206.04,metrica:Home:13,attacker_complete_support_unavailable
1,1206.04,metrica:Home:14,attacker_complete_support_unavailable
1,1206.04,metrica:Home:2,complete_ten_defenders_unavailable
1,1206.04,metrica:Home:3,complete_ten_defenders_unavailable
1,1206.04,metrica:Home:4,attacker_complete_support_unavailable
1,1206.04,metrica:Home:5,attacker_complete_support_unavailable
1,1206.04,metrica:Home:6,complete_ten_defenders_unavailable
1,1206.04,metrica:Home:7,complete_ten_defenders_unavailable
1,1206.04,metrica:Home:8,complete_ten_defenders_unavailable
1,1206.04,metrica:Home:9,complete_ten_defenders_unavailable
1,1210.04,metrica:Home:1,complete_ten_defenders_unavailable
1,1210.04,metrica:Home:10,complete_ten_defenders_unavailable
1,1210.04,metrica:Home:12,attacker_complete_support_unavailable
1,1210.04,metrica:Home:13,attacker_complete_support_unavailable
1,1210.04,metrica:Home:14,attacker_complete_support_unavailable
1,1210.04,metrica:Home:2,complete_ten_defenders_unavailable
1,1210.04,metrica:Home:3,complete_ten_defenders_unavailable
1,1210.04,metrica:Home:4,attacker_complete_support_unavailable
1,1210.04,metrica:Home:5,attacker_complete_support_unavailable
1,1210.04,metrica:Home:6,complete_ten_defenders_unavailable
1,1210.04,metrica:Home:7,complete_ten_defenders_unavailable
1,1210.04,metrica:Home:8,complete_ten_defenders_unavailable
1,1210.04,metrica:Home:9,complete_ten_defenders_unavailable
1,1214.04,metrica:Home:1,restart_or_ball_out_span
1,1214.04,metrica:Home:10,restart_or_ball_out_span
1,1214.04,metrica:Home:12,restart_or_ball_out_span
1,1214.04,metrica:Home:13,restart_or_ball_out_span
1,1214.04,metrica:Home:14,restart_or_ball_out_span
1,1214.04,metrica:Home:2,restart_or_ball_out_span
1,1214.04,metrica:Home:3,restart_or_ball_out_span
1,1214.04,metrica:Home:4,restart_or_ball_out_span
1,1214.04,metrica:Home:5,restart_or_ball_out_span
1,1214.04,metrica:Home:6,restart_or_ball_out_span
1,1214.04,metrica:Home:7,restart_or_ball_out_span
1,1214.04,metrica:Home:8,restart_or_ball_out_span
1,1214.04,metrica:Home:9,restart_or_ball_out_span
1,1218.04,metrica:Away:15,attacker_complete_support_unavailable
1,1218.04,metrica:Away:16,complete_ten_defenders_unavailable
1,1218.04,metrica:Away:17,attacker_complete_support_unavailable
1,1218.04,metrica:Away:18,complete_ten_defenders_unavailable
1,1218.04,metrica:Away:19,complete_ten_defenders_unavailable
1,1218.04,metrica:Away:20,attacker_complete_support_unavailable
1,1218.04,metrica:Away:21,complete_ten_defenders_unavailable
1,1218.04,metrica:Away:22,complete_ten_defenders_unavailable
1,1218.04,metrica:Away:23,complete_ten_defenders_unavailable
1,1218.04,metrica:Away:24,complete_ten_defenders_unavailable
1,1218.04,metrica:Away:26,attacker_complete_support_unavailable
1,1222.04,metrica:Away:15,attacker_complete_support_unavailable
1,1222.04,metrica:Away:16,complete_ten_defenders_unavailable
1,1222.04,metrica:Away:17,attacker_complete_support_unavailable
1,1222.04,metrica:Away:18,complete_ten_defenders_unavailable
1,1222.04,metrica:Away:19,complete_ten_defenders_unavailable
1,1222.04,metrica:Away:20,attacker_complete_support_unavailable
1,1222.04,metrica:Away:21,complete_ten_defenders_unavailable
1,1222.04,metrica:Away:22,complete_ten_defenders_unavailable
1,1222.04,metrica:Away:23,complete_ten_defenders_unavailable
1,1222.04,metrica:Away:24,complete_ten_defenders_unavailable
1,1222.04,metrica:Away:26,attacker_complete_support_unavailable
1,1226.04,metrica:Away:15,attacker_complete_support_unavailable
1,1226.04,metrica:Away:16,complete_ten_defenders_unavailable
1,1226.04,metrica:Away:17,attacker_complete_support_unavailable
1,1226.04,metrica:Away:18,complete_ten_defenders_unavailable
1,1226.04,metrica:Away:19,complete_ten_defenders_unavailable
1,1226.04,metrica:Away:20,attacker_complete_support_unavailable
1,1226.04,metrica:Away:21,complete_ten_defenders_unavailable
1,1226.04,metrica:Away:22,complete_ten_defenders_unavailable
1,1226.04,metrica:Away:23,complete_ten_defenders_unavailable
1,1226.04,metrica:Away:24,complete_ten_defenders_unavailable
1,1226.04,metrica:Away:26,attacker_complete_support_unavailable
1,1230.04,metrica:Away:15,attacker_complete_support_unavailable
1,1230.04,metrica:Away:16,complete_ten_defenders_unavailable
1,1230.04,metrica:Away:17,attacker_complete_support_unavailable
1,1230.04,metrica:Away:18,complete_ten_defenders_unavailable
1,1230.04,metrica:Away:19,complete_ten_defenders_unavailable
1,1230.04,metrica:Away:20,attacker_complete_support_unavailable
1,1230.04,metrica:Away:21,complete_ten_defenders_unavailable
1,1230.04,metrica:Away:22,complete_ten_defenders_unavailable
1,1230.04,metrica:Away:23,complete_ten_defenders_unavailable
1,1230.04,metrica:Away:24,complete_ten_defenders_unavailable
1,1230.04,metrica:Away:26,attacker_complete_support_unavailable
1,1234.04,metrica:Away:15,attacker_complete_support_unavailable
1,1234.04,metrica:Away:16,complete_ten_defenders_unavailable
1,1234.04,metrica:Away:17,attacker_complete_support_unavailable
1,1234.04,metrica:Away:18,complete_ten_defenders_unavailable
1,1234.04,metrica:Away:19,complete_ten_defenders_unavailable
1,1234.04,metrica:Away:20,attacker_complete_support_unavailable
1,1234.04,metrica:Away:21,complete_ten_defenders_unavailable
1,1234.04,metrica:Away:22,complete_ten_defenders_unavailable
1,1234.04,metrica:Away:23,complete_ten_defenders_unavailable
1,1234.04,metrica:Away:24,complete_ten_defenders_unavailable
1,1234.04,metrica:Away:26,attacker_complete_support_unavailable
1,1238.04,metrica:Away:15,attacker_complete_support_unavailable
1,1238.04,metrica:Away:16,complete_ten_defenders_unavailable
1,1238.04,metrica:Away:17,attacker_complete_support_unavailable
1,1238.04,metrica:Away:18,complete_ten_defenders_unavailable
1,1238.04,metrica:Away:19,complete_ten_defenders_unavailable
1,1238.04,metrica:Away:20,attacker_complete_support_unavailable
1,1238.04,metrica:Away:21,complete_ten_defenders_unavailable
1,1238.04,metrica:Away:22,complete_ten_defenders_unavailable
1,1238.04,metrica:Away:23,complete_ten_defenders_unavailable
1,1238.04,metrica:Away:24,complete_ten_defenders_unavailable
1,1238.04,metrica:Away:26,attacker_complete_support_unavailable
1,1242.04,metrica:Home:1,complete_ten_defenders_unavailable
1,1242.04,metrica:Home:10,complete_ten_defenders_unavailable
1,1242.04,metrica:Home:12,attacker_complete_support_unavailable
1,1242.04,metrica:Home:13,attacker_complete_support_unavailable
1,1242.04,metrica:Home:14,attacker_complete_support_unavailable
1,1242.04,metrica:Home:2,complete_ten_defenders_unavailable
1,1242.04,metrica:Home:3,complete_ten_defenders_unavailable
1,1242.04,metrica:Home:4,attacker_complete_support_unavailable
1,1242.04,metrica:Home:5,attacker_complete_support_unavailable
1,1242.04,metrica:Home:6,complete_ten_defenders_unavailable
1,1242.04,metrica:Home:7,complete_ten_defenders_unavailable
1,1242.04,metrica:Home:8,complete_ten_defenders_unavailable
1,1242.04,metrica:Home:9,complete_ten_defenders_unavailable
1,1246.04,metrica:Home:1,complete_ten_defenders_unavailable
1,1246.04,metrica:Home:10,complete_ten_defenders_unavailable
1,1246.04,metrica:Home:12,attacker_complete_support_unavailable
1,1246.04,metrica:Home:13,attacker_complete_support_unavailable
1,1246.04,metrica:Home:14,attacker_complete_support_unavailable
1,1246.04,metrica:Home:2,complete_ten_defenders_unavailable
1,1246.04,metrica:Home:3,complete_ten_defenders_unavailable
1,1246.04,metrica:Home:4,attacker_complete_support_unavailable
1,1246.04,metrica:Home:5,attacker_complete_support_unavailable
1,1246.04,metrica:Home:6,complete_ten_defenders_unavailable
1,1246.04,metrica:Home:7,complete_ten_defenders_unavailable
1,1246.04,metrica:Home:8,complete_ten_defenders_unavailable
1,1246.04,metrica:Home:9,complete_ten_defenders_unavailable
1,1250.04,metrica:Home:1,complete_ten_defenders_unavailable
1,1250.04,metrica:Home:10,complete_ten_defenders_unavailable
1,1250.04,metrica:Home:12,attacker_complete_support_unavailable
1,1250.04,metrica:Home:13,attacker_complete_support_unavailable
1,1250.04,metrica:Home:14,attacker_complete_support_unavailable
1,1250.04,metrica:Home:2,complete_ten_defenders_unavailable
1,1250.04,metrica:Home:3,complete_ten_defenders_unavailable
1,1250.04,metrica:Home:4,attacker_complete_support_unavailable
1,1250.04,metrica:Home:5,attacker_complete_support_unavailable
1,1250.04,metrica:Home:6,complete_ten_defenders_unavailable
1,1250.04,metrica:Home:7,complete_ten_defenders_unavailable
1,1250.04,metrica:Home:8,complete_ten_defenders_unavailable
1,1250.04,metrica:Home:9,complete_ten_defenders_unavailable
1,1254.04,metrica:Home:1,complete_ten_defenders_unavailable
1,1254.04,metrica:Home:10,complete_ten_defenders_unavailable
1,1254.04,metrica:Home:12,attacker_complete_support_unavailable
1,1254.04,metrica:Home:13,attacker_complete_support_unavailable
1,1254.04,metrica:Home:14,attacker_complete_support_unavailable
1,1254.04,metrica:Home:2,complete_ten_defenders_unavailable
1,1254.04,metrica:Home:3,complete_ten_defenders_unavailable
1,1254.04,metrica:Home:4,attacker_complete_support_unavailable
1,1254.04,metrica:Home:5,attacker_complete_support_unavailable
1,1254.04,metrica:Home:6,complete_ten_defenders_unavailable
1,1254.04,metrica:Home:7,complete_ten_defenders_unavailable
1,1254.04,metrica:Home:8,complete_ten_defenders_unavailable
1,1254.04,metrica:Home:9,complete_ten_defenders_unavailable
1,1258.04,metrica:Home:1,complete_ten_defenders_unavailable
1,1258.04,metrica:Home:10,complete_ten_defenders_unavailable
1,1258.04,metrica:Home:12,attacker_complete_support_unavailable
1,1258.04,metrica:Home:13,attacker_complete_support_unavailable
1,1258.04,metrica:Home:14,attacker_complete_support_unavailable
1,1258.04,metrica:Home:2,complete_ten_defenders_unavailable
1,1258.04,metrica:Home:3,complete_ten_defenders_unavailable
1,1258.04,metrica:Home:4,attacker_complete_support_unavailable
1,1258.04,metrica:Home:5,attacker_complete_support_unavailable
1,1258.04,metrica:Home:6,complete_ten_defenders_unavailable
1,1258.04,metrica:Home:7,complete_ten_defenders_unavailable
1,1258.04,metrica:Home:8,complete_ten_defenders_unavailable
1,1258.04,metrica:Home:9,complete_ten_defenders_unavailable
1,1262.04,metrica:Home:1,complete_ten_defenders_unavailable
1,1262.04,metrica:Home:10,complete_ten_defenders_unavailable
1,1262.04,metrica:Home:12,attacker_complete_support_unavailable
1,1262.04,metrica:Home:13,attacker_complete_support_unavailable
1,1262.04,metrica:Home:14,attacker_complete_support_unavailable
1,1262.04,metrica:Home:2,complete_ten_defenders_unavailable
1,1262.04,metrica:Home:3,complete_ten_defenders_unavailable
1,1262.04,metrica:Home:4,attacker_complete_support_unavailable
1,1262.04,metrica:Home:5,attacker_complete_support_unavailable
1,1262.04,metrica:Home:6,complete_ten_defenders_unavailable
1,1262.04,metrica:Home:7,complete_ten_defenders_unavailable
1,1262.04,metrica:Home:8,complete_ten_defenders_unavailable
1,1262.04,metrica:Home:9,complete_ten_defenders_unavailable
1,1266.04,metrica:Home:1,complete_ten_defenders_unavailable
1,1266.04,metrica:Home:10,complete_ten_defenders_unavailable
1,1266.04,metrica:Home:12,attacker_complete_support_unavailable
1,1266.04,metrica:Home:13,attacker_complete_support_unavailable
1,1266.04,metrica:Home:14,attacker_complete_support_unavailable
1,1266.04,metrica:Home:2,complete_ten_defenders_unavailable
1,1266.04,metrica:Home:3,complete_ten_defenders_unavailable
1,1266.04,metrica:Home:4,attacker_complete_support_unavailable
1,1266.04,metrica:Home:5,attacker_complete_support_unavailable
1,1266.04,metrica:Home:6,complete_ten_defenders_unavailable
1,1266.04,metrica:Home:7,complete_ten_defenders_unavailable
1,1266.04,metrica:Home:8,complete_ten_defenders_unavailable
1,1266.04,metrica:Home:9,complete_ten_defenders_unavailable
1,1270.04,metrica:Home:1,complete_ten_defenders_unavailable
1,1270.04,metrica:Home:10,complete_ten_defenders_unavailable
1,1270.04,metrica:Home:12,attacker_complete_support_unavailable
1,1270.04,metrica:Home:13,attacker_complete_support_unavailable
1,1270.04,metrica:Home:14,attacker_complete_support_unavailable
1,1270.04,metrica:Home:2,complete_ten_defenders_unavailable
1,1270.04,metrica:Home:3,complete_ten_defenders_unavailable
1,1270.04,metrica:Home:4,attacker_complete_support_unavailable
1,1270.04,metrica:Home:5,attacker_complete_support_unavailable
1,1270.04,metrica:Home:6,complete_ten_defenders_unavailable
1,1270.04,metrica:Home:7,complete_ten_defenders_unavailable
1,1270.04,metrica:Home:8,complete_ten_defenders_unavailable
1,1270.04,metrica:Home:9,complete_ten_defenders_unavailable
1,1274.04,metrica:Home:1,complete_ten_defenders_unavailable
1,1274.04,metrica:Home:10,complete_ten_defenders_unavailable
1,1274.04,metrica:Home:12,attacker_complete_support_unavailable
1,1274.04,metrica:Home:13,attacker_complete_support_unavailable
1,1274.04,metrica:Home:14,attacker_complete_support_unavailable
1,1274.04,metrica:Home:2,complete_ten_defenders_unavailable
1,1274.04,metrica:Home:3,complete_ten_defenders_unavailable
1,1274.04,metrica:Home:4,attacker_complete_support_unavailable
1,1274.04,metrica:Home:5,attacker_complete_support_unavailable
1,1274.04,metrica:Home:6,complete_ten_defenders_unavailable
1,1274.04,metrica:Home:7,complete_ten_defenders_unavailable
1,1274.04,metrica:Home:8,complete_ten_defenders_unavailable
1,1274.04,metrica:Home:9,complete_ten_defenders_unavailable
1,1278.04,metrica:Home:1,complete_ten_defenders_unavailable
1,1278.04,metrica:Home:10,complete_ten_defenders_unavailable
1,1278.04,metrica:Home:12,attacker_complete_support_unavailable
1,1278.04,metrica:Home:13,attacker_complete_support_unavailable
1,1278.04,metrica:Home:14,attacker_complete_support_unavailable
1,1278.04,metrica:Home:2,complete_ten_defenders_unavailable
1,1278.04,metrica:Home:3,complete_ten_defenders_unavailable
1,1278.04,metrica:Home:4,attacker_complete_support_unavailable
1,1278.04,metrica:Home:5,attacker_complete_support_unavailable
1,1278.04,metrica:Home:6,complete_ten_defenders_unavailable
1,1278.04,metrica:Home:7,complete_ten_defenders_unavailable
1,1278.04,metrica:Home:8,complete_ten_defenders_unavailable
1,1278.04,metrica:Home:9,complete_ten_defenders_unavailable
1,1282.04,metrica:Home:1,complete_ten_defenders_unavailable
1,1282.04,metrica:Home:10,complete_ten_defenders_unavailable
1,1282.04,metrica:Home:12,attacker_complete_support_unavailable
1,1282.04,metrica:Home:13,attacker_complete_support_unavailable
1,1282.04,metrica:Home:14,attacker_complete_support_unavailable
1,1282.04,metrica:Home:2,complete_ten_defenders_unavailable
1,1282.04,metrica:Home:3,complete_ten_defenders_unavailable
1,1282.04,metrica:Home:4,attacker_complete_support_unavailable
1,1282.04,metrica:Home:5,attacker_complete_support_unavailable
1,1282.04,metrica:Home:6,complete_ten_defenders_unavailable
1,1282.04,metrica:Home:7,complete_ten_defenders_unavailable
1,1282.04,metrica:Home:8,complete_ten_defenders_unavailable
1,1282.04,metrica:Home:9,complete_ten_defenders_unavailable
1,1286.04,metrica:Home:1,complete_ten_defenders_unavailable
1,1286.04,metrica:Home:10,complete_ten_defenders_unavailable
1,1286.04,metrica:Home:12,attacker_complete_support_unavailable
1,1286.04,metrica:Home:13,attacker_complete_support_unavailable
1,1286.04,metrica:Home:14,attacker_complete_support_unavailable
1,1286.04,metrica:Home:2,complete_ten_defenders_unavailable
1,1286.04,metrica:Home:3,complete_ten_defenders_unavailable
1,1286.04,metrica:Home:4,attacker_complete_support_unavailable
1,1286.04,metrica:Home:5,attacker_complete_support_unavailable
1,1286.04,metrica:Home:6,complete_ten_defenders_unavailable
1,1286.04,metrica:Home:7,complete_ten_defenders_unavailable
1,1286.04,metrica:Home:8,complete_ten_defenders_unavailable
1,1286.04,metrica:Home:9,complete_ten_defenders_unavailable
1,1290.04,metrica:Home:1,complete_ten_defenders_unavailable
1,1290.04,metrica:Home:10,complete_ten_defenders_unavailable
1,1290.04,metrica:Home:12,attacker_complete_support_unavailable
1,1290.04,metrica:Home:13,attacker_complete_support_unavailable
1,1290.04,metrica:Home:14,attacker_complete_support_unavailable
1,1290.04,metrica:Home:2,complete_ten_defenders_unavailable
1,1290.04,metrica:Home:3,complete_ten_defenders_unavailable
1,1290.04,metrica:Home:4,attacker_complete_support_unavailable
1,1290.04,metrica:Home:5,attacker_complete_support_unavailable
1,1290.04,metrica:Home:6,complete_ten_defenders_unavailable
1,1290.04,metrica:Home:7,complete_ten_defenders_unavailable
1,1290.04,metrica:Home:8,complete_ten_defenders_unavailable
1,1290.04,metrica:Home:9,complete_ten_defenders_unavailable
1,1294.04,metrica:Home:1,complete_ten_defenders_unavailable
1,1294.04,metrica:Home:10,complete_ten_defenders_unavailable
1,1294.04,metrica:Home:12,attacker_complete_support_unavailable
1,1294.04,metrica:Home:13,attacker_complete_support_unavailable
1,1294.04,metrica:Home:14,attacker_complete_support_unavailable
1,1294.04,metrica:Home:2,complete_ten_defenders_unavailable
1,1294.04,metrica:Home:3,complete_ten_defenders_unavailable
1,1294.04,metrica:Home:4,attacker_complete_support_unavailable
1,1294.04,metrica:Home:5,attacker_complete_support_unavailable
1,1294.04,metrica:Home:6,complete_ten_defenders_unavailable
1,1294.04,metrica:Home:7,complete_ten_defenders_unavailable
1,1294.04,metrica:Home:8,complete_ten_defenders_unavailable
1,1294.04,metrica:Home:9,complete_ten_defenders_unavailable
1,1298.04,metrica:Home:1,attacker_complete_support_unavailable
1,1298.04,metrica:Home:10,complete_ten_defenders_unavailable
1,1298.04,metrica:Home:12,attacker_complete_support_unavailable
1,1298.04,metrica:Home:13,attacker_complete_support_unavailable
1,1298.04,metrica:Home:14,attacker_complete_support_unavailable
1,1298.04,metrica:Home:2,complete_ten_defenders_unavailable
1,1298.04,metrica:Home:3,complete_ten_defenders_unavailable
1,1298.04,metrica:Home:4,attacker_complete_support_unavailable
1,1298.04,metrica:Home:5,attacker_complete_support_unavailable
1,1298.04,metrica:Home:6,complete_ten_defenders_unavailable
1,1298.04,metrica:Home:7,complete_ten_defenders_unavailable
1,1298.04,metrica:Home:8,complete_ten_defenders_unavailable
1,1298.04,metrica:Home:9,attacker_complete_support_unavailable
1,1302.04,metrica:Home:1,attacker_complete_support_unavailable
1,1302.04,metrica:Home:10,complete_ten_defenders_unavailable
1,1302.04,metrica:Home:12,attacker_complete_support_unavailable
1,1302.04,metrica:Home:13,attacker_complete_support_unavailable
1,1302.04,metrica:Home:14,attacker_complete_support_unavailable
1,1302.04,metrica:Home:2,complete_ten_defenders_unavailable
1,1302.04,metrica:Home:3,complete_ten_defenders_unavailable
1,1302.04,metrica:Home:4,attacker_complete_support_unavailable
1,1302.04,metrica:Home:5,attacker_complete_support_unavailable
1,1302.04,metrica:Home:6,complete_ten_defenders_unavailable
1,1302.04,metrica:Home:7,complete_ten_defenders_unavailable
1,1302.04,metrica:Home:8,complete_ten_defenders_unavailable
1,1302.04,metrica:Home:9,attacker_complete_support_unavailable
1,1306.04,metrica:Home:1,complete_ten_defenders_unavailable
1,1306.04,metrica:Home:10,complete_ten_defenders_unavailable
1,1306.04,metrica:Home:12,attacker_complete_support_unavailable
1,1306.04,metrica:Home:13,attacker_complete_support_unavailable
1,1306.04,metrica:Home:14,attacker_complete_support_unavailable
1,1306.04,metrica:Home:2,complete_ten_defenders_unavailable
1,1306.04,metrica:Home:3,complete_ten_defenders_unavailable
1,1306.04,metrica:Home:4,attacker_complete_support_unavailable
1,1306.04,metrica:Home:5,attacker_complete_support_unavailable
1,1306.04,metrica:Home:6,complete_ten_defenders_unavailable
1,1306.04,metrica:Home:7,complete_ten_defenders_unavailable
1,1306.04,metrica:Home:8,complete_ten_defenders_unavailable
1,1306.04,metrica:Home:9,complete_ten_defenders_unavailable
1,1310.04,metrica:Home:1,complete_ten_defenders_unavailable
1,1310.04,metrica:Home:10,complete_ten_defenders_unavailable
1,1310.04,metrica:Home:12,attacker_complete_support_unavailable
1,1310.04,metrica:Home:13,attacker_complete_support_unavailable
1,1310.04,metrica:Home:14,attacker_complete_support_unavailable
1,1310.04,metrica:Home:2,complete_ten_defenders_unavailable
1,1310.04,metrica:Home:3,complete_ten_defenders_unavailable
1,1310.04,metrica:Home:4,attacker_complete_support_unavailable
1,1310.04,metrica:Home:5,attacker_complete_support_unavailable
1,1310.04,metrica:Home:6,attacker_complete_support_unavailable
1,1310.04,metrica:Home:7,complete_ten_defenders_unavailable
1,1310.04,metrica:Home:8,complete_ten_defenders_unavailable
1,1310.04,metrica:Home:9,complete_ten_defenders_unavailable
1,1314.04,metrica:Home:1,restart_or_ball_out_span
1,1314.04,metrica:Home:10,restart_or_ball_out_span
1,1314.04,metrica:Home:12,restart_or_ball_out_span
1,1314.04,metrica:Home:13,restart_or_ball_out_span
1,1314.04,metrica:Home:14,restart_or_ball_out_span
1,1314.04,metrica:Home:2,restart_or_ball_out_span
1,1314.04,metrica:Home:3,restart_or_ball_out_span
1,1314.04,metrica:Home:4,restart_or_ball_out_span
1,1314.04,metrica:Home:5,restart_or_ball_out_span
1,1314.04,metrica:Home:6,restart_or_ball_out_span
1,1314.04,metrica:Home:7,restart_or_ball_out_span
1,1314.04,metrica:Home:8,restart_or_ball_out_span
1,1314.04,metrica:Home:9,restart_or_ball_out_span
1,1318.04,metrica:Away:15,attacker_complete_support_unavailable
1,1318.04,metrica:Away:16,complete_ten_defenders_unavailable
1,1318.04,metrica:Away:17,attacker_complete_support_unavailable
1,1318.04,metrica:Away:18,complete_ten_defenders_unavailable
1,1318.04,metrica:Away:19,complete_ten_defenders_unavailable
1,1318.04,metrica:Away:20,attacker_complete_support_unavailable
1,1318.04,metrica:Away:21,complete_ten_defenders_unavailable
1,1318.04,metrica:Away:22,complete_ten_defenders_unavailable
1,1318.04,metrica:Away:23,complete_ten_defenders_unavailable
1,1318.04,metrica:Away:24,complete_ten_defenders_unavailable
1,1318.04,metrica:Away:26,attacker_complete_support_unavailable
1,1322.04,metrica:Home:1,complete_ten_defenders_unavailable
1,1322.04,metrica:Home:10,complete_ten_defenders_unavailable
1,1322.04,metrica:Home:12,attacker_complete_support_unavailable
1,1322.04,metrica:Home:13,attacker_complete_support_unavailable
1,1322.04,metrica:Home:14,attacker_complete_support_unavailable
1,1322.04,metrica:Home:2,complete_ten_defenders_unavailable
1,1322.04,metrica:Home:3,complete_ten_defenders_unavailable
1,1322.04,metrica:Home:4,attacker_complete_support_unavailable
1,1322.04,metrica:Home:5,attacker_complete_support_unavailable
1,1322.04,metrica:Home:6,complete_ten_defenders_unavailable
1,1322.04,metrica:Home:7,complete_ten_defenders_unavailable
1,1322.04,metrica:Home:8,complete_ten_defenders_unavailable
1,1322.04,metrica:Home:9,complete_ten_defenders_unavailable
1,1326.04,metrica:Home:1,complete_ten_defenders_unavailable
1,1326.04,metrica:Home:10,complete_ten_defenders_unavailable
1,1326.04,metrica:Home:12,attacker_complete_support_unavailable
1,1326.04,metrica:Home:13,attacker_complete_support_unavailable
1,1326.04,metrica:Home:14,attacker_complete_support_unavailable
1,1326.04,metrica:Home:2,complete_ten_defenders_unavailable
1,1326.04,metrica:Home:3,complete_ten_defenders_unavailable
1,1326.04,metrica:Home:4,attacker_complete_support_unavailable
1,1326.04,metrica:Home:5,attacker_complete_support_unavailable
1,1326.04,metrica:Home:6,complete_ten_defenders_unavailable
1,1326.04,metrica:Home:7,complete_ten_defenders_unavailable
1,1326.04,metrica:Home:8,complete_ten_defenders_unavailable
1,1326.04,metrica:Home:9,complete_ten_defenders_unavailable
1,1330.04,metrica:Home:1,complete_ten_defenders_unavailable
1,1330.04,metrica:Home:10,complete_ten_defenders_unavailable
1,1330.04,metrica:Home:12,attacker_complete_support_unavailable
1,1330.04,metrica:Home:13,attacker_complete_support_unavailable
1,1330.04,metrica:Home:14,attacker_complete_support_unavailable
1,1330.04,metrica:Home:2,complete_ten_defenders_unavailable
1,1330.04,metrica:Home:3,complete_ten_defenders_unavailable
1,1330.04,metrica:Home:4,attacker_complete_support_unavailable
1,1330.04,metrica:Home:5,attacker_complete_support_unavailable
1,1330.04,metrica:Home:6,complete_ten_defenders_unavailable
1,1330.04,metrica:Home:7,complete_ten_defenders_unavailable
1,1330.04,metrica:Home:8,complete_ten_defenders_unavailable
1,1330.04,metrica:Home:9,complete_ten_defenders_unavailable
1,1334.04,metrica:Home:1,complete_ten_defenders_unavailable
1,1334.04,metrica:Home:10,complete_ten_defenders_unavailable
1,1334.04,metrica:Home:12,attacker_complete_support_unavailable
1,1334.04,metrica:Home:13,attacker_complete_support_unavailable
1,1334.04,metrica:Home:14,attacker_complete_support_unavailable
1,1334.04,metrica:Home:2,complete_ten_defenders_unavailable
1,1334.04,metrica:Home:3,complete_ten_defenders_unavailable
1,1334.04,metrica:Home:4,attacker_complete_support_unavailable
1,1334.04,metrica:Home:5,attacker_complete_support_unavailable
1,1334.04,metrica:Home:6,complete_ten_defenders_unavailable
1,1334.04,metrica:Home:7,complete_ten_defenders_unavailable
1,1334.04,metrica:Home:8,complete_ten_defenders_unavailable
1,1334.04,metrica:Home:9,complete_ten_defenders_unavailable
1,1338.04,metrica:Home:1,complete_ten_defenders_unavailable
1,1338.04,metrica:Home:10,complete_ten_defenders_unavailable
1,1338.04,metrica:Home:12,attacker_complete_support_unavailable
1,1338.04,metrica:Home:13,attacker_complete_support_unavailable
1,1338.04,metrica:Home:14,attacker_complete_support_unavailable
1,1338.04,metrica:Home:2,complete_ten_defenders_unavailable
1,1338.04,metrica:Home:3,complete_ten_defenders_unavailable
1,1338.04,metrica:Home:4,attacker_complete_support_unavailable
1,1338.04,metrica:Home:5,attacker_complete_support_unavailable
1,1338.04,metrica:Home:6,complete_ten_defenders_unavailable
1,1338.04,metrica:Home:7,complete_ten_defenders_unavailable
1,1338.04,metrica:Home:8,complete_ten_defenders_unavailable
1,1338.04,metrica:Home:9,complete_ten_defenders_unavailable
1,1342.04,metrica:Away:15,attacker_complete_support_unavailable
1,1342.04,metrica:Away:16,complete_ten_defenders_unavailable
1,1342.04,metrica:Away:17,attacker_complete_support_unavailable
1,1342.04,metrica:Away:18,complete_ten_defenders_unavailable
1,1342.04,metrica:Away:19,complete_ten_defenders_unavailable
1,1342.04,metrica:Away:20,complete_ten_defenders_unavailable
1,1342.04,metrica:Away:21,complete_ten_defenders_unavailable
1,1342.04,metrica:Away:22,complete_ten_defenders_unavailable
1,1342.04,metrica:Away:23,complete_ten_defenders_unavailable
1,1342.04,metrica:Away:24,complete_ten_defenders_unavailable
1,1342.04,metrica:Away:26,attacker_complete_support_unavailable
1,1346.04,metrica:Away:15,attacker_complete_support_unavailable
1,1346.04,metrica:Away:16,complete_ten_defenders_unavailable
1,1346.04,metrica:Away:17,attacker_complete_support_unavailable
1,1346.04,metrica:Away:18,complete_ten_defenders_unavailable
1,1346.04,metrica:Away:19,complete_ten_defenders_unavailable
1,1346.04,metrica:Away:20,complete_ten_defenders_unavailable
1,1346.04,metrica:Away:21,complete_ten_defenders_unavailable
1,1346.04,metrica:Away:22,complete_ten_defenders_unavailable
1,1346.04,metrica:Away:23,complete_ten_defenders_unavailable
1,1346.04,metrica:Away:24,complete_ten_defenders_unavailable
1,1346.04,metrica:Away:26,attacker_complete_support_unavailable
1,1350.04,metrica:Away:15,attacker_complete_support_unavailable
1,1350.04,metrica:Away:16,complete_ten_defenders_unavailable
1,1350.04,metrica:Away:17,attacker_complete_support_unavailable
1,1350.04,metrica:Away:18,complete_ten_defenders_unavailable
1,1350.04,metrica:Away:19,complete_ten_defenders_unavailable
1,1350.04,metrica:Away:20,complete_ten_defenders_unavailable
1,1350.04,metrica:Away:21,complete_ten_defenders_unavailable
1,1350.04,metrica:Away:22,complete_ten_defenders_unavailable
1,1350.04,metrica:Away:23,complete_ten_defenders_unavailable
1,1350.04,metrica:Away:24,complete_ten_defenders_unavailable
1,1350.04,metrica:Away:26,attacker_complete_support_unavailable
1,1354.04,metrica:Away:15,restart_or_ball_out_span
1,1354.04,metrica:Away:16,restart_or_ball_out_span
1,1354.04,metrica:Away:17,restart_or_ball_out_span
1,1354.04,metrica:Away:18,restart_or_ball_out_span
1,1354.04,metrica:Away:19,restart_or_ball_out_span
1,1354.04,metrica:Away:20,restart_or_ball_out_span
1,1354.04,metrica:Away:21,restart_or_ball_out_span
1,1354.04,metrica:Away:22,restart_or_ball_out_span
1,1354.04,metrica:Away:23,restart_or_ball_out_span
1,1354.04,metrica:Away:24,restart_or_ball_out_span
1,1354.04,metrica:Away:26,restart_or_ball_out_span
1,1358.04,metrica:Away:15,attacker_complete_support_unavailable
1,1358.04,metrica:Away:16,complete_ten_defenders_unavailable
1,1358.04,metrica:Away:17,attacker_complete_support_unavailable
1,1358.04,metrica:Away:18,complete_ten_defenders_unavailable
1,1358.04,metrica:Away:19,complete_ten_defenders_unavailable
1,1358.04,metrica:Away:20,complete_ten_defenders_unavailable
1,1358.04,metrica:Away:21,complete_ten_defenders_unavailable
1,1358.04,metrica:Away:22,complete_ten_defenders_unavailable
1,1358.04,metrica:Away:23,complete_ten_defenders_unavailable
1,1358.04,metrica:Away:24,complete_ten_defenders_unavailable
1,1358.04,metrica:Away:26,attacker_complete_support_unavailable
1,1362.04,metrica:Away:15,attacker_complete_support_unavailable
1,1362.04,metrica:Away:16,complete_ten_defenders_unavailable
1,1362.04,metrica:Away:17,attacker_complete_support_unavailable
1,1362.04,metrica:Away:18,complete_ten_defenders_unavailable
1,1362.04,metrica:Away:19,complete_ten_defenders_unavailable
1,1362.04,metrica:Away:20,complete_ten_defenders_unavailable
1,1362.04,metrica:Away:21,complete_ten_defenders_unavailable
1,1362.04,metrica:Away:22,complete_ten_defenders_unavailable
1,1362.04,metrica:Away:23,complete_ten_defenders_unavailable
1,1362.04,metrica:Away:24,complete_ten_defenders_unavailable
1,1362.04,metrica:Away:26,attacker_complete_support_unavailable
1,1366.04,metrica:Away:15,attacker_complete_support_unavailable
1,1366.04,metrica:Away:16,complete_ten_defenders_unavailable
1,1366.04,metrica:Away:17,attacker_complete_support_unavailable
1,1366.04,metrica:Away:18,complete_ten_defenders_unavailable
1,1366.04,metrica:Away:19,complete_ten_defenders_unavailable
1,1366.04,metrica:Away:20,complete_ten_defenders_unavailable
1,1366.04,metrica:Away:21,complete_ten_defenders_unavailable
1,1366.04,metrica:Away:22,complete_ten_defenders_unavailable
1,1366.04,metrica:Away:23,complete_ten_defenders_unavailable
1,1366.04,metrica:Away:24,complete_ten_defenders_unavailable
1,1366.04,metrica:Away:26,attacker_complete_support_unavailable
1,1370.04,metrica:Away:15,attacker_complete_support_unavailable
1,1370.04,metrica:Away:16,complete_ten_defenders_unavailable
1,1370.04,metrica:Away:17,attacker_complete_support_unavailable
1,1370.04,metrica:Away:18,complete_ten_defenders_unavailable
1,1370.04,metrica:Away:19,complete_ten_defenders_unavailable
1,1370.04,metrica:Away:20,complete_ten_defenders_unavailable
1,1370.04,metrica:Away:21,complete_ten_defenders_unavailable
1,1370.04,metrica:Away:22,complete_ten_defenders_unavailable
1,1370.04,metrica:Away:23,complete_ten_defenders_unavailable
1,1370.04,metrica:Away:24,complete_ten_defenders_unavailable
1,1370.04,metrica:Away:26,attacker_complete_support_unavailable
1,1374.04,metrica:Away:15,attacker_complete_support_unavailable
1,1374.04,metrica:Away:16,complete_ten_defenders_unavailable
1,1374.04,metrica:Away:17,attacker_complete_support_unavailable
1,1374.04,metrica:Away:18,complete_ten_defenders_unavailable
1,1374.04,metrica:Away:19,complete_ten_defenders_unavailable
1,1374.04,metrica:Away:20,complete_ten_defenders_unavailable
1,1374.04,metrica:Away:21,complete_ten_defenders_unavailable
1,1374.04,metrica:Away:22,complete_ten_defenders_unavailable
1,1374.04,metrica:Away:23,complete_ten_defenders_unavailable
1,1374.04,metrica:Away:24,complete_ten_defenders_unavailable
1,1374.04,metrica:Away:26,attacker_complete_support_unavailable
1,1378.04,metrica:Away:15,attacker_complete_support_unavailable
1,1378.04,metrica:Away:16,complete_ten_defenders_unavailable
1,1378.04,metrica:Away:17,attacker_complete_support_unavailable
1,1378.04,metrica:Away:18,complete_ten_defenders_unavailable
1,1378.04,metrica:Away:19,complete_ten_defenders_unavailable
1,1378.04,metrica:Away:20,complete_ten_defenders_unavailable
1,1378.04,metrica:Away:21,complete_ten_defenders_unavailable
1,1378.04,metrica:Away:22,complete_ten_defenders_unavailable
1,1378.04,metrica:Away:23,complete_ten_defenders_unavailable
1,1378.04,metrica:Away:24,complete_ten_defenders_unavailable
1,1378.04,metrica:Away:26,attacker_complete_support_unavailable
1,1382.04,metrica:Away:15,attacker_complete_support_unavailable
1,1382.04,metrica:Away:16,complete_ten_defenders_unavailable
1,1382.04,metrica:Away:17,attacker_complete_support_unavailable
1,1382.04,metrica:Away:18,complete_ten_defenders_unavailable
1,1382.04,metrica:Away:19,complete_ten_defenders_unavailable
1,1382.04,metrica:Away:20,complete_ten_defenders_unavailable
1,1382.04,metrica:Away:21,complete_ten_defenders_unavailable
1,1382.04,metrica:Away:22,complete_ten_defenders_unavailable
1,1382.04,metrica:Away:23,complete_ten_defenders_unavailable
1,1382.04,metrica:Away:24,complete_ten_defenders_unavailable
1,1382.04,metrica:Away:26,attacker_complete_support_unavailable
1,1386.04,metrica:Home:1,restart_or_ball_out_span
1,1386.04,metrica:Home:10,restart_or_ball_out_span
1,1386.04,metrica:Home:12,restart_or_ball_out_span
1,1386.04,metrica:Home:13,restart_or_ball_out_span
1,1386.04,metrica:Home:14,restart_or_ball_out_span
1,1386.04,metrica:Home:2,restart_or_ball_out_span
1,1386.04,metrica:Home:3,restart_or_ball_out_span
1,1386.04,metrica:Home:4,restart_or_ball_out_span
1,1386.04,metrica:Home:5,restart_or_ball_out_span
1,1386.04,metrica:Home:6,restart_or_ball_out_span
1,1386.04,metrica:Home:7,restart_or_ball_out_span
1,1386.04,metrica:Home:8,restart_or_ball_out_span
1,1386.04,metrica:Home:9,restart_or_ball_out_span
1,1390.04,metrica:Home:1,complete_ten_defenders_unavailable
1,1390.04,metrica:Home:10,complete_ten_defenders_unavailable
1,1390.04,metrica:Home:12,attacker_complete_support_unavailable
1,1390.04,metrica:Home:13,attacker_complete_support_unavailable
1,1390.04,metrica:Home:14,attacker_complete_support_unavailable
1,1390.04,metrica:Home:2,complete_ten_defenders_unavailable
1,1390.04,metrica:Home:3,complete_ten_defenders_unavailable
1,1390.04,metrica:Home:4,attacker_complete_support_unavailable
1,1390.04,metrica:Home:5,attacker_complete_support_unavailable
1,1390.04,metrica:Home:6,complete_ten_defenders_unavailable
1,1390.04,metrica:Home:7,complete_ten_defenders_unavailable
1,1390.04,metrica:Home:8,complete_ten_defenders_unavailable
1,1390.04,metrica:Home:9,complete_ten_defenders_unavailable
1,1394.04,metrica:Home:1,complete_ten_defenders_unavailable
1,1394.04,metrica:Home:10,complete_ten_defenders_unavailable
1,1394.04,metrica:Home:12,attacker_complete_support_unavailable
1,1394.04,metrica:Home:13,attacker_complete_support_unavailable
1,1394.04,metrica:Home:14,attacker_complete_support_unavailable
1,1394.04,metrica:Home:2,complete_ten_defenders_unavailable
1,1394.04,metrica:Home:3,complete_ten_defenders_unavailable
1,1394.04,metrica:Home:4,attacker_complete_support_unavailable
1,1394.04,metrica:Home:5,attacker_complete_support_unavailable
1,1394.04,metrica:Home:6,complete_ten_defenders_unavailable
1,1394.04,metrica:Home:7,complete_ten_defenders_unavailable
1,1394.04,metrica:Home:8,complete_ten_defenders_unavailable
1,1394.04,metrica:Home:9,complete_ten_defenders_unavailable
1,1398.04,metrica:Away:15,attacker_complete_support_unavailable
1,1398.04,metrica:Away:16,complete_ten_defenders_unavailable
1,1398.04,metrica:Away:17,attacker_complete_support_unavailable
1,1398.04,metrica:Away:18,complete_ten_defenders_unavailable
1,1398.04,metrica:Away:19,complete_ten_defenders_unavailable
1,1398.04,metrica:Away:20,complete_ten_defenders_unavailable
1,1398.04,metrica:Away:21,complete_ten_defenders_unavailable
1,1398.04,metrica:Away:22,complete_ten_defenders_unavailable
1,1398.04,metrica:Away:23,complete_ten_defenders_unavailable
1,1398.04,metrica:Away:24,complete_ten_defenders_unavailable
1,1398.04,metrica:Away:26,attacker_complete_support_unavailable
1,1402.04,metrica:Away:15,attacker_complete_support_unavailable
1,1402.04,metrica:Away:16,complete_ten_defenders_unavailable
1,1402.04,metrica:Away:17,attacker_complete_support_unavailable
1,1402.04,metrica:Away:18,complete_ten_defenders_unavailable
1,1402.04,metrica:Away:19,complete_ten_defenders_unavailable
1,1402.04,metrica:Away:20,complete_ten_defenders_unavailable
1,1402.04,metrica:Away:21,complete_ten_defenders_unavailable
1,1402.04,metrica:Away:22,complete_ten_defenders_unavailable
1,1402.04,metrica:Away:23,complete_ten_defenders_unavailable
1,1402.04,metrica:Away:24,complete_ten_defenders_unavailable
1,1402.04,metrica:Away:26,attacker_complete_support_unavailable
1,1406.04,metrica:Away:15,attacker_complete_support_unavailable
1,1406.04,metrica:Away:16,complete_ten_defenders_unavailable
1,1406.04,metrica:Away:17,attacker_complete_support_unavailable
1,1406.04,metrica:Away:18,complete_ten_defenders_unavailable
1,1406.04,metrica:Away:19,complete_ten_defenders_unavailable
1,1406.04,metrica:Away:20,complete_ten_defenders_unavailable
1,1406.04,metrica:Away:21,complete_ten_defenders_unavailable
1,1406.04,metrica:Away:22,complete_ten_defenders_unavailable
1,1406.04,metrica:Away:23,complete_ten_defenders_unavailable
1,1406.04,metrica:Away:24,complete_ten_defenders_unavailable
1,1406.04,metrica:Away:26,attacker_complete_support_unavailable
1,1410.04,metrica:Away:15,attacker_complete_support_unavailable
1,1410.04,metrica:Away:16,complete_ten_defenders_unavailable
1,1410.04,metrica:Away:17,attacker_complete_support_unavailable
1,1410.04,metrica:Away:18,complete_ten_defenders_unavailable
1,1410.04,metrica:Away:19,complete_ten_defenders_unavailable
1,1410.04,metrica:Away:20,complete_ten_defenders_unavailable
1,1410.04,metrica:Away:21,complete_ten_defenders_unavailable
1,1410.04,metrica:Away:22,complete_ten_defenders_unavailable
1,1410.04,metrica:Away:23,complete_ten_defenders_unavailable
1,1410.04,metrica:Away:24,complete_ten_defenders_unavailable
1,1410.04,metrica:Away:26,attacker_complete_support_unavailable
1,1414.04,metrica:Away:15,attacker_complete_support_unavailable
1,1414.04,metrica:Away:16,complete_ten_defenders_unavailable
1,1414.04,metrica:Away:17,attacker_complete_support_unavailable
1,1414.04,metrica:Away:18,complete_ten_defenders_unavailable
1,1414.04,metrica:Away:19,complete_ten_defenders_unavailable
1,1414.04,metrica:Away:20,complete_ten_defenders_unavailable
1,1414.04,metrica:Away:21,complete_ten_defenders_unavailable
1,1414.04,metrica:Away:22,complete_ten_defenders_unavailable
1,1414.04,metrica:Away:23,complete_ten_defenders_unavailable
1,1414.04,metrica:Away:24,complete_ten_defenders_unavailable
1,1414.04,metrica:Away:26,attacker_complete_support_unavailable
1,1418.04,metrica:Away:15,attacker_complete_support_unavailable
1,1418.04,metrica:Away:16,complete_ten_defenders_unavailable
1,1418.04,metrica:Away:17,attacker_complete_support_unavailable
1,1418.04,metrica:Away:18,complete_ten_defenders_unavailable
1,1418.04,metrica:Away:19,complete_ten_defenders_unavailable
1,1418.04,metrica:Away:20,complete_ten_defenders_unavailable
1,1418.04,metrica:Away:21,complete_ten_defenders_unavailable
1,1418.04,metrica:Away:22,complete_ten_defenders_unavailable
1,1418.04,metrica:Away:23,complete_ten_defenders_unavailable
1,1418.04,metrica:Away:24,complete_ten_defenders_unavailable
1,1418.04,metrica:Away:26,attacker_complete_support_unavailable
1,1422.04,metrica:Away:15,attacker_complete_support_unavailable
1,1422.04,metrica:Away:16,complete_ten_defenders_unavailable
1,1422.04,metrica:Away:17,attacker_complete_support_unavailable
1,1422.04,metrica:Away:18,complete_ten_defenders_unavailable
1,1422.04,metrica:Away:19,complete_ten_defenders_unavailable
1,1422.04,metrica:Away:20,complete_ten_defenders_unavailable
1,1422.04,metrica:Away:21,complete_ten_defenders_unavailable
1,1422.04,metrica:Away:22,complete_ten_defenders_unavailable
1,1422.04,metrica:Away:23,complete_ten_defenders_unavailable
1,1422.04,metrica:Away:24,complete_ten_defenders_unavailable
1,1422.04,metrica:Away:26,attacker_complete_support_unavailable
1,1426.04,metrica:Away:15,attacker_complete_support_unavailable
1,1426.04,metrica:Away:16,complete_ten_defenders_unavailable
1,1426.04,metrica:Away:17,attacker_complete_support_unavailable
1,1426.04,metrica:Away:18,complete_ten_defenders_unavailable
1,1426.04,metrica:Away:19,complete_ten_defenders_unavailable
1,1426.04,metrica:Away:20,complete_ten_defenders_unavailable
1,1426.04,metrica:Away:21,complete_ten_defenders_unavailable
1,1426.04,metrica:Away:22,complete_ten_defenders_unavailable
1,1426.04,metrica:Away:23,complete_ten_defenders_unavailable
1,1426.04,metrica:Away:24,complete_ten_defenders_unavailable
1,1426.04,metrica:Away:26,attacker_complete_support_unavailable
1,1430.04,metrica:Away:15,attacker_complete_support_unavailable
1,1430.04,metrica:Away:16,complete_ten_defenders_unavailable
1,1430.04,metrica:Away:17,attacker_complete_support_unavailable
1,1430.04,metrica:Away:18,complete_ten_defenders_unavailable
1,1430.04,metrica:Away:19,complete_ten_defenders_unavailable
1,1430.04,metrica:Away:20,complete_ten_defenders_unavailable
1,1430.04,metrica:Away:21,complete_ten_defenders_unavailable
1,1430.04,metrica:Away:22,complete_ten_defenders_unavailable
1,1430.04,metrica:Away:23,complete_ten_defenders_unavailable
1,1430.04,metrica:Away:24,complete_ten_defenders_unavailable
1,1430.04,metrica:Away:26,attacker_complete_support_unavailable
1,1434.04,metrica:Away:15,attacker_complete_support_unavailable
1,1434.04,metrica:Away:16,complete_ten_defenders_unavailable
1,1434.04,metrica:Away:17,attacker_complete_support_unavailable
1,1434.04,metrica:Away:18,complete_ten_defenders_unavailable
1,1434.04,metrica:Away:19,complete_ten_defenders_unavailable
1,1434.04,metrica:Away:20,complete_ten_defenders_unavailable
1,1434.04,metrica:Away:21,complete_ten_defenders_unavailable
1,1434.04,metrica:Away:22,complete_ten_defenders_unavailable
1,1434.04,metrica:Away:23,complete_ten_defenders_unavailable
1,1434.04,metrica:Away:24,complete_ten_defenders_unavailable
1,1434.04,metrica:Away:26,attacker_complete_support_unavailable
1,1438.04,metrica:Away:15,attacker_complete_support_unavailable
1,1438.04,metrica:Away:16,complete_ten_defenders_unavailable
1,1438.04,metrica:Away:17,attacker_complete_support_unavailable
1,1438.04,metrica:Away:18,complete_ten_defenders_unavailable
1,1438.04,metrica:Away:19,complete_ten_defenders_unavailable
1,1438.04,metrica:Away:20,complete_ten_defenders_unavailable
1,1438.04,metrica:Away:21,complete_ten_defenders_unavailable
1,1438.04,metrica:Away:22,complete_ten_defenders_unavailable
1,1438.04,metrica:Away:23,complete_ten_defenders_unavailable
1,1438.04,metrica:Away:24,complete_ten_defenders_unavailable
1,1438.04,metrica:Away:26,attacker_complete_support_unavailable
1,1442.04,metrica:Home:1,restart_or_ball_out_span
1,1442.04,metrica:Home:10,restart_or_ball_out_span
1,1442.04,metrica:Home:12,restart_or_ball_out_span
1,1442.04,metrica:Home:13,restart_or_ball_out_span
1,1442.04,metrica:Home:14,restart_or_ball_out_span
1,1442.04,metrica:Home:2,restart_or_ball_out_span
1,1442.04,metrica:Home:3,restart_or_ball_out_span
1,1442.04,metrica:Home:4,restart_or_ball_out_span
1,1442.04,metrica:Home:5,restart_or_ball_out_span
1,1442.04,metrica:Home:6,restart_or_ball_out_span
1,1442.04,metrica:Home:7,restart_or_ball_out_span
1,1442.04,metrica:Home:8,restart_or_ball_out_span
1,1442.04,metrica:Home:9,restart_or_ball_out_span
1,1446.04,metrica:Home:1,complete_ten_defenders_unavailable
1,1446.04,metrica:Home:10,complete_ten_defenders_unavailable
1,1446.04,metrica:Home:12,attacker_complete_support_unavailable
1,1446.04,metrica:Home:13,attacker_complete_support_unavailable
1,1446.04,metrica:Home:14,attacker_complete_support_unavailable
1,1446.04,metrica:Home:2,complete_ten_defenders_unavailable
1,1446.04,metrica:Home:3,complete_ten_defenders_unavailable
1,1446.04,metrica:Home:4,attacker_complete_support_unavailable
1,1446.04,metrica:Home:5,attacker_complete_support_unavailable
1,1446.04,metrica:Home:6,complete_ten_defenders_unavailable
1,1446.04,metrica:Home:7,complete_ten_defenders_unavailable
1,1446.04,metrica:Home:8,complete_ten_defenders_unavailable
1,1446.04,metrica:Home:9,complete_ten_defenders_unavailable
1,1450.04,metrica:Away:15,restart_or_ball_out_span
1,1450.04,metrica:Away:16,restart_or_ball_out_span
1,1450.04,metrica:Away:17,restart_or_ball_out_span
1,1450.04,metrica:Away:18,restart_or_ball_out_span
1,1450.04,metrica:Away:19,restart_or_ball_out_span
1,1450.04,metrica:Away:20,restart_or_ball_out_span
1,1450.04,metrica:Away:21,restart_or_ball_out_span
1,1450.04,metrica:Away:22,restart_or_ball_out_span
1,1450.04,metrica:Away:23,restart_or_ball_out_span
1,1450.04,metrica:Away:24,restart_or_ball_out_span
1,1450.04,metrica:Away:26,restart_or_ball_out_span
1,1454.04,metrica:Away:15,attacker_complete_support_unavailable
1,1454.04,metrica:Away:16,complete_ten_defenders_unavailable
1,1454.04,metrica:Away:17,attacker_complete_support_unavailable
1,1454.04,metrica:Away:18,complete_ten_defenders_unavailable
1,1454.04,metrica:Away:19,complete_ten_defenders_unavailable
1,1454.04,metrica:Away:20,complete_ten_defenders_unavailable
1,1454.04,metrica:Away:21,complete_ten_defenders_unavailable
1,1454.04,metrica:Away:22,complete_ten_defenders_unavailable
1,1454.04,metrica:Away:23,complete_ten_defenders_unavailable
1,1454.04,metrica:Away:24,complete_ten_defenders_unavailable
1,1454.04,metrica:Away:26,attacker_complete_support_unavailable
1,1458.04,metrica:Home:1,complete_ten_defenders_unavailable
1,1458.04,metrica:Home:10,complete_ten_defenders_unavailable
1,1458.04,metrica:Home:12,attacker_complete_support_unavailable
1,1458.04,metrica:Home:13,attacker_complete_support_unavailable
1,1458.04,metrica:Home:14,attacker_complete_support_unavailable
1,1458.04,metrica:Home:2,complete_ten_defenders_unavailable
1,1458.04,metrica:Home:3,complete_ten_defenders_unavailable
1,1458.04,metrica:Home:4,attacker_complete_support_unavailable
1,1458.04,metrica:Home:5,attacker_complete_support_unavailable
1,1458.04,metrica:Home:6,complete_ten_defenders_unavailable
1,1458.04,metrica:Home:7,complete_ten_defenders_unavailable
1,1458.04,metrica:Home:8,complete_ten_defenders_unavailable
1,1458.04,metrica:Home:9,complete_ten_defenders_unavailable
1,1462.04,metrica:Home:1,complete_ten_defenders_unavailable
1,1462.04,metrica:Home:10,complete_ten_defenders_unavailable
1,1462.04,metrica:Home:12,attacker_complete_support_unavailable
1,1462.04,metrica:Home:13,attacker_complete_support_unavailable
1,1462.04,metrica:Home:14,attacker_complete_support_unavailable
1,1462.04,metrica:Home:2,complete_ten_defenders_unavailable
1,1462.04,metrica:Home:3,complete_ten_defenders_unavailable
1,1462.04,metrica:Home:4,attacker_complete_support_unavailable
1,1462.04,metrica:Home:5,attacker_complete_support_unavailable
1,1462.04,metrica:Home:6,complete_ten_defenders_unavailable
1,1462.04,metrica:Home:7,complete_ten_defenders_unavailable
1,1462.04,metrica:Home:8,complete_ten_defenders_unavailable
1,1462.04,metrica:Home:9,complete_ten_defenders_unavailable
1,1466.04,metrica:Home:1,complete_ten_defenders_unavailable
1,1466.04,metrica:Home:10,complete_ten_defenders_unavailable
1,1466.04,metrica:Home:12,attacker_complete_support_unavailable
1,1466.04,metrica:Home:13,attacker_complete_support_unavailable
1,1466.04,metrica:Home:14,attacker_complete_support_unavailable
1,1466.04,metrica:Home:2,complete_ten_defenders_unavailable
1,1466.04,metrica:Home:3,complete_ten_defenders_unavailable
1,1466.04,metrica:Home:4,attacker_complete_support_unavailable
1,1466.04,metrica:Home:5,attacker_complete_support_unavailable
1,1466.04,metrica:Home:6,complete_ten_defenders_unavailable
1,1466.04,metrica:Home:7,complete_ten_defenders_unavailable
1,1466.04,metrica:Home:8,complete_ten_defenders_unavailable
1,1466.04,metrica:Home:9,complete_ten_defenders_unavailable
1,1470.04,metrica:Home:1,complete_ten_defenders_unavailable
1,1470.04,metrica:Home:10,complete_ten_defenders_unavailable
1,1470.04,metrica:Home:12,attacker_complete_support_unavailable
1,1470.04,metrica:Home:13,attacker_complete_support_unavailable
1,1470.04,metrica:Home:14,attacker_complete_support_unavailable
1,1470.04,metrica:Home:2,complete_ten_defenders_unavailable
1,1470.04,metrica:Home:3,complete_ten_defenders_unavailable
1,1470.04,metrica:Home:4,attacker_complete_support_unavailable
1,1470.04,metrica:Home:5,attacker_complete_support_unavailable
1,1470.04,metrica:Home:6,complete_ten_defenders_unavailable
1,1470.04,metrica:Home:7,complete_ten_defenders_unavailable
1,1470.04,metrica:Home:8,complete_ten_defenders_unavailable
1,1470.04,metrica:Home:9,complete_ten_defenders_unavailable
1,1474.04,metrica:Home:1,complete_ten_defenders_unavailable
1,1474.04,metrica:Home:10,complete_ten_defenders_unavailable
1,1474.04,metrica:Home:12,attacker_complete_support_unavailable
1,1474.04,metrica:Home:13,attacker_complete_support_unavailable
1,1474.04,metrica:Home:14,attacker_complete_support_unavailable
1,1474.04,metrica:Home:2,complete_ten_defenders_unavailable
1,1474.04,metrica:Home:3,complete_ten_defenders_unavailable
1,1474.04,metrica:Home:4,attacker_complete_support_unavailable
1,1474.04,metrica:Home:5,attacker_complete_support_unavailable
1,1474.04,metrica:Home:6,complete_ten_defenders_unavailable
1,1474.04,metrica:Home:7,complete_ten_defenders_unavailable
1,1474.04,metrica:Home:8,complete_ten_defenders_unavailable
1,1474.04,metrica:Home:9,complete_ten_defenders_unavailable
1,1478.04,metrica:Home:1,complete_ten_defenders_unavailable
1,1478.04,metrica:Home:10,complete_ten_defenders_unavailable
1,1478.04,metrica:Home:12,attacker_complete_support_unavailable
1,1478.04,metrica:Home:13,attacker_complete_support_unavailable
1,1478.04,metrica:Home:14,attacker_complete_support_unavailable
1,1478.04,metrica:Home:2,complete_ten_defenders_unavailable
1,1478.04,metrica:Home:3,complete_ten_defenders_unavailable
1,1478.04,metrica:Home:4,attacker_complete_support_unavailable
1,1478.04,metrica:Home:5,attacker_complete_support_unavailable
1,1478.04,metrica:Home:6,complete_ten_defenders_unavailable
1,1478.04,metrica:Home:7,complete_ten_defenders_unavailable
1,1478.04,metrica:Home:8,complete_ten_defenders_unavailable
1,1478.04,metrica:Home:9,complete_ten_defenders_unavailable
1,1482.04,metrica:Home:1,complete_ten_defenders_unavailable
1,1482.04,metrica:Home:10,complete_ten_defenders_unavailable
1,1482.04,metrica:Home:12,attacker_complete_support_unavailable
1,1482.04,metrica:Home:13,attacker_complete_support_unavailable
1,1482.04,metrica:Home:14,attacker_complete_support_unavailable
1,1482.04,metrica:Home:2,complete_ten_defenders_unavailable
1,1482.04,metrica:Home:3,complete_ten_defenders_unavailable
1,1482.04,metrica:Home:4,attacker_complete_support_unavailable
1,1482.04,metrica:Home:5,attacker_complete_support_unavailable
1,1482.04,metrica:Home:6,complete_ten_defenders_unavailable
1,1482.04,metrica:Home:7,complete_ten_defenders_unavailable
1,1482.04,metrica:Home:8,complete_ten_defenders_unavailable
1,1482.04,metrica:Home:9,complete_ten_defenders_unavailable
1,1486.04,metrica:Home:1,complete_ten_defenders_unavailable
1,1486.04,metrica:Home:10,complete_ten_defenders_unavailable
1,1486.04,metrica:Home:12,attacker_complete_support_unavailable
1,1486.04,metrica:Home:13,attacker_complete_support_unavailable
1,1486.04,metrica:Home:14,attacker_complete_support_unavailable
1,1486.04,metrica:Home:2,complete_ten_defenders_unavailable
1,1486.04,metrica:Home:3,complete_ten_defenders_unavailable
1,1486.04,metrica:Home:4,attacker_complete_support_unavailable
1,1486.04,metrica:Home:5,attacker_complete_support_unavailable
1,1486.04,metrica:Home:6,complete_ten_defenders_unavailable
1,1486.04,metrica:Home:7,complete_ten_defenders_unavailable
1,1486.04,metrica:Home:8,complete_ten_defenders_unavailable
1,1486.04,metrica:Home:9,complete_ten_defenders_unavailable
1,1490.04,metrica:Home:1,restart_or_ball_out_span
1,1490.04,metrica:Home:10,restart_or_ball_out_span
1,1490.04,metrica:Home:12,restart_or_ball_out_span
1,1490.04,metrica:Home:13,restart_or_ball_out_span
1,1490.04,metrica:Home:14,restart_or_ball_out_span
1,1490.04,metrica:Home:2,restart_or_ball_out_span
1,1490.04,metrica:Home:3,restart_or_ball_out_span
1,1490.04,metrica:Home:4,restart_or_ball_out_span
1,1490.04,metrica:Home:5,restart_or_ball_out_span
1,1490.04,metrica:Home:6,restart_or_ball_out_span
1,1490.04,metrica:Home:7,restart_or_ball_out_span
1,1490.04,metrica:Home:8,restart_or_ball_out_span
1,1490.04,metrica:Home:9,restart_or_ball_out_span
1,1494.04,metrica:Home:1,complete_ten_defenders_unavailable
1,1494.04,metrica:Home:10,complete_ten_defenders_unavailable
1,1494.04,metrica:Home:12,attacker_complete_support_unavailable
1,1494.04,metrica:Home:13,attacker_complete_support_unavailable
1,1494.04,metrica:Home:14,attacker_complete_support_unavailable
1,1494.04,metrica:Home:2,complete_ten_defenders_unavailable
1,1494.04,metrica:Home:3,complete_ten_defenders_unavailable
1,1494.04,metrica:Home:4,attacker_complete_support_unavailable
1,1494.04,metrica:Home:5,attacker_complete_support_unavailable
1,1494.04,metrica:Home:6,complete_ten_defenders_unavailable
1,1494.04,metrica:Home:7,complete_ten_defenders_unavailable
1,1494.04,metrica:Home:8,complete_ten_defenders_unavailable
1,1494.04,metrica:Home:9,complete_ten_defenders_unavailable
1,1498.04,metrica:Away:15,restart_or_ball_out_span
1,1498.04,metrica:Away:16,restart_or_ball_out_span
1,1498.04,metrica:Away:17,restart_or_ball_out_span
1,1498.04,metrica:Away:18,restart_or_ball_out_span
1,1498.04,metrica:Away:19,restart_or_ball_out_span
1,1498.04,metrica:Away:20,restart_or_ball_out_span
1,1498.04,metrica:Away:21,restart_or_ball_out_span
1,1498.04,metrica:Away:22,restart_or_ball_out_span
1,1498.04,metrica:Away:23,restart_or_ball_out_span
1,1498.04,metrica:Away:24,restart_or_ball_out_span
1,1498.04,metrica:Away:26,restart_or_ball_out_span
1,1502.04,metrica:Away:15,attacker_complete_support_unavailable
1,1502.04,metrica:Away:16,complete_ten_defenders_unavailable
1,1502.04,metrica:Away:17,attacker_complete_support_unavailable
1,1502.04,metrica:Away:18,complete_ten_defenders_unavailable
1,1502.04,metrica:Away:19,complete_ten_defenders_unavailable
1,1502.04,metrica:Away:20,complete_ten_defenders_unavailable
1,1502.04,metrica:Away:21,complete_ten_defenders_unavailable
1,1502.04,metrica:Away:22,complete_ten_defenders_unavailable
1,1502.04,metrica:Away:23,complete_ten_defenders_unavailable
1,1502.04,metrica:Away:24,complete_ten_defenders_unavailable
1,1502.04,metrica:Away:26,attacker_complete_support_unavailable
1,1506.04,metrica:Away:15,attacker_complete_support_unavailable
1,1506.04,metrica:Away:16,complete_ten_defenders_unavailable
1,1506.04,metrica:Away:17,attacker_complete_support_unavailable
1,1506.04,metrica:Away:18,complete_ten_defenders_unavailable
1,1506.04,metrica:Away:19,complete_ten_defenders_unavailable
1,1506.04,metrica:Away:20,complete_ten_defenders_unavailable
1,1506.04,metrica:Away:21,complete_ten_defenders_unavailable
1,1506.04,metrica:Away:22,complete_ten_defenders_unavailable
1,1506.04,metrica:Away:23,complete_ten_defenders_unavailable
1,1506.04,metrica:Away:24,complete_ten_defenders_unavailable
1,1506.04,metrica:Away:26,attacker_complete_support_unavailable
1,1510.04,metrica:Away:15,attacker_complete_support_unavailable
1,1510.04,metrica:Away:16,complete_ten_defenders_unavailable
1,1510.04,metrica:Away:17,attacker_complete_support_unavailable
1,1510.04,metrica:Away:18,complete_ten_defenders_unavailable
1,1510.04,metrica:Away:19,complete_ten_defenders_unavailable
1,1510.04,metrica:Away:20,complete_ten_defenders_unavailable
1,1510.04,metrica:Away:21,complete_ten_defenders_unavailable
1,1510.04,metrica:Away:22,complete_ten_defenders_unavailable
1,1510.04,metrica:Away:23,complete_ten_defenders_unavailable
1,1510.04,metrica:Away:24,complete_ten_defenders_unavailable
1,1510.04,metrica:Away:26,attacker_complete_support_unavailable
1,1514.04,metrica:Away:15,attacker_complete_support_unavailable
1,1514.04,metrica:Away:16,complete_ten_defenders_unavailable
1,1514.04,metrica:Away:17,attacker_complete_support_unavailable
1,1514.04,metrica:Away:18,complete_ten_defenders_unavailable
1,1514.04,metrica:Away:19,complete_ten_defenders_unavailable
1,1514.04,metrica:Away:20,complete_ten_defenders_unavailable
1,1514.04,metrica:Away:21,complete_ten_defenders_unavailable
1,1514.04,metrica:Away:22,complete_ten_defenders_unavailable
1,1514.04,metrica:Away:23,complete_ten_defenders_unavailable
1,1514.04,metrica:Away:24,complete_ten_defenders_unavailable
1,1514.04,metrica:Away:26,attacker_complete_support_unavailable
1,1518.04,metrica:Away:15,attacker_complete_support_unavailable
1,1518.04,metrica:Away:16,complete_ten_defenders_unavailable
1,1518.04,metrica:Away:17,attacker_complete_support_unavailable
1,1518.04,metrica:Away:18,complete_ten_defenders_unavailable
1,1518.04,metrica:Away:19,complete_ten_defenders_unavailable
1,1518.04,metrica:Away:20,complete_ten_defenders_unavailable
1,1518.04,metrica:Away:21,complete_ten_defenders_unavailable
1,1518.04,metrica:Away:22,complete_ten_defenders_unavailable
1,1518.04,metrica:Away:23,complete_ten_defenders_unavailable
1,1518.04,metrica:Away:24,complete_ten_defenders_unavailable
1,1518.04,metrica:Away:26,attacker_complete_support_unavailable
1,1522.04,metrica:Away:15,attacker_complete_support_unavailable
1,1522.04,metrica:Away:16,complete_ten_defenders_unavailable
1,1522.04,metrica:Away:17,attacker_complete_support_unavailable
1,1522.04,metrica:Away:18,complete_ten_defenders_unavailable
1,1522.04,metrica:Away:19,complete_ten_defenders_unavailable
1,1522.04,metrica:Away:20,complete_ten_defenders_unavailable
1,1522.04,metrica:Away:21,complete_ten_defenders_unavailable
1,1522.04,metrica:Away:22,complete_ten_defenders_unavailable
1,1522.04,metrica:Away:23,complete_ten_defenders_unavailable
1,1522.04,metrica:Away:24,complete_ten_defenders_unavailable
1,1522.04,metrica:Away:26,attacker_complete_support_unavailable
1,1526.04,metrica:Away:15,attacker_complete_support_unavailable
1,1526.04,metrica:Away:16,complete_ten_defenders_unavailable
1,1526.04,metrica:Away:17,attacker_complete_support_unavailable
1,1526.04,metrica:Away:18,complete_ten_defenders_unavailable
1,1526.04,metrica:Away:19,complete_ten_defenders_unavailable
1,1526.04,metrica:Away:20,complete_ten_defenders_unavailable
1,1526.04,metrica:Away:21,complete_ten_defenders_unavailable
1,1526.04,metrica:Away:22,complete_ten_defenders_unavailable
1,1526.04,metrica:Away:23,complete_ten_defenders_unavailable
1,1526.04,metrica:Away:24,complete_ten_defenders_unavailable
1,1526.04,metrica:Away:26,attacker_complete_support_unavailable
1,1530.04,metrica:Away:15,restart_or_ball_out_span
1,1530.04,metrica:Away:16,restart_or_ball_out_span
1,1530.04,metrica:Away:17,restart_or_ball_out_span
1,1530.04,metrica:Away:18,restart_or_ball_out_span
1,1530.04,metrica:Away:19,restart_or_ball_out_span
1,1530.04,metrica:Away:20,restart_or_ball_out_span
1,1530.04,metrica:Away:21,restart_or_ball_out_span
1,1530.04,metrica:Away:22,restart_or_ball_out_span
1,1530.04,metrica:Away:23,restart_or_ball_out_span
1,1530.04,metrica:Away:24,restart_or_ball_out_span
1,1530.04,metrica:Away:26,restart_or_ball_out_span
1,1534.04,metrica:Home:1,complete_ten_defenders_unavailable
1,1534.04,metrica:Home:10,complete_ten_defenders_unavailable
1,1534.04,metrica:Home:12,attacker_complete_support_unavailable
1,1534.04,metrica:Home:13,attacker_complete_support_unavailable
1,1534.04,metrica:Home:14,attacker_complete_support_unavailable
1,1534.04,metrica:Home:2,complete_ten_defenders_unavailable
1,1534.04,metrica:Home:3,complete_ten_defenders_unavailable
1,1534.04,metrica:Home:4,attacker_complete_support_unavailable
1,1534.04,metrica:Home:5,attacker_complete_support_unavailable
1,1534.04,metrica:Home:6,complete_ten_defenders_unavailable
1,1534.04,metrica:Home:7,complete_ten_defenders_unavailable
1,1534.04,metrica:Home:8,complete_ten_defenders_unavailable
1,1534.04,metrica:Home:9,complete_ten_defenders_unavailable
1,1538.04,metrica:Away:15,attacker_complete_support_unavailable
1,1538.04,metrica:Away:16,complete_ten_defenders_unavailable
1,1538.04,metrica:Away:17,attacker_complete_support_unavailable
1,1538.04,metrica:Away:18,complete_ten_defenders_unavailable
1,1538.04,metrica:Away:19,complete_ten_defenders_unavailable
1,1538.04,metrica:Away:20,complete_ten_defenders_unavailable
1,1538.04,metrica:Away:21,complete_ten_defenders_unavailable
1,1538.04,metrica:Away:22,complete_ten_defenders_unavailable
1,1538.04,metrica:Away:23,complete_ten_defenders_unavailable
1,1538.04,metrica:Away:24,complete_ten_defenders_unavailable
1,1538.04,metrica:Away:26,attacker_complete_support_unavailable
1,1542.04,metrica:Away:15,attacker_complete_support_unavailable
1,1542.04,metrica:Away:16,complete_ten_defenders_unavailable
1,1542.04,metrica:Away:17,attacker_complete_support_unavailable
1,1542.04,metrica:Away:18,complete_ten_defenders_unavailable
1,1542.04,metrica:Away:19,complete_ten_defenders_unavailable
1,1542.04,metrica:Away:20,complete_ten_defenders_unavailable
1,1542.04,metrica:Away:21,complete_ten_defenders_unavailable
1,1542.04,metrica:Away:22,complete_ten_defenders_unavailable
1,1542.04,metrica:Away:23,complete_ten_defenders_unavailable
1,1542.04,metrica:Away:24,complete_ten_defenders_unavailable
1,1542.04,metrica:Away:26,attacker_complete_support_unavailable
1,1546.04,metrica:Away:15,restart_or_ball_out_span
1,1546.04,metrica:Away:16,restart_or_ball_out_span
1,1546.04,metrica:Away:17,restart_or_ball_out_span
1,1546.04,metrica:Away:18,restart_or_ball_out_span
1,1546.04,metrica:Away:19,restart_or_ball_out_span
1,1546.04,metrica:Away:20,restart_or_ball_out_span
1,1546.04,metrica:Away:21,restart_or_ball_out_span
1,1546.04,metrica:Away:22,restart_or_ball_out_span
1,1546.04,metrica:Away:23,restart_or_ball_out_span
1,1546.04,metrica:Away:24,restart_or_ball_out_span
1,1546.04,metrica:Away:26,restart_or_ball_out_span
1,1550.04,metrica:Away:15,attacker_complete_support_unavailable
1,1550.04,metrica:Away:16,complete_ten_defenders_unavailable
1,1550.04,metrica:Away:17,attacker_complete_support_unavailable
1,1550.04,metrica:Away:18,complete_ten_defenders_unavailable
1,1550.04,metrica:Away:19,complete_ten_defenders_unavailable
1,1550.04,metrica:Away:20,complete_ten_defenders_unavailable
1,1550.04,metrica:Away:21,complete_ten_defenders_unavailable
1,1550.04,metrica:Away:22,complete_ten_defenders_unavailable
1,1550.04,metrica:Away:23,complete_ten_defenders_unavailable
1,1550.04,metrica:Away:24,complete_ten_defenders_unavailable
1,1550.04,metrica:Away:26,attacker_complete_support_unavailable
1,1554.04,metrica:Away:15,attacker_complete_support_unavailable
1,1554.04,metrica:Away:16,complete_ten_defenders_unavailable
1,1554.04,metrica:Away:17,attacker_complete_support_unavailable
1,1554.04,metrica:Away:18,complete_ten_defenders_unavailable
1,1554.04,metrica:Away:19,complete_ten_defenders_unavailable
1,1554.04,metrica:Away:20,complete_ten_defenders_unavailable
1,1554.04,metrica:Away:21,complete_ten_defenders_unavailable
1,1554.04,metrica:Away:22,complete_ten_defenders_unavailable
1,1554.04,metrica:Away:23,complete_ten_defenders_unavailable
1,1554.04,metrica:Away:24,complete_ten_defenders_unavailable
1,1554.04,metrica:Away:26,attacker_complete_support_unavailable
1,1558.04,metrica:Away:15,attacker_complete_support_unavailable
1,1558.04,metrica:Away:16,complete_ten_defenders_unavailable
1,1558.04,metrica:Away:17,attacker_complete_support_unavailable
1,1558.04,metrica:Away:18,complete_ten_defenders_unavailable
1,1558.04,metrica:Away:19,complete_ten_defenders_unavailable
1,1558.04,metrica:Away:20,complete_ten_defenders_unavailable
1,1558.04,metrica:Away:21,complete_ten_defenders_unavailable
1,1558.04,metrica:Away:22,complete_ten_defenders_unavailable
1,1558.04,metrica:Away:23,complete_ten_defenders_unavailable
1,1558.04,metrica:Away:24,complete_ten_defenders_unavailable
1,1558.04,metrica:Away:26,attacker_complete_support_unavailable
1,1562.04,metrica:Away:15,attacker_complete_support_unavailable
1,1562.04,metrica:Away:16,complete_ten_defenders_unavailable
1,1562.04,metrica:Away:17,attacker_complete_support_unavailable
1,1562.04,metrica:Away:18,complete_ten_defenders_unavailable
1,1562.04,metrica:Away:19,complete_ten_defenders_unavailable
1,1562.04,metrica:Away:20,complete_ten_defenders_unavailable
1,1562.04,metrica:Away:21,complete_ten_defenders_unavailable
1,1562.04,metrica:Away:22,complete_ten_defenders_unavailable
1,1562.04,metrica:Away:23,complete_ten_defenders_unavailable
1,1562.04,metrica:Away:24,complete_ten_defenders_unavailable
1,1562.04,metrica:Away:26,attacker_complete_support_unavailable
1,1566.04,metrica:Home:1,restart_or_ball_out_span
1,1566.04,metrica:Home:10,restart_or_ball_out_span
1,1566.04,metrica:Home:12,restart_or_ball_out_span
1,1566.04,metrica:Home:13,restart_or_ball_out_span
1,1566.04,metrica:Home:14,restart_or_ball_out_span
1,1566.04,metrica:Home:2,restart_or_ball_out_span
1,1566.04,metrica:Home:3,restart_or_ball_out_span
1,1566.04,metrica:Home:4,restart_or_ball_out_span
1,1566.04,metrica:Home:5,restart_or_ball_out_span
1,1566.04,metrica:Home:6,restart_or_ball_out_span
1,1566.04,metrica:Home:7,restart_or_ball_out_span
1,1566.04,metrica:Home:8,restart_or_ball_out_span
1,1566.04,metrica:Home:9,restart_or_ball_out_span
1,1570.04,metrica:Home:1,complete_ten_defenders_unavailable
1,1570.04,metrica:Home:10,complete_ten_defenders_unavailable
1,1570.04,metrica:Home:12,attacker_complete_support_unavailable
1,1570.04,metrica:Home:13,attacker_complete_support_unavailable
1,1570.04,metrica:Home:14,attacker_complete_support_unavailable
1,1570.04,metrica:Home:2,complete_ten_defenders_unavailable
1,1570.04,metrica:Home:3,complete_ten_defenders_unavailable
1,1570.04,metrica:Home:4,attacker_complete_support_unavailable
1,1570.04,metrica:Home:5,attacker_complete_support_unavailable
1,1570.04,metrica:Home:6,complete_ten_defenders_unavailable
1,1570.04,metrica:Home:7,complete_ten_defenders_unavailable
1,1570.04,metrica:Home:8,complete_ten_defenders_unavailable
1,1570.04,metrica:Home:9,complete_ten_defenders_unavailable
1,1574.04,metrica:Away:15,attacker_complete_support_unavailable
1,1574.04,metrica:Away:16,complete_ten_defenders_unavailable
1,1574.04,metrica:Away:17,attacker_complete_support_unavailable
1,1574.04,metrica:Away:18,complete_ten_defenders_unavailable
1,1574.04,metrica:Away:19,complete_ten_defenders_unavailable
1,1574.04,metrica:Away:20,complete_ten_defenders_unavailable
1,1574.04,metrica:Away:21,complete_ten_defenders_unavailable
1,1574.04,metrica:Away:22,complete_ten_defenders_unavailable
1,1574.04,metrica:Away:23,complete_ten_defenders_unavailable
1,1574.04,metrica:Away:24,complete_ten_defenders_unavailable
1,1574.04,metrica:Away:26,attacker_complete_support_unavailable
1,1578.04,metrica:Away:15,attacker_complete_support_unavailable
1,1578.04,metrica:Away:16,complete_ten_defenders_unavailable
1,1578.04,metrica:Away:17,attacker_complete_support_unavailable
1,1578.04,metrica:Away:18,complete_ten_defenders_unavailable
1,1578.04,metrica:Away:19,complete_ten_defenders_unavailable
1,1578.04,metrica:Away:20,complete_ten_defenders_unavailable
1,1578.04,metrica:Away:21,complete_ten_defenders_unavailable
1,1578.04,metrica:Away:22,complete_ten_defenders_unavailable
1,1578.04,metrica:Away:23,complete_ten_defenders_unavailable
1,1578.04,metrica:Away:24,complete_ten_defenders_unavailable
1,1578.04,metrica:Away:26,attacker_complete_support_unavailable
1,1582.04,metrica:Away:15,attacker_complete_support_unavailable
1,1582.04,metrica:Away:16,complete_ten_defenders_unavailable
1,1582.04,metrica:Away:17,attacker_complete_support_unavailable
1,1582.04,metrica:Away:18,complete_ten_defenders_unavailable
1,1582.04,metrica:Away:19,complete_ten_defenders_unavailable
1,1582.04,metrica:Away:20,complete_ten_defenders_unavailable
1,1582.04,metrica:Away:21,complete_ten_defenders_unavailable
1,1582.04,metrica:Away:22,complete_ten_defenders_unavailable
1,1582.04,metrica:Away:23,complete_ten_defenders_unavailable
1,1582.04,metrica:Away:24,complete_ten_defenders_unavailable
1,1582.04,metrica:Away:26,attacker_complete_support_unavailable
1,1586.04,metrica:Away:15,restart_or_ball_out_span
1,1586.04,metrica:Away:16,restart_or_ball_out_span
1,1586.04,metrica:Away:17,restart_or_ball_out_span
1,1586.04,metrica:Away:18,restart_or_ball_out_span
1,1586.04,metrica:Away:19,restart_or_ball_out_span
1,1586.04,metrica:Away:20,restart_or_ball_out_span
1,1586.04,metrica:Away:21,restart_or_ball_out_span
1,1586.04,metrica:Away:22,restart_or_ball_out_span
1,1586.04,metrica:Away:23,restart_or_ball_out_span
1,1586.04,metrica:Away:24,restart_or_ball_out_span
1,1586.04,metrica:Away:26,restart_or_ball_out_span
1,1590.04,metrica:Away:15,attacker_complete_support_unavailable
1,1590.04,metrica:Away:16,complete_ten_defenders_unavailable
1,1590.04,metrica:Away:17,attacker_complete_support_unavailable
1,1590.04,metrica:Away:18,complete_ten_defenders_unavailable
1,1590.04,metrica:Away:19,complete_ten_defenders_unavailable
1,1590.04,metrica:Away:20,complete_ten_defenders_unavailable
1,1590.04,metrica:Away:21,complete_ten_defenders_unavailable
1,1590.04,metrica:Away:22,complete_ten_defenders_unavailable
1,1590.04,metrica:Away:23,complete_ten_defenders_unavailable
1,1590.04,metrica:Away:24,complete_ten_defenders_unavailable
1,1590.04,metrica:Away:26,attacker_complete_support_unavailable
1,1594.04,metrica:Away:15,attacker_complete_support_unavailable
1,1594.04,metrica:Away:16,complete_ten_defenders_unavailable
1,1594.04,metrica:Away:17,attacker_complete_support_unavailable
1,1594.04,metrica:Away:18,complete_ten_defenders_unavailable
1,1594.04,metrica:Away:19,complete_ten_defenders_unavailable
1,1594.04,metrica:Away:20,complete_ten_defenders_unavailable
1,1594.04,metrica:Away:21,complete_ten_defenders_unavailable
1,1594.04,metrica:Away:22,complete_ten_defenders_unavailable
1,1594.04,metrica:Away:23,complete_ten_defenders_unavailable
1,1594.04,metrica:Away:24,complete_ten_defenders_unavailable
1,1594.04,metrica:Away:26,attacker_complete_support_unavailable
1,1598.04,metrica:Home:1,restart_or_ball_out_span
1,1598.04,metrica:Home:10,restart_or_ball_out_span
1,1598.04,metrica:Home:12,restart_or_ball_out_span
1,1598.04,metrica:Home:13,restart_or_ball_out_span
1,1598.04,metrica:Home:14,restart_or_ball_out_span
1,1598.04,metrica:Home:2,restart_or_ball_out_span
1,1598.04,metrica:Home:3,restart_or_ball_out_span
1,1598.04,metrica:Home:4,restart_or_ball_out_span
1,1598.04,metrica:Home:5,restart_or_ball_out_span
1,1598.04,metrica:Home:6,restart_or_ball_out_span
1,1598.04,metrica:Home:7,restart_or_ball_out_span
1,1598.04,metrica:Home:8,restart_or_ball_out_span
1,1598.04,metrica:Home:9,restart_or_ball_out_span
1,1602.04,metrica:Home:1,restart_or_ball_out_span
1,1602.04,metrica:Home:10,restart_or_ball_out_span
1,1602.04,metrica:Home:12,restart_or_ball_out_span
1,1602.04,metrica:Home:13,restart_or_ball_out_span
1,1602.04,metrica:Home:14,restart_or_ball_out_span
1,1602.04,metrica:Home:2,restart_or_ball_out_span
1,1602.04,metrica:Home:3,restart_or_ball_out_span
1,1602.04,metrica:Home:4,restart_or_ball_out_span
1,1602.04,metrica:Home:5,restart_or_ball_out_span
1,1602.04,metrica:Home:6,restart_or_ball_out_span
1,1602.04,metrica:Home:7,restart_or_ball_out_span
1,1602.04,metrica:Home:8,restart_or_ball_out_span
1,1602.04,metrica:Home:9,restart_or_ball_out_span
1,1606.04,metrica:Away:15,attacker_complete_support_unavailable
1,1606.04,metrica:Away:16,complete_ten_defenders_unavailable
1,1606.04,metrica:Away:17,attacker_complete_support_unavailable
1,1606.04,metrica:Away:18,complete_ten_defenders_unavailable
1,1606.04,metrica:Away:19,complete_ten_defenders_unavailable
1,1606.04,metrica:Away:20,complete_ten_defenders_unavailable
1,1606.04,metrica:Away:21,complete_ten_defenders_unavailable
1,1606.04,metrica:Away:22,complete_ten_defenders_unavailable
1,1606.04,metrica:Away:23,complete_ten_defenders_unavailable
1,1606.04,metrica:Away:24,complete_ten_defenders_unavailable
1,1606.04,metrica:Away:26,attacker_complete_support_unavailable
1,1610.04,metrica:Home:1,complete_ten_defenders_unavailable
1,1610.04,metrica:Home:10,complete_ten_defenders_unavailable
1,1610.04,metrica:Home:12,attacker_complete_support_unavailable
1,1610.04,metrica:Home:13,attacker_complete_support_unavailable
1,1610.04,metrica:Home:14,attacker_complete_support_unavailable
1,1610.04,metrica:Home:2,complete_ten_defenders_unavailable
1,1610.04,metrica:Home:3,complete_ten_defenders_unavailable
1,1610.04,metrica:Home:4,attacker_complete_support_unavailable
1,1610.04,metrica:Home:5,attacker_complete_support_unavailable
1,1610.04,metrica:Home:6,complete_ten_defenders_unavailable
1,1610.04,metrica:Home:7,complete_ten_defenders_unavailable
1,1610.04,metrica:Home:8,complete_ten_defenders_unavailable
1,1610.04,metrica:Home:9,complete_ten_defenders_unavailable
1,1614.04,metrica:Home:1,complete_ten_defenders_unavailable
1,1614.04,metrica:Home:10,complete_ten_defenders_unavailable
1,1614.04,metrica:Home:12,attacker_complete_support_unavailable
1,1614.04,metrica:Home:13,attacker_complete_support_unavailable
1,1614.04,metrica:Home:14,attacker_complete_support_unavailable
1,1614.04,metrica:Home:2,complete_ten_defenders_unavailable
1,1614.04,metrica:Home:3,complete_ten_defenders_unavailable
1,1614.04,metrica:Home:4,attacker_complete_support_unavailable
1,1614.04,metrica:Home:5,attacker_complete_support_unavailable
1,1614.04,metrica:Home:6,complete_ten_defenders_unavailable
1,1614.04,metrica:Home:7,complete_ten_defenders_unavailable
1,1614.04,metrica:Home:8,complete_ten_defenders_unavailable
1,1614.04,metrica:Home:9,complete_ten_defenders_unavailable
1,1618.04,metrica:Home:1,complete_ten_defenders_unavailable
1,1618.04,metrica:Home:10,complete_ten_defenders_unavailable
1,1618.04,metrica:Home:12,attacker_complete_support_unavailable
1,1618.04,metrica:Home:13,attacker_complete_support_unavailable
1,1618.04,metrica:Home:14,attacker_complete_support_unavailable
1,1618.04,metrica:Home:2,complete_ten_defenders_unavailable
1,1618.04,metrica:Home:3,complete_ten_defenders_unavailable
1,1618.04,metrica:Home:4,attacker_complete_support_unavailable
1,1618.04,metrica:Home:5,attacker_complete_support_unavailable
1,1618.04,metrica:Home:6,complete_ten_defenders_unavailable
1,1618.04,metrica:Home:7,complete_ten_defenders_unavailable
1,1618.04,metrica:Home:8,complete_ten_defenders_unavailable
1,1618.04,metrica:Home:9,complete_ten_defenders_unavailable
1,1622.04,metrica:Home:1,complete_ten_defenders_unavailable
1,1622.04,metrica:Home:10,complete_ten_defenders_unavailable
1,1622.04,metrica:Home:12,attacker_complete_support_unavailable
1,1622.04,metrica:Home:13,attacker_complete_support_unavailable
1,1622.04,metrica:Home:14,attacker_complete_support_unavailable
1,1622.04,metrica:Home:2,complete_ten_defenders_unavailable
1,1622.04,metrica:Home:3,complete_ten_defenders_unavailable
1,1622.04,metrica:Home:4,attacker_complete_support_unavailable
1,1622.04,metrica:Home:5,attacker_complete_support_unavailable
1,1622.04,metrica:Home:6,complete_ten_defenders_unavailable
1,1622.04,metrica:Home:7,complete_ten_defenders_unavailable
1,1622.04,metrica:Home:8,complete_ten_defenders_unavailable
1,1622.04,metrica:Home:9,complete_ten_defenders_unavailable
1,1626.04,metrica:Home:1,complete_ten_defenders_unavailable
1,1626.04,metrica:Home:10,complete_ten_defenders_unavailable
1,1626.04,metrica:Home:12,attacker_complete_support_unavailable
1,1626.04,metrica:Home:13,attacker_complete_support_unavailable
1,1626.04,metrica:Home:14,attacker_complete_support_unavailable
1,1626.04,metrica:Home:2,complete_ten_defenders_unavailable
1,1626.04,metrica:Home:3,complete_ten_defenders_unavailable
1,1626.04,metrica:Home:4,attacker_complete_support_unavailable
1,1626.04,metrica:Home:5,attacker_complete_support_unavailable
1,1626.04,metrica:Home:6,complete_ten_defenders_unavailable
1,1626.04,metrica:Home:7,complete_ten_defenders_unavailable
1,1626.04,metrica:Home:8,complete_ten_defenders_unavailable
1,1626.04,metrica:Home:9,complete_ten_defenders_unavailable
1,1630.04,metrica:Home:1,complete_ten_defenders_unavailable
1,1630.04,metrica:Home:10,complete_ten_defenders_unavailable
1,1630.04,metrica:Home:12,attacker_complete_support_unavailable
1,1630.04,metrica:Home:13,attacker_complete_support_unavailable
1,1630.04,metrica:Home:14,attacker_complete_support_unavailable
1,1630.04,metrica:Home:2,complete_ten_defenders_unavailable
1,1630.04,metrica:Home:3,complete_ten_defenders_unavailable
1,1630.04,metrica:Home:4,attacker_complete_support_unavailable
1,1630.04,metrica:Home:5,attacker_complete_support_unavailable
1,1630.04,metrica:Home:6,complete_ten_defenders_unavailable
1,1630.04,metrica:Home:7,complete_ten_defenders_unavailable
1,1630.04,metrica:Home:8,complete_ten_defenders_unavailable
1,1630.04,metrica:Home:9,complete_ten_defenders_unavailable
1,1634.04,metrica:Home:1,complete_ten_defenders_unavailable
1,1634.04,metrica:Home:10,complete_ten_defenders_unavailable
1,1634.04,metrica:Home:12,attacker_complete_support_unavailable
1,1634.04,metrica:Home:13,attacker_complete_support_unavailable
1,1634.04,metrica:Home:14,attacker_complete_support_unavailable
1,1634.04,metrica:Home:2,complete_ten_defenders_unavailable
1,1634.04,metrica:Home:3,complete_ten_defenders_unavailable
1,1634.04,metrica:Home:4,attacker_complete_support_unavailable
1,1634.04,metrica:Home:5,attacker_complete_support_unavailable
1,1634.04,metrica:Home:6,complete_ten_defenders_unavailable
1,1634.04,metrica:Home:7,complete_ten_defenders_unavailable
1,1634.04,metrica:Home:8,complete_ten_defenders_unavailable
1,1634.04,metrica:Home:9,complete_ten_defenders_unavailable
1,1638.04,metrica:Home:1,complete_ten_defenders_unavailable
1,1638.04,metrica:Home:10,complete_ten_defenders_unavailable
1,1638.04,metrica:Home:12,attacker_complete_support_unavailable
1,1638.04,metrica:Home:13,attacker_complete_support_unavailable
1,1638.04,metrica:Home:14,attacker_complete_support_unavailable
1,1638.04,metrica:Home:2,complete_ten_defenders_unavailable
1,1638.04,metrica:Home:3,complete_ten_defenders_unavailable
1,1638.04,metrica:Home:4,attacker_complete_support_unavailable
1,1638.04,metrica:Home:5,attacker_complete_support_unavailable
1,1638.04,metrica:Home:6,complete_ten_defenders_unavailable
1,1638.04,metrica:Home:7,complete_ten_defenders_unavailable
1,1638.04,metrica:Home:8,complete_ten_defenders_unavailable
1,1638.04,metrica:Home:9,complete_ten_defenders_unavailable
1,1642.04,metrica:Home:1,complete_ten_defenders_unavailable
1,1642.04,metrica:Home:10,complete_ten_defenders_unavailable
1,1642.04,metrica:Home:12,attacker_complete_support_unavailable
1,1642.04,metrica:Home:13,attacker_complete_support_unavailable
1,1642.04,metrica:Home:14,attacker_complete_support_unavailable
1,1642.04,metrica:Home:2,complete_ten_defenders_unavailable
1,1642.04,metrica:Home:3,complete_ten_defenders_unavailable
1,1642.04,metrica:Home:4,attacker_complete_support_unavailable
1,1642.04,metrica:Home:5,attacker_complete_support_unavailable
1,1642.04,metrica:Home:6,complete_ten_defenders_unavailable
1,1642.04,metrica:Home:7,complete_ten_defenders_unavailable
1,1642.04,metrica:Home:8,complete_ten_defenders_unavailable
1,1642.04,metrica:Home:9,complete_ten_defenders_unavailable
1,1646.04,metrica:Home:1,complete_ten_defenders_unavailable
1,1646.04,metrica:Home:10,complete_ten_defenders_unavailable
1,1646.04,metrica:Home:12,attacker_complete_support_unavailable
1,1646.04,metrica:Home:13,attacker_complete_support_unavailable
1,1646.04,metrica:Home:14,attacker_complete_support_unavailable
1,1646.04,metrica:Home:2,complete_ten_defenders_unavailable
1,1646.04,metrica:Home:3,complete_ten_defenders_unavailable
1,1646.04,metrica:Home:4,attacker_complete_support_unavailable
1,1646.04,metrica:Home:5,attacker_complete_support_unavailable
1,1646.04,metrica:Home:6,complete_ten_defenders_unavailable
1,1646.04,metrica:Home:7,complete_ten_defenders_unavailable
1,1646.04,metrica:Home:8,complete_ten_defenders_unavailable
1,1646.04,metrica:Home:9,complete_ten_defenders_unavailable
1,1650.04,metrica:Home:1,complete_ten_defenders_unavailable
1,1650.04,metrica:Home:10,complete_ten_defenders_unavailable
1,1650.04,metrica:Home:12,attacker_complete_support_unavailable
1,1650.04,metrica:Home:13,attacker_complete_support_unavailable
1,1650.04,metrica:Home:14,attacker_complete_support_unavailable
1,1650.04,metrica:Home:2,complete_ten_defenders_unavailable
1,1650.04,metrica:Home:3,complete_ten_defenders_unavailable
1,1650.04,metrica:Home:4,attacker_complete_support_unavailable
1,1650.04,metrica:Home:5,attacker_complete_support_unavailable
1,1650.04,metrica:Home:6,complete_ten_defenders_unavailable
1,1650.04,metrica:Home:7,complete_ten_defenders_unavailable
1,1650.04,metrica:Home:8,complete_ten_defenders_unavailable
1,1650.04,metrica:Home:9,complete_ten_defenders_unavailable
1,1654.04,metrica:Home:1,complete_ten_defenders_unavailable
1,1654.04,metrica:Home:10,complete_ten_defenders_unavailable
1,1654.04,metrica:Home:12,attacker_complete_support_unavailable
1,1654.04,metrica:Home:13,attacker_complete_support_unavailable
1,1654.04,metrica:Home:14,attacker_complete_support_unavailable
1,1654.04,metrica:Home:2,complete_ten_defenders_unavailable
1,1654.04,metrica:Home:3,complete_ten_defenders_unavailable
1,1654.04,metrica:Home:4,attacker_complete_support_unavailable
1,1654.04,metrica:Home:5,attacker_complete_support_unavailable
1,1654.04,metrica:Home:6,complete_ten_defenders_unavailable
1,1654.04,metrica:Home:7,complete_ten_defenders_unavailable
1,1654.04,metrica:Home:8,complete_ten_defenders_unavailable
1,1654.04,metrica:Home:9,complete_ten_defenders_unavailable
1,1658.04,metrica:Home:1,complete_ten_defenders_unavailable
1,1658.04,metrica:Home:10,complete_ten_defenders_unavailable
1,1658.04,metrica:Home:12,attacker_complete_support_unavailable
1,1658.04,metrica:Home:13,attacker_complete_support_unavailable
1,1658.04,metrica:Home:14,attacker_complete_support_unavailable
1,1658.04,metrica:Home:2,complete_ten_defenders_unavailable
1,1658.04,metrica:Home:3,complete_ten_defenders_unavailable
1,1658.04,metrica:Home:4,attacker_complete_support_unavailable
1,1658.04,metrica:Home:5,attacker_complete_support_unavailable
1,1658.04,metrica:Home:6,complete_ten_defenders_unavailable
1,1658.04,metrica:Home:7,complete_ten_defenders_unavailable
1,1658.04,metrica:Home:8,complete_ten_defenders_unavailable
1,1658.04,metrica:Home:9,complete_ten_defenders_unavailable
1,1662.04,metrica:Away:15,attacker_complete_support_unavailable
1,1662.04,metrica:Away:16,complete_ten_defenders_unavailable
1,1662.04,metrica:Away:17,attacker_complete_support_unavailable
1,1662.04,metrica:Away:18,complete_ten_defenders_unavailable
1,1662.04,metrica:Away:19,complete_ten_defenders_unavailable
1,1662.04,metrica:Away:20,complete_ten_defenders_unavailable
1,1662.04,metrica:Away:21,complete_ten_defenders_unavailable
1,1662.04,metrica:Away:22,complete_ten_defenders_unavailable
1,1662.04,metrica:Away:23,complete_ten_defenders_unavailable
1,1662.04,metrica:Away:24,complete_ten_defenders_unavailable
1,1662.04,metrica:Away:26,attacker_complete_support_unavailable
1,1666.04,metrica:Away:15,attacker_complete_support_unavailable
1,1666.04,metrica:Away:16,complete_ten_defenders_unavailable
1,1666.04,metrica:Away:17,attacker_complete_support_unavailable
1,1666.04,metrica:Away:18,complete_ten_defenders_unavailable
1,1666.04,metrica:Away:19,complete_ten_defenders_unavailable
1,1666.04,metrica:Away:20,complete_ten_defenders_unavailable
1,1666.04,metrica:Away:21,complete_ten_defenders_unavailable
1,1666.04,metrica:Away:22,complete_ten_defenders_unavailable
1,1666.04,metrica:Away:23,complete_ten_defenders_unavailable
1,1666.04,metrica:Away:24,complete_ten_defenders_unavailable
1,1666.04,metrica:Away:26,attacker_complete_support_unavailable
1,1670.04,metrica:Away:15,attacker_complete_support_unavailable
1,1670.04,metrica:Away:16,complete_ten_defenders_unavailable
1,1670.04,metrica:Away:17,attacker_complete_support_unavailable
1,1670.04,metrica:Away:18,complete_ten_defenders_unavailable
1,1670.04,metrica:Away:19,complete_ten_defenders_unavailable
1,1670.04,metrica:Away:20,complete_ten_defenders_unavailable
1,1670.04,metrica:Away:21,complete_ten_defenders_unavailable
1,1670.04,metrica:Away:22,complete_ten_defenders_unavailable
1,1670.04,metrica:Away:23,complete_ten_defenders_unavailable
1,1670.04,metrica:Away:24,complete_ten_defenders_unavailable
1,1670.04,metrica:Away:26,attacker_complete_support_unavailable
1,1674.04,metrica:Away:15,restart_or_ball_out_span
1,1674.04,metrica:Away:16,restart_or_ball_out_span
1,1674.04,metrica:Away:17,restart_or_ball_out_span
1,1674.04,metrica:Away:18,restart_or_ball_out_span
1,1674.04,metrica:Away:19,restart_or_ball_out_span
1,1674.04,metrica:Away:20,restart_or_ball_out_span
1,1674.04,metrica:Away:21,restart_or_ball_out_span
1,1674.04,metrica:Away:22,restart_or_ball_out_span
1,1674.04,metrica:Away:23,restart_or_ball_out_span
1,1674.04,metrica:Away:24,restart_or_ball_out_span
1,1674.04,metrica:Away:26,restart_or_ball_out_span
1,1678.04,metrica:Away:15,attacker_complete_support_unavailable
1,1678.04,metrica:Away:16,complete_ten_defenders_unavailable
1,1678.04,metrica:Away:17,attacker_complete_support_unavailable
1,1678.04,metrica:Away:18,complete_ten_defenders_unavailable
1,1678.04,metrica:Away:19,complete_ten_defenders_unavailable
1,1678.04,metrica:Away:20,complete_ten_defenders_unavailable
1,1678.04,metrica:Away:21,complete_ten_defenders_unavailable
1,1678.04,metrica:Away:22,complete_ten_defenders_unavailable
1,1678.04,metrica:Away:23,complete_ten_defenders_unavailable
1,1678.04,metrica:Away:24,complete_ten_defenders_unavailable
1,1678.04,metrica:Away:26,attacker_complete_support_unavailable
1,1682.04,metrica:Away:15,attacker_complete_support_unavailable
1,1682.04,metrica:Away:16,complete_ten_defenders_unavailable
1,1682.04,metrica:Away:17,attacker_complete_support_unavailable
1,1682.04,metrica:Away:18,complete_ten_defenders_unavailable
1,1682.04,metrica:Away:19,complete_ten_defenders_unavailable
1,1682.04,metrica:Away:20,complete_ten_defenders_unavailable
1,1682.04,metrica:Away:21,complete_ten_defenders_unavailable
1,1682.04,metrica:Away:22,complete_ten_defenders_unavailable
1,1682.04,metrica:Away:23,complete_ten_defenders_unavailable
1,1682.04,metrica:Away:24,complete_ten_defenders_unavailable
1,1682.04,metrica:Away:26,attacker_complete_support_unavailable
1,1686.04,metrica:Away:15,attacker_complete_support_unavailable
1,1686.04,metrica:Away:16,complete_ten_defenders_unavailable
1,1686.04,metrica:Away:17,attacker_complete_support_unavailable
1,1686.04,metrica:Away:18,complete_ten_defenders_unavailable
1,1686.04,metrica:Away:19,complete_ten_defenders_unavailable
1,1686.04,metrica:Away:20,complete_ten_defenders_unavailable
1,1686.04,metrica:Away:21,complete_ten_defenders_unavailable
1,1686.04,metrica:Away:22,complete_ten_defenders_unavailable
1,1686.04,metrica:Away:23,complete_ten_defenders_unavailable
1,1686.04,metrica:Away:24,complete_ten_defenders_unavailable
1,1686.04,metrica:Away:26,attacker_complete_support_unavailable
1,1690.04,metrica:Away:15,attacker_complete_support_unavailable
1,1690.04,metrica:Away:16,complete_ten_defenders_unavailable
1,1690.04,metrica:Away:17,attacker_complete_support_unavailable
1,1690.04,metrica:Away:18,complete_ten_defenders_unavailable
1,1690.04,metrica:Away:19,complete_ten_defenders_unavailable
1,1690.04,metrica:Away:20,complete_ten_defenders_unavailable
1,1690.04,metrica:Away:21,complete_ten_defenders_unavailable
1,1690.04,metrica:Away:22,complete_ten_defenders_unavailable
1,1690.04,metrica:Away:23,complete_ten_defenders_unavailable
1,1690.04,metrica:Away:24,complete_ten_defenders_unavailable
1,1690.04,metrica:Away:26,attacker_complete_support_unavailable
1,1694.04,metrica:Away:15,attacker_complete_support_unavailable
1,1694.04,metrica:Away:16,complete_ten_defenders_unavailable
1,1694.04,metrica:Away:17,attacker_complete_support_unavailable
1,1694.04,metrica:Away:18,complete_ten_defenders_unavailable
1,1694.04,metrica:Away:19,complete_ten_defenders_unavailable
1,1694.04,metrica:Away:20,complete_ten_defenders_unavailable
1,1694.04,metrica:Away:21,complete_ten_defenders_unavailable
1,1694.04,metrica:Away:22,complete_ten_defenders_unavailable
1,1694.04,metrica:Away:23,complete_ten_defenders_unavailable
1,1694.04,metrica:Away:24,complete_ten_defenders_unavailable
1,1694.04,metrica:Away:26,attacker_complete_support_unavailable
1,1698.04,metrica:Away:15,attacker_complete_support_unavailable
1,1698.04,metrica:Away:16,complete_ten_defenders_unavailable
1,1698.04,metrica:Away:17,attacker_complete_support_unavailable
1,1698.04,metrica:Away:18,complete_ten_defenders_unavailable
1,1698.04,metrica:Away:19,complete_ten_defenders_unavailable
1,1698.04,metrica:Away:20,complete_ten_defenders_unavailable
1,1698.04,metrica:Away:21,complete_ten_defenders_unavailable
1,1698.04,metrica:Away:22,complete_ten_defenders_unavailable
1,1698.04,metrica:Away:23,complete_ten_defenders_unavailable
1,1698.04,metrica:Away:24,complete_ten_defenders_unavailable
1,1698.04,metrica:Away:26,attacker_complete_support_unavailable
1,1702.04,metrica:Away:15,restart_or_ball_out_span
1,1702.04,metrica:Away:16,restart_or_ball_out_span
1,1702.04,metrica:Away:17,restart_or_ball_out_span
1,1702.04,metrica:Away:18,restart_or_ball_out_span
1,1702.04,metrica:Away:19,restart_or_ball_out_span
1,1702.04,metrica:Away:20,restart_or_ball_out_span
1,1702.04,metrica:Away:21,restart_or_ball_out_span
1,1702.04,metrica:Away:22,restart_or_ball_out_span
1,1702.04,metrica:Away:23,restart_or_ball_out_span
1,1702.04,metrica:Away:24,restart_or_ball_out_span
1,1702.04,metrica:Away:26,restart_or_ball_out_span
1,1706.04,metrica:Away:15,attacker_complete_support_unavailable
1,1706.04,metrica:Away:16,complete_ten_defenders_unavailable
1,1706.04,metrica:Away:17,attacker_complete_support_unavailable
1,1706.04,metrica:Away:18,complete_ten_defenders_unavailable
1,1706.04,metrica:Away:19,complete_ten_defenders_unavailable
1,1706.04,metrica:Away:20,complete_ten_defenders_unavailable
1,1706.04,metrica:Away:21,complete_ten_defenders_unavailable
1,1706.04,metrica:Away:22,complete_ten_defenders_unavailable
1,1706.04,metrica:Away:23,complete_ten_defenders_unavailable
1,1706.04,metrica:Away:24,complete_ten_defenders_unavailable
1,1706.04,metrica:Away:26,attacker_complete_support_unavailable
1,1710.04,metrica:Away:15,attacker_complete_support_unavailable
1,1710.04,metrica:Away:16,complete_ten_defenders_unavailable
1,1710.04,metrica:Away:17,attacker_complete_support_unavailable
1,1710.04,metrica:Away:18,complete_ten_defenders_unavailable
1,1710.04,metrica:Away:19,complete_ten_defenders_unavailable
1,1710.04,metrica:Away:20,complete_ten_defenders_unavailable
1,1710.04,metrica:Away:21,complete_ten_defenders_unavailable
1,1710.04,metrica:Away:22,complete_ten_defenders_unavailable
1,1710.04,metrica:Away:23,complete_ten_defenders_unavailable
1,1710.04,metrica:Away:24,complete_ten_defenders_unavailable
1,1710.04,metrica:Away:26,attacker_complete_support_unavailable
1,1714.04,metrica:Away:15,attacker_complete_support_unavailable
1,1714.04,metrica:Away:16,complete_ten_defenders_unavailable
1,1714.04,metrica:Away:17,attacker_complete_support_unavailable
1,1714.04,metrica:Away:18,complete_ten_defenders_unavailable
1,1714.04,metrica:Away:19,complete_ten_defenders_unavailable
1,1714.04,metrica:Away:20,complete_ten_defenders_unavailable
1,1714.04,metrica:Away:21,complete_ten_defenders_unavailable
1,1714.04,metrica:Away:22,complete_ten_defenders_unavailable
1,1714.04,metrica:Away:23,complete_ten_defenders_unavailable
1,1714.04,metrica:Away:24,complete_ten_defenders_unavailable
1,1714.04,metrica:Away:26,attacker_complete_support_unavailable
1,1718.04,metrica:Home:1,complete_ten_defenders_unavailable
1,1718.04,metrica:Home:10,complete_ten_defenders_unavailable
1,1718.04,metrica:Home:12,attacker_complete_support_unavailable
1,1718.04,metrica:Home:13,attacker_complete_support_unavailable
1,1718.04,metrica:Home:14,attacker_complete_support_unavailable
1,1718.04,metrica:Home:2,complete_ten_defenders_unavailable
1,1718.04,metrica:Home:3,complete_ten_defenders_unavailable
1,1718.04,metrica:Home:4,attacker_complete_support_unavailable
1,1718.04,metrica:Home:5,attacker_complete_support_unavailable
1,1718.04,metrica:Home:6,complete_ten_defenders_unavailable
1,1718.04,metrica:Home:7,complete_ten_defenders_unavailable
1,1718.04,metrica:Home:8,complete_ten_defenders_unavailable
1,1718.04,metrica:Home:9,complete_ten_defenders_unavailable
1,1722.04,metrica:Home:1,complete_ten_defenders_unavailable
1,1722.04,metrica:Home:10,complete_ten_defenders_unavailable
1,1722.04,metrica:Home:12,attacker_complete_support_unavailable
1,1722.04,metrica:Home:13,attacker_complete_support_unavailable
1,1722.04,metrica:Home:14,attacker_complete_support_unavailable
1,1722.04,metrica:Home:2,complete_ten_defenders_unavailable
1,1722.04,metrica:Home:3,complete_ten_defenders_unavailable
1,1722.04,metrica:Home:4,attacker_complete_support_unavailable
1,1722.04,metrica:Home:5,attacker_complete_support_unavailable
1,1722.04,metrica:Home:6,complete_ten_defenders_unavailable
1,1722.04,metrica:Home:7,complete_ten_defenders_unavailable
1,1722.04,metrica:Home:8,complete_ten_defenders_unavailable
1,1722.04,metrica:Home:9,complete_ten_defenders_unavailable
1,1726.04,metrica:Away:15,restart_or_ball_out_span
1,1726.04,metrica:Away:16,restart_or_ball_out_span
1,1726.04,metrica:Away:17,restart_or_ball_out_span
1,1726.04,metrica:Away:18,restart_or_ball_out_span
1,1726.04,metrica:Away:19,restart_or_ball_out_span
1,1726.04,metrica:Away:20,restart_or_ball_out_span
1,1726.04,metrica:Away:21,restart_or_ball_out_span
1,1726.04,metrica:Away:22,restart_or_ball_out_span
1,1726.04,metrica:Away:23,restart_or_ball_out_span
1,1726.04,metrica:Away:24,restart_or_ball_out_span
1,1726.04,metrica:Away:26,restart_or_ball_out_span
1,1730.04,metrica:Away:15,attacker_complete_support_unavailable
1,1730.04,metrica:Away:16,complete_ten_defenders_unavailable
1,1730.04,metrica:Away:17,attacker_complete_support_unavailable
1,1730.04,metrica:Away:18,complete_ten_defenders_unavailable
1,1730.04,metrica:Away:19,complete_ten_defenders_unavailable
1,1730.04,metrica:Away:20,complete_ten_defenders_unavailable
1,1730.04,metrica:Away:21,complete_ten_defenders_unavailable
1,1730.04,metrica:Away:22,complete_ten_defenders_unavailable
1,1730.04,metrica:Away:23,complete_ten_defenders_unavailable
1,1730.04,metrica:Away:24,complete_ten_defenders_unavailable
1,1730.04,metrica:Away:26,attacker_complete_support_unavailable
1,1734.04,metrica:Away:15,attacker_complete_support_unavailable
1,1734.04,metrica:Away:16,complete_ten_defenders_unavailable
1,1734.04,metrica:Away:17,attacker_complete_support_unavailable
1,1734.04,metrica:Away:18,complete_ten_defenders_unavailable
1,1734.04,metrica:Away:19,complete_ten_defenders_unavailable
1,1734.04,metrica:Away:20,complete_ten_defenders_unavailable
1,1734.04,metrica:Away:21,complete_ten_defenders_unavailable
1,1734.04,metrica:Away:22,complete_ten_defenders_unavailable
1,1734.04,metrica:Away:23,complete_ten_defenders_unavailable
1,1734.04,metrica:Away:24,complete_ten_defenders_unavailable
1,1734.04,metrica:Away:26,attacker_complete_support_unavailable
1,1738.04,metrica:Away:15,attacker_complete_support_unavailable
1,1738.04,metrica:Away:16,complete_ten_defenders_unavailable
1,1738.04,metrica:Away:17,attacker_complete_support_unavailable
1,1738.04,metrica:Away:18,complete_ten_defenders_unavailable
1,1738.04,metrica:Away:19,complete_ten_defenders_unavailable
1,1738.04,metrica:Away:20,complete_ten_defenders_unavailable
1,1738.04,metrica:Away:21,complete_ten_defenders_unavailable
1,1738.04,metrica:Away:22,complete_ten_defenders_unavailable
1,1738.04,metrica:Away:23,complete_ten_defenders_unavailable
1,1738.04,metrica:Away:24,complete_ten_defenders_unavailable
1,1738.04,metrica:Away:26,attacker_complete_support_unavailable
1,1742.04,metrica:Home:1,restart_or_ball_out_span
1,1742.04,metrica:Home:10,restart_or_ball_out_span
1,1742.04,metrica:Home:12,restart_or_ball_out_span
1,1742.04,metrica:Home:13,restart_or_ball_out_span
1,1742.04,metrica:Home:14,restart_or_ball_out_span
1,1742.04,metrica:Home:2,restart_or_ball_out_span
1,1742.04,metrica:Home:3,restart_or_ball_out_span
1,1742.04,metrica:Home:4,restart_or_ball_out_span
1,1742.04,metrica:Home:5,restart_or_ball_out_span
1,1742.04,metrica:Home:6,restart_or_ball_out_span
1,1742.04,metrica:Home:7,restart_or_ball_out_span
1,1742.04,metrica:Home:8,restart_or_ball_out_span
1,1742.04,metrica:Home:9,restart_or_ball_out_span
1,1746.04,metrica:Home:1,complete_ten_defenders_unavailable
1,1746.04,metrica:Home:10,complete_ten_defenders_unavailable
1,1746.04,metrica:Home:12,attacker_complete_support_unavailable
1,1746.04,metrica:Home:13,attacker_complete_support_unavailable
1,1746.04,metrica:Home:14,attacker_complete_support_unavailable
1,1746.04,metrica:Home:2,complete_ten_defenders_unavailable
1,1746.04,metrica:Home:3,complete_ten_defenders_unavailable
1,1746.04,metrica:Home:4,attacker_complete_support_unavailable
1,1746.04,metrica:Home:5,attacker_complete_support_unavailable
1,1746.04,metrica:Home:6,complete_ten_defenders_unavailable
1,1746.04,metrica:Home:7,complete_ten_defenders_unavailable
1,1746.04,metrica:Home:8,complete_ten_defenders_unavailable
1,1746.04,metrica:Home:9,complete_ten_defenders_unavailable
1,1750.04,metrica:Home:1,complete_ten_defenders_unavailable
1,1750.04,metrica:Home:10,complete_ten_defenders_unavailable
1,1750.04,metrica:Home:12,attacker_complete_support_unavailable
1,1750.04,metrica:Home:13,attacker_complete_support_unavailable
1,1750.04,metrica:Home:14,attacker_complete_support_unavailable
1,1750.04,metrica:Home:2,complete_ten_defenders_unavailable
1,1750.04,metrica:Home:3,complete_ten_defenders_unavailable
1,1750.04,metrica:Home:4,attacker_complete_support_unavailable
1,1750.04,metrica:Home:5,attacker_complete_support_unavailable
1,1750.04,metrica:Home:6,complete_ten_defenders_unavailable
1,1750.04,metrica:Home:7,complete_ten_defenders_unavailable
1,1750.04,metrica:Home:8,complete_ten_defenders_unavailable
1,1750.04,metrica:Home:9,complete_ten_defenders_unavailable
1,1754.04,metrica:Home:1,complete_ten_defenders_unavailable
1,1754.04,metrica:Home:10,complete_ten_defenders_unavailable
1,1754.04,metrica:Home:12,attacker_complete_support_unavailable
1,1754.04,metrica:Home:13,attacker_complete_support_unavailable
1,1754.04,metrica:Home:14,attacker_complete_support_unavailable
1,1754.04,metrica:Home:2,complete_ten_defenders_unavailable
1,1754.04,metrica:Home:3,complete_ten_defenders_unavailable
1,1754.04,metrica:Home:4,attacker_complete_support_unavailable
1,1754.04,metrica:Home:5,attacker_complete_support_unavailable
1,1754.04,metrica:Home:6,complete_ten_defenders_unavailable
1,1754.04,metrica:Home:7,complete_ten_defenders_unavailable
1,1754.04,metrica:Home:8,complete_ten_defenders_unavailable
1,1754.04,metrica:Home:9,complete_ten_defenders_unavailable
1,1758.04,metrica:Home:1,complete_ten_defenders_unavailable
1,1758.04,metrica:Home:10,complete_ten_defenders_unavailable
1,1758.04,metrica:Home:12,attacker_complete_support_unavailable
1,1758.04,metrica:Home:13,attacker_complete_support_unavailable
1,1758.04,metrica:Home:14,attacker_complete_support_unavailable
1,1758.04,metrica:Home:2,complete_ten_defenders_unavailable
1,1758.04,metrica:Home:3,complete_ten_defenders_unavailable
1,1758.04,metrica:Home:4,attacker_complete_support_unavailable
1,1758.04,metrica:Home:5,attacker_complete_support_unavailable
1,1758.04,metrica:Home:6,complete_ten_defenders_unavailable
1,1758.04,metrica:Home:7,complete_ten_defenders_unavailable
1,1758.04,metrica:Home:8,complete_ten_defenders_unavailable
1,1758.04,metrica:Home:9,complete_ten_defenders_unavailable
1,1762.04,metrica:Home:1,complete_ten_defenders_unavailable
1,1762.04,metrica:Home:10,complete_ten_defenders_unavailable
1,1762.04,metrica:Home:12,attacker_complete_support_unavailable
1,1762.04,metrica:Home:13,attacker_complete_support_unavailable
1,1762.04,metrica:Home:14,attacker_complete_support_unavailable
1,1762.04,metrica:Home:2,complete_ten_defenders_unavailable
1,1762.04,metrica:Home:3,complete_ten_defenders_unavailable
1,1762.04,metrica:Home:4,attacker_complete_support_unavailable
1,1762.04,metrica:Home:5,attacker_complete_support_unavailable
1,1762.04,metrica:Home:6,complete_ten_defenders_unavailable
1,1762.04,metrica:Home:7,complete_ten_defenders_unavailable
1,1762.04,metrica:Home:8,complete_ten_defenders_unavailable
1,1762.04,metrica:Home:9,complete_ten_defenders_unavailable
1,1766.04,metrica:Home:1,complete_ten_defenders_unavailable
1,1766.04,metrica:Home:10,complete_ten_defenders_unavailable
1,1766.04,metrica:Home:12,attacker_complete_support_unavailable
1,1766.04,metrica:Home:13,attacker_complete_support_unavailable
1,1766.04,metrica:Home:14,attacker_complete_support_unavailable
1,1766.04,metrica:Home:2,complete_ten_defenders_unavailable
1,1766.04,metrica:Home:3,complete_ten_defenders_unavailable
1,1766.04,metrica:Home:4,attacker_complete_support_unavailable
1,1766.04,metrica:Home:5,attacker_complete_support_unavailable
1,1766.04,metrica:Home:6,complete_ten_defenders_unavailable
1,1766.04,metrica:Home:7,complete_ten_defenders_unavailable
1,1766.04,metrica:Home:8,complete_ten_defenders_unavailable
1,1766.04,metrica:Home:9,complete_ten_defenders_unavailable
1,1770.04,metrica:Home:1,complete_ten_defenders_unavailable
1,1770.04,metrica:Home:10,complete_ten_defenders_unavailable
1,1770.04,metrica:Home:12,attacker_complete_support_unavailable
1,1770.04,metrica:Home:13,attacker_complete_support_unavailable
1,1770.04,metrica:Home:14,attacker_complete_support_unavailable
1,1770.04,metrica:Home:2,complete_ten_defenders_unavailable
1,1770.04,metrica:Home:3,complete_ten_defenders_unavailable
1,1770.04,metrica:Home:4,attacker_complete_support_unavailable
1,1770.04,metrica:Home:5,attacker_complete_support_unavailable
1,1770.04,metrica:Home:6,complete_ten_defenders_unavailable
1,1770.04,metrica:Home:7,complete_ten_defenders_unavailable
1,1770.04,metrica:Home:8,complete_ten_defenders_unavailable
1,1770.04,metrica:Home:9,complete_ten_defenders_unavailable
1,1774.04,metrica:Home:1,complete_ten_defenders_unavailable
1,1774.04,metrica:Home:10,complete_ten_defenders_unavailable
1,1774.04,metrica:Home:12,attacker_complete_support_unavailable
1,1774.04,metrica:Home:13,attacker_complete_support_unavailable
1,1774.04,metrica:Home:14,attacker_complete_support_unavailable
1,1774.04,metrica:Home:2,complete_ten_defenders_unavailable
1,1774.04,metrica:Home:3,complete_ten_defenders_unavailable
1,1774.04,metrica:Home:4,attacker_complete_support_unavailable
1,1774.04,metrica:Home:5,attacker_complete_support_unavailable
1,1774.04,metrica:Home:6,complete_ten_defenders_unavailable
1,1774.04,metrica:Home:7,complete_ten_defenders_unavailable
1,1774.04,metrica:Home:8,complete_ten_defenders_unavailable
1,1774.04,metrica:Home:9,complete_ten_defenders_unavailable
1,1778.04,metrica:Home:1,complete_ten_defenders_unavailable
1,1778.04,metrica:Home:10,complete_ten_defenders_unavailable
1,1778.04,metrica:Home:12,attacker_complete_support_unavailable
1,1778.04,metrica:Home:13,attacker_complete_support_unavailable
1,1778.04,metrica:Home:14,attacker_complete_support_unavailable
1,1778.04,metrica:Home:2,complete_ten_defenders_unavailable
1,1778.04,metrica:Home:3,complete_ten_defenders_unavailable
1,1778.04,metrica:Home:4,attacker_complete_support_unavailable
1,1778.04,metrica:Home:5,attacker_complete_support_unavailable
1,1778.04,metrica:Home:6,complete_ten_defenders_unavailable
1,1778.04,metrica:Home:7,complete_ten_defenders_unavailable
1,1778.04,metrica:Home:8,complete_ten_defenders_unavailable
1,1778.04,metrica:Home:9,complete_ten_defenders_unavailable
1,1782.04,metrica:Home:1,complete_ten_defenders_unavailable
1,1782.04,metrica:Home:10,complete_ten_defenders_unavailable
1,1782.04,metrica:Home:12,attacker_complete_support_unavailable
1,1782.04,metrica:Home:13,attacker_complete_support_unavailable
1,1782.04,metrica:Home:14,attacker_complete_support_unavailable
1,1782.04,metrica:Home:2,complete_ten_defenders_unavailable
1,1782.04,metrica:Home:3,complete_ten_defenders_unavailable
1,1782.04,metrica:Home:4,attacker_complete_support_unavailable
1,1782.04,metrica:Home:5,attacker_complete_support_unavailable
1,1782.04,metrica:Home:6,complete_ten_defenders_unavailable
1,1782.04,metrica:Home:7,complete_ten_defenders_unavailable
1,1782.04,metrica:Home:8,complete_ten_defenders_unavailable
1,1782.04,metrica:Home:9,complete_ten_defenders_unavailable
1,1786.04,metrica:Home:1,complete_ten_defenders_unavailable
1,1786.04,metrica:Home:10,complete_ten_defenders_unavailable
1,1786.04,metrica:Home:12,attacker_complete_support_unavailable
1,1786.04,metrica:Home:13,attacker_complete_support_unavailable
1,1786.04,metrica:Home:14,attacker_complete_support_unavailable
1,1786.04,metrica:Home:2,complete_ten_defenders_unavailable
1,1786.04,metrica:Home:3,complete_ten_defenders_unavailable
1,1786.04,metrica:Home:4,attacker_complete_support_unavailable
1,1786.04,metrica:Home:5,attacker_complete_support_unavailable
1,1786.04,metrica:Home:6,complete_ten_defenders_unavailable
1,1786.04,metrica:Home:7,complete_ten_defenders_unavailable
1,1786.04,metrica:Home:8,complete_ten_defenders_unavailable
1,1786.04,metrica:Home:9,complete_ten_defenders_unavailable
1,1790.04,metrica:Home:1,complete_ten_defenders_unavailable
1,1790.04,metrica:Home:10,complete_ten_defenders_unavailable
1,1790.04,metrica:Home:12,attacker_complete_support_unavailable
1,1790.04,metrica:Home:13,attacker_complete_support_unavailable
1,1790.04,metrica:Home:14,attacker_complete_support_unavailable
1,1790.04,metrica:Home:2,complete_ten_defenders_unavailable
1,1790.04,metrica:Home:3,complete_ten_defenders_unavailable
1,1790.04,metrica:Home:4,attacker_complete_support_unavailable
1,1790.04,metrica:Home:5,attacker_complete_support_unavailable
1,1790.04,metrica:Home:6,complete_ten_defenders_unavailable
1,1790.04,metrica:Home:7,complete_ten_defenders_unavailable
1,1790.04,metrica:Home:8,complete_ten_defenders_unavailable
1,1790.04,metrica:Home:9,complete_ten_defenders_unavailable
1,1794.04,metrica:Home:1,complete_ten_defenders_unavailable
1,1794.04,metrica:Home:10,complete_ten_defenders_unavailable
1,1794.04,metrica:Home:12,attacker_complete_support_unavailable
1,1794.04,metrica:Home:13,attacker_complete_support_unavailable
1,1794.04,metrica:Home:14,attacker_complete_support_unavailable
1,1794.04,metrica:Home:2,complete_ten_defenders_unavailable
1,1794.04,metrica:Home:3,complete_ten_defenders_unavailable
1,1794.04,metrica:Home:4,attacker_complete_support_unavailable
1,1794.04,metrica:Home:5,attacker_complete_support_unavailable
1,1794.04,metrica:Home:6,complete_ten_defenders_unavailable
1,1794.04,metrica:Home:7,complete_ten_defenders_unavailable
1,1794.04,metrica:Home:8,complete_ten_defenders_unavailable
1,1794.04,metrica:Home:9,complete_ten_defenders_unavailable
1,1798.04,metrica:Home:1,restart_or_ball_out_span
1,1798.04,metrica:Home:10,restart_or_ball_out_span
1,1798.04,metrica:Home:12,restart_or_ball_out_span
1,1798.04,metrica:Home:13,restart_or_ball_out_span
1,1798.04,metrica:Home:14,restart_or_ball_out_span
1,1798.04,metrica:Home:2,restart_or_ball_out_span
1,1798.04,metrica:Home:3,restart_or_ball_out_span
1,1798.04,metrica:Home:4,restart_or_ball_out_span
1,1798.04,metrica:Home:5,restart_or_ball_out_span
1,1798.04,metrica:Home:6,restart_or_ball_out_span
1,1798.04,metrica:Home:7,restart_or_ball_out_span
1,1798.04,metrica:Home:8,restart_or_ball_out_span
1,1798.04,metrica:Home:9,restart_or_ball_out_span
1,1802.04,metrica:Away:15,attacker_complete_support_unavailable
1,1802.04,metrica:Away:16,complete_ten_defenders_unavailable
1,1802.04,metrica:Away:17,complete_ten_defenders_unavailable
1,1802.04,metrica:Away:18,complete_ten_defenders_unavailable
1,1802.04,metrica:Away:19,complete_ten_defenders_unavailable
1,1802.04,metrica:Away:20,complete_ten_defenders_unavailable
1,1802.04,metrica:Away:21,complete_ten_defenders_unavailable
1,1802.04,metrica:Away:22,complete_ten_defenders_unavailable
1,1802.04,metrica:Away:23,complete_ten_defenders_unavailable
1,1802.04,metrica:Away:24,complete_ten_defenders_unavailable
1,1802.04,metrica:Away:26,attacker_complete_support_unavailable
1,1806.04,metrica:Away:15,attacker_complete_support_unavailable
1,1806.04,metrica:Away:16,complete_ten_defenders_unavailable
1,1806.04,metrica:Away:17,complete_ten_defenders_unavailable
1,1806.04,metrica:Away:18,complete_ten_defenders_unavailable
1,1806.04,metrica:Away:19,complete_ten_defenders_unavailable
1,1806.04,metrica:Away:20,complete_ten_defenders_unavailable
1,1806.04,metrica:Away:21,complete_ten_defenders_unavailable
1,1806.04,metrica:Away:22,complete_ten_defenders_unavailable
1,1806.04,metrica:Away:23,complete_ten_defenders_unavailable
1,1806.04,metrica:Away:24,complete_ten_defenders_unavailable
1,1806.04,metrica:Away:26,attacker_complete_support_unavailable
1,1810.04,metrica:Away:15,restart_or_ball_out_span
1,1810.04,metrica:Away:16,restart_or_ball_out_span
1,1810.04,metrica:Away:17,restart_or_ball_out_span
1,1810.04,metrica:Away:18,restart_or_ball_out_span
1,1810.04,metrica:Away:19,restart_or_ball_out_span
1,1810.04,metrica:Away:20,restart_or_ball_out_span
1,1810.04,metrica:Away:21,restart_or_ball_out_span
1,1810.04,metrica:Away:22,restart_or_ball_out_span
1,1810.04,metrica:Away:23,restart_or_ball_out_span
1,1810.04,metrica:Away:24,restart_or_ball_out_span
1,1810.04,metrica:Away:26,restart_or_ball_out_span
1,1814.04,metrica:Home:1,complete_ten_defenders_unavailable
1,1814.04,metrica:Home:10,complete_ten_defenders_unavailable
1,1814.04,metrica:Home:12,attacker_complete_support_unavailable
1,1814.04,metrica:Home:13,attacker_complete_support_unavailable
1,1814.04,metrica:Home:14,attacker_complete_support_unavailable
1,1814.04,metrica:Home:2,complete_ten_defenders_unavailable
1,1814.04,metrica:Home:3,complete_ten_defenders_unavailable
1,1814.04,metrica:Home:4,attacker_complete_support_unavailable
1,1814.04,metrica:Home:5,attacker_complete_support_unavailable
1,1814.04,metrica:Home:6,complete_ten_defenders_unavailable
1,1814.04,metrica:Home:7,complete_ten_defenders_unavailable
1,1814.04,metrica:Home:8,complete_ten_defenders_unavailable
1,1814.04,metrica:Home:9,complete_ten_defenders_unavailable
1,1818.04,metrica:Home:1,complete_ten_defenders_unavailable
1,1818.04,metrica:Home:10,complete_ten_defenders_unavailable
1,1818.04,metrica:Home:12,attacker_complete_support_unavailable
1,1818.04,metrica:Home:13,attacker_complete_support_unavailable
1,1818.04,metrica:Home:14,attacker_complete_support_unavailable
1,1818.04,metrica:Home:2,complete_ten_defenders_unavailable
1,1818.04,metrica:Home:3,complete_ten_defenders_unavailable
1,1818.04,metrica:Home:4,attacker_complete_support_unavailable
1,1818.04,metrica:Home:5,attacker_complete_support_unavailable
1,1818.04,metrica:Home:6,complete_ten_defenders_unavailable
1,1818.04,metrica:Home:7,complete_ten_defenders_unavailable
1,1818.04,metrica:Home:8,complete_ten_defenders_unavailable
1,1818.04,metrica:Home:9,complete_ten_defenders_unavailable
1,1822.04,metrica:Home:1,complete_ten_defenders_unavailable
1,1822.04,metrica:Home:10,complete_ten_defenders_unavailable
1,1822.04,metrica:Home:12,attacker_complete_support_unavailable
1,1822.04,metrica:Home:13,attacker_complete_support_unavailable
1,1822.04,metrica:Home:14,attacker_complete_support_unavailable
1,1822.04,metrica:Home:2,complete_ten_defenders_unavailable
1,1822.04,metrica:Home:3,complete_ten_defenders_unavailable
1,1822.04,metrica:Home:4,attacker_complete_support_unavailable
1,1822.04,metrica:Home:5,attacker_complete_support_unavailable
1,1822.04,metrica:Home:6,complete_ten_defenders_unavailable
1,1822.04,metrica:Home:7,complete_ten_defenders_unavailable
1,1822.04,metrica:Home:8,complete_ten_defenders_unavailable
1,1822.04,metrica:Home:9,complete_ten_defenders_unavailable
1,1826.04,metrica:Home:1,complete_ten_defenders_unavailable
1,1826.04,metrica:Home:10,complete_ten_defenders_unavailable
1,1826.04,metrica:Home:12,attacker_complete_support_unavailable
1,1826.04,metrica:Home:13,attacker_complete_support_unavailable
1,1826.04,metrica:Home:14,attacker_complete_support_unavailable
1,1826.04,metrica:Home:2,complete_ten_defenders_unavailable
1,1826.04,metrica:Home:3,complete_ten_defenders_unavailable
1,1826.04,metrica:Home:4,attacker_complete_support_unavailable
1,1826.04,metrica:Home:5,attacker_complete_support_unavailable
1,1826.04,metrica:Home:6,complete_ten_defenders_unavailable
1,1826.04,metrica:Home:7,complete_ten_defenders_unavailable
1,1826.04,metrica:Home:8,complete_ten_defenders_unavailable
1,1826.04,metrica:Home:9,complete_ten_defenders_unavailable
1,1830.04,metrica:Away:15,restart_or_ball_out_span
1,1830.04,metrica:Away:16,restart_or_ball_out_span
1,1830.04,metrica:Away:17,restart_or_ball_out_span
1,1830.04,metrica:Away:18,restart_or_ball_out_span
1,1830.04,metrica:Away:19,restart_or_ball_out_span
1,1830.04,metrica:Away:20,restart_or_ball_out_span
1,1830.04,metrica:Away:21,restart_or_ball_out_span
1,1830.04,metrica:Away:22,restart_or_ball_out_span
1,1830.04,metrica:Away:23,restart_or_ball_out_span
1,1830.04,metrica:Away:24,restart_or_ball_out_span
1,1830.04,metrica:Away:26,restart_or_ball_out_span
1,1834.04,metrica:Home:1,complete_ten_defenders_unavailable
1,1834.04,metrica:Home:10,complete_ten_defenders_unavailable
1,1834.04,metrica:Home:12,attacker_complete_support_unavailable
1,1834.04,metrica:Home:13,attacker_complete_support_unavailable
1,1834.04,metrica:Home:14,attacker_complete_support_unavailable
1,1834.04,metrica:Home:2,complete_ten_defenders_unavailable
1,1834.04,metrica:Home:3,complete_ten_defenders_unavailable
1,1834.04,metrica:Home:4,attacker_complete_support_unavailable
1,1834.04,metrica:Home:5,attacker_complete_support_unavailable
1,1834.04,metrica:Home:6,complete_ten_defenders_unavailable
1,1834.04,metrica:Home:7,complete_ten_defenders_unavailable
1,1834.04,metrica:Home:8,complete_ten_defenders_unavailable
1,1834.04,metrica:Home:9,complete_ten_defenders_unavailable
1,1838.04,metrica:Home:1,restart_or_ball_out_span
1,1838.04,metrica:Home:10,restart_or_ball_out_span
1,1838.04,metrica:Home:12,restart_or_ball_out_span
1,1838.04,metrica:Home:13,restart_or_ball_out_span
1,1838.04,metrica:Home:14,restart_or_ball_out_span
1,1838.04,metrica:Home:2,restart_or_ball_out_span
1,1838.04,metrica:Home:3,restart_or_ball_out_span
1,1838.04,metrica:Home:4,restart_or_ball_out_span
1,1838.04,metrica:Home:5,restart_or_ball_out_span
1,1838.04,metrica:Home:6,restart_or_ball_out_span
1,1838.04,metrica:Home:7,restart_or_ball_out_span
1,1838.04,metrica:Home:8,restart_or_ball_out_span
1,1838.04,metrica:Home:9,restart_or_ball_out_span
1,1842.04,metrica:Away:15,attacker_complete_support_unavailable
1,1842.04,metrica:Away:16,complete_ten_defenders_unavailable
1,1842.04,metrica:Away:17,complete_ten_defenders_unavailable
1,1842.04,metrica:Away:18,complete_ten_defenders_unavailable
1,1842.04,metrica:Away:19,complete_ten_defenders_unavailable
1,1842.04,metrica:Away:20,complete_ten_defenders_unavailable
1,1842.04,metrica:Away:21,complete_ten_defenders_unavailable
1,1842.04,metrica:Away:22,complete_ten_defenders_unavailable
1,1842.04,metrica:Away:23,complete_ten_defenders_unavailable
1,1842.04,metrica:Away:24,complete_ten_defenders_unavailable
1,1842.04,metrica:Away:26,attacker_complete_support_unavailable
1,1846.04,metrica:Away:15,attacker_complete_support_unavailable
1,1846.04,metrica:Away:16,complete_ten_defenders_unavailable
1,1846.04,metrica:Away:17,complete_ten_defenders_unavailable
1,1846.04,metrica:Away:18,complete_ten_defenders_unavailable
1,1846.04,metrica:Away:19,complete_ten_defenders_unavailable
1,1846.04,metrica:Away:20,complete_ten_defenders_unavailable
1,1846.04,metrica:Away:21,complete_ten_defenders_unavailable
1,1846.04,metrica:Away:22,complete_ten_defenders_unavailable
1,1846.04,metrica:Away:23,complete_ten_defenders_unavailable
1,1846.04,metrica:Away:24,complete_ten_defenders_unavailable
1,1846.04,metrica:Away:26,attacker_complete_support_unavailable
1,1850.04,metrica:Away:15,attacker_complete_support_unavailable
1,1850.04,metrica:Away:16,complete_ten_defenders_unavailable
1,1850.04,metrica:Away:17,complete_ten_defenders_unavailable
1,1850.04,metrica:Away:18,complete_ten_defenders_unavailable
1,1850.04,metrica:Away:19,complete_ten_defenders_unavailable
1,1850.04,metrica:Away:20,complete_ten_defenders_unavailable
1,1850.04,metrica:Away:21,complete_ten_defenders_unavailable
1,1850.04,metrica:Away:22,complete_ten_defenders_unavailable
1,1850.04,metrica:Away:23,complete_ten_defenders_unavailable
1,1850.04,metrica:Away:24,complete_ten_defenders_unavailable
1,1850.04,metrica:Away:26,attacker_complete_support_unavailable
1,1854.04,metrica:Home:1,complete_ten_defenders_unavailable
1,1854.04,metrica:Home:10,complete_ten_defenders_unavailable
1,1854.04,metrica:Home:12,attacker_complete_support_unavailable
1,1854.04,metrica:Home:13,attacker_complete_support_unavailable
1,1854.04,metrica:Home:14,attacker_complete_support_unavailable
1,1854.04,metrica:Home:2,attacker_complete_support_unavailable
1,1854.04,metrica:Home:3,complete_ten_defenders_unavailable
1,1854.04,metrica:Home:4,attacker_complete_support_unavailable
1,1854.04,metrica:Home:5,attacker_complete_support_unavailable
1,1854.04,metrica:Home:6,complete_ten_defenders_unavailable
1,1854.04,metrica:Home:7,complete_ten_defenders_unavailable
1,1854.04,metrica:Home:8,complete_ten_defenders_unavailable
1,1854.04,metrica:Home:9,complete_ten_defenders_unavailable
1,1858.04,metrica:Home:1,complete_ten_defenders_unavailable
1,1858.04,metrica:Home:10,complete_ten_defenders_unavailable
1,1858.04,metrica:Home:12,attacker_complete_support_unavailable
1,1858.04,metrica:Home:13,attacker_complete_support_unavailable
1,1858.04,metrica:Home:14,attacker_complete_support_unavailable
1,1858.04,metrica:Home:2,attacker_complete_support_unavailable
1,1858.04,metrica:Home:3,complete_ten_defenders_unavailable
1,1858.04,metrica:Home:4,attacker_complete_support_unavailable
1,1858.04,metrica:Home:5,attacker_complete_support_unavailable
1,1858.04,metrica:Home:6,complete_ten_defenders_unavailable
1,1858.04,metrica:Home:7,complete_ten_defenders_unavailable
1,1858.04,metrica:Home:8,complete_ten_defenders_unavailable
1,1858.04,metrica:Home:9,complete_ten_defenders_unavailable
1,1862.04,metrica:Away:15,attacker_complete_support_unavailable
1,1862.04,metrica:Away:16,complete_ten_defenders_unavailable
1,1862.04,metrica:Away:17,complete_ten_defenders_unavailable
1,1862.04,metrica:Away:18,complete_ten_defenders_unavailable
1,1862.04,metrica:Away:19,complete_ten_defenders_unavailable
1,1862.04,metrica:Away:20,complete_ten_defenders_unavailable
1,1862.04,metrica:Away:21,complete_ten_defenders_unavailable
1,1862.04,metrica:Away:22,complete_ten_defenders_unavailable
1,1862.04,metrica:Away:23,complete_ten_defenders_unavailable
1,1862.04,metrica:Away:24,complete_ten_defenders_unavailable
1,1862.04,metrica:Away:26,attacker_complete_support_unavailable
1,1866.04,metrica:Away:15,attacker_complete_support_unavailable
1,1866.04,metrica:Away:16,complete_ten_defenders_unavailable
1,1866.04,metrica:Away:17,complete_ten_defenders_unavailable
1,1866.04,metrica:Away:18,complete_ten_defenders_unavailable
1,1866.04,metrica:Away:19,complete_ten_defenders_unavailable
1,1866.04,metrica:Away:20,complete_ten_defenders_unavailable
1,1866.04,metrica:Away:21,complete_ten_defenders_unavailable
1,1866.04,metrica:Away:22,complete_ten_defenders_unavailable
1,1866.04,metrica:Away:23,complete_ten_defenders_unavailable
1,1866.04,metrica:Away:24,complete_ten_defenders_unavailable
1,1866.04,metrica:Away:26,attacker_complete_support_unavailable
1,1870.04,metrica:Away:15,attacker_complete_support_unavailable
1,1870.04,metrica:Away:16,complete_ten_defenders_unavailable
1,1870.04,metrica:Away:17,complete_ten_defenders_unavailable
1,1870.04,metrica:Away:18,complete_ten_defenders_unavailable
1,1870.04,metrica:Away:19,complete_ten_defenders_unavailable
1,1870.04,metrica:Away:20,complete_ten_defenders_unavailable
1,1870.04,metrica:Away:21,complete_ten_defenders_unavailable
1,1870.04,metrica:Away:22,complete_ten_defenders_unavailable
1,1870.04,metrica:Away:23,complete_ten_defenders_unavailable
1,1870.04,metrica:Away:24,complete_ten_defenders_unavailable
1,1870.04,metrica:Away:26,attacker_complete_support_unavailable
1,1874.04,metrica:Away:15,attacker_complete_support_unavailable
1,1874.04,metrica:Away:16,complete_ten_defenders_unavailable
1,1874.04,metrica:Away:17,complete_ten_defenders_unavailable
1,1874.04,metrica:Away:18,complete_ten_defenders_unavailable
1,1874.04,metrica:Away:19,complete_ten_defenders_unavailable
1,1874.04,metrica:Away:20,complete_ten_defenders_unavailable
1,1874.04,metrica:Away:21,complete_ten_defenders_unavailable
1,1874.04,metrica:Away:22,complete_ten_defenders_unavailable
1,1874.04,metrica:Away:23,complete_ten_defenders_unavailable
1,1874.04,metrica:Away:24,complete_ten_defenders_unavailable
1,1874.04,metrica:Away:26,attacker_complete_support_unavailable
1,1878.04,metrica:Away:15,attacker_complete_support_unavailable
1,1878.04,metrica:Away:16,complete_ten_defenders_unavailable
1,1878.04,metrica:Away:17,complete_ten_defenders_unavailable
1,1878.04,metrica:Away:18,complete_ten_defenders_unavailable
1,1878.04,metrica:Away:19,complete_ten_defenders_unavailable
1,1878.04,metrica:Away:20,complete_ten_defenders_unavailable
1,1878.04,metrica:Away:21,complete_ten_defenders_unavailable
1,1878.04,metrica:Away:22,complete_ten_defenders_unavailable
1,1878.04,metrica:Away:23,complete_ten_defenders_unavailable
1,1878.04,metrica:Away:24,complete_ten_defenders_unavailable
1,1878.04,metrica:Away:26,attacker_complete_support_unavailable
1,1882.04,metrica:Home:1,complete_ten_defenders_unavailable
1,1882.04,metrica:Home:10,complete_ten_defenders_unavailable
1,1882.04,metrica:Home:12,attacker_complete_support_unavailable
1,1882.04,metrica:Home:13,attacker_complete_support_unavailable
1,1882.04,metrica:Home:14,attacker_complete_support_unavailable
1,1882.04,metrica:Home:2,attacker_complete_support_unavailable
1,1882.04,metrica:Home:3,complete_ten_defenders_unavailable
1,1882.04,metrica:Home:4,attacker_complete_support_unavailable
1,1882.04,metrica:Home:5,attacker_complete_support_unavailable
1,1882.04,metrica:Home:6,complete_ten_defenders_unavailable
1,1882.04,metrica:Home:7,complete_ten_defenders_unavailable
1,1882.04,metrica:Home:8,complete_ten_defenders_unavailable
1,1882.04,metrica:Home:9,complete_ten_defenders_unavailable
1,1886.04,metrica:Home:1,complete_ten_defenders_unavailable
1,1886.04,metrica:Home:10,complete_ten_defenders_unavailable
1,1886.04,metrica:Home:12,attacker_complete_support_unavailable
1,1886.04,metrica:Home:13,attacker_complete_support_unavailable
1,1886.04,metrica:Home:14,attacker_complete_support_unavailable
1,1886.04,metrica:Home:2,attacker_complete_support_unavailable
1,1886.04,metrica:Home:3,complete_ten_defenders_unavailable
1,1886.04,metrica:Home:4,attacker_complete_support_unavailable
1,1886.04,metrica:Home:5,attacker_complete_support_unavailable
1,1886.04,metrica:Home:6,complete_ten_defenders_unavailable
1,1886.04,metrica:Home:7,complete_ten_defenders_unavailable
1,1886.04,metrica:Home:8,complete_ten_defenders_unavailable
1,1886.04,metrica:Home:9,complete_ten_defenders_unavailable
1,1890.04,metrica:Home:1,complete_ten_defenders_unavailable
1,1890.04,metrica:Home:10,complete_ten_defenders_unavailable
1,1890.04,metrica:Home:12,attacker_complete_support_unavailable
1,1890.04,metrica:Home:13,attacker_complete_support_unavailable
1,1890.04,metrica:Home:14,attacker_complete_support_unavailable
1,1890.04,metrica:Home:2,attacker_complete_support_unavailable
1,1890.04,metrica:Home:3,complete_ten_defenders_unavailable
1,1890.04,metrica:Home:4,attacker_complete_support_unavailable
1,1890.04,metrica:Home:5,attacker_complete_support_unavailable
1,1890.04,metrica:Home:6,complete_ten_defenders_unavailable
1,1890.04,metrica:Home:7,complete_ten_defenders_unavailable
1,1890.04,metrica:Home:8,complete_ten_defenders_unavailable
1,1890.04,metrica:Home:9,complete_ten_defenders_unavailable
1,1894.04,metrica:Home:1,complete_ten_defenders_unavailable
1,1894.04,metrica:Home:10,complete_ten_defenders_unavailable
1,1894.04,metrica:Home:12,attacker_complete_support_unavailable
1,1894.04,metrica:Home:13,attacker_complete_support_unavailable
1,1894.04,metrica:Home:14,attacker_complete_support_unavailable
1,1894.04,metrica:Home:2,attacker_complete_support_unavailable
1,1894.04,metrica:Home:3,complete_ten_defenders_unavailable
1,1894.04,metrica:Home:4,attacker_complete_support_unavailable
1,1894.04,metrica:Home:5,attacker_complete_support_unavailable
1,1894.04,metrica:Home:6,complete_ten_defenders_unavailable
1,1894.04,metrica:Home:7,complete_ten_defenders_unavailable
1,1894.04,metrica:Home:8,complete_ten_defenders_unavailable
1,1894.04,metrica:Home:9,complete_ten_defenders_unavailable
1,1898.04,metrica:Home:1,complete_ten_defenders_unavailable
1,1898.04,metrica:Home:10,complete_ten_defenders_unavailable
1,1898.04,metrica:Home:12,attacker_complete_support_unavailable
1,1898.04,metrica:Home:13,attacker_complete_support_unavailable
1,1898.04,metrica:Home:14,attacker_complete_support_unavailable
1,1898.04,metrica:Home:2,attacker_complete_support_unavailable
1,1898.04,metrica:Home:3,complete_ten_defenders_unavailable
1,1898.04,metrica:Home:4,attacker_complete_support_unavailable
1,1898.04,metrica:Home:5,attacker_complete_support_unavailable
1,1898.04,metrica:Home:6,complete_ten_defenders_unavailable
1,1898.04,metrica:Home:7,complete_ten_defenders_unavailable
1,1898.04,metrica:Home:8,complete_ten_defenders_unavailable
1,1898.04,metrica:Home:9,complete_ten_defenders_unavailable
1,1902.04,metrica:Home:1,complete_ten_defenders_unavailable
1,1902.04,metrica:Home:10,complete_ten_defenders_unavailable
1,1902.04,metrica:Home:12,attacker_complete_support_unavailable
1,1902.04,metrica:Home:13,attacker_complete_support_unavailable
1,1902.04,metrica:Home:14,attacker_complete_support_unavailable
1,1902.04,metrica:Home:2,attacker_complete_support_unavailable
1,1902.04,metrica:Home:3,complete_ten_defenders_unavailable
1,1902.04,metrica:Home:4,attacker_complete_support_unavailable
1,1902.04,metrica:Home:5,attacker_complete_support_unavailable
1,1902.04,metrica:Home:6,complete_ten_defenders_unavailable
1,1902.04,metrica:Home:7,complete_ten_defenders_unavailable
1,1902.04,metrica:Home:8,complete_ten_defenders_unavailable
1,1902.04,metrica:Home:9,complete_ten_defenders_unavailable
1,1906.04,metrica:Home:1,complete_ten_defenders_unavailable
1,1906.04,metrica:Home:10,complete_ten_defenders_unavailable
1,1906.04,metrica:Home:12,attacker_complete_support_unavailable
1,1906.04,metrica:Home:13,attacker_complete_support_unavailable
1,1906.04,metrica:Home:14,attacker_complete_support_unavailable
1,1906.04,metrica:Home:2,attacker_complete_support_unavailable
1,1906.04,metrica:Home:3,complete_ten_defenders_unavailable
1,1906.04,metrica:Home:4,attacker_complete_support_unavailable
1,1906.04,metrica:Home:5,attacker_complete_support_unavailable
1,1906.04,metrica:Home:6,complete_ten_defenders_unavailable
1,1906.04,metrica:Home:7,complete_ten_defenders_unavailable
1,1906.04,metrica:Home:8,complete_ten_defenders_unavailable
1,1906.04,metrica:Home:9,complete_ten_defenders_unavailable
1,1910.04,metrica:Home:1,complete_ten_defenders_unavailable
1,1910.04,metrica:Home:10,complete_ten_defenders_unavailable
1,1910.04,metrica:Home:12,attacker_complete_support_unavailable
1,1910.04,metrica:Home:13,attacker_complete_support_unavailable
1,1910.04,metrica:Home:14,attacker_complete_support_unavailable
1,1910.04,metrica:Home:2,attacker_complete_support_unavailable
1,1910.04,metrica:Home:3,complete_ten_defenders_unavailable
1,1910.04,metrica:Home:4,attacker_complete_support_unavailable
1,1910.04,metrica:Home:5,attacker_complete_support_unavailable
1,1910.04,metrica:Home:6,complete_ten_defenders_unavailable
1,1910.04,metrica:Home:7,complete_ten_defenders_unavailable
1,1910.04,metrica:Home:8,complete_ten_defenders_unavailable
1,1910.04,metrica:Home:9,complete_ten_defenders_unavailable
1,1914.04,metrica:Home:1,complete_ten_defenders_unavailable
1,1914.04,metrica:Home:10,complete_ten_defenders_unavailable
1,1914.04,metrica:Home:12,attacker_complete_support_unavailable
1,1914.04,metrica:Home:13,attacker_complete_support_unavailable
1,1914.04,metrica:Home:14,attacker_complete_support_unavailable
1,1914.04,metrica:Home:2,attacker_complete_support_unavailable
1,1914.04,metrica:Home:3,complete_ten_defenders_unavailable
1,1914.04,metrica:Home:4,attacker_complete_support_unavailable
1,1914.04,metrica:Home:5,attacker_complete_support_unavailable
1,1914.04,metrica:Home:6,complete_ten_defenders_unavailable
1,1914.04,metrica:Home:7,complete_ten_defenders_unavailable
1,1914.04,metrica:Home:8,complete_ten_defenders_unavailable
1,1914.04,metrica:Home:9,complete_ten_defenders_unavailable
1,1918.04,metrica:Away:15,attacker_complete_support_unavailable
1,1918.04,metrica:Away:16,complete_ten_defenders_unavailable
1,1918.04,metrica:Away:17,complete_ten_defenders_unavailable
1,1918.04,metrica:Away:18,complete_ten_defenders_unavailable
1,1918.04,metrica:Away:19,complete_ten_defenders_unavailable
1,1918.04,metrica:Away:20,complete_ten_defenders_unavailable
1,1918.04,metrica:Away:21,complete_ten_defenders_unavailable
1,1918.04,metrica:Away:22,complete_ten_defenders_unavailable
1,1918.04,metrica:Away:23,complete_ten_defenders_unavailable
1,1918.04,metrica:Away:24,complete_ten_defenders_unavailable
1,1918.04,metrica:Away:26,attacker_complete_support_unavailable
1,1922.04,metrica:Away:15,attacker_complete_support_unavailable
1,1922.04,metrica:Away:16,complete_ten_defenders_unavailable
1,1922.04,metrica:Away:17,complete_ten_defenders_unavailable
1,1922.04,metrica:Away:18,complete_ten_defenders_unavailable
1,1922.04,metrica:Away:19,complete_ten_defenders_unavailable
1,1922.04,metrica:Away:20,complete_ten_defenders_unavailable
1,1922.04,metrica:Away:21,complete_ten_defenders_unavailable
1,1922.04,metrica:Away:22,complete_ten_defenders_unavailable
1,1922.04,metrica:Away:23,complete_ten_defenders_unavailable
1,1922.04,metrica:Away:24,complete_ten_defenders_unavailable
1,1922.04,metrica:Away:26,attacker_complete_support_unavailable
1,1926.04,metrica:Home:1,complete_ten_defenders_unavailable
1,1926.04,metrica:Home:10,complete_ten_defenders_unavailable
1,1926.04,metrica:Home:12,attacker_complete_support_unavailable
1,1926.04,metrica:Home:13,attacker_complete_support_unavailable
1,1926.04,metrica:Home:14,attacker_complete_support_unavailable
1,1926.04,metrica:Home:2,attacker_complete_support_unavailable
1,1926.04,metrica:Home:3,complete_ten_defenders_unavailable
1,1926.04,metrica:Home:4,attacker_complete_support_unavailable
1,1926.04,metrica:Home:5,attacker_complete_support_unavailable
1,1926.04,metrica:Home:6,complete_ten_defenders_unavailable
1,1926.04,metrica:Home:7,complete_ten_defenders_unavailable
1,1926.04,metrica:Home:8,complete_ten_defenders_unavailable
1,1926.04,metrica:Home:9,complete_ten_defenders_unavailable
1,1930.04,metrica:Home:1,complete_ten_defenders_unavailable
1,1930.04,metrica:Home:10,complete_ten_defenders_unavailable
1,1930.04,metrica:Home:12,attacker_complete_support_unavailable
1,1930.04,metrica:Home:13,attacker_complete_support_unavailable
1,1930.04,metrica:Home:14,attacker_complete_support_unavailable
1,1930.04,metrica:Home:2,attacker_complete_support_unavailable
1,1930.04,metrica:Home:3,complete_ten_defenders_unavailable
1,1930.04,metrica:Home:4,attacker_complete_support_unavailable
1,1930.04,metrica:Home:5,attacker_complete_support_unavailable
1,1930.04,metrica:Home:6,complete_ten_defenders_unavailable
1,1930.04,metrica:Home:7,complete_ten_defenders_unavailable
1,1930.04,metrica:Home:8,complete_ten_defenders_unavailable
1,1930.04,metrica:Home:9,complete_ten_defenders_unavailable
1,1934.04,metrica:Home:1,complete_ten_defenders_unavailable
1,1934.04,metrica:Home:10,complete_ten_defenders_unavailable
1,1934.04,metrica:Home:12,attacker_complete_support_unavailable
1,1934.04,metrica:Home:13,attacker_complete_support_unavailable
1,1934.04,metrica:Home:14,attacker_complete_support_unavailable
1,1934.04,metrica:Home:2,attacker_complete_support_unavailable
1,1934.04,metrica:Home:3,complete_ten_defenders_unavailable
1,1934.04,metrica:Home:4,attacker_complete_support_unavailable
1,1934.04,metrica:Home:5,attacker_complete_support_unavailable
1,1934.04,metrica:Home:6,complete_ten_defenders_unavailable
1,1934.04,metrica:Home:7,complete_ten_defenders_unavailable
1,1934.04,metrica:Home:8,complete_ten_defenders_unavailable
1,1934.04,metrica:Home:9,complete_ten_defenders_unavailable
1,1938.04,metrica:Home:1,complete_ten_defenders_unavailable
1,1938.04,metrica:Home:10,complete_ten_defenders_unavailable
1,1938.04,metrica:Home:12,attacker_complete_support_unavailable
1,1938.04,metrica:Home:13,attacker_complete_support_unavailable
1,1938.04,metrica:Home:14,attacker_complete_support_unavailable
1,1938.04,metrica:Home:2,attacker_complete_support_unavailable
1,1938.04,metrica:Home:3,complete_ten_defenders_unavailable
1,1938.04,metrica:Home:4,attacker_complete_support_unavailable
1,1938.04,metrica:Home:5,attacker_complete_support_unavailable
1,1938.04,metrica:Home:6,complete_ten_defenders_unavailable
1,1938.04,metrica:Home:7,complete_ten_defenders_unavailable
1,1938.04,metrica:Home:8,complete_ten_defenders_unavailable
1,1938.04,metrica:Home:9,complete_ten_defenders_unavailable
1,1942.04,metrica:Home:1,complete_ten_defenders_unavailable
1,1942.04,metrica:Home:10,complete_ten_defenders_unavailable
1,1942.04,metrica:Home:12,attacker_complete_support_unavailable
1,1942.04,metrica:Home:13,attacker_complete_support_unavailable
1,1942.04,metrica:Home:14,attacker_complete_support_unavailable
1,1942.04,metrica:Home:2,attacker_complete_support_unavailable
1,1942.04,metrica:Home:3,complete_ten_defenders_unavailable
1,1942.04,metrica:Home:4,attacker_complete_support_unavailable
1,1942.04,metrica:Home:5,attacker_complete_support_unavailable
1,1942.04,metrica:Home:6,complete_ten_defenders_unavailable
1,1942.04,metrica:Home:7,complete_ten_defenders_unavailable
1,1942.04,metrica:Home:8,complete_ten_defenders_unavailable
1,1942.04,metrica:Home:9,complete_ten_defenders_unavailable
1,1946.04,metrica:Home:1,restart_or_ball_out_span
1,1946.04,metrica:Home:10,restart_or_ball_out_span
1,1946.04,metrica:Home:12,restart_or_ball_out_span
1,1946.04,metrica:Home:13,restart_or_ball_out_span
1,1946.04,metrica:Home:14,restart_or_ball_out_span
1,1946.04,metrica:Home:2,restart_or_ball_out_span
1,1946.04,metrica:Home:3,restart_or_ball_out_span
1,1946.04,metrica:Home:4,restart_or_ball_out_span
1,1946.04,metrica:Home:5,restart_or_ball_out_span
1,1946.04,metrica:Home:6,restart_or_ball_out_span
1,1946.04,metrica:Home:7,restart_or_ball_out_span
1,1946.04,metrica:Home:8,restart_or_ball_out_span
1,1946.04,metrica:Home:9,restart_or_ball_out_span
1,1950.04,metrica:Away:15,attacker_complete_support_unavailable
1,1950.04,metrica:Away:16,complete_ten_defenders_unavailable
1,1950.04,metrica:Away:17,complete_ten_defenders_unavailable
1,1950.04,metrica:Away:18,complete_ten_defenders_unavailable
1,1950.04,metrica:Away:19,complete_ten_defenders_unavailable
1,1950.04,metrica:Away:20,complete_ten_defenders_unavailable
1,1950.04,metrica:Away:21,complete_ten_defenders_unavailable
1,1950.04,metrica:Away:22,complete_ten_defenders_unavailable
1,1950.04,metrica:Away:23,complete_ten_defenders_unavailable
1,1950.04,metrica:Away:24,complete_ten_defenders_unavailable
1,1950.04,metrica:Away:26,attacker_complete_support_unavailable
1,1954.04,metrica:Away:15,attacker_complete_support_unavailable
1,1954.04,metrica:Away:16,complete_ten_defenders_unavailable
1,1954.04,metrica:Away:17,complete_ten_defenders_unavailable
1,1954.04,metrica:Away:18,complete_ten_defenders_unavailable
1,1954.04,metrica:Away:19,complete_ten_defenders_unavailable
1,1954.04,metrica:Away:20,complete_ten_defenders_unavailable
1,1954.04,metrica:Away:21,complete_ten_defenders_unavailable
1,1954.04,metrica:Away:22,complete_ten_defenders_unavailable
1,1954.04,metrica:Away:23,complete_ten_defenders_unavailable
1,1954.04,metrica:Away:24,complete_ten_defenders_unavailable
1,1954.04,metrica:Away:26,attacker_complete_support_unavailable
1,1958.04,metrica:Away:15,attacker_complete_support_unavailable
1,1958.04,metrica:Away:16,complete_ten_defenders_unavailable
1,1958.04,metrica:Away:17,complete_ten_defenders_unavailable
1,1958.04,metrica:Away:18,complete_ten_defenders_unavailable
1,1958.04,metrica:Away:19,complete_ten_defenders_unavailable
1,1958.04,metrica:Away:20,complete_ten_defenders_unavailable
1,1958.04,metrica:Away:21,complete_ten_defenders_unavailable
1,1958.04,metrica:Away:22,complete_ten_defenders_unavailable
1,1958.04,metrica:Away:23,complete_ten_defenders_unavailable
1,1958.04,metrica:Away:24,complete_ten_defenders_unavailable
1,1958.04,metrica:Away:26,attacker_complete_support_unavailable
1,1962.04,metrica:Away:15,attacker_complete_support_unavailable
1,1962.04,metrica:Away:16,complete_ten_defenders_unavailable
1,1962.04,metrica:Away:17,complete_ten_defenders_unavailable
1,1962.04,metrica:Away:18,complete_ten_defenders_unavailable
1,1962.04,metrica:Away:19,complete_ten_defenders_unavailable
1,1962.04,metrica:Away:20,complete_ten_defenders_unavailable
1,1962.04,metrica:Away:21,complete_ten_defenders_unavailable
1,1962.04,metrica:Away:22,complete_ten_defenders_unavailable
1,1962.04,metrica:Away:23,complete_ten_defenders_unavailable
1,1962.04,metrica:Away:24,complete_ten_defenders_unavailable
1,1962.04,metrica:Away:26,attacker_complete_support_unavailable
1,1966.04,metrica:Home:1,complete_ten_defenders_unavailable
1,1966.04,metrica:Home:10,complete_ten_defenders_unavailable
1,1966.04,metrica:Home:12,attacker_complete_support_unavailable
1,1966.04,metrica:Home:13,attacker_complete_support_unavailable
1,1966.04,metrica:Home:14,attacker_complete_support_unavailable
1,1966.04,metrica:Home:2,attacker_complete_support_unavailable
1,1966.04,metrica:Home:3,complete_ten_defenders_unavailable
1,1966.04,metrica:Home:4,attacker_complete_support_unavailable
1,1966.04,metrica:Home:5,attacker_complete_support_unavailable
1,1966.04,metrica:Home:6,complete_ten_defenders_unavailable
1,1966.04,metrica:Home:7,complete_ten_defenders_unavailable
1,1966.04,metrica:Home:8,complete_ten_defenders_unavailable
1,1966.04,metrica:Home:9,complete_ten_defenders_unavailable
1,1970.04,metrica:Away:15,attacker_complete_support_unavailable
1,1970.04,metrica:Away:16,complete_ten_defenders_unavailable
1,1970.04,metrica:Away:17,complete_ten_defenders_unavailable
1,1970.04,metrica:Away:18,complete_ten_defenders_unavailable
1,1970.04,metrica:Away:19,complete_ten_defenders_unavailable
1,1970.04,metrica:Away:20,complete_ten_defenders_unavailable
1,1970.04,metrica:Away:21,complete_ten_defenders_unavailable
1,1970.04,metrica:Away:22,complete_ten_defenders_unavailable
1,1970.04,metrica:Away:23,complete_ten_defenders_unavailable
1,1970.04,metrica:Away:24,complete_ten_defenders_unavailable
1,1970.04,metrica:Away:26,attacker_complete_support_unavailable
1,1974.04,metrica:Away:15,attacker_complete_support_unavailable
1,1974.04,metrica:Away:16,complete_ten_defenders_unavailable
1,1974.04,metrica:Away:17,complete_ten_defenders_unavailable
1,1974.04,metrica:Away:18,complete_ten_defenders_unavailable
1,1974.04,metrica:Away:19,complete_ten_defenders_unavailable
1,1974.04,metrica:Away:20,complete_ten_defenders_unavailable
1,1974.04,metrica:Away:21,complete_ten_defenders_unavailable
1,1974.04,metrica:Away:22,complete_ten_defenders_unavailable
1,1974.04,metrica:Away:23,complete_ten_defenders_unavailable
1,1974.04,metrica:Away:24,complete_ten_defenders_unavailable
1,1974.04,metrica:Away:26,attacker_complete_support_unavailable
1,1978.04,metrica:Away:15,attacker_complete_support_unavailable
1,1978.04,metrica:Away:16,complete_ten_defenders_unavailable
1,1978.04,metrica:Away:17,complete_ten_defenders_unavailable
1,1978.04,metrica:Away:18,complete_ten_defenders_unavailable
1,1978.04,metrica:Away:19,complete_ten_defenders_unavailable
1,1978.04,metrica:Away:20,complete_ten_defenders_unavailable
1,1978.04,metrica:Away:21,complete_ten_defenders_unavailable
1,1978.04,metrica:Away:22,complete_ten_defenders_unavailable
1,1978.04,metrica:Away:23,complete_ten_defenders_unavailable
1,1978.04,metrica:Away:24,complete_ten_defenders_unavailable
1,1978.04,metrica:Away:26,attacker_complete_support_unavailable
1,1982.04,metrica:Away:15,attacker_complete_support_unavailable
1,1982.04,metrica:Away:16,complete_ten_defenders_unavailable
1,1982.04,metrica:Away:17,complete_ten_defenders_unavailable
1,1982.04,metrica:Away:18,complete_ten_defenders_unavailable
1,1982.04,metrica:Away:19,complete_ten_defenders_unavailable
1,1982.04,metrica:Away:20,complete_ten_defenders_unavailable
1,1982.04,metrica:Away:21,complete_ten_defenders_unavailable
1,1982.04,metrica:Away:22,complete_ten_defenders_unavailable
1,1982.04,metrica:Away:23,complete_ten_defenders_unavailable
1,1982.04,metrica:Away:24,complete_ten_defenders_unavailable
1,1982.04,metrica:Away:26,attacker_complete_support_unavailable
1,1986.04,metrica:Away:15,restart_or_ball_out_span
1,1986.04,metrica:Away:16,restart_or_ball_out_span
1,1986.04,metrica:Away:17,restart_or_ball_out_span
1,1986.04,metrica:Away:18,restart_or_ball_out_span
1,1986.04,metrica:Away:19,restart_or_ball_out_span
1,1986.04,metrica:Away:20,restart_or_ball_out_span
1,1986.04,metrica:Away:21,restart_or_ball_out_span
1,1986.04,metrica:Away:22,restart_or_ball_out_span
1,1986.04,metrica:Away:23,restart_or_ball_out_span
1,1986.04,metrica:Away:24,restart_or_ball_out_span
1,1986.04,metrica:Away:26,restart_or_ball_out_span
1,1990.04,metrica:Home:1,complete_ten_defenders_unavailable
1,1990.04,metrica:Home:10,complete_ten_defenders_unavailable
1,1990.04,metrica:Home:12,attacker_complete_support_unavailable
1,1990.04,metrica:Home:13,attacker_complete_support_unavailable
1,1990.04,metrica:Home:14,attacker_complete_support_unavailable
1,1990.04,metrica:Home:2,attacker_complete_support_unavailable
1,1990.04,metrica:Home:3,complete_ten_defenders_unavailable
1,1990.04,metrica:Home:4,attacker_complete_support_unavailable
1,1990.04,metrica:Home:5,attacker_complete_support_unavailable
1,1990.04,metrica:Home:6,complete_ten_defenders_unavailable
1,1990.04,metrica:Home:7,complete_ten_defenders_unavailable
1,1990.04,metrica:Home:8,complete_ten_defenders_unavailable
1,1990.04,metrica:Home:9,complete_ten_defenders_unavailable
1,1994.04,metrica:Away:15,restart_or_ball_out_span
1,1994.04,metrica:Away:16,restart_or_ball_out_span
1,1994.04,metrica:Away:17,restart_or_ball_out_span
1,1994.04,metrica:Away:18,restart_or_ball_out_span
1,1994.04,metrica:Away:19,restart_or_ball_out_span
1,1994.04,metrica:Away:20,restart_or_ball_out_span
1,1994.04,metrica:Away:21,restart_or_ball_out_span
1,1994.04,metrica:Away:22,restart_or_ball_out_span
1,1994.04,metrica:Away:23,restart_or_ball_out_span
1,1994.04,metrica:Away:24,restart_or_ball_out_span
1,1994.04,metrica:Away:26,restart_or_ball_out_span
1,1998.04,metrica:Away:15,attacker_complete_support_unavailable
1,1998.04,metrica:Away:16,complete_ten_defenders_unavailable
1,1998.04,metrica:Away:17,complete_ten_defenders_unavailable
1,1998.04,metrica:Away:18,complete_ten_defenders_unavailable
1,1998.04,metrica:Away:19,complete_ten_defenders_unavailable
1,1998.04,metrica:Away:20,complete_ten_defenders_unavailable
1,1998.04,metrica:Away:21,complete_ten_defenders_unavailable
1,1998.04,metrica:Away:22,complete_ten_defenders_unavailable
1,1998.04,metrica:Away:23,complete_ten_defenders_unavailable
1,1998.04,metrica:Away:24,complete_ten_defenders_unavailable
1,1998.04,metrica:Away:26,attacker_complete_support_unavailable
1,2002.04,metrica:Away:15,attacker_complete_support_unavailable
1,2002.04,metrica:Away:16,complete_ten_defenders_unavailable
1,2002.04,metrica:Away:17,complete_ten_defenders_unavailable
1,2002.04,metrica:Away:18,complete_ten_defenders_unavailable
1,2002.04,metrica:Away:19,complete_ten_defenders_unavailable
1,2002.04,metrica:Away:20,complete_ten_defenders_unavailable
1,2002.04,metrica:Away:21,complete_ten_defenders_unavailable
1,2002.04,metrica:Away:22,complete_ten_defenders_unavailable
1,2002.04,metrica:Away:23,complete_ten_defenders_unavailable
1,2002.04,metrica:Away:24,complete_ten_defenders_unavailable
1,2002.04,metrica:Away:26,attacker_complete_support_unavailable
1,2006.04,metrica:Away:15,attacker_complete_support_unavailable
1,2006.04,metrica:Away:16,complete_ten_defenders_unavailable
1,2006.04,metrica:Away:17,complete_ten_defenders_unavailable
1,2006.04,metrica:Away:18,complete_ten_defenders_unavailable
1,2006.04,metrica:Away:19,complete_ten_defenders_unavailable
1,2006.04,metrica:Away:20,complete_ten_defenders_unavailable
1,2006.04,metrica:Away:21,complete_ten_defenders_unavailable
1,2006.04,metrica:Away:22,complete_ten_defenders_unavailable
1,2006.04,metrica:Away:23,complete_ten_defenders_unavailable
1,2006.04,metrica:Away:24,complete_ten_defenders_unavailable
1,2006.04,metrica:Away:26,attacker_complete_support_unavailable
1,2010.04,metrica:Away:15,attacker_complete_support_unavailable
1,2010.04,metrica:Away:16,complete_ten_defenders_unavailable
1,2010.04,metrica:Away:17,complete_ten_defenders_unavailable
1,2010.04,metrica:Away:18,complete_ten_defenders_unavailable
1,2010.04,metrica:Away:19,complete_ten_defenders_unavailable
1,2010.04,metrica:Away:20,complete_ten_defenders_unavailable
1,2010.04,metrica:Away:21,complete_ten_defenders_unavailable
1,2010.04,metrica:Away:22,complete_ten_defenders_unavailable
1,2010.04,metrica:Away:23,complete_ten_defenders_unavailable
1,2010.04,metrica:Away:24,complete_ten_defenders_unavailable
1,2010.04,metrica:Away:26,attacker_complete_support_unavailable
1,2014.04,metrica:Home:1,complete_ten_defenders_unavailable
1,2014.04,metrica:Home:10,complete_ten_defenders_unavailable
1,2014.04,metrica:Home:12,attacker_complete_support_unavailable
1,2014.04,metrica:Home:13,attacker_complete_support_unavailable
1,2014.04,metrica:Home:14,attacker_complete_support_unavailable
1,2014.04,metrica:Home:2,attacker_complete_support_unavailable
1,2014.04,metrica:Home:3,complete_ten_defenders_unavailable
1,2014.04,metrica:Home:4,attacker_complete_support_unavailable
1,2014.04,metrica:Home:5,attacker_complete_support_unavailable
1,2014.04,metrica:Home:6,complete_ten_defenders_unavailable
1,2014.04,metrica:Home:7,complete_ten_defenders_unavailable
1,2014.04,metrica:Home:8,complete_ten_defenders_unavailable
1,2014.04,metrica:Home:9,complete_ten_defenders_unavailable
1,2018.04,metrica:Home:1,complete_ten_defenders_unavailable
1,2018.04,metrica:Home:10,complete_ten_defenders_unavailable
1,2018.04,metrica:Home:12,attacker_complete_support_unavailable
1,2018.04,metrica:Home:13,attacker_complete_support_unavailable
1,2018.04,metrica:Home:14,attacker_complete_support_unavailable
1,2018.04,metrica:Home:2,attacker_complete_support_unavailable
1,2018.04,metrica:Home:3,complete_ten_defenders_unavailable
1,2018.04,metrica:Home:4,attacker_complete_support_unavailable
1,2018.04,metrica:Home:5,attacker_complete_support_unavailable
1,2018.04,metrica:Home:6,complete_ten_defenders_unavailable
1,2018.04,metrica:Home:7,complete_ten_defenders_unavailable
1,2018.04,metrica:Home:8,complete_ten_defenders_unavailable
1,2018.04,metrica:Home:9,complete_ten_defenders_unavailable
1,2022.04,metrica:Away:15,attacker_complete_support_unavailable
1,2022.04,metrica:Away:16,complete_ten_defenders_unavailable
1,2022.04,metrica:Away:17,complete_ten_defenders_unavailable
1,2022.04,metrica:Away:18,complete_ten_defenders_unavailable
1,2022.04,metrica:Away:19,complete_ten_defenders_unavailable
1,2022.04,metrica:Away:20,complete_ten_defenders_unavailable
1,2022.04,metrica:Away:21,complete_ten_defenders_unavailable
1,2022.04,metrica:Away:22,complete_ten_defenders_unavailable
1,2022.04,metrica:Away:23,complete_ten_defenders_unavailable
1,2022.04,metrica:Away:24,complete_ten_defenders_unavailable
1,2022.04,metrica:Away:26,attacker_complete_support_unavailable
1,2026.04,metrica:Away:15,attacker_complete_support_unavailable
1,2026.04,metrica:Away:16,complete_ten_defenders_unavailable
1,2026.04,metrica:Away:17,complete_ten_defenders_unavailable
1,2026.04,metrica:Away:18,complete_ten_defenders_unavailable
1,2026.04,metrica:Away:19,complete_ten_defenders_unavailable
1,2026.04,metrica:Away:20,complete_ten_defenders_unavailable
1,2026.04,metrica:Away:21,complete_ten_defenders_unavailable
1,2026.04,metrica:Away:22,complete_ten_defenders_unavailable
1,2026.04,metrica:Away:23,complete_ten_defenders_unavailable
1,2026.04,metrica:Away:24,complete_ten_defenders_unavailable
1,2026.04,metrica:Away:26,attacker_complete_support_unavailable
1,2030.04,metrica:Home:1,complete_ten_defenders_unavailable
1,2030.04,metrica:Home:10,complete_ten_defenders_unavailable
1,2030.04,metrica:Home:12,attacker_complete_support_unavailable
1,2030.04,metrica:Home:13,attacker_complete_support_unavailable
1,2030.04,metrica:Home:14,attacker_complete_support_unavailable
1,2030.04,metrica:Home:2,attacker_complete_support_unavailable
1,2030.04,metrica:Home:3,complete_ten_defenders_unavailable
1,2030.04,metrica:Home:4,attacker_complete_support_unavailable
1,2030.04,metrica:Home:5,attacker_complete_support_unavailable
1,2030.04,metrica:Home:6,complete_ten_defenders_unavailable
1,2030.04,metrica:Home:7,complete_ten_defenders_unavailable
1,2030.04,metrica:Home:8,complete_ten_defenders_unavailable
1,2030.04,metrica:Home:9,complete_ten_defenders_unavailable
1,2034.04,metrica:Home:1,complete_ten_defenders_unavailable
1,2034.04,metrica:Home:10,complete_ten_defenders_unavailable
1,2034.04,metrica:Home:12,attacker_complete_support_unavailable
1,2034.04,metrica:Home:13,attacker_complete_support_unavailable
1,2034.04,metrica:Home:14,attacker_complete_support_unavailable
1,2034.04,metrica:Home:2,attacker_complete_support_unavailable
1,2034.04,metrica:Home:3,complete_ten_defenders_unavailable
1,2034.04,metrica:Home:4,attacker_complete_support_unavailable
1,2034.04,metrica:Home:5,attacker_complete_support_unavailable
1,2034.04,metrica:Home:6,complete_ten_defenders_unavailable
1,2034.04,metrica:Home:7,complete_ten_defenders_unavailable
1,2034.04,metrica:Home:8,complete_ten_defenders_unavailable
1,2034.04,metrica:Home:9,complete_ten_defenders_unavailable
1,2038.04,metrica:Home:1,complete_ten_defenders_unavailable
1,2038.04,metrica:Home:10,complete_ten_defenders_unavailable
1,2038.04,metrica:Home:12,attacker_complete_support_unavailable
1,2038.04,metrica:Home:13,attacker_complete_support_unavailable
1,2038.04,metrica:Home:14,attacker_complete_support_unavailable
1,2038.04,metrica:Home:2,attacker_complete_support_unavailable
1,2038.04,metrica:Home:3,complete_ten_defenders_unavailable
1,2038.04,metrica:Home:4,attacker_complete_support_unavailable
1,2038.04,metrica:Home:5,attacker_complete_support_unavailable
1,2038.04,metrica:Home:6,complete_ten_defenders_unavailable
1,2038.04,metrica:Home:7,complete_ten_defenders_unavailable
1,2038.04,metrica:Home:8,complete_ten_defenders_unavailable
1,2038.04,metrica:Home:9,complete_ten_defenders_unavailable
1,2042.04,metrica:Home:1,complete_ten_defenders_unavailable
1,2042.04,metrica:Home:10,complete_ten_defenders_unavailable
1,2042.04,metrica:Home:12,attacker_complete_support_unavailable
1,2042.04,metrica:Home:13,attacker_complete_support_unavailable
1,2042.04,metrica:Home:14,attacker_complete_support_unavailable
1,2042.04,metrica:Home:2,attacker_complete_support_unavailable
1,2042.04,metrica:Home:3,complete_ten_defenders_unavailable
1,2042.04,metrica:Home:4,attacker_complete_support_unavailable
1,2042.04,metrica:Home:5,attacker_complete_support_unavailable
1,2042.04,metrica:Home:6,complete_ten_defenders_unavailable
1,2042.04,metrica:Home:7,complete_ten_defenders_unavailable
1,2042.04,metrica:Home:8,complete_ten_defenders_unavailable
1,2042.04,metrica:Home:9,complete_ten_defenders_unavailable
1,2046.04,metrica:Home:1,complete_ten_defenders_unavailable
1,2046.04,metrica:Home:10,complete_ten_defenders_unavailable
1,2046.04,metrica:Home:12,attacker_complete_support_unavailable
1,2046.04,metrica:Home:13,attacker_complete_support_unavailable
1,2046.04,metrica:Home:14,attacker_complete_support_unavailable
1,2046.04,metrica:Home:2,attacker_complete_support_unavailable
1,2046.04,metrica:Home:3,complete_ten_defenders_unavailable
1,2046.04,metrica:Home:4,attacker_complete_support_unavailable
1,2046.04,metrica:Home:5,attacker_complete_support_unavailable
1,2046.04,metrica:Home:6,complete_ten_defenders_unavailable
1,2046.04,metrica:Home:7,complete_ten_defenders_unavailable
1,2046.04,metrica:Home:8,complete_ten_defenders_unavailable
1,2046.04,metrica:Home:9,complete_ten_defenders_unavailable
1,2050.04,metrica:Home:1,complete_ten_defenders_unavailable
1,2050.04,metrica:Home:10,complete_ten_defenders_unavailable
1,2050.04,metrica:Home:12,attacker_complete_support_unavailable
1,2050.04,metrica:Home:13,attacker_complete_support_unavailable
1,2050.04,metrica:Home:14,attacker_complete_support_unavailable
1,2050.04,metrica:Home:2,attacker_complete_support_unavailable
1,2050.04,metrica:Home:3,complete_ten_defenders_unavailable
1,2050.04,metrica:Home:4,attacker_complete_support_unavailable
1,2050.04,metrica:Home:5,attacker_complete_support_unavailable
1,2050.04,metrica:Home:6,complete_ten_defenders_unavailable
1,2050.04,metrica:Home:7,complete_ten_defenders_unavailable
1,2050.04,metrica:Home:8,complete_ten_defenders_unavailable
1,2050.04,metrica:Home:9,complete_ten_defenders_unavailable
1,2054.04,metrica:Home:1,complete_ten_defenders_unavailable
1,2054.04,metrica:Home:10,complete_ten_defenders_unavailable
1,2054.04,metrica:Home:12,attacker_complete_support_unavailable
1,2054.04,metrica:Home:13,attacker_complete_support_unavailable
1,2054.04,metrica:Home:14,attacker_complete_support_unavailable
1,2054.04,metrica:Home:2,attacker_complete_support_unavailable
1,2054.04,metrica:Home:3,complete_ten_defenders_unavailable
1,2054.04,metrica:Home:4,attacker_complete_support_unavailable
1,2054.04,metrica:Home:5,attacker_complete_support_unavailable
1,2054.04,metrica:Home:6,complete_ten_defenders_unavailable
1,2054.04,metrica:Home:7,complete_ten_defenders_unavailable
1,2054.04,metrica:Home:8,complete_ten_defenders_unavailable
1,2054.04,metrica:Home:9,complete_ten_defenders_unavailable
1,2058.04,metrica:Home:1,complete_ten_defenders_unavailable
1,2058.04,metrica:Home:10,complete_ten_defenders_unavailable
1,2058.04,metrica:Home:12,attacker_complete_support_unavailable
1,2058.04,metrica:Home:13,attacker_complete_support_unavailable
1,2058.04,metrica:Home:14,attacker_complete_support_unavailable
1,2058.04,metrica:Home:2,attacker_complete_support_unavailable
1,2058.04,metrica:Home:3,complete_ten_defenders_unavailable
1,2058.04,metrica:Home:4,attacker_complete_support_unavailable
1,2058.04,metrica:Home:5,attacker_complete_support_unavailable
1,2058.04,metrica:Home:6,complete_ten_defenders_unavailable
1,2058.04,metrica:Home:7,complete_ten_defenders_unavailable
1,2058.04,metrica:Home:8,complete_ten_defenders_unavailable
1,2058.04,metrica:Home:9,complete_ten_defenders_unavailable
1,2062.04,metrica:Away:15,attacker_complete_support_unavailable
1,2062.04,metrica:Away:16,complete_ten_defenders_unavailable
1,2062.04,metrica:Away:17,complete_ten_defenders_unavailable
1,2062.04,metrica:Away:18,complete_ten_defenders_unavailable
1,2062.04,metrica:Away:19,complete_ten_defenders_unavailable
1,2062.04,metrica:Away:20,complete_ten_defenders_unavailable
1,2062.04,metrica:Away:21,complete_ten_defenders_unavailable
1,2062.04,metrica:Away:22,complete_ten_defenders_unavailable
1,2062.04,metrica:Away:23,complete_ten_defenders_unavailable
1,2062.04,metrica:Away:24,complete_ten_defenders_unavailable
1,2062.04,metrica:Away:26,attacker_complete_support_unavailable
1,2066.04,metrica:Away:15,attacker_complete_support_unavailable
1,2066.04,metrica:Away:16,complete_ten_defenders_unavailable
1,2066.04,metrica:Away:17,complete_ten_defenders_unavailable
1,2066.04,metrica:Away:18,complete_ten_defenders_unavailable
1,2066.04,metrica:Away:19,complete_ten_defenders_unavailable
1,2066.04,metrica:Away:20,complete_ten_defenders_unavailable
1,2066.04,metrica:Away:21,complete_ten_defenders_unavailable
1,2066.04,metrica:Away:22,complete_ten_defenders_unavailable
1,2066.04,metrica:Away:23,complete_ten_defenders_unavailable
1,2066.04,metrica:Away:24,complete_ten_defenders_unavailable
1,2066.04,metrica:Away:26,attacker_complete_support_unavailable
1,2070.04,metrica:Away:15,attacker_complete_support_unavailable
1,2070.04,metrica:Away:16,complete_ten_defenders_unavailable
1,2070.04,metrica:Away:17,complete_ten_defenders_unavailable
1,2070.04,metrica:Away:18,complete_ten_defenders_unavailable
1,2070.04,metrica:Away:19,complete_ten_defenders_unavailable
1,2070.04,metrica:Away:20,complete_ten_defenders_unavailable
1,2070.04,metrica:Away:21,complete_ten_defenders_unavailable
1,2070.04,metrica:Away:22,complete_ten_defenders_unavailable
1,2070.04,metrica:Away:23,complete_ten_defenders_unavailable
1,2070.04,metrica:Away:24,complete_ten_defenders_unavailable
1,2070.04,metrica:Away:26,attacker_complete_support_unavailable
1,2074.04,metrica:Away:15,attacker_complete_support_unavailable
1,2074.04,metrica:Away:16,complete_ten_defenders_unavailable
1,2074.04,metrica:Away:17,complete_ten_defenders_unavailable
1,2074.04,metrica:Away:18,complete_ten_defenders_unavailable
1,2074.04,metrica:Away:19,complete_ten_defenders_unavailable
1,2074.04,metrica:Away:20,complete_ten_defenders_unavailable
1,2074.04,metrica:Away:21,complete_ten_defenders_unavailable
1,2074.04,metrica:Away:22,complete_ten_defenders_unavailable
1,2074.04,metrica:Away:23,complete_ten_defenders_unavailable
1,2074.04,metrica:Away:24,complete_ten_defenders_unavailable
1,2074.04,metrica:Away:26,attacker_complete_support_unavailable
1,2078.04,metrica:Away:15,restart_or_ball_out_span
1,2078.04,metrica:Away:16,restart_or_ball_out_span
1,2078.04,metrica:Away:17,restart_or_ball_out_span
1,2078.04,metrica:Away:18,restart_or_ball_out_span
1,2078.04,metrica:Away:19,restart_or_ball_out_span
1,2078.04,metrica:Away:20,restart_or_ball_out_span
1,2078.04,metrica:Away:21,restart_or_ball_out_span
1,2078.04,metrica:Away:22,restart_or_ball_out_span
1,2078.04,metrica:Away:23,restart_or_ball_out_span
1,2078.04,metrica:Away:24,restart_or_ball_out_span
1,2078.04,metrica:Away:26,restart_or_ball_out_span
1,2082.04,metrica:Home:1,complete_ten_defenders_unavailable
1,2082.04,metrica:Home:10,complete_ten_defenders_unavailable
1,2082.04,metrica:Home:12,attacker_complete_support_unavailable
1,2082.04,metrica:Home:13,attacker_complete_support_unavailable
1,2082.04,metrica:Home:14,attacker_complete_support_unavailable
1,2082.04,metrica:Home:2,attacker_complete_support_unavailable
1,2082.04,metrica:Home:3,complete_ten_defenders_unavailable
1,2082.04,metrica:Home:4,attacker_complete_support_unavailable
1,2082.04,metrica:Home:5,attacker_complete_support_unavailable
1,2082.04,metrica:Home:6,complete_ten_defenders_unavailable
1,2082.04,metrica:Home:7,complete_ten_defenders_unavailable
1,2082.04,metrica:Home:8,complete_ten_defenders_unavailable
1,2082.04,metrica:Home:9,complete_ten_defenders_unavailable
1,2086.04,metrica:Home:1,complete_ten_defenders_unavailable
1,2086.04,metrica:Home:10,complete_ten_defenders_unavailable
1,2086.04,metrica:Home:12,attacker_complete_support_unavailable
1,2086.04,metrica:Home:13,attacker_complete_support_unavailable
1,2086.04,metrica:Home:14,attacker_complete_support_unavailable
1,2086.04,metrica:Home:2,attacker_complete_support_unavailable
1,2086.04,metrica:Home:3,complete_ten_defenders_unavailable
1,2086.04,metrica:Home:4,attacker_complete_support_unavailable
1,2086.04,metrica:Home:5,attacker_complete_support_unavailable
1,2086.04,metrica:Home:6,complete_ten_defenders_unavailable
1,2086.04,metrica:Home:7,complete_ten_defenders_unavailable
1,2086.04,metrica:Home:8,complete_ten_defenders_unavailable
1,2086.04,metrica:Home:9,complete_ten_defenders_unavailable
1,2090.04,metrica:Home:1,complete_ten_defenders_unavailable
1,2090.04,metrica:Home:10,complete_ten_defenders_unavailable
1,2090.04,metrica:Home:12,attacker_complete_support_unavailable
1,2090.04,metrica:Home:13,attacker_complete_support_unavailable
1,2090.04,metrica:Home:14,attacker_complete_support_unavailable
1,2090.04,metrica:Home:2,attacker_complete_support_unavailable
1,2090.04,metrica:Home:3,complete_ten_defenders_unavailable
1,2090.04,metrica:Home:4,attacker_complete_support_unavailable
1,2090.04,metrica:Home:5,attacker_complete_support_unavailable
1,2090.04,metrica:Home:6,complete_ten_defenders_unavailable
1,2090.04,metrica:Home:7,complete_ten_defenders_unavailable
1,2090.04,metrica:Home:8,complete_ten_defenders_unavailable
1,2090.04,metrica:Home:9,complete_ten_defenders_unavailable
1,2094.04,metrica:Home:1,complete_ten_defenders_unavailable
1,2094.04,metrica:Home:10,complete_ten_defenders_unavailable
1,2094.04,metrica:Home:12,attacker_complete_support_unavailable
1,2094.04,metrica:Home:13,attacker_complete_support_unavailable
1,2094.04,metrica:Home:14,attacker_complete_support_unavailable
1,2094.04,metrica:Home:2,attacker_complete_support_unavailable
1,2094.04,metrica:Home:3,complete_ten_defenders_unavailable
1,2094.04,metrica:Home:4,attacker_complete_support_unavailable
1,2094.04,metrica:Home:5,attacker_complete_support_unavailable
1,2094.04,metrica:Home:6,complete_ten_defenders_unavailable
1,2094.04,metrica:Home:7,complete_ten_defenders_unavailable
1,2094.04,metrica:Home:8,complete_ten_defenders_unavailable
1,2094.04,metrica:Home:9,complete_ten_defenders_unavailable
1,2098.04,metrica:Home:1,complete_ten_defenders_unavailable
1,2098.04,metrica:Home:10,complete_ten_defenders_unavailable
1,2098.04,metrica:Home:12,attacker_complete_support_unavailable
1,2098.04,metrica:Home:13,attacker_complete_support_unavailable
1,2098.04,metrica:Home:14,attacker_complete_support_unavailable
1,2098.04,metrica:Home:2,attacker_complete_support_unavailable
1,2098.04,metrica:Home:3,complete_ten_defenders_unavailable
1,2098.04,metrica:Home:4,attacker_complete_support_unavailable
1,2098.04,metrica:Home:5,attacker_complete_support_unavailable
1,2098.04,metrica:Home:6,complete_ten_defenders_unavailable
1,2098.04,metrica:Home:7,complete_ten_defenders_unavailable
1,2098.04,metrica:Home:8,complete_ten_defenders_unavailable
1,2098.04,metrica:Home:9,complete_ten_defenders_unavailable
1,2102.04,metrica:Home:1,restart_or_ball_out_span
1,2102.04,metrica:Home:10,restart_or_ball_out_span
1,2102.04,metrica:Home:12,restart_or_ball_out_span
1,2102.04,metrica:Home:13,restart_or_ball_out_span
1,2102.04,metrica:Home:14,restart_or_ball_out_span
1,2102.04,metrica:Home:2,restart_or_ball_out_span
1,2102.04,metrica:Home:3,restart_or_ball_out_span
1,2102.04,metrica:Home:4,restart_or_ball_out_span
1,2102.04,metrica:Home:5,restart_or_ball_out_span
1,2102.04,metrica:Home:6,restart_or_ball_out_span
1,2102.04,metrica:Home:7,restart_or_ball_out_span
1,2102.04,metrica:Home:8,restart_or_ball_out_span
1,2102.04,metrica:Home:9,restart_or_ball_out_span
1,2106.04,metrica:Home:1,complete_ten_defenders_unavailable
1,2106.04,metrica:Home:10,complete_ten_defenders_unavailable
1,2106.04,metrica:Home:12,attacker_complete_support_unavailable
1,2106.04,metrica:Home:13,attacker_complete_support_unavailable
1,2106.04,metrica:Home:14,attacker_complete_support_unavailable
1,2106.04,metrica:Home:2,attacker_complete_support_unavailable
1,2106.04,metrica:Home:3,complete_ten_defenders_unavailable
1,2106.04,metrica:Home:4,attacker_complete_support_unavailable
1,2106.04,metrica:Home:5,attacker_complete_support_unavailable
1,2106.04,metrica:Home:6,complete_ten_defenders_unavailable
1,2106.04,metrica:Home:7,complete_ten_defenders_unavailable
1,2106.04,metrica:Home:8,complete_ten_defenders_unavailable
1,2106.04,metrica:Home:9,complete_ten_defenders_unavailable
1,2110.04,metrica:Away:15,attacker_complete_support_unavailable
1,2110.04,metrica:Away:16,complete_ten_defenders_unavailable
1,2110.04,metrica:Away:17,complete_ten_defenders_unavailable
1,2110.04,metrica:Away:18,complete_ten_defenders_unavailable
1,2110.04,metrica:Away:19,complete_ten_defenders_unavailable
1,2110.04,metrica:Away:20,complete_ten_defenders_unavailable
1,2110.04,metrica:Away:21,complete_ten_defenders_unavailable
1,2110.04,metrica:Away:22,complete_ten_defenders_unavailable
1,2110.04,metrica:Away:23,complete_ten_defenders_unavailable
1,2110.04,metrica:Away:24,complete_ten_defenders_unavailable
1,2110.04,metrica:Away:26,attacker_complete_support_unavailable
1,2114.04,metrica:Away:15,attacker_complete_support_unavailable
1,2114.04,metrica:Away:16,complete_ten_defenders_unavailable
1,2114.04,metrica:Away:17,complete_ten_defenders_unavailable
1,2114.04,metrica:Away:18,complete_ten_defenders_unavailable
1,2114.04,metrica:Away:19,complete_ten_defenders_unavailable
1,2114.04,metrica:Away:20,complete_ten_defenders_unavailable
1,2114.04,metrica:Away:21,complete_ten_defenders_unavailable
1,2114.04,metrica:Away:22,complete_ten_defenders_unavailable
1,2114.04,metrica:Away:23,complete_ten_defenders_unavailable
1,2114.04,metrica:Away:24,complete_ten_defenders_unavailable
1,2114.04,metrica:Away:26,attacker_complete_support_unavailable
1,2118.04,metrica:Away:15,attacker_complete_support_unavailable
1,2118.04,metrica:Away:16,complete_ten_defenders_unavailable
1,2118.04,metrica:Away:17,complete_ten_defenders_unavailable
1,2118.04,metrica:Away:18,complete_ten_defenders_unavailable
1,2118.04,metrica:Away:19,complete_ten_defenders_unavailable
1,2118.04,metrica:Away:20,complete_ten_defenders_unavailable
1,2118.04,metrica:Away:21,complete_ten_defenders_unavailable
1,2118.04,metrica:Away:22,complete_ten_defenders_unavailable
1,2118.04,metrica:Away:23,complete_ten_defenders_unavailable
1,2118.04,metrica:Away:24,complete_ten_defenders_unavailable
1,2118.04,metrica:Away:26,attacker_complete_support_unavailable
1,2122.04,metrica:Away:15,attacker_complete_support_unavailable
1,2122.04,metrica:Away:16,complete_ten_defenders_unavailable
1,2122.04,metrica:Away:17,complete_ten_defenders_unavailable
1,2122.04,metrica:Away:18,complete_ten_defenders_unavailable
1,2122.04,metrica:Away:19,complete_ten_defenders_unavailable
1,2122.04,metrica:Away:20,complete_ten_defenders_unavailable
1,2122.04,metrica:Away:21,complete_ten_defenders_unavailable
1,2122.04,metrica:Away:22,complete_ten_defenders_unavailable
1,2122.04,metrica:Away:23,complete_ten_defenders_unavailable
1,2122.04,metrica:Away:24,complete_ten_defenders_unavailable
1,2122.04,metrica:Away:26,attacker_complete_support_unavailable
1,2126.04,metrica:Away:15,attacker_complete_support_unavailable
1,2126.04,metrica:Away:16,complete_ten_defenders_unavailable
1,2126.04,metrica:Away:17,complete_ten_defenders_unavailable
1,2126.04,metrica:Away:18,complete_ten_defenders_unavailable
1,2126.04,metrica:Away:19,complete_ten_defenders_unavailable
1,2126.04,metrica:Away:20,complete_ten_defenders_unavailable
1,2126.04,metrica:Away:21,complete_ten_defenders_unavailable
1,2126.04,metrica:Away:22,complete_ten_defenders_unavailable
1,2126.04,metrica:Away:23,complete_ten_defenders_unavailable
1,2126.04,metrica:Away:24,complete_ten_defenders_unavailable
1,2126.04,metrica:Away:26,attacker_complete_support_unavailable
1,2130.04,metrica:Away:15,attacker_complete_support_unavailable
1,2130.04,metrica:Away:16,complete_ten_defenders_unavailable
1,2130.04,metrica:Away:17,complete_ten_defenders_unavailable
1,2130.04,metrica:Away:18,complete_ten_defenders_unavailable
1,2130.04,metrica:Away:19,complete_ten_defenders_unavailable
1,2130.04,metrica:Away:20,complete_ten_defenders_unavailable
1,2130.04,metrica:Away:21,complete_ten_defenders_unavailable
1,2130.04,metrica:Away:22,complete_ten_defenders_unavailable
1,2130.04,metrica:Away:23,complete_ten_defenders_unavailable
1,2130.04,metrica:Away:24,complete_ten_defenders_unavailable
1,2130.04,metrica:Away:26,attacker_complete_support_unavailable
1,2134.04,metrica:Away:15,attacker_complete_support_unavailable
1,2134.04,metrica:Away:16,complete_ten_defenders_unavailable
1,2134.04,metrica:Away:17,complete_ten_defenders_unavailable
1,2134.04,metrica:Away:18,complete_ten_defenders_unavailable
1,2134.04,metrica:Away:19,complete_ten_defenders_unavailable
1,2134.04,metrica:Away:20,complete_ten_defenders_unavailable
1,2134.04,metrica:Away:21,complete_ten_defenders_unavailable
1,2134.04,metrica:Away:22,complete_ten_defenders_unavailable
1,2134.04,metrica:Away:23,complete_ten_defenders_unavailable
1,2134.04,metrica:Away:24,complete_ten_defenders_unavailable
1,2134.04,metrica:Away:26,attacker_complete_support_unavailable
1,2138.04,metrica:Away:15,attacker_complete_support_unavailable
1,2138.04,metrica:Away:16,complete_ten_defenders_unavailable
1,2138.04,metrica:Away:17,complete_ten_defenders_unavailable
1,2138.04,metrica:Away:18,complete_ten_defenders_unavailable
1,2138.04,metrica:Away:19,complete_ten_defenders_unavailable
1,2138.04,metrica:Away:20,complete_ten_defenders_unavailable
1,2138.04,metrica:Away:21,complete_ten_defenders_unavailable
1,2138.04,metrica:Away:22,complete_ten_defenders_unavailable
1,2138.04,metrica:Away:23,complete_ten_defenders_unavailable
1,2138.04,metrica:Away:24,complete_ten_defenders_unavailable
1,2138.04,metrica:Away:26,attacker_complete_support_unavailable
1,2142.04,metrica:Away:15,attacker_complete_support_unavailable
1,2142.04,metrica:Away:16,complete_ten_defenders_unavailable
1,2142.04,metrica:Away:17,complete_ten_defenders_unavailable
1,2142.04,metrica:Away:18,complete_ten_defenders_unavailable
1,2142.04,metrica:Away:19,complete_ten_defenders_unavailable
1,2142.04,metrica:Away:20,complete_ten_defenders_unavailable
1,2142.04,metrica:Away:21,complete_ten_defenders_unavailable
1,2142.04,metrica:Away:22,complete_ten_defenders_unavailable
1,2142.04,metrica:Away:23,complete_ten_defenders_unavailable
1,2142.04,metrica:Away:24,complete_ten_defenders_unavailable
1,2142.04,metrica:Away:26,attacker_complete_support_unavailable
1,2146.04,metrica:Away:15,attacker_complete_support_unavailable
1,2146.04,metrica:Away:16,complete_ten_defenders_unavailable
1,2146.04,metrica:Away:17,complete_ten_defenders_unavailable
1,2146.04,metrica:Away:18,complete_ten_defenders_unavailable
1,2146.04,metrica:Away:19,complete_ten_defenders_unavailable
1,2146.04,metrica:Away:20,complete_ten_defenders_unavailable
1,2146.04,metrica:Away:21,complete_ten_defenders_unavailable
1,2146.04,metrica:Away:22,complete_ten_defenders_unavailable
1,2146.04,metrica:Away:23,complete_ten_defenders_unavailable
1,2146.04,metrica:Away:24,complete_ten_defenders_unavailable
1,2146.04,metrica:Away:26,attacker_complete_support_unavailable
1,2150.04,metrica:Away:15,attacker_complete_support_unavailable
1,2150.04,metrica:Away:16,complete_ten_defenders_unavailable
1,2150.04,metrica:Away:17,complete_ten_defenders_unavailable
1,2150.04,metrica:Away:18,complete_ten_defenders_unavailable
1,2150.04,metrica:Away:19,complete_ten_defenders_unavailable
1,2150.04,metrica:Away:20,complete_ten_defenders_unavailable
1,2150.04,metrica:Away:21,complete_ten_defenders_unavailable
1,2150.04,metrica:Away:22,complete_ten_defenders_unavailable
1,2150.04,metrica:Away:23,complete_ten_defenders_unavailable
1,2150.04,metrica:Away:24,complete_ten_defenders_unavailable
1,2150.04,metrica:Away:26,attacker_complete_support_unavailable
1,2154.04,metrica:Away:15,attacker_complete_support_unavailable
1,2154.04,metrica:Away:16,complete_ten_defenders_unavailable
1,2154.04,metrica:Away:17,complete_ten_defenders_unavailable
1,2154.04,metrica:Away:18,complete_ten_defenders_unavailable
1,2154.04,metrica:Away:19,complete_ten_defenders_unavailable
1,2154.04,metrica:Away:20,complete_ten_defenders_unavailable
1,2154.04,metrica:Away:21,complete_ten_defenders_unavailable
1,2154.04,metrica:Away:22,complete_ten_defenders_unavailable
1,2154.04,metrica:Away:23,complete_ten_defenders_unavailable
1,2154.04,metrica:Away:24,complete_ten_defenders_unavailable
1,2154.04,metrica:Away:26,attacker_complete_support_unavailable
1,2158.04,metrica:Away:15,attacker_complete_support_unavailable
1,2158.04,metrica:Away:16,complete_ten_defenders_unavailable
1,2158.04,metrica:Away:17,complete_ten_defenders_unavailable
1,2158.04,metrica:Away:18,complete_ten_defenders_unavailable
1,2158.04,metrica:Away:19,complete_ten_defenders_unavailable
1,2158.04,metrica:Away:20,complete_ten_defenders_unavailable
1,2158.04,metrica:Away:21,complete_ten_defenders_unavailable
1,2158.04,metrica:Away:22,complete_ten_defenders_unavailable
1,2158.04,metrica:Away:23,complete_ten_defenders_unavailable
1,2158.04,metrica:Away:24,complete_ten_defenders_unavailable
1,2158.04,metrica:Away:26,attacker_complete_support_unavailable
1,2162.04,metrica:Away:15,attacker_complete_support_unavailable
1,2162.04,metrica:Away:16,complete_ten_defenders_unavailable
1,2162.04,metrica:Away:17,complete_ten_defenders_unavailable
1,2162.04,metrica:Away:18,complete_ten_defenders_unavailable
1,2162.04,metrica:Away:19,complete_ten_defenders_unavailable
1,2162.04,metrica:Away:20,complete_ten_defenders_unavailable
1,2162.04,metrica:Away:21,complete_ten_defenders_unavailable
1,2162.04,metrica:Away:22,complete_ten_defenders_unavailable
1,2162.04,metrica:Away:23,complete_ten_defenders_unavailable
1,2162.04,metrica:Away:24,complete_ten_defenders_unavailable
1,2162.04,metrica:Away:26,attacker_complete_support_unavailable
1,2166.04,metrica:Away:15,attacker_complete_support_unavailable
1,2166.04,metrica:Away:16,complete_ten_defenders_unavailable
1,2166.04,metrica:Away:17,complete_ten_defenders_unavailable
1,2166.04,metrica:Away:18,complete_ten_defenders_unavailable
1,2166.04,metrica:Away:19,complete_ten_defenders_unavailable
1,2166.04,metrica:Away:20,complete_ten_defenders_unavailable
1,2166.04,metrica:Away:21,complete_ten_defenders_unavailable
1,2166.04,metrica:Away:22,complete_ten_defenders_unavailable
1,2166.04,metrica:Away:23,complete_ten_defenders_unavailable
1,2166.04,metrica:Away:24,complete_ten_defenders_unavailable
1,2166.04,metrica:Away:26,attacker_complete_support_unavailable
1,2170.04,metrica:Away:15,attacker_complete_support_unavailable
1,2170.04,metrica:Away:16,complete_ten_defenders_unavailable
1,2170.04,metrica:Away:17,complete_ten_defenders_unavailable
1,2170.04,metrica:Away:18,complete_ten_defenders_unavailable
1,2170.04,metrica:Away:19,complete_ten_defenders_unavailable
1,2170.04,metrica:Away:20,complete_ten_defenders_unavailable
1,2170.04,metrica:Away:21,complete_ten_defenders_unavailable
1,2170.04,metrica:Away:22,complete_ten_defenders_unavailable
1,2170.04,metrica:Away:23,complete_ten_defenders_unavailable
1,2170.04,metrica:Away:24,complete_ten_defenders_unavailable
1,2170.04,metrica:Away:26,attacker_complete_support_unavailable
1,2174.04,metrica:Away:15,attacker_complete_support_unavailable
1,2174.04,metrica:Away:16,complete_ten_defenders_unavailable
1,2174.04,metrica:Away:17,complete_ten_defenders_unavailable
1,2174.04,metrica:Away:18,complete_ten_defenders_unavailable
1,2174.04,metrica:Away:19,complete_ten_defenders_unavailable
1,2174.04,metrica:Away:20,complete_ten_defenders_unavailable
1,2174.04,metrica:Away:21,complete_ten_defenders_unavailable
1,2174.04,metrica:Away:22,complete_ten_defenders_unavailable
1,2174.04,metrica:Away:23,complete_ten_defenders_unavailable
1,2174.04,metrica:Away:24,complete_ten_defenders_unavailable
1,2174.04,metrica:Away:26,attacker_complete_support_unavailable
1,2178.04,metrica:Away:15,restart_or_ball_out_span
1,2178.04,metrica:Away:16,restart_or_ball_out_span
1,2178.04,metrica:Away:17,restart_or_ball_out_span
1,2178.04,metrica:Away:18,restart_or_ball_out_span
1,2178.04,metrica:Away:19,restart_or_ball_out_span
1,2178.04,metrica:Away:20,restart_or_ball_out_span
1,2178.04,metrica:Away:21,restart_or_ball_out_span
1,2178.04,metrica:Away:22,restart_or_ball_out_span
1,2178.04,metrica:Away:23,restart_or_ball_out_span
1,2178.04,metrica:Away:24,restart_or_ball_out_span
1,2178.04,metrica:Away:26,restart_or_ball_out_span
1,2182.04,metrica:Home:1,complete_ten_defenders_unavailable
1,2182.04,metrica:Home:10,complete_ten_defenders_unavailable
1,2182.04,metrica:Home:12,attacker_complete_support_unavailable
1,2182.04,metrica:Home:13,attacker_complete_support_unavailable
1,2182.04,metrica:Home:14,attacker_complete_support_unavailable
1,2182.04,metrica:Home:2,complete_ten_defenders_unavailable
1,2182.04,metrica:Home:3,complete_ten_defenders_unavailable
1,2182.04,metrica:Home:4,attacker_complete_support_unavailable
1,2182.04,metrica:Home:5,complete_ten_defenders_unavailable
1,2182.04,metrica:Home:6,complete_ten_defenders_unavailable
1,2182.04,metrica:Home:7,complete_ten_defenders_unavailable
1,2182.04,metrica:Home:8,complete_ten_defenders_unavailable
1,2182.04,metrica:Home:9,complete_ten_defenders_unavailable
1,2186.04,metrica:Home:1,complete_ten_defenders_unavailable
1,2186.04,metrica:Home:10,complete_ten_defenders_unavailable
1,2186.04,metrica:Home:12,attacker_complete_support_unavailable
1,2186.04,metrica:Home:13,attacker_complete_support_unavailable
1,2186.04,metrica:Home:14,attacker_complete_support_unavailable
1,2186.04,metrica:Home:2,complete_ten_defenders_unavailable
1,2186.04,metrica:Home:3,complete_ten_defenders_unavailable
1,2186.04,metrica:Home:4,attacker_complete_support_unavailable
1,2186.04,metrica:Home:5,complete_ten_defenders_unavailable
1,2186.04,metrica:Home:6,complete_ten_defenders_unavailable
1,2186.04,metrica:Home:7,complete_ten_defenders_unavailable
1,2186.04,metrica:Home:8,complete_ten_defenders_unavailable
1,2186.04,metrica:Home:9,complete_ten_defenders_unavailable
1,2190.04,metrica:Home:1,complete_ten_defenders_unavailable
1,2190.04,metrica:Home:10,complete_ten_defenders_unavailable
1,2190.04,metrica:Home:12,attacker_complete_support_unavailable
1,2190.04,metrica:Home:13,attacker_complete_support_unavailable
1,2190.04,metrica:Home:14,attacker_complete_support_unavailable
1,2190.04,metrica:Home:2,complete_ten_defenders_unavailable
1,2190.04,metrica:Home:3,complete_ten_defenders_unavailable
1,2190.04,metrica:Home:4,attacker_complete_support_unavailable
1,2190.04,metrica:Home:5,complete_ten_defenders_unavailable
1,2190.04,metrica:Home:6,complete_ten_defenders_unavailable
1,2190.04,metrica:Home:7,complete_ten_defenders_unavailable
1,2190.04,metrica:Home:8,complete_ten_defenders_unavailable
1,2190.04,metrica:Home:9,complete_ten_defenders_unavailable
1,2194.04,metrica:Home:1,complete_ten_defenders_unavailable
1,2194.04,metrica:Home:10,complete_ten_defenders_unavailable
1,2194.04,metrica:Home:12,attacker_complete_support_unavailable
1,2194.04,metrica:Home:13,attacker_complete_support_unavailable
1,2194.04,metrica:Home:14,attacker_complete_support_unavailable
1,2194.04,metrica:Home:2,complete_ten_defenders_unavailable
1,2194.04,metrica:Home:3,complete_ten_defenders_unavailable
1,2194.04,metrica:Home:4,attacker_complete_support_unavailable
1,2194.04,metrica:Home:5,complete_ten_defenders_unavailable
1,2194.04,metrica:Home:6,complete_ten_defenders_unavailable
1,2194.04,metrica:Home:7,complete_ten_defenders_unavailable
1,2194.04,metrica:Home:8,complete_ten_defenders_unavailable
1,2194.04,metrica:Home:9,complete_ten_defenders_unavailable
1,2198.04,metrica:Away:15,attacker_complete_support_unavailable
1,2198.04,metrica:Away:16,complete_ten_defenders_unavailable
1,2198.04,metrica:Away:17,complete_ten_defenders_unavailable
1,2198.04,metrica:Away:18,complete_ten_defenders_unavailable
1,2198.04,metrica:Away:19,complete_ten_defenders_unavailable
1,2198.04,metrica:Away:20,complete_ten_defenders_unavailable
1,2198.04,metrica:Away:21,complete_ten_defenders_unavailable
1,2198.04,metrica:Away:22,complete_ten_defenders_unavailable
1,2198.04,metrica:Away:23,complete_ten_defenders_unavailable
1,2198.04,metrica:Away:24,complete_ten_defenders_unavailable
1,2198.04,metrica:Away:26,attacker_complete_support_unavailable
1,2202.04,metrica:Home:1,complete_ten_defenders_unavailable
1,2202.04,metrica:Home:10,complete_ten_defenders_unavailable
1,2202.04,metrica:Home:12,attacker_complete_support_unavailable
1,2202.04,metrica:Home:13,attacker_complete_support_unavailable
1,2202.04,metrica:Home:14,attacker_complete_support_unavailable
1,2202.04,metrica:Home:2,complete_ten_defenders_unavailable
1,2202.04,metrica:Home:3,complete_ten_defenders_unavailable
1,2202.04,metrica:Home:4,attacker_complete_support_unavailable
1,2202.04,metrica:Home:5,complete_ten_defenders_unavailable
1,2202.04,metrica:Home:6,complete_ten_defenders_unavailable
1,2202.04,metrica:Home:7,complete_ten_defenders_unavailable
1,2202.04,metrica:Home:8,complete_ten_defenders_unavailable
1,2202.04,metrica:Home:9,complete_ten_defenders_unavailable
1,2206.04,metrica:Home:1,complete_ten_defenders_unavailable
1,2206.04,metrica:Home:10,complete_ten_defenders_unavailable
1,2206.04,metrica:Home:12,attacker_complete_support_unavailable
1,2206.04,metrica:Home:13,attacker_complete_support_unavailable
1,2206.04,metrica:Home:14,attacker_complete_support_unavailable
1,2206.04,metrica:Home:2,complete_ten_defenders_unavailable
1,2206.04,metrica:Home:3,complete_ten_defenders_unavailable
1,2206.04,metrica:Home:4,attacker_complete_support_unavailable
1,2206.04,metrica:Home:5,complete_ten_defenders_unavailable
1,2206.04,metrica:Home:6,complete_ten_defenders_unavailable
1,2206.04,metrica:Home:7,complete_ten_defenders_unavailable
1,2206.04,metrica:Home:8,complete_ten_defenders_unavailable
1,2206.04,metrica:Home:9,complete_ten_defenders_unavailable
1,2210.04,metrica:Home:1,complete_ten_defenders_unavailable
1,2210.04,metrica:Home:10,complete_ten_defenders_unavailable
1,2210.04,metrica:Home:12,attacker_complete_support_unavailable
1,2210.04,metrica:Home:13,attacker_complete_support_unavailable
1,2210.04,metrica:Home:14,attacker_complete_support_unavailable
1,2210.04,metrica:Home:2,complete_ten_defenders_unavailable
1,2210.04,metrica:Home:3,complete_ten_defenders_unavailable
1,2210.04,metrica:Home:4,attacker_complete_support_unavailable
1,2210.04,metrica:Home:5,complete_ten_defenders_unavailable
1,2210.04,metrica:Home:6,complete_ten_defenders_unavailable
1,2210.04,metrica:Home:7,complete_ten_defenders_unavailable
1,2210.04,metrica:Home:8,complete_ten_defenders_unavailable
1,2210.04,metrica:Home:9,complete_ten_defenders_unavailable
1,2214.04,metrica:Home:1,complete_ten_defenders_unavailable
1,2214.04,metrica:Home:10,complete_ten_defenders_unavailable
1,2214.04,metrica:Home:12,attacker_complete_support_unavailable
1,2214.04,metrica:Home:13,attacker_complete_support_unavailable
1,2214.04,metrica:Home:14,attacker_complete_support_unavailable
1,2214.04,metrica:Home:2,complete_ten_defenders_unavailable
1,2214.04,metrica:Home:3,complete_ten_defenders_unavailable
1,2214.04,metrica:Home:4,attacker_complete_support_unavailable
1,2214.04,metrica:Home:5,complete_ten_defenders_unavailable
1,2214.04,metrica:Home:6,complete_ten_defenders_unavailable
1,2214.04,metrica:Home:7,complete_ten_defenders_unavailable
1,2214.04,metrica:Home:8,complete_ten_defenders_unavailable
1,2214.04,metrica:Home:9,complete_ten_defenders_unavailable
1,2218.04,metrica:Home:1,complete_ten_defenders_unavailable
1,2218.04,metrica:Home:10,complete_ten_defenders_unavailable
1,2218.04,metrica:Home:12,attacker_complete_support_unavailable
1,2218.04,metrica:Home:13,attacker_complete_support_unavailable
1,2218.04,metrica:Home:14,attacker_complete_support_unavailable
1,2218.04,metrica:Home:2,complete_ten_defenders_unavailable
1,2218.04,metrica:Home:3,complete_ten_defenders_unavailable
1,2218.04,metrica:Home:4,attacker_complete_support_unavailable
1,2218.04,metrica:Home:5,complete_ten_defenders_unavailable
1,2218.04,metrica:Home:6,complete_ten_defenders_unavailable
1,2218.04,metrica:Home:7,complete_ten_defenders_unavailable
1,2218.04,metrica:Home:8,complete_ten_defenders_unavailable
1,2218.04,metrica:Home:9,complete_ten_defenders_unavailable
1,2222.04,metrica:Home:1,complete_ten_defenders_unavailable
1,2222.04,metrica:Home:10,complete_ten_defenders_unavailable
1,2222.04,metrica:Home:12,attacker_complete_support_unavailable
1,2222.04,metrica:Home:13,attacker_complete_support_unavailable
1,2222.04,metrica:Home:14,attacker_complete_support_unavailable
1,2222.04,metrica:Home:2,complete_ten_defenders_unavailable
1,2222.04,metrica:Home:3,complete_ten_defenders_unavailable
1,2222.04,metrica:Home:4,attacker_complete_support_unavailable
1,2222.04,metrica:Home:5,complete_ten_defenders_unavailable
1,2222.04,metrica:Home:6,complete_ten_defenders_unavailable
1,2222.04,metrica:Home:7,complete_ten_defenders_unavailable
1,2222.04,metrica:Home:8,complete_ten_defenders_unavailable
1,2222.04,metrica:Home:9,complete_ten_defenders_unavailable
1,2226.04,metrica:Home:1,complete_ten_defenders_unavailable
1,2226.04,metrica:Home:10,complete_ten_defenders_unavailable
1,2226.04,metrica:Home:12,attacker_complete_support_unavailable
1,2226.04,metrica:Home:13,attacker_complete_support_unavailable
1,2226.04,metrica:Home:14,attacker_complete_support_unavailable
1,2226.04,metrica:Home:2,complete_ten_defenders_unavailable
1,2226.04,metrica:Home:3,complete_ten_defenders_unavailable
1,2226.04,metrica:Home:4,attacker_complete_support_unavailable
1,2226.04,metrica:Home:5,complete_ten_defenders_unavailable
1,2226.04,metrica:Home:6,complete_ten_defenders_unavailable
1,2226.04,metrica:Home:7,complete_ten_defenders_unavailable
1,2226.04,metrica:Home:8,complete_ten_defenders_unavailable
1,2226.04,metrica:Home:9,complete_ten_defenders_unavailable
1,2230.04,metrica:Home:1,complete_ten_defenders_unavailable
1,2230.04,metrica:Home:10,complete_ten_defenders_unavailable
1,2230.04,metrica:Home:12,attacker_complete_support_unavailable
1,2230.04,metrica:Home:13,attacker_complete_support_unavailable
1,2230.04,metrica:Home:14,attacker_complete_support_unavailable
1,2230.04,metrica:Home:2,complete_ten_defenders_unavailable
1,2230.04,metrica:Home:3,complete_ten_defenders_unavailable
1,2230.04,metrica:Home:4,attacker_complete_support_unavailable
1,2230.04,metrica:Home:5,complete_ten_defenders_unavailable
1,2230.04,metrica:Home:6,complete_ten_defenders_unavailable
1,2230.04,metrica:Home:7,complete_ten_defenders_unavailable
1,2230.04,metrica:Home:8,complete_ten_defenders_unavailable
1,2230.04,metrica:Home:9,complete_ten_defenders_unavailable
1,2234.04,metrica:Home:1,complete_ten_defenders_unavailable
1,2234.04,metrica:Home:10,complete_ten_defenders_unavailable
1,2234.04,metrica:Home:12,attacker_complete_support_unavailable
1,2234.04,metrica:Home:13,attacker_complete_support_unavailable
1,2234.04,metrica:Home:14,attacker_complete_support_unavailable
1,2234.04,metrica:Home:2,complete_ten_defenders_unavailable
1,2234.04,metrica:Home:3,complete_ten_defenders_unavailable
1,2234.04,metrica:Home:4,attacker_complete_support_unavailable
1,2234.04,metrica:Home:5,complete_ten_defenders_unavailable
1,2234.04,metrica:Home:6,complete_ten_defenders_unavailable
1,2234.04,metrica:Home:7,complete_ten_defenders_unavailable
1,2234.04,metrica:Home:8,complete_ten_defenders_unavailable
1,2234.04,metrica:Home:9,complete_ten_defenders_unavailable
1,2238.04,metrica:Home:1,complete_ten_defenders_unavailable
1,2238.04,metrica:Home:10,complete_ten_defenders_unavailable
1,2238.04,metrica:Home:12,attacker_complete_support_unavailable
1,2238.04,metrica:Home:13,attacker_complete_support_unavailable
1,2238.04,metrica:Home:14,attacker_complete_support_unavailable
1,2238.04,metrica:Home:2,complete_ten_defenders_unavailable
1,2238.04,metrica:Home:3,complete_ten_defenders_unavailable
1,2238.04,metrica:Home:4,attacker_complete_support_unavailable
1,2238.04,metrica:Home:5,complete_ten_defenders_unavailable
1,2238.04,metrica:Home:6,complete_ten_defenders_unavailable
1,2238.04,metrica:Home:7,complete_ten_defenders_unavailable
1,2238.04,metrica:Home:8,complete_ten_defenders_unavailable
1,2238.04,metrica:Home:9,complete_ten_defenders_unavailable
1,2242.04,metrica:Home:1,complete_ten_defenders_unavailable
1,2242.04,metrica:Home:10,complete_ten_defenders_unavailable
1,2242.04,metrica:Home:12,attacker_complete_support_unavailable
1,2242.04,metrica:Home:13,attacker_complete_support_unavailable
1,2242.04,metrica:Home:14,attacker_complete_support_unavailable
1,2242.04,metrica:Home:2,complete_ten_defenders_unavailable
1,2242.04,metrica:Home:3,complete_ten_defenders_unavailable
1,2242.04,metrica:Home:4,attacker_complete_support_unavailable
1,2242.04,metrica:Home:5,complete_ten_defenders_unavailable
1,2242.04,metrica:Home:6,complete_ten_defenders_unavailable
1,2242.04,metrica:Home:7,complete_ten_defenders_unavailable
1,2242.04,metrica:Home:8,complete_ten_defenders_unavailable
1,2242.04,metrica:Home:9,complete_ten_defenders_unavailable
1,2246.04,metrica:Away:15,attacker_complete_support_unavailable
1,2246.04,metrica:Away:16,attacker_complete_support_unavailable
1,2246.04,metrica:Away:17,attacker_complete_support_unavailable
1,2246.04,metrica:Away:18,complete_ten_defenders_unavailable
1,2246.04,metrica:Away:19,complete_ten_defenders_unavailable
1,2246.04,metrica:Away:20,complete_ten_defenders_unavailable
1,2246.04,metrica:Away:21,complete_ten_defenders_unavailable
1,2246.04,metrica:Away:22,complete_ten_defenders_unavailable
1,2246.04,metrica:Away:23,complete_ten_defenders_unavailable
1,2246.04,metrica:Away:24,complete_ten_defenders_unavailable
1,2246.04,metrica:Away:26,attacker_complete_support_unavailable
1,2250.04,metrica:Away:15,attacker_complete_support_unavailable
1,2250.04,metrica:Away:16,attacker_complete_support_unavailable
1,2250.04,metrica:Away:17,attacker_complete_support_unavailable
1,2250.04,metrica:Away:18,complete_ten_defenders_unavailable
1,2250.04,metrica:Away:19,complete_ten_defenders_unavailable
1,2250.04,metrica:Away:20,complete_ten_defenders_unavailable
1,2250.04,metrica:Away:21,complete_ten_defenders_unavailable
1,2250.04,metrica:Away:22,complete_ten_defenders_unavailable
1,2250.04,metrica:Away:23,complete_ten_defenders_unavailable
1,2250.04,metrica:Away:24,complete_ten_defenders_unavailable
1,2250.04,metrica:Away:26,attacker_complete_support_unavailable
1,2254.04,metrica:Away:15,attacker_complete_support_unavailable
1,2254.04,metrica:Away:16,complete_ten_defenders_unavailable
1,2254.04,metrica:Away:17,complete_ten_defenders_unavailable
1,2254.04,metrica:Away:18,complete_ten_defenders_unavailable
1,2254.04,metrica:Away:19,complete_ten_defenders_unavailable
1,2254.04,metrica:Away:20,complete_ten_defenders_unavailable
1,2254.04,metrica:Away:21,complete_ten_defenders_unavailable
1,2254.04,metrica:Away:22,complete_ten_defenders_unavailable
1,2254.04,metrica:Away:23,complete_ten_defenders_unavailable
1,2254.04,metrica:Away:24,complete_ten_defenders_unavailable
1,2254.04,metrica:Away:26,attacker_complete_support_unavailable
1,2258.04,metrica:Away:15,attacker_complete_support_unavailable
1,2258.04,metrica:Away:16,complete_ten_defenders_unavailable
1,2258.04,metrica:Away:17,complete_ten_defenders_unavailable
1,2258.04,metrica:Away:18,complete_ten_defenders_unavailable
1,2258.04,metrica:Away:19,complete_ten_defenders_unavailable
1,2258.04,metrica:Away:20,complete_ten_defenders_unavailable
1,2258.04,metrica:Away:21,complete_ten_defenders_unavailable
1,2258.04,metrica:Away:22,complete_ten_defenders_unavailable
1,2258.04,metrica:Away:23,complete_ten_defenders_unavailable
1,2258.04,metrica:Away:24,complete_ten_defenders_unavailable
1,2258.04,metrica:Away:26,attacker_complete_support_unavailable
1,2262.04,metrica:Away:15,attacker_complete_support_unavailable
1,2262.04,metrica:Away:16,complete_ten_defenders_unavailable
1,2262.04,metrica:Away:17,complete_ten_defenders_unavailable
1,2262.04,metrica:Away:18,complete_ten_defenders_unavailable
1,2262.04,metrica:Away:19,complete_ten_defenders_unavailable
1,2262.04,metrica:Away:20,complete_ten_defenders_unavailable
1,2262.04,metrica:Away:21,complete_ten_defenders_unavailable
1,2262.04,metrica:Away:22,complete_ten_defenders_unavailable
1,2262.04,metrica:Away:23,complete_ten_defenders_unavailable
1,2262.04,metrica:Away:24,complete_ten_defenders_unavailable
1,2262.04,metrica:Away:26,attacker_complete_support_unavailable
1,2266.04,metrica:Away:15,attacker_complete_support_unavailable
1,2266.04,metrica:Away:16,complete_ten_defenders_unavailable
1,2266.04,metrica:Away:17,complete_ten_defenders_unavailable
1,2266.04,metrica:Away:18,complete_ten_defenders_unavailable
1,2266.04,metrica:Away:19,complete_ten_defenders_unavailable
1,2266.04,metrica:Away:20,complete_ten_defenders_unavailable
1,2266.04,metrica:Away:21,complete_ten_defenders_unavailable
1,2266.04,metrica:Away:22,complete_ten_defenders_unavailable
1,2266.04,metrica:Away:23,complete_ten_defenders_unavailable
1,2266.04,metrica:Away:24,complete_ten_defenders_unavailable
1,2266.04,metrica:Away:26,attacker_complete_support_unavailable
1,2270.04,metrica:Away:15,attacker_complete_support_unavailable
1,2270.04,metrica:Away:16,complete_ten_defenders_unavailable
1,2270.04,metrica:Away:17,complete_ten_defenders_unavailable
1,2270.04,metrica:Away:18,complete_ten_defenders_unavailable
1,2270.04,metrica:Away:19,complete_ten_defenders_unavailable
1,2270.04,metrica:Away:20,complete_ten_defenders_unavailable
1,2270.04,metrica:Away:21,complete_ten_defenders_unavailable
1,2270.04,metrica:Away:22,complete_ten_defenders_unavailable
1,2270.04,metrica:Away:23,complete_ten_defenders_unavailable
1,2270.04,metrica:Away:24,complete_ten_defenders_unavailable
1,2270.04,metrica:Away:26,attacker_complete_support_unavailable
1,2274.04,metrica:Away:15,attacker_complete_support_unavailable
1,2274.04,metrica:Away:16,complete_ten_defenders_unavailable
1,2274.04,metrica:Away:17,complete_ten_defenders_unavailable
1,2274.04,metrica:Away:18,complete_ten_defenders_unavailable
1,2274.04,metrica:Away:19,complete_ten_defenders_unavailable
1,2274.04,metrica:Away:20,complete_ten_defenders_unavailable
1,2274.04,metrica:Away:21,complete_ten_defenders_unavailable
1,2274.04,metrica:Away:22,complete_ten_defenders_unavailable
1,2274.04,metrica:Away:23,complete_ten_defenders_unavailable
1,2274.04,metrica:Away:24,complete_ten_defenders_unavailable
1,2274.04,metrica:Away:26,attacker_complete_support_unavailable
1,2278.04,metrica:Away:15,restart_or_ball_out_span
1,2278.04,metrica:Away:16,restart_or_ball_out_span
1,2278.04,metrica:Away:17,restart_or_ball_out_span
1,2278.04,metrica:Away:18,restart_or_ball_out_span
1,2278.04,metrica:Away:19,restart_or_ball_out_span
1,2278.04,metrica:Away:20,restart_or_ball_out_span
1,2278.04,metrica:Away:21,restart_or_ball_out_span
1,2278.04,metrica:Away:22,restart_or_ball_out_span
1,2278.04,metrica:Away:23,restart_or_ball_out_span
1,2278.04,metrica:Away:24,restart_or_ball_out_span
1,2278.04,metrica:Away:26,restart_or_ball_out_span
1,2282.04,metrica:Away:15,attacker_complete_support_unavailable
1,2282.04,metrica:Away:16,complete_ten_defenders_unavailable
1,2282.04,metrica:Away:17,complete_ten_defenders_unavailable
1,2282.04,metrica:Away:18,complete_ten_defenders_unavailable
1,2282.04,metrica:Away:19,complete_ten_defenders_unavailable
1,2282.04,metrica:Away:20,complete_ten_defenders_unavailable
1,2282.04,metrica:Away:21,complete_ten_defenders_unavailable
1,2282.04,metrica:Away:22,complete_ten_defenders_unavailable
1,2282.04,metrica:Away:23,complete_ten_defenders_unavailable
1,2282.04,metrica:Away:24,complete_ten_defenders_unavailable
1,2282.04,metrica:Away:26,attacker_complete_support_unavailable
1,2286.04,metrica:Away:15,attacker_complete_support_unavailable
1,2286.04,metrica:Away:16,complete_ten_defenders_unavailable
1,2286.04,metrica:Away:17,complete_ten_defenders_unavailable
1,2286.04,metrica:Away:18,complete_ten_defenders_unavailable
1,2286.04,metrica:Away:19,complete_ten_defenders_unavailable
1,2286.04,metrica:Away:20,complete_ten_defenders_unavailable
1,2286.04,metrica:Away:21,complete_ten_defenders_unavailable
1,2286.04,metrica:Away:22,complete_ten_defenders_unavailable
1,2286.04,metrica:Away:23,complete_ten_defenders_unavailable
1,2286.04,metrica:Away:24,complete_ten_defenders_unavailable
1,2286.04,metrica:Away:26,attacker_complete_support_unavailable
1,2290.04,metrica:Away:15,attacker_complete_support_unavailable
1,2290.04,metrica:Away:16,complete_ten_defenders_unavailable
1,2290.04,metrica:Away:17,complete_ten_defenders_unavailable
1,2290.04,metrica:Away:18,complete_ten_defenders_unavailable
1,2290.04,metrica:Away:19,complete_ten_defenders_unavailable
1,2290.04,metrica:Away:20,complete_ten_defenders_unavailable
1,2290.04,metrica:Away:21,complete_ten_defenders_unavailable
1,2290.04,metrica:Away:22,complete_ten_defenders_unavailable
1,2290.04,metrica:Away:23,complete_ten_defenders_unavailable
1,2290.04,metrica:Away:24,complete_ten_defenders_unavailable
1,2290.04,metrica:Away:26,attacker_complete_support_unavailable
1,2294.04,metrica:Away:15,restart_or_ball_out_span
1,2294.04,metrica:Away:16,restart_or_ball_out_span
1,2294.04,metrica:Away:17,restart_or_ball_out_span
1,2294.04,metrica:Away:18,restart_or_ball_out_span
1,2294.04,metrica:Away:19,restart_or_ball_out_span
1,2294.04,metrica:Away:20,restart_or_ball_out_span
1,2294.04,metrica:Away:21,restart_or_ball_out_span
1,2294.04,metrica:Away:22,restart_or_ball_out_span
1,2294.04,metrica:Away:23,restart_or_ball_out_span
1,2294.04,metrica:Away:24,restart_or_ball_out_span
1,2294.04,metrica:Away:26,restart_or_ball_out_span
1,2298.04,metrica:Away:15,attacker_complete_support_unavailable
1,2298.04,metrica:Away:16,complete_ten_defenders_unavailable
1,2298.04,metrica:Away:17,complete_ten_defenders_unavailable
1,2298.04,metrica:Away:18,complete_ten_defenders_unavailable
1,2298.04,metrica:Away:19,complete_ten_defenders_unavailable
1,2298.04,metrica:Away:20,complete_ten_defenders_unavailable
1,2298.04,metrica:Away:21,complete_ten_defenders_unavailable
1,2298.04,metrica:Away:22,complete_ten_defenders_unavailable
1,2298.04,metrica:Away:23,complete_ten_defenders_unavailable
1,2298.04,metrica:Away:24,complete_ten_defenders_unavailable
1,2298.04,metrica:Away:26,attacker_complete_support_unavailable
1,2302.04,metrica:Away:15,attacker_complete_support_unavailable
1,2302.04,metrica:Away:16,complete_ten_defenders_unavailable
1,2302.04,metrica:Away:17,complete_ten_defenders_unavailable
1,2302.04,metrica:Away:18,complete_ten_defenders_unavailable
1,2302.04,metrica:Away:19,complete_ten_defenders_unavailable
1,2302.04,metrica:Away:20,complete_ten_defenders_unavailable
1,2302.04,metrica:Away:21,complete_ten_defenders_unavailable
1,2302.04,metrica:Away:22,complete_ten_defenders_unavailable
1,2302.04,metrica:Away:23,complete_ten_defenders_unavailable
1,2302.04,metrica:Away:24,complete_ten_defenders_unavailable
1,2302.04,metrica:Away:26,attacker_complete_support_unavailable
1,2306.04,metrica:Away:15,attacker_complete_support_unavailable
1,2306.04,metrica:Away:16,complete_ten_defenders_unavailable
1,2306.04,metrica:Away:17,complete_ten_defenders_unavailable
1,2306.04,metrica:Away:18,complete_ten_defenders_unavailable
1,2306.04,metrica:Away:19,complete_ten_defenders_unavailable
1,2306.04,metrica:Away:20,complete_ten_defenders_unavailable
1,2306.04,metrica:Away:21,complete_ten_defenders_unavailable
1,2306.04,metrica:Away:22,complete_ten_defenders_unavailable
1,2306.04,metrica:Away:23,complete_ten_defenders_unavailable
1,2306.04,metrica:Away:24,complete_ten_defenders_unavailable
1,2306.04,metrica:Away:26,attacker_complete_support_unavailable
1,2310.04,metrica:Away:15,attacker_complete_support_unavailable
1,2310.04,metrica:Away:16,complete_ten_defenders_unavailable
1,2310.04,metrica:Away:17,complete_ten_defenders_unavailable
1,2310.04,metrica:Away:18,complete_ten_defenders_unavailable
1,2310.04,metrica:Away:19,complete_ten_defenders_unavailable
1,2310.04,metrica:Away:20,complete_ten_defenders_unavailable
1,2310.04,metrica:Away:21,complete_ten_defenders_unavailable
1,2310.04,metrica:Away:22,complete_ten_defenders_unavailable
1,2310.04,metrica:Away:23,complete_ten_defenders_unavailable
1,2310.04,metrica:Away:24,complete_ten_defenders_unavailable
1,2310.04,metrica:Away:26,attacker_complete_support_unavailable
1,2314.04,metrica:Away:15,attacker_complete_support_unavailable
1,2314.04,metrica:Away:16,complete_ten_defenders_unavailable
1,2314.04,metrica:Away:17,complete_ten_defenders_unavailable
1,2314.04,metrica:Away:18,complete_ten_defenders_unavailable
1,2314.04,metrica:Away:19,complete_ten_defenders_unavailable
1,2314.04,metrica:Away:20,complete_ten_defenders_unavailable
1,2314.04,metrica:Away:21,complete_ten_defenders_unavailable
1,2314.04,metrica:Away:22,complete_ten_defenders_unavailable
1,2314.04,metrica:Away:23,complete_ten_defenders_unavailable
1,2314.04,metrica:Away:24,complete_ten_defenders_unavailable
1,2314.04,metrica:Away:26,attacker_complete_support_unavailable
1,2318.04,metrica:Home:1,restart_or_ball_out_span
1,2318.04,metrica:Home:10,restart_or_ball_out_span
1,2318.04,metrica:Home:12,restart_or_ball_out_span
1,2318.04,metrica:Home:13,restart_or_ball_out_span
1,2318.04,metrica:Home:14,restart_or_ball_out_span
1,2318.04,metrica:Home:2,restart_or_ball_out_span
1,2318.04,metrica:Home:3,restart_or_ball_out_span
1,2318.04,metrica:Home:4,restart_or_ball_out_span
1,2318.04,metrica:Home:5,restart_or_ball_out_span
1,2318.04,metrica:Home:6,restart_or_ball_out_span
1,2318.04,metrica:Home:7,restart_or_ball_out_span
1,2318.04,metrica:Home:8,restart_or_ball_out_span
1,2318.04,metrica:Home:9,restart_or_ball_out_span
1,2322.04,metrica:Away:15,attacker_complete_support_unavailable
1,2322.04,metrica:Away:16,complete_ten_defenders_unavailable
1,2322.04,metrica:Away:17,complete_ten_defenders_unavailable
1,2322.04,metrica:Away:18,complete_ten_defenders_unavailable
1,2322.04,metrica:Away:19,complete_ten_defenders_unavailable
1,2322.04,metrica:Away:20,complete_ten_defenders_unavailable
1,2322.04,metrica:Away:21,complete_ten_defenders_unavailable
1,2322.04,metrica:Away:22,complete_ten_defenders_unavailable
1,2322.04,metrica:Away:23,complete_ten_defenders_unavailable
1,2322.04,metrica:Away:24,complete_ten_defenders_unavailable
1,2322.04,metrica:Away:26,attacker_complete_support_unavailable
1,2326.04,metrica:Away:15,complete_ten_defenders_unavailable
1,2326.04,metrica:Away:16,complete_ten_defenders_unavailable
1,2326.04,metrica:Away:17,complete_ten_defenders_unavailable
1,2326.04,metrica:Away:18,complete_ten_defenders_unavailable
1,2326.04,metrica:Away:19,complete_ten_defenders_unavailable
1,2326.04,metrica:Away:20,complete_ten_defenders_unavailable
1,2326.04,metrica:Away:21,complete_ten_defenders_unavailable
1,2326.04,metrica:Away:22,complete_ten_defenders_unavailable
1,2326.04,metrica:Away:23,complete_ten_defenders_unavailable
1,2326.04,metrica:Away:24,complete_ten_defenders_unavailable
1,2326.04,metrica:Away:26,attacker_complete_support_unavailable
1,2330.04,metrica:Away:15,restart_or_ball_out_span
1,2330.04,metrica:Away:16,restart_or_ball_out_span
1,2330.04,metrica:Away:17,restart_or_ball_out_span
1,2330.04,metrica:Away:18,restart_or_ball_out_span
1,2330.04,metrica:Away:19,restart_or_ball_out_span
1,2330.04,metrica:Away:20,restart_or_ball_out_span
1,2330.04,metrica:Away:21,restart_or_ball_out_span
1,2330.04,metrica:Away:22,restart_or_ball_out_span
1,2330.04,metrica:Away:23,restart_or_ball_out_span
1,2330.04,metrica:Away:24,restart_or_ball_out_span
1,2330.04,metrica:Away:26,restart_or_ball_out_span
1,2334.04,metrica:Home:12,attacker_complete_support_unavailable
1,2334.04,metrica:Home:13,attacker_complete_support_unavailable
1,2334.04,metrica:Home:14,attacker_complete_support_unavailable
1,2334.04,metrica:Home:4,attacker_complete_support_unavailable
1,2338.04,metrica:Home:12,attacker_complete_support_unavailable
1,2338.04,metrica:Home:13,attacker_complete_support_unavailable
1,2338.04,metrica:Home:14,attacker_complete_support_unavailable
1,2338.04,metrica:Home:4,attacker_complete_support_unavailable
1,2342.04,metrica:Home:12,attacker_complete_support_unavailable
1,2342.04,metrica:Home:13,attacker_complete_support_unavailable
1,2342.04,metrica:Home:14,attacker_complete_support_unavailable
1,2342.04,metrica:Home:4,attacker_complete_support_unavailable
1,2346.04,metrica:Away:15,complete_ten_defenders_unavailable
1,2346.04,metrica:Away:16,complete_ten_defenders_unavailable
1,2346.04,metrica:Away:17,complete_ten_defenders_unavailable
1,2346.04,metrica:Away:18,complete_ten_defenders_unavailable
1,2346.04,metrica:Away:19,complete_ten_defenders_unavailable
1,2346.04,metrica:Away:20,complete_ten_defenders_unavailable
1,2346.04,metrica:Away:21,complete_ten_defenders_unavailable
1,2346.04,metrica:Away:22,complete_ten_defenders_unavailable
1,2346.04,metrica:Away:23,complete_ten_defenders_unavailable
1,2346.04,metrica:Away:24,complete_ten_defenders_unavailable
1,2346.04,metrica:Away:26,attacker_complete_support_unavailable
1,2350.04,metrica:Home:12,attacker_complete_support_unavailable
1,2350.04,metrica:Home:13,attacker_complete_support_unavailable
1,2350.04,metrica:Home:14,attacker_complete_support_unavailable
1,2350.04,metrica:Home:4,attacker_complete_support_unavailable
1,2354.04,metrica:Home:12,attacker_complete_support_unavailable
1,2354.04,metrica:Home:13,attacker_complete_support_unavailable
1,2354.04,metrica:Home:14,attacker_complete_support_unavailable
1,2354.04,metrica:Home:4,attacker_complete_support_unavailable
1,2358.04,metrica:Home:12,attacker_complete_support_unavailable
1,2358.04,metrica:Home:13,attacker_complete_support_unavailable
1,2358.04,metrica:Home:14,attacker_complete_support_unavailable
1,2358.04,metrica:Home:4,attacker_complete_support_unavailable
1,2362.04,metrica:Home:12,attacker_complete_support_unavailable
1,2362.04,metrica:Home:13,attacker_complete_support_unavailable
1,2362.04,metrica:Home:14,attacker_complete_support_unavailable
1,2362.04,metrica:Home:4,attacker_complete_support_unavailable
1,2366.04,metrica:Home:12,attacker_complete_support_unavailable
1,2366.04,metrica:Home:13,attacker_complete_support_unavailable
1,2366.04,metrica:Home:14,attacker_complete_support_unavailable
1,2366.04,metrica:Home:4,attacker_complete_support_unavailable
1,2370.04,metrica:Home:12,attacker_complete_support_unavailable
1,2370.04,metrica:Home:13,attacker_complete_support_unavailable
1,2370.04,metrica:Home:14,attacker_complete_support_unavailable
1,2370.04,metrica:Home:4,attacker_complete_support_unavailable
1,2374.04,metrica:Home:12,attacker_complete_support_unavailable
1,2374.04,metrica:Home:13,attacker_complete_support_unavailable
1,2374.04,metrica:Home:14,attacker_complete_support_unavailable
1,2374.04,metrica:Home:4,attacker_complete_support_unavailable
1,2378.04,metrica:Home:12,attacker_complete_support_unavailable
1,2378.04,metrica:Home:13,attacker_complete_support_unavailable
1,2378.04,metrica:Home:14,attacker_complete_support_unavailable
1,2378.04,metrica:Home:4,attacker_complete_support_unavailable
1,2382.04,metrica:Home:12,attacker_complete_support_unavailable
1,2382.04,metrica:Home:13,attacker_complete_support_unavailable
1,2382.04,metrica:Home:14,attacker_complete_support_unavailable
1,2382.04,metrica:Home:4,attacker_complete_support_unavailable
1,2386.04,metrica:Home:12,attacker_complete_support_unavailable
1,2386.04,metrica:Home:13,attacker_complete_support_unavailable
1,2386.04,metrica:Home:14,attacker_complete_support_unavailable
1,2390.04,metrica:Home:12,attacker_complete_support_unavailable
1,2390.04,metrica:Home:13,attacker_complete_support_unavailable
1,2390.04,metrica:Home:14,attacker_complete_support_unavailable
1,2394.04,metrica:Home:12,attacker_complete_support_unavailable
1,2394.04,metrica:Home:13,attacker_complete_support_unavailable
1,2394.04,metrica:Home:14,attacker_complete_support_unavailable
1,2398.04,metrica:Home:12,attacker_complete_support_unavailable
1,2398.04,metrica:Home:13,attacker_complete_support_unavailable
1,2398.04,metrica:Home:14,attacker_complete_support_unavailable
1,2402.04,metrica:Away:26,attacker_complete_support_unavailable
1,2406.04,metrica:Away:26,attacker_complete_support_unavailable
1,2410.04,metrica:Away:26,attacker_complete_support_unavailable
1,2414.04,metrica:Away:26,attacker_complete_support_unavailable
1,2418.04,metrica:Away:26,attacker_complete_support_unavailable
1,2422.04,metrica:Away:26,attacker_complete_support_unavailable
1,2426.04,metrica:Away:26,attacker_complete_support_unavailable
1,2430.04,metrica:Away:26,attacker_complete_support_unavailable
1,2434.04,metrica:Away:15,restart_or_ball_out_span
1,2434.04,metrica:Away:16,restart_or_ball_out_span
1,2434.04,metrica:Away:17,restart_or_ball_out_span
1,2434.04,metrica:Away:18,restart_or_ball_out_span
1,2434.04,metrica:Away:19,restart_or_ball_out_span
1,2434.04,metrica:Away:20,restart_or_ball_out_span
1,2434.04,metrica:Away:21,restart_or_ball_out_span
1,2434.04,metrica:Away:22,restart_or_ball_out_span
1,2434.04,metrica:Away:23,restart_or_ball_out_span
1,2434.04,metrica:Away:24,restart_or_ball_out_span
1,2434.04,metrica:Away:26,restart_or_ball_out_span
1,2438.04,metrica:Home:12,attacker_complete_support_unavailable
1,2438.04,metrica:Home:13,attacker_complete_support_unavailable
1,2438.04,metrica:Home:14,attacker_complete_support_unavailable
1,2442.04,metrica:Away:26,attacker_complete_support_unavailable
1,2446.04,metrica:Away:26,attacker_complete_support_unavailable
1,2450.04,metrica:Home:12,attacker_complete_support_unavailable
1,2450.04,metrica:Home:13,attacker_complete_support_unavailable
1,2450.04,metrica:Home:14,attacker_complete_support_unavailable
1,2454.04,metrica:Away:26,attacker_complete_support_unavailable
1,2458.04,metrica:Away:26,attacker_complete_support_unavailable
1,2462.04,metrica:Away:26,attacker_complete_support_unavailable
1,2466.04,metrica:Away:26,attacker_complete_support_unavailable
1,2470.04,metrica:Home:12,attacker_complete_support_unavailable
1,2470.04,metrica:Home:13,attacker_complete_support_unavailable
1,2470.04,metrica:Home:14,attacker_complete_support_unavailable
1,2474.04,metrica:Home:12,attacker_complete_support_unavailable
1,2474.04,metrica:Home:13,attacker_complete_support_unavailable
1,2474.04,metrica:Home:14,attacker_complete_support_unavailable
1,2478.04,metrica:Home:12,attacker_complete_support_unavailable
1,2478.04,metrica:Home:13,attacker_complete_support_unavailable
1,2478.04,metrica:Home:14,attacker_complete_support_unavailable
1,2482.04,metrica:Home:12,attacker_complete_support_unavailable
1,2482.04,metrica:Home:13,attacker_complete_support_unavailable
1,2482.04,metrica:Home:14,attacker_complete_support_unavailable
1,2486.04,metrica:Home:12,attacker_complete_support_unavailable
1,2486.04,metrica:Home:13,attacker_complete_support_unavailable
1,2486.04,metrica:Home:14,attacker_complete_support_unavailable
1,2490.04,metrica:Home:12,attacker_complete_support_unavailable
1,2490.04,metrica:Home:13,attacker_complete_support_unavailable
1,2490.04,metrica:Home:14,attacker_complete_support_unavailable
1,2494.04,metrica:Away:26,attacker_complete_support_unavailable
1,2498.04,metrica:Away:26,attacker_complete_support_unavailable
1,2502.04,metrica:Home:1,restart_or_ball_out_span
1,2502.04,metrica:Home:10,restart_or_ball_out_span
1,2502.04,metrica:Home:12,restart_or_ball_out_span
1,2502.04,metrica:Home:13,restart_or_ball_out_span
1,2502.04,metrica:Home:14,restart_or_ball_out_span
1,2502.04,metrica:Home:2,restart_or_ball_out_span
1,2502.04,metrica:Home:3,restart_or_ball_out_span
1,2502.04,metrica:Home:4,restart_or_ball_out_span
1,2502.04,metrica:Home:5,restart_or_ball_out_span
1,2502.04,metrica:Home:6,restart_or_ball_out_span
1,2502.04,metrica:Home:7,restart_or_ball_out_span
1,2502.04,metrica:Home:8,restart_or_ball_out_span
1,2502.04,metrica:Home:9,restart_or_ball_out_span
1,2506.04,metrica:Home:12,attacker_complete_support_unavailable
1,2506.04,metrica:Home:13,attacker_complete_support_unavailable
1,2506.04,metrica:Home:14,attacker_complete_support_unavailable
1,2510.04,metrica:Away:15,restart_or_ball_out_span
1,2510.04,metrica:Away:16,restart_or_ball_out_span
1,2510.04,metrica:Away:17,restart_or_ball_out_span
1,2510.04,metrica:Away:18,restart_or_ball_out_span
1,2510.04,metrica:Away:19,restart_or_ball_out_span
1,2510.04,metrica:Away:20,restart_or_ball_out_span
1,2510.04,metrica:Away:21,restart_or_ball_out_span
1,2510.04,metrica:Away:22,restart_or_ball_out_span
1,2510.04,metrica:Away:23,restart_or_ball_out_span
1,2510.04,metrica:Away:24,restart_or_ball_out_span
1,2510.04,metrica:Away:26,restart_or_ball_out_span
1,2514.04,metrica:Away:26,attacker_complete_support_unavailable
1,2518.04,metrica:Away:26,attacker_complete_support_unavailable
1,2522.04,metrica:Away:26,attacker_complete_support_unavailable
1,2526.04,metrica:Away:26,attacker_complete_support_unavailable
1,2530.04,metrica:Away:26,attacker_complete_support_unavailable
1,2534.04,metrica:Away:26,attacker_complete_support_unavailable
1,2538.04,metrica:Away:26,attacker_complete_support_unavailable
1,2542.04,metrica:Away:26,attacker_complete_support_unavailable
1,2546.04,metrica:Away:26,attacker_complete_support_unavailable
1,2550.04,metrica:Away:26,attacker_complete_support_unavailable
1,2554.04,metrica:Away:26,attacker_complete_support_unavailable
1,2558.04,metrica:Away:15,restart_or_ball_out_span
1,2558.04,metrica:Away:16,restart_or_ball_out_span
1,2558.04,metrica:Away:17,restart_or_ball_out_span
1,2558.04,metrica:Away:18,restart_or_ball_out_span
1,2558.04,metrica:Away:19,restart_or_ball_out_span
1,2558.04,metrica:Away:20,restart_or_ball_out_span
1,2558.04,metrica:Away:21,restart_or_ball_out_span
1,2558.04,metrica:Away:22,restart_or_ball_out_span
1,2558.04,metrica:Away:23,restart_or_ball_out_span
1,2558.04,metrica:Away:24,restart_or_ball_out_span
1,2558.04,metrica:Away:26,restart_or_ball_out_span
1,2562.04,metrica:Home:12,attacker_complete_support_unavailable
1,2562.04,metrica:Home:13,attacker_complete_support_unavailable
1,2562.04,metrica:Home:14,attacker_complete_support_unavailable
1,2566.04,metrica:Away:26,attacker_complete_support_unavailable
1,2570.04,metrica:Home:12,attacker_complete_support_unavailable
1,2570.04,metrica:Home:13,attacker_complete_support_unavailable
1,2570.04,metrica:Home:14,attacker_complete_support_unavailable
1,2574.04,metrica:Home:12,attacker_complete_support_unavailable
1,2574.04,metrica:Home:13,attacker_complete_support_unavailable
1,2574.04,metrica:Home:14,attacker_complete_support_unavailable
1,2578.04,metrica:Away:26,attacker_complete_support_unavailable
1,2582.04,metrica:Away:26,attacker_complete_support_unavailable
1,2586.04,metrica:Away:26,attacker_complete_support_unavailable
1,2590.04,metrica:Home:12,attacker_complete_support_unavailable
1,2590.04,metrica:Home:13,attacker_complete_support_unavailable
1,2590.04,metrica:Home:14,attacker_complete_support_unavailable
1,2594.04,metrica:Home:12,attacker_complete_support_unavailable
1,2594.04,metrica:Home:13,attacker_complete_support_unavailable
1,2594.04,metrica:Home:14,attacker_complete_support_unavailable
1,2598.04,metrica:Home:12,attacker_complete_support_unavailable
1,2598.04,metrica:Home:13,attacker_complete_support_unavailable
1,2598.04,metrica:Home:14,attacker_complete_support_unavailable
1,2602.04,metrica:Home:12,attacker_complete_support_unavailable
1,2602.04,metrica:Home:13,attacker_complete_support_unavailable
1,2602.04,metrica:Home:14,attacker_complete_support_unavailable
1,2606.04,metrica:Home:12,attacker_complete_support_unavailable
1,2606.04,metrica:Home:13,attacker_complete_support_unavailable
1,2606.04,metrica:Home:14,attacker_complete_support_unavailable
1,2610.04,metrica:Home:12,attacker_complete_support_unavailable
1,2610.04,metrica:Home:13,attacker_complete_support_unavailable
1,2610.04,metrica:Home:14,attacker_complete_support_unavailable
1,2614.04,metrica:Home:12,attacker_complete_support_unavailable
1,2614.04,metrica:Home:13,attacker_complete_support_unavailable
1,2614.04,metrica:Home:14,attacker_complete_support_unavailable
1,2618.04,metrica:Home:12,attacker_complete_support_unavailable
1,2618.04,metrica:Home:13,attacker_complete_support_unavailable
1,2618.04,metrica:Home:14,attacker_complete_support_unavailable
1,2622.04,metrica:Home:12,attacker_complete_support_unavailable
1,2622.04,metrica:Home:13,attacker_complete_support_unavailable
1,2622.04,metrica:Home:14,attacker_complete_support_unavailable
1,2626.04,metrica:Home:12,attacker_complete_support_unavailable
1,2626.04,metrica:Home:13,attacker_complete_support_unavailable
1,2626.04,metrica:Home:14,attacker_complete_support_unavailable
1,2630.04,metrica:Home:12,attacker_complete_support_unavailable
1,2630.04,metrica:Home:13,attacker_complete_support_unavailable
1,2630.04,metrica:Home:14,attacker_complete_support_unavailable
1,2634.04,metrica:Home:12,attacker_complete_support_unavailable
1,2634.04,metrica:Home:13,attacker_complete_support_unavailable
1,2634.04,metrica:Home:14,attacker_complete_support_unavailable
1,2638.04,metrica:Home:12,attacker_complete_support_unavailable
1,2638.04,metrica:Home:13,attacker_complete_support_unavailable
1,2638.04,metrica:Home:14,attacker_complete_support_unavailable
1,2642.04,metrica:Home:12,attacker_complete_support_unavailable
1,2642.04,metrica:Home:13,attacker_complete_support_unavailable
1,2642.04,metrica:Home:14,attacker_complete_support_unavailable
1,2646.04,metrica:Home:12,attacker_complete_support_unavailable
1,2646.04,metrica:Home:13,attacker_complete_support_unavailable
1,2646.04,metrica:Home:14,attacker_complete_support_unavailable
1,2650.04,metrica:Home:12,attacker_complete_support_unavailable
1,2650.04,metrica:Home:13,attacker_complete_support_unavailable
1,2650.04,metrica:Home:14,attacker_complete_support_unavailable
1,2654.04,metrica:Away:26,attacker_complete_support_unavailable
1,2658.04,metrica:Home:12,attacker_complete_support_unavailable
1,2658.04,metrica:Home:13,attacker_complete_support_unavailable
1,2658.04,metrica:Home:14,attacker_complete_support_unavailable
1,2662.04,metrica:Home:12,attacker_complete_support_unavailable
1,2662.04,metrica:Home:13,attacker_complete_support_unavailable
1,2662.04,metrica:Home:14,attacker_complete_support_unavailable
1,2666.04,metrica:Away:26,attacker_complete_support_unavailable
1,2670.04,metrica:Away:26,attacker_complete_support_unavailable
1,2674.04,metrica:Home:12,attacker_complete_support_unavailable
1,2674.04,metrica:Home:13,attacker_complete_support_unavailable
1,2674.04,metrica:Home:14,attacker_complete_support_unavailable
1,2678.04,metrica:Home:12,attacker_complete_support_unavailable
1,2678.04,metrica:Home:13,attacker_complete_support_unavailable
1,2678.04,metrica:Home:14,attacker_complete_support_unavailable
1,2682.04,metrica:Home:12,attacker_complete_support_unavailable
1,2682.04,metrica:Home:13,attacker_complete_support_unavailable
1,2682.04,metrica:Home:14,attacker_complete_support_unavailable
1,2686.04,metrica:Away:26,attacker_complete_support_unavailable
1,2690.04,metrica:Away:26,attacker_complete_support_unavailable
1,2694.04,metrica:Away:26,attacker_complete_support_unavailable
1,2698.04,metrica:Away:26,attacker_complete_support_unavailable
1,2702.04,metrica:Away:26,attacker_complete_support_unavailable
1,2706.04,metrica:Away:26,attacker_complete_support_unavailable
1,2710.04,metrica:Away:26,attacker_complete_support_unavailable
1,2714.04,metrica:Away:26,attacker_complete_support_unavailable
2,2.04,metrica:Home:1,restart_or_ball_out_span
2,2.04,metrica:Home:10,restart_or_ball_out_span
2,2.04,metrica:Home:12,restart_or_ball_out_span
2,2.04,metrica:Home:13,restart_or_ball_out_span
2,2.04,metrica:Home:14,restart_or_ball_out_span
2,2.04,metrica:Home:2,restart_or_ball_out_span
2,2.04,metrica:Home:3,restart_or_ball_out_span
2,2.04,metrica:Home:4,restart_or_ball_out_span
2,2.04,metrica:Home:5,restart_or_ball_out_span
2,2.04,metrica:Home:6,restart_or_ball_out_span
2,2.04,metrica:Home:7,restart_or_ball_out_span
2,2.04,metrica:Home:8,restart_or_ball_out_span
2,2.04,metrica:Home:9,restart_or_ball_out_span
2,6.04,metrica:Home:1,complete_ten_defenders_unavailable
2,6.04,metrica:Home:10,attacker_complete_support_unavailable
2,6.04,metrica:Home:12,attacker_complete_support_unavailable
2,6.04,metrica:Home:13,attacker_complete_support_unavailable
2,6.04,metrica:Home:14,attacker_complete_support_unavailable
2,6.04,metrica:Home:2,attacker_complete_support_unavailable
2,6.04,metrica:Home:3,complete_ten_defenders_unavailable
2,6.04,metrica:Home:4,attacker_complete_support_unavailable
2,6.04,metrica:Home:5,complete_ten_defenders_unavailable
2,6.04,metrica:Home:6,complete_ten_defenders_unavailable
2,6.04,metrica:Home:7,attacker_complete_support_unavailable
2,6.04,metrica:Home:8,attacker_complete_support_unavailable
2,6.04,metrica:Home:9,attacker_complete_support_unavailable
2,10.04,metrica:Home:1,attacker_complete_support_unavailable
2,10.04,metrica:Home:10,attacker_complete_support_unavailable
2,10.04,metrica:Home:12,attacker_complete_support_unavailable
2,10.04,metrica:Home:13,attacker_complete_support_unavailable
2,10.04,metrica:Home:14,attacker_complete_support_unavailable
2,10.04,metrica:Home:2,attacker_complete_support_unavailable
2,10.04,metrica:Home:3,complete_ten_defenders_unavailable
2,10.04,metrica:Home:4,attacker_complete_support_unavailable
2,10.04,metrica:Home:5,complete_ten_defenders_unavailable
2,10.04,metrica:Home:6,complete_ten_defenders_unavailable
2,10.04,metrica:Home:7,attacker_complete_support_unavailable
2,10.04,metrica:Home:8,attacker_complete_support_unavailable
2,10.04,metrica:Home:9,attacker_complete_support_unavailable
2,14.04,metrica:Home:1,complete_ten_defenders_unavailable
2,14.04,metrica:Home:10,attacker_complete_support_unavailable
2,14.04,metrica:Home:12,attacker_complete_support_unavailable
2,14.04,metrica:Home:13,attacker_complete_support_unavailable
2,14.04,metrica:Home:14,attacker_complete_support_unavailable
2,14.04,metrica:Home:2,attacker_complete_support_unavailable
2,14.04,metrica:Home:3,complete_ten_defenders_unavailable
2,14.04,metrica:Home:4,attacker_complete_support_unavailable
2,14.04,metrica:Home:5,complete_ten_defenders_unavailable
2,14.04,metrica:Home:6,complete_ten_defenders_unavailable
2,14.04,metrica:Home:7,attacker_complete_support_unavailable
2,14.04,metrica:Home:8,attacker_complete_support_unavailable
2,14.04,metrica:Home:9,attacker_complete_support_unavailable
2,18.04,metrica:Home:1,restart_or_ball_out_span
2,18.04,metrica:Home:10,restart_or_ball_out_span
2,18.04,metrica:Home:12,restart_or_ball_out_span
2,18.04,metrica:Home:13,restart_or_ball_out_span
2,18.04,metrica:Home:14,restart_or_ball_out_span
2,18.04,metrica:Home:2,restart_or_ball_out_span
2,18.04,metrica:Home:3,restart_or_ball_out_span
2,18.04,metrica:Home:4,restart_or_ball_out_span
2,18.04,metrica:Home:5,restart_or_ball_out_span
2,18.04,metrica:Home:6,restart_or_ball_out_span
2,18.04,metrica:Home:7,restart_or_ball_out_span
2,18.04,metrica:Home:8,restart_or_ball_out_span
2,18.04,metrica:Home:9,restart_or_ball_out_span
2,22.04,metrica:Home:1,complete_ten_defenders_unavailable
2,22.04,metrica:Home:10,attacker_complete_support_unavailable
2,22.04,metrica:Home:12,attacker_complete_support_unavailable
2,22.04,metrica:Home:13,attacker_complete_support_unavailable
2,22.04,metrica:Home:14,attacker_complete_support_unavailable
2,22.04,metrica:Home:2,attacker_complete_support_unavailable
2,22.04,metrica:Home:3,complete_ten_defenders_unavailable
2,22.04,metrica:Home:4,attacker_complete_support_unavailable
2,22.04,metrica:Home:5,complete_ten_defenders_unavailable
2,22.04,metrica:Home:6,complete_ten_defenders_unavailable
2,22.04,metrica:Home:7,attacker_complete_support_unavailable
2,22.04,metrica:Home:8,attacker_complete_support_unavailable
2,22.04,metrica:Home:9,attacker_complete_support_unavailable
2,26.04,metrica:Away:15,attacker_complete_support_unavailable
2,26.04,metrica:Away:16,complete_ten_defenders_unavailable
2,26.04,metrica:Away:17,complete_ten_defenders_unavailable
2,26.04,metrica:Away:18,complete_ten_defenders_unavailable
2,26.04,metrica:Away:19,complete_ten_defenders_unavailable
2,26.04,metrica:Away:20,attacker_complete_support_unavailable
2,26.04,metrica:Away:21,complete_ten_defenders_unavailable
2,26.04,metrica:Away:22,complete_ten_defenders_unavailable
2,26.04,metrica:Away:23,complete_ten_defenders_unavailable
2,26.04,metrica:Away:24,complete_ten_defenders_unavailable
2,26.04,metrica:Away:26,attacker_complete_support_unavailable
2,30.04,metrica:Home:1,restart_or_ball_out_span
2,30.04,metrica:Home:10,restart_or_ball_out_span
2,30.04,metrica:Home:12,restart_or_ball_out_span
2,30.04,metrica:Home:13,restart_or_ball_out_span
2,30.04,metrica:Home:14,restart_or_ball_out_span
2,30.04,metrica:Home:2,restart_or_ball_out_span
2,30.04,metrica:Home:3,restart_or_ball_out_span
2,30.04,metrica:Home:4,restart_or_ball_out_span
2,30.04,metrica:Home:5,restart_or_ball_out_span
2,30.04,metrica:Home:6,restart_or_ball_out_span
2,30.04,metrica:Home:7,restart_or_ball_out_span
2,30.04,metrica:Home:8,restart_or_ball_out_span
2,30.04,metrica:Home:9,restart_or_ball_out_span
2,34.04,metrica:Home:1,complete_ten_defenders_unavailable
2,34.04,metrica:Home:10,attacker_complete_support_unavailable
2,34.04,metrica:Home:12,attacker_complete_support_unavailable
2,34.04,metrica:Home:13,attacker_complete_support_unavailable
2,34.04,metrica:Home:14,attacker_complete_support_unavailable
2,34.04,metrica:Home:2,attacker_complete_support_unavailable
2,34.04,metrica:Home:3,complete_ten_defenders_unavailable
2,34.04,metrica:Home:4,attacker_complete_support_unavailable
2,34.04,metrica:Home:5,complete_ten_defenders_unavailable
2,34.04,metrica:Home:6,complete_ten_defenders_unavailable
2,34.04,metrica:Home:7,attacker_complete_support_unavailable
2,34.04,metrica:Home:8,attacker_complete_support_unavailable
2,34.04,metrica:Home:9,attacker_complete_support_unavailable
2,38.04,metrica:Home:1,complete_ten_defenders_unavailable
2,38.04,metrica:Home:10,attacker_complete_support_unavailable
2,38.04,metrica:Home:12,attacker_complete_support_unavailable
2,38.04,metrica:Home:13,attacker_complete_support_unavailable
2,38.04,metrica:Home:14,attacker_complete_support_unavailable
2,38.04,metrica:Home:2,attacker_complete_support_unavailable
2,38.04,metrica:Home:3,complete_ten_defenders_unavailable
2,38.04,metrica:Home:4,attacker_complete_support_unavailable
2,38.04,metrica:Home:5,complete_ten_defenders_unavailable
2,38.04,metrica:Home:6,complete_ten_defenders_unavailable
2,38.04,metrica:Home:7,attacker_complete_support_unavailable
2,38.04,metrica:Home:8,attacker_complete_support_unavailable
2,38.04,metrica:Home:9,attacker_complete_support_unavailable
2,42.04,metrica:Away:15,restart_or_ball_out_span
2,42.04,metrica:Away:16,restart_or_ball_out_span
2,42.04,metrica:Away:17,restart_or_ball_out_span
2,42.04,metrica:Away:18,restart_or_ball_out_span
2,42.04,metrica:Away:19,restart_or_ball_out_span
2,42.04,metrica:Away:20,restart_or_ball_out_span
2,42.04,metrica:Away:21,restart_or_ball_out_span
2,42.04,metrica:Away:22,restart_or_ball_out_span
2,42.04,metrica:Away:23,restart_or_ball_out_span
2,42.04,metrica:Away:24,restart_or_ball_out_span
2,42.04,metrica:Away:26,restart_or_ball_out_span
2,46.04,metrica:Away:15,attacker_complete_support_unavailable
2,46.04,metrica:Away:16,complete_ten_defenders_unavailable
2,46.04,metrica:Away:17,complete_ten_defenders_unavailable
2,46.04,metrica:Away:18,complete_ten_defenders_unavailable
2,46.04,metrica:Away:19,complete_ten_defenders_unavailable
2,46.04,metrica:Away:20,attacker_complete_support_unavailable
2,46.04,metrica:Away:21,complete_ten_defenders_unavailable
2,46.04,metrica:Away:22,complete_ten_defenders_unavailable
2,46.04,metrica:Away:23,complete_ten_defenders_unavailable
2,46.04,metrica:Away:24,complete_ten_defenders_unavailable
2,46.04,metrica:Away:26,attacker_complete_support_unavailable
2,50.04,metrica:Away:15,attacker_complete_support_unavailable
2,50.04,metrica:Away:16,complete_ten_defenders_unavailable
2,50.04,metrica:Away:17,complete_ten_defenders_unavailable
2,50.04,metrica:Away:18,complete_ten_defenders_unavailable
2,50.04,metrica:Away:19,complete_ten_defenders_unavailable
2,50.04,metrica:Away:20,attacker_complete_support_unavailable
2,50.04,metrica:Away:21,complete_ten_defenders_unavailable
2,50.04,metrica:Away:22,complete_ten_defenders_unavailable
2,50.04,metrica:Away:23,complete_ten_defenders_unavailable
2,50.04,metrica:Away:24,complete_ten_defenders_unavailable
2,50.04,metrica:Away:26,attacker_complete_support_unavailable
2,54.04,metrica:Away:15,attacker_complete_support_unavailable
2,54.04,metrica:Away:16,complete_ten_defenders_unavailable
2,54.04,metrica:Away:17,complete_ten_defenders_unavailable
2,54.04,metrica:Away:18,complete_ten_defenders_unavailable
2,54.04,metrica:Away:19,complete_ten_defenders_unavailable
2,54.04,metrica:Away:20,attacker_complete_support_unavailable
2,54.04,metrica:Away:21,complete_ten_defenders_unavailable
2,54.04,metrica:Away:22,complete_ten_defenders_unavailable
2,54.04,metrica:Away:23,complete_ten_defenders_unavailable
2,54.04,metrica:Away:24,complete_ten_defenders_unavailable
2,54.04,metrica:Away:26,attacker_complete_support_unavailable
2,58.04,metrica:Away:15,attacker_complete_support_unavailable
2,58.04,metrica:Away:16,complete_ten_defenders_unavailable
2,58.04,metrica:Away:17,complete_ten_defenders_unavailable
2,58.04,metrica:Away:18,complete_ten_defenders_unavailable
2,58.04,metrica:Away:19,complete_ten_defenders_unavailable
2,58.04,metrica:Away:20,attacker_complete_support_unavailable
2,58.04,metrica:Away:21,complete_ten_defenders_unavailable
2,58.04,metrica:Away:22,complete_ten_defenders_unavailable
2,58.04,metrica:Away:23,complete_ten_defenders_unavailable
2,58.04,metrica:Away:24,complete_ten_defenders_unavailable
2,58.04,metrica:Away:26,attacker_complete_support_unavailable
2,62.04,metrica:Away:15,attacker_complete_support_unavailable
2,62.04,metrica:Away:16,complete_ten_defenders_unavailable
2,62.04,metrica:Away:17,complete_ten_defenders_unavailable
2,62.04,metrica:Away:18,complete_ten_defenders_unavailable
2,62.04,metrica:Away:19,complete_ten_defenders_unavailable
2,62.04,metrica:Away:20,attacker_complete_support_unavailable
2,62.04,metrica:Away:21,complete_ten_defenders_unavailable
2,62.04,metrica:Away:22,complete_ten_defenders_unavailable
2,62.04,metrica:Away:23,complete_ten_defenders_unavailable
2,62.04,metrica:Away:24,complete_ten_defenders_unavailable
2,62.04,metrica:Away:26,attacker_complete_support_unavailable
2,66.04,metrica:Away:15,attacker_complete_support_unavailable
2,66.04,metrica:Away:16,complete_ten_defenders_unavailable
2,66.04,metrica:Away:17,complete_ten_defenders_unavailable
2,66.04,metrica:Away:18,complete_ten_defenders_unavailable
2,66.04,metrica:Away:19,complete_ten_defenders_unavailable
2,66.04,metrica:Away:20,attacker_complete_support_unavailable
2,66.04,metrica:Away:21,complete_ten_defenders_unavailable
2,66.04,metrica:Away:22,complete_ten_defenders_unavailable
2,66.04,metrica:Away:23,complete_ten_defenders_unavailable
2,66.04,metrica:Away:24,complete_ten_defenders_unavailable
2,66.04,metrica:Away:26,attacker_complete_support_unavailable
2,70.04,metrica:Away:15,attacker_complete_support_unavailable
2,70.04,metrica:Away:16,complete_ten_defenders_unavailable
2,70.04,metrica:Away:17,complete_ten_defenders_unavailable
2,70.04,metrica:Away:18,complete_ten_defenders_unavailable
2,70.04,metrica:Away:19,complete_ten_defenders_unavailable
2,70.04,metrica:Away:20,attacker_complete_support_unavailable
2,70.04,metrica:Away:21,complete_ten_defenders_unavailable
2,70.04,metrica:Away:22,complete_ten_defenders_unavailable
2,70.04,metrica:Away:23,complete_ten_defenders_unavailable
2,70.04,metrica:Away:24,complete_ten_defenders_unavailable
2,70.04,metrica:Away:26,attacker_complete_support_unavailable
2,74.04,metrica:Away:15,attacker_complete_support_unavailable
2,74.04,metrica:Away:16,complete_ten_defenders_unavailable
2,74.04,metrica:Away:17,complete_ten_defenders_unavailable
2,74.04,metrica:Away:18,complete_ten_defenders_unavailable
2,74.04,metrica:Away:19,complete_ten_defenders_unavailable
2,74.04,metrica:Away:20,attacker_complete_support_unavailable
2,74.04,metrica:Away:21,complete_ten_defenders_unavailable
2,74.04,metrica:Away:22,complete_ten_defenders_unavailable
2,74.04,metrica:Away:23,complete_ten_defenders_unavailable
2,74.04,metrica:Away:24,complete_ten_defenders_unavailable
2,74.04,metrica:Away:26,attacker_complete_support_unavailable
2,78.04,metrica:Away:15,attacker_complete_support_unavailable
2,78.04,metrica:Away:16,complete_ten_defenders_unavailable
2,78.04,metrica:Away:17,complete_ten_defenders_unavailable
2,78.04,metrica:Away:18,complete_ten_defenders_unavailable
2,78.04,metrica:Away:19,complete_ten_defenders_unavailable
2,78.04,metrica:Away:20,attacker_complete_support_unavailable
2,78.04,metrica:Away:21,complete_ten_defenders_unavailable
2,78.04,metrica:Away:22,complete_ten_defenders_unavailable
2,78.04,metrica:Away:23,complete_ten_defenders_unavailable
2,78.04,metrica:Away:24,complete_ten_defenders_unavailable
2,78.04,metrica:Away:26,attacker_complete_support_unavailable
2,82.04,metrica:Away:15,attacker_complete_support_unavailable
2,82.04,metrica:Away:16,complete_ten_defenders_unavailable
2,82.04,metrica:Away:17,complete_ten_defenders_unavailable
2,82.04,metrica:Away:18,complete_ten_defenders_unavailable
2,82.04,metrica:Away:19,complete_ten_defenders_unavailable
2,82.04,metrica:Away:20,attacker_complete_support_unavailable
2,82.04,metrica:Away:21,complete_ten_defenders_unavailable
2,82.04,metrica:Away:22,complete_ten_defenders_unavailable
2,82.04,metrica:Away:23,complete_ten_defenders_unavailable
2,82.04,metrica:Away:24,complete_ten_defenders_unavailable
2,82.04,metrica:Away:26,attacker_complete_support_unavailable
2,86.04,metrica:Away:15,attacker_complete_support_unavailable
2,86.04,metrica:Away:16,complete_ten_defenders_unavailable
2,86.04,metrica:Away:17,complete_ten_defenders_unavailable
2,86.04,metrica:Away:18,complete_ten_defenders_unavailable
2,86.04,metrica:Away:19,complete_ten_defenders_unavailable
2,86.04,metrica:Away:20,attacker_complete_support_unavailable
2,86.04,metrica:Away:21,complete_ten_defenders_unavailable
2,86.04,metrica:Away:22,complete_ten_defenders_unavailable
2,86.04,metrica:Away:23,complete_ten_defenders_unavailable
2,86.04,metrica:Away:24,complete_ten_defenders_unavailable
2,86.04,metrica:Away:26,attacker_complete_support_unavailable
2,90.04,metrica:Away:15,attacker_complete_support_unavailable
2,90.04,metrica:Away:16,complete_ten_defenders_unavailable
2,90.04,metrica:Away:17,complete_ten_defenders_unavailable
2,90.04,metrica:Away:18,complete_ten_defenders_unavailable
2,90.04,metrica:Away:19,complete_ten_defenders_unavailable
2,90.04,metrica:Away:20,attacker_complete_support_unavailable
2,90.04,metrica:Away:21,complete_ten_defenders_unavailable
2,90.04,metrica:Away:22,complete_ten_defenders_unavailable
2,90.04,metrica:Away:23,complete_ten_defenders_unavailable
2,90.04,metrica:Away:24,complete_ten_defenders_unavailable
2,90.04,metrica:Away:26,attacker_complete_support_unavailable
2,94.04,metrica:Away:15,attacker_complete_support_unavailable
2,94.04,metrica:Away:16,complete_ten_defenders_unavailable
2,94.04,metrica:Away:17,complete_ten_defenders_unavailable
2,94.04,metrica:Away:18,complete_ten_defenders_unavailable
2,94.04,metrica:Away:19,complete_ten_defenders_unavailable
2,94.04,metrica:Away:20,attacker_complete_support_unavailable
2,94.04,metrica:Away:21,complete_ten_defenders_unavailable
2,94.04,metrica:Away:22,complete_ten_defenders_unavailable
2,94.04,metrica:Away:23,complete_ten_defenders_unavailable
2,94.04,metrica:Away:24,complete_ten_defenders_unavailable
2,94.04,metrica:Away:26,attacker_complete_support_unavailable
2,98.04,metrica:Away:15,attacker_complete_support_unavailable
2,98.04,metrica:Away:16,complete_ten_defenders_unavailable
2,98.04,metrica:Away:17,complete_ten_defenders_unavailable
2,98.04,metrica:Away:18,complete_ten_defenders_unavailable
2,98.04,metrica:Away:19,complete_ten_defenders_unavailable
2,98.04,metrica:Away:20,attacker_complete_support_unavailable
2,98.04,metrica:Away:21,complete_ten_defenders_unavailable
2,98.04,metrica:Away:22,complete_ten_defenders_unavailable
2,98.04,metrica:Away:23,complete_ten_defenders_unavailable
2,98.04,metrica:Away:24,complete_ten_defenders_unavailable
2,98.04,metrica:Away:26,attacker_complete_support_unavailable
2,102.04,metrica:Home:1,complete_ten_defenders_unavailable
2,102.04,metrica:Home:10,attacker_complete_support_unavailable
2,102.04,metrica:Home:12,attacker_complete_support_unavailable
2,102.04,metrica:Home:13,attacker_complete_support_unavailable
2,102.04,metrica:Home:14,attacker_complete_support_unavailable
2,102.04,metrica:Home:2,attacker_complete_support_unavailable
2,102.04,metrica:Home:3,complete_ten_defenders_unavailable
2,102.04,metrica:Home:4,attacker_complete_support_unavailable
2,102.04,metrica:Home:5,complete_ten_defenders_unavailable
2,102.04,metrica:Home:6,complete_ten_defenders_unavailable
2,102.04,metrica:Home:7,attacker_complete_support_unavailable
2,102.04,metrica:Home:8,attacker_complete_support_unavailable
2,102.04,metrica:Home:9,attacker_complete_support_unavailable
2,106.04,metrica:Home:1,complete_ten_defenders_unavailable
2,106.04,metrica:Home:10,attacker_complete_support_unavailable
2,106.04,metrica:Home:12,attacker_complete_support_unavailable
2,106.04,metrica:Home:13,attacker_complete_support_unavailable
2,106.04,metrica:Home:14,attacker_complete_support_unavailable
2,106.04,metrica:Home:2,attacker_complete_support_unavailable
2,106.04,metrica:Home:3,complete_ten_defenders_unavailable
2,106.04,metrica:Home:4,attacker_complete_support_unavailable
2,106.04,metrica:Home:5,complete_ten_defenders_unavailable
2,106.04,metrica:Home:6,complete_ten_defenders_unavailable
2,106.04,metrica:Home:7,attacker_complete_support_unavailable
2,106.04,metrica:Home:8,attacker_complete_support_unavailable
2,106.04,metrica:Home:9,attacker_complete_support_unavailable
2,110.04,metrica:Home:1,complete_ten_defenders_unavailable
2,110.04,metrica:Home:10,attacker_complete_support_unavailable
2,110.04,metrica:Home:12,attacker_complete_support_unavailable
2,110.04,metrica:Home:13,attacker_complete_support_unavailable
2,110.04,metrica:Home:14,attacker_complete_support_unavailable
2,110.04,metrica:Home:2,attacker_complete_support_unavailable
2,110.04,metrica:Home:3,complete_ten_defenders_unavailable
2,110.04,metrica:Home:4,attacker_complete_support_unavailable
2,110.04,metrica:Home:5,complete_ten_defenders_unavailable
2,110.04,metrica:Home:6,complete_ten_defenders_unavailable
2,110.04,metrica:Home:7,attacker_complete_support_unavailable
2,110.04,metrica:Home:8,attacker_complete_support_unavailable
2,110.04,metrica:Home:9,attacker_complete_support_unavailable
2,114.04,metrica:Home:1,complete_ten_defenders_unavailable
2,114.04,metrica:Home:10,attacker_complete_support_unavailable
2,114.04,metrica:Home:12,attacker_complete_support_unavailable
2,114.04,metrica:Home:13,attacker_complete_support_unavailable
2,114.04,metrica:Home:14,attacker_complete_support_unavailable
2,114.04,metrica:Home:2,attacker_complete_support_unavailable
2,114.04,metrica:Home:3,complete_ten_defenders_unavailable
2,114.04,metrica:Home:4,attacker_complete_support_unavailable
2,114.04,metrica:Home:5,complete_ten_defenders_unavailable
2,114.04,metrica:Home:6,complete_ten_defenders_unavailable
2,114.04,metrica:Home:7,attacker_complete_support_unavailable
2,114.04,metrica:Home:8,attacker_complete_support_unavailable
2,114.04,metrica:Home:9,attacker_complete_support_unavailable
2,118.04,metrica:Home:1,restart_or_ball_out_span
2,118.04,metrica:Home:10,restart_or_ball_out_span
2,118.04,metrica:Home:12,restart_or_ball_out_span
2,118.04,metrica:Home:13,restart_or_ball_out_span
2,118.04,metrica:Home:14,restart_or_ball_out_span
2,118.04,metrica:Home:2,restart_or_ball_out_span
2,118.04,metrica:Home:3,restart_or_ball_out_span
2,118.04,metrica:Home:4,restart_or_ball_out_span
2,118.04,metrica:Home:5,restart_or_ball_out_span
2,118.04,metrica:Home:6,restart_or_ball_out_span
2,118.04,metrica:Home:7,restart_or_ball_out_span
2,118.04,metrica:Home:8,restart_or_ball_out_span
2,118.04,metrica:Home:9,restart_or_ball_out_span
2,122.04,metrica:Away:15,attacker_complete_support_unavailable
2,122.04,metrica:Away:16,complete_ten_defenders_unavailable
2,122.04,metrica:Away:17,complete_ten_defenders_unavailable
2,122.04,metrica:Away:18,complete_ten_defenders_unavailable
2,122.04,metrica:Away:19,complete_ten_defenders_unavailable
2,122.04,metrica:Away:20,attacker_complete_support_unavailable
2,122.04,metrica:Away:21,complete_ten_defenders_unavailable
2,122.04,metrica:Away:22,complete_ten_defenders_unavailable
2,122.04,metrica:Away:23,complete_ten_defenders_unavailable
2,122.04,metrica:Away:24,complete_ten_defenders_unavailable
2,122.04,metrica:Away:26,attacker_complete_support_unavailable
2,126.04,metrica:Away:15,attacker_complete_support_unavailable
2,126.04,metrica:Away:16,complete_ten_defenders_unavailable
2,126.04,metrica:Away:17,complete_ten_defenders_unavailable
2,126.04,metrica:Away:18,complete_ten_defenders_unavailable
2,126.04,metrica:Away:19,complete_ten_defenders_unavailable
2,126.04,metrica:Away:20,attacker_complete_support_unavailable
2,126.04,metrica:Away:21,complete_ten_defenders_unavailable
2,126.04,metrica:Away:22,complete_ten_defenders_unavailable
2,126.04,metrica:Away:23,complete_ten_defenders_unavailable
2,126.04,metrica:Away:24,complete_ten_defenders_unavailable
2,126.04,metrica:Away:26,attacker_complete_support_unavailable
2,130.04,metrica:Home:1,restart_or_ball_out_span
2,130.04,metrica:Home:10,restart_or_ball_out_span
2,130.04,metrica:Home:12,restart_or_ball_out_span
2,130.04,metrica:Home:13,restart_or_ball_out_span
2,130.04,metrica:Home:14,restart_or_ball_out_span
2,130.04,metrica:Home:2,restart_or_ball_out_span
2,130.04,metrica:Home:3,restart_or_ball_out_span
2,130.04,metrica:Home:4,restart_or_ball_out_span
2,130.04,metrica:Home:5,restart_or_ball_out_span
2,130.04,metrica:Home:6,restart_or_ball_out_span
2,130.04,metrica:Home:7,restart_or_ball_out_span
2,130.04,metrica:Home:8,restart_or_ball_out_span
2,130.04,metrica:Home:9,restart_or_ball_out_span
2,134.04,metrica:Home:1,complete_ten_defenders_unavailable
2,134.04,metrica:Home:10,attacker_complete_support_unavailable
2,134.04,metrica:Home:12,attacker_complete_support_unavailable
2,134.04,metrica:Home:13,attacker_complete_support_unavailable
2,134.04,metrica:Home:14,attacker_complete_support_unavailable
2,134.04,metrica:Home:2,attacker_complete_support_unavailable
2,134.04,metrica:Home:3,complete_ten_defenders_unavailable
2,134.04,metrica:Home:4,attacker_complete_support_unavailable
2,134.04,metrica:Home:5,complete_ten_defenders_unavailable
2,134.04,metrica:Home:6,complete_ten_defenders_unavailable
2,134.04,metrica:Home:7,attacker_complete_support_unavailable
2,134.04,metrica:Home:8,attacker_complete_support_unavailable
2,134.04,metrica:Home:9,attacker_complete_support_unavailable
2,138.04,metrica:Home:1,complete_ten_defenders_unavailable
2,138.04,metrica:Home:10,attacker_complete_support_unavailable
2,138.04,metrica:Home:12,attacker_complete_support_unavailable
2,138.04,metrica:Home:13,attacker_complete_support_unavailable
2,138.04,metrica:Home:14,attacker_complete_support_unavailable
2,138.04,metrica:Home:2,attacker_complete_support_unavailable
2,138.04,metrica:Home:3,complete_ten_defenders_unavailable
2,138.04,metrica:Home:4,attacker_complete_support_unavailable
2,138.04,metrica:Home:5,complete_ten_defenders_unavailable
2,138.04,metrica:Home:6,complete_ten_defenders_unavailable
2,138.04,metrica:Home:7,attacker_complete_support_unavailable
2,138.04,metrica:Home:8,attacker_complete_support_unavailable
2,138.04,metrica:Home:9,attacker_complete_support_unavailable
2,142.04,metrica:Home:1,restart_or_ball_out_span
2,142.04,metrica:Home:10,restart_or_ball_out_span
2,142.04,metrica:Home:12,restart_or_ball_out_span
2,142.04,metrica:Home:13,restart_or_ball_out_span
2,142.04,metrica:Home:14,restart_or_ball_out_span
2,142.04,metrica:Home:2,restart_or_ball_out_span
2,142.04,metrica:Home:3,restart_or_ball_out_span
2,142.04,metrica:Home:4,restart_or_ball_out_span
2,142.04,metrica:Home:5,restart_or_ball_out_span
2,142.04,metrica:Home:6,restart_or_ball_out_span
2,142.04,metrica:Home:7,restart_or_ball_out_span
2,142.04,metrica:Home:8,restart_or_ball_out_span
2,142.04,metrica:Home:9,restart_or_ball_out_span
2,146.04,metrica:Away:15,attacker_complete_support_unavailable
2,146.04,metrica:Away:16,complete_ten_defenders_unavailable
2,146.04,metrica:Away:17,complete_ten_defenders_unavailable
2,146.04,metrica:Away:18,complete_ten_defenders_unavailable
2,146.04,metrica:Away:19,complete_ten_defenders_unavailable
2,146.04,metrica:Away:20,attacker_complete_support_unavailable
2,146.04,metrica:Away:21,complete_ten_defenders_unavailable
2,146.04,metrica:Away:22,complete_ten_defenders_unavailable
2,146.04,metrica:Away:23,complete_ten_defenders_unavailable
2,146.04,metrica:Away:24,complete_ten_defenders_unavailable
2,146.04,metrica:Away:26,attacker_complete_support_unavailable
2,150.04,metrica:Away:15,attacker_complete_support_unavailable
2,150.04,metrica:Away:16,complete_ten_defenders_unavailable
2,150.04,metrica:Away:17,complete_ten_defenders_unavailable
2,150.04,metrica:Away:18,complete_ten_defenders_unavailable
2,150.04,metrica:Away:19,complete_ten_defenders_unavailable
2,150.04,metrica:Away:20,attacker_complete_support_unavailable
2,150.04,metrica:Away:21,complete_ten_defenders_unavailable
2,150.04,metrica:Away:22,complete_ten_defenders_unavailable
2,150.04,metrica:Away:23,complete_ten_defenders_unavailable
2,150.04,metrica:Away:24,complete_ten_defenders_unavailable
2,150.04,metrica:Away:26,attacker_complete_support_unavailable
2,154.04,metrica:Away:15,attacker_complete_support_unavailable
2,154.04,metrica:Away:16,complete_ten_defenders_unavailable
2,154.04,metrica:Away:17,complete_ten_defenders_unavailable
2,154.04,metrica:Away:18,complete_ten_defenders_unavailable
2,154.04,metrica:Away:19,complete_ten_defenders_unavailable
2,154.04,metrica:Away:20,attacker_complete_support_unavailable
2,154.04,metrica:Away:21,complete_ten_defenders_unavailable
2,154.04,metrica:Away:22,complete_ten_defenders_unavailable
2,154.04,metrica:Away:23,complete_ten_defenders_unavailable
2,154.04,metrica:Away:24,complete_ten_defenders_unavailable
2,154.04,metrica:Away:26,attacker_complete_support_unavailable
2,158.04,metrica:Away:15,restart_or_ball_out_span
2,158.04,metrica:Away:16,restart_or_ball_out_span
2,158.04,metrica:Away:17,restart_or_ball_out_span
2,158.04,metrica:Away:18,restart_or_ball_out_span
2,158.04,metrica:Away:19,restart_or_ball_out_span
2,158.04,metrica:Away:20,restart_or_ball_out_span
2,158.04,metrica:Away:21,restart_or_ball_out_span
2,158.04,metrica:Away:22,restart_or_ball_out_span
2,158.04,metrica:Away:23,restart_or_ball_out_span
2,158.04,metrica:Away:24,restart_or_ball_out_span
2,158.04,metrica:Away:26,restart_or_ball_out_span
2,162.04,metrica:Away:15,attacker_complete_support_unavailable
2,162.04,metrica:Away:16,complete_ten_defenders_unavailable
2,162.04,metrica:Away:17,complete_ten_defenders_unavailable
2,162.04,metrica:Away:18,complete_ten_defenders_unavailable
2,162.04,metrica:Away:19,complete_ten_defenders_unavailable
2,162.04,metrica:Away:20,attacker_complete_support_unavailable
2,162.04,metrica:Away:21,complete_ten_defenders_unavailable
2,162.04,metrica:Away:22,complete_ten_defenders_unavailable
2,162.04,metrica:Away:23,complete_ten_defenders_unavailable
2,162.04,metrica:Away:24,complete_ten_defenders_unavailable
2,162.04,metrica:Away:26,attacker_complete_support_unavailable
2,166.04,metrica:Away:15,attacker_complete_support_unavailable
2,166.04,metrica:Away:16,complete_ten_defenders_unavailable
2,166.04,metrica:Away:17,complete_ten_defenders_unavailable
2,166.04,metrica:Away:18,complete_ten_defenders_unavailable
2,166.04,metrica:Away:19,complete_ten_defenders_unavailable
2,166.04,metrica:Away:20,attacker_complete_support_unavailable
2,166.04,metrica:Away:21,complete_ten_defenders_unavailable
2,166.04,metrica:Away:22,complete_ten_defenders_unavailable
2,166.04,metrica:Away:23,complete_ten_defenders_unavailable
2,166.04,metrica:Away:24,complete_ten_defenders_unavailable
2,166.04,metrica:Away:26,attacker_complete_support_unavailable
2,170.04,metrica:Away:15,attacker_complete_support_unavailable
2,170.04,metrica:Away:16,complete_ten_defenders_unavailable
2,170.04,metrica:Away:17,complete_ten_defenders_unavailable
2,170.04,metrica:Away:18,complete_ten_defenders_unavailable
2,170.04,metrica:Away:19,complete_ten_defenders_unavailable
2,170.04,metrica:Away:20,attacker_complete_support_unavailable
2,170.04,metrica:Away:21,complete_ten_defenders_unavailable
2,170.04,metrica:Away:22,complete_ten_defenders_unavailable
2,170.04,metrica:Away:23,complete_ten_defenders_unavailable
2,170.04,metrica:Away:24,complete_ten_defenders_unavailable
2,170.04,metrica:Away:26,attacker_complete_support_unavailable
2,174.04,metrica:Away:15,attacker_complete_support_unavailable
2,174.04,metrica:Away:16,complete_ten_defenders_unavailable
2,174.04,metrica:Away:17,complete_ten_defenders_unavailable
2,174.04,metrica:Away:18,complete_ten_defenders_unavailable
2,174.04,metrica:Away:19,complete_ten_defenders_unavailable
2,174.04,metrica:Away:20,attacker_complete_support_unavailable
2,174.04,metrica:Away:21,complete_ten_defenders_unavailable
2,174.04,metrica:Away:22,complete_ten_defenders_unavailable
2,174.04,metrica:Away:23,complete_ten_defenders_unavailable
2,174.04,metrica:Away:24,complete_ten_defenders_unavailable
2,174.04,metrica:Away:26,attacker_complete_support_unavailable
2,178.04,metrica:Home:1,complete_ten_defenders_unavailable
2,178.04,metrica:Home:10,attacker_complete_support_unavailable
2,178.04,metrica:Home:12,attacker_complete_support_unavailable
2,178.04,metrica:Home:13,attacker_complete_support_unavailable
2,178.04,metrica:Home:14,attacker_complete_support_unavailable
2,178.04,metrica:Home:2,attacker_complete_support_unavailable
2,178.04,metrica:Home:3,complete_ten_defenders_unavailable
2,178.04,metrica:Home:4,attacker_complete_support_unavailable
2,178.04,metrica:Home:5,complete_ten_defenders_unavailable
2,178.04,metrica:Home:6,complete_ten_defenders_unavailable
2,178.04,metrica:Home:7,attacker_complete_support_unavailable
2,178.04,metrica:Home:8,attacker_complete_support_unavailable
2,178.04,metrica:Home:9,attacker_complete_support_unavailable
2,182.04,metrica:Home:1,complete_ten_defenders_unavailable
2,182.04,metrica:Home:10,attacker_complete_support_unavailable
2,182.04,metrica:Home:12,attacker_complete_support_unavailable
2,182.04,metrica:Home:13,attacker_complete_support_unavailable
2,182.04,metrica:Home:14,attacker_complete_support_unavailable
2,182.04,metrica:Home:2,attacker_complete_support_unavailable
2,182.04,metrica:Home:3,complete_ten_defenders_unavailable
2,182.04,metrica:Home:4,attacker_complete_support_unavailable
2,182.04,metrica:Home:5,complete_ten_defenders_unavailable
2,182.04,metrica:Home:6,complete_ten_defenders_unavailable
2,182.04,metrica:Home:7,attacker_complete_support_unavailable
2,182.04,metrica:Home:8,attacker_complete_support_unavailable
2,182.04,metrica:Home:9,attacker_complete_support_unavailable
2,186.04,metrica:Home:1,complete_ten_defenders_unavailable
2,186.04,metrica:Home:10,attacker_complete_support_unavailable
2,186.04,metrica:Home:12,attacker_complete_support_unavailable
2,186.04,metrica:Home:13,attacker_complete_support_unavailable
2,186.04,metrica:Home:14,attacker_complete_support_unavailable
2,186.04,metrica:Home:2,attacker_complete_support_unavailable
2,186.04,metrica:Home:3,complete_ten_defenders_unavailable
2,186.04,metrica:Home:4,attacker_complete_support_unavailable
2,186.04,metrica:Home:5,complete_ten_defenders_unavailable
2,186.04,metrica:Home:6,complete_ten_defenders_unavailable
2,186.04,metrica:Home:7,attacker_complete_support_unavailable
2,186.04,metrica:Home:8,attacker_complete_support_unavailable
2,186.04,metrica:Home:9,attacker_complete_support_unavailable
2,190.04,metrica:Away:15,attacker_complete_support_unavailable
2,190.04,metrica:Away:16,complete_ten_defenders_unavailable
2,190.04,metrica:Away:17,complete_ten_defenders_unavailable
2,190.04,metrica:Away:18,complete_ten_defenders_unavailable
2,190.04,metrica:Away:19,complete_ten_defenders_unavailable
2,190.04,metrica:Away:20,attacker_complete_support_unavailable
2,190.04,metrica:Away:21,complete_ten_defenders_unavailable
2,190.04,metrica:Away:22,complete_ten_defenders_unavailable
2,190.04,metrica:Away:23,complete_ten_defenders_unavailable
2,190.04,metrica:Away:24,complete_ten_defenders_unavailable
2,190.04,metrica:Away:26,attacker_complete_support_unavailable
2,194.04,metrica:Away:15,attacker_complete_support_unavailable
2,194.04,metrica:Away:16,complete_ten_defenders_unavailable
2,194.04,metrica:Away:17,complete_ten_defenders_unavailable
2,194.04,metrica:Away:18,complete_ten_defenders_unavailable
2,194.04,metrica:Away:19,complete_ten_defenders_unavailable
2,194.04,metrica:Away:20,attacker_complete_support_unavailable
2,194.04,metrica:Away:21,complete_ten_defenders_unavailable
2,194.04,metrica:Away:22,complete_ten_defenders_unavailable
2,194.04,metrica:Away:23,complete_ten_defenders_unavailable
2,194.04,metrica:Away:24,complete_ten_defenders_unavailable
2,194.04,metrica:Away:26,attacker_complete_support_unavailable
2,198.04,metrica:Home:1,restart_or_ball_out_span
2,198.04,metrica:Home:10,restart_or_ball_out_span
2,198.04,metrica:Home:12,restart_or_ball_out_span
2,198.04,metrica:Home:13,restart_or_ball_out_span
2,198.04,metrica:Home:14,restart_or_ball_out_span
2,198.04,metrica:Home:2,restart_or_ball_out_span
2,198.04,metrica:Home:3,restart_or_ball_out_span
2,198.04,metrica:Home:4,restart_or_ball_out_span
2,198.04,metrica:Home:5,restart_or_ball_out_span
2,198.04,metrica:Home:6,restart_or_ball_out_span
2,198.04,metrica:Home:7,restart_or_ball_out_span
2,198.04,metrica:Home:8,restart_or_ball_out_span
2,198.04,metrica:Home:9,restart_or_ball_out_span
2,202.04,metrica:Home:1,complete_ten_defenders_unavailable
2,202.04,metrica:Home:10,attacker_complete_support_unavailable
2,202.04,metrica:Home:12,attacker_complete_support_unavailable
2,202.04,metrica:Home:13,attacker_complete_support_unavailable
2,202.04,metrica:Home:14,attacker_complete_support_unavailable
2,202.04,metrica:Home:2,attacker_complete_support_unavailable
2,202.04,metrica:Home:3,complete_ten_defenders_unavailable
2,202.04,metrica:Home:4,attacker_complete_support_unavailable
2,202.04,metrica:Home:5,complete_ten_defenders_unavailable
2,202.04,metrica:Home:6,complete_ten_defenders_unavailable
2,202.04,metrica:Home:7,attacker_complete_support_unavailable
2,202.04,metrica:Home:8,attacker_complete_support_unavailable
2,202.04,metrica:Home:9,attacker_complete_support_unavailable
2,206.04,metrica:Home:1,restart_or_ball_out_span
2,206.04,metrica:Home:10,restart_or_ball_out_span
2,206.04,metrica:Home:12,restart_or_ball_out_span
2,206.04,metrica:Home:13,restart_or_ball_out_span
2,206.04,metrica:Home:14,restart_or_ball_out_span
2,206.04,metrica:Home:2,restart_or_ball_out_span
2,206.04,metrica:Home:3,restart_or_ball_out_span
2,206.04,metrica:Home:4,restart_or_ball_out_span
2,206.04,metrica:Home:5,restart_or_ball_out_span
2,206.04,metrica:Home:6,restart_or_ball_out_span
2,206.04,metrica:Home:7,restart_or_ball_out_span
2,206.04,metrica:Home:8,restart_or_ball_out_span
2,206.04,metrica:Home:9,restart_or_ball_out_span
2,210.04,metrica:Away:15,attacker_complete_support_unavailable
2,210.04,metrica:Away:16,complete_ten_defenders_unavailable
2,210.04,metrica:Away:17,complete_ten_defenders_unavailable
2,210.04,metrica:Away:18,complete_ten_defenders_unavailable
2,210.04,metrica:Away:19,complete_ten_defenders_unavailable
2,210.04,metrica:Away:20,attacker_complete_support_unavailable
2,210.04,metrica:Away:21,complete_ten_defenders_unavailable
2,210.04,metrica:Away:22,complete_ten_defenders_unavailable
2,210.04,metrica:Away:23,complete_ten_defenders_unavailable
2,210.04,metrica:Away:24,complete_ten_defenders_unavailable
2,210.04,metrica:Away:26,attacker_complete_support_unavailable
2,214.04,metrica:Away:15,attacker_complete_support_unavailable
2,214.04,metrica:Away:16,complete_ten_defenders_unavailable
2,214.04,metrica:Away:17,complete_ten_defenders_unavailable
2,214.04,metrica:Away:18,complete_ten_defenders_unavailable
2,214.04,metrica:Away:19,complete_ten_defenders_unavailable
2,214.04,metrica:Away:20,attacker_complete_support_unavailable
2,214.04,metrica:Away:21,complete_ten_defenders_unavailable
2,214.04,metrica:Away:22,complete_ten_defenders_unavailable
2,214.04,metrica:Away:23,complete_ten_defenders_unavailable
2,214.04,metrica:Away:24,complete_ten_defenders_unavailable
2,214.04,metrica:Away:26,attacker_complete_support_unavailable
2,218.04,metrica:Away:15,attacker_complete_support_unavailable
2,218.04,metrica:Away:16,complete_ten_defenders_unavailable
2,218.04,metrica:Away:17,complete_ten_defenders_unavailable
2,218.04,metrica:Away:18,complete_ten_defenders_unavailable
2,218.04,metrica:Away:19,complete_ten_defenders_unavailable
2,218.04,metrica:Away:20,attacker_complete_support_unavailable
2,218.04,metrica:Away:21,complete_ten_defenders_unavailable
2,218.04,metrica:Away:22,complete_ten_defenders_unavailable
2,218.04,metrica:Away:23,complete_ten_defenders_unavailable
2,218.04,metrica:Away:24,complete_ten_defenders_unavailable
2,218.04,metrica:Away:26,attacker_complete_support_unavailable
2,222.04,metrica:Away:15,attacker_complete_support_unavailable
2,222.04,metrica:Away:16,complete_ten_defenders_unavailable
2,222.04,metrica:Away:17,complete_ten_defenders_unavailable
2,222.04,metrica:Away:18,complete_ten_defenders_unavailable
2,222.04,metrica:Away:19,complete_ten_defenders_unavailable
2,222.04,metrica:Away:20,attacker_complete_support_unavailable
2,222.04,metrica:Away:21,complete_ten_defenders_unavailable
2,222.04,metrica:Away:22,complete_ten_defenders_unavailable
2,222.04,metrica:Away:23,complete_ten_defenders_unavailable
2,222.04,metrica:Away:24,complete_ten_defenders_unavailable
2,222.04,metrica:Away:26,attacker_complete_support_unavailable
2,226.04,metrica:Home:1,complete_ten_defenders_unavailable
2,226.04,metrica:Home:10,attacker_complete_support_unavailable
2,226.04,metrica:Home:12,attacker_complete_support_unavailable
2,226.04,metrica:Home:13,attacker_complete_support_unavailable
2,226.04,metrica:Home:14,attacker_complete_support_unavailable
2,226.04,metrica:Home:2,attacker_complete_support_unavailable
2,226.04,metrica:Home:3,complete_ten_defenders_unavailable
2,226.04,metrica:Home:4,attacker_complete_support_unavailable
2,226.04,metrica:Home:5,complete_ten_defenders_unavailable
2,226.04,metrica:Home:6,complete_ten_defenders_unavailable
2,226.04,metrica:Home:7,attacker_complete_support_unavailable
2,226.04,metrica:Home:8,attacker_complete_support_unavailable
2,226.04,metrica:Home:9,attacker_complete_support_unavailable
2,230.04,metrica:Home:1,complete_ten_defenders_unavailable
2,230.04,metrica:Home:10,attacker_complete_support_unavailable
2,230.04,metrica:Home:12,attacker_complete_support_unavailable
2,230.04,metrica:Home:13,attacker_complete_support_unavailable
2,230.04,metrica:Home:14,attacker_complete_support_unavailable
2,230.04,metrica:Home:2,attacker_complete_support_unavailable
2,230.04,metrica:Home:3,complete_ten_defenders_unavailable
2,230.04,metrica:Home:4,attacker_complete_support_unavailable
2,230.04,metrica:Home:5,complete_ten_defenders_unavailable
2,230.04,metrica:Home:6,complete_ten_defenders_unavailable
2,230.04,metrica:Home:7,attacker_complete_support_unavailable
2,230.04,metrica:Home:8,attacker_complete_support_unavailable
2,230.04,metrica:Home:9,attacker_complete_support_unavailable
2,234.04,metrica:Home:1,complete_ten_defenders_unavailable
2,234.04,metrica:Home:10,attacker_complete_support_unavailable
2,234.04,metrica:Home:12,attacker_complete_support_unavailable
2,234.04,metrica:Home:13,attacker_complete_support_unavailable
2,234.04,metrica:Home:14,attacker_complete_support_unavailable
2,234.04,metrica:Home:2,attacker_complete_support_unavailable
2,234.04,metrica:Home:3,complete_ten_defenders_unavailable
2,234.04,metrica:Home:4,attacker_complete_support_unavailable
2,234.04,metrica:Home:5,complete_ten_defenders_unavailable
2,234.04,metrica:Home:6,complete_ten_defenders_unavailable
2,234.04,metrica:Home:7,attacker_complete_support_unavailable
2,234.04,metrica:Home:8,attacker_complete_support_unavailable
2,234.04,metrica:Home:9,attacker_complete_support_unavailable
2,238.04,metrica:Home:1,complete_ten_defenders_unavailable
2,238.04,metrica:Home:10,attacker_complete_support_unavailable
2,238.04,metrica:Home:12,attacker_complete_support_unavailable
2,238.04,metrica:Home:13,attacker_complete_support_unavailable
2,238.04,metrica:Home:14,attacker_complete_support_unavailable
2,238.04,metrica:Home:2,attacker_complete_support_unavailable
2,238.04,metrica:Home:3,complete_ten_defenders_unavailable
2,238.04,metrica:Home:4,attacker_complete_support_unavailable
2,238.04,metrica:Home:5,complete_ten_defenders_unavailable
2,238.04,metrica:Home:6,complete_ten_defenders_unavailable
2,238.04,metrica:Home:7,attacker_complete_support_unavailable
2,238.04,metrica:Home:8,attacker_complete_support_unavailable
2,238.04,metrica:Home:9,attacker_complete_support_unavailable
2,242.04,metrica:Home:1,complete_ten_defenders_unavailable
2,242.04,metrica:Home:10,attacker_complete_support_unavailable
2,242.04,metrica:Home:12,attacker_complete_support_unavailable
2,242.04,metrica:Home:13,attacker_complete_support_unavailable
2,242.04,metrica:Home:14,attacker_complete_support_unavailable
2,242.04,metrica:Home:2,attacker_complete_support_unavailable
2,242.04,metrica:Home:3,complete_ten_defenders_unavailable
2,242.04,metrica:Home:4,attacker_complete_support_unavailable
2,242.04,metrica:Home:5,complete_ten_defenders_unavailable
2,242.04,metrica:Home:6,complete_ten_defenders_unavailable
2,242.04,metrica:Home:7,attacker_complete_support_unavailable
2,242.04,metrica:Home:8,attacker_complete_support_unavailable
2,242.04,metrica:Home:9,attacker_complete_support_unavailable
2,246.04,metrica:Home:1,complete_ten_defenders_unavailable
2,246.04,metrica:Home:10,attacker_complete_support_unavailable
2,246.04,metrica:Home:12,attacker_complete_support_unavailable
2,246.04,metrica:Home:13,attacker_complete_support_unavailable
2,246.04,metrica:Home:14,attacker_complete_support_unavailable
2,246.04,metrica:Home:2,attacker_complete_support_unavailable
2,246.04,metrica:Home:3,complete_ten_defenders_unavailable
2,246.04,metrica:Home:4,attacker_complete_support_unavailable
2,246.04,metrica:Home:5,complete_ten_defenders_unavailable
2,246.04,metrica:Home:6,complete_ten_defenders_unavailable
2,246.04,metrica:Home:7,attacker_complete_support_unavailable
2,246.04,metrica:Home:8,attacker_complete_support_unavailable
2,246.04,metrica:Home:9,attacker_complete_support_unavailable
2,250.04,metrica:Home:1,attacker_complete_support_unavailable
2,250.04,metrica:Home:10,attacker_complete_support_unavailable
2,250.04,metrica:Home:12,attacker_complete_support_unavailable
2,250.04,metrica:Home:13,attacker_complete_support_unavailable
2,250.04,metrica:Home:14,attacker_complete_support_unavailable
2,250.04,metrica:Home:2,attacker_complete_support_unavailable
2,250.04,metrica:Home:3,complete_ten_defenders_unavailable
2,250.04,metrica:Home:4,attacker_complete_support_unavailable
2,250.04,metrica:Home:5,complete_ten_defenders_unavailable
2,250.04,metrica:Home:6,complete_ten_defenders_unavailable
2,250.04,metrica:Home:7,attacker_complete_support_unavailable
2,250.04,metrica:Home:8,attacker_complete_support_unavailable
2,250.04,metrica:Home:9,attacker_complete_support_unavailable
2,254.04,metrica:Home:1,attacker_complete_support_unavailable
2,254.04,metrica:Home:10,attacker_complete_support_unavailable
2,254.04,metrica:Home:12,attacker_complete_support_unavailable
2,254.04,metrica:Home:13,attacker_complete_support_unavailable
2,254.04,metrica:Home:14,attacker_complete_support_unavailable
2,254.04,metrica:Home:2,attacker_complete_support_unavailable
2,254.04,metrica:Home:3,complete_ten_defenders_unavailable
2,254.04,metrica:Home:4,attacker_complete_support_unavailable
2,254.04,metrica:Home:5,complete_ten_defenders_unavailable
2,254.04,metrica:Home:6,complete_ten_defenders_unavailable
2,254.04,metrica:Home:7,attacker_complete_support_unavailable
2,254.04,metrica:Home:8,attacker_complete_support_unavailable
2,254.04,metrica:Home:9,attacker_complete_support_unavailable
2,258.04,metrica:Home:1,attacker_complete_support_unavailable
2,258.04,metrica:Home:10,attacker_complete_support_unavailable
2,258.04,metrica:Home:12,attacker_complete_support_unavailable
2,258.04,metrica:Home:13,attacker_complete_support_unavailable
2,258.04,metrica:Home:14,attacker_complete_support_unavailable
2,258.04,metrica:Home:2,attacker_complete_support_unavailable
2,258.04,metrica:Home:3,attacker_complete_support_unavailable
2,258.04,metrica:Home:4,attacker_complete_support_unavailable
2,258.04,metrica:Home:5,complete_ten_defenders_unavailable
2,258.04,metrica:Home:6,complete_ten_defenders_unavailable
2,258.04,metrica:Home:7,attacker_complete_support_unavailable
2,258.04,metrica:Home:8,attacker_complete_support_unavailable
2,258.04,metrica:Home:9,attacker_complete_support_unavailable
2,262.04,metrica:Home:1,attacker_complete_support_unavailable
2,262.04,metrica:Home:10,attacker_complete_support_unavailable
2,262.04,metrica:Home:12,attacker_complete_support_unavailable
2,262.04,metrica:Home:13,attacker_complete_support_unavailable
2,262.04,metrica:Home:14,attacker_complete_support_unavailable
2,262.04,metrica:Home:2,attacker_complete_support_unavailable
2,262.04,metrica:Home:3,attacker_complete_support_unavailable
2,262.04,metrica:Home:4,attacker_complete_support_unavailable
2,262.04,metrica:Home:5,complete_ten_defenders_unavailable
2,262.04,metrica:Home:6,complete_ten_defenders_unavailable
2,262.04,metrica:Home:7,attacker_complete_support_unavailable
2,262.04,metrica:Home:8,attacker_complete_support_unavailable
2,262.04,metrica:Home:9,attacker_complete_support_unavailable
2,266.04,metrica:Home:1,complete_ten_defenders_unavailable
2,266.04,metrica:Home:10,attacker_complete_support_unavailable
2,266.04,metrica:Home:12,attacker_complete_support_unavailable
2,266.04,metrica:Home:13,attacker_complete_support_unavailable
2,266.04,metrica:Home:14,attacker_complete_support_unavailable
2,266.04,metrica:Home:2,attacker_complete_support_unavailable
2,266.04,metrica:Home:3,complete_ten_defenders_unavailable
2,266.04,metrica:Home:4,attacker_complete_support_unavailable
2,266.04,metrica:Home:5,complete_ten_defenders_unavailable
2,266.04,metrica:Home:6,complete_ten_defenders_unavailable
2,266.04,metrica:Home:7,attacker_complete_support_unavailable
2,266.04,metrica:Home:8,attacker_complete_support_unavailable
2,266.04,metrica:Home:9,attacker_complete_support_unavailable
2,270.04,metrica:Home:1,complete_ten_defenders_unavailable
2,270.04,metrica:Home:10,attacker_complete_support_unavailable
2,270.04,metrica:Home:12,attacker_complete_support_unavailable
2,270.04,metrica:Home:13,attacker_complete_support_unavailable
2,270.04,metrica:Home:14,attacker_complete_support_unavailable
2,270.04,metrica:Home:2,attacker_complete_support_unavailable
2,270.04,metrica:Home:3,complete_ten_defenders_unavailable
2,270.04,metrica:Home:4,attacker_complete_support_unavailable
2,270.04,metrica:Home:5,complete_ten_defenders_unavailable
2,270.04,metrica:Home:6,complete_ten_defenders_unavailable
2,270.04,metrica:Home:7,attacker_complete_support_unavailable
2,270.04,metrica:Home:8,attacker_complete_support_unavailable
2,270.04,metrica:Home:9,attacker_complete_support_unavailable
2,274.04,metrica:Home:1,complete_ten_defenders_unavailable
2,274.04,metrica:Home:10,attacker_complete_support_unavailable
2,274.04,metrica:Home:12,attacker_complete_support_unavailable
2,274.04,metrica:Home:13,attacker_complete_support_unavailable
2,274.04,metrica:Home:14,attacker_complete_support_unavailable
2,274.04,metrica:Home:2,attacker_complete_support_unavailable
2,274.04,metrica:Home:3,complete_ten_defenders_unavailable
2,274.04,metrica:Home:4,attacker_complete_support_unavailable
2,274.04,metrica:Home:5,complete_ten_defenders_unavailable
2,274.04,metrica:Home:6,complete_ten_defenders_unavailable
2,274.04,metrica:Home:7,attacker_complete_support_unavailable
2,274.04,metrica:Home:8,attacker_complete_support_unavailable
2,274.04,metrica:Home:9,complete_ten_defenders_unavailable
2,278.04,metrica:Home:1,complete_ten_defenders_unavailable
2,278.04,metrica:Home:10,attacker_complete_support_unavailable
2,278.04,metrica:Home:12,attacker_complete_support_unavailable
2,278.04,metrica:Home:13,attacker_complete_support_unavailable
2,278.04,metrica:Home:14,attacker_complete_support_unavailable
2,278.04,metrica:Home:2,attacker_complete_support_unavailable
2,278.04,metrica:Home:3,complete_ten_defenders_unavailable
2,278.04,metrica:Home:4,attacker_complete_support_unavailable
2,278.04,metrica:Home:5,complete_ten_defenders_unavailable
2,278.04,metrica:Home:6,complete_ten_defenders_unavailable
2,278.04,metrica:Home:7,attacker_complete_support_unavailable
2,278.04,metrica:Home:8,attacker_complete_support_unavailable
2,278.04,metrica:Home:9,complete_ten_defenders_unavailable
2,282.04,metrica:Home:1,attacker_complete_support_unavailable
2,282.04,metrica:Home:10,attacker_complete_support_unavailable
2,282.04,metrica:Home:12,attacker_complete_support_unavailable
2,282.04,metrica:Home:13,attacker_complete_support_unavailable
2,282.04,metrica:Home:14,attacker_complete_support_unavailable
2,282.04,metrica:Home:2,attacker_complete_support_unavailable
2,282.04,metrica:Home:3,complete_ten_defenders_unavailable
2,282.04,metrica:Home:4,attacker_complete_support_unavailable
2,282.04,metrica:Home:5,complete_ten_defenders_unavailable
2,282.04,metrica:Home:6,complete_ten_defenders_unavailable
2,282.04,metrica:Home:7,attacker_complete_support_unavailable
2,282.04,metrica:Home:8,attacker_complete_support_unavailable
2,282.04,metrica:Home:9,attacker_complete_support_unavailable
2,286.04,metrica:Home:1,complete_ten_defenders_unavailable
2,286.04,metrica:Home:10,attacker_complete_support_unavailable
2,286.04,metrica:Home:12,attacker_complete_support_unavailable
2,286.04,metrica:Home:13,attacker_complete_support_unavailable
2,286.04,metrica:Home:14,attacker_complete_support_unavailable
2,286.04,metrica:Home:2,attacker_complete_support_unavailable
2,286.04,metrica:Home:3,complete_ten_defenders_unavailable
2,286.04,metrica:Home:4,attacker_complete_support_unavailable
2,286.04,metrica:Home:5,complete_ten_defenders_unavailable
2,286.04,metrica:Home:6,complete_ten_defenders_unavailable
2,286.04,metrica:Home:7,attacker_complete_support_unavailable
2,286.04,metrica:Home:8,attacker_complete_support_unavailable
2,286.04,metrica:Home:9,complete_ten_defenders_unavailable
2,290.04,metrica:Home:1,complete_ten_defenders_unavailable
2,290.04,metrica:Home:10,attacker_complete_support_unavailable
2,290.04,metrica:Home:12,attacker_complete_support_unavailable
2,290.04,metrica:Home:13,attacker_complete_support_unavailable
2,290.04,metrica:Home:14,attacker_complete_support_unavailable
2,290.04,metrica:Home:2,attacker_complete_support_unavailable
2,290.04,metrica:Home:3,complete_ten_defenders_unavailable
2,290.04,metrica:Home:4,attacker_complete_support_unavailable
2,290.04,metrica:Home:5,complete_ten_defenders_unavailable
2,290.04,metrica:Home:6,complete_ten_defenders_unavailable
2,290.04,metrica:Home:7,attacker_complete_support_unavailable
2,290.04,metrica:Home:8,attacker_complete_support_unavailable
2,290.04,metrica:Home:9,complete_ten_defenders_unavailable
2,294.04,metrica:Home:1,attacker_complete_support_unavailable
2,294.04,metrica:Home:10,attacker_complete_support_unavailable
2,294.04,metrica:Home:12,attacker_complete_support_unavailable
2,294.04,metrica:Home:13,attacker_complete_support_unavailable
2,294.04,metrica:Home:14,attacker_complete_support_unavailable
2,294.04,metrica:Home:2,attacker_complete_support_unavailable
2,294.04,metrica:Home:3,complete_ten_defenders_unavailable
2,294.04,metrica:Home:4,attacker_complete_support_unavailable
2,294.04,metrica:Home:5,complete_ten_defenders_unavailable
2,294.04,metrica:Home:6,complete_ten_defenders_unavailable
2,294.04,metrica:Home:7,attacker_complete_support_unavailable
2,294.04,metrica:Home:8,attacker_complete_support_unavailable
2,294.04,metrica:Home:9,complete_ten_defenders_unavailable
2,298.04,metrica:Home:1,attacker_complete_support_unavailable
2,298.04,metrica:Home:10,attacker_complete_support_unavailable
2,298.04,metrica:Home:12,attacker_complete_support_unavailable
2,298.04,metrica:Home:13,attacker_complete_support_unavailable
2,298.04,metrica:Home:14,attacker_complete_support_unavailable
2,298.04,metrica:Home:2,attacker_complete_support_unavailable
2,298.04,metrica:Home:3,complete_ten_defenders_unavailable
2,298.04,metrica:Home:4,attacker_complete_support_unavailable
2,298.04,metrica:Home:5,complete_ten_defenders_unavailable
2,298.04,metrica:Home:6,complete_ten_defenders_unavailable
2,298.04,metrica:Home:7,attacker_complete_support_unavailable
2,298.04,metrica:Home:8,attacker_complete_support_unavailable
2,298.04,metrica:Home:9,complete_ten_defenders_unavailable
2,302.04,metrica:Home:1,restart_or_ball_out_span
2,302.04,metrica:Home:10,restart_or_ball_out_span
2,302.04,metrica:Home:12,restart_or_ball_out_span
2,302.04,metrica:Home:13,restart_or_ball_out_span
2,302.04,metrica:Home:14,restart_or_ball_out_span
2,302.04,metrica:Home:2,restart_or_ball_out_span
2,302.04,metrica:Home:3,restart_or_ball_out_span
2,302.04,metrica:Home:4,restart_or_ball_out_span
2,302.04,metrica:Home:5,restart_or_ball_out_span
2,302.04,metrica:Home:6,restart_or_ball_out_span
2,302.04,metrica:Home:7,restart_or_ball_out_span
2,302.04,metrica:Home:8,restart_or_ball_out_span
2,302.04,metrica:Home:9,restart_or_ball_out_span
2,306.04,metrica:Away:15,attacker_complete_support_unavailable
2,306.04,metrica:Away:16,complete_ten_defenders_unavailable
2,306.04,metrica:Away:17,complete_ten_defenders_unavailable
2,306.04,metrica:Away:18,complete_ten_defenders_unavailable
2,306.04,metrica:Away:19,complete_ten_defenders_unavailable
2,306.04,metrica:Away:20,attacker_complete_support_unavailable
2,306.04,metrica:Away:21,complete_ten_defenders_unavailable
2,306.04,metrica:Away:22,complete_ten_defenders_unavailable
2,306.04,metrica:Away:23,complete_ten_defenders_unavailable
2,306.04,metrica:Away:24,complete_ten_defenders_unavailable
2,306.04,metrica:Away:26,attacker_complete_support_unavailable
2,310.04,metrica:Away:15,restart_or_ball_out_span
2,310.04,metrica:Away:16,restart_or_ball_out_span
2,310.04,metrica:Away:17,restart_or_ball_out_span
2,310.04,metrica:Away:18,restart_or_ball_out_span
2,310.04,metrica:Away:19,restart_or_ball_out_span
2,310.04,metrica:Away:20,restart_or_ball_out_span
2,310.04,metrica:Away:21,restart_or_ball_out_span
2,310.04,metrica:Away:22,restart_or_ball_out_span
2,310.04,metrica:Away:23,restart_or_ball_out_span
2,310.04,metrica:Away:24,restart_or_ball_out_span
2,310.04,metrica:Away:26,restart_or_ball_out_span
2,314.04,metrica:Away:15,attacker_complete_support_unavailable
2,314.04,metrica:Away:16,complete_ten_defenders_unavailable
2,314.04,metrica:Away:17,complete_ten_defenders_unavailable
2,314.04,metrica:Away:18,complete_ten_defenders_unavailable
2,314.04,metrica:Away:19,complete_ten_defenders_unavailable
2,314.04,metrica:Away:20,attacker_complete_support_unavailable
2,314.04,metrica:Away:21,complete_ten_defenders_unavailable
2,314.04,metrica:Away:22,complete_ten_defenders_unavailable
2,314.04,metrica:Away:23,complete_ten_defenders_unavailable
2,314.04,metrica:Away:24,complete_ten_defenders_unavailable
2,314.04,metrica:Away:26,attacker_complete_support_unavailable
2,318.04,metrica:Away:15,attacker_complete_support_unavailable
2,318.04,metrica:Away:16,complete_ten_defenders_unavailable
2,318.04,metrica:Away:17,complete_ten_defenders_unavailable
2,318.04,metrica:Away:18,complete_ten_defenders_unavailable
2,318.04,metrica:Away:19,complete_ten_defenders_unavailable
2,318.04,metrica:Away:20,attacker_complete_support_unavailable
2,318.04,metrica:Away:21,complete_ten_defenders_unavailable
2,318.04,metrica:Away:22,complete_ten_defenders_unavailable
2,318.04,metrica:Away:23,complete_ten_defenders_unavailable
2,318.04,metrica:Away:24,complete_ten_defenders_unavailable
2,318.04,metrica:Away:26,attacker_complete_support_unavailable
2,322.04,metrica:Away:15,attacker_complete_support_unavailable
2,322.04,metrica:Away:16,complete_ten_defenders_unavailable
2,322.04,metrica:Away:17,complete_ten_defenders_unavailable
2,322.04,metrica:Away:18,complete_ten_defenders_unavailable
2,322.04,metrica:Away:19,complete_ten_defenders_unavailable
2,322.04,metrica:Away:20,attacker_complete_support_unavailable
2,322.04,metrica:Away:21,complete_ten_defenders_unavailable
2,322.04,metrica:Away:22,complete_ten_defenders_unavailable
2,322.04,metrica:Away:23,complete_ten_defenders_unavailable
2,322.04,metrica:Away:24,complete_ten_defenders_unavailable
2,322.04,metrica:Away:26,attacker_complete_support_unavailable
2,326.04,metrica:Away:15,attacker_complete_support_unavailable
2,326.04,metrica:Away:16,complete_ten_defenders_unavailable
2,326.04,metrica:Away:17,complete_ten_defenders_unavailable
2,326.04,metrica:Away:18,complete_ten_defenders_unavailable
2,326.04,metrica:Away:19,complete_ten_defenders_unavailable
2,326.04,metrica:Away:20,attacker_complete_support_unavailable
2,326.04,metrica:Away:21,complete_ten_defenders_unavailable
2,326.04,metrica:Away:22,complete_ten_defenders_unavailable
2,326.04,metrica:Away:23,complete_ten_defenders_unavailable
2,326.04,metrica:Away:24,complete_ten_defenders_unavailable
2,326.04,metrica:Away:26,attacker_complete_support_unavailable
2,330.04,metrica:Away:15,attacker_complete_support_unavailable
2,330.04,metrica:Away:16,complete_ten_defenders_unavailable
2,330.04,metrica:Away:17,complete_ten_defenders_unavailable
2,330.04,metrica:Away:18,complete_ten_defenders_unavailable
2,330.04,metrica:Away:19,complete_ten_defenders_unavailable
2,330.04,metrica:Away:20,attacker_complete_support_unavailable
2,330.04,metrica:Away:21,complete_ten_defenders_unavailable
2,330.04,metrica:Away:22,complete_ten_defenders_unavailable
2,330.04,metrica:Away:23,complete_ten_defenders_unavailable
2,330.04,metrica:Away:24,complete_ten_defenders_unavailable
2,330.04,metrica:Away:26,attacker_complete_support_unavailable
2,334.04,metrica:Away:15,attacker_complete_support_unavailable
2,334.04,metrica:Away:16,complete_ten_defenders_unavailable
2,334.04,metrica:Away:17,complete_ten_defenders_unavailable
2,334.04,metrica:Away:18,complete_ten_defenders_unavailable
2,334.04,metrica:Away:19,complete_ten_defenders_unavailable
2,334.04,metrica:Away:20,attacker_complete_support_unavailable
2,334.04,metrica:Away:21,complete_ten_defenders_unavailable
2,334.04,metrica:Away:22,complete_ten_defenders_unavailable
2,334.04,metrica:Away:23,complete_ten_defenders_unavailable
2,334.04,metrica:Away:24,complete_ten_defenders_unavailable
2,334.04,metrica:Away:26,attacker_complete_support_unavailable
2,338.04,metrica:Home:1,restart_or_ball_out_span
2,338.04,metrica:Home:10,restart_or_ball_out_span
2,338.04,metrica:Home:12,restart_or_ball_out_span
2,338.04,metrica:Home:13,restart_or_ball_out_span
2,338.04,metrica:Home:14,restart_or_ball_out_span
2,338.04,metrica:Home:2,restart_or_ball_out_span
2,338.04,metrica:Home:3,restart_or_ball_out_span
2,338.04,metrica:Home:4,restart_or_ball_out_span
2,338.04,metrica:Home:5,restart_or_ball_out_span
2,338.04,metrica:Home:6,restart_or_ball_out_span
2,338.04,metrica:Home:7,restart_or_ball_out_span
2,338.04,metrica:Home:8,restart_or_ball_out_span
2,338.04,metrica:Home:9,restart_or_ball_out_span
2,342.04,metrica:Home:1,complete_ten_defenders_unavailable
2,342.04,metrica:Home:10,attacker_complete_support_unavailable
2,342.04,metrica:Home:12,attacker_complete_support_unavailable
2,342.04,metrica:Home:13,attacker_complete_support_unavailable
2,342.04,metrica:Home:14,attacker_complete_support_unavailable
2,342.04,metrica:Home:2,attacker_complete_support_unavailable
2,342.04,metrica:Home:3,complete_ten_defenders_unavailable
2,342.04,metrica:Home:4,attacker_complete_support_unavailable
2,342.04,metrica:Home:5,complete_ten_defenders_unavailable
2,342.04,metrica:Home:6,complete_ten_defenders_unavailable
2,342.04,metrica:Home:7,attacker_complete_support_unavailable
2,342.04,metrica:Home:8,attacker_complete_support_unavailable
2,342.04,metrica:Home:9,complete_ten_defenders_unavailable
2,346.04,metrica:Away:15,attacker_complete_support_unavailable
2,346.04,metrica:Away:16,complete_ten_defenders_unavailable
2,346.04,metrica:Away:17,complete_ten_defenders_unavailable
2,346.04,metrica:Away:18,complete_ten_defenders_unavailable
2,346.04,metrica:Away:19,complete_ten_defenders_unavailable
2,346.04,metrica:Away:20,attacker_complete_support_unavailable
2,346.04,metrica:Away:21,complete_ten_defenders_unavailable
2,346.04,metrica:Away:22,complete_ten_defenders_unavailable
2,346.04,metrica:Away:23,complete_ten_defenders_unavailable
2,346.04,metrica:Away:24,complete_ten_defenders_unavailable
2,346.04,metrica:Away:26,attacker_complete_support_unavailable
2,350.04,metrica:Away:15,attacker_complete_support_unavailable
2,350.04,metrica:Away:16,complete_ten_defenders_unavailable
2,350.04,metrica:Away:17,complete_ten_defenders_unavailable
2,350.04,metrica:Away:18,complete_ten_defenders_unavailable
2,350.04,metrica:Away:19,complete_ten_defenders_unavailable
2,350.04,metrica:Away:20,attacker_complete_support_unavailable
2,350.04,metrica:Away:21,complete_ten_defenders_unavailable
2,350.04,metrica:Away:22,complete_ten_defenders_unavailable
2,350.04,metrica:Away:23,complete_ten_defenders_unavailable
2,350.04,metrica:Away:24,complete_ten_defenders_unavailable
2,350.04,metrica:Away:26,attacker_complete_support_unavailable
2,354.04,metrica:Away:15,attacker_complete_support_unavailable
2,354.04,metrica:Away:16,complete_ten_defenders_unavailable
2,354.04,metrica:Away:17,complete_ten_defenders_unavailable
2,354.04,metrica:Away:18,complete_ten_defenders_unavailable
2,354.04,metrica:Away:19,complete_ten_defenders_unavailable
2,354.04,metrica:Away:20,attacker_complete_support_unavailable
2,354.04,metrica:Away:21,complete_ten_defenders_unavailable
2,354.04,metrica:Away:22,complete_ten_defenders_unavailable
2,354.04,metrica:Away:23,complete_ten_defenders_unavailable
2,354.04,metrica:Away:24,complete_ten_defenders_unavailable
2,354.04,metrica:Away:26,attacker_complete_support_unavailable
2,358.04,metrica:Away:15,attacker_complete_support_unavailable
2,358.04,metrica:Away:16,complete_ten_defenders_unavailable
2,358.04,metrica:Away:17,complete_ten_defenders_unavailable
2,358.04,metrica:Away:18,complete_ten_defenders_unavailable
2,358.04,metrica:Away:19,complete_ten_defenders_unavailable
2,358.04,metrica:Away:20,attacker_complete_support_unavailable
2,358.04,metrica:Away:21,complete_ten_defenders_unavailable
2,358.04,metrica:Away:22,complete_ten_defenders_unavailable
2,358.04,metrica:Away:23,complete_ten_defenders_unavailable
2,358.04,metrica:Away:24,complete_ten_defenders_unavailable
2,358.04,metrica:Away:26,attacker_complete_support_unavailable
2,362.04,metrica:Away:15,restart_or_ball_out_span
2,362.04,metrica:Away:16,restart_or_ball_out_span
2,362.04,metrica:Away:17,restart_or_ball_out_span
2,362.04,metrica:Away:18,restart_or_ball_out_span
2,362.04,metrica:Away:19,restart_or_ball_out_span
2,362.04,metrica:Away:20,restart_or_ball_out_span
2,362.04,metrica:Away:21,restart_or_ball_out_span
2,362.04,metrica:Away:22,restart_or_ball_out_span
2,362.04,metrica:Away:23,restart_or_ball_out_span
2,362.04,metrica:Away:24,restart_or_ball_out_span
2,362.04,metrica:Away:26,restart_or_ball_out_span
2,366.04,metrica:Home:1,complete_ten_defenders_unavailable
2,366.04,metrica:Home:10,attacker_complete_support_unavailable
2,366.04,metrica:Home:12,attacker_complete_support_unavailable
2,366.04,metrica:Home:13,attacker_complete_support_unavailable
2,366.04,metrica:Home:14,attacker_complete_support_unavailable
2,366.04,metrica:Home:2,attacker_complete_support_unavailable
2,366.04,metrica:Home:3,complete_ten_defenders_unavailable
2,366.04,metrica:Home:4,attacker_complete_support_unavailable
2,366.04,metrica:Home:5,complete_ten_defenders_unavailable
2,366.04,metrica:Home:6,complete_ten_defenders_unavailable
2,366.04,metrica:Home:7,attacker_complete_support_unavailable
2,366.04,metrica:Home:8,attacker_complete_support_unavailable
2,366.04,metrica:Home:9,complete_ten_defenders_unavailable
2,370.04,metrica:Home:1,complete_ten_defenders_unavailable
2,370.04,metrica:Home:10,attacker_complete_support_unavailable
2,370.04,metrica:Home:12,attacker_complete_support_unavailable
2,370.04,metrica:Home:13,attacker_complete_support_unavailable
2,370.04,metrica:Home:14,attacker_complete_support_unavailable
2,370.04,metrica:Home:2,attacker_complete_support_unavailable
2,370.04,metrica:Home:3,complete_ten_defenders_unavailable
2,370.04,metrica:Home:4,attacker_complete_support_unavailable
2,370.04,metrica:Home:5,complete_ten_defenders_unavailable
2,370.04,metrica:Home:6,complete_ten_defenders_unavailable
2,370.04,metrica:Home:7,attacker_complete_support_unavailable
2,370.04,metrica:Home:8,attacker_complete_support_unavailable
2,370.04,metrica:Home:9,complete_ten_defenders_unavailable
2,374.04,metrica:Home:1,complete_ten_defenders_unavailable
2,374.04,metrica:Home:10,attacker_complete_support_unavailable
2,374.04,metrica:Home:12,attacker_complete_support_unavailable
2,374.04,metrica:Home:13,attacker_complete_support_unavailable
2,374.04,metrica:Home:14,attacker_complete_support_unavailable
2,374.04,metrica:Home:2,attacker_complete_support_unavailable
2,374.04,metrica:Home:3,complete_ten_defenders_unavailable
2,374.04,metrica:Home:4,attacker_complete_support_unavailable
2,374.04,metrica:Home:5,complete_ten_defenders_unavailable
2,374.04,metrica:Home:6,complete_ten_defenders_unavailable
2,374.04,metrica:Home:7,attacker_complete_support_unavailable
2,374.04,metrica:Home:8,attacker_complete_support_unavailable
2,374.04,metrica:Home:9,complete_ten_defenders_unavailable
2,378.04,metrica:Home:1,complete_ten_defenders_unavailable
2,378.04,metrica:Home:10,attacker_complete_support_unavailable
2,378.04,metrica:Home:12,attacker_complete_support_unavailable
2,378.04,metrica:Home:13,attacker_complete_support_unavailable
2,378.04,metrica:Home:14,attacker_complete_support_unavailable
2,378.04,metrica:Home:2,attacker_complete_support_unavailable
2,378.04,metrica:Home:3,complete_ten_defenders_unavailable
2,378.04,metrica:Home:4,attacker_complete_support_unavailable
2,378.04,metrica:Home:5,complete_ten_defenders_unavailable
2,378.04,metrica:Home:6,complete_ten_defenders_unavailable
2,378.04,metrica:Home:7,attacker_complete_support_unavailable
2,378.04,metrica:Home:8,attacker_complete_support_unavailable
2,378.04,metrica:Home:9,complete_ten_defenders_unavailable
2,382.04,metrica:Home:1,complete_ten_defenders_unavailable
2,382.04,metrica:Home:10,attacker_complete_support_unavailable
2,382.04,metrica:Home:12,attacker_complete_support_unavailable
2,382.04,metrica:Home:13,attacker_complete_support_unavailable
2,382.04,metrica:Home:14,attacker_complete_support_unavailable
2,382.04,metrica:Home:2,attacker_complete_support_unavailable
2,382.04,metrica:Home:3,complete_ten_defenders_unavailable
2,382.04,metrica:Home:4,attacker_complete_support_unavailable
2,382.04,metrica:Home:5,complete_ten_defenders_unavailable
2,382.04,metrica:Home:6,complete_ten_defenders_unavailable
2,382.04,metrica:Home:7,attacker_complete_support_unavailable
2,382.04,metrica:Home:8,attacker_complete_support_unavailable
2,382.04,metrica:Home:9,complete_ten_defenders_unavailable
2,386.04,metrica:Home:1,complete_ten_defenders_unavailable
2,386.04,metrica:Home:10,attacker_complete_support_unavailable
2,386.04,metrica:Home:12,attacker_complete_support_unavailable
2,386.04,metrica:Home:13,attacker_complete_support_unavailable
2,386.04,metrica:Home:14,attacker_complete_support_unavailable
2,386.04,metrica:Home:2,attacker_complete_support_unavailable
2,386.04,metrica:Home:3,complete_ten_defenders_unavailable
2,386.04,metrica:Home:4,attacker_complete_support_unavailable
2,386.04,metrica:Home:5,complete_ten_defenders_unavailable
2,386.04,metrica:Home:6,complete_ten_defenders_unavailable
2,386.04,metrica:Home:7,attacker_complete_support_unavailable
2,386.04,metrica:Home:8,attacker_complete_support_unavailable
2,386.04,metrica:Home:9,complete_ten_defenders_unavailable
2,390.04,metrica:Home:1,complete_ten_defenders_unavailable
2,390.04,metrica:Home:10,attacker_complete_support_unavailable
2,390.04,metrica:Home:12,attacker_complete_support_unavailable
2,390.04,metrica:Home:13,attacker_complete_support_unavailable
2,390.04,metrica:Home:14,attacker_complete_support_unavailable
2,390.04,metrica:Home:2,attacker_complete_support_unavailable
2,390.04,metrica:Home:3,complete_ten_defenders_unavailable
2,390.04,metrica:Home:4,attacker_complete_support_unavailable
2,390.04,metrica:Home:5,complete_ten_defenders_unavailable
2,390.04,metrica:Home:6,complete_ten_defenders_unavailable
2,390.04,metrica:Home:7,attacker_complete_support_unavailable
2,390.04,metrica:Home:8,attacker_complete_support_unavailable
2,390.04,metrica:Home:9,complete_ten_defenders_unavailable
2,394.04,metrica:Home:1,complete_ten_defenders_unavailable
2,394.04,metrica:Home:10,attacker_complete_support_unavailable
2,394.04,metrica:Home:12,attacker_complete_support_unavailable
2,394.04,metrica:Home:13,attacker_complete_support_unavailable
2,394.04,metrica:Home:14,attacker_complete_support_unavailable
2,394.04,metrica:Home:2,attacker_complete_support_unavailable
2,394.04,metrica:Home:3,complete_ten_defenders_unavailable
2,394.04,metrica:Home:4,attacker_complete_support_unavailable
2,394.04,metrica:Home:5,complete_ten_defenders_unavailable
2,394.04,metrica:Home:6,complete_ten_defenders_unavailable
2,394.04,metrica:Home:7,attacker_complete_support_unavailable
2,394.04,metrica:Home:8,attacker_complete_support_unavailable
2,394.04,metrica:Home:9,complete_ten_defenders_unavailable
2,398.04,metrica:Home:1,complete_ten_defenders_unavailable
2,398.04,metrica:Home:10,attacker_complete_support_unavailable
2,398.04,metrica:Home:12,attacker_complete_support_unavailable
2,398.04,metrica:Home:13,attacker_complete_support_unavailable
2,398.04,metrica:Home:14,attacker_complete_support_unavailable
2,398.04,metrica:Home:2,attacker_complete_support_unavailable
2,398.04,metrica:Home:3,complete_ten_defenders_unavailable
2,398.04,metrica:Home:4,attacker_complete_support_unavailable
2,398.04,metrica:Home:5,complete_ten_defenders_unavailable
2,398.04,metrica:Home:6,complete_ten_defenders_unavailable
2,398.04,metrica:Home:7,attacker_complete_support_unavailable
2,398.04,metrica:Home:8,attacker_complete_support_unavailable
2,398.04,metrica:Home:9,complete_ten_defenders_unavailable
2,402.04,metrica:Home:1,complete_ten_defenders_unavailable
2,402.04,metrica:Home:10,attacker_complete_support_unavailable
2,402.04,metrica:Home:12,attacker_complete_support_unavailable
2,402.04,metrica:Home:13,attacker_complete_support_unavailable
2,402.04,metrica:Home:14,attacker_complete_support_unavailable
2,402.04,metrica:Home:2,attacker_complete_support_unavailable
2,402.04,metrica:Home:3,complete_ten_defenders_unavailable
2,402.04,metrica:Home:4,attacker_complete_support_unavailable
2,402.04,metrica:Home:5,complete_ten_defenders_unavailable
2,402.04,metrica:Home:6,complete_ten_defenders_unavailable
2,402.04,metrica:Home:7,attacker_complete_support_unavailable
2,402.04,metrica:Home:8,attacker_complete_support_unavailable
2,402.04,metrica:Home:9,complete_ten_defenders_unavailable
2,406.04,metrica:Home:1,restart_or_ball_out_span
2,406.04,metrica:Home:10,restart_or_ball_out_span
2,406.04,metrica:Home:12,restart_or_ball_out_span
2,406.04,metrica:Home:13,restart_or_ball_out_span
2,406.04,metrica:Home:14,restart_or_ball_out_span
2,406.04,metrica:Home:2,restart_or_ball_out_span
2,406.04,metrica:Home:3,restart_or_ball_out_span
2,406.04,metrica:Home:4,restart_or_ball_out_span
2,406.04,metrica:Home:5,restart_or_ball_out_span
2,406.04,metrica:Home:6,restart_or_ball_out_span
2,406.04,metrica:Home:7,restart_or_ball_out_span
2,406.04,metrica:Home:8,restart_or_ball_out_span
2,406.04,metrica:Home:9,restart_or_ball_out_span
2,410.04,metrica:Home:1,complete_ten_defenders_unavailable
2,410.04,metrica:Home:10,attacker_complete_support_unavailable
2,410.04,metrica:Home:12,attacker_complete_support_unavailable
2,410.04,metrica:Home:13,attacker_complete_support_unavailable
2,410.04,metrica:Home:14,attacker_complete_support_unavailable
2,410.04,metrica:Home:2,attacker_complete_support_unavailable
2,410.04,metrica:Home:3,complete_ten_defenders_unavailable
2,410.04,metrica:Home:4,attacker_complete_support_unavailable
2,410.04,metrica:Home:5,complete_ten_defenders_unavailable
2,410.04,metrica:Home:6,complete_ten_defenders_unavailable
2,410.04,metrica:Home:7,attacker_complete_support_unavailable
2,410.04,metrica:Home:8,attacker_complete_support_unavailable
2,410.04,metrica:Home:9,complete_ten_defenders_unavailable
2,414.04,metrica:Home:1,complete_ten_defenders_unavailable
2,414.04,metrica:Home:10,attacker_complete_support_unavailable
2,414.04,metrica:Home:12,attacker_complete_support_unavailable
2,414.04,metrica:Home:13,attacker_complete_support_unavailable
2,414.04,metrica:Home:14,attacker_complete_support_unavailable
2,414.04,metrica:Home:2,attacker_complete_support_unavailable
2,414.04,metrica:Home:3,complete_ten_defenders_unavailable
2,414.04,metrica:Home:4,attacker_complete_support_unavailable
2,414.04,metrica:Home:5,complete_ten_defenders_unavailable
2,414.04,metrica:Home:6,complete_ten_defenders_unavailable
2,414.04,metrica:Home:7,attacker_complete_support_unavailable
2,414.04,metrica:Home:8,attacker_complete_support_unavailable
2,414.04,metrica:Home:9,complete_ten_defenders_unavailable
2,418.04,metrica:Home:1,complete_ten_defenders_unavailable
2,418.04,metrica:Home:10,attacker_complete_support_unavailable
2,418.04,metrica:Home:12,attacker_complete_support_unavailable
2,418.04,metrica:Home:13,attacker_complete_support_unavailable
2,418.04,metrica:Home:14,attacker_complete_support_unavailable
2,418.04,metrica:Home:2,attacker_complete_support_unavailable
2,418.04,metrica:Home:3,complete_ten_defenders_unavailable
2,418.04,metrica:Home:4,attacker_complete_support_unavailable
2,418.04,metrica:Home:5,complete_ten_defenders_unavailable
2,418.04,metrica:Home:6,complete_ten_defenders_unavailable
2,418.04,metrica:Home:7,attacker_complete_support_unavailable
2,418.04,metrica:Home:8,attacker_complete_support_unavailable
2,418.04,metrica:Home:9,complete_ten_defenders_unavailable
2,422.04,metrica:Home:1,complete_ten_defenders_unavailable
2,422.04,metrica:Home:10,attacker_complete_support_unavailable
2,422.04,metrica:Home:12,attacker_complete_support_unavailable
2,422.04,metrica:Home:13,attacker_complete_support_unavailable
2,422.04,metrica:Home:14,attacker_complete_support_unavailable
2,422.04,metrica:Home:2,attacker_complete_support_unavailable
2,422.04,metrica:Home:3,complete_ten_defenders_unavailable
2,422.04,metrica:Home:4,attacker_complete_support_unavailable
2,422.04,metrica:Home:5,complete_ten_defenders_unavailable
2,422.04,metrica:Home:6,complete_ten_defenders_unavailable
2,422.04,metrica:Home:7,attacker_complete_support_unavailable
2,422.04,metrica:Home:8,attacker_complete_support_unavailable
2,422.04,metrica:Home:9,complete_ten_defenders_unavailable
2,426.04,metrica:Home:1,complete_ten_defenders_unavailable
2,426.04,metrica:Home:10,attacker_complete_support_unavailable
2,426.04,metrica:Home:12,attacker_complete_support_unavailable
2,426.04,metrica:Home:13,attacker_complete_support_unavailable
2,426.04,metrica:Home:14,attacker_complete_support_unavailable
2,426.04,metrica:Home:2,attacker_complete_support_unavailable
2,426.04,metrica:Home:3,complete_ten_defenders_unavailable
2,426.04,metrica:Home:4,attacker_complete_support_unavailable
2,426.04,metrica:Home:5,complete_ten_defenders_unavailable
2,426.04,metrica:Home:6,complete_ten_defenders_unavailable
2,426.04,metrica:Home:7,attacker_complete_support_unavailable
2,426.04,metrica:Home:8,attacker_complete_support_unavailable
2,426.04,metrica:Home:9,complete_ten_defenders_unavailable
2,430.04,metrica:Away:15,attacker_complete_support_unavailable
2,430.04,metrica:Away:16,complete_ten_defenders_unavailable
2,430.04,metrica:Away:17,complete_ten_defenders_unavailable
2,430.04,metrica:Away:18,complete_ten_defenders_unavailable
2,430.04,metrica:Away:19,complete_ten_defenders_unavailable
2,430.04,metrica:Away:20,attacker_complete_support_unavailable
2,430.04,metrica:Away:21,complete_ten_defenders_unavailable
2,430.04,metrica:Away:22,complete_ten_defenders_unavailable
2,430.04,metrica:Away:23,complete_ten_defenders_unavailable
2,430.04,metrica:Away:24,complete_ten_defenders_unavailable
2,430.04,metrica:Away:26,attacker_complete_support_unavailable
2,434.04,metrica:Away:15,attacker_complete_support_unavailable
2,434.04,metrica:Away:16,complete_ten_defenders_unavailable
2,434.04,metrica:Away:17,complete_ten_defenders_unavailable
2,434.04,metrica:Away:18,complete_ten_defenders_unavailable
2,434.04,metrica:Away:19,complete_ten_defenders_unavailable
2,434.04,metrica:Away:20,attacker_complete_support_unavailable
2,434.04,metrica:Away:21,complete_ten_defenders_unavailable
2,434.04,metrica:Away:22,complete_ten_defenders_unavailable
2,434.04,metrica:Away:23,complete_ten_defenders_unavailable
2,434.04,metrica:Away:24,complete_ten_defenders_unavailable
2,434.04,metrica:Away:26,attacker_complete_support_unavailable
2,438.04,metrica:Away:15,attacker_complete_support_unavailable
2,438.04,metrica:Away:16,complete_ten_defenders_unavailable
2,438.04,metrica:Away:17,complete_ten_defenders_unavailable
2,438.04,metrica:Away:18,complete_ten_defenders_unavailable
2,438.04,metrica:Away:19,complete_ten_defenders_unavailable
2,438.04,metrica:Away:20,attacker_complete_support_unavailable
2,438.04,metrica:Away:21,complete_ten_defenders_unavailable
2,438.04,metrica:Away:22,complete_ten_defenders_unavailable
2,438.04,metrica:Away:23,complete_ten_defenders_unavailable
2,438.04,metrica:Away:24,complete_ten_defenders_unavailable
2,438.04,metrica:Away:26,attacker_complete_support_unavailable
2,442.04,metrica:Home:1,complete_ten_defenders_unavailable
2,442.04,metrica:Home:10,attacker_complete_support_unavailable
2,442.04,metrica:Home:12,attacker_complete_support_unavailable
2,442.04,metrica:Home:13,attacker_complete_support_unavailable
2,442.04,metrica:Home:14,attacker_complete_support_unavailable
2,442.04,metrica:Home:2,attacker_complete_support_unavailable
2,442.04,metrica:Home:3,complete_ten_defenders_unavailable
2,442.04,metrica:Home:4,attacker_complete_support_unavailable
2,442.04,metrica:Home:5,complete_ten_defenders_unavailable
2,442.04,metrica:Home:6,complete_ten_defenders_unavailable
2,442.04,metrica:Home:7,attacker_complete_support_unavailable
2,442.04,metrica:Home:8,attacker_complete_support_unavailable
2,442.04,metrica:Home:9,complete_ten_defenders_unavailable
2,446.04,metrica:Home:1,restart_or_ball_out_span
2,446.04,metrica:Home:10,restart_or_ball_out_span
2,446.04,metrica:Home:12,restart_or_ball_out_span
2,446.04,metrica:Home:13,restart_or_ball_out_span
2,446.04,metrica:Home:14,restart_or_ball_out_span
2,446.04,metrica:Home:2,restart_or_ball_out_span
2,446.04,metrica:Home:3,restart_or_ball_out_span
2,446.04,metrica:Home:4,restart_or_ball_out_span
2,446.04,metrica:Home:5,restart_or_ball_out_span
2,446.04,metrica:Home:6,restart_or_ball_out_span
2,446.04,metrica:Home:7,restart_or_ball_out_span
2,446.04,metrica:Home:8,restart_or_ball_out_span
2,446.04,metrica:Home:9,restart_or_ball_out_span
2,450.04,metrica:Home:1,complete_ten_defenders_unavailable
2,450.04,metrica:Home:10,attacker_complete_support_unavailable
2,450.04,metrica:Home:12,attacker_complete_support_unavailable
2,450.04,metrica:Home:13,attacker_complete_support_unavailable
2,450.04,metrica:Home:14,attacker_complete_support_unavailable
2,450.04,metrica:Home:2,attacker_complete_support_unavailable
2,450.04,metrica:Home:3,complete_ten_defenders_unavailable
2,450.04,metrica:Home:4,attacker_complete_support_unavailable
2,450.04,metrica:Home:5,complete_ten_defenders_unavailable
2,450.04,metrica:Home:6,complete_ten_defenders_unavailable
2,450.04,metrica:Home:7,attacker_complete_support_unavailable
2,450.04,metrica:Home:8,attacker_complete_support_unavailable
2,450.04,metrica:Home:9,complete_ten_defenders_unavailable
2,454.04,metrica:Home:1,complete_ten_defenders_unavailable
2,454.04,metrica:Home:10,attacker_complete_support_unavailable
2,454.04,metrica:Home:12,attacker_complete_support_unavailable
2,454.04,metrica:Home:13,attacker_complete_support_unavailable
2,454.04,metrica:Home:14,attacker_complete_support_unavailable
2,454.04,metrica:Home:2,attacker_complete_support_unavailable
2,454.04,metrica:Home:3,complete_ten_defenders_unavailable
2,454.04,metrica:Home:4,attacker_complete_support_unavailable
2,454.04,metrica:Home:5,complete_ten_defenders_unavailable
2,454.04,metrica:Home:6,complete_ten_defenders_unavailable
2,454.04,metrica:Home:7,attacker_complete_support_unavailable
2,454.04,metrica:Home:8,attacker_complete_support_unavailable
2,454.04,metrica:Home:9,complete_ten_defenders_unavailable
2,458.04,metrica:Away:15,restart_or_ball_out_span
2,458.04,metrica:Away:16,restart_or_ball_out_span
2,458.04,metrica:Away:17,restart_or_ball_out_span
2,458.04,metrica:Away:18,restart_or_ball_out_span
2,458.04,metrica:Away:19,restart_or_ball_out_span
2,458.04,metrica:Away:20,restart_or_ball_out_span
2,458.04,metrica:Away:21,restart_or_ball_out_span
2,458.04,metrica:Away:22,restart_or_ball_out_span
2,458.04,metrica:Away:23,restart_or_ball_out_span
2,458.04,metrica:Away:24,restart_or_ball_out_span
2,458.04,metrica:Away:26,restart_or_ball_out_span
2,462.04,metrica:Away:15,attacker_complete_support_unavailable
2,462.04,metrica:Away:16,complete_ten_defenders_unavailable
2,462.04,metrica:Away:17,complete_ten_defenders_unavailable
2,462.04,metrica:Away:18,complete_ten_defenders_unavailable
2,462.04,metrica:Away:19,complete_ten_defenders_unavailable
2,462.04,metrica:Away:20,attacker_complete_support_unavailable
2,462.04,metrica:Away:21,complete_ten_defenders_unavailable
2,462.04,metrica:Away:22,complete_ten_defenders_unavailable
2,462.04,metrica:Away:23,complete_ten_defenders_unavailable
2,462.04,metrica:Away:24,complete_ten_defenders_unavailable
2,462.04,metrica:Away:26,attacker_complete_support_unavailable
2,466.04,metrica:Away:15,attacker_complete_support_unavailable
2,466.04,metrica:Away:16,complete_ten_defenders_unavailable
2,466.04,metrica:Away:17,complete_ten_defenders_unavailable
2,466.04,metrica:Away:18,complete_ten_defenders_unavailable
2,466.04,metrica:Away:19,complete_ten_defenders_unavailable
2,466.04,metrica:Away:20,attacker_complete_support_unavailable
2,466.04,metrica:Away:21,complete_ten_defenders_unavailable
2,466.04,metrica:Away:22,complete_ten_defenders_unavailable
2,466.04,metrica:Away:23,complete_ten_defenders_unavailable
2,466.04,metrica:Away:24,complete_ten_defenders_unavailable
2,466.04,metrica:Away:26,attacker_complete_support_unavailable
2,470.04,metrica:Away:15,attacker_complete_support_unavailable
2,470.04,metrica:Away:16,complete_ten_defenders_unavailable
2,470.04,metrica:Away:17,complete_ten_defenders_unavailable
2,470.04,metrica:Away:18,complete_ten_defenders_unavailable
2,470.04,metrica:Away:19,complete_ten_defenders_unavailable
2,470.04,metrica:Away:20,attacker_complete_support_unavailable
2,470.04,metrica:Away:21,complete_ten_defenders_unavailable
2,470.04,metrica:Away:22,complete_ten_defenders_unavailable
2,470.04,metrica:Away:23,complete_ten_defenders_unavailable
2,470.04,metrica:Away:24,complete_ten_defenders_unavailable
2,470.04,metrica:Away:26,attacker_complete_support_unavailable
2,474.04,metrica:Away:15,attacker_complete_support_unavailable
2,474.04,metrica:Away:16,complete_ten_defenders_unavailable
2,474.04,metrica:Away:17,complete_ten_defenders_unavailable
2,474.04,metrica:Away:18,complete_ten_defenders_unavailable
2,474.04,metrica:Away:19,complete_ten_defenders_unavailable
2,474.04,metrica:Away:20,attacker_complete_support_unavailable
2,474.04,metrica:Away:21,complete_ten_defenders_unavailable
2,474.04,metrica:Away:22,complete_ten_defenders_unavailable
2,474.04,metrica:Away:23,complete_ten_defenders_unavailable
2,474.04,metrica:Away:24,complete_ten_defenders_unavailable
2,474.04,metrica:Away:26,attacker_complete_support_unavailable
2,478.04,metrica:Away:15,attacker_complete_support_unavailable
2,478.04,metrica:Away:16,complete_ten_defenders_unavailable
2,478.04,metrica:Away:17,complete_ten_defenders_unavailable
2,478.04,metrica:Away:18,complete_ten_defenders_unavailable
2,478.04,metrica:Away:19,complete_ten_defenders_unavailable
2,478.04,metrica:Away:20,attacker_complete_support_unavailable
2,478.04,metrica:Away:21,complete_ten_defenders_unavailable
2,478.04,metrica:Away:22,complete_ten_defenders_unavailable
2,478.04,metrica:Away:23,complete_ten_defenders_unavailable
2,478.04,metrica:Away:24,complete_ten_defenders_unavailable
2,478.04,metrica:Away:26,attacker_complete_support_unavailable
2,482.04,metrica:Home:1,complete_ten_defenders_unavailable
2,482.04,metrica:Home:10,attacker_complete_support_unavailable
2,482.04,metrica:Home:12,attacker_complete_support_unavailable
2,482.04,metrica:Home:13,attacker_complete_support_unavailable
2,482.04,metrica:Home:14,attacker_complete_support_unavailable
2,482.04,metrica:Home:2,attacker_complete_support_unavailable
2,482.04,metrica:Home:3,complete_ten_defenders_unavailable
2,482.04,metrica:Home:4,attacker_complete_support_unavailable
2,482.04,metrica:Home:5,complete_ten_defenders_unavailable
2,482.04,metrica:Home:6,complete_ten_defenders_unavailable
2,482.04,metrica:Home:7,attacker_complete_support_unavailable
2,482.04,metrica:Home:8,attacker_complete_support_unavailable
2,482.04,metrica:Home:9,complete_ten_defenders_unavailable
2,486.04,metrica:Home:1,complete_ten_defenders_unavailable
2,486.04,metrica:Home:10,attacker_complete_support_unavailable
2,486.04,metrica:Home:12,attacker_complete_support_unavailable
2,486.04,metrica:Home:13,attacker_complete_support_unavailable
2,486.04,metrica:Home:14,attacker_complete_support_unavailable
2,486.04,metrica:Home:2,attacker_complete_support_unavailable
2,486.04,metrica:Home:3,complete_ten_defenders_unavailable
2,486.04,metrica:Home:4,attacker_complete_support_unavailable
2,486.04,metrica:Home:5,complete_ten_defenders_unavailable
2,486.04,metrica:Home:6,complete_ten_defenders_unavailable
2,486.04,metrica:Home:7,attacker_complete_support_unavailable
2,486.04,metrica:Home:8,attacker_complete_support_unavailable
2,486.04,metrica:Home:9,complete_ten_defenders_unavailable
2,490.04,metrica:Home:1,complete_ten_defenders_unavailable
2,490.04,metrica:Home:10,attacker_complete_support_unavailable
2,490.04,metrica:Home:12,attacker_complete_support_unavailable
2,490.04,metrica:Home:13,attacker_complete_support_unavailable
2,490.04,metrica:Home:14,attacker_complete_support_unavailable
2,490.04,metrica:Home:2,attacker_complete_support_unavailable
2,490.04,metrica:Home:3,complete_ten_defenders_unavailable
2,490.04,metrica:Home:4,attacker_complete_support_unavailable
2,490.04,metrica:Home:5,complete_ten_defenders_unavailable
2,490.04,metrica:Home:6,complete_ten_defenders_unavailable
2,490.04,metrica:Home:7,attacker_complete_support_unavailable
2,490.04,metrica:Home:8,attacker_complete_support_unavailable
2,490.04,metrica:Home:9,complete_ten_defenders_unavailable
2,494.04,metrica:Home:1,complete_ten_defenders_unavailable
2,494.04,metrica:Home:10,attacker_complete_support_unavailable
2,494.04,metrica:Home:12,attacker_complete_support_unavailable
2,494.04,metrica:Home:13,attacker_complete_support_unavailable
2,494.04,metrica:Home:14,attacker_complete_support_unavailable
2,494.04,metrica:Home:2,attacker_complete_support_unavailable
2,494.04,metrica:Home:3,complete_ten_defenders_unavailable
2,494.04,metrica:Home:4,attacker_complete_support_unavailable
2,494.04,metrica:Home:5,complete_ten_defenders_unavailable
2,494.04,metrica:Home:6,complete_ten_defenders_unavailable
2,494.04,metrica:Home:7,attacker_complete_support_unavailable
2,494.04,metrica:Home:8,attacker_complete_support_unavailable
2,494.04,metrica:Home:9,complete_ten_defenders_unavailable
2,498.04,metrica:Away:15,attacker_complete_support_unavailable
2,498.04,metrica:Away:16,complete_ten_defenders_unavailable
2,498.04,metrica:Away:17,complete_ten_defenders_unavailable
2,498.04,metrica:Away:18,complete_ten_defenders_unavailable
2,498.04,metrica:Away:19,complete_ten_defenders_unavailable
2,498.04,metrica:Away:20,attacker_complete_support_unavailable
2,498.04,metrica:Away:21,complete_ten_defenders_unavailable
2,498.04,metrica:Away:22,complete_ten_defenders_unavailable
2,498.04,metrica:Away:23,complete_ten_defenders_unavailable
2,498.04,metrica:Away:24,complete_ten_defenders_unavailable
2,498.04,metrica:Away:26,attacker_complete_support_unavailable
2,502.04,metrica:Home:1,complete_ten_defenders_unavailable
2,502.04,metrica:Home:10,attacker_complete_support_unavailable
2,502.04,metrica:Home:12,attacker_complete_support_unavailable
2,502.04,metrica:Home:13,attacker_complete_support_unavailable
2,502.04,metrica:Home:14,attacker_complete_support_unavailable
2,502.04,metrica:Home:2,attacker_complete_support_unavailable
2,502.04,metrica:Home:3,complete_ten_defenders_unavailable
2,502.04,metrica:Home:4,attacker_complete_support_unavailable
2,502.04,metrica:Home:5,complete_ten_defenders_unavailable
2,502.04,metrica:Home:6,complete_ten_defenders_unavailable
2,502.04,metrica:Home:7,attacker_complete_support_unavailable
2,502.04,metrica:Home:8,attacker_complete_support_unavailable
2,502.04,metrica:Home:9,complete_ten_defenders_unavailable
2,506.04,metrica:Home:1,complete_ten_defenders_unavailable
2,506.04,metrica:Home:10,attacker_complete_support_unavailable
2,506.04,metrica:Home:12,attacker_complete_support_unavailable
2,506.04,metrica:Home:13,attacker_complete_support_unavailable
2,506.04,metrica:Home:14,attacker_complete_support_unavailable
2,506.04,metrica:Home:2,attacker_complete_support_unavailable
2,506.04,metrica:Home:3,complete_ten_defenders_unavailable
2,506.04,metrica:Home:4,attacker_complete_support_unavailable
2,506.04,metrica:Home:5,complete_ten_defenders_unavailable
2,506.04,metrica:Home:6,complete_ten_defenders_unavailable
2,506.04,metrica:Home:7,attacker_complete_support_unavailable
2,506.04,metrica:Home:8,attacker_complete_support_unavailable
2,506.04,metrica:Home:9,complete_ten_defenders_unavailable
2,510.04,metrica:Home:1,complete_ten_defenders_unavailable
2,510.04,metrica:Home:10,attacker_complete_support_unavailable
2,510.04,metrica:Home:12,attacker_complete_support_unavailable
2,510.04,metrica:Home:13,attacker_complete_support_unavailable
2,510.04,metrica:Home:14,attacker_complete_support_unavailable
2,510.04,metrica:Home:2,attacker_complete_support_unavailable
2,510.04,metrica:Home:3,complete_ten_defenders_unavailable
2,510.04,metrica:Home:4,attacker_complete_support_unavailable
2,510.04,metrica:Home:5,complete_ten_defenders_unavailable
2,510.04,metrica:Home:6,complete_ten_defenders_unavailable
2,510.04,metrica:Home:7,attacker_complete_support_unavailable
2,510.04,metrica:Home:8,attacker_complete_support_unavailable
2,510.04,metrica:Home:9,complete_ten_defenders_unavailable
2,514.04,metrica:Home:1,complete_ten_defenders_unavailable
2,514.04,metrica:Home:10,attacker_complete_support_unavailable
2,514.04,metrica:Home:12,attacker_complete_support_unavailable
2,514.04,metrica:Home:13,attacker_complete_support_unavailable
2,514.04,metrica:Home:14,attacker_complete_support_unavailable
2,514.04,metrica:Home:2,attacker_complete_support_unavailable
2,514.04,metrica:Home:3,complete_ten_defenders_unavailable
2,514.04,metrica:Home:4,attacker_complete_support_unavailable
2,514.04,metrica:Home:5,complete_ten_defenders_unavailable
2,514.04,metrica:Home:6,complete_ten_defenders_unavailable
2,514.04,metrica:Home:7,attacker_complete_support_unavailable
2,514.04,metrica:Home:8,attacker_complete_support_unavailable
2,514.04,metrica:Home:9,complete_ten_defenders_unavailable
2,518.04,metrica:Home:1,complete_ten_defenders_unavailable
2,518.04,metrica:Home:10,attacker_complete_support_unavailable
2,518.04,metrica:Home:12,attacker_complete_support_unavailable
2,518.04,metrica:Home:13,attacker_complete_support_unavailable
2,518.04,metrica:Home:14,attacker_complete_support_unavailable
2,518.04,metrica:Home:2,attacker_complete_support_unavailable
2,518.04,metrica:Home:3,complete_ten_defenders_unavailable
2,518.04,metrica:Home:4,attacker_complete_support_unavailable
2,518.04,metrica:Home:5,complete_ten_defenders_unavailable
2,518.04,metrica:Home:6,complete_ten_defenders_unavailable
2,518.04,metrica:Home:7,attacker_complete_support_unavailable
2,518.04,metrica:Home:8,attacker_complete_support_unavailable
2,518.04,metrica:Home:9,complete_ten_defenders_unavailable
2,522.04,metrica:Home:1,complete_ten_defenders_unavailable
2,522.04,metrica:Home:10,attacker_complete_support_unavailable
2,522.04,metrica:Home:12,attacker_complete_support_unavailable
2,522.04,metrica:Home:13,attacker_complete_support_unavailable
2,522.04,metrica:Home:14,attacker_complete_support_unavailable
2,522.04,metrica:Home:2,attacker_complete_support_unavailable
2,522.04,metrica:Home:3,complete_ten_defenders_unavailable
2,522.04,metrica:Home:4,attacker_complete_support_unavailable
2,522.04,metrica:Home:5,complete_ten_defenders_unavailable
2,522.04,metrica:Home:6,complete_ten_defenders_unavailable
2,522.04,metrica:Home:7,attacker_complete_support_unavailable
2,522.04,metrica:Home:8,attacker_complete_support_unavailable
2,522.04,metrica:Home:9,complete_ten_defenders_unavailable
2,526.04,metrica:Home:1,complete_ten_defenders_unavailable
2,526.04,metrica:Home:10,attacker_complete_support_unavailable
2,526.04,metrica:Home:12,attacker_complete_support_unavailable
2,526.04,metrica:Home:13,attacker_complete_support_unavailable
2,526.04,metrica:Home:14,attacker_complete_support_unavailable
2,526.04,metrica:Home:2,attacker_complete_support_unavailable
2,526.04,metrica:Home:3,complete_ten_defenders_unavailable
2,526.04,metrica:Home:4,attacker_complete_support_unavailable
2,526.04,metrica:Home:5,complete_ten_defenders_unavailable
2,526.04,metrica:Home:6,complete_ten_defenders_unavailable
2,526.04,metrica:Home:7,attacker_complete_support_unavailable
2,526.04,metrica:Home:8,attacker_complete_support_unavailable
2,526.04,metrica:Home:9,complete_ten_defenders_unavailable
2,530.04,metrica:Home:1,restart_or_ball_out_span
2,530.04,metrica:Home:10,restart_or_ball_out_span
2,530.04,metrica:Home:12,restart_or_ball_out_span
2,530.04,metrica:Home:13,restart_or_ball_out_span
2,530.04,metrica:Home:14,restart_or_ball_out_span
2,530.04,metrica:Home:2,restart_or_ball_out_span
2,530.04,metrica:Home:3,restart_or_ball_out_span
2,530.04,metrica:Home:4,restart_or_ball_out_span
2,530.04,metrica:Home:5,restart_or_ball_out_span
2,530.04,metrica:Home:6,restart_or_ball_out_span
2,530.04,metrica:Home:7,restart_or_ball_out_span
2,530.04,metrica:Home:8,restart_or_ball_out_span
2,530.04,metrica:Home:9,restart_or_ball_out_span
2,534.04,metrica:Away:15,attacker_complete_support_unavailable
2,534.04,metrica:Away:16,complete_ten_defenders_unavailable
2,534.04,metrica:Away:17,complete_ten_defenders_unavailable
2,534.04,metrica:Away:18,complete_ten_defenders_unavailable
2,534.04,metrica:Away:19,complete_ten_defenders_unavailable
2,534.04,metrica:Away:20,attacker_complete_support_unavailable
2,534.04,metrica:Away:21,complete_ten_defenders_unavailable
2,534.04,metrica:Away:22,complete_ten_defenders_unavailable
2,534.04,metrica:Away:23,complete_ten_defenders_unavailable
2,534.04,metrica:Away:24,complete_ten_defenders_unavailable
2,534.04,metrica:Away:26,attacker_complete_support_unavailable
2,538.04,metrica:Away:15,attacker_complete_support_unavailable
2,538.04,metrica:Away:16,complete_ten_defenders_unavailable
2,538.04,metrica:Away:17,complete_ten_defenders_unavailable
2,538.04,metrica:Away:18,complete_ten_defenders_unavailable
2,538.04,metrica:Away:19,complete_ten_defenders_unavailable
2,538.04,metrica:Away:20,attacker_complete_support_unavailable
2,538.04,metrica:Away:21,complete_ten_defenders_unavailable
2,538.04,metrica:Away:22,complete_ten_defenders_unavailable
2,538.04,metrica:Away:23,complete_ten_defenders_unavailable
2,538.04,metrica:Away:24,complete_ten_defenders_unavailable
2,538.04,metrica:Away:26,attacker_complete_support_unavailable
2,542.04,metrica:Away:15,attacker_complete_support_unavailable
2,542.04,metrica:Away:16,complete_ten_defenders_unavailable
2,542.04,metrica:Away:17,complete_ten_defenders_unavailable
2,542.04,metrica:Away:18,complete_ten_defenders_unavailable
2,542.04,metrica:Away:19,complete_ten_defenders_unavailable
2,542.04,metrica:Away:20,attacker_complete_support_unavailable
2,542.04,metrica:Away:21,complete_ten_defenders_unavailable
2,542.04,metrica:Away:22,complete_ten_defenders_unavailable
2,542.04,metrica:Away:23,complete_ten_defenders_unavailable
2,542.04,metrica:Away:24,complete_ten_defenders_unavailable
2,542.04,metrica:Away:26,attacker_complete_support_unavailable
2,546.04,metrica:Away:15,attacker_complete_support_unavailable
2,546.04,metrica:Away:16,complete_ten_defenders_unavailable
2,546.04,metrica:Away:17,complete_ten_defenders_unavailable
2,546.04,metrica:Away:18,complete_ten_defenders_unavailable
2,546.04,metrica:Away:19,complete_ten_defenders_unavailable
2,546.04,metrica:Away:20,attacker_complete_support_unavailable
2,546.04,metrica:Away:21,complete_ten_defenders_unavailable
2,546.04,metrica:Away:22,complete_ten_defenders_unavailable
2,546.04,metrica:Away:23,complete_ten_defenders_unavailable
2,546.04,metrica:Away:24,complete_ten_defenders_unavailable
2,546.04,metrica:Away:26,attacker_complete_support_unavailable
2,550.04,metrica:Away:15,attacker_complete_support_unavailable
2,550.04,metrica:Away:16,complete_ten_defenders_unavailable
2,550.04,metrica:Away:17,complete_ten_defenders_unavailable
2,550.04,metrica:Away:18,complete_ten_defenders_unavailable
2,550.04,metrica:Away:19,complete_ten_defenders_unavailable
2,550.04,metrica:Away:20,attacker_complete_support_unavailable
2,550.04,metrica:Away:21,complete_ten_defenders_unavailable
2,550.04,metrica:Away:22,complete_ten_defenders_unavailable
2,550.04,metrica:Away:23,complete_ten_defenders_unavailable
2,550.04,metrica:Away:24,complete_ten_defenders_unavailable
2,550.04,metrica:Away:26,attacker_complete_support_unavailable
2,554.04,metrica:Away:15,attacker_complete_support_unavailable
2,554.04,metrica:Away:16,complete_ten_defenders_unavailable
2,554.04,metrica:Away:17,complete_ten_defenders_unavailable
2,554.04,metrica:Away:18,complete_ten_defenders_unavailable
2,554.04,metrica:Away:19,complete_ten_defenders_unavailable
2,554.04,metrica:Away:20,attacker_complete_support_unavailable
2,554.04,metrica:Away:21,complete_ten_defenders_unavailable
2,554.04,metrica:Away:22,complete_ten_defenders_unavailable
2,554.04,metrica:Away:23,complete_ten_defenders_unavailable
2,554.04,metrica:Away:24,complete_ten_defenders_unavailable
2,554.04,metrica:Away:26,attacker_complete_support_unavailable
2,558.04,metrica:Away:15,attacker_complete_support_unavailable
2,558.04,metrica:Away:16,complete_ten_defenders_unavailable
2,558.04,metrica:Away:17,complete_ten_defenders_unavailable
2,558.04,metrica:Away:18,complete_ten_defenders_unavailable
2,558.04,metrica:Away:19,complete_ten_defenders_unavailable
2,558.04,metrica:Away:20,attacker_complete_support_unavailable
2,558.04,metrica:Away:21,complete_ten_defenders_unavailable
2,558.04,metrica:Away:22,complete_ten_defenders_unavailable
2,558.04,metrica:Away:23,complete_ten_defenders_unavailable
2,558.04,metrica:Away:24,complete_ten_defenders_unavailable
2,558.04,metrica:Away:26,attacker_complete_support_unavailable
2,562.04,metrica:Away:15,attacker_complete_support_unavailable
2,562.04,metrica:Away:16,complete_ten_defenders_unavailable
2,562.04,metrica:Away:17,complete_ten_defenders_unavailable
2,562.04,metrica:Away:18,complete_ten_defenders_unavailable
2,562.04,metrica:Away:19,complete_ten_defenders_unavailable
2,562.04,metrica:Away:20,attacker_complete_support_unavailable
2,562.04,metrica:Away:21,complete_ten_defenders_unavailable
2,562.04,metrica:Away:22,complete_ten_defenders_unavailable
2,562.04,metrica:Away:23,complete_ten_defenders_unavailable
2,562.04,metrica:Away:24,complete_ten_defenders_unavailable
2,562.04,metrica:Away:26,attacker_complete_support_unavailable
2,566.04,metrica:Away:15,attacker_complete_support_unavailable
2,566.04,metrica:Away:16,complete_ten_defenders_unavailable
2,566.04,metrica:Away:17,complete_ten_defenders_unavailable
2,566.04,metrica:Away:18,complete_ten_defenders_unavailable
2,566.04,metrica:Away:19,complete_ten_defenders_unavailable
2,566.04,metrica:Away:20,attacker_complete_support_unavailable
2,566.04,metrica:Away:21,complete_ten_defenders_unavailable
2,566.04,metrica:Away:22,complete_ten_defenders_unavailable
2,566.04,metrica:Away:23,complete_ten_defenders_unavailable
2,566.04,metrica:Away:24,complete_ten_defenders_unavailable
2,566.04,metrica:Away:26,attacker_complete_support_unavailable
2,570.04,metrica:Away:15,attacker_complete_support_unavailable
2,570.04,metrica:Away:16,complete_ten_defenders_unavailable
2,570.04,metrica:Away:17,complete_ten_defenders_unavailable
2,570.04,metrica:Away:18,complete_ten_defenders_unavailable
2,570.04,metrica:Away:19,complete_ten_defenders_unavailable
2,570.04,metrica:Away:20,attacker_complete_support_unavailable
2,570.04,metrica:Away:21,complete_ten_defenders_unavailable
2,570.04,metrica:Away:22,complete_ten_defenders_unavailable
2,570.04,metrica:Away:23,complete_ten_defenders_unavailable
2,570.04,metrica:Away:24,complete_ten_defenders_unavailable
2,570.04,metrica:Away:26,attacker_complete_support_unavailable
2,574.04,metrica:Away:15,attacker_complete_support_unavailable
2,574.04,metrica:Away:16,complete_ten_defenders_unavailable
2,574.04,metrica:Away:17,complete_ten_defenders_unavailable
2,574.04,metrica:Away:18,complete_ten_defenders_unavailable
2,574.04,metrica:Away:19,complete_ten_defenders_unavailable
2,574.04,metrica:Away:20,attacker_complete_support_unavailable
2,574.04,metrica:Away:21,complete_ten_defenders_unavailable
2,574.04,metrica:Away:22,complete_ten_defenders_unavailable
2,574.04,metrica:Away:23,complete_ten_defenders_unavailable
2,574.04,metrica:Away:24,complete_ten_defenders_unavailable
2,574.04,metrica:Away:26,attacker_complete_support_unavailable
2,578.04,metrica:Away:15,restart_or_ball_out_span
2,578.04,metrica:Away:16,restart_or_ball_out_span
2,578.04,metrica:Away:17,restart_or_ball_out_span
2,578.04,metrica:Away:18,restart_or_ball_out_span
2,578.04,metrica:Away:19,restart_or_ball_out_span
2,578.04,metrica:Away:20,restart_or_ball_out_span
2,578.04,metrica:Away:21,restart_or_ball_out_span
2,578.04,metrica:Away:22,restart_or_ball_out_span
2,578.04,metrica:Away:23,restart_or_ball_out_span
2,578.04,metrica:Away:24,restart_or_ball_out_span
2,578.04,metrica:Away:26,restart_or_ball_out_span
2,582.04,metrica:Home:1,complete_ten_defenders_unavailable
2,582.04,metrica:Home:10,attacker_complete_support_unavailable
2,582.04,metrica:Home:12,attacker_complete_support_unavailable
2,582.04,metrica:Home:13,attacker_complete_support_unavailable
2,582.04,metrica:Home:14,attacker_complete_support_unavailable
2,582.04,metrica:Home:2,attacker_complete_support_unavailable
2,582.04,metrica:Home:3,complete_ten_defenders_unavailable
2,582.04,metrica:Home:4,attacker_complete_support_unavailable
2,582.04,metrica:Home:5,attacker_complete_support_unavailable
2,582.04,metrica:Home:6,complete_ten_defenders_unavailable
2,582.04,metrica:Home:7,attacker_complete_support_unavailable
2,582.04,metrica:Home:8,attacker_complete_support_unavailable
2,582.04,metrica:Home:9,complete_ten_defenders_unavailable
2,586.04,metrica:Away:15,attacker_complete_support_unavailable
2,586.04,metrica:Away:16,complete_ten_defenders_unavailable
2,586.04,metrica:Away:17,complete_ten_defenders_unavailable
2,586.04,metrica:Away:18,complete_ten_defenders_unavailable
2,586.04,metrica:Away:19,complete_ten_defenders_unavailable
2,586.04,metrica:Away:20,attacker_complete_support_unavailable
2,586.04,metrica:Away:21,complete_ten_defenders_unavailable
2,586.04,metrica:Away:22,complete_ten_defenders_unavailable
2,586.04,metrica:Away:23,complete_ten_defenders_unavailable
2,586.04,metrica:Away:24,complete_ten_defenders_unavailable
2,586.04,metrica:Away:26,attacker_complete_support_unavailable
2,590.04,metrica:Home:1,complete_ten_defenders_unavailable
2,590.04,metrica:Home:10,attacker_complete_support_unavailable
2,590.04,metrica:Home:12,attacker_complete_support_unavailable
2,590.04,metrica:Home:13,attacker_complete_support_unavailable
2,590.04,metrica:Home:14,attacker_complete_support_unavailable
2,590.04,metrica:Home:2,attacker_complete_support_unavailable
2,590.04,metrica:Home:3,complete_ten_defenders_unavailable
2,590.04,metrica:Home:4,attacker_complete_support_unavailable
2,590.04,metrica:Home:5,attacker_complete_support_unavailable
2,590.04,metrica:Home:6,complete_ten_defenders_unavailable
2,590.04,metrica:Home:7,attacker_complete_support_unavailable
2,590.04,metrica:Home:8,attacker_complete_support_unavailable
2,590.04,metrica:Home:9,complete_ten_defenders_unavailable
2,594.04,metrica:Home:1,complete_ten_defenders_unavailable
2,594.04,metrica:Home:10,attacker_complete_support_unavailable
2,594.04,metrica:Home:12,attacker_complete_support_unavailable
2,594.04,metrica:Home:13,attacker_complete_support_unavailable
2,594.04,metrica:Home:14,attacker_complete_support_unavailable
2,594.04,metrica:Home:2,attacker_complete_support_unavailable
2,594.04,metrica:Home:3,complete_ten_defenders_unavailable
2,594.04,metrica:Home:4,attacker_complete_support_unavailable
2,594.04,metrica:Home:5,attacker_complete_support_unavailable
2,594.04,metrica:Home:6,complete_ten_defenders_unavailable
2,594.04,metrica:Home:7,attacker_complete_support_unavailable
2,594.04,metrica:Home:8,attacker_complete_support_unavailable
2,594.04,metrica:Home:9,complete_ten_defenders_unavailable
2,598.04,metrica:Home:1,complete_ten_defenders_unavailable
2,598.04,metrica:Home:10,attacker_complete_support_unavailable
2,598.04,metrica:Home:12,attacker_complete_support_unavailable
2,598.04,metrica:Home:13,attacker_complete_support_unavailable
2,598.04,metrica:Home:14,attacker_complete_support_unavailable
2,598.04,metrica:Home:2,attacker_complete_support_unavailable
2,598.04,metrica:Home:3,complete_ten_defenders_unavailable
2,598.04,metrica:Home:4,attacker_complete_support_unavailable
2,598.04,metrica:Home:5,attacker_complete_support_unavailable
2,598.04,metrica:Home:6,complete_ten_defenders_unavailable
2,598.04,metrica:Home:7,attacker_complete_support_unavailable
2,598.04,metrica:Home:8,attacker_complete_support_unavailable
2,598.04,metrica:Home:9,complete_ten_defenders_unavailable
2,602.04,metrica:Home:1,complete_ten_defenders_unavailable
2,602.04,metrica:Home:10,attacker_complete_support_unavailable
2,602.04,metrica:Home:12,attacker_complete_support_unavailable
2,602.04,metrica:Home:13,attacker_complete_support_unavailable
2,602.04,metrica:Home:14,attacker_complete_support_unavailable
2,602.04,metrica:Home:2,attacker_complete_support_unavailable
2,602.04,metrica:Home:3,complete_ten_defenders_unavailable
2,602.04,metrica:Home:4,attacker_complete_support_unavailable
2,602.04,metrica:Home:5,attacker_complete_support_unavailable
2,602.04,metrica:Home:6,complete_ten_defenders_unavailable
2,602.04,metrica:Home:7,attacker_complete_support_unavailable
2,602.04,metrica:Home:8,attacker_complete_support_unavailable
2,602.04,metrica:Home:9,complete_ten_defenders_unavailable
2,606.04,metrica:Home:1,complete_ten_defenders_unavailable
2,606.04,metrica:Home:10,attacker_complete_support_unavailable
2,606.04,metrica:Home:12,attacker_complete_support_unavailable
2,606.04,metrica:Home:13,attacker_complete_support_unavailable
2,606.04,metrica:Home:14,attacker_complete_support_unavailable
2,606.04,metrica:Home:2,attacker_complete_support_unavailable
2,606.04,metrica:Home:3,complete_ten_defenders_unavailable
2,606.04,metrica:Home:4,attacker_complete_support_unavailable
2,606.04,metrica:Home:5,attacker_complete_support_unavailable
2,606.04,metrica:Home:6,complete_ten_defenders_unavailable
2,606.04,metrica:Home:7,attacker_complete_support_unavailable
2,606.04,metrica:Home:8,attacker_complete_support_unavailable
2,606.04,metrica:Home:9,complete_ten_defenders_unavailable
2,610.04,metrica:Home:1,complete_ten_defenders_unavailable
2,610.04,metrica:Home:10,attacker_complete_support_unavailable
2,610.04,metrica:Home:12,attacker_complete_support_unavailable
2,610.04,metrica:Home:13,attacker_complete_support_unavailable
2,610.04,metrica:Home:14,attacker_complete_support_unavailable
2,610.04,metrica:Home:2,attacker_complete_support_unavailable
2,610.04,metrica:Home:3,complete_ten_defenders_unavailable
2,610.04,metrica:Home:4,attacker_complete_support_unavailable
2,610.04,metrica:Home:5,attacker_complete_support_unavailable
2,610.04,metrica:Home:6,complete_ten_defenders_unavailable
2,610.04,metrica:Home:7,attacker_complete_support_unavailable
2,610.04,metrica:Home:8,attacker_complete_support_unavailable
2,610.04,metrica:Home:9,complete_ten_defenders_unavailable
2,614.04,metrica:Home:1,complete_ten_defenders_unavailable
2,614.04,metrica:Home:10,attacker_complete_support_unavailable
2,614.04,metrica:Home:12,attacker_complete_support_unavailable
2,614.04,metrica:Home:13,attacker_complete_support_unavailable
2,614.04,metrica:Home:14,attacker_complete_support_unavailable
2,614.04,metrica:Home:2,attacker_complete_support_unavailable
2,614.04,metrica:Home:3,complete_ten_defenders_unavailable
2,614.04,metrica:Home:4,attacker_complete_support_unavailable
2,614.04,metrica:Home:5,attacker_complete_support_unavailable
2,614.04,metrica:Home:6,complete_ten_defenders_unavailable
2,614.04,metrica:Home:7,attacker_complete_support_unavailable
2,614.04,metrica:Home:8,attacker_complete_support_unavailable
2,614.04,metrica:Home:9,complete_ten_defenders_unavailable
2,618.04,metrica:Home:1,complete_ten_defenders_unavailable
2,618.04,metrica:Home:10,attacker_complete_support_unavailable
2,618.04,metrica:Home:12,attacker_complete_support_unavailable
2,618.04,metrica:Home:13,attacker_complete_support_unavailable
2,618.04,metrica:Home:14,attacker_complete_support_unavailable
2,618.04,metrica:Home:2,attacker_complete_support_unavailable
2,618.04,metrica:Home:3,complete_ten_defenders_unavailable
2,618.04,metrica:Home:4,attacker_complete_support_unavailable
2,618.04,metrica:Home:5,attacker_complete_support_unavailable
2,618.04,metrica:Home:6,complete_ten_defenders_unavailable
2,618.04,metrica:Home:7,attacker_complete_support_unavailable
2,618.04,metrica:Home:8,attacker_complete_support_unavailable
2,618.04,metrica:Home:9,complete_ten_defenders_unavailable
2,622.04,metrica:Home:1,complete_ten_defenders_unavailable
2,622.04,metrica:Home:10,attacker_complete_support_unavailable
2,622.04,metrica:Home:12,attacker_complete_support_unavailable
2,622.04,metrica:Home:13,attacker_complete_support_unavailable
2,622.04,metrica:Home:14,attacker_complete_support_unavailable
2,622.04,metrica:Home:2,attacker_complete_support_unavailable
2,622.04,metrica:Home:3,complete_ten_defenders_unavailable
2,622.04,metrica:Home:4,attacker_complete_support_unavailable
2,622.04,metrica:Home:5,attacker_complete_support_unavailable
2,622.04,metrica:Home:6,complete_ten_defenders_unavailable
2,622.04,metrica:Home:7,attacker_complete_support_unavailable
2,622.04,metrica:Home:8,attacker_complete_support_unavailable
2,622.04,metrica:Home:9,complete_ten_defenders_unavailable
2,626.04,metrica:Away:15,attacker_complete_support_unavailable
2,626.04,metrica:Away:16,complete_ten_defenders_unavailable
2,626.04,metrica:Away:17,complete_ten_defenders_unavailable
2,626.04,metrica:Away:18,complete_ten_defenders_unavailable
2,626.04,metrica:Away:19,complete_ten_defenders_unavailable
2,626.04,metrica:Away:20,attacker_complete_support_unavailable
2,626.04,metrica:Away:21,complete_ten_defenders_unavailable
2,626.04,metrica:Away:22,complete_ten_defenders_unavailable
2,626.04,metrica:Away:23,complete_ten_defenders_unavailable
2,626.04,metrica:Away:24,complete_ten_defenders_unavailable
2,626.04,metrica:Away:26,attacker_complete_support_unavailable
2,630.04,metrica:Away:15,attacker_complete_support_unavailable
2,630.04,metrica:Away:16,complete_ten_defenders_unavailable
2,630.04,metrica:Away:17,complete_ten_defenders_unavailable
2,630.04,metrica:Away:18,complete_ten_defenders_unavailable
2,630.04,metrica:Away:19,complete_ten_defenders_unavailable
2,630.04,metrica:Away:20,attacker_complete_support_unavailable
2,630.04,metrica:Away:21,complete_ten_defenders_unavailable
2,630.04,metrica:Away:22,complete_ten_defenders_unavailable
2,630.04,metrica:Away:23,complete_ten_defenders_unavailable
2,630.04,metrica:Away:24,complete_ten_defenders_unavailable
2,630.04,metrica:Away:26,attacker_complete_support_unavailable
2,634.04,metrica:Away:15,attacker_complete_support_unavailable
2,634.04,metrica:Away:16,complete_ten_defenders_unavailable
2,634.04,metrica:Away:17,complete_ten_defenders_unavailable
2,634.04,metrica:Away:18,complete_ten_defenders_unavailable
2,634.04,metrica:Away:19,complete_ten_defenders_unavailable
2,634.04,metrica:Away:20,attacker_complete_support_unavailable
2,634.04,metrica:Away:21,complete_ten_defenders_unavailable
2,634.04,metrica:Away:22,complete_ten_defenders_unavailable
2,634.04,metrica:Away:23,complete_ten_defenders_unavailable
2,634.04,metrica:Away:24,complete_ten_defenders_unavailable
2,634.04,metrica:Away:26,attacker_complete_support_unavailable
2,638.04,metrica:Away:15,attacker_complete_support_unavailable
2,638.04,metrica:Away:16,complete_ten_defenders_unavailable
2,638.04,metrica:Away:17,complete_ten_defenders_unavailable
2,638.04,metrica:Away:18,complete_ten_defenders_unavailable
2,638.04,metrica:Away:19,complete_ten_defenders_unavailable
2,638.04,metrica:Away:20,attacker_complete_support_unavailable
2,638.04,metrica:Away:21,complete_ten_defenders_unavailable
2,638.04,metrica:Away:22,complete_ten_defenders_unavailable
2,638.04,metrica:Away:23,complete_ten_defenders_unavailable
2,638.04,metrica:Away:24,complete_ten_defenders_unavailable
2,638.04,metrica:Away:26,attacker_complete_support_unavailable
2,642.04,metrica:Away:15,attacker_complete_support_unavailable
2,642.04,metrica:Away:16,complete_ten_defenders_unavailable
2,642.04,metrica:Away:17,complete_ten_defenders_unavailable
2,642.04,metrica:Away:18,complete_ten_defenders_unavailable
2,642.04,metrica:Away:19,complete_ten_defenders_unavailable
2,642.04,metrica:Away:20,attacker_complete_support_unavailable
2,642.04,metrica:Away:21,complete_ten_defenders_unavailable
2,642.04,metrica:Away:22,complete_ten_defenders_unavailable
2,642.04,metrica:Away:23,complete_ten_defenders_unavailable
2,642.04,metrica:Away:24,complete_ten_defenders_unavailable
2,642.04,metrica:Away:26,attacker_complete_support_unavailable
2,646.04,metrica:Away:15,attacker_complete_support_unavailable
2,646.04,metrica:Away:16,complete_ten_defenders_unavailable
2,646.04,metrica:Away:17,complete_ten_defenders_unavailable
2,646.04,metrica:Away:18,complete_ten_defenders_unavailable
2,646.04,metrica:Away:19,complete_ten_defenders_unavailable
2,646.04,metrica:Away:20,attacker_complete_support_unavailable
2,646.04,metrica:Away:21,complete_ten_defenders_unavailable
2,646.04,metrica:Away:22,complete_ten_defenders_unavailable
2,646.04,metrica:Away:23,complete_ten_defenders_unavailable
2,646.04,metrica:Away:24,complete_ten_defenders_unavailable
2,646.04,metrica:Away:26,attacker_complete_support_unavailable
2,650.04,metrica:Away:15,attacker_complete_support_unavailable
2,650.04,metrica:Away:16,complete_ten_defenders_unavailable
2,650.04,metrica:Away:17,complete_ten_defenders_unavailable
2,650.04,metrica:Away:18,complete_ten_defenders_unavailable
2,650.04,metrica:Away:19,complete_ten_defenders_unavailable
2,650.04,metrica:Away:20,attacker_complete_support_unavailable
2,650.04,metrica:Away:21,complete_ten_defenders_unavailable
2,650.04,metrica:Away:22,complete_ten_defenders_unavailable
2,650.04,metrica:Away:23,complete_ten_defenders_unavailable
2,650.04,metrica:Away:24,complete_ten_defenders_unavailable
2,650.04,metrica:Away:26,attacker_complete_support_unavailable
2,654.04,metrica:Away:15,attacker_complete_support_unavailable
2,654.04,metrica:Away:16,complete_ten_defenders_unavailable
2,654.04,metrica:Away:17,complete_ten_defenders_unavailable
2,654.04,metrica:Away:18,complete_ten_defenders_unavailable
2,654.04,metrica:Away:19,complete_ten_defenders_unavailable
2,654.04,metrica:Away:20,attacker_complete_support_unavailable
2,654.04,metrica:Away:21,complete_ten_defenders_unavailable
2,654.04,metrica:Away:22,complete_ten_defenders_unavailable
2,654.04,metrica:Away:23,complete_ten_defenders_unavailable
2,654.04,metrica:Away:24,complete_ten_defenders_unavailable
2,654.04,metrica:Away:26,attacker_complete_support_unavailable
2,658.04,metrica:Away:15,attacker_complete_support_unavailable
2,658.04,metrica:Away:16,complete_ten_defenders_unavailable
2,658.04,metrica:Away:17,complete_ten_defenders_unavailable
2,658.04,metrica:Away:18,complete_ten_defenders_unavailable
2,658.04,metrica:Away:19,complete_ten_defenders_unavailable
2,658.04,metrica:Away:20,attacker_complete_support_unavailable
2,658.04,metrica:Away:21,complete_ten_defenders_unavailable
2,658.04,metrica:Away:22,complete_ten_defenders_unavailable
2,658.04,metrica:Away:23,complete_ten_defenders_unavailable
2,658.04,metrica:Away:24,complete_ten_defenders_unavailable
2,658.04,metrica:Away:26,attacker_complete_support_unavailable
2,662.04,metrica:Away:15,attacker_complete_support_unavailable
2,662.04,metrica:Away:16,complete_ten_defenders_unavailable
2,662.04,metrica:Away:17,complete_ten_defenders_unavailable
2,662.04,metrica:Away:18,complete_ten_defenders_unavailable
2,662.04,metrica:Away:19,complete_ten_defenders_unavailable
2,662.04,metrica:Away:20,attacker_complete_support_unavailable
2,662.04,metrica:Away:21,complete_ten_defenders_unavailable
2,662.04,metrica:Away:22,complete_ten_defenders_unavailable
2,662.04,metrica:Away:23,complete_ten_defenders_unavailable
2,662.04,metrica:Away:24,complete_ten_defenders_unavailable
2,662.04,metrica:Away:26,attacker_complete_support_unavailable
2,666.04,metrica:Away:15,attacker_complete_support_unavailable
2,666.04,metrica:Away:16,complete_ten_defenders_unavailable
2,666.04,metrica:Away:17,complete_ten_defenders_unavailable
2,666.04,metrica:Away:18,complete_ten_defenders_unavailable
2,666.04,metrica:Away:19,complete_ten_defenders_unavailable
2,666.04,metrica:Away:20,attacker_complete_support_unavailable
2,666.04,metrica:Away:21,complete_ten_defenders_unavailable
2,666.04,metrica:Away:22,complete_ten_defenders_unavailable
2,666.04,metrica:Away:23,complete_ten_defenders_unavailable
2,666.04,metrica:Away:24,complete_ten_defenders_unavailable
2,666.04,metrica:Away:26,attacker_complete_support_unavailable
2,670.04,metrica:Away:15,attacker_complete_support_unavailable
2,670.04,metrica:Away:16,complete_ten_defenders_unavailable
2,670.04,metrica:Away:17,complete_ten_defenders_unavailable
2,670.04,metrica:Away:18,complete_ten_defenders_unavailable
2,670.04,metrica:Away:19,complete_ten_defenders_unavailable
2,670.04,metrica:Away:20,attacker_complete_support_unavailable
2,670.04,metrica:Away:21,complete_ten_defenders_unavailable
2,670.04,metrica:Away:22,complete_ten_defenders_unavailable
2,670.04,metrica:Away:23,complete_ten_defenders_unavailable
2,670.04,metrica:Away:24,complete_ten_defenders_unavailable
2,670.04,metrica:Away:26,attacker_complete_support_unavailable
2,674.04,metrica:Away:15,attacker_complete_support_unavailable
2,674.04,metrica:Away:16,complete_ten_defenders_unavailable
2,674.04,metrica:Away:17,complete_ten_defenders_unavailable
2,674.04,metrica:Away:18,complete_ten_defenders_unavailable
2,674.04,metrica:Away:19,complete_ten_defenders_unavailable
2,674.04,metrica:Away:20,attacker_complete_support_unavailable
2,674.04,metrica:Away:21,complete_ten_defenders_unavailable
2,674.04,metrica:Away:22,complete_ten_defenders_unavailable
2,674.04,metrica:Away:23,complete_ten_defenders_unavailable
2,674.04,metrica:Away:24,complete_ten_defenders_unavailable
2,674.04,metrica:Away:26,attacker_complete_support_unavailable
2,678.04,metrica:Away:15,attacker_complete_support_unavailable
2,678.04,metrica:Away:16,complete_ten_defenders_unavailable
2,678.04,metrica:Away:17,complete_ten_defenders_unavailable
2,678.04,metrica:Away:18,complete_ten_defenders_unavailable
2,678.04,metrica:Away:19,complete_ten_defenders_unavailable
2,678.04,metrica:Away:20,attacker_complete_support_unavailable
2,678.04,metrica:Away:21,complete_ten_defenders_unavailable
2,678.04,metrica:Away:22,complete_ten_defenders_unavailable
2,678.04,metrica:Away:23,complete_ten_defenders_unavailable
2,678.04,metrica:Away:24,complete_ten_defenders_unavailable
2,678.04,metrica:Away:26,attacker_complete_support_unavailable
2,682.04,metrica:Away:15,attacker_complete_support_unavailable
2,682.04,metrica:Away:16,complete_ten_defenders_unavailable
2,682.04,metrica:Away:17,complete_ten_defenders_unavailable
2,682.04,metrica:Away:18,complete_ten_defenders_unavailable
2,682.04,metrica:Away:19,complete_ten_defenders_unavailable
2,682.04,metrica:Away:20,attacker_complete_support_unavailable
2,682.04,metrica:Away:21,complete_ten_defenders_unavailable
2,682.04,metrica:Away:22,complete_ten_defenders_unavailable
2,682.04,metrica:Away:23,complete_ten_defenders_unavailable
2,682.04,metrica:Away:24,complete_ten_defenders_unavailable
2,682.04,metrica:Away:26,attacker_complete_support_unavailable
2,686.04,metrica:Away:15,attacker_complete_support_unavailable
2,686.04,metrica:Away:16,complete_ten_defenders_unavailable
2,686.04,metrica:Away:17,complete_ten_defenders_unavailable
2,686.04,metrica:Away:18,complete_ten_defenders_unavailable
2,686.04,metrica:Away:19,complete_ten_defenders_unavailable
2,686.04,metrica:Away:20,attacker_complete_support_unavailable
2,686.04,metrica:Away:21,complete_ten_defenders_unavailable
2,686.04,metrica:Away:22,complete_ten_defenders_unavailable
2,686.04,metrica:Away:23,complete_ten_defenders_unavailable
2,686.04,metrica:Away:24,complete_ten_defenders_unavailable
2,686.04,metrica:Away:26,attacker_complete_support_unavailable
2,690.04,metrica:Away:15,attacker_complete_support_unavailable
2,690.04,metrica:Away:16,complete_ten_defenders_unavailable
2,690.04,metrica:Away:17,complete_ten_defenders_unavailable
2,690.04,metrica:Away:18,complete_ten_defenders_unavailable
2,690.04,metrica:Away:19,complete_ten_defenders_unavailable
2,690.04,metrica:Away:20,attacker_complete_support_unavailable
2,690.04,metrica:Away:21,complete_ten_defenders_unavailable
2,690.04,metrica:Away:22,complete_ten_defenders_unavailable
2,690.04,metrica:Away:23,complete_ten_defenders_unavailable
2,690.04,metrica:Away:24,complete_ten_defenders_unavailable
2,690.04,metrica:Away:26,attacker_complete_support_unavailable
2,694.04,metrica:Away:15,attacker_complete_support_unavailable
2,694.04,metrica:Away:16,complete_ten_defenders_unavailable
2,694.04,metrica:Away:17,complete_ten_defenders_unavailable
2,694.04,metrica:Away:18,complete_ten_defenders_unavailable
2,694.04,metrica:Away:19,complete_ten_defenders_unavailable
2,694.04,metrica:Away:20,attacker_complete_support_unavailable
2,694.04,metrica:Away:21,complete_ten_defenders_unavailable
2,694.04,metrica:Away:22,complete_ten_defenders_unavailable
2,694.04,metrica:Away:23,complete_ten_defenders_unavailable
2,694.04,metrica:Away:24,complete_ten_defenders_unavailable
2,694.04,metrica:Away:26,attacker_complete_support_unavailable
2,698.04,metrica:Away:15,attacker_complete_support_unavailable
2,698.04,metrica:Away:16,complete_ten_defenders_unavailable
2,698.04,metrica:Away:17,complete_ten_defenders_unavailable
2,698.04,metrica:Away:18,complete_ten_defenders_unavailable
2,698.04,metrica:Away:19,complete_ten_defenders_unavailable
2,698.04,metrica:Away:20,attacker_complete_support_unavailable
2,698.04,metrica:Away:21,complete_ten_defenders_unavailable
2,698.04,metrica:Away:22,complete_ten_defenders_unavailable
2,698.04,metrica:Away:23,complete_ten_defenders_unavailable
2,698.04,metrica:Away:24,complete_ten_defenders_unavailable
2,698.04,metrica:Away:26,attacker_complete_support_unavailable
2,702.04,metrica:Away:15,restart_or_ball_out_span
2,702.04,metrica:Away:16,restart_or_ball_out_span
2,702.04,metrica:Away:17,restart_or_ball_out_span
2,702.04,metrica:Away:18,restart_or_ball_out_span
2,702.04,metrica:Away:19,restart_or_ball_out_span
2,702.04,metrica:Away:20,restart_or_ball_out_span
2,702.04,metrica:Away:21,restart_or_ball_out_span
2,702.04,metrica:Away:22,restart_or_ball_out_span
2,702.04,metrica:Away:23,restart_or_ball_out_span
2,702.04,metrica:Away:24,restart_or_ball_out_span
2,702.04,metrica:Away:26,restart_or_ball_out_span
2,706.04,metrica:Home:1,restart_or_ball_out_span
2,706.04,metrica:Home:10,restart_or_ball_out_span
2,706.04,metrica:Home:12,restart_or_ball_out_span
2,706.04,metrica:Home:13,restart_or_ball_out_span
2,706.04,metrica:Home:14,restart_or_ball_out_span
2,706.04,metrica:Home:2,restart_or_ball_out_span
2,706.04,metrica:Home:3,restart_or_ball_out_span
2,706.04,metrica:Home:4,restart_or_ball_out_span
2,706.04,metrica:Home:5,restart_or_ball_out_span
2,706.04,metrica:Home:6,restart_or_ball_out_span
2,706.04,metrica:Home:7,restart_or_ball_out_span
2,706.04,metrica:Home:8,restart_or_ball_out_span
2,706.04,metrica:Home:9,restart_or_ball_out_span
2,710.04,metrica:Home:1,complete_ten_defenders_unavailable
2,710.04,metrica:Home:10,attacker_complete_support_unavailable
2,710.04,metrica:Home:12,attacker_complete_support_unavailable
2,710.04,metrica:Home:13,attacker_complete_support_unavailable
2,710.04,metrica:Home:14,attacker_complete_support_unavailable
2,710.04,metrica:Home:2,attacker_complete_support_unavailable
2,710.04,metrica:Home:3,complete_ten_defenders_unavailable
2,710.04,metrica:Home:4,attacker_complete_support_unavailable
2,710.04,metrica:Home:5,attacker_complete_support_unavailable
2,710.04,metrica:Home:6,complete_ten_defenders_unavailable
2,710.04,metrica:Home:7,attacker_complete_support_unavailable
2,710.04,metrica:Home:8,attacker_complete_support_unavailable
2,710.04,metrica:Home:9,complete_ten_defenders_unavailable
2,714.04,metrica:Home:1,complete_ten_defenders_unavailable
2,714.04,metrica:Home:10,attacker_complete_support_unavailable
2,714.04,metrica:Home:12,attacker_complete_support_unavailable
2,714.04,metrica:Home:13,attacker_complete_support_unavailable
2,714.04,metrica:Home:14,attacker_complete_support_unavailable
2,714.04,metrica:Home:2,attacker_complete_support_unavailable
2,714.04,metrica:Home:3,complete_ten_defenders_unavailable
2,714.04,metrica:Home:4,attacker_complete_support_unavailable
2,714.04,metrica:Home:5,attacker_complete_support_unavailable
2,714.04,metrica:Home:6,complete_ten_defenders_unavailable
2,714.04,metrica:Home:7,attacker_complete_support_unavailable
2,714.04,metrica:Home:8,attacker_complete_support_unavailable
2,714.04,metrica:Home:9,complete_ten_defenders_unavailable
2,718.04,metrica:Home:1,complete_ten_defenders_unavailable
2,718.04,metrica:Home:10,attacker_complete_support_unavailable
2,718.04,metrica:Home:12,attacker_complete_support_unavailable
2,718.04,metrica:Home:13,attacker_complete_support_unavailable
2,718.04,metrica:Home:14,attacker_complete_support_unavailable
2,718.04,metrica:Home:2,attacker_complete_support_unavailable
2,718.04,metrica:Home:3,complete_ten_defenders_unavailable
2,718.04,metrica:Home:4,attacker_complete_support_unavailable
2,718.04,metrica:Home:5,attacker_complete_support_unavailable
2,718.04,metrica:Home:6,complete_ten_defenders_unavailable
2,718.04,metrica:Home:7,attacker_complete_support_unavailable
2,718.04,metrica:Home:8,attacker_complete_support_unavailable
2,718.04,metrica:Home:9,complete_ten_defenders_unavailable
2,722.04,metrica:Home:1,restart_or_ball_out_span
2,722.04,metrica:Home:10,restart_or_ball_out_span
2,722.04,metrica:Home:12,restart_or_ball_out_span
2,722.04,metrica:Home:13,restart_or_ball_out_span
2,722.04,metrica:Home:14,restart_or_ball_out_span
2,722.04,metrica:Home:2,restart_or_ball_out_span
2,722.04,metrica:Home:3,restart_or_ball_out_span
2,722.04,metrica:Home:4,restart_or_ball_out_span
2,722.04,metrica:Home:5,restart_or_ball_out_span
2,722.04,metrica:Home:6,restart_or_ball_out_span
2,722.04,metrica:Home:7,restart_or_ball_out_span
2,722.04,metrica:Home:8,restart_or_ball_out_span
2,722.04,metrica:Home:9,restart_or_ball_out_span
2,726.04,metrica:Away:15,attacker_complete_support_unavailable
2,726.04,metrica:Away:16,complete_ten_defenders_unavailable
2,726.04,metrica:Away:17,complete_ten_defenders_unavailable
2,726.04,metrica:Away:18,complete_ten_defenders_unavailable
2,726.04,metrica:Away:19,complete_ten_defenders_unavailable
2,726.04,metrica:Away:20,attacker_complete_support_unavailable
2,726.04,metrica:Away:21,complete_ten_defenders_unavailable
2,726.04,metrica:Away:22,complete_ten_defenders_unavailable
2,726.04,metrica:Away:23,complete_ten_defenders_unavailable
2,726.04,metrica:Away:24,complete_ten_defenders_unavailable
2,726.04,metrica:Away:26,attacker_complete_support_unavailable
2,730.04,metrica:Away:15,attacker_complete_support_unavailable
2,730.04,metrica:Away:16,complete_ten_defenders_unavailable
2,730.04,metrica:Away:17,complete_ten_defenders_unavailable
2,730.04,metrica:Away:18,complete_ten_defenders_unavailable
2,730.04,metrica:Away:19,complete_ten_defenders_unavailable
2,730.04,metrica:Away:20,attacker_complete_support_unavailable
2,730.04,metrica:Away:21,complete_ten_defenders_unavailable
2,730.04,metrica:Away:22,complete_ten_defenders_unavailable
2,730.04,metrica:Away:23,complete_ten_defenders_unavailable
2,730.04,metrica:Away:24,complete_ten_defenders_unavailable
2,730.04,metrica:Away:26,attacker_complete_support_unavailable
2,734.04,metrica:Away:15,attacker_complete_support_unavailable
2,734.04,metrica:Away:16,complete_ten_defenders_unavailable
2,734.04,metrica:Away:17,complete_ten_defenders_unavailable
2,734.04,metrica:Away:18,complete_ten_defenders_unavailable
2,734.04,metrica:Away:19,complete_ten_defenders_unavailable
2,734.04,metrica:Away:20,attacker_complete_support_unavailable
2,734.04,metrica:Away:21,complete_ten_defenders_unavailable
2,734.04,metrica:Away:22,complete_ten_defenders_unavailable
2,734.04,metrica:Away:23,complete_ten_defenders_unavailable
2,734.04,metrica:Away:24,complete_ten_defenders_unavailable
2,734.04,metrica:Away:26,attacker_complete_support_unavailable
2,738.04,metrica:Away:15,attacker_complete_support_unavailable
2,738.04,metrica:Away:16,complete_ten_defenders_unavailable
2,738.04,metrica:Away:17,complete_ten_defenders_unavailable
2,738.04,metrica:Away:18,complete_ten_defenders_unavailable
2,738.04,metrica:Away:19,complete_ten_defenders_unavailable
2,738.04,metrica:Away:20,attacker_complete_support_unavailable
2,738.04,metrica:Away:21,complete_ten_defenders_unavailable
2,738.04,metrica:Away:22,complete_ten_defenders_unavailable
2,738.04,metrica:Away:23,complete_ten_defenders_unavailable
2,738.04,metrica:Away:24,complete_ten_defenders_unavailable
2,738.04,metrica:Away:26,attacker_complete_support_unavailable
2,742.04,metrica:Away:15,attacker_complete_support_unavailable
2,742.04,metrica:Away:16,complete_ten_defenders_unavailable
2,742.04,metrica:Away:17,complete_ten_defenders_unavailable
2,742.04,metrica:Away:18,complete_ten_defenders_unavailable
2,742.04,metrica:Away:19,complete_ten_defenders_unavailable
2,742.04,metrica:Away:20,attacker_complete_support_unavailable
2,742.04,metrica:Away:21,complete_ten_defenders_unavailable
2,742.04,metrica:Away:22,complete_ten_defenders_unavailable
2,742.04,metrica:Away:23,complete_ten_defenders_unavailable
2,742.04,metrica:Away:24,complete_ten_defenders_unavailable
2,742.04,metrica:Away:26,attacker_complete_support_unavailable
2,746.04,metrica:Away:15,attacker_complete_support_unavailable
2,746.04,metrica:Away:16,complete_ten_defenders_unavailable
2,746.04,metrica:Away:17,complete_ten_defenders_unavailable
2,746.04,metrica:Away:18,complete_ten_defenders_unavailable
2,746.04,metrica:Away:19,complete_ten_defenders_unavailable
2,746.04,metrica:Away:20,attacker_complete_support_unavailable
2,746.04,metrica:Away:21,complete_ten_defenders_unavailable
2,746.04,metrica:Away:22,complete_ten_defenders_unavailable
2,746.04,metrica:Away:23,complete_ten_defenders_unavailable
2,746.04,metrica:Away:24,complete_ten_defenders_unavailable
2,746.04,metrica:Away:26,attacker_complete_support_unavailable
2,750.04,metrica:Away:15,attacker_complete_support_unavailable
2,750.04,metrica:Away:16,complete_ten_defenders_unavailable
2,750.04,metrica:Away:17,complete_ten_defenders_unavailable
2,750.04,metrica:Away:18,complete_ten_defenders_unavailable
2,750.04,metrica:Away:19,complete_ten_defenders_unavailable
2,750.04,metrica:Away:20,attacker_complete_support_unavailable
2,750.04,metrica:Away:21,complete_ten_defenders_unavailable
2,750.04,metrica:Away:22,complete_ten_defenders_unavailable
2,750.04,metrica:Away:23,complete_ten_defenders_unavailable
2,750.04,metrica:Away:24,complete_ten_defenders_unavailable
2,750.04,metrica:Away:26,attacker_complete_support_unavailable
2,754.04,metrica:Away:15,attacker_complete_support_unavailable
2,754.04,metrica:Away:16,complete_ten_defenders_unavailable
2,754.04,metrica:Away:17,complete_ten_defenders_unavailable
2,754.04,metrica:Away:18,complete_ten_defenders_unavailable
2,754.04,metrica:Away:19,complete_ten_defenders_unavailable
2,754.04,metrica:Away:20,attacker_complete_support_unavailable
2,754.04,metrica:Away:21,complete_ten_defenders_unavailable
2,754.04,metrica:Away:22,complete_ten_defenders_unavailable
2,754.04,metrica:Away:23,complete_ten_defenders_unavailable
2,754.04,metrica:Away:24,complete_ten_defenders_unavailable
2,754.04,metrica:Away:26,attacker_complete_support_unavailable
2,758.04,metrica:Home:1,restart_or_ball_out_span
2,758.04,metrica:Home:10,restart_or_ball_out_span
2,758.04,metrica:Home:12,restart_or_ball_out_span
2,758.04,metrica:Home:13,restart_or_ball_out_span
2,758.04,metrica:Home:14,restart_or_ball_out_span
2,758.04,metrica:Home:2,restart_or_ball_out_span
2,758.04,metrica:Home:3,restart_or_ball_out_span
2,758.04,metrica:Home:4,restart_or_ball_out_span
2,758.04,metrica:Home:5,restart_or_ball_out_span
2,758.04,metrica:Home:6,restart_or_ball_out_span
2,758.04,metrica:Home:7,restart_or_ball_out_span
2,758.04,metrica:Home:8,restart_or_ball_out_span
2,758.04,metrica:Home:9,restart_or_ball_out_span
2,762.04,metrica:Away:15,attacker_complete_support_unavailable
2,762.04,metrica:Away:16,complete_ten_defenders_unavailable
2,762.04,metrica:Away:17,complete_ten_defenders_unavailable
2,762.04,metrica:Away:18,complete_ten_defenders_unavailable
2,762.04,metrica:Away:19,complete_ten_defenders_unavailable
2,762.04,metrica:Away:20,attacker_complete_support_unavailable
2,762.04,metrica:Away:21,complete_ten_defenders_unavailable
2,762.04,metrica:Away:22,complete_ten_defenders_unavailable
2,762.04,metrica:Away:23,complete_ten_defenders_unavailable
2,762.04,metrica:Away:24,complete_ten_defenders_unavailable
2,762.04,metrica:Away:26,attacker_complete_support_unavailable
2,766.04,metrica:Away:15,attacker_complete_support_unavailable
2,766.04,metrica:Away:16,complete_ten_defenders_unavailable
2,766.04,metrica:Away:17,complete_ten_defenders_unavailable
2,766.04,metrica:Away:18,complete_ten_defenders_unavailable
2,766.04,metrica:Away:19,complete_ten_defenders_unavailable
2,766.04,metrica:Away:20,attacker_complete_support_unavailable
2,766.04,metrica:Away:21,complete_ten_defenders_unavailable
2,766.04,metrica:Away:22,complete_ten_defenders_unavailable
2,766.04,metrica:Away:23,complete_ten_defenders_unavailable
2,766.04,metrica:Away:24,complete_ten_defenders_unavailable
2,766.04,metrica:Away:26,attacker_complete_support_unavailable
2,770.04,metrica:Away:15,attacker_complete_support_unavailable
2,770.04,metrica:Away:16,complete_ten_defenders_unavailable
2,770.04,metrica:Away:17,complete_ten_defenders_unavailable
2,770.04,metrica:Away:18,complete_ten_defenders_unavailable
2,770.04,metrica:Away:19,complete_ten_defenders_unavailable
2,770.04,metrica:Away:20,attacker_complete_support_unavailable
2,770.04,metrica:Away:21,complete_ten_defenders_unavailable
2,770.04,metrica:Away:22,complete_ten_defenders_unavailable
2,770.04,metrica:Away:23,complete_ten_defenders_unavailable
2,770.04,metrica:Away:24,complete_ten_defenders_unavailable
2,770.04,metrica:Away:26,attacker_complete_support_unavailable
2,774.04,metrica:Home:1,complete_ten_defenders_unavailable
2,774.04,metrica:Home:10,attacker_complete_support_unavailable
2,774.04,metrica:Home:12,attacker_complete_support_unavailable
2,774.04,metrica:Home:13,attacker_complete_support_unavailable
2,774.04,metrica:Home:14,attacker_complete_support_unavailable
2,774.04,metrica:Home:2,attacker_complete_support_unavailable
2,774.04,metrica:Home:3,complete_ten_defenders_unavailable
2,774.04,metrica:Home:4,complete_ten_defenders_unavailable
2,774.04,metrica:Home:5,attacker_complete_support_unavailable
2,774.04,metrica:Home:6,complete_ten_defenders_unavailable
2,774.04,metrica:Home:7,attacker_complete_support_unavailable
2,774.04,metrica:Home:8,attacker_complete_support_unavailable
2,774.04,metrica:Home:9,complete_ten_defenders_unavailable
2,778.04,metrica:Home:1,complete_ten_defenders_unavailable
2,778.04,metrica:Home:10,attacker_complete_support_unavailable
2,778.04,metrica:Home:12,attacker_complete_support_unavailable
2,778.04,metrica:Home:13,attacker_complete_support_unavailable
2,778.04,metrica:Home:14,attacker_complete_support_unavailable
2,778.04,metrica:Home:2,attacker_complete_support_unavailable
2,778.04,metrica:Home:3,complete_ten_defenders_unavailable
2,778.04,metrica:Home:4,complete_ten_defenders_unavailable
2,778.04,metrica:Home:5,attacker_complete_support_unavailable
2,778.04,metrica:Home:6,complete_ten_defenders_unavailable
2,778.04,metrica:Home:7,attacker_complete_support_unavailable
2,778.04,metrica:Home:8,attacker_complete_support_unavailable
2,778.04,metrica:Home:9,complete_ten_defenders_unavailable
2,782.04,metrica:Home:1,complete_ten_defenders_unavailable
2,782.04,metrica:Home:10,attacker_complete_support_unavailable
2,782.04,metrica:Home:12,attacker_complete_support_unavailable
2,782.04,metrica:Home:13,attacker_complete_support_unavailable
2,782.04,metrica:Home:14,attacker_complete_support_unavailable
2,782.04,metrica:Home:2,attacker_complete_support_unavailable
2,782.04,metrica:Home:3,complete_ten_defenders_unavailable
2,782.04,metrica:Home:4,complete_ten_defenders_unavailable
2,782.04,metrica:Home:5,attacker_complete_support_unavailable
2,782.04,metrica:Home:6,complete_ten_defenders_unavailable
2,782.04,metrica:Home:7,attacker_complete_support_unavailable
2,782.04,metrica:Home:8,attacker_complete_support_unavailable
2,782.04,metrica:Home:9,complete_ten_defenders_unavailable
2,786.04,metrica:Home:1,complete_ten_defenders_unavailable
2,786.04,metrica:Home:10,attacker_complete_support_unavailable
2,786.04,metrica:Home:12,attacker_complete_support_unavailable
2,786.04,metrica:Home:13,attacker_complete_support_unavailable
2,786.04,metrica:Home:14,attacker_complete_support_unavailable
2,786.04,metrica:Home:2,attacker_complete_support_unavailable
2,786.04,metrica:Home:3,complete_ten_defenders_unavailable
2,786.04,metrica:Home:4,complete_ten_defenders_unavailable
2,786.04,metrica:Home:5,attacker_complete_support_unavailable
2,786.04,metrica:Home:6,complete_ten_defenders_unavailable
2,786.04,metrica:Home:7,attacker_complete_support_unavailable
2,786.04,metrica:Home:8,attacker_complete_support_unavailable
2,786.04,metrica:Home:9,complete_ten_defenders_unavailable
2,790.04,metrica:Home:1,complete_ten_defenders_unavailable
2,790.04,metrica:Home:10,attacker_complete_support_unavailable
2,790.04,metrica:Home:12,attacker_complete_support_unavailable
2,790.04,metrica:Home:13,attacker_complete_support_unavailable
2,790.04,metrica:Home:14,attacker_complete_support_unavailable
2,790.04,metrica:Home:2,attacker_complete_support_unavailable
2,790.04,metrica:Home:3,complete_ten_defenders_unavailable
2,790.04,metrica:Home:4,complete_ten_defenders_unavailable
2,790.04,metrica:Home:5,attacker_complete_support_unavailable
2,790.04,metrica:Home:6,complete_ten_defenders_unavailable
2,790.04,metrica:Home:7,attacker_complete_support_unavailable
2,790.04,metrica:Home:8,attacker_complete_support_unavailable
2,790.04,metrica:Home:9,complete_ten_defenders_unavailable
2,794.04,metrica:Home:1,complete_ten_defenders_unavailable
2,794.04,metrica:Home:10,attacker_complete_support_unavailable
2,794.04,metrica:Home:12,attacker_complete_support_unavailable
2,794.04,metrica:Home:13,attacker_complete_support_unavailable
2,794.04,metrica:Home:14,attacker_complete_support_unavailable
2,794.04,metrica:Home:2,attacker_complete_support_unavailable
2,794.04,metrica:Home:3,complete_ten_defenders_unavailable
2,794.04,metrica:Home:4,complete_ten_defenders_unavailable
2,794.04,metrica:Home:5,attacker_complete_support_unavailable
2,794.04,metrica:Home:6,complete_ten_defenders_unavailable
2,794.04,metrica:Home:7,attacker_complete_support_unavailable
2,794.04,metrica:Home:8,attacker_complete_support_unavailable
2,794.04,metrica:Home:9,complete_ten_defenders_unavailable
2,798.04,metrica:Home:1,complete_ten_defenders_unavailable
2,798.04,metrica:Home:10,attacker_complete_support_unavailable
2,798.04,metrica:Home:12,attacker_complete_support_unavailable
2,798.04,metrica:Home:13,attacker_complete_support_unavailable
2,798.04,metrica:Home:14,attacker_complete_support_unavailable
2,798.04,metrica:Home:2,attacker_complete_support_unavailable
2,798.04,metrica:Home:3,complete_ten_defenders_unavailable
2,798.04,metrica:Home:4,complete_ten_defenders_unavailable
2,798.04,metrica:Home:5,attacker_complete_support_unavailable
2,798.04,metrica:Home:6,complete_ten_defenders_unavailable
2,798.04,metrica:Home:7,attacker_complete_support_unavailable
2,798.04,metrica:Home:8,attacker_complete_support_unavailable
2,798.04,metrica:Home:9,complete_ten_defenders_unavailable
2,802.04,metrica:Home:1,complete_ten_defenders_unavailable
2,802.04,metrica:Home:10,attacker_complete_support_unavailable
2,802.04,metrica:Home:12,attacker_complete_support_unavailable
2,802.04,metrica:Home:13,attacker_complete_support_unavailable
2,802.04,metrica:Home:14,attacker_complete_support_unavailable
2,802.04,metrica:Home:2,attacker_complete_support_unavailable
2,802.04,metrica:Home:3,complete_ten_defenders_unavailable
2,802.04,metrica:Home:4,complete_ten_defenders_unavailable
2,802.04,metrica:Home:5,attacker_complete_support_unavailable
2,802.04,metrica:Home:6,complete_ten_defenders_unavailable
2,802.04,metrica:Home:7,attacker_complete_support_unavailable
2,802.04,metrica:Home:8,attacker_complete_support_unavailable
2,802.04,metrica:Home:9,complete_ten_defenders_unavailable
2,806.04,metrica:Home:1,complete_ten_defenders_unavailable
2,806.04,metrica:Home:10,attacker_complete_support_unavailable
2,806.04,metrica:Home:12,attacker_complete_support_unavailable
2,806.04,metrica:Home:13,attacker_complete_support_unavailable
2,806.04,metrica:Home:14,attacker_complete_support_unavailable
2,806.04,metrica:Home:2,attacker_complete_support_unavailable
2,806.04,metrica:Home:3,complete_ten_defenders_unavailable
2,806.04,metrica:Home:4,complete_ten_defenders_unavailable
2,806.04,metrica:Home:5,attacker_complete_support_unavailable
2,806.04,metrica:Home:6,complete_ten_defenders_unavailable
2,806.04,metrica:Home:7,attacker_complete_support_unavailable
2,806.04,metrica:Home:8,attacker_complete_support_unavailable
2,806.04,metrica:Home:9,complete_ten_defenders_unavailable
2,810.04,metrica:Home:1,complete_ten_defenders_unavailable
2,810.04,metrica:Home:10,attacker_complete_support_unavailable
2,810.04,metrica:Home:12,attacker_complete_support_unavailable
2,810.04,metrica:Home:13,attacker_complete_support_unavailable
2,810.04,metrica:Home:14,attacker_complete_support_unavailable
2,810.04,metrica:Home:2,attacker_complete_support_unavailable
2,810.04,metrica:Home:3,complete_ten_defenders_unavailable
2,810.04,metrica:Home:4,complete_ten_defenders_unavailable
2,810.04,metrica:Home:5,attacker_complete_support_unavailable
2,810.04,metrica:Home:6,complete_ten_defenders_unavailable
2,810.04,metrica:Home:7,attacker_complete_support_unavailable
2,810.04,metrica:Home:8,attacker_complete_support_unavailable
2,810.04,metrica:Home:9,complete_ten_defenders_unavailable
2,814.04,metrica:Away:15,restart_or_ball_out_span
2,814.04,metrica:Away:16,restart_or_ball_out_span
2,814.04,metrica:Away:17,restart_or_ball_out_span
2,814.04,metrica:Away:18,restart_or_ball_out_span
2,814.04,metrica:Away:19,restart_or_ball_out_span
2,814.04,metrica:Away:20,restart_or_ball_out_span
2,814.04,metrica:Away:21,restart_or_ball_out_span
2,814.04,metrica:Away:22,restart_or_ball_out_span
2,814.04,metrica:Away:23,restart_or_ball_out_span
2,814.04,metrica:Away:24,restart_or_ball_out_span
2,814.04,metrica:Away:26,restart_or_ball_out_span
2,818.04,metrica:Away:15,attacker_complete_support_unavailable
2,818.04,metrica:Away:16,complete_ten_defenders_unavailable
2,818.04,metrica:Away:17,complete_ten_defenders_unavailable
2,818.04,metrica:Away:18,complete_ten_defenders_unavailable
2,818.04,metrica:Away:19,complete_ten_defenders_unavailable
2,818.04,metrica:Away:20,attacker_complete_support_unavailable
2,818.04,metrica:Away:21,complete_ten_defenders_unavailable
2,818.04,metrica:Away:22,attacker_complete_support_unavailable
2,818.04,metrica:Away:23,complete_ten_defenders_unavailable
2,818.04,metrica:Away:24,complete_ten_defenders_unavailable
2,818.04,metrica:Away:26,complete_ten_defenders_unavailable
2,822.04,metrica:Away:15,attacker_complete_support_unavailable
2,822.04,metrica:Away:16,complete_ten_defenders_unavailable
2,822.04,metrica:Away:17,complete_ten_defenders_unavailable
2,822.04,metrica:Away:18,complete_ten_defenders_unavailable
2,822.04,metrica:Away:19,complete_ten_defenders_unavailable
2,822.04,metrica:Away:20,attacker_complete_support_unavailable
2,822.04,metrica:Away:21,complete_ten_defenders_unavailable
2,822.04,metrica:Away:22,attacker_complete_support_unavailable
2,822.04,metrica:Away:23,complete_ten_defenders_unavailable
2,822.04,metrica:Away:24,complete_ten_defenders_unavailable
2,822.04,metrica:Away:26,complete_ten_defenders_unavailable
2,826.04,metrica:Away:15,attacker_complete_support_unavailable
2,826.04,metrica:Away:16,complete_ten_defenders_unavailable
2,826.04,metrica:Away:17,complete_ten_defenders_unavailable
2,826.04,metrica:Away:18,complete_ten_defenders_unavailable
2,826.04,metrica:Away:19,complete_ten_defenders_unavailable
2,826.04,metrica:Away:20,attacker_complete_support_unavailable
2,826.04,metrica:Away:21,complete_ten_defenders_unavailable
2,826.04,metrica:Away:22,attacker_complete_support_unavailable
2,826.04,metrica:Away:23,complete_ten_defenders_unavailable
2,826.04,metrica:Away:24,complete_ten_defenders_unavailable
2,826.04,metrica:Away:26,complete_ten_defenders_unavailable
2,830.04,metrica:Away:15,attacker_complete_support_unavailable
2,830.04,metrica:Away:16,complete_ten_defenders_unavailable
2,830.04,metrica:Away:17,complete_ten_defenders_unavailable
2,830.04,metrica:Away:18,complete_ten_defenders_unavailable
2,830.04,metrica:Away:19,complete_ten_defenders_unavailable
2,830.04,metrica:Away:20,attacker_complete_support_unavailable
2,830.04,metrica:Away:21,complete_ten_defenders_unavailable
2,830.04,metrica:Away:22,attacker_complete_support_unavailable
2,830.04,metrica:Away:23,complete_ten_defenders_unavailable
2,830.04,metrica:Away:24,complete_ten_defenders_unavailable
2,830.04,metrica:Away:26,complete_ten_defenders_unavailable
2,834.04,metrica:Away:15,attacker_complete_support_unavailable
2,834.04,metrica:Away:16,complete_ten_defenders_unavailable
2,834.04,metrica:Away:17,complete_ten_defenders_unavailable
2,834.04,metrica:Away:18,complete_ten_defenders_unavailable
2,834.04,metrica:Away:19,complete_ten_defenders_unavailable
2,834.04,metrica:Away:20,attacker_complete_support_unavailable
2,834.04,metrica:Away:21,complete_ten_defenders_unavailable
2,834.04,metrica:Away:22,attacker_complete_support_unavailable
2,834.04,metrica:Away:23,complete_ten_defenders_unavailable
2,834.04,metrica:Away:24,complete_ten_defenders_unavailable
2,834.04,metrica:Away:26,complete_ten_defenders_unavailable
2,838.04,metrica:Away:15,attacker_complete_support_unavailable
2,838.04,metrica:Away:16,complete_ten_defenders_unavailable
2,838.04,metrica:Away:17,complete_ten_defenders_unavailable
2,838.04,metrica:Away:18,complete_ten_defenders_unavailable
2,838.04,metrica:Away:19,complete_ten_defenders_unavailable
2,838.04,metrica:Away:20,attacker_complete_support_unavailable
2,838.04,metrica:Away:21,complete_ten_defenders_unavailable
2,838.04,metrica:Away:22,attacker_complete_support_unavailable
2,838.04,metrica:Away:23,complete_ten_defenders_unavailable
2,838.04,metrica:Away:24,complete_ten_defenders_unavailable
2,838.04,metrica:Away:26,complete_ten_defenders_unavailable
2,842.04,metrica:Away:15,attacker_complete_support_unavailable
2,842.04,metrica:Away:16,complete_ten_defenders_unavailable
2,842.04,metrica:Away:17,complete_ten_defenders_unavailable
2,842.04,metrica:Away:18,complete_ten_defenders_unavailable
2,842.04,metrica:Away:19,complete_ten_defenders_unavailable
2,842.04,metrica:Away:20,attacker_complete_support_unavailable
2,842.04,metrica:Away:21,complete_ten_defenders_unavailable
2,842.04,metrica:Away:22,attacker_complete_support_unavailable
2,842.04,metrica:Away:23,complete_ten_defenders_unavailable
2,842.04,metrica:Away:24,complete_ten_defenders_unavailable
2,842.04,metrica:Away:26,complete_ten_defenders_unavailable
2,846.04,metrica:Home:1,complete_ten_defenders_unavailable
2,846.04,metrica:Home:10,attacker_complete_support_unavailable
2,846.04,metrica:Home:12,attacker_complete_support_unavailable
2,846.04,metrica:Home:13,attacker_complete_support_unavailable
2,846.04,metrica:Home:14,attacker_complete_support_unavailable
2,846.04,metrica:Home:2,attacker_complete_support_unavailable
2,846.04,metrica:Home:3,complete_ten_defenders_unavailable
2,846.04,metrica:Home:4,complete_ten_defenders_unavailable
2,846.04,metrica:Home:5,attacker_complete_support_unavailable
2,846.04,metrica:Home:6,complete_ten_defenders_unavailable
2,846.04,metrica:Home:7,attacker_complete_support_unavailable
2,846.04,metrica:Home:8,attacker_complete_support_unavailable
2,846.04,metrica:Home:9,complete_ten_defenders_unavailable
2,850.04,metrica:Home:1,complete_ten_defenders_unavailable
2,850.04,metrica:Home:10,attacker_complete_support_unavailable
2,850.04,metrica:Home:12,attacker_complete_support_unavailable
2,850.04,metrica:Home:13,attacker_complete_support_unavailable
2,850.04,metrica:Home:14,attacker_complete_support_unavailable
2,850.04,metrica:Home:2,attacker_complete_support_unavailable
2,850.04,metrica:Home:3,complete_ten_defenders_unavailable
2,850.04,metrica:Home:4,complete_ten_defenders_unavailable
2,850.04,metrica:Home:5,attacker_complete_support_unavailable
2,850.04,metrica:Home:6,complete_ten_defenders_unavailable
2,850.04,metrica:Home:7,attacker_complete_support_unavailable
2,850.04,metrica:Home:8,attacker_complete_support_unavailable
2,850.04,metrica:Home:9,complete_ten_defenders_unavailable
2,854.04,metrica:Home:1,restart_or_ball_out_span
2,854.04,metrica:Home:10,restart_or_ball_out_span
2,854.04,metrica:Home:12,restart_or_ball_out_span
2,854.04,metrica:Home:13,restart_or_ball_out_span
2,854.04,metrica:Home:14,restart_or_ball_out_span
2,854.04,metrica:Home:2,restart_or_ball_out_span
2,854.04,metrica:Home:3,restart_or_ball_out_span
2,854.04,metrica:Home:4,restart_or_ball_out_span
2,854.04,metrica:Home:5,restart_or_ball_out_span
2,854.04,metrica:Home:6,restart_or_ball_out_span
2,854.04,metrica:Home:7,restart_or_ball_out_span
2,854.04,metrica:Home:8,restart_or_ball_out_span
2,854.04,metrica:Home:9,restart_or_ball_out_span
2,858.04,metrica:Home:1,complete_ten_defenders_unavailable
2,858.04,metrica:Home:10,attacker_complete_support_unavailable
2,858.04,metrica:Home:12,attacker_complete_support_unavailable
2,858.04,metrica:Home:13,attacker_complete_support_unavailable
2,858.04,metrica:Home:14,attacker_complete_support_unavailable
2,858.04,metrica:Home:2,attacker_complete_support_unavailable
2,858.04,metrica:Home:3,complete_ten_defenders_unavailable
2,858.04,metrica:Home:4,complete_ten_defenders_unavailable
2,858.04,metrica:Home:5,attacker_complete_support_unavailable
2,858.04,metrica:Home:6,complete_ten_defenders_unavailable
2,858.04,metrica:Home:7,attacker_complete_support_unavailable
2,858.04,metrica:Home:8,attacker_complete_support_unavailable
2,858.04,metrica:Home:9,complete_ten_defenders_unavailable
2,862.04,metrica:Home:1,complete_ten_defenders_unavailable
2,862.04,metrica:Home:10,attacker_complete_support_unavailable
2,862.04,metrica:Home:12,attacker_complete_support_unavailable
2,862.04,metrica:Home:13,attacker_complete_support_unavailable
2,862.04,metrica:Home:14,attacker_complete_support_unavailable
2,862.04,metrica:Home:2,attacker_complete_support_unavailable
2,862.04,metrica:Home:3,complete_ten_defenders_unavailable
2,862.04,metrica:Home:4,complete_ten_defenders_unavailable
2,862.04,metrica:Home:5,attacker_complete_support_unavailable
2,862.04,metrica:Home:6,complete_ten_defenders_unavailable
2,862.04,metrica:Home:7,attacker_complete_support_unavailable
2,862.04,metrica:Home:8,attacker_complete_support_unavailable
2,862.04,metrica:Home:9,complete_ten_defenders_unavailable
2,866.04,metrica:Home:1,complete_ten_defenders_unavailable
2,866.04,metrica:Home:10,attacker_complete_support_unavailable
2,866.04,metrica:Home:12,attacker_complete_support_unavailable
2,866.04,metrica:Home:13,attacker_complete_support_unavailable
2,866.04,metrica:Home:14,attacker_complete_support_unavailable
2,866.04,metrica:Home:2,attacker_complete_support_unavailable
2,866.04,metrica:Home:3,complete_ten_defenders_unavailable
2,866.04,metrica:Home:4,complete_ten_defenders_unavailable
2,866.04,metrica:Home:5,attacker_complete_support_unavailable
2,866.04,metrica:Home:6,complete_ten_defenders_unavailable
2,866.04,metrica:Home:7,attacker_complete_support_unavailable
2,866.04,metrica:Home:8,attacker_complete_support_unavailable
2,866.04,metrica:Home:9,complete_ten_defenders_unavailable
2,870.04,metrica:Home:1,complete_ten_defenders_unavailable
2,870.04,metrica:Home:10,attacker_complete_support_unavailable
2,870.04,metrica:Home:12,attacker_complete_support_unavailable
2,870.04,metrica:Home:13,attacker_complete_support_unavailable
2,870.04,metrica:Home:14,attacker_complete_support_unavailable
2,870.04,metrica:Home:2,attacker_complete_support_unavailable
2,870.04,metrica:Home:3,complete_ten_defenders_unavailable
2,870.04,metrica:Home:4,complete_ten_defenders_unavailable
2,870.04,metrica:Home:5,attacker_complete_support_unavailable
2,870.04,metrica:Home:6,complete_ten_defenders_unavailable
2,870.04,metrica:Home:7,attacker_complete_support_unavailable
2,870.04,metrica:Home:8,attacker_complete_support_unavailable
2,870.04,metrica:Home:9,complete_ten_defenders_unavailable
2,874.04,metrica:Home:1,complete_ten_defenders_unavailable
2,874.04,metrica:Home:10,attacker_complete_support_unavailable
2,874.04,metrica:Home:12,attacker_complete_support_unavailable
2,874.04,metrica:Home:13,attacker_complete_support_unavailable
2,874.04,metrica:Home:14,attacker_complete_support_unavailable
2,874.04,metrica:Home:2,attacker_complete_support_unavailable
2,874.04,metrica:Home:3,complete_ten_defenders_unavailable
2,874.04,metrica:Home:4,complete_ten_defenders_unavailable
2,874.04,metrica:Home:5,attacker_complete_support_unavailable
2,874.04,metrica:Home:6,complete_ten_defenders_unavailable
2,874.04,metrica:Home:7,attacker_complete_support_unavailable
2,874.04,metrica:Home:8,attacker_complete_support_unavailable
2,874.04,metrica:Home:9,complete_ten_defenders_unavailable
2,878.04,metrica:Home:1,complete_ten_defenders_unavailable
2,878.04,metrica:Home:10,attacker_complete_support_unavailable
2,878.04,metrica:Home:12,attacker_complete_support_unavailable
2,878.04,metrica:Home:13,attacker_complete_support_unavailable
2,878.04,metrica:Home:14,attacker_complete_support_unavailable
2,878.04,metrica:Home:2,attacker_complete_support_unavailable
2,878.04,metrica:Home:3,complete_ten_defenders_unavailable
2,878.04,metrica:Home:4,complete_ten_defenders_unavailable
2,878.04,metrica:Home:5,attacker_complete_support_unavailable
2,878.04,metrica:Home:6,complete_ten_defenders_unavailable
2,878.04,metrica:Home:7,attacker_complete_support_unavailable
2,878.04,metrica:Home:8,attacker_complete_support_unavailable
2,878.04,metrica:Home:9,complete_ten_defenders_unavailable
2,882.04,metrica:Away:15,attacker_complete_support_unavailable
2,882.04,metrica:Away:16,complete_ten_defenders_unavailable
2,882.04,metrica:Away:17,complete_ten_defenders_unavailable
2,882.04,metrica:Away:18,complete_ten_defenders_unavailable
2,882.04,metrica:Away:19,complete_ten_defenders_unavailable
2,882.04,metrica:Away:20,attacker_complete_support_unavailable
2,882.04,metrica:Away:21,complete_ten_defenders_unavailable
2,882.04,metrica:Away:22,attacker_complete_support_unavailable
2,882.04,metrica:Away:23,complete_ten_defenders_unavailable
2,882.04,metrica:Away:24,complete_ten_defenders_unavailable
2,882.04,metrica:Away:26,complete_ten_defenders_unavailable
2,886.04,metrica:Away:15,attacker_complete_support_unavailable
2,886.04,metrica:Away:16,complete_ten_defenders_unavailable
2,886.04,metrica:Away:17,complete_ten_defenders_unavailable
2,886.04,metrica:Away:18,complete_ten_defenders_unavailable
2,886.04,metrica:Away:19,complete_ten_defenders_unavailable
2,886.04,metrica:Away:20,attacker_complete_support_unavailable
2,886.04,metrica:Away:21,complete_ten_defenders_unavailable
2,886.04,metrica:Away:22,attacker_complete_support_unavailable
2,886.04,metrica:Away:23,complete_ten_defenders_unavailable
2,886.04,metrica:Away:24,complete_ten_defenders_unavailable
2,886.04,metrica:Away:26,complete_ten_defenders_unavailable
2,890.04,metrica:Home:1,restart_or_ball_out_span
2,890.04,metrica:Home:10,restart_or_ball_out_span
2,890.04,metrica:Home:12,restart_or_ball_out_span
2,890.04,metrica:Home:13,restart_or_ball_out_span
2,890.04,metrica:Home:14,restart_or_ball_out_span
2,890.04,metrica:Home:2,restart_or_ball_out_span
2,890.04,metrica:Home:3,restart_or_ball_out_span
2,890.04,metrica:Home:4,restart_or_ball_out_span
2,890.04,metrica:Home:5,restart_or_ball_out_span
2,890.04,metrica:Home:6,restart_or_ball_out_span
2,890.04,metrica:Home:7,restart_or_ball_out_span
2,890.04,metrica:Home:8,restart_or_ball_out_span
2,890.04,metrica:Home:9,restart_or_ball_out_span
2,894.04,metrica:Home:1,complete_ten_defenders_unavailable
2,894.04,metrica:Home:10,attacker_complete_support_unavailable
2,894.04,metrica:Home:12,attacker_complete_support_unavailable
2,894.04,metrica:Home:13,attacker_complete_support_unavailable
2,894.04,metrica:Home:14,attacker_complete_support_unavailable
2,894.04,metrica:Home:2,attacker_complete_support_unavailable
2,894.04,metrica:Home:3,complete_ten_defenders_unavailable
2,894.04,metrica:Home:4,complete_ten_defenders_unavailable
2,894.04,metrica:Home:5,attacker_complete_support_unavailable
2,894.04,metrica:Home:6,complete_ten_defenders_unavailable
2,894.04,metrica:Home:7,attacker_complete_support_unavailable
2,894.04,metrica:Home:8,attacker_complete_support_unavailable
2,894.04,metrica:Home:9,complete_ten_defenders_unavailable
2,898.04,metrica:Home:1,complete_ten_defenders_unavailable
2,898.04,metrica:Home:10,attacker_complete_support_unavailable
2,898.04,metrica:Home:12,attacker_complete_support_unavailable
2,898.04,metrica:Home:13,attacker_complete_support_unavailable
2,898.04,metrica:Home:14,attacker_complete_support_unavailable
2,898.04,metrica:Home:2,attacker_complete_support_unavailable
2,898.04,metrica:Home:3,complete_ten_defenders_unavailable
2,898.04,metrica:Home:4,complete_ten_defenders_unavailable
2,898.04,metrica:Home:5,attacker_complete_support_unavailable
2,898.04,metrica:Home:6,complete_ten_defenders_unavailable
2,898.04,metrica:Home:7,attacker_complete_support_unavailable
2,898.04,metrica:Home:8,attacker_complete_support_unavailable
2,898.04,metrica:Home:9,complete_ten_defenders_unavailable
2,902.04,metrica:Home:1,complete_ten_defenders_unavailable
2,902.04,metrica:Home:10,attacker_complete_support_unavailable
2,902.04,metrica:Home:12,attacker_complete_support_unavailable
2,902.04,metrica:Home:13,attacker_complete_support_unavailable
2,902.04,metrica:Home:14,attacker_complete_support_unavailable
2,902.04,metrica:Home:2,attacker_complete_support_unavailable
2,902.04,metrica:Home:3,complete_ten_defenders_unavailable
2,902.04,metrica:Home:4,complete_ten_defenders_unavailable
2,902.04,metrica:Home:5,attacker_complete_support_unavailable
2,902.04,metrica:Home:6,complete_ten_defenders_unavailable
2,902.04,metrica:Home:7,attacker_complete_support_unavailable
2,902.04,metrica:Home:8,attacker_complete_support_unavailable
2,902.04,metrica:Home:9,complete_ten_defenders_unavailable
2,906.04,metrica:Home:1,complete_ten_defenders_unavailable
2,906.04,metrica:Home:10,attacker_complete_support_unavailable
2,906.04,metrica:Home:12,attacker_complete_support_unavailable
2,906.04,metrica:Home:13,attacker_complete_support_unavailable
2,906.04,metrica:Home:14,attacker_complete_support_unavailable
2,906.04,metrica:Home:2,attacker_complete_support_unavailable
2,906.04,metrica:Home:3,complete_ten_defenders_unavailable
2,906.04,metrica:Home:4,complete_ten_defenders_unavailable
2,906.04,metrica:Home:5,attacker_complete_support_unavailable
2,906.04,metrica:Home:6,complete_ten_defenders_unavailable
2,906.04,metrica:Home:7,attacker_complete_support_unavailable
2,906.04,metrica:Home:8,attacker_complete_support_unavailable
2,906.04,metrica:Home:9,complete_ten_defenders_unavailable
2,910.04,metrica:Home:1,complete_ten_defenders_unavailable
2,910.04,metrica:Home:10,attacker_complete_support_unavailable
2,910.04,metrica:Home:12,attacker_complete_support_unavailable
2,910.04,metrica:Home:13,attacker_complete_support_unavailable
2,910.04,metrica:Home:14,attacker_complete_support_unavailable
2,910.04,metrica:Home:2,attacker_complete_support_unavailable
2,910.04,metrica:Home:3,complete_ten_defenders_unavailable
2,910.04,metrica:Home:4,complete_ten_defenders_unavailable
2,910.04,metrica:Home:5,attacker_complete_support_unavailable
2,910.04,metrica:Home:6,complete_ten_defenders_unavailable
2,910.04,metrica:Home:7,attacker_complete_support_unavailable
2,910.04,metrica:Home:8,attacker_complete_support_unavailable
2,910.04,metrica:Home:9,complete_ten_defenders_unavailable
2,914.04,metrica:Home:1,complete_ten_defenders_unavailable
2,914.04,metrica:Home:10,attacker_complete_support_unavailable
2,914.04,metrica:Home:12,attacker_complete_support_unavailable
2,914.04,metrica:Home:13,attacker_complete_support_unavailable
2,914.04,metrica:Home:14,attacker_complete_support_unavailable
2,914.04,metrica:Home:2,attacker_complete_support_unavailable
2,914.04,metrica:Home:3,complete_ten_defenders_unavailable
2,914.04,metrica:Home:4,complete_ten_defenders_unavailable
2,914.04,metrica:Home:5,attacker_complete_support_unavailable
2,914.04,metrica:Home:6,complete_ten_defenders_unavailable
2,914.04,metrica:Home:7,attacker_complete_support_unavailable
2,914.04,metrica:Home:8,attacker_complete_support_unavailable
2,914.04,metrica:Home:9,complete_ten_defenders_unavailable
2,918.04,metrica:Home:1,restart_or_ball_out_span
2,918.04,metrica:Home:10,restart_or_ball_out_span
2,918.04,metrica:Home:12,restart_or_ball_out_span
2,918.04,metrica:Home:13,restart_or_ball_out_span
2,918.04,metrica:Home:14,restart_or_ball_out_span
2,918.04,metrica:Home:2,restart_or_ball_out_span
2,918.04,metrica:Home:3,restart_or_ball_out_span
2,918.04,metrica:Home:4,restart_or_ball_out_span
2,918.04,metrica:Home:5,restart_or_ball_out_span
2,918.04,metrica:Home:6,restart_or_ball_out_span
2,918.04,metrica:Home:7,restart_or_ball_out_span
2,918.04,metrica:Home:8,restart_or_ball_out_span
2,918.04,metrica:Home:9,restart_or_ball_out_span
2,922.04,metrica:Home:1,complete_ten_defenders_unavailable
2,922.04,metrica:Home:10,attacker_complete_support_unavailable
2,922.04,metrica:Home:12,attacker_complete_support_unavailable
2,922.04,metrica:Home:13,attacker_complete_support_unavailable
2,922.04,metrica:Home:14,attacker_complete_support_unavailable
2,922.04,metrica:Home:2,attacker_complete_support_unavailable
2,922.04,metrica:Home:3,complete_ten_defenders_unavailable
2,922.04,metrica:Home:4,complete_ten_defenders_unavailable
2,922.04,metrica:Home:5,attacker_complete_support_unavailable
2,922.04,metrica:Home:6,complete_ten_defenders_unavailable
2,922.04,metrica:Home:7,attacker_complete_support_unavailable
2,922.04,metrica:Home:8,attacker_complete_support_unavailable
2,922.04,metrica:Home:9,complete_ten_defenders_unavailable
2,926.04,metrica:Home:1,complete_ten_defenders_unavailable
2,926.04,metrica:Home:10,attacker_complete_support_unavailable
2,926.04,metrica:Home:12,attacker_complete_support_unavailable
2,926.04,metrica:Home:13,attacker_complete_support_unavailable
2,926.04,metrica:Home:14,attacker_complete_support_unavailable
2,926.04,metrica:Home:2,attacker_complete_support_unavailable
2,926.04,metrica:Home:3,complete_ten_defenders_unavailable
2,926.04,metrica:Home:4,attacker_complete_support_unavailable
2,926.04,metrica:Home:5,attacker_complete_support_unavailable
2,926.04,metrica:Home:6,complete_ten_defenders_unavailable
2,926.04,metrica:Home:7,attacker_complete_support_unavailable
2,926.04,metrica:Home:8,attacker_complete_support_unavailable
2,926.04,metrica:Home:9,attacker_complete_support_unavailable
2,930.04,metrica:Home:1,complete_ten_defenders_unavailable
2,930.04,metrica:Home:10,attacker_complete_support_unavailable
2,930.04,metrica:Home:12,attacker_complete_support_unavailable
2,930.04,metrica:Home:13,attacker_complete_support_unavailable
2,930.04,metrica:Home:14,attacker_complete_support_unavailable
2,930.04,metrica:Home:2,attacker_complete_support_unavailable
2,930.04,metrica:Home:3,complete_ten_defenders_unavailable
2,930.04,metrica:Home:4,complete_ten_defenders_unavailable
2,930.04,metrica:Home:5,attacker_complete_support_unavailable
2,930.04,metrica:Home:6,complete_ten_defenders_unavailable
2,930.04,metrica:Home:7,attacker_complete_support_unavailable
2,930.04,metrica:Home:8,attacker_complete_support_unavailable
2,930.04,metrica:Home:9,complete_ten_defenders_unavailable
2,934.04,metrica:Away:15,attacker_complete_support_unavailable
2,934.04,metrica:Away:16,complete_ten_defenders_unavailable
2,934.04,metrica:Away:17,complete_ten_defenders_unavailable
2,934.04,metrica:Away:18,complete_ten_defenders_unavailable
2,934.04,metrica:Away:19,complete_ten_defenders_unavailable
2,934.04,metrica:Away:20,attacker_complete_support_unavailable
2,934.04,metrica:Away:21,complete_ten_defenders_unavailable
2,934.04,metrica:Away:22,attacker_complete_support_unavailable
2,934.04,metrica:Away:23,complete_ten_defenders_unavailable
2,934.04,metrica:Away:24,complete_ten_defenders_unavailable
2,934.04,metrica:Away:26,complete_ten_defenders_unavailable
2,938.04,metrica:Away:15,restart_or_ball_out_span
2,938.04,metrica:Away:16,restart_or_ball_out_span
2,938.04,metrica:Away:17,restart_or_ball_out_span
2,938.04,metrica:Away:18,restart_or_ball_out_span
2,938.04,metrica:Away:19,restart_or_ball_out_span
2,938.04,metrica:Away:20,restart_or_ball_out_span
2,938.04,metrica:Away:21,restart_or_ball_out_span
2,938.04,metrica:Away:22,restart_or_ball_out_span
2,938.04,metrica:Away:23,restart_or_ball_out_span
2,938.04,metrica:Away:24,restart_or_ball_out_span
2,938.04,metrica:Away:26,restart_or_ball_out_span
2,942.04,metrica:Away:15,attacker_complete_support_unavailable
2,942.04,metrica:Away:16,complete_ten_defenders_unavailable
2,942.04,metrica:Away:17,complete_ten_defenders_unavailable
2,942.04,metrica:Away:18,complete_ten_defenders_unavailable
2,942.04,metrica:Away:19,complete_ten_defenders_unavailable
2,942.04,metrica:Away:20,attacker_complete_support_unavailable
2,942.04,metrica:Away:21,complete_ten_defenders_unavailable
2,942.04,metrica:Away:22,attacker_complete_support_unavailable
2,942.04,metrica:Away:23,complete_ten_defenders_unavailable
2,942.04,metrica:Away:24,complete_ten_defenders_unavailable
2,942.04,metrica:Away:26,complete_ten_defenders_unavailable
2,946.04,metrica:Away:15,attacker_complete_support_unavailable
2,946.04,metrica:Away:16,complete_ten_defenders_unavailable
2,946.04,metrica:Away:17,complete_ten_defenders_unavailable
2,946.04,metrica:Away:18,complete_ten_defenders_unavailable
2,946.04,metrica:Away:19,complete_ten_defenders_unavailable
2,946.04,metrica:Away:20,attacker_complete_support_unavailable
2,946.04,metrica:Away:21,complete_ten_defenders_unavailable
2,946.04,metrica:Away:22,attacker_complete_support_unavailable
2,946.04,metrica:Away:23,complete_ten_defenders_unavailable
2,946.04,metrica:Away:24,complete_ten_defenders_unavailable
2,946.04,metrica:Away:26,complete_ten_defenders_unavailable
2,950.04,metrica:Away:15,attacker_complete_support_unavailable
2,950.04,metrica:Away:16,complete_ten_defenders_unavailable
2,950.04,metrica:Away:17,complete_ten_defenders_unavailable
2,950.04,metrica:Away:18,complete_ten_defenders_unavailable
2,950.04,metrica:Away:19,complete_ten_defenders_unavailable
2,950.04,metrica:Away:20,attacker_complete_support_unavailable
2,950.04,metrica:Away:21,complete_ten_defenders_unavailable
2,950.04,metrica:Away:22,attacker_complete_support_unavailable
2,950.04,metrica:Away:23,complete_ten_defenders_unavailable
2,950.04,metrica:Away:24,complete_ten_defenders_unavailable
2,950.04,metrica:Away:26,complete_ten_defenders_unavailable
2,954.04,metrica:Away:15,attacker_complete_support_unavailable
2,954.04,metrica:Away:16,complete_ten_defenders_unavailable
2,954.04,metrica:Away:17,complete_ten_defenders_unavailable
2,954.04,metrica:Away:18,complete_ten_defenders_unavailable
2,954.04,metrica:Away:19,complete_ten_defenders_unavailable
2,954.04,metrica:Away:20,attacker_complete_support_unavailable
2,954.04,metrica:Away:21,complete_ten_defenders_unavailable
2,954.04,metrica:Away:22,attacker_complete_support_unavailable
2,954.04,metrica:Away:23,complete_ten_defenders_unavailable
2,954.04,metrica:Away:24,complete_ten_defenders_unavailable
2,954.04,metrica:Away:26,complete_ten_defenders_unavailable
2,958.04,metrica:Home:1,restart_or_ball_out_span
2,958.04,metrica:Home:10,restart_or_ball_out_span
2,958.04,metrica:Home:12,restart_or_ball_out_span
2,958.04,metrica:Home:13,restart_or_ball_out_span
2,958.04,metrica:Home:14,restart_or_ball_out_span
2,958.04,metrica:Home:2,restart_or_ball_out_span
2,958.04,metrica:Home:3,restart_or_ball_out_span
2,958.04,metrica:Home:4,restart_or_ball_out_span
2,958.04,metrica:Home:5,restart_or_ball_out_span
2,958.04,metrica:Home:6,restart_or_ball_out_span
2,958.04,metrica:Home:7,restart_or_ball_out_span
2,958.04,metrica:Home:8,restart_or_ball_out_span
2,958.04,metrica:Home:9,restart_or_ball_out_span
2,962.04,metrica:Home:1,complete_ten_defenders_unavailable
2,962.04,metrica:Home:10,attacker_complete_support_unavailable
2,962.04,metrica:Home:12,attacker_complete_support_unavailable
2,962.04,metrica:Home:13,attacker_complete_support_unavailable
2,962.04,metrica:Home:14,attacker_complete_support_unavailable
2,962.04,metrica:Home:2,attacker_complete_support_unavailable
2,962.04,metrica:Home:3,complete_ten_defenders_unavailable
2,962.04,metrica:Home:4,complete_ten_defenders_unavailable
2,962.04,metrica:Home:5,attacker_complete_support_unavailable
2,962.04,metrica:Home:6,complete_ten_defenders_unavailable
2,962.04,metrica:Home:7,attacker_complete_support_unavailable
2,962.04,metrica:Home:8,attacker_complete_support_unavailable
2,962.04,metrica:Home:9,complete_ten_defenders_unavailable
2,966.04,metrica:Home:1,complete_ten_defenders_unavailable
2,966.04,metrica:Home:10,attacker_complete_support_unavailable
2,966.04,metrica:Home:12,attacker_complete_support_unavailable
2,966.04,metrica:Home:13,attacker_complete_support_unavailable
2,966.04,metrica:Home:14,attacker_complete_support_unavailable
2,966.04,metrica:Home:2,attacker_complete_support_unavailable
2,966.04,metrica:Home:3,complete_ten_defenders_unavailable
2,966.04,metrica:Home:4,complete_ten_defenders_unavailable
2,966.04,metrica:Home:5,attacker_complete_support_unavailable
2,966.04,metrica:Home:6,complete_ten_defenders_unavailable
2,966.04,metrica:Home:7,attacker_complete_support_unavailable
2,966.04,metrica:Home:8,attacker_complete_support_unavailable
2,966.04,metrica:Home:9,complete_ten_defenders_unavailable
2,970.04,metrica:Home:1,complete_ten_defenders_unavailable
2,970.04,metrica:Home:10,attacker_complete_support_unavailable
2,970.04,metrica:Home:12,attacker_complete_support_unavailable
2,970.04,metrica:Home:13,attacker_complete_support_unavailable
2,970.04,metrica:Home:14,attacker_complete_support_unavailable
2,970.04,metrica:Home:2,attacker_complete_support_unavailable
2,970.04,metrica:Home:3,complete_ten_defenders_unavailable
2,970.04,metrica:Home:4,complete_ten_defenders_unavailable
2,970.04,metrica:Home:5,attacker_complete_support_unavailable
2,970.04,metrica:Home:6,complete_ten_defenders_unavailable
2,970.04,metrica:Home:7,attacker_complete_support_unavailable
2,970.04,metrica:Home:8,attacker_complete_support_unavailable
2,970.04,metrica:Home:9,complete_ten_defenders_unavailable
2,974.04,metrica:Home:1,complete_ten_defenders_unavailable
2,974.04,metrica:Home:10,attacker_complete_support_unavailable
2,974.04,metrica:Home:12,attacker_complete_support_unavailable
2,974.04,metrica:Home:13,attacker_complete_support_unavailable
2,974.04,metrica:Home:14,attacker_complete_support_unavailable
2,974.04,metrica:Home:2,attacker_complete_support_unavailable
2,974.04,metrica:Home:3,complete_ten_defenders_unavailable
2,974.04,metrica:Home:4,complete_ten_defenders_unavailable
2,974.04,metrica:Home:5,attacker_complete_support_unavailable
2,974.04,metrica:Home:6,complete_ten_defenders_unavailable
2,974.04,metrica:Home:7,attacker_complete_support_unavailable
2,974.04,metrica:Home:8,attacker_complete_support_unavailable
2,974.04,metrica:Home:9,complete_ten_defenders_unavailable
2,978.04,metrica:Home:1,complete_ten_defenders_unavailable
2,978.04,metrica:Home:10,attacker_complete_support_unavailable
2,978.04,metrica:Home:12,attacker_complete_support_unavailable
2,978.04,metrica:Home:13,attacker_complete_support_unavailable
2,978.04,metrica:Home:14,attacker_complete_support_unavailable
2,978.04,metrica:Home:2,attacker_complete_support_unavailable
2,978.04,metrica:Home:3,complete_ten_defenders_unavailable
2,978.04,metrica:Home:4,complete_ten_defenders_unavailable
2,978.04,metrica:Home:5,attacker_complete_support_unavailable
2,978.04,metrica:Home:6,complete_ten_defenders_unavailable
2,978.04,metrica:Home:7,attacker_complete_support_unavailable
2,978.04,metrica:Home:8,attacker_complete_support_unavailable
2,978.04,metrica:Home:9,complete_ten_defenders_unavailable
2,982.04,metrica:Home:1,complete_ten_defenders_unavailable
2,982.04,metrica:Home:10,attacker_complete_support_unavailable
2,982.04,metrica:Home:12,attacker_complete_support_unavailable
2,982.04,metrica:Home:13,attacker_complete_support_unavailable
2,982.04,metrica:Home:14,attacker_complete_support_unavailable
2,982.04,metrica:Home:2,attacker_complete_support_unavailable
2,982.04,metrica:Home:3,complete_ten_defenders_unavailable
2,982.04,metrica:Home:4,complete_ten_defenders_unavailable
2,982.04,metrica:Home:5,attacker_complete_support_unavailable
2,982.04,metrica:Home:6,complete_ten_defenders_unavailable
2,982.04,metrica:Home:7,attacker_complete_support_unavailable
2,982.04,metrica:Home:8,attacker_complete_support_unavailable
2,982.04,metrica:Home:9,complete_ten_defenders_unavailable
2,986.04,metrica:Home:1,complete_ten_defenders_unavailable
2,986.04,metrica:Home:10,attacker_complete_support_unavailable
2,986.04,metrica:Home:12,attacker_complete_support_unavailable
2,986.04,metrica:Home:13,attacker_complete_support_unavailable
2,986.04,metrica:Home:14,attacker_complete_support_unavailable
2,986.04,metrica:Home:2,attacker_complete_support_unavailable
2,986.04,metrica:Home:3,complete_ten_defenders_unavailable
2,986.04,metrica:Home:4,complete_ten_defenders_unavailable
2,986.04,metrica:Home:5,attacker_complete_support_unavailable
2,986.04,metrica:Home:6,complete_ten_defenders_unavailable
2,986.04,metrica:Home:7,attacker_complete_support_unavailable
2,986.04,metrica:Home:8,attacker_complete_support_unavailable
2,986.04,metrica:Home:9,complete_ten_defenders_unavailable
2,990.04,metrica:Home:1,complete_ten_defenders_unavailable
2,990.04,metrica:Home:10,attacker_complete_support_unavailable
2,990.04,metrica:Home:12,attacker_complete_support_unavailable
2,990.04,metrica:Home:13,attacker_complete_support_unavailable
2,990.04,metrica:Home:14,attacker_complete_support_unavailable
2,990.04,metrica:Home:2,attacker_complete_support_unavailable
2,990.04,metrica:Home:3,complete_ten_defenders_unavailable
2,990.04,metrica:Home:4,complete_ten_defenders_unavailable
2,990.04,metrica:Home:5,attacker_complete_support_unavailable
2,990.04,metrica:Home:6,complete_ten_defenders_unavailable
2,990.04,metrica:Home:7,attacker_complete_support_unavailable
2,990.04,metrica:Home:8,attacker_complete_support_unavailable
2,990.04,metrica:Home:9,complete_ten_defenders_unavailable
2,994.04,metrica:Home:1,complete_ten_defenders_unavailable
2,994.04,metrica:Home:10,attacker_complete_support_unavailable
2,994.04,metrica:Home:12,attacker_complete_support_unavailable
2,994.04,metrica:Home:13,attacker_complete_support_unavailable
2,994.04,metrica:Home:14,attacker_complete_support_unavailable
2,994.04,metrica:Home:2,attacker_complete_support_unavailable
2,994.04,metrica:Home:3,complete_ten_defenders_unavailable
2,994.04,metrica:Home:4,complete_ten_defenders_unavailable
2,994.04,metrica:Home:5,attacker_complete_support_unavailable
2,994.04,metrica:Home:6,complete_ten_defenders_unavailable
2,994.04,metrica:Home:7,attacker_complete_support_unavailable
2,994.04,metrica:Home:8,attacker_complete_support_unavailable
2,994.04,metrica:Home:9,complete_ten_defenders_unavailable
2,998.04,metrica:Home:1,complete_ten_defenders_unavailable
2,998.04,metrica:Home:10,attacker_complete_support_unavailable
2,998.04,metrica:Home:12,attacker_complete_support_unavailable
2,998.04,metrica:Home:13,attacker_complete_support_unavailable
2,998.04,metrica:Home:14,attacker_complete_support_unavailable
2,998.04,metrica:Home:2,attacker_complete_support_unavailable
2,998.04,metrica:Home:3,complete_ten_defenders_unavailable
2,998.04,metrica:Home:4,complete_ten_defenders_unavailable
2,998.04,metrica:Home:5,attacker_complete_support_unavailable
2,998.04,metrica:Home:6,complete_ten_defenders_unavailable
2,998.04,metrica:Home:7,attacker_complete_support_unavailable
2,998.04,metrica:Home:8,attacker_complete_support_unavailable
2,998.04,metrica:Home:9,complete_ten_defenders_unavailable
2,1002.04,metrica:Home:1,complete_ten_defenders_unavailable
2,1002.04,metrica:Home:10,attacker_complete_support_unavailable
2,1002.04,metrica:Home:12,attacker_complete_support_unavailable
2,1002.04,metrica:Home:13,attacker_complete_support_unavailable
2,1002.04,metrica:Home:14,attacker_complete_support_unavailable
2,1002.04,metrica:Home:2,attacker_complete_support_unavailable
2,1002.04,metrica:Home:3,complete_ten_defenders_unavailable
2,1002.04,metrica:Home:4,complete_ten_defenders_unavailable
2,1002.04,metrica:Home:5,attacker_complete_support_unavailable
2,1002.04,metrica:Home:6,complete_ten_defenders_unavailable
2,1002.04,metrica:Home:7,attacker_complete_support_unavailable
2,1002.04,metrica:Home:8,attacker_complete_support_unavailable
2,1002.04,metrica:Home:9,complete_ten_defenders_unavailable
2,1006.04,metrica:Home:1,complete_ten_defenders_unavailable
2,1006.04,metrica:Home:10,attacker_complete_support_unavailable
2,1006.04,metrica:Home:12,attacker_complete_support_unavailable
2,1006.04,metrica:Home:13,attacker_complete_support_unavailable
2,1006.04,metrica:Home:14,attacker_complete_support_unavailable
2,1006.04,metrica:Home:2,attacker_complete_support_unavailable
2,1006.04,metrica:Home:3,complete_ten_defenders_unavailable
2,1006.04,metrica:Home:4,complete_ten_defenders_unavailable
2,1006.04,metrica:Home:5,attacker_complete_support_unavailable
2,1006.04,metrica:Home:6,complete_ten_defenders_unavailable
2,1006.04,metrica:Home:7,attacker_complete_support_unavailable
2,1006.04,metrica:Home:8,attacker_complete_support_unavailable
2,1006.04,metrica:Home:9,complete_ten_defenders_unavailable
2,1010.04,metrica:Away:15,attacker_complete_support_unavailable
2,1010.04,metrica:Away:16,complete_ten_defenders_unavailable
2,1010.04,metrica:Away:17,complete_ten_defenders_unavailable
2,1010.04,metrica:Away:18,complete_ten_defenders_unavailable
2,1010.04,metrica:Away:19,complete_ten_defenders_unavailable
2,1010.04,metrica:Away:20,attacker_complete_support_unavailable
2,1010.04,metrica:Away:21,complete_ten_defenders_unavailable
2,1010.04,metrica:Away:22,attacker_complete_support_unavailable
2,1010.04,metrica:Away:23,complete_ten_defenders_unavailable
2,1010.04,metrica:Away:24,complete_ten_defenders_unavailable
2,1010.04,metrica:Away:26,complete_ten_defenders_unavailable
2,1014.04,metrica:Home:1,complete_ten_defenders_unavailable
2,1014.04,metrica:Home:10,attacker_complete_support_unavailable
2,1014.04,metrica:Home:12,attacker_complete_support_unavailable
2,1014.04,metrica:Home:13,attacker_complete_support_unavailable
2,1014.04,metrica:Home:14,attacker_complete_support_unavailable
2,1014.04,metrica:Home:2,attacker_complete_support_unavailable
2,1014.04,metrica:Home:3,complete_ten_defenders_unavailable
2,1014.04,metrica:Home:4,complete_ten_defenders_unavailable
2,1014.04,metrica:Home:5,attacker_complete_support_unavailable
2,1014.04,metrica:Home:6,complete_ten_defenders_unavailable
2,1014.04,metrica:Home:7,attacker_complete_support_unavailable
2,1014.04,metrica:Home:8,attacker_complete_support_unavailable
2,1014.04,metrica:Home:9,complete_ten_defenders_unavailable
2,1018.04,metrica:Home:1,complete_ten_defenders_unavailable
2,1018.04,metrica:Home:10,attacker_complete_support_unavailable
2,1018.04,metrica:Home:12,attacker_complete_support_unavailable
2,1018.04,metrica:Home:13,attacker_complete_support_unavailable
2,1018.04,metrica:Home:14,attacker_complete_support_unavailable
2,1018.04,metrica:Home:2,attacker_complete_support_unavailable
2,1018.04,metrica:Home:3,complete_ten_defenders_unavailable
2,1018.04,metrica:Home:4,complete_ten_defenders_unavailable
2,1018.04,metrica:Home:5,attacker_complete_support_unavailable
2,1018.04,metrica:Home:6,complete_ten_defenders_unavailable
2,1018.04,metrica:Home:7,attacker_complete_support_unavailable
2,1018.04,metrica:Home:8,attacker_complete_support_unavailable
2,1018.04,metrica:Home:9,complete_ten_defenders_unavailable
2,1022.04,metrica:Home:1,complete_ten_defenders_unavailable
2,1022.04,metrica:Home:10,attacker_complete_support_unavailable
2,1022.04,metrica:Home:12,attacker_complete_support_unavailable
2,1022.04,metrica:Home:13,attacker_complete_support_unavailable
2,1022.04,metrica:Home:14,attacker_complete_support_unavailable
2,1022.04,metrica:Home:2,attacker_complete_support_unavailable
2,1022.04,metrica:Home:3,complete_ten_defenders_unavailable
2,1022.04,metrica:Home:4,complete_ten_defenders_unavailable
2,1022.04,metrica:Home:5,attacker_complete_support_unavailable
2,1022.04,metrica:Home:6,complete_ten_defenders_unavailable
2,1022.04,metrica:Home:7,attacker_complete_support_unavailable
2,1022.04,metrica:Home:8,attacker_complete_support_unavailable
2,1022.04,metrica:Home:9,complete_ten_defenders_unavailable
2,1026.04,metrica:Home:1,complete_ten_defenders_unavailable
2,1026.04,metrica:Home:10,attacker_complete_support_unavailable
2,1026.04,metrica:Home:12,attacker_complete_support_unavailable
2,1026.04,metrica:Home:13,attacker_complete_support_unavailable
2,1026.04,metrica:Home:14,attacker_complete_support_unavailable
2,1026.04,metrica:Home:2,attacker_complete_support_unavailable
2,1026.04,metrica:Home:3,complete_ten_defenders_unavailable
2,1026.04,metrica:Home:4,complete_ten_defenders_unavailable
2,1026.04,metrica:Home:5,attacker_complete_support_unavailable
2,1026.04,metrica:Home:6,complete_ten_defenders_unavailable
2,1026.04,metrica:Home:7,attacker_complete_support_unavailable
2,1026.04,metrica:Home:8,attacker_complete_support_unavailable
2,1026.04,metrica:Home:9,complete_ten_defenders_unavailable
2,1030.04,metrica:Away:15,attacker_complete_support_unavailable
2,1030.04,metrica:Away:16,complete_ten_defenders_unavailable
2,1030.04,metrica:Away:17,complete_ten_defenders_unavailable
2,1030.04,metrica:Away:18,complete_ten_defenders_unavailable
2,1030.04,metrica:Away:19,complete_ten_defenders_unavailable
2,1030.04,metrica:Away:20,attacker_complete_support_unavailable
2,1030.04,metrica:Away:21,complete_ten_defenders_unavailable
2,1030.04,metrica:Away:22,attacker_complete_support_unavailable
2,1030.04,metrica:Away:23,complete_ten_defenders_unavailable
2,1030.04,metrica:Away:24,complete_ten_defenders_unavailable
2,1030.04,metrica:Away:26,complete_ten_defenders_unavailable
2,1034.04,metrica:Home:1,complete_ten_defenders_unavailable
2,1034.04,metrica:Home:10,attacker_complete_support_unavailable
2,1034.04,metrica:Home:12,attacker_complete_support_unavailable
2,1034.04,metrica:Home:13,attacker_complete_support_unavailable
2,1034.04,metrica:Home:14,attacker_complete_support_unavailable
2,1034.04,metrica:Home:2,attacker_complete_support_unavailable
2,1034.04,metrica:Home:3,complete_ten_defenders_unavailable
2,1034.04,metrica:Home:4,complete_ten_defenders_unavailable
2,1034.04,metrica:Home:5,attacker_complete_support_unavailable
2,1034.04,metrica:Home:6,complete_ten_defenders_unavailable
2,1034.04,metrica:Home:7,attacker_complete_support_unavailable
2,1034.04,metrica:Home:8,attacker_complete_support_unavailable
2,1034.04,metrica:Home:9,complete_ten_defenders_unavailable
2,1038.04,metrica:Home:1,complete_ten_defenders_unavailable
2,1038.04,metrica:Home:10,attacker_complete_support_unavailable
2,1038.04,metrica:Home:12,attacker_complete_support_unavailable
2,1038.04,metrica:Home:13,attacker_complete_support_unavailable
2,1038.04,metrica:Home:14,attacker_complete_support_unavailable
2,1038.04,metrica:Home:2,attacker_complete_support_unavailable
2,1038.04,metrica:Home:3,complete_ten_defenders_unavailable
2,1038.04,metrica:Home:4,complete_ten_defenders_unavailable
2,1038.04,metrica:Home:5,attacker_complete_support_unavailable
2,1038.04,metrica:Home:6,complete_ten_defenders_unavailable
2,1038.04,metrica:Home:7,attacker_complete_support_unavailable
2,1038.04,metrica:Home:8,attacker_complete_support_unavailable
2,1038.04,metrica:Home:9,complete_ten_defenders_unavailable
2,1042.04,metrica:Home:1,complete_ten_defenders_unavailable
2,1042.04,metrica:Home:10,attacker_complete_support_unavailable
2,1042.04,metrica:Home:12,attacker_complete_support_unavailable
2,1042.04,metrica:Home:13,attacker_complete_support_unavailable
2,1042.04,metrica:Home:14,attacker_complete_support_unavailable
2,1042.04,metrica:Home:2,attacker_complete_support_unavailable
2,1042.04,metrica:Home:3,complete_ten_defenders_unavailable
2,1042.04,metrica:Home:4,complete_ten_defenders_unavailable
2,1042.04,metrica:Home:5,attacker_complete_support_unavailable
2,1042.04,metrica:Home:6,complete_ten_defenders_unavailable
2,1042.04,metrica:Home:7,attacker_complete_support_unavailable
2,1042.04,metrica:Home:8,attacker_complete_support_unavailable
2,1042.04,metrica:Home:9,complete_ten_defenders_unavailable
2,1046.04,metrica:Home:1,complete_ten_defenders_unavailable
2,1046.04,metrica:Home:10,attacker_complete_support_unavailable
2,1046.04,metrica:Home:12,attacker_complete_support_unavailable
2,1046.04,metrica:Home:13,attacker_complete_support_unavailable
2,1046.04,metrica:Home:14,attacker_complete_support_unavailable
2,1046.04,metrica:Home:2,attacker_complete_support_unavailable
2,1046.04,metrica:Home:3,complete_ten_defenders_unavailable
2,1046.04,metrica:Home:4,complete_ten_defenders_unavailable
2,1046.04,metrica:Home:5,attacker_complete_support_unavailable
2,1046.04,metrica:Home:6,complete_ten_defenders_unavailable
2,1046.04,metrica:Home:7,attacker_complete_support_unavailable
2,1046.04,metrica:Home:8,attacker_complete_support_unavailable
2,1046.04,metrica:Home:9,complete_ten_defenders_unavailable
2,1050.04,metrica:Home:1,complete_ten_defenders_unavailable
2,1050.04,metrica:Home:10,attacker_complete_support_unavailable
2,1050.04,metrica:Home:12,attacker_complete_support_unavailable
2,1050.04,metrica:Home:13,attacker_complete_support_unavailable
2,1050.04,metrica:Home:14,attacker_complete_support_unavailable
2,1050.04,metrica:Home:2,attacker_complete_support_unavailable
2,1050.04,metrica:Home:3,complete_ten_defenders_unavailable
2,1050.04,metrica:Home:4,complete_ten_defenders_unavailable
2,1050.04,metrica:Home:5,attacker_complete_support_unavailable
2,1050.04,metrica:Home:6,complete_ten_defenders_unavailable
2,1050.04,metrica:Home:7,attacker_complete_support_unavailable
2,1050.04,metrica:Home:8,attacker_complete_support_unavailable
2,1050.04,metrica:Home:9,complete_ten_defenders_unavailable
2,1054.04,metrica:Home:1,complete_ten_defenders_unavailable
2,1054.04,metrica:Home:10,attacker_complete_support_unavailable
2,1054.04,metrica:Home:12,attacker_complete_support_unavailable
2,1054.04,metrica:Home:13,attacker_complete_support_unavailable
2,1054.04,metrica:Home:14,attacker_complete_support_unavailable
2,1054.04,metrica:Home:2,attacker_complete_support_unavailable
2,1054.04,metrica:Home:3,complete_ten_defenders_unavailable
2,1054.04,metrica:Home:4,complete_ten_defenders_unavailable
2,1054.04,metrica:Home:5,attacker_complete_support_unavailable
2,1054.04,metrica:Home:6,complete_ten_defenders_unavailable
2,1054.04,metrica:Home:7,attacker_complete_support_unavailable
2,1054.04,metrica:Home:8,attacker_complete_support_unavailable
2,1054.04,metrica:Home:9,complete_ten_defenders_unavailable
2,1058.04,metrica:Home:1,complete_ten_defenders_unavailable
2,1058.04,metrica:Home:10,attacker_complete_support_unavailable
2,1058.04,metrica:Home:12,attacker_complete_support_unavailable
2,1058.04,metrica:Home:13,attacker_complete_support_unavailable
2,1058.04,metrica:Home:14,attacker_complete_support_unavailable
2,1058.04,metrica:Home:2,attacker_complete_support_unavailable
2,1058.04,metrica:Home:3,complete_ten_defenders_unavailable
2,1058.04,metrica:Home:4,complete_ten_defenders_unavailable
2,1058.04,metrica:Home:5,attacker_complete_support_unavailable
2,1058.04,metrica:Home:6,complete_ten_defenders_unavailable
2,1058.04,metrica:Home:7,attacker_complete_support_unavailable
2,1058.04,metrica:Home:8,attacker_complete_support_unavailable
2,1058.04,metrica:Home:9,complete_ten_defenders_unavailable
2,1062.04,metrica:Home:1,complete_ten_defenders_unavailable
2,1062.04,metrica:Home:10,attacker_complete_support_unavailable
2,1062.04,metrica:Home:12,attacker_complete_support_unavailable
2,1062.04,metrica:Home:13,attacker_complete_support_unavailable
2,1062.04,metrica:Home:14,attacker_complete_support_unavailable
2,1062.04,metrica:Home:2,attacker_complete_support_unavailable
2,1062.04,metrica:Home:3,complete_ten_defenders_unavailable
2,1062.04,metrica:Home:4,complete_ten_defenders_unavailable
2,1062.04,metrica:Home:5,attacker_complete_support_unavailable
2,1062.04,metrica:Home:6,complete_ten_defenders_unavailable
2,1062.04,metrica:Home:7,attacker_complete_support_unavailable
2,1062.04,metrica:Home:8,attacker_complete_support_unavailable
2,1062.04,metrica:Home:9,complete_ten_defenders_unavailable
2,1066.04,metrica:Home:1,restart_or_ball_out_span
2,1066.04,metrica:Home:10,restart_or_ball_out_span
2,1066.04,metrica:Home:12,restart_or_ball_out_span
2,1066.04,metrica:Home:13,restart_or_ball_out_span
2,1066.04,metrica:Home:14,restart_or_ball_out_span
2,1066.04,metrica:Home:2,restart_or_ball_out_span
2,1066.04,metrica:Home:3,restart_or_ball_out_span
2,1066.04,metrica:Home:4,restart_or_ball_out_span
2,1066.04,metrica:Home:5,restart_or_ball_out_span
2,1066.04,metrica:Home:6,restart_or_ball_out_span
2,1066.04,metrica:Home:7,restart_or_ball_out_span
2,1066.04,metrica:Home:8,restart_or_ball_out_span
2,1066.04,metrica:Home:9,restart_or_ball_out_span
2,1070.04,metrica:Away:15,attacker_complete_support_unavailable
2,1070.04,metrica:Away:16,complete_ten_defenders_unavailable
2,1070.04,metrica:Away:17,complete_ten_defenders_unavailable
2,1070.04,metrica:Away:18,complete_ten_defenders_unavailable
2,1070.04,metrica:Away:19,complete_ten_defenders_unavailable
2,1070.04,metrica:Away:20,attacker_complete_support_unavailable
2,1070.04,metrica:Away:21,complete_ten_defenders_unavailable
2,1070.04,metrica:Away:22,attacker_complete_support_unavailable
2,1070.04,metrica:Away:23,complete_ten_defenders_unavailable
2,1070.04,metrica:Away:24,complete_ten_defenders_unavailable
2,1070.04,metrica:Away:26,complete_ten_defenders_unavailable
2,1074.04,metrica:Away:15,attacker_complete_support_unavailable
2,1074.04,metrica:Away:16,complete_ten_defenders_unavailable
2,1074.04,metrica:Away:17,complete_ten_defenders_unavailable
2,1074.04,metrica:Away:18,complete_ten_defenders_unavailable
2,1074.04,metrica:Away:19,complete_ten_defenders_unavailable
2,1074.04,metrica:Away:20,attacker_complete_support_unavailable
2,1074.04,metrica:Away:21,complete_ten_defenders_unavailable
2,1074.04,metrica:Away:22,attacker_complete_support_unavailable
2,1074.04,metrica:Away:23,complete_ten_defenders_unavailable
2,1074.04,metrica:Away:24,complete_ten_defenders_unavailable
2,1074.04,metrica:Away:26,complete_ten_defenders_unavailable
2,1078.04,metrica:Away:15,attacker_complete_support_unavailable
2,1078.04,metrica:Away:16,complete_ten_defenders_unavailable
2,1078.04,metrica:Away:17,complete_ten_defenders_unavailable
2,1078.04,metrica:Away:18,complete_ten_defenders_unavailable
2,1078.04,metrica:Away:19,complete_ten_defenders_unavailable
2,1078.04,metrica:Away:20,attacker_complete_support_unavailable
2,1078.04,metrica:Away:21,complete_ten_defenders_unavailable
2,1078.04,metrica:Away:22,attacker_complete_support_unavailable
2,1078.04,metrica:Away:23,complete_ten_defenders_unavailable
2,1078.04,metrica:Away:24,complete_ten_defenders_unavailable
2,1078.04,metrica:Away:26,complete_ten_defenders_unavailable
2,1082.04,metrica:Away:15,attacker_complete_support_unavailable
2,1082.04,metrica:Away:16,complete_ten_defenders_unavailable
2,1082.04,metrica:Away:17,complete_ten_defenders_unavailable
2,1082.04,metrica:Away:18,complete_ten_defenders_unavailable
2,1082.04,metrica:Away:19,complete_ten_defenders_unavailable
2,1082.04,metrica:Away:20,attacker_complete_support_unavailable
2,1082.04,metrica:Away:21,complete_ten_defenders_unavailable
2,1082.04,metrica:Away:22,attacker_complete_support_unavailable
2,1082.04,metrica:Away:23,complete_ten_defenders_unavailable
2,1082.04,metrica:Away:24,complete_ten_defenders_unavailable
2,1082.04,metrica:Away:26,complete_ten_defenders_unavailable
2,1086.04,metrica:Away:15,attacker_complete_support_unavailable
2,1086.04,metrica:Away:16,complete_ten_defenders_unavailable
2,1086.04,metrica:Away:17,complete_ten_defenders_unavailable
2,1086.04,metrica:Away:18,complete_ten_defenders_unavailable
2,1086.04,metrica:Away:19,complete_ten_defenders_unavailable
2,1086.04,metrica:Away:20,attacker_complete_support_unavailable
2,1086.04,metrica:Away:21,complete_ten_defenders_unavailable
2,1086.04,metrica:Away:22,attacker_complete_support_unavailable
2,1086.04,metrica:Away:23,complete_ten_defenders_unavailable
2,1086.04,metrica:Away:24,complete_ten_defenders_unavailable
2,1086.04,metrica:Away:26,complete_ten_defenders_unavailable
2,1090.04,metrica:Away:15,attacker_complete_support_unavailable
2,1090.04,metrica:Away:16,complete_ten_defenders_unavailable
2,1090.04,metrica:Away:17,complete_ten_defenders_unavailable
2,1090.04,metrica:Away:18,complete_ten_defenders_unavailable
2,1090.04,metrica:Away:19,complete_ten_defenders_unavailable
2,1090.04,metrica:Away:20,attacker_complete_support_unavailable
2,1090.04,metrica:Away:21,complete_ten_defenders_unavailable
2,1090.04,metrica:Away:22,attacker_complete_support_unavailable
2,1090.04,metrica:Away:23,complete_ten_defenders_unavailable
2,1090.04,metrica:Away:24,complete_ten_defenders_unavailable
2,1090.04,metrica:Away:26,complete_ten_defenders_unavailable
2,1094.04,metrica:Away:15,attacker_complete_support_unavailable
2,1094.04,metrica:Away:16,complete_ten_defenders_unavailable
2,1094.04,metrica:Away:17,complete_ten_defenders_unavailable
2,1094.04,metrica:Away:18,complete_ten_defenders_unavailable
2,1094.04,metrica:Away:19,complete_ten_defenders_unavailable
2,1094.04,metrica:Away:20,attacker_complete_support_unavailable
2,1094.04,metrica:Away:21,complete_ten_defenders_unavailable
2,1094.04,metrica:Away:22,attacker_complete_support_unavailable
2,1094.04,metrica:Away:23,complete_ten_defenders_unavailable
2,1094.04,metrica:Away:24,complete_ten_defenders_unavailable
2,1094.04,metrica:Away:26,complete_ten_defenders_unavailable
2,1098.04,metrica:Away:15,attacker_complete_support_unavailable
2,1098.04,metrica:Away:16,complete_ten_defenders_unavailable
2,1098.04,metrica:Away:17,complete_ten_defenders_unavailable
2,1098.04,metrica:Away:18,complete_ten_defenders_unavailable
2,1098.04,metrica:Away:19,complete_ten_defenders_unavailable
2,1098.04,metrica:Away:20,attacker_complete_support_unavailable
2,1098.04,metrica:Away:21,complete_ten_defenders_unavailable
2,1098.04,metrica:Away:22,attacker_complete_support_unavailable
2,1098.04,metrica:Away:23,complete_ten_defenders_unavailable
2,1098.04,metrica:Away:24,complete_ten_defenders_unavailable
2,1098.04,metrica:Away:26,complete_ten_defenders_unavailable
2,1102.04,metrica:Away:15,attacker_complete_support_unavailable
2,1102.04,metrica:Away:16,complete_ten_defenders_unavailable
2,1102.04,metrica:Away:17,complete_ten_defenders_unavailable
2,1102.04,metrica:Away:18,complete_ten_defenders_unavailable
2,1102.04,metrica:Away:19,complete_ten_defenders_unavailable
2,1102.04,metrica:Away:20,attacker_complete_support_unavailable
2,1102.04,metrica:Away:21,complete_ten_defenders_unavailable
2,1102.04,metrica:Away:22,attacker_complete_support_unavailable
2,1102.04,metrica:Away:23,complete_ten_defenders_unavailable
2,1102.04,metrica:Away:24,complete_ten_defenders_unavailable
2,1102.04,metrica:Away:26,complete_ten_defenders_unavailable
2,1106.04,metrica:Away:15,attacker_complete_support_unavailable
2,1106.04,metrica:Away:16,complete_ten_defenders_unavailable
2,1106.04,metrica:Away:17,complete_ten_defenders_unavailable
2,1106.04,metrica:Away:18,complete_ten_defenders_unavailable
2,1106.04,metrica:Away:19,complete_ten_defenders_unavailable
2,1106.04,metrica:Away:20,attacker_complete_support_unavailable
2,1106.04,metrica:Away:21,complete_ten_defenders_unavailable
2,1106.04,metrica:Away:22,attacker_complete_support_unavailable
2,1106.04,metrica:Away:23,complete_ten_defenders_unavailable
2,1106.04,metrica:Away:24,complete_ten_defenders_unavailable
2,1106.04,metrica:Away:26,complete_ten_defenders_unavailable
2,1110.04,metrica:Away:15,attacker_complete_support_unavailable
2,1110.04,metrica:Away:16,complete_ten_defenders_unavailable
2,1110.04,metrica:Away:17,complete_ten_defenders_unavailable
2,1110.04,metrica:Away:18,complete_ten_defenders_unavailable
2,1110.04,metrica:Away:19,complete_ten_defenders_unavailable
2,1110.04,metrica:Away:20,attacker_complete_support_unavailable
2,1110.04,metrica:Away:21,complete_ten_defenders_unavailable
2,1110.04,metrica:Away:22,attacker_complete_support_unavailable
2,1110.04,metrica:Away:23,complete_ten_defenders_unavailable
2,1110.04,metrica:Away:24,complete_ten_defenders_unavailable
2,1110.04,metrica:Away:26,complete_ten_defenders_unavailable
2,1114.04,metrica:Away:15,attacker_complete_support_unavailable
2,1114.04,metrica:Away:16,complete_ten_defenders_unavailable
2,1114.04,metrica:Away:17,complete_ten_defenders_unavailable
2,1114.04,metrica:Away:18,complete_ten_defenders_unavailable
2,1114.04,metrica:Away:19,complete_ten_defenders_unavailable
2,1114.04,metrica:Away:20,attacker_complete_support_unavailable
2,1114.04,metrica:Away:21,complete_ten_defenders_unavailable
2,1114.04,metrica:Away:22,attacker_complete_support_unavailable
2,1114.04,metrica:Away:23,complete_ten_defenders_unavailable
2,1114.04,metrica:Away:24,complete_ten_defenders_unavailable
2,1114.04,metrica:Away:26,complete_ten_defenders_unavailable
2,1118.04,metrica:Home:1,restart_or_ball_out_span
2,1118.04,metrica:Home:10,restart_or_ball_out_span
2,1118.04,metrica:Home:12,restart_or_ball_out_span
2,1118.04,metrica:Home:13,restart_or_ball_out_span
2,1118.04,metrica:Home:14,restart_or_ball_out_span
2,1118.04,metrica:Home:2,restart_or_ball_out_span
2,1118.04,metrica:Home:3,restart_or_ball_out_span
2,1118.04,metrica:Home:4,restart_or_ball_out_span
2,1118.04,metrica:Home:5,restart_or_ball_out_span
2,1118.04,metrica:Home:6,restart_or_ball_out_span
2,1118.04,metrica:Home:7,restart_or_ball_out_span
2,1118.04,metrica:Home:8,restart_or_ball_out_span
2,1118.04,metrica:Home:9,restart_or_ball_out_span
2,1122.04,metrica:Home:1,complete_ten_defenders_unavailable
2,1122.04,metrica:Home:10,attacker_complete_support_unavailable
2,1122.04,metrica:Home:12,complete_ten_defenders_unavailable
2,1122.04,metrica:Home:13,attacker_complete_support_unavailable
2,1122.04,metrica:Home:14,attacker_complete_support_unavailable
2,1122.04,metrica:Home:2,attacker_complete_support_unavailable
2,1122.04,metrica:Home:3,complete_ten_defenders_unavailable
2,1122.04,metrica:Home:4,attacker_complete_support_unavailable
2,1122.04,metrica:Home:5,attacker_complete_support_unavailable
2,1122.04,metrica:Home:6,complete_ten_defenders_unavailable
2,1122.04,metrica:Home:7,attacker_complete_support_unavailable
2,1122.04,metrica:Home:8,complete_ten_defenders_unavailable
2,1122.04,metrica:Home:9,complete_ten_defenders_unavailable
2,1126.04,metrica:Home:1,complete_ten_defenders_unavailable
2,1126.04,metrica:Home:10,attacker_complete_support_unavailable
2,1126.04,metrica:Home:12,complete_ten_defenders_unavailable
2,1126.04,metrica:Home:13,attacker_complete_support_unavailable
2,1126.04,metrica:Home:14,attacker_complete_support_unavailable
2,1126.04,metrica:Home:2,attacker_complete_support_unavailable
2,1126.04,metrica:Home:3,complete_ten_defenders_unavailable
2,1126.04,metrica:Home:4,attacker_complete_support_unavailable
2,1126.04,metrica:Home:5,attacker_complete_support_unavailable
2,1126.04,metrica:Home:6,complete_ten_defenders_unavailable
2,1126.04,metrica:Home:7,attacker_complete_support_unavailable
2,1126.04,metrica:Home:8,complete_ten_defenders_unavailable
2,1126.04,metrica:Home:9,complete_ten_defenders_unavailable
2,1130.04,metrica:Home:1,complete_ten_defenders_unavailable
2,1130.04,metrica:Home:10,attacker_complete_support_unavailable
2,1130.04,metrica:Home:12,complete_ten_defenders_unavailable
2,1130.04,metrica:Home:13,attacker_complete_support_unavailable
2,1130.04,metrica:Home:14,attacker_complete_support_unavailable
2,1130.04,metrica:Home:2,attacker_complete_support_unavailable
2,1130.04,metrica:Home:3,complete_ten_defenders_unavailable
2,1130.04,metrica:Home:4,attacker_complete_support_unavailable
2,1130.04,metrica:Home:5,attacker_complete_support_unavailable
2,1130.04,metrica:Home:6,complete_ten_defenders_unavailable
2,1130.04,metrica:Home:7,attacker_complete_support_unavailable
2,1130.04,metrica:Home:8,complete_ten_defenders_unavailable
2,1130.04,metrica:Home:9,complete_ten_defenders_unavailable
2,1134.04,metrica:Home:1,complete_ten_defenders_unavailable
2,1134.04,metrica:Home:10,attacker_complete_support_unavailable
2,1134.04,metrica:Home:12,complete_ten_defenders_unavailable
2,1134.04,metrica:Home:13,attacker_complete_support_unavailable
2,1134.04,metrica:Home:14,attacker_complete_support_unavailable
2,1134.04,metrica:Home:2,attacker_complete_support_unavailable
2,1134.04,metrica:Home:3,complete_ten_defenders_unavailable
2,1134.04,metrica:Home:4,attacker_complete_support_unavailable
2,1134.04,metrica:Home:5,attacker_complete_support_unavailable
2,1134.04,metrica:Home:6,complete_ten_defenders_unavailable
2,1134.04,metrica:Home:7,attacker_complete_support_unavailable
2,1134.04,metrica:Home:8,complete_ten_defenders_unavailable
2,1134.04,metrica:Home:9,complete_ten_defenders_unavailable
2,1138.04,metrica:Home:1,complete_ten_defenders_unavailable
2,1138.04,metrica:Home:10,attacker_complete_support_unavailable
2,1138.04,metrica:Home:12,complete_ten_defenders_unavailable
2,1138.04,metrica:Home:13,attacker_complete_support_unavailable
2,1138.04,metrica:Home:14,attacker_complete_support_unavailable
2,1138.04,metrica:Home:2,attacker_complete_support_unavailable
2,1138.04,metrica:Home:3,complete_ten_defenders_unavailable
2,1138.04,metrica:Home:4,attacker_complete_support_unavailable
2,1138.04,metrica:Home:5,attacker_complete_support_unavailable
2,1138.04,metrica:Home:6,complete_ten_defenders_unavailable
2,1138.04,metrica:Home:7,attacker_complete_support_unavailable
2,1138.04,metrica:Home:8,complete_ten_defenders_unavailable
2,1138.04,metrica:Home:9,complete_ten_defenders_unavailable
2,1142.04,metrica:Home:1,complete_ten_defenders_unavailable
2,1142.04,metrica:Home:10,attacker_complete_support_unavailable
2,1142.04,metrica:Home:12,complete_ten_defenders_unavailable
2,1142.04,metrica:Home:13,attacker_complete_support_unavailable
2,1142.04,metrica:Home:14,attacker_complete_support_unavailable
2,1142.04,metrica:Home:2,attacker_complete_support_unavailable
2,1142.04,metrica:Home:3,complete_ten_defenders_unavailable
2,1142.04,metrica:Home:4,attacker_complete_support_unavailable
2,1142.04,metrica:Home:5,attacker_complete_support_unavailable
2,1142.04,metrica:Home:6,complete_ten_defenders_unavailable
2,1142.04,metrica:Home:7,attacker_complete_support_unavailable
2,1142.04,metrica:Home:8,complete_ten_defenders_unavailable
2,1142.04,metrica:Home:9,complete_ten_defenders_unavailable
2,1146.04,metrica:Home:1,complete_ten_defenders_unavailable
2,1146.04,metrica:Home:10,attacker_complete_support_unavailable
2,1146.04,metrica:Home:12,complete_ten_defenders_unavailable
2,1146.04,metrica:Home:13,attacker_complete_support_unavailable
2,1146.04,metrica:Home:14,attacker_complete_support_unavailable
2,1146.04,metrica:Home:2,attacker_complete_support_unavailable
2,1146.04,metrica:Home:3,complete_ten_defenders_unavailable
2,1146.04,metrica:Home:4,attacker_complete_support_unavailable
2,1146.04,metrica:Home:5,attacker_complete_support_unavailable
2,1146.04,metrica:Home:6,complete_ten_defenders_unavailable
2,1146.04,metrica:Home:7,attacker_complete_support_unavailable
2,1146.04,metrica:Home:8,complete_ten_defenders_unavailable
2,1146.04,metrica:Home:9,complete_ten_defenders_unavailable
2,1150.04,metrica:Home:1,complete_ten_defenders_unavailable
2,1150.04,metrica:Home:10,attacker_complete_support_unavailable
2,1150.04,metrica:Home:12,complete_ten_defenders_unavailable
2,1150.04,metrica:Home:13,attacker_complete_support_unavailable
2,1150.04,metrica:Home:14,attacker_complete_support_unavailable
2,1150.04,metrica:Home:2,attacker_complete_support_unavailable
2,1150.04,metrica:Home:3,complete_ten_defenders_unavailable
2,1150.04,metrica:Home:4,attacker_complete_support_unavailable
2,1150.04,metrica:Home:5,attacker_complete_support_unavailable
2,1150.04,metrica:Home:6,complete_ten_defenders_unavailable
2,1150.04,metrica:Home:7,attacker_complete_support_unavailable
2,1150.04,metrica:Home:8,complete_ten_defenders_unavailable
2,1150.04,metrica:Home:9,complete_ten_defenders_unavailable
2,1154.04,metrica:Home:1,complete_ten_defenders_unavailable
2,1154.04,metrica:Home:10,attacker_complete_support_unavailable
2,1154.04,metrica:Home:12,complete_ten_defenders_unavailable
2,1154.04,metrica:Home:13,attacker_complete_support_unavailable
2,1154.04,metrica:Home:14,attacker_complete_support_unavailable
2,1154.04,metrica:Home:2,attacker_complete_support_unavailable
2,1154.04,metrica:Home:3,complete_ten_defenders_unavailable
2,1154.04,metrica:Home:4,attacker_complete_support_unavailable
2,1154.04,metrica:Home:5,attacker_complete_support_unavailable
2,1154.04,metrica:Home:6,complete_ten_defenders_unavailable
2,1154.04,metrica:Home:7,attacker_complete_support_unavailable
2,1154.04,metrica:Home:8,complete_ten_defenders_unavailable
2,1154.04,metrica:Home:9,complete_ten_defenders_unavailable
2,1158.04,metrica:Home:1,restart_or_ball_out_span
2,1158.04,metrica:Home:10,restart_or_ball_out_span
2,1158.04,metrica:Home:12,restart_or_ball_out_span
2,1158.04,metrica:Home:13,restart_or_ball_out_span
2,1158.04,metrica:Home:14,restart_or_ball_out_span
2,1158.04,metrica:Home:2,restart_or_ball_out_span
2,1158.04,metrica:Home:3,restart_or_ball_out_span
2,1158.04,metrica:Home:4,restart_or_ball_out_span
2,1158.04,metrica:Home:5,restart_or_ball_out_span
2,1158.04,metrica:Home:6,restart_or_ball_out_span
2,1158.04,metrica:Home:7,restart_or_ball_out_span
2,1158.04,metrica:Home:8,restart_or_ball_out_span
2,1158.04,metrica:Home:9,restart_or_ball_out_span
2,1162.04,metrica:Home:1,complete_ten_defenders_unavailable
2,1162.04,metrica:Home:10,attacker_complete_support_unavailable
2,1162.04,metrica:Home:12,complete_ten_defenders_unavailable
2,1162.04,metrica:Home:13,attacker_complete_support_unavailable
2,1162.04,metrica:Home:14,attacker_complete_support_unavailable
2,1162.04,metrica:Home:2,attacker_complete_support_unavailable
2,1162.04,metrica:Home:3,complete_ten_defenders_unavailable
2,1162.04,metrica:Home:4,attacker_complete_support_unavailable
2,1162.04,metrica:Home:5,attacker_complete_support_unavailable
2,1162.04,metrica:Home:6,complete_ten_defenders_unavailable
2,1162.04,metrica:Home:7,attacker_complete_support_unavailable
2,1162.04,metrica:Home:8,complete_ten_defenders_unavailable
2,1162.04,metrica:Home:9,complete_ten_defenders_unavailable
2,1166.04,metrica:Home:1,complete_ten_defenders_unavailable
2,1166.04,metrica:Home:10,attacker_complete_support_unavailable
2,1166.04,metrica:Home:12,complete_ten_defenders_unavailable
2,1166.04,metrica:Home:13,attacker_complete_support_unavailable
2,1166.04,metrica:Home:14,attacker_complete_support_unavailable
2,1166.04,metrica:Home:2,attacker_complete_support_unavailable
2,1166.04,metrica:Home:3,complete_ten_defenders_unavailable
2,1166.04,metrica:Home:4,attacker_complete_support_unavailable
2,1166.04,metrica:Home:5,attacker_complete_support_unavailable
2,1166.04,metrica:Home:6,complete_ten_defenders_unavailable
2,1166.04,metrica:Home:7,attacker_complete_support_unavailable
2,1166.04,metrica:Home:8,complete_ten_defenders_unavailable
2,1166.04,metrica:Home:9,complete_ten_defenders_unavailable
2,1170.04,metrica:Home:1,complete_ten_defenders_unavailable
2,1170.04,metrica:Home:10,attacker_complete_support_unavailable
2,1170.04,metrica:Home:12,complete_ten_defenders_unavailable
2,1170.04,metrica:Home:13,attacker_complete_support_unavailable
2,1170.04,metrica:Home:14,attacker_complete_support_unavailable
2,1170.04,metrica:Home:2,attacker_complete_support_unavailable
2,1170.04,metrica:Home:3,complete_ten_defenders_unavailable
2,1170.04,metrica:Home:4,attacker_complete_support_unavailable
2,1170.04,metrica:Home:5,attacker_complete_support_unavailable
2,1170.04,metrica:Home:6,complete_ten_defenders_unavailable
2,1170.04,metrica:Home:7,attacker_complete_support_unavailable
2,1170.04,metrica:Home:8,complete_ten_defenders_unavailable
2,1170.04,metrica:Home:9,complete_ten_defenders_unavailable
2,1174.04,metrica:Home:1,complete_ten_defenders_unavailable
2,1174.04,metrica:Home:10,attacker_complete_support_unavailable
2,1174.04,metrica:Home:12,complete_ten_defenders_unavailable
2,1174.04,metrica:Home:13,attacker_complete_support_unavailable
2,1174.04,metrica:Home:14,attacker_complete_support_unavailable
2,1174.04,metrica:Home:2,attacker_complete_support_unavailable
2,1174.04,metrica:Home:3,complete_ten_defenders_unavailable
2,1174.04,metrica:Home:4,attacker_complete_support_unavailable
2,1174.04,metrica:Home:5,attacker_complete_support_unavailable
2,1174.04,metrica:Home:6,complete_ten_defenders_unavailable
2,1174.04,metrica:Home:7,attacker_complete_support_unavailable
2,1174.04,metrica:Home:8,complete_ten_defenders_unavailable
2,1174.04,metrica:Home:9,complete_ten_defenders_unavailable
2,1178.04,metrica:Home:1,complete_ten_defenders_unavailable
2,1178.04,metrica:Home:10,attacker_complete_support_unavailable
2,1178.04,metrica:Home:12,complete_ten_defenders_unavailable
2,1178.04,metrica:Home:13,attacker_complete_support_unavailable
2,1178.04,metrica:Home:14,attacker_complete_support_unavailable
2,1178.04,metrica:Home:2,attacker_complete_support_unavailable
2,1178.04,metrica:Home:3,complete_ten_defenders_unavailable
2,1178.04,metrica:Home:4,attacker_complete_support_unavailable
2,1178.04,metrica:Home:5,attacker_complete_support_unavailable
2,1178.04,metrica:Home:6,complete_ten_defenders_unavailable
2,1178.04,metrica:Home:7,attacker_complete_support_unavailable
2,1178.04,metrica:Home:8,complete_ten_defenders_unavailable
2,1178.04,metrica:Home:9,complete_ten_defenders_unavailable
2,1182.04,metrica:Away:15,attacker_complete_support_unavailable
2,1182.04,metrica:Away:16,complete_ten_defenders_unavailable
2,1182.04,metrica:Away:17,complete_ten_defenders_unavailable
2,1182.04,metrica:Away:18,complete_ten_defenders_unavailable
2,1182.04,metrica:Away:19,complete_ten_defenders_unavailable
2,1182.04,metrica:Away:20,attacker_complete_support_unavailable
2,1182.04,metrica:Away:21,complete_ten_defenders_unavailable
2,1182.04,metrica:Away:22,attacker_complete_support_unavailable
2,1182.04,metrica:Away:23,complete_ten_defenders_unavailable
2,1182.04,metrica:Away:24,complete_ten_defenders_unavailable
2,1182.04,metrica:Away:26,complete_ten_defenders_unavailable
2,1186.04,metrica:Home:1,complete_ten_defenders_unavailable
2,1186.04,metrica:Home:10,attacker_complete_support_unavailable
2,1186.04,metrica:Home:12,complete_ten_defenders_unavailable
2,1186.04,metrica:Home:13,attacker_complete_support_unavailable
2,1186.04,metrica:Home:14,attacker_complete_support_unavailable
2,1186.04,metrica:Home:2,attacker_complete_support_unavailable
2,1186.04,metrica:Home:3,complete_ten_defenders_unavailable
2,1186.04,metrica:Home:4,attacker_complete_support_unavailable
2,1186.04,metrica:Home:5,attacker_complete_support_unavailable
2,1186.04,metrica:Home:6,complete_ten_defenders_unavailable
2,1186.04,metrica:Home:7,attacker_complete_support_unavailable
2,1186.04,metrica:Home:8,complete_ten_defenders_unavailable
2,1186.04,metrica:Home:9,complete_ten_defenders_unavailable
2,1190.04,metrica:Home:1,complete_ten_defenders_unavailable
2,1190.04,metrica:Home:10,attacker_complete_support_unavailable
2,1190.04,metrica:Home:12,complete_ten_defenders_unavailable
2,1190.04,metrica:Home:13,attacker_complete_support_unavailable
2,1190.04,metrica:Home:14,attacker_complete_support_unavailable
2,1190.04,metrica:Home:2,attacker_complete_support_unavailable
2,1190.04,metrica:Home:3,complete_ten_defenders_unavailable
2,1190.04,metrica:Home:4,attacker_complete_support_unavailable
2,1190.04,metrica:Home:5,attacker_complete_support_unavailable
2,1190.04,metrica:Home:6,complete_ten_defenders_unavailable
2,1190.04,metrica:Home:7,attacker_complete_support_unavailable
2,1190.04,metrica:Home:8,complete_ten_defenders_unavailable
2,1190.04,metrica:Home:9,complete_ten_defenders_unavailable
2,1194.04,metrica:Away:15,restart_or_ball_out_span
2,1194.04,metrica:Away:16,restart_or_ball_out_span
2,1194.04,metrica:Away:17,restart_or_ball_out_span
2,1194.04,metrica:Away:18,restart_or_ball_out_span
2,1194.04,metrica:Away:19,restart_or_ball_out_span
2,1194.04,metrica:Away:20,restart_or_ball_out_span
2,1194.04,metrica:Away:21,restart_or_ball_out_span
2,1194.04,metrica:Away:22,restart_or_ball_out_span
2,1194.04,metrica:Away:23,restart_or_ball_out_span
2,1194.04,metrica:Away:24,restart_or_ball_out_span
2,1194.04,metrica:Away:26,restart_or_ball_out_span
2,1198.04,metrica:Away:15,attacker_complete_support_unavailable
2,1198.04,metrica:Away:16,complete_ten_defenders_unavailable
2,1198.04,metrica:Away:17,complete_ten_defenders_unavailable
2,1198.04,metrica:Away:18,complete_ten_defenders_unavailable
2,1198.04,metrica:Away:19,complete_ten_defenders_unavailable
2,1198.04,metrica:Away:20,attacker_complete_support_unavailable
2,1198.04,metrica:Away:21,complete_ten_defenders_unavailable
2,1198.04,metrica:Away:22,attacker_complete_support_unavailable
2,1198.04,metrica:Away:23,complete_ten_defenders_unavailable
2,1198.04,metrica:Away:24,complete_ten_defenders_unavailable
2,1198.04,metrica:Away:26,complete_ten_defenders_unavailable
2,1202.04,metrica:Away:15,attacker_complete_support_unavailable
2,1202.04,metrica:Away:16,complete_ten_defenders_unavailable
2,1202.04,metrica:Away:17,complete_ten_defenders_unavailable
2,1202.04,metrica:Away:18,complete_ten_defenders_unavailable
2,1202.04,metrica:Away:19,complete_ten_defenders_unavailable
2,1202.04,metrica:Away:20,attacker_complete_support_unavailable
2,1202.04,metrica:Away:21,complete_ten_defenders_unavailable
2,1202.04,metrica:Away:22,attacker_complete_support_unavailable
2,1202.04,metrica:Away:23,complete_ten_defenders_unavailable
2,1202.04,metrica:Away:24,complete_ten_defenders_unavailable
2,1202.04,metrica:Away:26,complete_ten_defenders_unavailable
2,1206.04,metrica:Away:15,attacker_complete_support_unavailable
2,1206.04,metrica:Away:16,complete_ten_defenders_unavailable
2,1206.04,metrica:Away:17,complete_ten_defenders_unavailable
2,1206.04,metrica:Away:18,complete_ten_defenders_unavailable
2,1206.04,metrica:Away:19,complete_ten_defenders_unavailable
2,1206.04,metrica:Away:20,attacker_complete_support_unavailable
2,1206.04,metrica:Away:21,complete_ten_defenders_unavailable
2,1206.04,metrica:Away:22,attacker_complete_support_unavailable
2,1206.04,metrica:Away:23,complete_ten_defenders_unavailable
2,1206.04,metrica:Away:24,complete_ten_defenders_unavailable
2,1206.04,metrica:Away:26,complete_ten_defenders_unavailable
2,1210.04,metrica:Away:15,attacker_complete_support_unavailable
2,1210.04,metrica:Away:16,complete_ten_defenders_unavailable
2,1210.04,metrica:Away:17,complete_ten_defenders_unavailable
2,1210.04,metrica:Away:18,complete_ten_defenders_unavailable
2,1210.04,metrica:Away:19,complete_ten_defenders_unavailable
2,1210.04,metrica:Away:20,attacker_complete_support_unavailable
2,1210.04,metrica:Away:21,complete_ten_defenders_unavailable
2,1210.04,metrica:Away:22,attacker_complete_support_unavailable
2,1210.04,metrica:Away:23,complete_ten_defenders_unavailable
2,1210.04,metrica:Away:24,complete_ten_defenders_unavailable
2,1210.04,metrica:Away:26,complete_ten_defenders_unavailable
2,1214.04,metrica:Away:15,attacker_complete_support_unavailable
2,1214.04,metrica:Away:16,complete_ten_defenders_unavailable
2,1214.04,metrica:Away:17,complete_ten_defenders_unavailable
2,1214.04,metrica:Away:18,complete_ten_defenders_unavailable
2,1214.04,metrica:Away:19,complete_ten_defenders_unavailable
2,1214.04,metrica:Away:20,attacker_complete_support_unavailable
2,1214.04,metrica:Away:21,complete_ten_defenders_unavailable
2,1214.04,metrica:Away:22,attacker_complete_support_unavailable
2,1214.04,metrica:Away:23,complete_ten_defenders_unavailable
2,1214.04,metrica:Away:24,complete_ten_defenders_unavailable
2,1214.04,metrica:Away:26,complete_ten_defenders_unavailable
2,1218.04,metrica:Away:15,attacker_complete_support_unavailable
2,1218.04,metrica:Away:16,complete_ten_defenders_unavailable
2,1218.04,metrica:Away:17,complete_ten_defenders_unavailable
2,1218.04,metrica:Away:18,complete_ten_defenders_unavailable
2,1218.04,metrica:Away:19,complete_ten_defenders_unavailable
2,1218.04,metrica:Away:20,attacker_complete_support_unavailable
2,1218.04,metrica:Away:21,complete_ten_defenders_unavailable
2,1218.04,metrica:Away:22,attacker_complete_support_unavailable
2,1218.04,metrica:Away:23,complete_ten_defenders_unavailable
2,1218.04,metrica:Away:24,complete_ten_defenders_unavailable
2,1218.04,metrica:Away:26,complete_ten_defenders_unavailable
2,1222.04,metrica:Away:15,attacker_complete_support_unavailable
2,1222.04,metrica:Away:16,complete_ten_defenders_unavailable
2,1222.04,metrica:Away:17,complete_ten_defenders_unavailable
2,1222.04,metrica:Away:18,complete_ten_defenders_unavailable
2,1222.04,metrica:Away:19,complete_ten_defenders_unavailable
2,1222.04,metrica:Away:20,attacker_complete_support_unavailable
2,1222.04,metrica:Away:21,complete_ten_defenders_unavailable
2,1222.04,metrica:Away:22,attacker_complete_support_unavailable
2,1222.04,metrica:Away:23,complete_ten_defenders_unavailable
2,1222.04,metrica:Away:24,complete_ten_defenders_unavailable
2,1222.04,metrica:Away:26,complete_ten_defenders_unavailable
2,1226.04,metrica:Away:15,attacker_complete_support_unavailable
2,1226.04,metrica:Away:16,complete_ten_defenders_unavailable
2,1226.04,metrica:Away:17,complete_ten_defenders_unavailable
2,1226.04,metrica:Away:18,complete_ten_defenders_unavailable
2,1226.04,metrica:Away:19,complete_ten_defenders_unavailable
2,1226.04,metrica:Away:20,attacker_complete_support_unavailable
2,1226.04,metrica:Away:21,complete_ten_defenders_unavailable
2,1226.04,metrica:Away:22,attacker_complete_support_unavailable
2,1226.04,metrica:Away:23,complete_ten_defenders_unavailable
2,1226.04,metrica:Away:24,complete_ten_defenders_unavailable
2,1226.04,metrica:Away:26,complete_ten_defenders_unavailable
2,1230.04,metrica:Home:1,restart_or_ball_out_span
2,1230.04,metrica:Home:10,restart_or_ball_out_span
2,1230.04,metrica:Home:12,restart_or_ball_out_span
2,1230.04,metrica:Home:13,restart_or_ball_out_span
2,1230.04,metrica:Home:14,restart_or_ball_out_span
2,1230.04,metrica:Home:2,restart_or_ball_out_span
2,1230.04,metrica:Home:3,restart_or_ball_out_span
2,1230.04,metrica:Home:4,restart_or_ball_out_span
2,1230.04,metrica:Home:5,restart_or_ball_out_span
2,1230.04,metrica:Home:6,restart_or_ball_out_span
2,1230.04,metrica:Home:7,restart_or_ball_out_span
2,1230.04,metrica:Home:8,restart_or_ball_out_span
2,1230.04,metrica:Home:9,restart_or_ball_out_span
2,1234.04,metrica:Home:1,complete_ten_defenders_unavailable
2,1234.04,metrica:Home:10,attacker_complete_support_unavailable
2,1234.04,metrica:Home:12,complete_ten_defenders_unavailable
2,1234.04,metrica:Home:13,attacker_complete_support_unavailable
2,1234.04,metrica:Home:14,attacker_complete_support_unavailable
2,1234.04,metrica:Home:2,attacker_complete_support_unavailable
2,1234.04,metrica:Home:3,complete_ten_defenders_unavailable
2,1234.04,metrica:Home:4,attacker_complete_support_unavailable
2,1234.04,metrica:Home:5,attacker_complete_support_unavailable
2,1234.04,metrica:Home:6,complete_ten_defenders_unavailable
2,1234.04,metrica:Home:7,attacker_complete_support_unavailable
2,1234.04,metrica:Home:8,complete_ten_defenders_unavailable
2,1234.04,metrica:Home:9,complete_ten_defenders_unavailable
2,1238.04,metrica:Away:15,restart_or_ball_out_span
2,1238.04,metrica:Away:16,restart_or_ball_out_span
2,1238.04,metrica:Away:17,restart_or_ball_out_span
2,1238.04,metrica:Away:18,restart_or_ball_out_span
2,1238.04,metrica:Away:19,restart_or_ball_out_span
2,1238.04,metrica:Away:20,restart_or_ball_out_span
2,1238.04,metrica:Away:21,restart_or_ball_out_span
2,1238.04,metrica:Away:22,restart_or_ball_out_span
2,1238.04,metrica:Away:23,restart_or_ball_out_span
2,1238.04,metrica:Away:24,restart_or_ball_out_span
2,1238.04,metrica:Away:26,restart_or_ball_out_span
2,1242.04,metrica:Home:1,complete_ten_defenders_unavailable
2,1242.04,metrica:Home:10,attacker_complete_support_unavailable
2,1242.04,metrica:Home:12,complete_ten_defenders_unavailable
2,1242.04,metrica:Home:13,attacker_complete_support_unavailable
2,1242.04,metrica:Home:14,attacker_complete_support_unavailable
2,1242.04,metrica:Home:2,attacker_complete_support_unavailable
2,1242.04,metrica:Home:3,complete_ten_defenders_unavailable
2,1242.04,metrica:Home:4,attacker_complete_support_unavailable
2,1242.04,metrica:Home:5,attacker_complete_support_unavailable
2,1242.04,metrica:Home:6,complete_ten_defenders_unavailable
2,1242.04,metrica:Home:7,attacker_complete_support_unavailable
2,1242.04,metrica:Home:8,complete_ten_defenders_unavailable
2,1242.04,metrica:Home:9,complete_ten_defenders_unavailable
2,1246.04,metrica:Home:1,complete_ten_defenders_unavailable
2,1246.04,metrica:Home:10,attacker_complete_support_unavailable
2,1246.04,metrica:Home:12,complete_ten_defenders_unavailable
2,1246.04,metrica:Home:13,attacker_complete_support_unavailable
2,1246.04,metrica:Home:14,attacker_complete_support_unavailable
2,1246.04,metrica:Home:2,attacker_complete_support_unavailable
2,1246.04,metrica:Home:3,complete_ten_defenders_unavailable
2,1246.04,metrica:Home:4,attacker_complete_support_unavailable
2,1246.04,metrica:Home:5,attacker_complete_support_unavailable
2,1246.04,metrica:Home:6,complete_ten_defenders_unavailable
2,1246.04,metrica:Home:7,attacker_complete_support_unavailable
2,1246.04,metrica:Home:8,complete_ten_defenders_unavailable
2,1246.04,metrica:Home:9,complete_ten_defenders_unavailable
2,1250.04,metrica:Home:1,complete_ten_defenders_unavailable
2,1250.04,metrica:Home:10,attacker_complete_support_unavailable
2,1250.04,metrica:Home:12,complete_ten_defenders_unavailable
2,1250.04,metrica:Home:13,attacker_complete_support_unavailable
2,1250.04,metrica:Home:14,attacker_complete_support_unavailable
2,1250.04,metrica:Home:2,attacker_complete_support_unavailable
2,1250.04,metrica:Home:3,complete_ten_defenders_unavailable
2,1250.04,metrica:Home:4,attacker_complete_support_unavailable
2,1250.04,metrica:Home:5,attacker_complete_support_unavailable
2,1250.04,metrica:Home:6,complete_ten_defenders_unavailable
2,1250.04,metrica:Home:7,attacker_complete_support_unavailable
2,1250.04,metrica:Home:8,complete_ten_defenders_unavailable
2,1250.04,metrica:Home:9,complete_ten_defenders_unavailable
2,1254.04,metrica:Home:1,complete_ten_defenders_unavailable
2,1254.04,metrica:Home:10,attacker_complete_support_unavailable
2,1254.04,metrica:Home:12,complete_ten_defenders_unavailable
2,1254.04,metrica:Home:13,attacker_complete_support_unavailable
2,1254.04,metrica:Home:14,attacker_complete_support_unavailable
2,1254.04,metrica:Home:2,attacker_complete_support_unavailable
2,1254.04,metrica:Home:3,complete_ten_defenders_unavailable
2,1254.04,metrica:Home:4,attacker_complete_support_unavailable
2,1254.04,metrica:Home:5,attacker_complete_support_unavailable
2,1254.04,metrica:Home:6,complete_ten_defenders_unavailable
2,1254.04,metrica:Home:7,attacker_complete_support_unavailable
2,1254.04,metrica:Home:8,complete_ten_defenders_unavailable
2,1254.04,metrica:Home:9,complete_ten_defenders_unavailable
2,1258.04,metrica:Home:1,complete_ten_defenders_unavailable
2,1258.04,metrica:Home:10,attacker_complete_support_unavailable
2,1258.04,metrica:Home:12,complete_ten_defenders_unavailable
2,1258.04,metrica:Home:13,attacker_complete_support_unavailable
2,1258.04,metrica:Home:14,attacker_complete_support_unavailable
2,1258.04,metrica:Home:2,attacker_complete_support_unavailable
2,1258.04,metrica:Home:3,complete_ten_defenders_unavailable
2,1258.04,metrica:Home:4,attacker_complete_support_unavailable
2,1258.04,metrica:Home:5,attacker_complete_support_unavailable
2,1258.04,metrica:Home:6,complete_ten_defenders_unavailable
2,1258.04,metrica:Home:7,attacker_complete_support_unavailable
2,1258.04,metrica:Home:8,complete_ten_defenders_unavailable
2,1258.04,metrica:Home:9,complete_ten_defenders_unavailable
2,1262.04,metrica:Home:1,complete_ten_defenders_unavailable
2,1262.04,metrica:Home:10,attacker_complete_support_unavailable
2,1262.04,metrica:Home:12,complete_ten_defenders_unavailable
2,1262.04,metrica:Home:13,attacker_complete_support_unavailable
2,1262.04,metrica:Home:14,attacker_complete_support_unavailable
2,1262.04,metrica:Home:2,attacker_complete_support_unavailable
2,1262.04,metrica:Home:3,complete_ten_defenders_unavailable
2,1262.04,metrica:Home:4,attacker_complete_support_unavailable
2,1262.04,metrica:Home:5,attacker_complete_support_unavailable
2,1262.04,metrica:Home:6,complete_ten_defenders_unavailable
2,1262.04,metrica:Home:7,attacker_complete_support_unavailable
2,1262.04,metrica:Home:8,complete_ten_defenders_unavailable
2,1262.04,metrica:Home:9,complete_ten_defenders_unavailable
2,1266.04,metrica:Home:1,complete_ten_defenders_unavailable
2,1266.04,metrica:Home:10,attacker_complete_support_unavailable
2,1266.04,metrica:Home:12,complete_ten_defenders_unavailable
2,1266.04,metrica:Home:13,attacker_complete_support_unavailable
2,1266.04,metrica:Home:14,attacker_complete_support_unavailable
2,1266.04,metrica:Home:2,attacker_complete_support_unavailable
2,1266.04,metrica:Home:3,complete_ten_defenders_unavailable
2,1266.04,metrica:Home:4,attacker_complete_support_unavailable
2,1266.04,metrica:Home:5,attacker_complete_support_unavailable
2,1266.04,metrica:Home:6,complete_ten_defenders_unavailable
2,1266.04,metrica:Home:7,attacker_complete_support_unavailable
2,1266.04,metrica:Home:8,complete_ten_defenders_unavailable
2,1266.04,metrica:Home:9,complete_ten_defenders_unavailable
2,1270.04,metrica:Home:1,restart_or_ball_out_span
2,1270.04,metrica:Home:10,restart_or_ball_out_span
2,1270.04,metrica:Home:12,restart_or_ball_out_span
2,1270.04,metrica:Home:13,restart_or_ball_out_span
2,1270.04,metrica:Home:14,restart_or_ball_out_span
2,1270.04,metrica:Home:2,restart_or_ball_out_span
2,1270.04,metrica:Home:3,restart_or_ball_out_span
2,1270.04,metrica:Home:4,restart_or_ball_out_span
2,1270.04,metrica:Home:5,restart_or_ball_out_span
2,1270.04,metrica:Home:6,restart_or_ball_out_span
2,1270.04,metrica:Home:7,restart_or_ball_out_span
2,1270.04,metrica:Home:8,restart_or_ball_out_span
2,1270.04,metrica:Home:9,restart_or_ball_out_span
2,1274.04,metrica:Away:15,attacker_complete_support_unavailable
2,1274.04,metrica:Away:16,complete_ten_defenders_unavailable
2,1274.04,metrica:Away:17,complete_ten_defenders_unavailable
2,1274.04,metrica:Away:18,complete_ten_defenders_unavailable
2,1274.04,metrica:Away:19,complete_ten_defenders_unavailable
2,1274.04,metrica:Away:20,attacker_complete_support_unavailable
2,1274.04,metrica:Away:21,complete_ten_defenders_unavailable
2,1274.04,metrica:Away:22,attacker_complete_support_unavailable
2,1274.04,metrica:Away:23,complete_ten_defenders_unavailable
2,1274.04,metrica:Away:24,complete_ten_defenders_unavailable
2,1274.04,metrica:Away:26,complete_ten_defenders_unavailable
2,1278.04,metrica:Away:15,attacker_complete_support_unavailable
2,1278.04,metrica:Away:16,complete_ten_defenders_unavailable
2,1278.04,metrica:Away:17,complete_ten_defenders_unavailable
2,1278.04,metrica:Away:18,complete_ten_defenders_unavailable
2,1278.04,metrica:Away:19,complete_ten_defenders_unavailable
2,1278.04,metrica:Away:20,attacker_complete_support_unavailable
2,1278.04,metrica:Away:21,complete_ten_defenders_unavailable
2,1278.04,metrica:Away:22,attacker_complete_support_unavailable
2,1278.04,metrica:Away:23,complete_ten_defenders_unavailable
2,1278.04,metrica:Away:24,complete_ten_defenders_unavailable
2,1278.04,metrica:Away:26,complete_ten_defenders_unavailable
2,1282.04,metrica:Away:15,attacker_complete_support_unavailable
2,1282.04,metrica:Away:16,complete_ten_defenders_unavailable
2,1282.04,metrica:Away:17,complete_ten_defenders_unavailable
2,1282.04,metrica:Away:18,complete_ten_defenders_unavailable
2,1282.04,metrica:Away:19,complete_ten_defenders_unavailable
2,1282.04,metrica:Away:20,attacker_complete_support_unavailable
2,1282.04,metrica:Away:21,complete_ten_defenders_unavailable
2,1282.04,metrica:Away:22,attacker_complete_support_unavailable
2,1282.04,metrica:Away:23,complete_ten_defenders_unavailable
2,1282.04,metrica:Away:24,complete_ten_defenders_unavailable
2,1282.04,metrica:Away:26,complete_ten_defenders_unavailable
2,1286.04,metrica:Home:1,restart_or_ball_out_span
2,1286.04,metrica:Home:10,restart_or_ball_out_span
2,1286.04,metrica:Home:12,restart_or_ball_out_span
2,1286.04,metrica:Home:13,restart_or_ball_out_span
2,1286.04,metrica:Home:14,restart_or_ball_out_span
2,1286.04,metrica:Home:2,restart_or_ball_out_span
2,1286.04,metrica:Home:3,restart_or_ball_out_span
2,1286.04,metrica:Home:4,restart_or_ball_out_span
2,1286.04,metrica:Home:5,restart_or_ball_out_span
2,1286.04,metrica:Home:6,restart_or_ball_out_span
2,1286.04,metrica:Home:7,restart_or_ball_out_span
2,1286.04,metrica:Home:8,restart_or_ball_out_span
2,1286.04,metrica:Home:9,restart_or_ball_out_span
2,1290.04,metrica:Home:1,restart_or_ball_out_span
2,1290.04,metrica:Home:10,restart_or_ball_out_span
2,1290.04,metrica:Home:12,restart_or_ball_out_span
2,1290.04,metrica:Home:13,restart_or_ball_out_span
2,1290.04,metrica:Home:14,restart_or_ball_out_span
2,1290.04,metrica:Home:2,restart_or_ball_out_span
2,1290.04,metrica:Home:3,restart_or_ball_out_span
2,1290.04,metrica:Home:4,restart_or_ball_out_span
2,1290.04,metrica:Home:5,restart_or_ball_out_span
2,1290.04,metrica:Home:6,restart_or_ball_out_span
2,1290.04,metrica:Home:7,restart_or_ball_out_span
2,1290.04,metrica:Home:8,restart_or_ball_out_span
2,1290.04,metrica:Home:9,restart_or_ball_out_span
2,1294.04,metrica:Away:15,attacker_complete_support_unavailable
2,1294.04,metrica:Away:16,complete_ten_defenders_unavailable
2,1294.04,metrica:Away:17,complete_ten_defenders_unavailable
2,1294.04,metrica:Away:18,complete_ten_defenders_unavailable
2,1294.04,metrica:Away:19,complete_ten_defenders_unavailable
2,1294.04,metrica:Away:20,attacker_complete_support_unavailable
2,1294.04,metrica:Away:21,complete_ten_defenders_unavailable
2,1294.04,metrica:Away:22,attacker_complete_support_unavailable
2,1294.04,metrica:Away:23,complete_ten_defenders_unavailable
2,1294.04,metrica:Away:24,complete_ten_defenders_unavailable
2,1294.04,metrica:Away:26,complete_ten_defenders_unavailable
2,1298.04,metrica:Home:1,complete_ten_defenders_unavailable
2,1298.04,metrica:Home:10,complete_ten_defenders_unavailable
2,1298.04,metrica:Home:12,complete_ten_defenders_unavailable
2,1298.04,metrica:Home:13,attacker_complete_support_unavailable
2,1298.04,metrica:Home:14,attacker_complete_support_unavailable
2,1298.04,metrica:Home:2,attacker_complete_support_unavailable
2,1298.04,metrica:Home:3,complete_ten_defenders_unavailable
2,1298.04,metrica:Home:4,attacker_complete_support_unavailable
2,1298.04,metrica:Home:5,attacker_complete_support_unavailable
2,1298.04,metrica:Home:6,complete_ten_defenders_unavailable
2,1298.04,metrica:Home:7,attacker_complete_support_unavailable
2,1298.04,metrica:Home:8,complete_ten_defenders_unavailable
2,1298.04,metrica:Home:9,complete_ten_defenders_unavailable
2,1302.04,metrica:Home:1,complete_ten_defenders_unavailable
2,1302.04,metrica:Home:10,complete_ten_defenders_unavailable
2,1302.04,metrica:Home:12,complete_ten_defenders_unavailable
2,1302.04,metrica:Home:13,attacker_complete_support_unavailable
2,1302.04,metrica:Home:14,attacker_complete_support_unavailable
2,1302.04,metrica:Home:2,attacker_complete_support_unavailable
2,1302.04,metrica:Home:3,complete_ten_defenders_unavailable
2,1302.04,metrica:Home:4,attacker_complete_support_unavailable
2,1302.04,metrica:Home:5,attacker_complete_support_unavailable
2,1302.04,metrica:Home:6,complete_ten_defenders_unavailable
2,1302.04,metrica:Home:7,attacker_complete_support_unavailable
2,1302.04,metrica:Home:8,complete_ten_defenders_unavailable
2,1302.04,metrica:Home:9,complete_ten_defenders_unavailable
2,1306.04,metrica:Home:1,complete_ten_defenders_unavailable
2,1306.04,metrica:Home:10,complete_ten_defenders_unavailable
2,1306.04,metrica:Home:12,complete_ten_defenders_unavailable
2,1306.04,metrica:Home:13,attacker_complete_support_unavailable
2,1306.04,metrica:Home:14,attacker_complete_support_unavailable
2,1306.04,metrica:Home:2,attacker_complete_support_unavailable
2,1306.04,metrica:Home:3,complete_ten_defenders_unavailable
2,1306.04,metrica:Home:4,attacker_complete_support_unavailable
2,1306.04,metrica:Home:5,attacker_complete_support_unavailable
2,1306.04,metrica:Home:6,complete_ten_defenders_unavailable
2,1306.04,metrica:Home:7,attacker_complete_support_unavailable
2,1306.04,metrica:Home:8,complete_ten_defenders_unavailable
2,1306.04,metrica:Home:9,complete_ten_defenders_unavailable
2,1310.04,metrica:Away:15,attacker_complete_support_unavailable
2,1310.04,metrica:Away:16,complete_ten_defenders_unavailable
2,1310.04,metrica:Away:17,complete_ten_defenders_unavailable
2,1310.04,metrica:Away:18,complete_ten_defenders_unavailable
2,1310.04,metrica:Away:19,complete_ten_defenders_unavailable
2,1310.04,metrica:Away:20,attacker_complete_support_unavailable
2,1310.04,metrica:Away:21,complete_ten_defenders_unavailable
2,1310.04,metrica:Away:22,attacker_complete_support_unavailable
2,1310.04,metrica:Away:23,complete_ten_defenders_unavailable
2,1310.04,metrica:Away:24,complete_ten_defenders_unavailable
2,1310.04,metrica:Away:26,complete_ten_defenders_unavailable
2,1314.04,metrica:Away:15,attacker_complete_support_unavailable
2,1314.04,metrica:Away:16,complete_ten_defenders_unavailable
2,1314.04,metrica:Away:17,complete_ten_defenders_unavailable
2,1314.04,metrica:Away:18,complete_ten_defenders_unavailable
2,1314.04,metrica:Away:19,complete_ten_defenders_unavailable
2,1314.04,metrica:Away:20,attacker_complete_support_unavailable
2,1314.04,metrica:Away:21,complete_ten_defenders_unavailable
2,1314.04,metrica:Away:22,attacker_complete_support_unavailable
2,1314.04,metrica:Away:23,complete_ten_defenders_unavailable
2,1314.04,metrica:Away:24,complete_ten_defenders_unavailable
2,1314.04,metrica:Away:26,complete_ten_defenders_unavailable
2,1318.04,metrica:Away:15,attacker_complete_support_unavailable
2,1318.04,metrica:Away:16,complete_ten_defenders_unavailable
2,1318.04,metrica:Away:17,complete_ten_defenders_unavailable
2,1318.04,metrica:Away:18,complete_ten_defenders_unavailable
2,1318.04,metrica:Away:19,complete_ten_defenders_unavailable
2,1318.04,metrica:Away:20,attacker_complete_support_unavailable
2,1318.04,metrica:Away:21,complete_ten_defenders_unavailable
2,1318.04,metrica:Away:22,attacker_complete_support_unavailable
2,1318.04,metrica:Away:23,complete_ten_defenders_unavailable
2,1318.04,metrica:Away:24,complete_ten_defenders_unavailable
2,1318.04,metrica:Away:26,complete_ten_defenders_unavailable
2,1322.04,metrica:Away:15,attacker_complete_support_unavailable
2,1322.04,metrica:Away:16,complete_ten_defenders_unavailable
2,1322.04,metrica:Away:17,complete_ten_defenders_unavailable
2,1322.04,metrica:Away:18,complete_ten_defenders_unavailable
2,1322.04,metrica:Away:19,complete_ten_defenders_unavailable
2,1322.04,metrica:Away:20,attacker_complete_support_unavailable
2,1322.04,metrica:Away:21,complete_ten_defenders_unavailable
2,1322.04,metrica:Away:22,attacker_complete_support_unavailable
2,1322.04,metrica:Away:23,complete_ten_defenders_unavailable
2,1322.04,metrica:Away:24,complete_ten_defenders_unavailable
2,1322.04,metrica:Away:26,complete_ten_defenders_unavailable
2,1326.04,metrica:Away:15,attacker_complete_support_unavailable
2,1326.04,metrica:Away:16,complete_ten_defenders_unavailable
2,1326.04,metrica:Away:17,complete_ten_defenders_unavailable
2,1326.04,metrica:Away:18,complete_ten_defenders_unavailable
2,1326.04,metrica:Away:19,complete_ten_defenders_unavailable
2,1326.04,metrica:Away:20,attacker_complete_support_unavailable
2,1326.04,metrica:Away:21,complete_ten_defenders_unavailable
2,1326.04,metrica:Away:22,attacker_complete_support_unavailable
2,1326.04,metrica:Away:23,complete_ten_defenders_unavailable
2,1326.04,metrica:Away:24,complete_ten_defenders_unavailable
2,1326.04,metrica:Away:26,complete_ten_defenders_unavailable
2,1330.04,metrica:Home:1,complete_ten_defenders_unavailable
2,1330.04,metrica:Home:10,complete_ten_defenders_unavailable
2,1330.04,metrica:Home:12,complete_ten_defenders_unavailable
2,1330.04,metrica:Home:13,attacker_complete_support_unavailable
2,1330.04,metrica:Home:14,attacker_complete_support_unavailable
2,1330.04,metrica:Home:2,attacker_complete_support_unavailable
2,1330.04,metrica:Home:3,complete_ten_defenders_unavailable
2,1330.04,metrica:Home:4,attacker_complete_support_unavailable
2,1330.04,metrica:Home:5,attacker_complete_support_unavailable
2,1330.04,metrica:Home:6,complete_ten_defenders_unavailable
2,1330.04,metrica:Home:7,attacker_complete_support_unavailable
2,1330.04,metrica:Home:8,complete_ten_defenders_unavailable
2,1330.04,metrica:Home:9,complete_ten_defenders_unavailable
2,1334.04,metrica:Away:15,attacker_complete_support_unavailable
2,1334.04,metrica:Away:16,complete_ten_defenders_unavailable
2,1334.04,metrica:Away:17,complete_ten_defenders_unavailable
2,1334.04,metrica:Away:18,complete_ten_defenders_unavailable
2,1334.04,metrica:Away:19,complete_ten_defenders_unavailable
2,1334.04,metrica:Away:20,attacker_complete_support_unavailable
2,1334.04,metrica:Away:21,complete_ten_defenders_unavailable
2,1334.04,metrica:Away:22,attacker_complete_support_unavailable
2,1334.04,metrica:Away:23,complete_ten_defenders_unavailable
2,1334.04,metrica:Away:24,complete_ten_defenders_unavailable
2,1334.04,metrica:Away:26,complete_ten_defenders_unavailable
2,1338.04,metrica:Away:15,attacker_complete_support_unavailable
2,1338.04,metrica:Away:16,complete_ten_defenders_unavailable
2,1338.04,metrica:Away:17,complete_ten_defenders_unavailable
2,1338.04,metrica:Away:18,complete_ten_defenders_unavailable
2,1338.04,metrica:Away:19,complete_ten_defenders_unavailable
2,1338.04,metrica:Away:20,attacker_complete_support_unavailable
2,1338.04,metrica:Away:21,complete_ten_defenders_unavailable
2,1338.04,metrica:Away:22,attacker_complete_support_unavailable
2,1338.04,metrica:Away:23,complete_ten_defenders_unavailable
2,1338.04,metrica:Away:24,complete_ten_defenders_unavailable
2,1338.04,metrica:Away:26,complete_ten_defenders_unavailable
2,1342.04,metrica:Away:15,attacker_complete_support_unavailable
2,1342.04,metrica:Away:16,complete_ten_defenders_unavailable
2,1342.04,metrica:Away:17,complete_ten_defenders_unavailable
2,1342.04,metrica:Away:18,complete_ten_defenders_unavailable
2,1342.04,metrica:Away:19,complete_ten_defenders_unavailable
2,1342.04,metrica:Away:20,attacker_complete_support_unavailable
2,1342.04,metrica:Away:21,complete_ten_defenders_unavailable
2,1342.04,metrica:Away:22,attacker_complete_support_unavailable
2,1342.04,metrica:Away:23,complete_ten_defenders_unavailable
2,1342.04,metrica:Away:24,complete_ten_defenders_unavailable
2,1342.04,metrica:Away:26,complete_ten_defenders_unavailable
2,1346.04,metrica:Away:15,attacker_complete_support_unavailable
2,1346.04,metrica:Away:16,complete_ten_defenders_unavailable
2,1346.04,metrica:Away:17,complete_ten_defenders_unavailable
2,1346.04,metrica:Away:18,complete_ten_defenders_unavailable
2,1346.04,metrica:Away:19,complete_ten_defenders_unavailable
2,1346.04,metrica:Away:20,attacker_complete_support_unavailable
2,1346.04,metrica:Away:21,complete_ten_defenders_unavailable
2,1346.04,metrica:Away:22,attacker_complete_support_unavailable
2,1346.04,metrica:Away:23,complete_ten_defenders_unavailable
2,1346.04,metrica:Away:24,complete_ten_defenders_unavailable
2,1346.04,metrica:Away:26,complete_ten_defenders_unavailable
2,1350.04,metrica:Away:15,attacker_complete_support_unavailable
2,1350.04,metrica:Away:16,complete_ten_defenders_unavailable
2,1350.04,metrica:Away:17,complete_ten_defenders_unavailable
2,1350.04,metrica:Away:18,complete_ten_defenders_unavailable
2,1350.04,metrica:Away:19,complete_ten_defenders_unavailable
2,1350.04,metrica:Away:20,attacker_complete_support_unavailable
2,1350.04,metrica:Away:21,complete_ten_defenders_unavailable
2,1350.04,metrica:Away:22,attacker_complete_support_unavailable
2,1350.04,metrica:Away:23,complete_ten_defenders_unavailable
2,1350.04,metrica:Away:24,complete_ten_defenders_unavailable
2,1350.04,metrica:Away:26,complete_ten_defenders_unavailable
2,1354.04,metrica:Away:15,attacker_complete_support_unavailable
2,1354.04,metrica:Away:16,complete_ten_defenders_unavailable
2,1354.04,metrica:Away:17,complete_ten_defenders_unavailable
2,1354.04,metrica:Away:18,complete_ten_defenders_unavailable
2,1354.04,metrica:Away:19,complete_ten_defenders_unavailable
2,1354.04,metrica:Away:20,attacker_complete_support_unavailable
2,1354.04,metrica:Away:21,complete_ten_defenders_unavailable
2,1354.04,metrica:Away:22,attacker_complete_support_unavailable
2,1354.04,metrica:Away:23,complete_ten_defenders_unavailable
2,1354.04,metrica:Away:24,complete_ten_defenders_unavailable
2,1354.04,metrica:Away:26,complete_ten_defenders_unavailable
2,1358.04,metrica:Away:15,attacker_complete_support_unavailable
2,1358.04,metrica:Away:16,complete_ten_defenders_unavailable
2,1358.04,metrica:Away:17,complete_ten_defenders_unavailable
2,1358.04,metrica:Away:18,complete_ten_defenders_unavailable
2,1358.04,metrica:Away:19,complete_ten_defenders_unavailable
2,1358.04,metrica:Away:20,attacker_complete_support_unavailable
2,1358.04,metrica:Away:21,complete_ten_defenders_unavailable
2,1358.04,metrica:Away:22,attacker_complete_support_unavailable
2,1358.04,metrica:Away:23,complete_ten_defenders_unavailable
2,1358.04,metrica:Away:24,complete_ten_defenders_unavailable
2,1358.04,metrica:Away:26,complete_ten_defenders_unavailable
2,1362.04,metrica:Home:1,complete_ten_defenders_unavailable
2,1362.04,metrica:Home:10,complete_ten_defenders_unavailable
2,1362.04,metrica:Home:12,complete_ten_defenders_unavailable
2,1362.04,metrica:Home:13,attacker_complete_support_unavailable
2,1362.04,metrica:Home:14,attacker_complete_support_unavailable
2,1362.04,metrica:Home:2,attacker_complete_support_unavailable
2,1362.04,metrica:Home:3,complete_ten_defenders_unavailable
2,1362.04,metrica:Home:4,attacker_complete_support_unavailable
2,1362.04,metrica:Home:5,attacker_complete_support_unavailable
2,1362.04,metrica:Home:6,complete_ten_defenders_unavailable
2,1362.04,metrica:Home:7,attacker_complete_support_unavailable
2,1362.04,metrica:Home:8,complete_ten_defenders_unavailable
2,1362.04,metrica:Home:9,complete_ten_defenders_unavailable
2,1366.04,metrica:Away:15,attacker_complete_support_unavailable
2,1366.04,metrica:Away:16,complete_ten_defenders_unavailable
2,1366.04,metrica:Away:17,complete_ten_defenders_unavailable
2,1366.04,metrica:Away:18,complete_ten_defenders_unavailable
2,1366.04,metrica:Away:19,complete_ten_defenders_unavailable
2,1366.04,metrica:Away:20,attacker_complete_support_unavailable
2,1366.04,metrica:Away:21,complete_ten_defenders_unavailable
2,1366.04,metrica:Away:22,attacker_complete_support_unavailable
2,1366.04,metrica:Away:23,complete_ten_defenders_unavailable
2,1366.04,metrica:Away:24,complete_ten_defenders_unavailable
2,1366.04,metrica:Away:26,complete_ten_defenders_unavailable
2,1370.04,metrica:Away:15,attacker_complete_support_unavailable
2,1370.04,metrica:Away:16,complete_ten_defenders_unavailable
2,1370.04,metrica:Away:17,complete_ten_defenders_unavailable
2,1370.04,metrica:Away:18,complete_ten_defenders_unavailable
2,1370.04,metrica:Away:19,complete_ten_defenders_unavailable
2,1370.04,metrica:Away:20,attacker_complete_support_unavailable
2,1370.04,metrica:Away:21,complete_ten_defenders_unavailable
2,1370.04,metrica:Away:22,attacker_complete_support_unavailable
2,1370.04,metrica:Away:23,complete_ten_defenders_unavailable
2,1370.04,metrica:Away:24,complete_ten_defenders_unavailable
2,1370.04,metrica:Away:26,complete_ten_defenders_unavailable
2,1374.04,metrica:Home:1,complete_ten_defenders_unavailable
2,1374.04,metrica:Home:10,complete_ten_defenders_unavailable
2,1374.04,metrica:Home:12,complete_ten_defenders_unavailable
2,1374.04,metrica:Home:13,attacker_complete_support_unavailable
2,1374.04,metrica:Home:14,attacker_complete_support_unavailable
2,1374.04,metrica:Home:2,attacker_complete_support_unavailable
2,1374.04,metrica:Home:3,complete_ten_defenders_unavailable
2,1374.04,metrica:Home:4,attacker_complete_support_unavailable
2,1374.04,metrica:Home:5,attacker_complete_support_unavailable
2,1374.04,metrica:Home:6,complete_ten_defenders_unavailable
2,1374.04,metrica:Home:7,attacker_complete_support_unavailable
2,1374.04,metrica:Home:8,complete_ten_defenders_unavailable
2,1374.04,metrica:Home:9,complete_ten_defenders_unavailable
2,1378.04,metrica:Away:15,attacker_complete_support_unavailable
2,1378.04,metrica:Away:16,complete_ten_defenders_unavailable
2,1378.04,metrica:Away:17,complete_ten_defenders_unavailable
2,1378.04,metrica:Away:18,complete_ten_defenders_unavailable
2,1378.04,metrica:Away:19,complete_ten_defenders_unavailable
2,1378.04,metrica:Away:20,attacker_complete_support_unavailable
2,1378.04,metrica:Away:21,complete_ten_defenders_unavailable
2,1378.04,metrica:Away:22,attacker_complete_support_unavailable
2,1378.04,metrica:Away:23,complete_ten_defenders_unavailable
2,1378.04,metrica:Away:24,complete_ten_defenders_unavailable
2,1378.04,metrica:Away:26,complete_ten_defenders_unavailable
2,1382.04,metrica:Away:15,restart_or_ball_out_span
2,1382.04,metrica:Away:16,restart_or_ball_out_span
2,1382.04,metrica:Away:17,restart_or_ball_out_span
2,1382.04,metrica:Away:18,restart_or_ball_out_span
2,1382.04,metrica:Away:19,restart_or_ball_out_span
2,1382.04,metrica:Away:20,restart_or_ball_out_span
2,1382.04,metrica:Away:21,restart_or_ball_out_span
2,1382.04,metrica:Away:22,restart_or_ball_out_span
2,1382.04,metrica:Away:23,restart_or_ball_out_span
2,1382.04,metrica:Away:24,restart_or_ball_out_span
2,1382.04,metrica:Away:26,restart_or_ball_out_span
2,1386.04,metrica:Away:15,attacker_complete_support_unavailable
2,1386.04,metrica:Away:16,complete_ten_defenders_unavailable
2,1386.04,metrica:Away:17,complete_ten_defenders_unavailable
2,1386.04,metrica:Away:18,complete_ten_defenders_unavailable
2,1386.04,metrica:Away:19,complete_ten_defenders_unavailable
2,1386.04,metrica:Away:20,attacker_complete_support_unavailable
2,1386.04,metrica:Away:21,complete_ten_defenders_unavailable
2,1386.04,metrica:Away:22,attacker_complete_support_unavailable
2,1386.04,metrica:Away:23,complete_ten_defenders_unavailable
2,1386.04,metrica:Away:24,complete_ten_defenders_unavailable
2,1386.04,metrica:Away:26,complete_ten_defenders_unavailable
2,1390.04,metrica:Away:15,attacker_complete_support_unavailable
2,1390.04,metrica:Away:16,complete_ten_defenders_unavailable
2,1390.04,metrica:Away:17,complete_ten_defenders_unavailable
2,1390.04,metrica:Away:18,complete_ten_defenders_unavailable
2,1390.04,metrica:Away:19,complete_ten_defenders_unavailable
2,1390.04,metrica:Away:20,attacker_complete_support_unavailable
2,1390.04,metrica:Away:21,complete_ten_defenders_unavailable
2,1390.04,metrica:Away:22,attacker_complete_support_unavailable
2,1390.04,metrica:Away:23,complete_ten_defenders_unavailable
2,1390.04,metrica:Away:24,complete_ten_defenders_unavailable
2,1390.04,metrica:Away:26,complete_ten_defenders_unavailable
2,1394.04,metrica:Away:15,attacker_complete_support_unavailable
2,1394.04,metrica:Away:16,complete_ten_defenders_unavailable
2,1394.04,metrica:Away:17,complete_ten_defenders_unavailable
2,1394.04,metrica:Away:18,complete_ten_defenders_unavailable
2,1394.04,metrica:Away:19,complete_ten_defenders_unavailable
2,1394.04,metrica:Away:20,attacker_complete_support_unavailable
2,1394.04,metrica:Away:21,complete_ten_defenders_unavailable
2,1394.04,metrica:Away:22,attacker_complete_support_unavailable
2,1394.04,metrica:Away:23,complete_ten_defenders_unavailable
2,1394.04,metrica:Away:24,complete_ten_defenders_unavailable
2,1394.04,metrica:Away:26,complete_ten_defenders_unavailable
2,1398.04,metrica:Away:15,attacker_complete_support_unavailable
2,1398.04,metrica:Away:16,complete_ten_defenders_unavailable
2,1398.04,metrica:Away:17,complete_ten_defenders_unavailable
2,1398.04,metrica:Away:18,complete_ten_defenders_unavailable
2,1398.04,metrica:Away:19,complete_ten_defenders_unavailable
2,1398.04,metrica:Away:20,attacker_complete_support_unavailable
2,1398.04,metrica:Away:21,complete_ten_defenders_unavailable
2,1398.04,metrica:Away:22,attacker_complete_support_unavailable
2,1398.04,metrica:Away:23,complete_ten_defenders_unavailable
2,1398.04,metrica:Away:24,complete_ten_defenders_unavailable
2,1398.04,metrica:Away:26,complete_ten_defenders_unavailable
2,1402.04,metrica:Away:15,attacker_complete_support_unavailable
2,1402.04,metrica:Away:16,complete_ten_defenders_unavailable
2,1402.04,metrica:Away:17,complete_ten_defenders_unavailable
2,1402.04,metrica:Away:18,complete_ten_defenders_unavailable
2,1402.04,metrica:Away:19,complete_ten_defenders_unavailable
2,1402.04,metrica:Away:20,attacker_complete_support_unavailable
2,1402.04,metrica:Away:21,complete_ten_defenders_unavailable
2,1402.04,metrica:Away:22,attacker_complete_support_unavailable
2,1402.04,metrica:Away:23,complete_ten_defenders_unavailable
2,1402.04,metrica:Away:24,complete_ten_defenders_unavailable
2,1402.04,metrica:Away:26,complete_ten_defenders_unavailable
2,1406.04,metrica:Away:15,attacker_complete_support_unavailable
2,1406.04,metrica:Away:16,complete_ten_defenders_unavailable
2,1406.04,metrica:Away:17,complete_ten_defenders_unavailable
2,1406.04,metrica:Away:18,complete_ten_defenders_unavailable
2,1406.04,metrica:Away:19,complete_ten_defenders_unavailable
2,1406.04,metrica:Away:20,attacker_complete_support_unavailable
2,1406.04,metrica:Away:21,complete_ten_defenders_unavailable
2,1406.04,metrica:Away:22,attacker_complete_support_unavailable
2,1406.04,metrica:Away:23,complete_ten_defenders_unavailable
2,1406.04,metrica:Away:24,complete_ten_defenders_unavailable
2,1406.04,metrica:Away:26,complete_ten_defenders_unavailable
2,1410.04,metrica:Home:1,restart_or_ball_out_span
2,1410.04,metrica:Home:10,restart_or_ball_out_span
2,1410.04,metrica:Home:12,restart_or_ball_out_span
2,1410.04,metrica:Home:13,restart_or_ball_out_span
2,1410.04,metrica:Home:14,restart_or_ball_out_span
2,1410.04,metrica:Home:2,restart_or_ball_out_span
2,1410.04,metrica:Home:3,restart_or_ball_out_span
2,1410.04,metrica:Home:4,restart_or_ball_out_span
2,1410.04,metrica:Home:5,restart_or_ball_out_span
2,1410.04,metrica:Home:6,restart_or_ball_out_span
2,1410.04,metrica:Home:7,restart_or_ball_out_span
2,1410.04,metrica:Home:8,restart_or_ball_out_span
2,1410.04,metrica:Home:9,restart_or_ball_out_span
2,1414.04,metrica:Away:15,attacker_complete_support_unavailable
2,1414.04,metrica:Away:16,complete_ten_defenders_unavailable
2,1414.04,metrica:Away:17,complete_ten_defenders_unavailable
2,1414.04,metrica:Away:18,complete_ten_defenders_unavailable
2,1414.04,metrica:Away:19,complete_ten_defenders_unavailable
2,1414.04,metrica:Away:20,attacker_complete_support_unavailable
2,1414.04,metrica:Away:21,complete_ten_defenders_unavailable
2,1414.04,metrica:Away:22,attacker_complete_support_unavailable
2,1414.04,metrica:Away:23,complete_ten_defenders_unavailable
2,1414.04,metrica:Away:24,complete_ten_defenders_unavailable
2,1414.04,metrica:Away:26,complete_ten_defenders_unavailable
2,1418.04,metrica:Away:15,attacker_complete_support_unavailable
2,1418.04,metrica:Away:16,complete_ten_defenders_unavailable
2,1418.04,metrica:Away:17,complete_ten_defenders_unavailable
2,1418.04,metrica:Away:18,complete_ten_defenders_unavailable
2,1418.04,metrica:Away:19,complete_ten_defenders_unavailable
2,1418.04,metrica:Away:20,attacker_complete_support_unavailable
2,1418.04,metrica:Away:21,complete_ten_defenders_unavailable
2,1418.04,metrica:Away:22,attacker_complete_support_unavailable
2,1418.04,metrica:Away:23,complete_ten_defenders_unavailable
2,1418.04,metrica:Away:24,complete_ten_defenders_unavailable
2,1418.04,metrica:Away:26,complete_ten_defenders_unavailable
2,1422.04,metrica:Away:15,attacker_complete_support_unavailable
2,1422.04,metrica:Away:16,complete_ten_defenders_unavailable
2,1422.04,metrica:Away:17,complete_ten_defenders_unavailable
2,1422.04,metrica:Away:18,complete_ten_defenders_unavailable
2,1422.04,metrica:Away:19,complete_ten_defenders_unavailable
2,1422.04,metrica:Away:20,attacker_complete_support_unavailable
2,1422.04,metrica:Away:21,complete_ten_defenders_unavailable
2,1422.04,metrica:Away:22,attacker_complete_support_unavailable
2,1422.04,metrica:Away:23,complete_ten_defenders_unavailable
2,1422.04,metrica:Away:24,complete_ten_defenders_unavailable
2,1422.04,metrica:Away:26,complete_ten_defenders_unavailable
2,1426.04,metrica:Away:15,attacker_complete_support_unavailable
2,1426.04,metrica:Away:16,complete_ten_defenders_unavailable
2,1426.04,metrica:Away:17,complete_ten_defenders_unavailable
2,1426.04,metrica:Away:18,complete_ten_defenders_unavailable
2,1426.04,metrica:Away:19,complete_ten_defenders_unavailable
2,1426.04,metrica:Away:20,attacker_complete_support_unavailable
2,1426.04,metrica:Away:21,complete_ten_defenders_unavailable
2,1426.04,metrica:Away:22,attacker_complete_support_unavailable
2,1426.04,metrica:Away:23,complete_ten_defenders_unavailable
2,1426.04,metrica:Away:24,complete_ten_defenders_unavailable
2,1426.04,metrica:Away:26,complete_ten_defenders_unavailable
2,1430.04,metrica:Home:1,complete_ten_defenders_unavailable
2,1430.04,metrica:Home:10,complete_ten_defenders_unavailable
2,1430.04,metrica:Home:12,complete_ten_defenders_unavailable
2,1430.04,metrica:Home:13,attacker_complete_support_unavailable
2,1430.04,metrica:Home:14,attacker_complete_support_unavailable
2,1430.04,metrica:Home:2,attacker_complete_support_unavailable
2,1430.04,metrica:Home:3,complete_ten_defenders_unavailable
2,1430.04,metrica:Home:4,attacker_complete_support_unavailable
2,1430.04,metrica:Home:5,attacker_complete_support_unavailable
2,1430.04,metrica:Home:6,complete_ten_defenders_unavailable
2,1430.04,metrica:Home:7,attacker_complete_support_unavailable
2,1430.04,metrica:Home:8,complete_ten_defenders_unavailable
2,1430.04,metrica:Home:9,complete_ten_defenders_unavailable
2,1434.04,metrica:Home:1,complete_ten_defenders_unavailable
2,1434.04,metrica:Home:10,complete_ten_defenders_unavailable
2,1434.04,metrica:Home:12,complete_ten_defenders_unavailable
2,1434.04,metrica:Home:13,attacker_complete_support_unavailable
2,1434.04,metrica:Home:14,attacker_complete_support_unavailable
2,1434.04,metrica:Home:2,attacker_complete_support_unavailable
2,1434.04,metrica:Home:3,complete_ten_defenders_unavailable
2,1434.04,metrica:Home:4,attacker_complete_support_unavailable
2,1434.04,metrica:Home:5,attacker_complete_support_unavailable
2,1434.04,metrica:Home:6,complete_ten_defenders_unavailable
2,1434.04,metrica:Home:7,attacker_complete_support_unavailable
2,1434.04,metrica:Home:8,complete_ten_defenders_unavailable
2,1434.04,metrica:Home:9,complete_ten_defenders_unavailable
2,1438.04,metrica:Home:1,complete_ten_defenders_unavailable
2,1438.04,metrica:Home:10,complete_ten_defenders_unavailable
2,1438.04,metrica:Home:12,complete_ten_defenders_unavailable
2,1438.04,metrica:Home:13,attacker_complete_support_unavailable
2,1438.04,metrica:Home:14,attacker_complete_support_unavailable
2,1438.04,metrica:Home:2,attacker_complete_support_unavailable
2,1438.04,metrica:Home:3,complete_ten_defenders_unavailable
2,1438.04,metrica:Home:4,attacker_complete_support_unavailable
2,1438.04,metrica:Home:5,attacker_complete_support_unavailable
2,1438.04,metrica:Home:6,complete_ten_defenders_unavailable
2,1438.04,metrica:Home:7,attacker_complete_support_unavailable
2,1438.04,metrica:Home:8,complete_ten_defenders_unavailable
2,1438.04,metrica:Home:9,complete_ten_defenders_unavailable
2,1442.04,metrica:Away:15,attacker_complete_support_unavailable
2,1442.04,metrica:Away:16,complete_ten_defenders_unavailable
2,1442.04,metrica:Away:17,complete_ten_defenders_unavailable
2,1442.04,metrica:Away:18,complete_ten_defenders_unavailable
2,1442.04,metrica:Away:19,complete_ten_defenders_unavailable
2,1442.04,metrica:Away:20,attacker_complete_support_unavailable
2,1442.04,metrica:Away:21,complete_ten_defenders_unavailable
2,1442.04,metrica:Away:22,attacker_complete_support_unavailable
2,1442.04,metrica:Away:23,complete_ten_defenders_unavailable
2,1442.04,metrica:Away:24,complete_ten_defenders_unavailable
2,1442.04,metrica:Away:26,complete_ten_defenders_unavailable
2,1446.04,metrica:Home:1,complete_ten_defenders_unavailable
2,1446.04,metrica:Home:10,complete_ten_defenders_unavailable
2,1446.04,metrica:Home:12,complete_ten_defenders_unavailable
2,1446.04,metrica:Home:13,attacker_complete_support_unavailable
2,1446.04,metrica:Home:14,attacker_complete_support_unavailable
2,1446.04,metrica:Home:2,attacker_complete_support_unavailable
2,1446.04,metrica:Home:3,complete_ten_defenders_unavailable
2,1446.04,metrica:Home:4,attacker_complete_support_unavailable
2,1446.04,metrica:Home:5,attacker_complete_support_unavailable
2,1446.04,metrica:Home:6,complete_ten_defenders_unavailable
2,1446.04,metrica:Home:7,attacker_complete_support_unavailable
2,1446.04,metrica:Home:8,complete_ten_defenders_unavailable
2,1446.04,metrica:Home:9,complete_ten_defenders_unavailable
2,1450.04,metrica:Home:1,complete_ten_defenders_unavailable
2,1450.04,metrica:Home:10,complete_ten_defenders_unavailable
2,1450.04,metrica:Home:12,complete_ten_defenders_unavailable
2,1450.04,metrica:Home:13,attacker_complete_support_unavailable
2,1450.04,metrica:Home:14,attacker_complete_support_unavailable
2,1450.04,metrica:Home:2,attacker_complete_support_unavailable
2,1450.04,metrica:Home:3,complete_ten_defenders_unavailable
2,1450.04,metrica:Home:4,attacker_complete_support_unavailable
2,1450.04,metrica:Home:5,attacker_complete_support_unavailable
2,1450.04,metrica:Home:6,complete_ten_defenders_unavailable
2,1450.04,metrica:Home:7,attacker_complete_support_unavailable
2,1450.04,metrica:Home:8,complete_ten_defenders_unavailable
2,1450.04,metrica:Home:9,complete_ten_defenders_unavailable
2,1454.04,metrica:Home:1,complete_ten_defenders_unavailable
2,1454.04,metrica:Home:10,complete_ten_defenders_unavailable
2,1454.04,metrica:Home:12,complete_ten_defenders_unavailable
2,1454.04,metrica:Home:13,attacker_complete_support_unavailable
2,1454.04,metrica:Home:14,attacker_complete_support_unavailable
2,1454.04,metrica:Home:2,attacker_complete_support_unavailable
2,1454.04,metrica:Home:3,complete_ten_defenders_unavailable
2,1454.04,metrica:Home:4,attacker_complete_support_unavailable
2,1454.04,metrica:Home:5,attacker_complete_support_unavailable
2,1454.04,metrica:Home:6,complete_ten_defenders_unavailable
2,1454.04,metrica:Home:7,attacker_complete_support_unavailable
2,1454.04,metrica:Home:8,complete_ten_defenders_unavailable
2,1454.04,metrica:Home:9,complete_ten_defenders_unavailable
2,1458.04,metrica:Home:1,complete_ten_defenders_unavailable
2,1458.04,metrica:Home:10,complete_ten_defenders_unavailable
2,1458.04,metrica:Home:12,complete_ten_defenders_unavailable
2,1458.04,metrica:Home:13,attacker_complete_support_unavailable
2,1458.04,metrica:Home:14,attacker_complete_support_unavailable
2,1458.04,metrica:Home:2,attacker_complete_support_unavailable
2,1458.04,metrica:Home:3,complete_ten_defenders_unavailable
2,1458.04,metrica:Home:4,attacker_complete_support_unavailable
2,1458.04,metrica:Home:5,attacker_complete_support_unavailable
2,1458.04,metrica:Home:6,complete_ten_defenders_unavailable
2,1458.04,metrica:Home:7,attacker_complete_support_unavailable
2,1458.04,metrica:Home:8,complete_ten_defenders_unavailable
2,1458.04,metrica:Home:9,complete_ten_defenders_unavailable
2,1462.04,metrica:Away:15,attacker_complete_support_unavailable
2,1462.04,metrica:Away:16,complete_ten_defenders_unavailable
2,1462.04,metrica:Away:17,complete_ten_defenders_unavailable
2,1462.04,metrica:Away:18,complete_ten_defenders_unavailable
2,1462.04,metrica:Away:19,complete_ten_defenders_unavailable
2,1462.04,metrica:Away:20,attacker_complete_support_unavailable
2,1462.04,metrica:Away:21,complete_ten_defenders_unavailable
2,1462.04,metrica:Away:22,attacker_complete_support_unavailable
2,1462.04,metrica:Away:23,complete_ten_defenders_unavailable
2,1462.04,metrica:Away:24,complete_ten_defenders_unavailable
2,1462.04,metrica:Away:26,complete_ten_defenders_unavailable
2,1466.04,metrica:Home:1,complete_ten_defenders_unavailable
2,1466.04,metrica:Home:10,complete_ten_defenders_unavailable
2,1466.04,metrica:Home:12,complete_ten_defenders_unavailable
2,1466.04,metrica:Home:13,attacker_complete_support_unavailable
2,1466.04,metrica:Home:14,attacker_complete_support_unavailable
2,1466.04,metrica:Home:2,attacker_complete_support_unavailable
2,1466.04,metrica:Home:3,complete_ten_defenders_unavailable
2,1466.04,metrica:Home:4,attacker_complete_support_unavailable
2,1466.04,metrica:Home:5,attacker_complete_support_unavailable
2,1466.04,metrica:Home:6,complete_ten_defenders_unavailable
2,1466.04,metrica:Home:7,attacker_complete_support_unavailable
2,1466.04,metrica:Home:8,complete_ten_defenders_unavailable
2,1466.04,metrica:Home:9,complete_ten_defenders_unavailable
2,1470.04,metrica:Home:1,complete_ten_defenders_unavailable
2,1470.04,metrica:Home:10,complete_ten_defenders_unavailable
2,1470.04,metrica:Home:12,complete_ten_defenders_unavailable
2,1470.04,metrica:Home:13,attacker_complete_support_unavailable
2,1470.04,metrica:Home:14,attacker_complete_support_unavailable
2,1470.04,metrica:Home:2,attacker_complete_support_unavailable
2,1470.04,metrica:Home:3,complete_ten_defenders_unavailable
2,1470.04,metrica:Home:4,attacker_complete_support_unavailable
2,1470.04,metrica:Home:5,attacker_complete_support_unavailable
2,1470.04,metrica:Home:6,complete_ten_defenders_unavailable
2,1470.04,metrica:Home:7,attacker_complete_support_unavailable
2,1470.04,metrica:Home:8,complete_ten_defenders_unavailable
2,1470.04,metrica:Home:9,complete_ten_defenders_unavailable
2,1474.04,metrica:Home:1,restart_or_ball_out_span
2,1474.04,metrica:Home:10,restart_or_ball_out_span
2,1474.04,metrica:Home:12,restart_or_ball_out_span
2,1474.04,metrica:Home:13,restart_or_ball_out_span
2,1474.04,metrica:Home:14,restart_or_ball_out_span
2,1474.04,metrica:Home:2,restart_or_ball_out_span
2,1474.04,metrica:Home:3,restart_or_ball_out_span
2,1474.04,metrica:Home:4,restart_or_ball_out_span
2,1474.04,metrica:Home:5,restart_or_ball_out_span
2,1474.04,metrica:Home:6,restart_or_ball_out_span
2,1474.04,metrica:Home:7,restart_or_ball_out_span
2,1474.04,metrica:Home:8,restart_or_ball_out_span
2,1474.04,metrica:Home:9,restart_or_ball_out_span
2,1478.04,metrica:Home:1,complete_ten_defenders_unavailable
2,1478.04,metrica:Home:10,complete_ten_defenders_unavailable
2,1478.04,metrica:Home:12,complete_ten_defenders_unavailable
2,1478.04,metrica:Home:13,attacker_complete_support_unavailable
2,1478.04,metrica:Home:14,attacker_complete_support_unavailable
2,1478.04,metrica:Home:2,attacker_complete_support_unavailable
2,1478.04,metrica:Home:3,complete_ten_defenders_unavailable
2,1478.04,metrica:Home:4,attacker_complete_support_unavailable
2,1478.04,metrica:Home:5,attacker_complete_support_unavailable
2,1478.04,metrica:Home:6,complete_ten_defenders_unavailable
2,1478.04,metrica:Home:7,attacker_complete_support_unavailable
2,1478.04,metrica:Home:8,complete_ten_defenders_unavailable
2,1478.04,metrica:Home:9,complete_ten_defenders_unavailable
2,1482.04,metrica:Home:1,complete_ten_defenders_unavailable
2,1482.04,metrica:Home:10,complete_ten_defenders_unavailable
2,1482.04,metrica:Home:12,complete_ten_defenders_unavailable
2,1482.04,metrica:Home:13,attacker_complete_support_unavailable
2,1482.04,metrica:Home:14,attacker_complete_support_unavailable
2,1482.04,metrica:Home:2,attacker_complete_support_unavailable
2,1482.04,metrica:Home:3,complete_ten_defenders_unavailable
2,1482.04,metrica:Home:4,attacker_complete_support_unavailable
2,1482.04,metrica:Home:5,attacker_complete_support_unavailable
2,1482.04,metrica:Home:6,complete_ten_defenders_unavailable
2,1482.04,metrica:Home:7,attacker_complete_support_unavailable
2,1482.04,metrica:Home:8,complete_ten_defenders_unavailable
2,1482.04,metrica:Home:9,complete_ten_defenders_unavailable
2,1486.04,metrica:Away:15,restart_or_ball_out_span
2,1486.04,metrica:Away:16,restart_or_ball_out_span
2,1486.04,metrica:Away:17,restart_or_ball_out_span
2,1486.04,metrica:Away:18,restart_or_ball_out_span
2,1486.04,metrica:Away:19,restart_or_ball_out_span
2,1486.04,metrica:Away:20,restart_or_ball_out_span
2,1486.04,metrica:Away:21,restart_or_ball_out_span
2,1486.04,metrica:Away:22,restart_or_ball_out_span
2,1486.04,metrica:Away:23,restart_or_ball_out_span
2,1486.04,metrica:Away:24,restart_or_ball_out_span
2,1486.04,metrica:Away:26,restart_or_ball_out_span
2,1490.04,metrica:Away:15,attacker_complete_support_unavailable
2,1490.04,metrica:Away:16,complete_ten_defenders_unavailable
2,1490.04,metrica:Away:17,complete_ten_defenders_unavailable
2,1490.04,metrica:Away:18,complete_ten_defenders_unavailable
2,1490.04,metrica:Away:19,complete_ten_defenders_unavailable
2,1490.04,metrica:Away:20,attacker_complete_support_unavailable
2,1490.04,metrica:Away:21,complete_ten_defenders_unavailable
2,1490.04,metrica:Away:22,attacker_complete_support_unavailable
2,1490.04,metrica:Away:23,complete_ten_defenders_unavailable
2,1490.04,metrica:Away:24,complete_ten_defenders_unavailable
2,1490.04,metrica:Away:26,complete_ten_defenders_unavailable
2,1494.04,metrica:Away:15,attacker_complete_support_unavailable
2,1494.04,metrica:Away:16,complete_ten_defenders_unavailable
2,1494.04,metrica:Away:17,complete_ten_defenders_unavailable
2,1494.04,metrica:Away:18,complete_ten_defenders_unavailable
2,1494.04,metrica:Away:19,complete_ten_defenders_unavailable
2,1494.04,metrica:Away:20,attacker_complete_support_unavailable
2,1494.04,metrica:Away:21,complete_ten_defenders_unavailable
2,1494.04,metrica:Away:22,attacker_complete_support_unavailable
2,1494.04,metrica:Away:23,complete_ten_defenders_unavailable
2,1494.04,metrica:Away:24,complete_ten_defenders_unavailable
2,1494.04,metrica:Away:26,complete_ten_defenders_unavailable
2,1498.04,metrica:Away:15,attacker_complete_support_unavailable
2,1498.04,metrica:Away:16,complete_ten_defenders_unavailable
2,1498.04,metrica:Away:17,complete_ten_defenders_unavailable
2,1498.04,metrica:Away:18,complete_ten_defenders_unavailable
2,1498.04,metrica:Away:19,complete_ten_defenders_unavailable
2,1498.04,metrica:Away:20,attacker_complete_support_unavailable
2,1498.04,metrica:Away:21,complete_ten_defenders_unavailable
2,1498.04,metrica:Away:22,attacker_complete_support_unavailable
2,1498.04,metrica:Away:23,complete_ten_defenders_unavailable
2,1498.04,metrica:Away:24,complete_ten_defenders_unavailable
2,1498.04,metrica:Away:26,complete_ten_defenders_unavailable
2,1502.04,metrica:Away:15,attacker_complete_support_unavailable
2,1502.04,metrica:Away:16,complete_ten_defenders_unavailable
2,1502.04,metrica:Away:17,complete_ten_defenders_unavailable
2,1502.04,metrica:Away:18,complete_ten_defenders_unavailable
2,1502.04,metrica:Away:19,complete_ten_defenders_unavailable
2,1502.04,metrica:Away:20,attacker_complete_support_unavailable
2,1502.04,metrica:Away:21,complete_ten_defenders_unavailable
2,1502.04,metrica:Away:22,attacker_complete_support_unavailable
2,1502.04,metrica:Away:23,complete_ten_defenders_unavailable
2,1502.04,metrica:Away:24,complete_ten_defenders_unavailable
2,1502.04,metrica:Away:26,complete_ten_defenders_unavailable
2,1506.04,metrica:Away:15,attacker_complete_support_unavailable
2,1506.04,metrica:Away:16,complete_ten_defenders_unavailable
2,1506.04,metrica:Away:17,complete_ten_defenders_unavailable
2,1506.04,metrica:Away:18,complete_ten_defenders_unavailable
2,1506.04,metrica:Away:19,complete_ten_defenders_unavailable
2,1506.04,metrica:Away:20,attacker_complete_support_unavailable
2,1506.04,metrica:Away:21,complete_ten_defenders_unavailable
2,1506.04,metrica:Away:22,attacker_complete_support_unavailable
2,1506.04,metrica:Away:23,complete_ten_defenders_unavailable
2,1506.04,metrica:Away:24,complete_ten_defenders_unavailable
2,1506.04,metrica:Away:26,complete_ten_defenders_unavailable
2,1510.04,metrica:Away:15,attacker_complete_support_unavailable
2,1510.04,metrica:Away:16,complete_ten_defenders_unavailable
2,1510.04,metrica:Away:17,complete_ten_defenders_unavailable
2,1510.04,metrica:Away:18,complete_ten_defenders_unavailable
2,1510.04,metrica:Away:19,complete_ten_defenders_unavailable
2,1510.04,metrica:Away:20,attacker_complete_support_unavailable
2,1510.04,metrica:Away:21,complete_ten_defenders_unavailable
2,1510.04,metrica:Away:22,attacker_complete_support_unavailable
2,1510.04,metrica:Away:23,complete_ten_defenders_unavailable
2,1510.04,metrica:Away:24,complete_ten_defenders_unavailable
2,1510.04,metrica:Away:26,complete_ten_defenders_unavailable
2,1514.04,metrica:Away:15,attacker_complete_support_unavailable
2,1514.04,metrica:Away:16,complete_ten_defenders_unavailable
2,1514.04,metrica:Away:17,complete_ten_defenders_unavailable
2,1514.04,metrica:Away:18,complete_ten_defenders_unavailable
2,1514.04,metrica:Away:19,complete_ten_defenders_unavailable
2,1514.04,metrica:Away:20,attacker_complete_support_unavailable
2,1514.04,metrica:Away:21,complete_ten_defenders_unavailable
2,1514.04,metrica:Away:22,attacker_complete_support_unavailable
2,1514.04,metrica:Away:23,complete_ten_defenders_unavailable
2,1514.04,metrica:Away:24,complete_ten_defenders_unavailable
2,1514.04,metrica:Away:26,complete_ten_defenders_unavailable
2,1518.04,metrica:Away:15,attacker_complete_support_unavailable
2,1518.04,metrica:Away:16,complete_ten_defenders_unavailable
2,1518.04,metrica:Away:17,complete_ten_defenders_unavailable
2,1518.04,metrica:Away:18,complete_ten_defenders_unavailable
2,1518.04,metrica:Away:19,complete_ten_defenders_unavailable
2,1518.04,metrica:Away:20,attacker_complete_support_unavailable
2,1518.04,metrica:Away:21,complete_ten_defenders_unavailable
2,1518.04,metrica:Away:22,attacker_complete_support_unavailable
2,1518.04,metrica:Away:23,complete_ten_defenders_unavailable
2,1518.04,metrica:Away:24,complete_ten_defenders_unavailable
2,1518.04,metrica:Away:26,complete_ten_defenders_unavailable
2,1522.04,metrica:Away:15,attacker_complete_support_unavailable
2,1522.04,metrica:Away:16,complete_ten_defenders_unavailable
2,1522.04,metrica:Away:17,complete_ten_defenders_unavailable
2,1522.04,metrica:Away:18,complete_ten_defenders_unavailable
2,1522.04,metrica:Away:19,complete_ten_defenders_unavailable
2,1522.04,metrica:Away:20,attacker_complete_support_unavailable
2,1522.04,metrica:Away:21,complete_ten_defenders_unavailable
2,1522.04,metrica:Away:22,attacker_complete_support_unavailable
2,1522.04,metrica:Away:23,complete_ten_defenders_unavailable
2,1522.04,metrica:Away:24,complete_ten_defenders_unavailable
2,1522.04,metrica:Away:26,complete_ten_defenders_unavailable
2,1526.04,metrica:Away:15,attacker_complete_support_unavailable
2,1526.04,metrica:Away:16,complete_ten_defenders_unavailable
2,1526.04,metrica:Away:17,complete_ten_defenders_unavailable
2,1526.04,metrica:Away:18,complete_ten_defenders_unavailable
2,1526.04,metrica:Away:19,complete_ten_defenders_unavailable
2,1526.04,metrica:Away:20,attacker_complete_support_unavailable
2,1526.04,metrica:Away:21,complete_ten_defenders_unavailable
2,1526.04,metrica:Away:22,attacker_complete_support_unavailable
2,1526.04,metrica:Away:23,complete_ten_defenders_unavailable
2,1526.04,metrica:Away:24,complete_ten_defenders_unavailable
2,1526.04,metrica:Away:26,complete_ten_defenders_unavailable
2,1530.04,metrica:Away:15,attacker_complete_support_unavailable
2,1530.04,metrica:Away:16,complete_ten_defenders_unavailable
2,1530.04,metrica:Away:17,complete_ten_defenders_unavailable
2,1530.04,metrica:Away:18,complete_ten_defenders_unavailable
2,1530.04,metrica:Away:19,complete_ten_defenders_unavailable
2,1530.04,metrica:Away:20,attacker_complete_support_unavailable
2,1530.04,metrica:Away:21,complete_ten_defenders_unavailable
2,1530.04,metrica:Away:22,attacker_complete_support_unavailable
2,1530.04,metrica:Away:23,complete_ten_defenders_unavailable
2,1530.04,metrica:Away:24,complete_ten_defenders_unavailable
2,1530.04,metrica:Away:26,complete_ten_defenders_unavailable
2,1534.04,metrica:Away:15,attacker_complete_support_unavailable
2,1534.04,metrica:Away:16,complete_ten_defenders_unavailable
2,1534.04,metrica:Away:17,complete_ten_defenders_unavailable
2,1534.04,metrica:Away:18,complete_ten_defenders_unavailable
2,1534.04,metrica:Away:19,complete_ten_defenders_unavailable
2,1534.04,metrica:Away:20,attacker_complete_support_unavailable
2,1534.04,metrica:Away:21,complete_ten_defenders_unavailable
2,1534.04,metrica:Away:22,attacker_complete_support_unavailable
2,1534.04,metrica:Away:23,complete_ten_defenders_unavailable
2,1534.04,metrica:Away:24,complete_ten_defenders_unavailable
2,1534.04,metrica:Away:26,complete_ten_defenders_unavailable
2,1538.04,metrica:Away:15,attacker_complete_support_unavailable
2,1538.04,metrica:Away:16,complete_ten_defenders_unavailable
2,1538.04,metrica:Away:17,complete_ten_defenders_unavailable
2,1538.04,metrica:Away:18,complete_ten_defenders_unavailable
2,1538.04,metrica:Away:19,complete_ten_defenders_unavailable
2,1538.04,metrica:Away:20,attacker_complete_support_unavailable
2,1538.04,metrica:Away:21,complete_ten_defenders_unavailable
2,1538.04,metrica:Away:22,attacker_complete_support_unavailable
2,1538.04,metrica:Away:23,complete_ten_defenders_unavailable
2,1538.04,metrica:Away:24,complete_ten_defenders_unavailable
2,1538.04,metrica:Away:26,complete_ten_defenders_unavailable
2,1542.04,metrica:Away:15,restart_or_ball_out_span
2,1542.04,metrica:Away:16,restart_or_ball_out_span
2,1542.04,metrica:Away:17,restart_or_ball_out_span
2,1542.04,metrica:Away:18,restart_or_ball_out_span
2,1542.04,metrica:Away:19,restart_or_ball_out_span
2,1542.04,metrica:Away:20,restart_or_ball_out_span
2,1542.04,metrica:Away:21,restart_or_ball_out_span
2,1542.04,metrica:Away:22,restart_or_ball_out_span
2,1542.04,metrica:Away:23,restart_or_ball_out_span
2,1542.04,metrica:Away:24,restart_or_ball_out_span
2,1542.04,metrica:Away:26,restart_or_ball_out_span
2,1546.04,metrica:Away:15,attacker_complete_support_unavailable
2,1546.04,metrica:Away:16,complete_ten_defenders_unavailable
2,1546.04,metrica:Away:17,complete_ten_defenders_unavailable
2,1546.04,metrica:Away:18,complete_ten_defenders_unavailable
2,1546.04,metrica:Away:19,complete_ten_defenders_unavailable
2,1546.04,metrica:Away:20,attacker_complete_support_unavailable
2,1546.04,metrica:Away:21,complete_ten_defenders_unavailable
2,1546.04,metrica:Away:22,attacker_complete_support_unavailable
2,1546.04,metrica:Away:23,complete_ten_defenders_unavailable
2,1546.04,metrica:Away:24,complete_ten_defenders_unavailable
2,1546.04,metrica:Away:26,complete_ten_defenders_unavailable
2,1550.04,metrica:Home:1,complete_ten_defenders_unavailable
2,1550.04,metrica:Home:10,complete_ten_defenders_unavailable
2,1550.04,metrica:Home:12,complete_ten_defenders_unavailable
2,1550.04,metrica:Home:13,complete_ten_defenders_unavailable
2,1550.04,metrica:Home:14,attacker_complete_support_unavailable
2,1550.04,metrica:Home:2,attacker_complete_support_unavailable
2,1550.04,metrica:Home:3,complete_ten_defenders_unavailable
2,1550.04,metrica:Home:4,attacker_complete_support_unavailable
2,1550.04,metrica:Home:5,attacker_complete_support_unavailable
2,1550.04,metrica:Home:6,complete_ten_defenders_unavailable
2,1550.04,metrica:Home:7,attacker_complete_support_unavailable
2,1550.04,metrica:Home:8,attacker_complete_support_unavailable
2,1550.04,metrica:Home:9,complete_ten_defenders_unavailable
2,1554.04,metrica:Home:1,restart_or_ball_out_span
2,1554.04,metrica:Home:10,restart_or_ball_out_span
2,1554.04,metrica:Home:12,restart_or_ball_out_span
2,1554.04,metrica:Home:13,restart_or_ball_out_span
2,1554.04,metrica:Home:14,restart_or_ball_out_span
2,1554.04,metrica:Home:2,restart_or_ball_out_span
2,1554.04,metrica:Home:3,restart_or_ball_out_span
2,1554.04,metrica:Home:4,restart_or_ball_out_span
2,1554.04,metrica:Home:5,restart_or_ball_out_span
2,1554.04,metrica:Home:6,restart_or_ball_out_span
2,1554.04,metrica:Home:7,restart_or_ball_out_span
2,1554.04,metrica:Home:8,restart_or_ball_out_span
2,1554.04,metrica:Home:9,restart_or_ball_out_span
2,1558.04,metrica:Home:1,complete_ten_defenders_unavailable
2,1558.04,metrica:Home:10,complete_ten_defenders_unavailable
2,1558.04,metrica:Home:12,complete_ten_defenders_unavailable
2,1558.04,metrica:Home:13,complete_ten_defenders_unavailable
2,1558.04,metrica:Home:14,attacker_complete_support_unavailable
2,1558.04,metrica:Home:2,attacker_complete_support_unavailable
2,1558.04,metrica:Home:3,complete_ten_defenders_unavailable
2,1558.04,metrica:Home:4,attacker_complete_support_unavailable
2,1558.04,metrica:Home:5,attacker_complete_support_unavailable
2,1558.04,metrica:Home:6,complete_ten_defenders_unavailable
2,1558.04,metrica:Home:7,attacker_complete_support_unavailable
2,1558.04,metrica:Home:8,attacker_complete_support_unavailable
2,1558.04,metrica:Home:9,complete_ten_defenders_unavailable
2,1562.04,metrica:Home:1,restart_or_ball_out_span
2,1562.04,metrica:Home:10,restart_or_ball_out_span
2,1562.04,metrica:Home:12,restart_or_ball_out_span
2,1562.04,metrica:Home:13,restart_or_ball_out_span
2,1562.04,metrica:Home:14,restart_or_ball_out_span
2,1562.04,metrica:Home:2,restart_or_ball_out_span
2,1562.04,metrica:Home:3,restart_or_ball_out_span
2,1562.04,metrica:Home:4,restart_or_ball_out_span
2,1562.04,metrica:Home:5,restart_or_ball_out_span
2,1562.04,metrica:Home:6,restart_or_ball_out_span
2,1562.04,metrica:Home:7,restart_or_ball_out_span
2,1562.04,metrica:Home:8,restart_or_ball_out_span
2,1562.04,metrica:Home:9,restart_or_ball_out_span
2,1566.04,metrica:Away:15,attacker_complete_support_unavailable
2,1566.04,metrica:Away:16,complete_ten_defenders_unavailable
2,1566.04,metrica:Away:17,complete_ten_defenders_unavailable
2,1566.04,metrica:Away:18,complete_ten_defenders_unavailable
2,1566.04,metrica:Away:19,complete_ten_defenders_unavailable
2,1566.04,metrica:Away:20,attacker_complete_support_unavailable
2,1566.04,metrica:Away:21,complete_ten_defenders_unavailable
2,1566.04,metrica:Away:22,attacker_complete_support_unavailable
2,1566.04,metrica:Away:23,complete_ten_defenders_unavailable
2,1566.04,metrica:Away:24,complete_ten_defenders_unavailable
2,1566.04,metrica:Away:26,complete_ten_defenders_unavailable
2,1570.04,metrica:Away:15,attacker_complete_support_unavailable
2,1570.04,metrica:Away:16,complete_ten_defenders_unavailable
2,1570.04,metrica:Away:17,complete_ten_defenders_unavailable
2,1570.04,metrica:Away:18,complete_ten_defenders_unavailable
2,1570.04,metrica:Away:19,complete_ten_defenders_unavailable
2,1570.04,metrica:Away:20,attacker_complete_support_unavailable
2,1570.04,metrica:Away:21,complete_ten_defenders_unavailable
2,1570.04,metrica:Away:22,attacker_complete_support_unavailable
2,1570.04,metrica:Away:23,complete_ten_defenders_unavailable
2,1570.04,metrica:Away:24,complete_ten_defenders_unavailable
2,1570.04,metrica:Away:26,complete_ten_defenders_unavailable
2,1574.04,metrica:Away:15,attacker_complete_support_unavailable
2,1574.04,metrica:Away:16,complete_ten_defenders_unavailable
2,1574.04,metrica:Away:17,complete_ten_defenders_unavailable
2,1574.04,metrica:Away:18,complete_ten_defenders_unavailable
2,1574.04,metrica:Away:19,complete_ten_defenders_unavailable
2,1574.04,metrica:Away:20,attacker_complete_support_unavailable
2,1574.04,metrica:Away:21,complete_ten_defenders_unavailable
2,1574.04,metrica:Away:22,attacker_complete_support_unavailable
2,1574.04,metrica:Away:23,complete_ten_defenders_unavailable
2,1574.04,metrica:Away:24,complete_ten_defenders_unavailable
2,1574.04,metrica:Away:26,complete_ten_defenders_unavailable
2,1578.04,metrica:Home:1,restart_or_ball_out_span
2,1578.04,metrica:Home:10,restart_or_ball_out_span
2,1578.04,metrica:Home:12,restart_or_ball_out_span
2,1578.04,metrica:Home:13,restart_or_ball_out_span
2,1578.04,metrica:Home:14,restart_or_ball_out_span
2,1578.04,metrica:Home:2,restart_or_ball_out_span
2,1578.04,metrica:Home:3,restart_or_ball_out_span
2,1578.04,metrica:Home:4,restart_or_ball_out_span
2,1578.04,metrica:Home:5,restart_or_ball_out_span
2,1578.04,metrica:Home:6,restart_or_ball_out_span
2,1578.04,metrica:Home:7,restart_or_ball_out_span
2,1578.04,metrica:Home:8,restart_or_ball_out_span
2,1578.04,metrica:Home:9,restart_or_ball_out_span
2,1582.04,metrica:Home:1,complete_ten_defenders_unavailable
2,1582.04,metrica:Home:10,complete_ten_defenders_unavailable
2,1582.04,metrica:Home:12,complete_ten_defenders_unavailable
2,1582.04,metrica:Home:13,complete_ten_defenders_unavailable
2,1582.04,metrica:Home:14,attacker_complete_support_unavailable
2,1582.04,metrica:Home:2,attacker_complete_support_unavailable
2,1582.04,metrica:Home:3,complete_ten_defenders_unavailable
2,1582.04,metrica:Home:4,attacker_complete_support_unavailable
2,1582.04,metrica:Home:5,attacker_complete_support_unavailable
2,1582.04,metrica:Home:6,complete_ten_defenders_unavailable
2,1582.04,metrica:Home:7,attacker_complete_support_unavailable
2,1582.04,metrica:Home:8,attacker_complete_support_unavailable
2,1582.04,metrica:Home:9,complete_ten_defenders_unavailable
2,1586.04,metrica:Away:15,restart_or_ball_out_span
2,1586.04,metrica:Away:16,restart_or_ball_out_span
2,1586.04,metrica:Away:17,restart_or_ball_out_span
2,1586.04,metrica:Away:18,restart_or_ball_out_span
2,1586.04,metrica:Away:19,restart_or_ball_out_span
2,1586.04,metrica:Away:20,restart_or_ball_out_span
2,1586.04,metrica:Away:21,restart_or_ball_out_span
2,1586.04,metrica:Away:22,restart_or_ball_out_span
2,1586.04,metrica:Away:23,restart_or_ball_out_span
2,1586.04,metrica:Away:24,restart_or_ball_out_span
2,1586.04,metrica:Away:26,restart_or_ball_out_span
2,1590.04,metrica:Away:15,attacker_complete_support_unavailable
2,1590.04,metrica:Away:16,complete_ten_defenders_unavailable
2,1590.04,metrica:Away:17,complete_ten_defenders_unavailable
2,1590.04,metrica:Away:18,complete_ten_defenders_unavailable
2,1590.04,metrica:Away:19,complete_ten_defenders_unavailable
2,1590.04,metrica:Away:20,attacker_complete_support_unavailable
2,1590.04,metrica:Away:21,complete_ten_defenders_unavailable
2,1590.04,metrica:Away:22,attacker_complete_support_unavailable
2,1590.04,metrica:Away:23,complete_ten_defenders_unavailable
2,1590.04,metrica:Away:24,complete_ten_defenders_unavailable
2,1590.04,metrica:Away:26,complete_ten_defenders_unavailable
2,1594.04,metrica:Away:15,attacker_complete_support_unavailable
2,1594.04,metrica:Away:16,complete_ten_defenders_unavailable
2,1594.04,metrica:Away:17,complete_ten_defenders_unavailable
2,1594.04,metrica:Away:18,complete_ten_defenders_unavailable
2,1594.04,metrica:Away:19,complete_ten_defenders_unavailable
2,1594.04,metrica:Away:20,attacker_complete_support_unavailable
2,1594.04,metrica:Away:21,complete_ten_defenders_unavailable
2,1594.04,metrica:Away:22,attacker_complete_support_unavailable
2,1594.04,metrica:Away:23,complete_ten_defenders_unavailable
2,1594.04,metrica:Away:24,complete_ten_defenders_unavailable
2,1594.04,metrica:Away:26,complete_ten_defenders_unavailable
2,1598.04,metrica:Away:15,attacker_complete_support_unavailable
2,1598.04,metrica:Away:16,complete_ten_defenders_unavailable
2,1598.04,metrica:Away:17,complete_ten_defenders_unavailable
2,1598.04,metrica:Away:18,complete_ten_defenders_unavailable
2,1598.04,metrica:Away:19,complete_ten_defenders_unavailable
2,1598.04,metrica:Away:20,attacker_complete_support_unavailable
2,1598.04,metrica:Away:21,complete_ten_defenders_unavailable
2,1598.04,metrica:Away:22,attacker_complete_support_unavailable
2,1598.04,metrica:Away:23,complete_ten_defenders_unavailable
2,1598.04,metrica:Away:24,complete_ten_defenders_unavailable
2,1598.04,metrica:Away:26,complete_ten_defenders_unavailable
2,1602.04,metrica:Home:1,complete_ten_defenders_unavailable
2,1602.04,metrica:Home:10,complete_ten_defenders_unavailable
2,1602.04,metrica:Home:12,complete_ten_defenders_unavailable
2,1602.04,metrica:Home:13,complete_ten_defenders_unavailable
2,1602.04,metrica:Home:14,attacker_complete_support_unavailable
2,1602.04,metrica:Home:2,attacker_complete_support_unavailable
2,1602.04,metrica:Home:3,complete_ten_defenders_unavailable
2,1602.04,metrica:Home:4,attacker_complete_support_unavailable
2,1602.04,metrica:Home:5,attacker_complete_support_unavailable
2,1602.04,metrica:Home:6,complete_ten_defenders_unavailable
2,1602.04,metrica:Home:7,attacker_complete_support_unavailable
2,1602.04,metrica:Home:8,attacker_complete_support_unavailable
2,1602.04,metrica:Home:9,complete_ten_defenders_unavailable
2,1606.04,metrica:Away:15,attacker_complete_support_unavailable
2,1606.04,metrica:Away:16,complete_ten_defenders_unavailable
2,1606.04,metrica:Away:17,complete_ten_defenders_unavailable
2,1606.04,metrica:Away:18,complete_ten_defenders_unavailable
2,1606.04,metrica:Away:19,complete_ten_defenders_unavailable
2,1606.04,metrica:Away:20,attacker_complete_support_unavailable
2,1606.04,metrica:Away:21,complete_ten_defenders_unavailable
2,1606.04,metrica:Away:22,attacker_complete_support_unavailable
2,1606.04,metrica:Away:23,complete_ten_defenders_unavailable
2,1606.04,metrica:Away:24,complete_ten_defenders_unavailable
2,1606.04,metrica:Away:26,complete_ten_defenders_unavailable
2,1610.04,metrica:Home:1,complete_ten_defenders_unavailable
2,1610.04,metrica:Home:10,complete_ten_defenders_unavailable
2,1610.04,metrica:Home:12,complete_ten_defenders_unavailable
2,1610.04,metrica:Home:13,complete_ten_defenders_unavailable
2,1610.04,metrica:Home:14,attacker_complete_support_unavailable
2,1610.04,metrica:Home:2,attacker_complete_support_unavailable
2,1610.04,metrica:Home:3,complete_ten_defenders_unavailable
2,1610.04,metrica:Home:4,attacker_complete_support_unavailable
2,1610.04,metrica:Home:5,attacker_complete_support_unavailable
2,1610.04,metrica:Home:6,complete_ten_defenders_unavailable
2,1610.04,metrica:Home:7,attacker_complete_support_unavailable
2,1610.04,metrica:Home:8,attacker_complete_support_unavailable
2,1610.04,metrica:Home:9,complete_ten_defenders_unavailable
2,1614.04,metrica:Away:15,attacker_complete_support_unavailable
2,1614.04,metrica:Away:16,complete_ten_defenders_unavailable
2,1614.04,metrica:Away:17,complete_ten_defenders_unavailable
2,1614.04,metrica:Away:18,complete_ten_defenders_unavailable
2,1614.04,metrica:Away:19,complete_ten_defenders_unavailable
2,1614.04,metrica:Away:20,attacker_complete_support_unavailable
2,1614.04,metrica:Away:21,complete_ten_defenders_unavailable
2,1614.04,metrica:Away:22,attacker_complete_support_unavailable
2,1614.04,metrica:Away:23,complete_ten_defenders_unavailable
2,1614.04,metrica:Away:24,complete_ten_defenders_unavailable
2,1614.04,metrica:Away:26,complete_ten_defenders_unavailable
2,1618.04,metrica:Away:15,restart_or_ball_out_span
2,1618.04,metrica:Away:16,restart_or_ball_out_span
2,1618.04,metrica:Away:17,restart_or_ball_out_span
2,1618.04,metrica:Away:18,restart_or_ball_out_span
2,1618.04,metrica:Away:19,restart_or_ball_out_span
2,1618.04,metrica:Away:20,restart_or_ball_out_span
2,1618.04,metrica:Away:21,restart_or_ball_out_span
2,1618.04,metrica:Away:22,restart_or_ball_out_span
2,1618.04,metrica:Away:23,restart_or_ball_out_span
2,1618.04,metrica:Away:24,restart_or_ball_out_span
2,1618.04,metrica:Away:26,restart_or_ball_out_span
2,1622.04,metrica:Away:15,restart_or_ball_out_span
2,1622.04,metrica:Away:16,restart_or_ball_out_span
2,1622.04,metrica:Away:17,restart_or_ball_out_span
2,1622.04,metrica:Away:18,restart_or_ball_out_span
2,1622.04,metrica:Away:19,restart_or_ball_out_span
2,1622.04,metrica:Away:20,restart_or_ball_out_span
2,1622.04,metrica:Away:21,restart_or_ball_out_span
2,1622.04,metrica:Away:22,restart_or_ball_out_span
2,1622.04,metrica:Away:23,restart_or_ball_out_span
2,1622.04,metrica:Away:24,restart_or_ball_out_span
2,1622.04,metrica:Away:26,restart_or_ball_out_span
2,1626.04,metrica:Away:15,attacker_complete_support_unavailable
2,1626.04,metrica:Away:16,complete_ten_defenders_unavailable
2,1626.04,metrica:Away:17,complete_ten_defenders_unavailable
2,1626.04,metrica:Away:18,complete_ten_defenders_unavailable
2,1626.04,metrica:Away:19,complete_ten_defenders_unavailable
2,1626.04,metrica:Away:20,attacker_complete_support_unavailable
2,1626.04,metrica:Away:21,complete_ten_defenders_unavailable
2,1626.04,metrica:Away:22,attacker_complete_support_unavailable
2,1626.04,metrica:Away:23,complete_ten_defenders_unavailable
2,1626.04,metrica:Away:24,complete_ten_defenders_unavailable
2,1626.04,metrica:Away:26,complete_ten_defenders_unavailable
2,1630.04,metrica:Away:15,attacker_complete_support_unavailable
2,1630.04,metrica:Away:16,complete_ten_defenders_unavailable
2,1630.04,metrica:Away:17,complete_ten_defenders_unavailable
2,1630.04,metrica:Away:18,complete_ten_defenders_unavailable
2,1630.04,metrica:Away:19,complete_ten_defenders_unavailable
2,1630.04,metrica:Away:20,attacker_complete_support_unavailable
2,1630.04,metrica:Away:21,complete_ten_defenders_unavailable
2,1630.04,metrica:Away:22,attacker_complete_support_unavailable
2,1630.04,metrica:Away:23,complete_ten_defenders_unavailable
2,1630.04,metrica:Away:24,complete_ten_defenders_unavailable
2,1630.04,metrica:Away:26,complete_ten_defenders_unavailable
2,1634.04,metrica:Away:15,attacker_complete_support_unavailable
2,1634.04,metrica:Away:16,complete_ten_defenders_unavailable
2,1634.04,metrica:Away:17,complete_ten_defenders_unavailable
2,1634.04,metrica:Away:18,complete_ten_defenders_unavailable
2,1634.04,metrica:Away:19,complete_ten_defenders_unavailable
2,1634.04,metrica:Away:20,attacker_complete_support_unavailable
2,1634.04,metrica:Away:21,complete_ten_defenders_unavailable
2,1634.04,metrica:Away:22,attacker_complete_support_unavailable
2,1634.04,metrica:Away:23,complete_ten_defenders_unavailable
2,1634.04,metrica:Away:24,complete_ten_defenders_unavailable
2,1634.04,metrica:Away:26,complete_ten_defenders_unavailable
2,1638.04,metrica:Away:15,attacker_complete_support_unavailable
2,1638.04,metrica:Away:16,complete_ten_defenders_unavailable
2,1638.04,metrica:Away:17,complete_ten_defenders_unavailable
2,1638.04,metrica:Away:18,complete_ten_defenders_unavailable
2,1638.04,metrica:Away:19,complete_ten_defenders_unavailable
2,1638.04,metrica:Away:20,attacker_complete_support_unavailable
2,1638.04,metrica:Away:21,complete_ten_defenders_unavailable
2,1638.04,metrica:Away:22,attacker_complete_support_unavailable
2,1638.04,metrica:Away:23,complete_ten_defenders_unavailable
2,1638.04,metrica:Away:24,complete_ten_defenders_unavailable
2,1638.04,metrica:Away:26,complete_ten_defenders_unavailable
2,1642.04,metrica:Away:15,attacker_complete_support_unavailable
2,1642.04,metrica:Away:16,complete_ten_defenders_unavailable
2,1642.04,metrica:Away:17,complete_ten_defenders_unavailable
2,1642.04,metrica:Away:18,complete_ten_defenders_unavailable
2,1642.04,metrica:Away:19,complete_ten_defenders_unavailable
2,1642.04,metrica:Away:20,attacker_complete_support_unavailable
2,1642.04,metrica:Away:21,complete_ten_defenders_unavailable
2,1642.04,metrica:Away:22,attacker_complete_support_unavailable
2,1642.04,metrica:Away:23,complete_ten_defenders_unavailable
2,1642.04,metrica:Away:24,complete_ten_defenders_unavailable
2,1642.04,metrica:Away:26,complete_ten_defenders_unavailable
2,1646.04,metrica:Away:15,attacker_complete_support_unavailable
2,1646.04,metrica:Away:16,complete_ten_defenders_unavailable
2,1646.04,metrica:Away:17,complete_ten_defenders_unavailable
2,1646.04,metrica:Away:18,complete_ten_defenders_unavailable
2,1646.04,metrica:Away:19,complete_ten_defenders_unavailable
2,1646.04,metrica:Away:20,attacker_complete_support_unavailable
2,1646.04,metrica:Away:21,complete_ten_defenders_unavailable
2,1646.04,metrica:Away:22,attacker_complete_support_unavailable
2,1646.04,metrica:Away:23,complete_ten_defenders_unavailable
2,1646.04,metrica:Away:24,complete_ten_defenders_unavailable
2,1646.04,metrica:Away:26,complete_ten_defenders_unavailable
2,1650.04,metrica:Away:15,restart_or_ball_out_span
2,1650.04,metrica:Away:16,restart_or_ball_out_span
2,1650.04,metrica:Away:17,restart_or_ball_out_span
2,1650.04,metrica:Away:18,restart_or_ball_out_span
2,1650.04,metrica:Away:19,restart_or_ball_out_span
2,1650.04,metrica:Away:20,restart_or_ball_out_span
2,1650.04,metrica:Away:21,restart_or_ball_out_span
2,1650.04,metrica:Away:22,restart_or_ball_out_span
2,1650.04,metrica:Away:23,restart_or_ball_out_span
2,1650.04,metrica:Away:24,restart_or_ball_out_span
2,1650.04,metrica:Away:26,restart_or_ball_out_span
2,1654.04,metrica:Home:1,complete_ten_defenders_unavailable
2,1654.04,metrica:Home:10,complete_ten_defenders_unavailable
2,1654.04,metrica:Home:12,complete_ten_defenders_unavailable
2,1654.04,metrica:Home:13,complete_ten_defenders_unavailable
2,1654.04,metrica:Home:14,attacker_complete_support_unavailable
2,1654.04,metrica:Home:2,attacker_complete_support_unavailable
2,1654.04,metrica:Home:3,complete_ten_defenders_unavailable
2,1654.04,metrica:Home:4,attacker_complete_support_unavailable
2,1654.04,metrica:Home:5,attacker_complete_support_unavailable
2,1654.04,metrica:Home:6,complete_ten_defenders_unavailable
2,1654.04,metrica:Home:7,attacker_complete_support_unavailable
2,1654.04,metrica:Home:8,attacker_complete_support_unavailable
2,1654.04,metrica:Home:9,complete_ten_defenders_unavailable
2,1658.04,metrica:Home:1,complete_ten_defenders_unavailable
2,1658.04,metrica:Home:10,complete_ten_defenders_unavailable
2,1658.04,metrica:Home:12,complete_ten_defenders_unavailable
2,1658.04,metrica:Home:13,complete_ten_defenders_unavailable
2,1658.04,metrica:Home:14,attacker_complete_support_unavailable
2,1658.04,metrica:Home:2,attacker_complete_support_unavailable
2,1658.04,metrica:Home:3,complete_ten_defenders_unavailable
2,1658.04,metrica:Home:4,attacker_complete_support_unavailable
2,1658.04,metrica:Home:5,attacker_complete_support_unavailable
2,1658.04,metrica:Home:6,complete_ten_defenders_unavailable
2,1658.04,metrica:Home:7,attacker_complete_support_unavailable
2,1658.04,metrica:Home:8,attacker_complete_support_unavailable
2,1658.04,metrica:Home:9,complete_ten_defenders_unavailable
2,1662.04,metrica:Home:1,complete_ten_defenders_unavailable
2,1662.04,metrica:Home:10,complete_ten_defenders_unavailable
2,1662.04,metrica:Home:12,complete_ten_defenders_unavailable
2,1662.04,metrica:Home:13,complete_ten_defenders_unavailable
2,1662.04,metrica:Home:14,attacker_complete_support_unavailable
2,1662.04,metrica:Home:2,attacker_complete_support_unavailable
2,1662.04,metrica:Home:3,complete_ten_defenders_unavailable
2,1662.04,metrica:Home:4,attacker_complete_support_unavailable
2,1662.04,metrica:Home:5,attacker_complete_support_unavailable
2,1662.04,metrica:Home:6,complete_ten_defenders_unavailable
2,1662.04,metrica:Home:7,attacker_complete_support_unavailable
2,1662.04,metrica:Home:8,attacker_complete_support_unavailable
2,1662.04,metrica:Home:9,complete_ten_defenders_unavailable
2,1666.04,metrica:Home:1,complete_ten_defenders_unavailable
2,1666.04,metrica:Home:10,complete_ten_defenders_unavailable
2,1666.04,metrica:Home:12,complete_ten_defenders_unavailable
2,1666.04,metrica:Home:13,complete_ten_defenders_unavailable
2,1666.04,metrica:Home:14,attacker_complete_support_unavailable
2,1666.04,metrica:Home:2,attacker_complete_support_unavailable
2,1666.04,metrica:Home:3,complete_ten_defenders_unavailable
2,1666.04,metrica:Home:4,attacker_complete_support_unavailable
2,1666.04,metrica:Home:5,attacker_complete_support_unavailable
2,1666.04,metrica:Home:6,complete_ten_defenders_unavailable
2,1666.04,metrica:Home:7,attacker_complete_support_unavailable
2,1666.04,metrica:Home:8,attacker_complete_support_unavailable
2,1666.04,metrica:Home:9,complete_ten_defenders_unavailable
2,1670.04,metrica:Home:1,complete_ten_defenders_unavailable
2,1670.04,metrica:Home:10,complete_ten_defenders_unavailable
2,1670.04,metrica:Home:12,complete_ten_defenders_unavailable
2,1670.04,metrica:Home:13,complete_ten_defenders_unavailable
2,1670.04,metrica:Home:14,attacker_complete_support_unavailable
2,1670.04,metrica:Home:2,attacker_complete_support_unavailable
2,1670.04,metrica:Home:3,complete_ten_defenders_unavailable
2,1670.04,metrica:Home:4,attacker_complete_support_unavailable
2,1670.04,metrica:Home:5,attacker_complete_support_unavailable
2,1670.04,metrica:Home:6,complete_ten_defenders_unavailable
2,1670.04,metrica:Home:7,attacker_complete_support_unavailable
2,1670.04,metrica:Home:8,attacker_complete_support_unavailable
2,1670.04,metrica:Home:9,complete_ten_defenders_unavailable
2,1674.04,metrica:Home:1,complete_ten_defenders_unavailable
2,1674.04,metrica:Home:10,complete_ten_defenders_unavailable
2,1674.04,metrica:Home:12,complete_ten_defenders_unavailable
2,1674.04,metrica:Home:13,complete_ten_defenders_unavailable
2,1674.04,metrica:Home:14,attacker_complete_support_unavailable
2,1674.04,metrica:Home:2,attacker_complete_support_unavailable
2,1674.04,metrica:Home:3,complete_ten_defenders_unavailable
2,1674.04,metrica:Home:4,attacker_complete_support_unavailable
2,1674.04,metrica:Home:5,attacker_complete_support_unavailable
2,1674.04,metrica:Home:6,complete_ten_defenders_unavailable
2,1674.04,metrica:Home:7,attacker_complete_support_unavailable
2,1674.04,metrica:Home:8,attacker_complete_support_unavailable
2,1674.04,metrica:Home:9,complete_ten_defenders_unavailable
2,1678.04,metrica:Home:1,complete_ten_defenders_unavailable
2,1678.04,metrica:Home:10,complete_ten_defenders_unavailable
2,1678.04,metrica:Home:12,complete_ten_defenders_unavailable
2,1678.04,metrica:Home:13,complete_ten_defenders_unavailable
2,1678.04,metrica:Home:14,attacker_complete_support_unavailable
2,1678.04,metrica:Home:2,attacker_complete_support_unavailable
2,1678.04,metrica:Home:3,complete_ten_defenders_unavailable
2,1678.04,metrica:Home:4,attacker_complete_support_unavailable
2,1678.04,metrica:Home:5,attacker_complete_support_unavailable
2,1678.04,metrica:Home:6,complete_ten_defenders_unavailable
2,1678.04,metrica:Home:7,attacker_complete_support_unavailable
2,1678.04,metrica:Home:8,attacker_complete_support_unavailable
2,1678.04,metrica:Home:9,complete_ten_defenders_unavailable
2,1682.04,metrica:Home:1,complete_ten_defenders_unavailable
2,1682.04,metrica:Home:10,complete_ten_defenders_unavailable
2,1682.04,metrica:Home:12,complete_ten_defenders_unavailable
2,1682.04,metrica:Home:13,complete_ten_defenders_unavailable
2,1682.04,metrica:Home:14,attacker_complete_support_unavailable
2,1682.04,metrica:Home:2,attacker_complete_support_unavailable
2,1682.04,metrica:Home:3,complete_ten_defenders_unavailable
2,1682.04,metrica:Home:4,attacker_complete_support_unavailable
2,1682.04,metrica:Home:5,attacker_complete_support_unavailable
2,1682.04,metrica:Home:6,complete_ten_defenders_unavailable
2,1682.04,metrica:Home:7,attacker_complete_support_unavailable
2,1682.04,metrica:Home:8,attacker_complete_support_unavailable
2,1682.04,metrica:Home:9,complete_ten_defenders_unavailable
2,1686.04,metrica:Home:1,complete_ten_defenders_unavailable
2,1686.04,metrica:Home:10,complete_ten_defenders_unavailable
2,1686.04,metrica:Home:12,complete_ten_defenders_unavailable
2,1686.04,metrica:Home:13,complete_ten_defenders_unavailable
2,1686.04,metrica:Home:14,attacker_complete_support_unavailable
2,1686.04,metrica:Home:2,attacker_complete_support_unavailable
2,1686.04,metrica:Home:3,complete_ten_defenders_unavailable
2,1686.04,metrica:Home:4,attacker_complete_support_unavailable
2,1686.04,metrica:Home:5,attacker_complete_support_unavailable
2,1686.04,metrica:Home:6,complete_ten_defenders_unavailable
2,1686.04,metrica:Home:7,attacker_complete_support_unavailable
2,1686.04,metrica:Home:8,attacker_complete_support_unavailable
2,1686.04,metrica:Home:9,complete_ten_defenders_unavailable
2,1690.04,metrica:Home:1,complete_ten_defenders_unavailable
2,1690.04,metrica:Home:10,complete_ten_defenders_unavailable
2,1690.04,metrica:Home:12,complete_ten_defenders_unavailable
2,1690.04,metrica:Home:13,complete_ten_defenders_unavailable
2,1690.04,metrica:Home:14,attacker_complete_support_unavailable
2,1690.04,metrica:Home:2,attacker_complete_support_unavailable
2,1690.04,metrica:Home:3,complete_ten_defenders_unavailable
2,1690.04,metrica:Home:4,attacker_complete_support_unavailable
2,1690.04,metrica:Home:5,attacker_complete_support_unavailable
2,1690.04,metrica:Home:6,complete_ten_defenders_unavailable
2,1690.04,metrica:Home:7,attacker_complete_support_unavailable
2,1690.04,metrica:Home:8,attacker_complete_support_unavailable
2,1690.04,metrica:Home:9,complete_ten_defenders_unavailable
2,1694.04,metrica:Home:1,complete_ten_defenders_unavailable
2,1694.04,metrica:Home:10,complete_ten_defenders_unavailable
2,1694.04,metrica:Home:12,complete_ten_defenders_unavailable
2,1694.04,metrica:Home:13,complete_ten_defenders_unavailable
2,1694.04,metrica:Home:14,attacker_complete_support_unavailable
2,1694.04,metrica:Home:2,attacker_complete_support_unavailable
2,1694.04,metrica:Home:3,complete_ten_defenders_unavailable
2,1694.04,metrica:Home:4,attacker_complete_support_unavailable
2,1694.04,metrica:Home:5,attacker_complete_support_unavailable
2,1694.04,metrica:Home:6,complete_ten_defenders_unavailable
2,1694.04,metrica:Home:7,attacker_complete_support_unavailable
2,1694.04,metrica:Home:8,attacker_complete_support_unavailable
2,1694.04,metrica:Home:9,complete_ten_defenders_unavailable
2,1698.04,metrica:Home:1,complete_ten_defenders_unavailable
2,1698.04,metrica:Home:10,complete_ten_defenders_unavailable
2,1698.04,metrica:Home:12,complete_ten_defenders_unavailable
2,1698.04,metrica:Home:13,complete_ten_defenders_unavailable
2,1698.04,metrica:Home:14,attacker_complete_support_unavailable
2,1698.04,metrica:Home:2,attacker_complete_support_unavailable
2,1698.04,metrica:Home:3,complete_ten_defenders_unavailable
2,1698.04,metrica:Home:4,attacker_complete_support_unavailable
2,1698.04,metrica:Home:5,attacker_complete_support_unavailable
2,1698.04,metrica:Home:6,complete_ten_defenders_unavailable
2,1698.04,metrica:Home:7,attacker_complete_support_unavailable
2,1698.04,metrica:Home:8,attacker_complete_support_unavailable
2,1698.04,metrica:Home:9,complete_ten_defenders_unavailable
2,1702.04,metrica:Home:1,complete_ten_defenders_unavailable
2,1702.04,metrica:Home:10,complete_ten_defenders_unavailable
2,1702.04,metrica:Home:12,attacker_complete_support_unavailable
2,1702.04,metrica:Home:13,complete_ten_defenders_unavailable
2,1702.04,metrica:Home:14,attacker_complete_support_unavailable
2,1702.04,metrica:Home:2,attacker_complete_support_unavailable
2,1702.04,metrica:Home:3,complete_ten_defenders_unavailable
2,1702.04,metrica:Home:4,attacker_complete_support_unavailable
2,1702.04,metrica:Home:5,attacker_complete_support_unavailable
2,1702.04,metrica:Home:6,complete_ten_defenders_unavailable
2,1702.04,metrica:Home:7,attacker_complete_support_unavailable
2,1702.04,metrica:Home:8,attacker_complete_support_unavailable
2,1702.04,metrica:Home:9,attacker_complete_support_unavailable
2,1706.04,metrica:Home:1,complete_ten_defenders_unavailable
2,1706.04,metrica:Home:10,complete_ten_defenders_unavailable
2,1706.04,metrica:Home:12,complete_ten_defenders_unavailable
2,1706.04,metrica:Home:13,complete_ten_defenders_unavailable
2,1706.04,metrica:Home:14,attacker_complete_support_unavailable
2,1706.04,metrica:Home:2,attacker_complete_support_unavailable
2,1706.04,metrica:Home:3,complete_ten_defenders_unavailable
2,1706.04,metrica:Home:4,attacker_complete_support_unavailable
2,1706.04,metrica:Home:5,attacker_complete_support_unavailable
2,1706.04,metrica:Home:6,complete_ten_defenders_unavailable
2,1706.04,metrica:Home:7,attacker_complete_support_unavailable
2,1706.04,metrica:Home:8,attacker_complete_support_unavailable
2,1706.04,metrica:Home:9,complete_ten_defenders_unavailable
2,1710.04,metrica:Home:1,complete_ten_defenders_unavailable
2,1710.04,metrica:Home:10,complete_ten_defenders_unavailable
2,1710.04,metrica:Home:12,complete_ten_defenders_unavailable
2,1710.04,metrica:Home:13,complete_ten_defenders_unavailable
2,1710.04,metrica:Home:14,attacker_complete_support_unavailable
2,1710.04,metrica:Home:2,attacker_complete_support_unavailable
2,1710.04,metrica:Home:3,complete_ten_defenders_unavailable
2,1710.04,metrica:Home:4,attacker_complete_support_unavailable
2,1710.04,metrica:Home:5,attacker_complete_support_unavailable
2,1710.04,metrica:Home:6,complete_ten_defenders_unavailable
2,1710.04,metrica:Home:7,attacker_complete_support_unavailable
2,1710.04,metrica:Home:8,attacker_complete_support_unavailable
2,1710.04,metrica:Home:9,complete_ten_defenders_unavailable
2,1714.04,metrica:Home:1,complete_ten_defenders_unavailable
2,1714.04,metrica:Home:10,complete_ten_defenders_unavailable
2,1714.04,metrica:Home:12,complete_ten_defenders_unavailable
2,1714.04,metrica:Home:13,complete_ten_defenders_unavailable
2,1714.04,metrica:Home:14,attacker_complete_support_unavailable
2,1714.04,metrica:Home:2,attacker_complete_support_unavailable
2,1714.04,metrica:Home:3,complete_ten_defenders_unavailable
2,1714.04,metrica:Home:4,attacker_complete_support_unavailable
2,1714.04,metrica:Home:5,attacker_complete_support_unavailable
2,1714.04,metrica:Home:6,complete_ten_defenders_unavailable
2,1714.04,metrica:Home:7,attacker_complete_support_unavailable
2,1714.04,metrica:Home:8,attacker_complete_support_unavailable
2,1714.04,metrica:Home:9,complete_ten_defenders_unavailable
2,1718.04,metrica:Home:1,restart_or_ball_out_span
2,1718.04,metrica:Home:10,restart_or_ball_out_span
2,1718.04,metrica:Home:12,restart_or_ball_out_span
2,1718.04,metrica:Home:13,restart_or_ball_out_span
2,1718.04,metrica:Home:14,restart_or_ball_out_span
2,1718.04,metrica:Home:2,restart_or_ball_out_span
2,1718.04,metrica:Home:3,restart_or_ball_out_span
2,1718.04,metrica:Home:4,restart_or_ball_out_span
2,1718.04,metrica:Home:5,restart_or_ball_out_span
2,1718.04,metrica:Home:6,restart_or_ball_out_span
2,1718.04,metrica:Home:7,restart_or_ball_out_span
2,1718.04,metrica:Home:8,restart_or_ball_out_span
2,1718.04,metrica:Home:9,restart_or_ball_out_span
2,1722.04,metrica:Away:15,attacker_complete_support_unavailable
2,1722.04,metrica:Away:16,complete_ten_defenders_unavailable
2,1722.04,metrica:Away:17,complete_ten_defenders_unavailable
2,1722.04,metrica:Away:18,complete_ten_defenders_unavailable
2,1722.04,metrica:Away:19,complete_ten_defenders_unavailable
2,1722.04,metrica:Away:20,attacker_complete_support_unavailable
2,1722.04,metrica:Away:21,complete_ten_defenders_unavailable
2,1722.04,metrica:Away:22,attacker_complete_support_unavailable
2,1722.04,metrica:Away:23,complete_ten_defenders_unavailable
2,1722.04,metrica:Away:24,complete_ten_defenders_unavailable
2,1722.04,metrica:Away:26,complete_ten_defenders_unavailable
2,1726.04,metrica:Away:15,attacker_complete_support_unavailable
2,1726.04,metrica:Away:16,complete_ten_defenders_unavailable
2,1726.04,metrica:Away:17,complete_ten_defenders_unavailable
2,1726.04,metrica:Away:18,complete_ten_defenders_unavailable
2,1726.04,metrica:Away:19,complete_ten_defenders_unavailable
2,1726.04,metrica:Away:20,attacker_complete_support_unavailable
2,1726.04,metrica:Away:21,complete_ten_defenders_unavailable
2,1726.04,metrica:Away:22,attacker_complete_support_unavailable
2,1726.04,metrica:Away:23,complete_ten_defenders_unavailable
2,1726.04,metrica:Away:24,complete_ten_defenders_unavailable
2,1726.04,metrica:Away:26,complete_ten_defenders_unavailable
2,1730.04,metrica:Away:15,restart_or_ball_out_span
2,1730.04,metrica:Away:16,restart_or_ball_out_span
2,1730.04,metrica:Away:17,restart_or_ball_out_span
2,1730.04,metrica:Away:18,restart_or_ball_out_span
2,1730.04,metrica:Away:19,restart_or_ball_out_span
2,1730.04,metrica:Away:20,restart_or_ball_out_span
2,1730.04,metrica:Away:21,restart_or_ball_out_span
2,1730.04,metrica:Away:22,restart_or_ball_out_span
2,1730.04,metrica:Away:23,restart_or_ball_out_span
2,1730.04,metrica:Away:24,restart_or_ball_out_span
2,1730.04,metrica:Away:26,restart_or_ball_out_span
2,1734.04,metrica:Home:1,complete_ten_defenders_unavailable
2,1734.04,metrica:Home:10,complete_ten_defenders_unavailable
2,1734.04,metrica:Home:12,complete_ten_defenders_unavailable
2,1734.04,metrica:Home:13,complete_ten_defenders_unavailable
2,1734.04,metrica:Home:14,attacker_complete_support_unavailable
2,1734.04,metrica:Home:2,attacker_complete_support_unavailable
2,1734.04,metrica:Home:3,complete_ten_defenders_unavailable
2,1734.04,metrica:Home:4,attacker_complete_support_unavailable
2,1734.04,metrica:Home:5,attacker_complete_support_unavailable
2,1734.04,metrica:Home:6,complete_ten_defenders_unavailable
2,1734.04,metrica:Home:7,attacker_complete_support_unavailable
2,1734.04,metrica:Home:8,attacker_complete_support_unavailable
2,1734.04,metrica:Home:9,complete_ten_defenders_unavailable
2,1738.04,metrica:Away:15,restart_or_ball_out_span
2,1738.04,metrica:Away:16,restart_or_ball_out_span
2,1738.04,metrica:Away:17,restart_or_ball_out_span
2,1738.04,metrica:Away:18,restart_or_ball_out_span
2,1738.04,metrica:Away:19,restart_or_ball_out_span
2,1738.04,metrica:Away:20,restart_or_ball_out_span
2,1738.04,metrica:Away:21,restart_or_ball_out_span
2,1738.04,metrica:Away:22,restart_or_ball_out_span
2,1738.04,metrica:Away:23,restart_or_ball_out_span
2,1738.04,metrica:Away:24,restart_or_ball_out_span
2,1738.04,metrica:Away:26,restart_or_ball_out_span
2,1742.04,metrica:Away:15,attacker_complete_support_unavailable
2,1742.04,metrica:Away:16,complete_ten_defenders_unavailable
2,1742.04,metrica:Away:17,complete_ten_defenders_unavailable
2,1742.04,metrica:Away:18,complete_ten_defenders_unavailable
2,1742.04,metrica:Away:19,complete_ten_defenders_unavailable
2,1742.04,metrica:Away:20,attacker_complete_support_unavailable
2,1742.04,metrica:Away:21,complete_ten_defenders_unavailable
2,1742.04,metrica:Away:22,attacker_complete_support_unavailable
2,1742.04,metrica:Away:23,complete_ten_defenders_unavailable
2,1742.04,metrica:Away:24,complete_ten_defenders_unavailable
2,1742.04,metrica:Away:26,complete_ten_defenders_unavailable
2,1746.04,metrica:Away:15,attacker_complete_support_unavailable
2,1746.04,metrica:Away:16,complete_ten_defenders_unavailable
2,1746.04,metrica:Away:17,complete_ten_defenders_unavailable
2,1746.04,metrica:Away:18,complete_ten_defenders_unavailable
2,1746.04,metrica:Away:19,complete_ten_defenders_unavailable
2,1746.04,metrica:Away:20,attacker_complete_support_unavailable
2,1746.04,metrica:Away:21,complete_ten_defenders_unavailable
2,1746.04,metrica:Away:22,attacker_complete_support_unavailable
2,1746.04,metrica:Away:23,complete_ten_defenders_unavailable
2,1746.04,metrica:Away:24,complete_ten_defenders_unavailable
2,1746.04,metrica:Away:26,complete_ten_defenders_unavailable
2,1750.04,metrica:Away:15,attacker_complete_support_unavailable
2,1750.04,metrica:Away:16,complete_ten_defenders_unavailable
2,1750.04,metrica:Away:17,complete_ten_defenders_unavailable
2,1750.04,metrica:Away:18,complete_ten_defenders_unavailable
2,1750.04,metrica:Away:19,complete_ten_defenders_unavailable
2,1750.04,metrica:Away:20,attacker_complete_support_unavailable
2,1750.04,metrica:Away:21,complete_ten_defenders_unavailable
2,1750.04,metrica:Away:22,attacker_complete_support_unavailable
2,1750.04,metrica:Away:23,complete_ten_defenders_unavailable
2,1750.04,metrica:Away:24,complete_ten_defenders_unavailable
2,1750.04,metrica:Away:26,complete_ten_defenders_unavailable
2,1754.04,metrica:Home:1,complete_ten_defenders_unavailable
2,1754.04,metrica:Home:10,complete_ten_defenders_unavailable
2,1754.04,metrica:Home:12,complete_ten_defenders_unavailable
2,1754.04,metrica:Home:13,complete_ten_defenders_unavailable
2,1754.04,metrica:Home:14,attacker_complete_support_unavailable
2,1754.04,metrica:Home:2,attacker_complete_support_unavailable
2,1754.04,metrica:Home:3,complete_ten_defenders_unavailable
2,1754.04,metrica:Home:4,attacker_complete_support_unavailable
2,1754.04,metrica:Home:5,attacker_complete_support_unavailable
2,1754.04,metrica:Home:6,complete_ten_defenders_unavailable
2,1754.04,metrica:Home:7,attacker_complete_support_unavailable
2,1754.04,metrica:Home:8,attacker_complete_support_unavailable
2,1754.04,metrica:Home:9,complete_ten_defenders_unavailable
2,1758.04,metrica:Home:1,complete_ten_defenders_unavailable
2,1758.04,metrica:Home:10,complete_ten_defenders_unavailable
2,1758.04,metrica:Home:12,complete_ten_defenders_unavailable
2,1758.04,metrica:Home:13,complete_ten_defenders_unavailable
2,1758.04,metrica:Home:14,attacker_complete_support_unavailable
2,1758.04,metrica:Home:2,attacker_complete_support_unavailable
2,1758.04,metrica:Home:3,complete_ten_defenders_unavailable
2,1758.04,metrica:Home:4,attacker_complete_support_unavailable
2,1758.04,metrica:Home:5,attacker_complete_support_unavailable
2,1758.04,metrica:Home:6,complete_ten_defenders_unavailable
2,1758.04,metrica:Home:7,attacker_complete_support_unavailable
2,1758.04,metrica:Home:8,attacker_complete_support_unavailable
2,1758.04,metrica:Home:9,complete_ten_defenders_unavailable
2,1762.04,metrica:Home:1,complete_ten_defenders_unavailable
2,1762.04,metrica:Home:10,complete_ten_defenders_unavailable
2,1762.04,metrica:Home:12,complete_ten_defenders_unavailable
2,1762.04,metrica:Home:13,complete_ten_defenders_unavailable
2,1762.04,metrica:Home:14,attacker_complete_support_unavailable
2,1762.04,metrica:Home:2,attacker_complete_support_unavailable
2,1762.04,metrica:Home:3,complete_ten_defenders_unavailable
2,1762.04,metrica:Home:4,attacker_complete_support_unavailable
2,1762.04,metrica:Home:5,attacker_complete_support_unavailable
2,1762.04,metrica:Home:6,complete_ten_defenders_unavailable
2,1762.04,metrica:Home:7,attacker_complete_support_unavailable
2,1762.04,metrica:Home:8,attacker_complete_support_unavailable
2,1762.04,metrica:Home:9,complete_ten_defenders_unavailable
2,1766.04,metrica:Home:1,complete_ten_defenders_unavailable
2,1766.04,metrica:Home:10,complete_ten_defenders_unavailable
2,1766.04,metrica:Home:12,complete_ten_defenders_unavailable
2,1766.04,metrica:Home:13,complete_ten_defenders_unavailable
2,1766.04,metrica:Home:14,attacker_complete_support_unavailable
2,1766.04,metrica:Home:2,attacker_complete_support_unavailable
2,1766.04,metrica:Home:3,complete_ten_defenders_unavailable
2,1766.04,metrica:Home:4,attacker_complete_support_unavailable
2,1766.04,metrica:Home:5,attacker_complete_support_unavailable
2,1766.04,metrica:Home:6,complete_ten_defenders_unavailable
2,1766.04,metrica:Home:7,attacker_complete_support_unavailable
2,1766.04,metrica:Home:8,attacker_complete_support_unavailable
2,1766.04,metrica:Home:9,complete_ten_defenders_unavailable
2,1770.04,metrica:Home:1,complete_ten_defenders_unavailable
2,1770.04,metrica:Home:10,complete_ten_defenders_unavailable
2,1770.04,metrica:Home:12,complete_ten_defenders_unavailable
2,1770.04,metrica:Home:13,complete_ten_defenders_unavailable
2,1770.04,metrica:Home:14,attacker_complete_support_unavailable
2,1770.04,metrica:Home:2,attacker_complete_support_unavailable
2,1770.04,metrica:Home:3,complete_ten_defenders_unavailable
2,1770.04,metrica:Home:4,attacker_complete_support_unavailable
2,1770.04,metrica:Home:5,attacker_complete_support_unavailable
2,1770.04,metrica:Home:6,complete_ten_defenders_unavailable
2,1770.04,metrica:Home:7,attacker_complete_support_unavailable
2,1770.04,metrica:Home:8,attacker_complete_support_unavailable
2,1770.04,metrica:Home:9,complete_ten_defenders_unavailable
2,1774.04,metrica:Home:1,complete_ten_defenders_unavailable
2,1774.04,metrica:Home:10,complete_ten_defenders_unavailable
2,1774.04,metrica:Home:12,complete_ten_defenders_unavailable
2,1774.04,metrica:Home:13,complete_ten_defenders_unavailable
2,1774.04,metrica:Home:14,attacker_complete_support_unavailable
2,1774.04,metrica:Home:2,attacker_complete_support_unavailable
2,1774.04,metrica:Home:3,complete_ten_defenders_unavailable
2,1774.04,metrica:Home:4,attacker_complete_support_unavailable
2,1774.04,metrica:Home:5,attacker_complete_support_unavailable
2,1774.04,metrica:Home:6,complete_ten_defenders_unavailable
2,1774.04,metrica:Home:7,attacker_complete_support_unavailable
2,1774.04,metrica:Home:8,attacker_complete_support_unavailable
2,1774.04,metrica:Home:9,complete_ten_defenders_unavailable
2,1778.04,metrica:Home:1,complete_ten_defenders_unavailable
2,1778.04,metrica:Home:10,complete_ten_defenders_unavailable
2,1778.04,metrica:Home:12,attacker_complete_support_unavailable
2,1778.04,metrica:Home:13,complete_ten_defenders_unavailable
2,1778.04,metrica:Home:14,attacker_complete_support_unavailable
2,1778.04,metrica:Home:2,attacker_complete_support_unavailable
2,1778.04,metrica:Home:3,complete_ten_defenders_unavailable
2,1778.04,metrica:Home:4,attacker_complete_support_unavailable
2,1778.04,metrica:Home:5,attacker_complete_support_unavailable
2,1778.04,metrica:Home:6,complete_ten_defenders_unavailable
2,1778.04,metrica:Home:7,attacker_complete_support_unavailable
2,1778.04,metrica:Home:8,attacker_complete_support_unavailable
2,1778.04,metrica:Home:9,attacker_complete_support_unavailable
2,1782.04,metrica:Home:1,complete_ten_defenders_unavailable
2,1782.04,metrica:Home:10,complete_ten_defenders_unavailable
2,1782.04,metrica:Home:12,attacker_complete_support_unavailable
2,1782.04,metrica:Home:13,complete_ten_defenders_unavailable
2,1782.04,metrica:Home:14,attacker_complete_support_unavailable
2,1782.04,metrica:Home:2,attacker_complete_support_unavailable
2,1782.04,metrica:Home:3,complete_ten_defenders_unavailable
2,1782.04,metrica:Home:4,attacker_complete_support_unavailable
2,1782.04,metrica:Home:5,attacker_complete_support_unavailable
2,1782.04,metrica:Home:6,complete_ten_defenders_unavailable
2,1782.04,metrica:Home:7,attacker_complete_support_unavailable
2,1782.04,metrica:Home:8,attacker_complete_support_unavailable
2,1782.04,metrica:Home:9,attacker_complete_support_unavailable
2,1786.04,metrica:Home:1,complete_ten_defenders_unavailable
2,1786.04,metrica:Home:10,complete_ten_defenders_unavailable
2,1786.04,metrica:Home:12,complete_ten_defenders_unavailable
2,1786.04,metrica:Home:13,complete_ten_defenders_unavailable
2,1786.04,metrica:Home:14,attacker_complete_support_unavailable
2,1786.04,metrica:Home:2,attacker_complete_support_unavailable
2,1786.04,metrica:Home:3,complete_ten_defenders_unavailable
2,1786.04,metrica:Home:4,attacker_complete_support_unavailable
2,1786.04,metrica:Home:5,attacker_complete_support_unavailable
2,1786.04,metrica:Home:6,complete_ten_defenders_unavailable
2,1786.04,metrica:Home:7,attacker_complete_support_unavailable
2,1786.04,metrica:Home:8,attacker_complete_support_unavailable
2,1786.04,metrica:Home:9,complete_ten_defenders_unavailable
2,1790.04,metrica:Home:1,complete_ten_defenders_unavailable
2,1790.04,metrica:Home:10,complete_ten_defenders_unavailable
2,1790.04,metrica:Home:12,complete_ten_defenders_unavailable
2,1790.04,metrica:Home:13,attacker_complete_support_unavailable
2,1790.04,metrica:Home:14,attacker_complete_support_unavailable
2,1790.04,metrica:Home:2,attacker_complete_support_unavailable
2,1790.04,metrica:Home:3,complete_ten_defenders_unavailable
2,1790.04,metrica:Home:4,attacker_complete_support_unavailable
2,1790.04,metrica:Home:5,attacker_complete_support_unavailable
2,1790.04,metrica:Home:6,complete_ten_defenders_unavailable
2,1790.04,metrica:Home:7,attacker_complete_support_unavailable
2,1790.04,metrica:Home:8,attacker_complete_support_unavailable
2,1790.04,metrica:Home:9,complete_ten_defenders_unavailable
2,1794.04,metrica:Home:1,complete_ten_defenders_unavailable
2,1794.04,metrica:Home:10,complete_ten_defenders_unavailable
2,1794.04,metrica:Home:12,complete_ten_defenders_unavailable
2,1794.04,metrica:Home:13,attacker_complete_support_unavailable
2,1794.04,metrica:Home:14,attacker_complete_support_unavailable
2,1794.04,metrica:Home:2,attacker_complete_support_unavailable
2,1794.04,metrica:Home:3,complete_ten_defenders_unavailable
2,1794.04,metrica:Home:4,attacker_complete_support_unavailable
2,1794.04,metrica:Home:5,attacker_complete_support_unavailable
2,1794.04,metrica:Home:6,complete_ten_defenders_unavailable
2,1794.04,metrica:Home:7,attacker_complete_support_unavailable
2,1794.04,metrica:Home:8,attacker_complete_support_unavailable
2,1794.04,metrica:Home:9,complete_ten_defenders_unavailable
2,1798.04,metrica:Home:1,complete_ten_defenders_unavailable
2,1798.04,metrica:Home:10,complete_ten_defenders_unavailable
2,1798.04,metrica:Home:12,complete_ten_defenders_unavailable
2,1798.04,metrica:Home:13,complete_ten_defenders_unavailable
2,1798.04,metrica:Home:14,attacker_complete_support_unavailable
2,1798.04,metrica:Home:2,attacker_complete_support_unavailable
2,1798.04,metrica:Home:3,complete_ten_defenders_unavailable
2,1798.04,metrica:Home:4,attacker_complete_support_unavailable
2,1798.04,metrica:Home:5,attacker_complete_support_unavailable
2,1798.04,metrica:Home:6,complete_ten_defenders_unavailable
2,1798.04,metrica:Home:7,attacker_complete_support_unavailable
2,1798.04,metrica:Home:8,attacker_complete_support_unavailable
2,1798.04,metrica:Home:9,complete_ten_defenders_unavailable
2,1802.04,metrica:Home:1,complete_ten_defenders_unavailable
2,1802.04,metrica:Home:10,complete_ten_defenders_unavailable
2,1802.04,metrica:Home:12,complete_ten_defenders_unavailable
2,1802.04,metrica:Home:13,complete_ten_defenders_unavailable
2,1802.04,metrica:Home:14,attacker_complete_support_unavailable
2,1802.04,metrica:Home:2,attacker_complete_support_unavailable
2,1802.04,metrica:Home:3,complete_ten_defenders_unavailable
2,1802.04,metrica:Home:4,attacker_complete_support_unavailable
2,1802.04,metrica:Home:5,attacker_complete_support_unavailable
2,1802.04,metrica:Home:6,complete_ten_defenders_unavailable
2,1802.04,metrica:Home:7,attacker_complete_support_unavailable
2,1802.04,metrica:Home:8,attacker_complete_support_unavailable
2,1802.04,metrica:Home:9,complete_ten_defenders_unavailable
2,1806.04,metrica:Home:1,complete_ten_defenders_unavailable
2,1806.04,metrica:Home:10,complete_ten_defenders_unavailable
2,1806.04,metrica:Home:12,complete_ten_defenders_unavailable
2,1806.04,metrica:Home:13,complete_ten_defenders_unavailable
2,1806.04,metrica:Home:14,attacker_complete_support_unavailable
2,1806.04,metrica:Home:2,attacker_complete_support_unavailable
2,1806.04,metrica:Home:3,complete_ten_defenders_unavailable
2,1806.04,metrica:Home:4,attacker_complete_support_unavailable
2,1806.04,metrica:Home:5,attacker_complete_support_unavailable
2,1806.04,metrica:Home:6,complete_ten_defenders_unavailable
2,1806.04,metrica:Home:7,attacker_complete_support_unavailable
2,1806.04,metrica:Home:8,attacker_complete_support_unavailable
2,1806.04,metrica:Home:9,complete_ten_defenders_unavailable
2,1810.04,metrica:Home:1,complete_ten_defenders_unavailable
2,1810.04,metrica:Home:10,complete_ten_defenders_unavailable
2,1810.04,metrica:Home:12,complete_ten_defenders_unavailable
2,1810.04,metrica:Home:13,complete_ten_defenders_unavailable
2,1810.04,metrica:Home:14,attacker_complete_support_unavailable
2,1810.04,metrica:Home:2,attacker_complete_support_unavailable
2,1810.04,metrica:Home:3,complete_ten_defenders_unavailable
2,1810.04,metrica:Home:4,attacker_complete_support_unavailable
2,1810.04,metrica:Home:5,attacker_complete_support_unavailable
2,1810.04,metrica:Home:6,complete_ten_defenders_unavailable
2,1810.04,metrica:Home:7,attacker_complete_support_unavailable
2,1810.04,metrica:Home:8,attacker_complete_support_unavailable
2,1810.04,metrica:Home:9,complete_ten_defenders_unavailable
2,1814.04,metrica:Home:1,complete_ten_defenders_unavailable
2,1814.04,metrica:Home:10,complete_ten_defenders_unavailable
2,1814.04,metrica:Home:12,complete_ten_defenders_unavailable
2,1814.04,metrica:Home:13,complete_ten_defenders_unavailable
2,1814.04,metrica:Home:14,attacker_complete_support_unavailable
2,1814.04,metrica:Home:2,attacker_complete_support_unavailable
2,1814.04,metrica:Home:3,complete_ten_defenders_unavailable
2,1814.04,metrica:Home:4,attacker_complete_support_unavailable
2,1814.04,metrica:Home:5,attacker_complete_support_unavailable
2,1814.04,metrica:Home:6,complete_ten_defenders_unavailable
2,1814.04,metrica:Home:7,attacker_complete_support_unavailable
2,1814.04,metrica:Home:8,attacker_complete_support_unavailable
2,1814.04,metrica:Home:9,complete_ten_defenders_unavailable
2,1818.04,metrica:Home:1,complete_ten_defenders_unavailable
2,1818.04,metrica:Home:10,complete_ten_defenders_unavailable
2,1818.04,metrica:Home:12,complete_ten_defenders_unavailable
2,1818.04,metrica:Home:13,complete_ten_defenders_unavailable
2,1818.04,metrica:Home:14,attacker_complete_support_unavailable
2,1818.04,metrica:Home:2,attacker_complete_support_unavailable
2,1818.04,metrica:Home:3,complete_ten_defenders_unavailable
2,1818.04,metrica:Home:4,attacker_complete_support_unavailable
2,1818.04,metrica:Home:5,attacker_complete_support_unavailable
2,1818.04,metrica:Home:6,complete_ten_defenders_unavailable
2,1818.04,metrica:Home:7,attacker_complete_support_unavailable
2,1818.04,metrica:Home:8,attacker_complete_support_unavailable
2,1818.04,metrica:Home:9,complete_ten_defenders_unavailable
2,1822.04,metrica:Home:1,complete_ten_defenders_unavailable
2,1822.04,metrica:Home:10,complete_ten_defenders_unavailable
2,1822.04,metrica:Home:12,complete_ten_defenders_unavailable
2,1822.04,metrica:Home:13,complete_ten_defenders_unavailable
2,1822.04,metrica:Home:14,attacker_complete_support_unavailable
2,1822.04,metrica:Home:2,attacker_complete_support_unavailable
2,1822.04,metrica:Home:3,complete_ten_defenders_unavailable
2,1822.04,metrica:Home:4,attacker_complete_support_unavailable
2,1822.04,metrica:Home:5,attacker_complete_support_unavailable
2,1822.04,metrica:Home:6,complete_ten_defenders_unavailable
2,1822.04,metrica:Home:7,attacker_complete_support_unavailable
2,1822.04,metrica:Home:8,attacker_complete_support_unavailable
2,1822.04,metrica:Home:9,complete_ten_defenders_unavailable
2,1826.04,metrica:Home:1,complete_ten_defenders_unavailable
2,1826.04,metrica:Home:10,complete_ten_defenders_unavailable
2,1826.04,metrica:Home:12,complete_ten_defenders_unavailable
2,1826.04,metrica:Home:13,complete_ten_defenders_unavailable
2,1826.04,metrica:Home:14,attacker_complete_support_unavailable
2,1826.04,metrica:Home:2,attacker_complete_support_unavailable
2,1826.04,metrica:Home:3,complete_ten_defenders_unavailable
2,1826.04,metrica:Home:4,attacker_complete_support_unavailable
2,1826.04,metrica:Home:5,attacker_complete_support_unavailable
2,1826.04,metrica:Home:6,complete_ten_defenders_unavailable
2,1826.04,metrica:Home:7,attacker_complete_support_unavailable
2,1826.04,metrica:Home:8,attacker_complete_support_unavailable
2,1826.04,metrica:Home:9,complete_ten_defenders_unavailable
2,1830.04,metrica:Home:1,complete_ten_defenders_unavailable
2,1830.04,metrica:Home:10,complete_ten_defenders_unavailable
2,1830.04,metrica:Home:12,complete_ten_defenders_unavailable
2,1830.04,metrica:Home:13,complete_ten_defenders_unavailable
2,1830.04,metrica:Home:14,attacker_complete_support_unavailable
2,1830.04,metrica:Home:2,attacker_complete_support_unavailable
2,1830.04,metrica:Home:3,complete_ten_defenders_unavailable
2,1830.04,metrica:Home:4,attacker_complete_support_unavailable
2,1830.04,metrica:Home:5,attacker_complete_support_unavailable
2,1830.04,metrica:Home:6,complete_ten_defenders_unavailable
2,1830.04,metrica:Home:7,attacker_complete_support_unavailable
2,1830.04,metrica:Home:8,attacker_complete_support_unavailable
2,1830.04,metrica:Home:9,complete_ten_defenders_unavailable
2,1834.04,metrica:Home:1,complete_ten_defenders_unavailable
2,1834.04,metrica:Home:10,complete_ten_defenders_unavailable
2,1834.04,metrica:Home:12,complete_ten_defenders_unavailable
2,1834.04,metrica:Home:13,complete_ten_defenders_unavailable
2,1834.04,metrica:Home:14,attacker_complete_support_unavailable
2,1834.04,metrica:Home:2,attacker_complete_support_unavailable
2,1834.04,metrica:Home:3,complete_ten_defenders_unavailable
2,1834.04,metrica:Home:4,attacker_complete_support_unavailable
2,1834.04,metrica:Home:5,attacker_complete_support_unavailable
2,1834.04,metrica:Home:6,complete_ten_defenders_unavailable
2,1834.04,metrica:Home:7,attacker_complete_support_unavailable
2,1834.04,metrica:Home:8,attacker_complete_support_unavailable
2,1834.04,metrica:Home:9,complete_ten_defenders_unavailable
2,1838.04,metrica:Home:1,complete_ten_defenders_unavailable
2,1838.04,metrica:Home:10,complete_ten_defenders_unavailable
2,1838.04,metrica:Home:12,complete_ten_defenders_unavailable
2,1838.04,metrica:Home:13,complete_ten_defenders_unavailable
2,1838.04,metrica:Home:14,attacker_complete_support_unavailable
2,1838.04,metrica:Home:2,attacker_complete_support_unavailable
2,1838.04,metrica:Home:3,complete_ten_defenders_unavailable
2,1838.04,metrica:Home:4,attacker_complete_support_unavailable
2,1838.04,metrica:Home:5,attacker_complete_support_unavailable
2,1838.04,metrica:Home:6,complete_ten_defenders_unavailable
2,1838.04,metrica:Home:7,attacker_complete_support_unavailable
2,1838.04,metrica:Home:8,attacker_complete_support_unavailable
2,1838.04,metrica:Home:9,complete_ten_defenders_unavailable
2,1842.04,metrica:Home:1,complete_ten_defenders_unavailable
2,1842.04,metrica:Home:10,complete_ten_defenders_unavailable
2,1842.04,metrica:Home:12,complete_ten_defenders_unavailable
2,1842.04,metrica:Home:13,complete_ten_defenders_unavailable
2,1842.04,metrica:Home:14,attacker_complete_support_unavailable
2,1842.04,metrica:Home:2,attacker_complete_support_unavailable
2,1842.04,metrica:Home:3,complete_ten_defenders_unavailable
2,1842.04,metrica:Home:4,attacker_complete_support_unavailable
2,1842.04,metrica:Home:5,attacker_complete_support_unavailable
2,1842.04,metrica:Home:6,complete_ten_defenders_unavailable
2,1842.04,metrica:Home:7,attacker_complete_support_unavailable
2,1842.04,metrica:Home:8,attacker_complete_support_unavailable
2,1842.04,metrica:Home:9,complete_ten_defenders_unavailable
2,1846.04,metrica:Home:1,complete_ten_defenders_unavailable
2,1846.04,metrica:Home:10,complete_ten_defenders_unavailable
2,1846.04,metrica:Home:12,complete_ten_defenders_unavailable
2,1846.04,metrica:Home:13,complete_ten_defenders_unavailable
2,1846.04,metrica:Home:14,attacker_complete_support_unavailable
2,1846.04,metrica:Home:2,attacker_complete_support_unavailable
2,1846.04,metrica:Home:3,complete_ten_defenders_unavailable
2,1846.04,metrica:Home:4,attacker_complete_support_unavailable
2,1846.04,metrica:Home:5,attacker_complete_support_unavailable
2,1846.04,metrica:Home:6,complete_ten_defenders_unavailable
2,1846.04,metrica:Home:7,attacker_complete_support_unavailable
2,1846.04,metrica:Home:8,attacker_complete_support_unavailable
2,1846.04,metrica:Home:9,complete_ten_defenders_unavailable
2,1850.04,metrica:Home:1,complete_ten_defenders_unavailable
2,1850.04,metrica:Home:10,complete_ten_defenders_unavailable
2,1850.04,metrica:Home:12,complete_ten_defenders_unavailable
2,1850.04,metrica:Home:13,complete_ten_defenders_unavailable
2,1850.04,metrica:Home:14,attacker_complete_support_unavailable
2,1850.04,metrica:Home:2,attacker_complete_support_unavailable
2,1850.04,metrica:Home:3,complete_ten_defenders_unavailable
2,1850.04,metrica:Home:4,attacker_complete_support_unavailable
2,1850.04,metrica:Home:5,attacker_complete_support_unavailable
2,1850.04,metrica:Home:6,complete_ten_defenders_unavailable
2,1850.04,metrica:Home:7,attacker_complete_support_unavailable
2,1850.04,metrica:Home:8,attacker_complete_support_unavailable
2,1850.04,metrica:Home:9,complete_ten_defenders_unavailable
2,1854.04,metrica:Home:1,complete_ten_defenders_unavailable
2,1854.04,metrica:Home:10,complete_ten_defenders_unavailable
2,1854.04,metrica:Home:12,complete_ten_defenders_unavailable
2,1854.04,metrica:Home:13,complete_ten_defenders_unavailable
2,1854.04,metrica:Home:14,attacker_complete_support_unavailable
2,1854.04,metrica:Home:2,attacker_complete_support_unavailable
2,1854.04,metrica:Home:3,complete_ten_defenders_unavailable
2,1854.04,metrica:Home:4,attacker_complete_support_unavailable
2,1854.04,metrica:Home:5,attacker_complete_support_unavailable
2,1854.04,metrica:Home:6,complete_ten_defenders_unavailable
2,1854.04,metrica:Home:7,attacker_complete_support_unavailable
2,1854.04,metrica:Home:8,attacker_complete_support_unavailable
2,1854.04,metrica:Home:9,complete_ten_defenders_unavailable
2,1858.04,metrica:Home:1,complete_ten_defenders_unavailable
2,1858.04,metrica:Home:10,complete_ten_defenders_unavailable
2,1858.04,metrica:Home:12,complete_ten_defenders_unavailable
2,1858.04,metrica:Home:13,complete_ten_defenders_unavailable
2,1858.04,metrica:Home:14,attacker_complete_support_unavailable
2,1858.04,metrica:Home:2,attacker_complete_support_unavailable
2,1858.04,metrica:Home:3,complete_ten_defenders_unavailable
2,1858.04,metrica:Home:4,attacker_complete_support_unavailable
2,1858.04,metrica:Home:5,attacker_complete_support_unavailable
2,1858.04,metrica:Home:6,complete_ten_defenders_unavailable
2,1858.04,metrica:Home:7,attacker_complete_support_unavailable
2,1858.04,metrica:Home:8,attacker_complete_support_unavailable
2,1858.04,metrica:Home:9,complete_ten_defenders_unavailable
2,1862.04,metrica:Home:1,complete_ten_defenders_unavailable
2,1862.04,metrica:Home:10,complete_ten_defenders_unavailable
2,1862.04,metrica:Home:12,complete_ten_defenders_unavailable
2,1862.04,metrica:Home:13,complete_ten_defenders_unavailable
2,1862.04,metrica:Home:14,attacker_complete_support_unavailable
2,1862.04,metrica:Home:2,attacker_complete_support_unavailable
2,1862.04,metrica:Home:3,complete_ten_defenders_unavailable
2,1862.04,metrica:Home:4,attacker_complete_support_unavailable
2,1862.04,metrica:Home:5,attacker_complete_support_unavailable
2,1862.04,metrica:Home:6,complete_ten_defenders_unavailable
2,1862.04,metrica:Home:7,attacker_complete_support_unavailable
2,1862.04,metrica:Home:8,attacker_complete_support_unavailable
2,1862.04,metrica:Home:9,complete_ten_defenders_unavailable
2,1866.04,metrica:Home:1,complete_ten_defenders_unavailable
2,1866.04,metrica:Home:10,complete_ten_defenders_unavailable
2,1866.04,metrica:Home:12,attacker_complete_support_unavailable
2,1866.04,metrica:Home:13,complete_ten_defenders_unavailable
2,1866.04,metrica:Home:14,attacker_complete_support_unavailable
2,1866.04,metrica:Home:2,attacker_complete_support_unavailable
2,1866.04,metrica:Home:3,complete_ten_defenders_unavailable
2,1866.04,metrica:Home:4,attacker_complete_support_unavailable
2,1866.04,metrica:Home:5,attacker_complete_support_unavailable
2,1866.04,metrica:Home:6,complete_ten_defenders_unavailable
2,1866.04,metrica:Home:7,attacker_complete_support_unavailable
2,1866.04,metrica:Home:8,attacker_complete_support_unavailable
2,1866.04,metrica:Home:9,complete_ten_defenders_unavailable
2,1870.04,metrica:Home:1,complete_ten_defenders_unavailable
2,1870.04,metrica:Home:10,complete_ten_defenders_unavailable
2,1870.04,metrica:Home:12,attacker_complete_support_unavailable
2,1870.04,metrica:Home:13,complete_ten_defenders_unavailable
2,1870.04,metrica:Home:14,attacker_complete_support_unavailable
2,1870.04,metrica:Home:2,attacker_complete_support_unavailable
2,1870.04,metrica:Home:3,complete_ten_defenders_unavailable
2,1870.04,metrica:Home:4,attacker_complete_support_unavailable
2,1870.04,metrica:Home:5,attacker_complete_support_unavailable
2,1870.04,metrica:Home:6,complete_ten_defenders_unavailable
2,1870.04,metrica:Home:7,attacker_complete_support_unavailable
2,1870.04,metrica:Home:8,attacker_complete_support_unavailable
2,1870.04,metrica:Home:9,complete_ten_defenders_unavailable
2,1874.04,metrica:Home:1,complete_ten_defenders_unavailable
2,1874.04,metrica:Home:10,complete_ten_defenders_unavailable
2,1874.04,metrica:Home:12,complete_ten_defenders_unavailable
2,1874.04,metrica:Home:13,complete_ten_defenders_unavailable
2,1874.04,metrica:Home:14,attacker_complete_support_unavailable
2,1874.04,metrica:Home:2,attacker_complete_support_unavailable
2,1874.04,metrica:Home:3,complete_ten_defenders_unavailable
2,1874.04,metrica:Home:4,attacker_complete_support_unavailable
2,1874.04,metrica:Home:5,attacker_complete_support_unavailable
2,1874.04,metrica:Home:6,complete_ten_defenders_unavailable
2,1874.04,metrica:Home:7,attacker_complete_support_unavailable
2,1874.04,metrica:Home:8,attacker_complete_support_unavailable
2,1874.04,metrica:Home:9,complete_ten_defenders_unavailable
2,1878.04,metrica:Home:1,complete_ten_defenders_unavailable
2,1878.04,metrica:Home:10,complete_ten_defenders_unavailable
2,1878.04,metrica:Home:12,complete_ten_defenders_unavailable
2,1878.04,metrica:Home:13,complete_ten_defenders_unavailable
2,1878.04,metrica:Home:14,attacker_complete_support_unavailable
2,1878.04,metrica:Home:2,attacker_complete_support_unavailable
2,1878.04,metrica:Home:3,complete_ten_defenders_unavailable
2,1878.04,metrica:Home:4,attacker_complete_support_unavailable
2,1878.04,metrica:Home:5,attacker_complete_support_unavailable
2,1878.04,metrica:Home:6,complete_ten_defenders_unavailable
2,1878.04,metrica:Home:7,attacker_complete_support_unavailable
2,1878.04,metrica:Home:8,attacker_complete_support_unavailable
2,1878.04,metrica:Home:9,complete_ten_defenders_unavailable
2,1882.04,metrica:Home:1,restart_or_ball_out_span
2,1882.04,metrica:Home:10,restart_or_ball_out_span
2,1882.04,metrica:Home:12,restart_or_ball_out_span
2,1882.04,metrica:Home:13,restart_or_ball_out_span
2,1882.04,metrica:Home:14,restart_or_ball_out_span
2,1882.04,metrica:Home:2,restart_or_ball_out_span
2,1882.04,metrica:Home:3,restart_or_ball_out_span
2,1882.04,metrica:Home:4,restart_or_ball_out_span
2,1882.04,metrica:Home:5,restart_or_ball_out_span
2,1882.04,metrica:Home:6,restart_or_ball_out_span
2,1882.04,metrica:Home:7,restart_or_ball_out_span
2,1882.04,metrica:Home:8,restart_or_ball_out_span
2,1882.04,metrica:Home:9,restart_or_ball_out_span
2,1886.04,metrica:Away:15,attacker_complete_support_unavailable
2,1886.04,metrica:Away:16,complete_ten_defenders_unavailable
2,1886.04,metrica:Away:17,complete_ten_defenders_unavailable
2,1886.04,metrica:Away:18,complete_ten_defenders_unavailable
2,1886.04,metrica:Away:19,complete_ten_defenders_unavailable
2,1886.04,metrica:Away:20,complete_ten_defenders_unavailable
2,1886.04,metrica:Away:21,complete_ten_defenders_unavailable
2,1886.04,metrica:Away:22,attacker_complete_support_unavailable
2,1886.04,metrica:Away:23,complete_ten_defenders_unavailable
2,1886.04,metrica:Away:24,complete_ten_defenders_unavailable
2,1886.04,metrica:Away:26,complete_ten_defenders_unavailable
2,1890.04,metrica:Away:15,attacker_complete_support_unavailable
2,1890.04,metrica:Away:16,complete_ten_defenders_unavailable
2,1890.04,metrica:Away:17,complete_ten_defenders_unavailable
2,1890.04,metrica:Away:18,complete_ten_defenders_unavailable
2,1890.04,metrica:Away:19,complete_ten_defenders_unavailable
2,1890.04,metrica:Away:20,complete_ten_defenders_unavailable
2,1890.04,metrica:Away:21,complete_ten_defenders_unavailable
2,1890.04,metrica:Away:22,attacker_complete_support_unavailable
2,1890.04,metrica:Away:23,complete_ten_defenders_unavailable
2,1890.04,metrica:Away:24,complete_ten_defenders_unavailable
2,1890.04,metrica:Away:26,complete_ten_defenders_unavailable
2,1894.04,metrica:Away:15,attacker_complete_support_unavailable
2,1894.04,metrica:Away:16,complete_ten_defenders_unavailable
2,1894.04,metrica:Away:17,complete_ten_defenders_unavailable
2,1894.04,metrica:Away:18,complete_ten_defenders_unavailable
2,1894.04,metrica:Away:19,complete_ten_defenders_unavailable
2,1894.04,metrica:Away:20,complete_ten_defenders_unavailable
2,1894.04,metrica:Away:21,complete_ten_defenders_unavailable
2,1894.04,metrica:Away:22,attacker_complete_support_unavailable
2,1894.04,metrica:Away:23,complete_ten_defenders_unavailable
2,1894.04,metrica:Away:24,complete_ten_defenders_unavailable
2,1894.04,metrica:Away:26,complete_ten_defenders_unavailable
2,1898.04,metrica:Away:15,attacker_complete_support_unavailable
2,1898.04,metrica:Away:16,complete_ten_defenders_unavailable
2,1898.04,metrica:Away:17,complete_ten_defenders_unavailable
2,1898.04,metrica:Away:18,complete_ten_defenders_unavailable
2,1898.04,metrica:Away:19,complete_ten_defenders_unavailable
2,1898.04,metrica:Away:20,complete_ten_defenders_unavailable
2,1898.04,metrica:Away:21,complete_ten_defenders_unavailable
2,1898.04,metrica:Away:22,attacker_complete_support_unavailable
2,1898.04,metrica:Away:23,complete_ten_defenders_unavailable
2,1898.04,metrica:Away:24,complete_ten_defenders_unavailable
2,1898.04,metrica:Away:26,complete_ten_defenders_unavailable
2,1902.04,metrica:Away:15,attacker_complete_support_unavailable
2,1902.04,metrica:Away:16,complete_ten_defenders_unavailable
2,1902.04,metrica:Away:17,complete_ten_defenders_unavailable
2,1902.04,metrica:Away:18,complete_ten_defenders_unavailable
2,1902.04,metrica:Away:19,complete_ten_defenders_unavailable
2,1902.04,metrica:Away:20,complete_ten_defenders_unavailable
2,1902.04,metrica:Away:21,complete_ten_defenders_unavailable
2,1902.04,metrica:Away:22,attacker_complete_support_unavailable
2,1902.04,metrica:Away:23,complete_ten_defenders_unavailable
2,1902.04,metrica:Away:24,complete_ten_defenders_unavailable
2,1902.04,metrica:Away:26,complete_ten_defenders_unavailable
2,1906.04,metrica:Away:15,attacker_complete_support_unavailable
2,1906.04,metrica:Away:16,complete_ten_defenders_unavailable
2,1906.04,metrica:Away:17,complete_ten_defenders_unavailable
2,1906.04,metrica:Away:18,complete_ten_defenders_unavailable
2,1906.04,metrica:Away:19,complete_ten_defenders_unavailable
2,1906.04,metrica:Away:20,complete_ten_defenders_unavailable
2,1906.04,metrica:Away:21,complete_ten_defenders_unavailable
2,1906.04,metrica:Away:22,attacker_complete_support_unavailable
2,1906.04,metrica:Away:23,complete_ten_defenders_unavailable
2,1906.04,metrica:Away:24,complete_ten_defenders_unavailable
2,1906.04,metrica:Away:26,complete_ten_defenders_unavailable
2,1910.04,metrica:Away:15,attacker_complete_support_unavailable
2,1910.04,metrica:Away:16,complete_ten_defenders_unavailable
2,1910.04,metrica:Away:17,complete_ten_defenders_unavailable
2,1910.04,metrica:Away:18,complete_ten_defenders_unavailable
2,1910.04,metrica:Away:19,complete_ten_defenders_unavailable
2,1910.04,metrica:Away:20,complete_ten_defenders_unavailable
2,1910.04,metrica:Away:21,complete_ten_defenders_unavailable
2,1910.04,metrica:Away:22,attacker_complete_support_unavailable
2,1910.04,metrica:Away:23,complete_ten_defenders_unavailable
2,1910.04,metrica:Away:24,complete_ten_defenders_unavailable
2,1910.04,metrica:Away:26,complete_ten_defenders_unavailable
2,1914.04,metrica:Away:15,attacker_complete_support_unavailable
2,1914.04,metrica:Away:16,complete_ten_defenders_unavailable
2,1914.04,metrica:Away:17,complete_ten_defenders_unavailable
2,1914.04,metrica:Away:18,complete_ten_defenders_unavailable
2,1914.04,metrica:Away:19,complete_ten_defenders_unavailable
2,1914.04,metrica:Away:20,complete_ten_defenders_unavailable
2,1914.04,metrica:Away:21,complete_ten_defenders_unavailable
2,1914.04,metrica:Away:22,attacker_complete_support_unavailable
2,1914.04,metrica:Away:23,complete_ten_defenders_unavailable
2,1914.04,metrica:Away:24,complete_ten_defenders_unavailable
2,1914.04,metrica:Away:26,complete_ten_defenders_unavailable
2,1918.04,metrica:Away:15,attacker_complete_support_unavailable
2,1918.04,metrica:Away:16,complete_ten_defenders_unavailable
2,1918.04,metrica:Away:17,complete_ten_defenders_unavailable
2,1918.04,metrica:Away:18,complete_ten_defenders_unavailable
2,1918.04,metrica:Away:19,complete_ten_defenders_unavailable
2,1918.04,metrica:Away:20,complete_ten_defenders_unavailable
2,1918.04,metrica:Away:21,complete_ten_defenders_unavailable
2,1918.04,metrica:Away:22,attacker_complete_support_unavailable
2,1918.04,metrica:Away:23,complete_ten_defenders_unavailable
2,1918.04,metrica:Away:24,complete_ten_defenders_unavailable
2,1918.04,metrica:Away:26,complete_ten_defenders_unavailable
2,1922.04,metrica:Away:15,attacker_complete_support_unavailable
2,1922.04,metrica:Away:16,complete_ten_defenders_unavailable
2,1922.04,metrica:Away:17,complete_ten_defenders_unavailable
2,1922.04,metrica:Away:18,complete_ten_defenders_unavailable
2,1922.04,metrica:Away:19,complete_ten_defenders_unavailable
2,1922.04,metrica:Away:20,complete_ten_defenders_unavailable
2,1922.04,metrica:Away:21,complete_ten_defenders_unavailable
2,1922.04,metrica:Away:22,attacker_complete_support_unavailable
2,1922.04,metrica:Away:23,complete_ten_defenders_unavailable
2,1922.04,metrica:Away:24,complete_ten_defenders_unavailable
2,1922.04,metrica:Away:26,complete_ten_defenders_unavailable
2,1926.04,metrica:Away:15,attacker_complete_support_unavailable
2,1926.04,metrica:Away:16,complete_ten_defenders_unavailable
2,1926.04,metrica:Away:17,complete_ten_defenders_unavailable
2,1926.04,metrica:Away:18,complete_ten_defenders_unavailable
2,1926.04,metrica:Away:19,complete_ten_defenders_unavailable
2,1926.04,metrica:Away:20,complete_ten_defenders_unavailable
2,1926.04,metrica:Away:21,complete_ten_defenders_unavailable
2,1926.04,metrica:Away:22,attacker_complete_support_unavailable
2,1926.04,metrica:Away:23,complete_ten_defenders_unavailable
2,1926.04,metrica:Away:24,complete_ten_defenders_unavailable
2,1926.04,metrica:Away:26,complete_ten_defenders_unavailable
2,1930.04,metrica:Away:15,attacker_complete_support_unavailable
2,1930.04,metrica:Away:16,complete_ten_defenders_unavailable
2,1930.04,metrica:Away:17,complete_ten_defenders_unavailable
2,1930.04,metrica:Away:18,complete_ten_defenders_unavailable
2,1930.04,metrica:Away:19,complete_ten_defenders_unavailable
2,1930.04,metrica:Away:20,complete_ten_defenders_unavailable
2,1930.04,metrica:Away:21,complete_ten_defenders_unavailable
2,1930.04,metrica:Away:22,attacker_complete_support_unavailable
2,1930.04,metrica:Away:23,complete_ten_defenders_unavailable
2,1930.04,metrica:Away:24,complete_ten_defenders_unavailable
2,1930.04,metrica:Away:26,complete_ten_defenders_unavailable
2,1934.04,metrica:Away:15,attacker_complete_support_unavailable
2,1934.04,metrica:Away:16,complete_ten_defenders_unavailable
2,1934.04,metrica:Away:17,complete_ten_defenders_unavailable
2,1934.04,metrica:Away:18,complete_ten_defenders_unavailable
2,1934.04,metrica:Away:19,complete_ten_defenders_unavailable
2,1934.04,metrica:Away:20,complete_ten_defenders_unavailable
2,1934.04,metrica:Away:21,complete_ten_defenders_unavailable
2,1934.04,metrica:Away:22,attacker_complete_support_unavailable
2,1934.04,metrica:Away:23,complete_ten_defenders_unavailable
2,1934.04,metrica:Away:24,complete_ten_defenders_unavailable
2,1934.04,metrica:Away:26,complete_ten_defenders_unavailable
2,1938.04,metrica:Away:15,attacker_complete_support_unavailable
2,1938.04,metrica:Away:16,complete_ten_defenders_unavailable
2,1938.04,metrica:Away:17,complete_ten_defenders_unavailable
2,1938.04,metrica:Away:18,complete_ten_defenders_unavailable
2,1938.04,metrica:Away:19,complete_ten_defenders_unavailable
2,1938.04,metrica:Away:20,complete_ten_defenders_unavailable
2,1938.04,metrica:Away:21,complete_ten_defenders_unavailable
2,1938.04,metrica:Away:22,attacker_complete_support_unavailable
2,1938.04,metrica:Away:23,complete_ten_defenders_unavailable
2,1938.04,metrica:Away:24,complete_ten_defenders_unavailable
2,1938.04,metrica:Away:26,complete_ten_defenders_unavailable
2,1942.04,metrica:Away:15,attacker_complete_support_unavailable
2,1942.04,metrica:Away:16,complete_ten_defenders_unavailable
2,1942.04,metrica:Away:17,complete_ten_defenders_unavailable
2,1942.04,metrica:Away:18,complete_ten_defenders_unavailable
2,1942.04,metrica:Away:19,complete_ten_defenders_unavailable
2,1942.04,metrica:Away:20,complete_ten_defenders_unavailable
2,1942.04,metrica:Away:21,complete_ten_defenders_unavailable
2,1942.04,metrica:Away:22,attacker_complete_support_unavailable
2,1942.04,metrica:Away:23,complete_ten_defenders_unavailable
2,1942.04,metrica:Away:24,complete_ten_defenders_unavailable
2,1942.04,metrica:Away:26,complete_ten_defenders_unavailable
2,1946.04,metrica:Away:15,attacker_complete_support_unavailable
2,1946.04,metrica:Away:16,complete_ten_defenders_unavailable
2,1946.04,metrica:Away:17,complete_ten_defenders_unavailable
2,1946.04,metrica:Away:18,complete_ten_defenders_unavailable
2,1946.04,metrica:Away:19,complete_ten_defenders_unavailable
2,1946.04,metrica:Away:20,complete_ten_defenders_unavailable
2,1946.04,metrica:Away:21,complete_ten_defenders_unavailable
2,1946.04,metrica:Away:22,attacker_complete_support_unavailable
2,1946.04,metrica:Away:23,complete_ten_defenders_unavailable
2,1946.04,metrica:Away:24,complete_ten_defenders_unavailable
2,1946.04,metrica:Away:26,attacker_complete_support_unavailable
2,1950.04,metrica:Away:15,restart_or_ball_out_span
2,1950.04,metrica:Away:16,restart_or_ball_out_span
2,1950.04,metrica:Away:17,restart_or_ball_out_span
2,1950.04,metrica:Away:18,restart_or_ball_out_span
2,1950.04,metrica:Away:19,restart_or_ball_out_span
2,1950.04,metrica:Away:20,restart_or_ball_out_span
2,1950.04,metrica:Away:21,restart_or_ball_out_span
2,1950.04,metrica:Away:22,restart_or_ball_out_span
2,1950.04,metrica:Away:23,restart_or_ball_out_span
2,1950.04,metrica:Away:24,restart_or_ball_out_span
2,1950.04,metrica:Away:26,restart_or_ball_out_span
2,1954.04,metrica:Home:1,complete_ten_defenders_unavailable
2,1954.04,metrica:Home:10,complete_ten_defenders_unavailable
2,1954.04,metrica:Home:12,attacker_complete_support_unavailable
2,1954.04,metrica:Home:13,complete_ten_defenders_unavailable
2,1954.04,metrica:Home:14,attacker_complete_support_unavailable
2,1954.04,metrica:Home:2,attacker_complete_support_unavailable
2,1954.04,metrica:Home:3,complete_ten_defenders_unavailable
2,1954.04,metrica:Home:4,attacker_complete_support_unavailable
2,1954.04,metrica:Home:5,attacker_complete_support_unavailable
2,1954.04,metrica:Home:6,complete_ten_defenders_unavailable
2,1954.04,metrica:Home:7,attacker_complete_support_unavailable
2,1954.04,metrica:Home:8,attacker_complete_support_unavailable
2,1954.04,metrica:Home:9,complete_ten_defenders_unavailable
2,1958.04,metrica:Home:1,complete_ten_defenders_unavailable
2,1958.04,metrica:Home:10,complete_ten_defenders_unavailable
2,1958.04,metrica:Home:12,attacker_complete_support_unavailable
2,1958.04,metrica:Home:13,complete_ten_defenders_unavailable
2,1958.04,metrica:Home:14,attacker_complete_support_unavailable
2,1958.04,metrica:Home:2,attacker_complete_support_unavailable
2,1958.04,metrica:Home:3,complete_ten_defenders_unavailable
2,1958.04,metrica:Home:4,attacker_complete_support_unavailable
2,1958.04,metrica:Home:5,attacker_complete_support_unavailable
2,1958.04,metrica:Home:6,complete_ten_defenders_unavailable
2,1958.04,metrica:Home:7,attacker_complete_support_unavailable
2,1958.04,metrica:Home:8,attacker_complete_support_unavailable
2,1958.04,metrica:Home:9,complete_ten_defenders_unavailable
2,1962.04,metrica:Home:1,complete_ten_defenders_unavailable
2,1962.04,metrica:Home:10,complete_ten_defenders_unavailable
2,1962.04,metrica:Home:12,attacker_complete_support_unavailable
2,1962.04,metrica:Home:13,complete_ten_defenders_unavailable
2,1962.04,metrica:Home:14,attacker_complete_support_unavailable
2,1962.04,metrica:Home:2,attacker_complete_support_unavailable
2,1962.04,metrica:Home:3,complete_ten_defenders_unavailable
2,1962.04,metrica:Home:4,attacker_complete_support_unavailable
2,1962.04,metrica:Home:5,attacker_complete_support_unavailable
2,1962.04,metrica:Home:6,complete_ten_defenders_unavailable
2,1962.04,metrica:Home:7,attacker_complete_support_unavailable
2,1962.04,metrica:Home:8,attacker_complete_support_unavailable
2,1962.04,metrica:Home:9,complete_ten_defenders_unavailable
2,1966.04,metrica:Home:1,complete_ten_defenders_unavailable
2,1966.04,metrica:Home:10,complete_ten_defenders_unavailable
2,1966.04,metrica:Home:12,attacker_complete_support_unavailable
2,1966.04,metrica:Home:13,complete_ten_defenders_unavailable
2,1966.04,metrica:Home:14,attacker_complete_support_unavailable
2,1966.04,metrica:Home:2,attacker_complete_support_unavailable
2,1966.04,metrica:Home:3,complete_ten_defenders_unavailable
2,1966.04,metrica:Home:4,attacker_complete_support_unavailable
2,1966.04,metrica:Home:5,attacker_complete_support_unavailable
2,1966.04,metrica:Home:6,complete_ten_defenders_unavailable
2,1966.04,metrica:Home:7,attacker_complete_support_unavailable
2,1966.04,metrica:Home:8,attacker_complete_support_unavailable
2,1966.04,metrica:Home:9,complete_ten_defenders_unavailable
2,1970.04,metrica:Home:1,complete_ten_defenders_unavailable
2,1970.04,metrica:Home:10,complete_ten_defenders_unavailable
2,1970.04,metrica:Home:12,attacker_complete_support_unavailable
2,1970.04,metrica:Home:13,complete_ten_defenders_unavailable
2,1970.04,metrica:Home:14,attacker_complete_support_unavailable
2,1970.04,metrica:Home:2,attacker_complete_support_unavailable
2,1970.04,metrica:Home:3,complete_ten_defenders_unavailable
2,1970.04,metrica:Home:4,attacker_complete_support_unavailable
2,1970.04,metrica:Home:5,attacker_complete_support_unavailable
2,1970.04,metrica:Home:6,complete_ten_defenders_unavailable
2,1970.04,metrica:Home:7,attacker_complete_support_unavailable
2,1970.04,metrica:Home:8,attacker_complete_support_unavailable
2,1970.04,metrica:Home:9,complete_ten_defenders_unavailable
2,1974.04,metrica:Home:1,complete_ten_defenders_unavailable
2,1974.04,metrica:Home:10,complete_ten_defenders_unavailable
2,1974.04,metrica:Home:12,attacker_complete_support_unavailable
2,1974.04,metrica:Home:13,complete_ten_defenders_unavailable
2,1974.04,metrica:Home:14,attacker_complete_support_unavailable
2,1974.04,metrica:Home:2,attacker_complete_support_unavailable
2,1974.04,metrica:Home:3,complete_ten_defenders_unavailable
2,1974.04,metrica:Home:4,attacker_complete_support_unavailable
2,1974.04,metrica:Home:5,attacker_complete_support_unavailable
2,1974.04,metrica:Home:6,complete_ten_defenders_unavailable
2,1974.04,metrica:Home:7,attacker_complete_support_unavailable
2,1974.04,metrica:Home:8,attacker_complete_support_unavailable
2,1974.04,metrica:Home:9,complete_ten_defenders_unavailable
2,1978.04,metrica:Home:1,complete_ten_defenders_unavailable
2,1978.04,metrica:Home:10,complete_ten_defenders_unavailable
2,1978.04,metrica:Home:12,attacker_complete_support_unavailable
2,1978.04,metrica:Home:13,complete_ten_defenders_unavailable
2,1978.04,metrica:Home:14,attacker_complete_support_unavailable
2,1978.04,metrica:Home:2,attacker_complete_support_unavailable
2,1978.04,metrica:Home:3,complete_ten_defenders_unavailable
2,1978.04,metrica:Home:4,attacker_complete_support_unavailable
2,1978.04,metrica:Home:5,attacker_complete_support_unavailable
2,1978.04,metrica:Home:6,complete_ten_defenders_unavailable
2,1978.04,metrica:Home:7,attacker_complete_support_unavailable
2,1978.04,metrica:Home:8,attacker_complete_support_unavailable
2,1978.04,metrica:Home:9,complete_ten_defenders_unavailable
2,1982.04,metrica:Home:1,complete_ten_defenders_unavailable
2,1982.04,metrica:Home:10,complete_ten_defenders_unavailable
2,1982.04,metrica:Home:12,attacker_complete_support_unavailable
2,1982.04,metrica:Home:13,complete_ten_defenders_unavailable
2,1982.04,metrica:Home:14,attacker_complete_support_unavailable
2,1982.04,metrica:Home:2,attacker_complete_support_unavailable
2,1982.04,metrica:Home:3,complete_ten_defenders_unavailable
2,1982.04,metrica:Home:4,attacker_complete_support_unavailable
2,1982.04,metrica:Home:5,attacker_complete_support_unavailable
2,1982.04,metrica:Home:6,complete_ten_defenders_unavailable
2,1982.04,metrica:Home:7,attacker_complete_support_unavailable
2,1982.04,metrica:Home:8,attacker_complete_support_unavailable
2,1982.04,metrica:Home:9,complete_ten_defenders_unavailable
2,1986.04,metrica:Home:1,complete_ten_defenders_unavailable
2,1986.04,metrica:Home:10,complete_ten_defenders_unavailable
2,1986.04,metrica:Home:12,attacker_complete_support_unavailable
2,1986.04,metrica:Home:13,complete_ten_defenders_unavailable
2,1986.04,metrica:Home:14,attacker_complete_support_unavailable
2,1986.04,metrica:Home:2,attacker_complete_support_unavailable
2,1986.04,metrica:Home:3,complete_ten_defenders_unavailable
2,1986.04,metrica:Home:4,attacker_complete_support_unavailable
2,1986.04,metrica:Home:5,attacker_complete_support_unavailable
2,1986.04,metrica:Home:6,complete_ten_defenders_unavailable
2,1986.04,metrica:Home:7,attacker_complete_support_unavailable
2,1986.04,metrica:Home:8,attacker_complete_support_unavailable
2,1986.04,metrica:Home:9,complete_ten_defenders_unavailable
2,1990.04,metrica:Home:1,complete_ten_defenders_unavailable
2,1990.04,metrica:Home:10,complete_ten_defenders_unavailable
2,1990.04,metrica:Home:12,attacker_complete_support_unavailable
2,1990.04,metrica:Home:13,complete_ten_defenders_unavailable
2,1990.04,metrica:Home:14,attacker_complete_support_unavailable
2,1990.04,metrica:Home:2,attacker_complete_support_unavailable
2,1990.04,metrica:Home:3,complete_ten_defenders_unavailable
2,1990.04,metrica:Home:4,attacker_complete_support_unavailable
2,1990.04,metrica:Home:5,attacker_complete_support_unavailable
2,1990.04,metrica:Home:6,complete_ten_defenders_unavailable
2,1990.04,metrica:Home:7,attacker_complete_support_unavailable
2,1990.04,metrica:Home:8,attacker_complete_support_unavailable
2,1990.04,metrica:Home:9,complete_ten_defenders_unavailable
2,1994.04,metrica:Home:1,complete_ten_defenders_unavailable
2,1994.04,metrica:Home:10,complete_ten_defenders_unavailable
2,1994.04,metrica:Home:12,attacker_complete_support_unavailable
2,1994.04,metrica:Home:13,complete_ten_defenders_unavailable
2,1994.04,metrica:Home:14,attacker_complete_support_unavailable
2,1994.04,metrica:Home:2,attacker_complete_support_unavailable
2,1994.04,metrica:Home:3,complete_ten_defenders_unavailable
2,1994.04,metrica:Home:4,attacker_complete_support_unavailable
2,1994.04,metrica:Home:5,attacker_complete_support_unavailable
2,1994.04,metrica:Home:6,complete_ten_defenders_unavailable
2,1994.04,metrica:Home:7,attacker_complete_support_unavailable
2,1994.04,metrica:Home:8,attacker_complete_support_unavailable
2,1994.04,metrica:Home:9,complete_ten_defenders_unavailable
2,1998.04,metrica:Home:1,complete_ten_defenders_unavailable
2,1998.04,metrica:Home:10,complete_ten_defenders_unavailable
2,1998.04,metrica:Home:12,attacker_complete_support_unavailable
2,1998.04,metrica:Home:13,complete_ten_defenders_unavailable
2,1998.04,metrica:Home:14,attacker_complete_support_unavailable
2,1998.04,metrica:Home:2,attacker_complete_support_unavailable
2,1998.04,metrica:Home:3,complete_ten_defenders_unavailable
2,1998.04,metrica:Home:4,attacker_complete_support_unavailable
2,1998.04,metrica:Home:5,attacker_complete_support_unavailable
2,1998.04,metrica:Home:6,complete_ten_defenders_unavailable
2,1998.04,metrica:Home:7,attacker_complete_support_unavailable
2,1998.04,metrica:Home:8,attacker_complete_support_unavailable
2,1998.04,metrica:Home:9,complete_ten_defenders_unavailable
2,2002.04,metrica:Home:1,complete_ten_defenders_unavailable
2,2002.04,metrica:Home:10,complete_ten_defenders_unavailable
2,2002.04,metrica:Home:12,attacker_complete_support_unavailable
2,2002.04,metrica:Home:13,complete_ten_defenders_unavailable
2,2002.04,metrica:Home:14,attacker_complete_support_unavailable
2,2002.04,metrica:Home:2,attacker_complete_support_unavailable
2,2002.04,metrica:Home:3,complete_ten_defenders_unavailable
2,2002.04,metrica:Home:4,attacker_complete_support_unavailable
2,2002.04,metrica:Home:5,attacker_complete_support_unavailable
2,2002.04,metrica:Home:6,complete_ten_defenders_unavailable
2,2002.04,metrica:Home:7,attacker_complete_support_unavailable
2,2002.04,metrica:Home:8,attacker_complete_support_unavailable
2,2002.04,metrica:Home:9,complete_ten_defenders_unavailable
2,2006.04,metrica:Away:15,restart_or_ball_out_span
2,2006.04,metrica:Away:16,restart_or_ball_out_span
2,2006.04,metrica:Away:17,restart_or_ball_out_span
2,2006.04,metrica:Away:18,restart_or_ball_out_span
2,2006.04,metrica:Away:19,restart_or_ball_out_span
2,2006.04,metrica:Away:20,restart_or_ball_out_span
2,2006.04,metrica:Away:21,restart_or_ball_out_span
2,2006.04,metrica:Away:22,restart_or_ball_out_span
2,2006.04,metrica:Away:23,restart_or_ball_out_span
2,2006.04,metrica:Away:24,restart_or_ball_out_span
2,2006.04,metrica:Away:26,restart_or_ball_out_span
2,2010.04,metrica:Home:1,complete_ten_defenders_unavailable
2,2010.04,metrica:Home:10,complete_ten_defenders_unavailable
2,2010.04,metrica:Home:12,attacker_complete_support_unavailable
2,2010.04,metrica:Home:13,complete_ten_defenders_unavailable
2,2010.04,metrica:Home:14,attacker_complete_support_unavailable
2,2010.04,metrica:Home:2,attacker_complete_support_unavailable
2,2010.04,metrica:Home:3,complete_ten_defenders_unavailable
2,2010.04,metrica:Home:4,attacker_complete_support_unavailable
2,2010.04,metrica:Home:5,attacker_complete_support_unavailable
2,2010.04,metrica:Home:6,complete_ten_defenders_unavailable
2,2010.04,metrica:Home:7,attacker_complete_support_unavailable
2,2010.04,metrica:Home:8,attacker_complete_support_unavailable
2,2010.04,metrica:Home:9,complete_ten_defenders_unavailable
2,2014.04,metrica:Home:1,complete_ten_defenders_unavailable
2,2014.04,metrica:Home:10,complete_ten_defenders_unavailable
2,2014.04,metrica:Home:12,attacker_complete_support_unavailable
2,2014.04,metrica:Home:13,complete_ten_defenders_unavailable
2,2014.04,metrica:Home:14,attacker_complete_support_unavailable
2,2014.04,metrica:Home:2,attacker_complete_support_unavailable
2,2014.04,metrica:Home:3,complete_ten_defenders_unavailable
2,2014.04,metrica:Home:4,attacker_complete_support_unavailable
2,2014.04,metrica:Home:5,attacker_complete_support_unavailable
2,2014.04,metrica:Home:6,complete_ten_defenders_unavailable
2,2014.04,metrica:Home:7,attacker_complete_support_unavailable
2,2014.04,metrica:Home:8,attacker_complete_support_unavailable
2,2014.04,metrica:Home:9,complete_ten_defenders_unavailable
2,2018.04,metrica:Away:15,attacker_complete_support_unavailable
2,2018.04,metrica:Away:16,complete_ten_defenders_unavailable
2,2018.04,metrica:Away:17,complete_ten_defenders_unavailable
2,2018.04,metrica:Away:18,complete_ten_defenders_unavailable
2,2018.04,metrica:Away:19,complete_ten_defenders_unavailable
2,2018.04,metrica:Away:20,complete_ten_defenders_unavailable
2,2018.04,metrica:Away:21,complete_ten_defenders_unavailable
2,2018.04,metrica:Away:22,attacker_complete_support_unavailable
2,2018.04,metrica:Away:23,complete_ten_defenders_unavailable
2,2018.04,metrica:Away:24,complete_ten_defenders_unavailable
2,2018.04,metrica:Away:26,complete_ten_defenders_unavailable
2,2022.04,metrica:Away:15,attacker_complete_support_unavailable
2,2022.04,metrica:Away:16,complete_ten_defenders_unavailable
2,2022.04,metrica:Away:17,complete_ten_defenders_unavailable
2,2022.04,metrica:Away:18,complete_ten_defenders_unavailable
2,2022.04,metrica:Away:19,complete_ten_defenders_unavailable
2,2022.04,metrica:Away:20,complete_ten_defenders_unavailable
2,2022.04,metrica:Away:21,complete_ten_defenders_unavailable
2,2022.04,metrica:Away:22,attacker_complete_support_unavailable
2,2022.04,metrica:Away:23,complete_ten_defenders_unavailable
2,2022.04,metrica:Away:24,complete_ten_defenders_unavailable
2,2022.04,metrica:Away:26,complete_ten_defenders_unavailable
2,2026.04,metrica:Home:1,restart_or_ball_out_span
2,2026.04,metrica:Home:10,restart_or_ball_out_span
2,2026.04,metrica:Home:12,restart_or_ball_out_span
2,2026.04,metrica:Home:13,restart_or_ball_out_span
2,2026.04,metrica:Home:14,restart_or_ball_out_span
2,2026.04,metrica:Home:2,restart_or_ball_out_span
2,2026.04,metrica:Home:3,restart_or_ball_out_span
2,2026.04,metrica:Home:4,restart_or_ball_out_span
2,2026.04,metrica:Home:5,restart_or_ball_out_span
2,2026.04,metrica:Home:6,restart_or_ball_out_span
2,2026.04,metrica:Home:7,restart_or_ball_out_span
2,2026.04,metrica:Home:8,restart_or_ball_out_span
2,2026.04,metrica:Home:9,restart_or_ball_out_span
2,2030.04,metrica:Home:1,complete_ten_defenders_unavailable
2,2030.04,metrica:Home:10,complete_ten_defenders_unavailable
2,2030.04,metrica:Home:12,attacker_complete_support_unavailable
2,2030.04,metrica:Home:13,complete_ten_defenders_unavailable
2,2030.04,metrica:Home:14,attacker_complete_support_unavailable
2,2030.04,metrica:Home:2,attacker_complete_support_unavailable
2,2030.04,metrica:Home:3,complete_ten_defenders_unavailable
2,2030.04,metrica:Home:4,attacker_complete_support_unavailable
2,2030.04,metrica:Home:5,attacker_complete_support_unavailable
2,2030.04,metrica:Home:6,complete_ten_defenders_unavailable
2,2030.04,metrica:Home:7,attacker_complete_support_unavailable
2,2030.04,metrica:Home:8,attacker_complete_support_unavailable
2,2030.04,metrica:Home:9,complete_ten_defenders_unavailable
2,2034.04,metrica:Home:1,complete_ten_defenders_unavailable
2,2034.04,metrica:Home:10,complete_ten_defenders_unavailable
2,2034.04,metrica:Home:12,attacker_complete_support_unavailable
2,2034.04,metrica:Home:13,complete_ten_defenders_unavailable
2,2034.04,metrica:Home:14,attacker_complete_support_unavailable
2,2034.04,metrica:Home:2,attacker_complete_support_unavailable
2,2034.04,metrica:Home:3,complete_ten_defenders_unavailable
2,2034.04,metrica:Home:4,attacker_complete_support_unavailable
2,2034.04,metrica:Home:5,attacker_complete_support_unavailable
2,2034.04,metrica:Home:6,complete_ten_defenders_unavailable
2,2034.04,metrica:Home:7,attacker_complete_support_unavailable
2,2034.04,metrica:Home:8,attacker_complete_support_unavailable
2,2034.04,metrica:Home:9,complete_ten_defenders_unavailable
2,2038.04,metrica:Home:1,complete_ten_defenders_unavailable
2,2038.04,metrica:Home:10,complete_ten_defenders_unavailable
2,2038.04,metrica:Home:12,attacker_complete_support_unavailable
2,2038.04,metrica:Home:13,complete_ten_defenders_unavailable
2,2038.04,metrica:Home:14,attacker_complete_support_unavailable
2,2038.04,metrica:Home:2,attacker_complete_support_unavailable
2,2038.04,metrica:Home:3,complete_ten_defenders_unavailable
2,2038.04,metrica:Home:4,attacker_complete_support_unavailable
2,2038.04,metrica:Home:5,attacker_complete_support_unavailable
2,2038.04,metrica:Home:6,complete_ten_defenders_unavailable
2,2038.04,metrica:Home:7,attacker_complete_support_unavailable
2,2038.04,metrica:Home:8,attacker_complete_support_unavailable
2,2038.04,metrica:Home:9,complete_ten_defenders_unavailable
2,2042.04,metrica:Home:1,complete_ten_defenders_unavailable
2,2042.04,metrica:Home:10,complete_ten_defenders_unavailable
2,2042.04,metrica:Home:12,attacker_complete_support_unavailable
2,2042.04,metrica:Home:13,complete_ten_defenders_unavailable
2,2042.04,metrica:Home:14,attacker_complete_support_unavailable
2,2042.04,metrica:Home:2,attacker_complete_support_unavailable
2,2042.04,metrica:Home:3,complete_ten_defenders_unavailable
2,2042.04,metrica:Home:4,attacker_complete_support_unavailable
2,2042.04,metrica:Home:5,attacker_complete_support_unavailable
2,2042.04,metrica:Home:6,complete_ten_defenders_unavailable
2,2042.04,metrica:Home:7,attacker_complete_support_unavailable
2,2042.04,metrica:Home:8,attacker_complete_support_unavailable
2,2042.04,metrica:Home:9,complete_ten_defenders_unavailable
2,2046.04,metrica:Home:1,complete_ten_defenders_unavailable
2,2046.04,metrica:Home:10,complete_ten_defenders_unavailable
2,2046.04,metrica:Home:12,attacker_complete_support_unavailable
2,2046.04,metrica:Home:13,complete_ten_defenders_unavailable
2,2046.04,metrica:Home:14,attacker_complete_support_unavailable
2,2046.04,metrica:Home:2,attacker_complete_support_unavailable
2,2046.04,metrica:Home:3,complete_ten_defenders_unavailable
2,2046.04,metrica:Home:4,attacker_complete_support_unavailable
2,2046.04,metrica:Home:5,attacker_complete_support_unavailable
2,2046.04,metrica:Home:6,complete_ten_defenders_unavailable
2,2046.04,metrica:Home:7,attacker_complete_support_unavailable
2,2046.04,metrica:Home:8,attacker_complete_support_unavailable
2,2046.04,metrica:Home:9,complete_ten_defenders_unavailable
2,2050.04,metrica:Home:1,restart_or_ball_out_span
2,2050.04,metrica:Home:10,restart_or_ball_out_span
2,2050.04,metrica:Home:12,restart_or_ball_out_span
2,2050.04,metrica:Home:13,restart_or_ball_out_span
2,2050.04,metrica:Home:14,restart_or_ball_out_span
2,2050.04,metrica:Home:2,restart_or_ball_out_span
2,2050.04,metrica:Home:3,restart_or_ball_out_span
2,2050.04,metrica:Home:4,restart_or_ball_out_span
2,2050.04,metrica:Home:5,restart_or_ball_out_span
2,2050.04,metrica:Home:6,restart_or_ball_out_span
2,2050.04,metrica:Home:7,restart_or_ball_out_span
2,2050.04,metrica:Home:8,restart_or_ball_out_span
2,2050.04,metrica:Home:9,restart_or_ball_out_span
2,2054.04,metrica:Home:1,complete_ten_defenders_unavailable
2,2054.04,metrica:Home:10,complete_ten_defenders_unavailable
2,2054.04,metrica:Home:12,attacker_complete_support_unavailable
2,2054.04,metrica:Home:13,complete_ten_defenders_unavailable
2,2054.04,metrica:Home:14,attacker_complete_support_unavailable
2,2054.04,metrica:Home:2,attacker_complete_support_unavailable
2,2054.04,metrica:Home:3,complete_ten_defenders_unavailable
2,2054.04,metrica:Home:4,attacker_complete_support_unavailable
2,2054.04,metrica:Home:5,attacker_complete_support_unavailable
2,2054.04,metrica:Home:6,complete_ten_defenders_unavailable
2,2054.04,metrica:Home:7,attacker_complete_support_unavailable
2,2054.04,metrica:Home:8,attacker_complete_support_unavailable
2,2054.04,metrica:Home:9,complete_ten_defenders_unavailable
2,2058.04,metrica:Away:15,attacker_complete_support_unavailable
2,2058.04,metrica:Away:16,complete_ten_defenders_unavailable
2,2058.04,metrica:Away:17,complete_ten_defenders_unavailable
2,2058.04,metrica:Away:18,complete_ten_defenders_unavailable
2,2058.04,metrica:Away:19,complete_ten_defenders_unavailable
2,2058.04,metrica:Away:20,complete_ten_defenders_unavailable
2,2058.04,metrica:Away:21,complete_ten_defenders_unavailable
2,2058.04,metrica:Away:22,attacker_complete_support_unavailable
2,2058.04,metrica:Away:23,complete_ten_defenders_unavailable
2,2058.04,metrica:Away:24,complete_ten_defenders_unavailable
2,2058.04,metrica:Away:26,complete_ten_defenders_unavailable
2,2062.04,metrica:Away:15,attacker_complete_support_unavailable
2,2062.04,metrica:Away:16,complete_ten_defenders_unavailable
2,2062.04,metrica:Away:17,complete_ten_defenders_unavailable
2,2062.04,metrica:Away:18,complete_ten_defenders_unavailable
2,2062.04,metrica:Away:19,complete_ten_defenders_unavailable
2,2062.04,metrica:Away:20,complete_ten_defenders_unavailable
2,2062.04,metrica:Away:21,complete_ten_defenders_unavailable
2,2062.04,metrica:Away:22,attacker_complete_support_unavailable
2,2062.04,metrica:Away:23,complete_ten_defenders_unavailable
2,2062.04,metrica:Away:24,complete_ten_defenders_unavailable
2,2062.04,metrica:Away:26,complete_ten_defenders_unavailable
2,2066.04,metrica:Away:15,attacker_complete_support_unavailable
2,2066.04,metrica:Away:16,complete_ten_defenders_unavailable
2,2066.04,metrica:Away:17,complete_ten_defenders_unavailable
2,2066.04,metrica:Away:18,complete_ten_defenders_unavailable
2,2066.04,metrica:Away:19,complete_ten_defenders_unavailable
2,2066.04,metrica:Away:20,complete_ten_defenders_unavailable
2,2066.04,metrica:Away:21,complete_ten_defenders_unavailable
2,2066.04,metrica:Away:22,attacker_complete_support_unavailable
2,2066.04,metrica:Away:23,complete_ten_defenders_unavailable
2,2066.04,metrica:Away:24,complete_ten_defenders_unavailable
2,2066.04,metrica:Away:26,complete_ten_defenders_unavailable
2,2070.04,metrica:Away:15,attacker_complete_support_unavailable
2,2070.04,metrica:Away:16,complete_ten_defenders_unavailable
2,2070.04,metrica:Away:17,complete_ten_defenders_unavailable
2,2070.04,metrica:Away:18,complete_ten_defenders_unavailable
2,2070.04,metrica:Away:19,complete_ten_defenders_unavailable
2,2070.04,metrica:Away:20,complete_ten_defenders_unavailable
2,2070.04,metrica:Away:21,complete_ten_defenders_unavailable
2,2070.04,metrica:Away:22,attacker_complete_support_unavailable
2,2070.04,metrica:Away:23,complete_ten_defenders_unavailable
2,2070.04,metrica:Away:24,complete_ten_defenders_unavailable
2,2070.04,metrica:Away:26,complete_ten_defenders_unavailable
2,2074.04,metrica:Away:15,attacker_complete_support_unavailable
2,2074.04,metrica:Away:16,complete_ten_defenders_unavailable
2,2074.04,metrica:Away:17,complete_ten_defenders_unavailable
2,2074.04,metrica:Away:18,complete_ten_defenders_unavailable
2,2074.04,metrica:Away:19,complete_ten_defenders_unavailable
2,2074.04,metrica:Away:20,complete_ten_defenders_unavailable
2,2074.04,metrica:Away:21,complete_ten_defenders_unavailable
2,2074.04,metrica:Away:22,attacker_complete_support_unavailable
2,2074.04,metrica:Away:23,complete_ten_defenders_unavailable
2,2074.04,metrica:Away:24,complete_ten_defenders_unavailable
2,2074.04,metrica:Away:26,complete_ten_defenders_unavailable
2,2078.04,metrica:Away:15,attacker_complete_support_unavailable
2,2078.04,metrica:Away:16,complete_ten_defenders_unavailable
2,2078.04,metrica:Away:17,complete_ten_defenders_unavailable
2,2078.04,metrica:Away:18,complete_ten_defenders_unavailable
2,2078.04,metrica:Away:19,complete_ten_defenders_unavailable
2,2078.04,metrica:Away:20,complete_ten_defenders_unavailable
2,2078.04,metrica:Away:21,complete_ten_defenders_unavailable
2,2078.04,metrica:Away:22,attacker_complete_support_unavailable
2,2078.04,metrica:Away:23,complete_ten_defenders_unavailable
2,2078.04,metrica:Away:24,complete_ten_defenders_unavailable
2,2078.04,metrica:Away:26,complete_ten_defenders_unavailable
2,2082.04,metrica:Away:15,attacker_complete_support_unavailable
2,2082.04,metrica:Away:16,complete_ten_defenders_unavailable
2,2082.04,metrica:Away:17,complete_ten_defenders_unavailable
2,2082.04,metrica:Away:18,complete_ten_defenders_unavailable
2,2082.04,metrica:Away:19,complete_ten_defenders_unavailable
2,2082.04,metrica:Away:20,complete_ten_defenders_unavailable
2,2082.04,metrica:Away:21,complete_ten_defenders_unavailable
2,2082.04,metrica:Away:22,attacker_complete_support_unavailable
2,2082.04,metrica:Away:23,complete_ten_defenders_unavailable
2,2082.04,metrica:Away:24,complete_ten_defenders_unavailable
2,2082.04,metrica:Away:26,complete_ten_defenders_unavailable
2,2086.04,metrica:Away:15,attacker_complete_support_unavailable
2,2086.04,metrica:Away:16,complete_ten_defenders_unavailable
2,2086.04,metrica:Away:17,complete_ten_defenders_unavailable
2,2086.04,metrica:Away:18,complete_ten_defenders_unavailable
2,2086.04,metrica:Away:19,complete_ten_defenders_unavailable
2,2086.04,metrica:Away:20,complete_ten_defenders_unavailable
2,2086.04,metrica:Away:21,complete_ten_defenders_unavailable
2,2086.04,metrica:Away:22,attacker_complete_support_unavailable
2,2086.04,metrica:Away:23,complete_ten_defenders_unavailable
2,2086.04,metrica:Away:24,complete_ten_defenders_unavailable
2,2086.04,metrica:Away:26,complete_ten_defenders_unavailable
2,2090.04,metrica:Away:15,attacker_complete_support_unavailable
2,2090.04,metrica:Away:16,complete_ten_defenders_unavailable
2,2090.04,metrica:Away:17,complete_ten_defenders_unavailable
2,2090.04,metrica:Away:18,complete_ten_defenders_unavailable
2,2090.04,metrica:Away:19,complete_ten_defenders_unavailable
2,2090.04,metrica:Away:20,complete_ten_defenders_unavailable
2,2090.04,metrica:Away:21,complete_ten_defenders_unavailable
2,2090.04,metrica:Away:22,attacker_complete_support_unavailable
2,2090.04,metrica:Away:23,complete_ten_defenders_unavailable
2,2090.04,metrica:Away:24,complete_ten_defenders_unavailable
2,2090.04,metrica:Away:26,complete_ten_defenders_unavailable
2,2094.04,metrica:Away:15,restart_or_ball_out_span
2,2094.04,metrica:Away:16,restart_or_ball_out_span
2,2094.04,metrica:Away:17,restart_or_ball_out_span
2,2094.04,metrica:Away:18,restart_or_ball_out_span
2,2094.04,metrica:Away:19,restart_or_ball_out_span
2,2094.04,metrica:Away:20,restart_or_ball_out_span
2,2094.04,metrica:Away:21,restart_or_ball_out_span
2,2094.04,metrica:Away:22,restart_or_ball_out_span
2,2094.04,metrica:Away:23,restart_or_ball_out_span
2,2094.04,metrica:Away:24,restart_or_ball_out_span
2,2094.04,metrica:Away:26,restart_or_ball_out_span
2,2098.04,metrica:Away:15,attacker_complete_support_unavailable
2,2098.04,metrica:Away:16,complete_ten_defenders_unavailable
2,2098.04,metrica:Away:17,complete_ten_defenders_unavailable
2,2098.04,metrica:Away:18,complete_ten_defenders_unavailable
2,2098.04,metrica:Away:19,complete_ten_defenders_unavailable
2,2098.04,metrica:Away:20,complete_ten_defenders_unavailable
2,2098.04,metrica:Away:21,complete_ten_defenders_unavailable
2,2098.04,metrica:Away:22,attacker_complete_support_unavailable
2,2098.04,metrica:Away:23,complete_ten_defenders_unavailable
2,2098.04,metrica:Away:24,complete_ten_defenders_unavailable
2,2098.04,metrica:Away:26,complete_ten_defenders_unavailable
2,2102.04,metrica:Home:1,complete_ten_defenders_unavailable
2,2102.04,metrica:Home:10,complete_ten_defenders_unavailable
2,2102.04,metrica:Home:12,attacker_complete_support_unavailable
2,2102.04,metrica:Home:13,complete_ten_defenders_unavailable
2,2102.04,metrica:Home:14,attacker_complete_support_unavailable
2,2102.04,metrica:Home:2,complete_ten_defenders_unavailable
2,2102.04,metrica:Home:3,complete_ten_defenders_unavailable
2,2102.04,metrica:Home:4,attacker_complete_support_unavailable
2,2102.04,metrica:Home:5,attacker_complete_support_unavailable
2,2102.04,metrica:Home:6,complete_ten_defenders_unavailable
2,2102.04,metrica:Home:7,attacker_complete_support_unavailable
2,2102.04,metrica:Home:8,attacker_complete_support_unavailable
2,2102.04,metrica:Home:9,complete_ten_defenders_unavailable
2,2106.04,metrica:Home:1,complete_ten_defenders_unavailable
2,2106.04,metrica:Home:10,complete_ten_defenders_unavailable
2,2106.04,metrica:Home:12,attacker_complete_support_unavailable
2,2106.04,metrica:Home:13,complete_ten_defenders_unavailable
2,2106.04,metrica:Home:14,attacker_complete_support_unavailable
2,2106.04,metrica:Home:2,complete_ten_defenders_unavailable
2,2106.04,metrica:Home:3,complete_ten_defenders_unavailable
2,2106.04,metrica:Home:4,attacker_complete_support_unavailable
2,2106.04,metrica:Home:5,attacker_complete_support_unavailable
2,2106.04,metrica:Home:6,complete_ten_defenders_unavailable
2,2106.04,metrica:Home:7,attacker_complete_support_unavailable
2,2106.04,metrica:Home:8,attacker_complete_support_unavailable
2,2106.04,metrica:Home:9,complete_ten_defenders_unavailable
2,2110.04,metrica:Away:15,attacker_complete_support_unavailable
2,2110.04,metrica:Away:16,complete_ten_defenders_unavailable
2,2110.04,metrica:Away:17,complete_ten_defenders_unavailable
2,2110.04,metrica:Away:18,complete_ten_defenders_unavailable
2,2110.04,metrica:Away:19,complete_ten_defenders_unavailable
2,2110.04,metrica:Away:20,complete_ten_defenders_unavailable
2,2110.04,metrica:Away:21,complete_ten_defenders_unavailable
2,2110.04,metrica:Away:22,attacker_complete_support_unavailable
2,2110.04,metrica:Away:23,complete_ten_defenders_unavailable
2,2110.04,metrica:Away:24,complete_ten_defenders_unavailable
2,2110.04,metrica:Away:26,complete_ten_defenders_unavailable
2,2114.04,metrica:Home:1,complete_ten_defenders_unavailable
2,2114.04,metrica:Home:10,complete_ten_defenders_unavailable
2,2114.04,metrica:Home:12,attacker_complete_support_unavailable
2,2114.04,metrica:Home:13,complete_ten_defenders_unavailable
2,2114.04,metrica:Home:14,attacker_complete_support_unavailable
2,2114.04,metrica:Home:2,complete_ten_defenders_unavailable
2,2114.04,metrica:Home:3,complete_ten_defenders_unavailable
2,2114.04,metrica:Home:4,attacker_complete_support_unavailable
2,2114.04,metrica:Home:5,attacker_complete_support_unavailable
2,2114.04,metrica:Home:6,complete_ten_defenders_unavailable
2,2114.04,metrica:Home:7,attacker_complete_support_unavailable
2,2114.04,metrica:Home:8,attacker_complete_support_unavailable
2,2114.04,metrica:Home:9,complete_ten_defenders_unavailable
2,2118.04,metrica:Home:1,complete_ten_defenders_unavailable
2,2118.04,metrica:Home:10,complete_ten_defenders_unavailable
2,2118.04,metrica:Home:12,attacker_complete_support_unavailable
2,2118.04,metrica:Home:13,complete_ten_defenders_unavailable
2,2118.04,metrica:Home:14,attacker_complete_support_unavailable
2,2118.04,metrica:Home:2,complete_ten_defenders_unavailable
2,2118.04,metrica:Home:3,complete_ten_defenders_unavailable
2,2118.04,metrica:Home:4,attacker_complete_support_unavailable
2,2118.04,metrica:Home:5,attacker_complete_support_unavailable
2,2118.04,metrica:Home:6,complete_ten_defenders_unavailable
2,2118.04,metrica:Home:7,attacker_complete_support_unavailable
2,2118.04,metrica:Home:8,attacker_complete_support_unavailable
2,2118.04,metrica:Home:9,complete_ten_defenders_unavailable
2,2122.04,metrica:Home:1,complete_ten_defenders_unavailable
2,2122.04,metrica:Home:10,complete_ten_defenders_unavailable
2,2122.04,metrica:Home:12,attacker_complete_support_unavailable
2,2122.04,metrica:Home:13,complete_ten_defenders_unavailable
2,2122.04,metrica:Home:14,attacker_complete_support_unavailable
2,2122.04,metrica:Home:2,complete_ten_defenders_unavailable
2,2122.04,metrica:Home:3,complete_ten_defenders_unavailable
2,2122.04,metrica:Home:4,attacker_complete_support_unavailable
2,2122.04,metrica:Home:5,attacker_complete_support_unavailable
2,2122.04,metrica:Home:6,complete_ten_defenders_unavailable
2,2122.04,metrica:Home:7,attacker_complete_support_unavailable
2,2122.04,metrica:Home:8,attacker_complete_support_unavailable
2,2122.04,metrica:Home:9,complete_ten_defenders_unavailable
2,2126.04,metrica:Home:1,complete_ten_defenders_unavailable
2,2126.04,metrica:Home:10,complete_ten_defenders_unavailable
2,2126.04,metrica:Home:12,attacker_complete_support_unavailable
2,2126.04,metrica:Home:13,complete_ten_defenders_unavailable
2,2126.04,metrica:Home:14,attacker_complete_support_unavailable
2,2126.04,metrica:Home:2,complete_ten_defenders_unavailable
2,2126.04,metrica:Home:3,complete_ten_defenders_unavailable
2,2126.04,metrica:Home:4,attacker_complete_support_unavailable
2,2126.04,metrica:Home:5,attacker_complete_support_unavailable
2,2126.04,metrica:Home:6,complete_ten_defenders_unavailable
2,2126.04,metrica:Home:7,attacker_complete_support_unavailable
2,2126.04,metrica:Home:8,attacker_complete_support_unavailable
2,2126.04,metrica:Home:9,complete_ten_defenders_unavailable
2,2130.04,metrica:Home:1,attacker_complete_support_unavailable
2,2130.04,metrica:Home:10,complete_ten_defenders_unavailable
2,2130.04,metrica:Home:12,attacker_complete_support_unavailable
2,2130.04,metrica:Home:13,complete_ten_defenders_unavailable
2,2130.04,metrica:Home:14,attacker_complete_support_unavailable
2,2130.04,metrica:Home:2,complete_ten_defenders_unavailable
2,2130.04,metrica:Home:3,complete_ten_defenders_unavailable
2,2130.04,metrica:Home:4,attacker_complete_support_unavailable
2,2130.04,metrica:Home:5,attacker_complete_support_unavailable
2,2130.04,metrica:Home:6,complete_ten_defenders_unavailable
2,2130.04,metrica:Home:7,attacker_complete_support_unavailable
2,2130.04,metrica:Home:8,attacker_complete_support_unavailable
2,2130.04,metrica:Home:9,attacker_complete_support_unavailable
2,2134.04,metrica:Home:1,attacker_complete_support_unavailable
2,2134.04,metrica:Home:10,attacker_complete_support_unavailable
2,2134.04,metrica:Home:12,attacker_complete_support_unavailable
2,2134.04,metrica:Home:13,complete_ten_defenders_unavailable
2,2134.04,metrica:Home:14,attacker_complete_support_unavailable
2,2134.04,metrica:Home:2,complete_ten_defenders_unavailable
2,2134.04,metrica:Home:3,complete_ten_defenders_unavailable
2,2134.04,metrica:Home:4,attacker_complete_support_unavailable
2,2134.04,metrica:Home:5,attacker_complete_support_unavailable
2,2134.04,metrica:Home:6,complete_ten_defenders_unavailable
2,2134.04,metrica:Home:7,attacker_complete_support_unavailable
2,2134.04,metrica:Home:8,attacker_complete_support_unavailable
2,2134.04,metrica:Home:9,attacker_complete_support_unavailable
2,2138.04,metrica:Home:1,attacker_complete_support_unavailable
2,2138.04,metrica:Home:10,complete_ten_defenders_unavailable
2,2138.04,metrica:Home:12,attacker_complete_support_unavailable
2,2138.04,metrica:Home:13,complete_ten_defenders_unavailable
2,2138.04,metrica:Home:14,attacker_complete_support_unavailable
2,2138.04,metrica:Home:2,complete_ten_defenders_unavailable
2,2138.04,metrica:Home:3,complete_ten_defenders_unavailable
2,2138.04,metrica:Home:4,attacker_complete_support_unavailable
2,2138.04,metrica:Home:5,attacker_complete_support_unavailable
2,2138.04,metrica:Home:6,complete_ten_defenders_unavailable
2,2138.04,metrica:Home:7,attacker_complete_support_unavailable
2,2138.04,metrica:Home:8,attacker_complete_support_unavailable
2,2138.04,metrica:Home:9,attacker_complete_support_unavailable
2,2142.04,metrica:Home:1,attacker_complete_support_unavailable
2,2142.04,metrica:Home:10,complete_ten_defenders_unavailable
2,2142.04,metrica:Home:12,attacker_complete_support_unavailable
2,2142.04,metrica:Home:13,complete_ten_defenders_unavailable
2,2142.04,metrica:Home:14,attacker_complete_support_unavailable
2,2142.04,metrica:Home:2,complete_ten_defenders_unavailable
2,2142.04,metrica:Home:3,complete_ten_defenders_unavailable
2,2142.04,metrica:Home:4,attacker_complete_support_unavailable
2,2142.04,metrica:Home:5,attacker_complete_support_unavailable
2,2142.04,metrica:Home:6,complete_ten_defenders_unavailable
2,2142.04,metrica:Home:7,attacker_complete_support_unavailable
2,2142.04,metrica:Home:8,attacker_complete_support_unavailable
2,2142.04,metrica:Home:9,attacker_complete_support_unavailable
2,2146.04,metrica:Home:1,complete_ten_defenders_unavailable
2,2146.04,metrica:Home:10,complete_ten_defenders_unavailable
2,2146.04,metrica:Home:12,attacker_complete_support_unavailable
2,2146.04,metrica:Home:13,complete_ten_defenders_unavailable
2,2146.04,metrica:Home:14,attacker_complete_support_unavailable
2,2146.04,metrica:Home:2,complete_ten_defenders_unavailable
2,2146.04,metrica:Home:3,complete_ten_defenders_unavailable
2,2146.04,metrica:Home:4,attacker_complete_support_unavailable
2,2146.04,metrica:Home:5,attacker_complete_support_unavailable
2,2146.04,metrica:Home:6,complete_ten_defenders_unavailable
2,2146.04,metrica:Home:7,attacker_complete_support_unavailable
2,2146.04,metrica:Home:8,attacker_complete_support_unavailable
2,2146.04,metrica:Home:9,attacker_complete_support_unavailable
2,2150.04,metrica:Home:1,complete_ten_defenders_unavailable
2,2150.04,metrica:Home:10,complete_ten_defenders_unavailable
2,2150.04,metrica:Home:12,attacker_complete_support_unavailable
2,2150.04,metrica:Home:13,complete_ten_defenders_unavailable
2,2150.04,metrica:Home:14,attacker_complete_support_unavailable
2,2150.04,metrica:Home:2,complete_ten_defenders_unavailable
2,2150.04,metrica:Home:3,complete_ten_defenders_unavailable
2,2150.04,metrica:Home:4,attacker_complete_support_unavailable
2,2150.04,metrica:Home:5,attacker_complete_support_unavailable
2,2150.04,metrica:Home:6,complete_ten_defenders_unavailable
2,2150.04,metrica:Home:7,attacker_complete_support_unavailable
2,2150.04,metrica:Home:8,attacker_complete_support_unavailable
2,2150.04,metrica:Home:9,complete_ten_defenders_unavailable
2,2154.04,metrica:Home:1,complete_ten_defenders_unavailable
2,2154.04,metrica:Home:10,complete_ten_defenders_unavailable
2,2154.04,metrica:Home:12,attacker_complete_support_unavailable
2,2154.04,metrica:Home:13,complete_ten_defenders_unavailable
2,2154.04,metrica:Home:14,attacker_complete_support_unavailable
2,2154.04,metrica:Home:2,complete_ten_defenders_unavailable
2,2154.04,metrica:Home:3,complete_ten_defenders_unavailable
2,2154.04,metrica:Home:4,attacker_complete_support_unavailable
2,2154.04,metrica:Home:5,attacker_complete_support_unavailable
2,2154.04,metrica:Home:6,complete_ten_defenders_unavailable
2,2154.04,metrica:Home:7,attacker_complete_support_unavailable
2,2154.04,metrica:Home:8,attacker_complete_support_unavailable
2,2154.04,metrica:Home:9,complete_ten_defenders_unavailable
2,2158.04,metrica:Home:1,complete_ten_defenders_unavailable
2,2158.04,metrica:Home:10,attacker_complete_support_unavailable
2,2158.04,metrica:Home:12,attacker_complete_support_unavailable
2,2158.04,metrica:Home:13,complete_ten_defenders_unavailable
2,2158.04,metrica:Home:14,attacker_complete_support_unavailable
2,2158.04,metrica:Home:2,complete_ten_defenders_unavailable
2,2158.04,metrica:Home:3,complete_ten_defenders_unavailable
2,2158.04,metrica:Home:4,attacker_complete_support_unavailable
2,2158.04,metrica:Home:5,attacker_complete_support_unavailable
2,2158.04,metrica:Home:6,complete_ten_defenders_unavailable
2,2158.04,metrica:Home:7,attacker_complete_support_unavailable
2,2158.04,metrica:Home:8,attacker_complete_support_unavailable
2,2158.04,metrica:Home:9,attacker_complete_support_unavailable
2,2162.04,metrica:Home:1,complete_ten_defenders_unavailable
2,2162.04,metrica:Home:10,complete_ten_defenders_unavailable
2,2162.04,metrica:Home:12,attacker_complete_support_unavailable
2,2162.04,metrica:Home:13,complete_ten_defenders_unavailable
2,2162.04,metrica:Home:14,attacker_complete_support_unavailable
2,2162.04,metrica:Home:2,complete_ten_defenders_unavailable
2,2162.04,metrica:Home:3,complete_ten_defenders_unavailable
2,2162.04,metrica:Home:4,attacker_complete_support_unavailable
2,2162.04,metrica:Home:5,attacker_complete_support_unavailable
2,2162.04,metrica:Home:6,complete_ten_defenders_unavailable
2,2162.04,metrica:Home:7,attacker_complete_support_unavailable
2,2162.04,metrica:Home:8,attacker_complete_support_unavailable
2,2162.04,metrica:Home:9,complete_ten_defenders_unavailable
2,2166.04,metrica:Home:1,complete_ten_defenders_unavailable
2,2166.04,metrica:Home:10,complete_ten_defenders_unavailable
2,2166.04,metrica:Home:12,attacker_complete_support_unavailable
2,2166.04,metrica:Home:13,complete_ten_defenders_unavailable
2,2166.04,metrica:Home:14,attacker_complete_support_unavailable
2,2166.04,metrica:Home:2,complete_ten_defenders_unavailable
2,2166.04,metrica:Home:3,complete_ten_defenders_unavailable
2,2166.04,metrica:Home:4,attacker_complete_support_unavailable
2,2166.04,metrica:Home:5,attacker_complete_support_unavailable
2,2166.04,metrica:Home:6,complete_ten_defenders_unavailable
2,2166.04,metrica:Home:7,attacker_complete_support_unavailable
2,2166.04,metrica:Home:8,attacker_complete_support_unavailable
2,2166.04,metrica:Home:9,complete_ten_defenders_unavailable
2,2170.04,metrica:Home:1,complete_ten_defenders_unavailable
2,2170.04,metrica:Home:10,complete_ten_defenders_unavailable
2,2170.04,metrica:Home:12,attacker_complete_support_unavailable
2,2170.04,metrica:Home:13,complete_ten_defenders_unavailable
2,2170.04,metrica:Home:14,attacker_complete_support_unavailable
2,2170.04,metrica:Home:2,complete_ten_defenders_unavailable
2,2170.04,metrica:Home:3,complete_ten_defenders_unavailable
2,2170.04,metrica:Home:4,attacker_complete_support_unavailable
2,2170.04,metrica:Home:5,attacker_complete_support_unavailable
2,2170.04,metrica:Home:6,complete_ten_defenders_unavailable
2,2170.04,metrica:Home:7,attacker_complete_support_unavailable
2,2170.04,metrica:Home:8,attacker_complete_support_unavailable
2,2170.04,metrica:Home:9,complete_ten_defenders_unavailable
2,2174.04,metrica:Home:1,complete_ten_defenders_unavailable
2,2174.04,metrica:Home:10,complete_ten_defenders_unavailable
2,2174.04,metrica:Home:12,attacker_complete_support_unavailable
2,2174.04,metrica:Home:13,complete_ten_defenders_unavailable
2,2174.04,metrica:Home:14,attacker_complete_support_unavailable
2,2174.04,metrica:Home:2,complete_ten_defenders_unavailable
2,2174.04,metrica:Home:3,complete_ten_defenders_unavailable
2,2174.04,metrica:Home:4,attacker_complete_support_unavailable
2,2174.04,metrica:Home:5,attacker_complete_support_unavailable
2,2174.04,metrica:Home:6,complete_ten_defenders_unavailable
2,2174.04,metrica:Home:7,attacker_complete_support_unavailable
2,2174.04,metrica:Home:8,attacker_complete_support_unavailable
2,2174.04,metrica:Home:9,complete_ten_defenders_unavailable
2,2178.04,metrica:Home:1,complete_ten_defenders_unavailable
2,2178.04,metrica:Home:10,complete_ten_defenders_unavailable
2,2178.04,metrica:Home:12,attacker_complete_support_unavailable
2,2178.04,metrica:Home:13,complete_ten_defenders_unavailable
2,2178.04,metrica:Home:14,attacker_complete_support_unavailable
2,2178.04,metrica:Home:2,complete_ten_defenders_unavailable
2,2178.04,metrica:Home:3,complete_ten_defenders_unavailable
2,2178.04,metrica:Home:4,attacker_complete_support_unavailable
2,2178.04,metrica:Home:5,attacker_complete_support_unavailable
2,2178.04,metrica:Home:6,complete_ten_defenders_unavailable
2,2178.04,metrica:Home:7,attacker_complete_support_unavailable
2,2178.04,metrica:Home:8,attacker_complete_support_unavailable
2,2178.04,metrica:Home:9,complete_ten_defenders_unavailable
2,2182.04,metrica:Home:1,complete_ten_defenders_unavailable
2,2182.04,metrica:Home:10,complete_ten_defenders_unavailable
2,2182.04,metrica:Home:12,attacker_complete_support_unavailable
2,2182.04,metrica:Home:13,complete_ten_defenders_unavailable
2,2182.04,metrica:Home:14,attacker_complete_support_unavailable
2,2182.04,metrica:Home:2,complete_ten_defenders_unavailable
2,2182.04,metrica:Home:3,complete_ten_defenders_unavailable
2,2182.04,metrica:Home:4,attacker_complete_support_unavailable
2,2182.04,metrica:Home:5,attacker_complete_support_unavailable
2,2182.04,metrica:Home:6,complete_ten_defenders_unavailable
2,2182.04,metrica:Home:7,attacker_complete_support_unavailable
2,2182.04,metrica:Home:8,attacker_complete_support_unavailable
2,2182.04,metrica:Home:9,complete_ten_defenders_unavailable
2,2186.04,metrica:Home:1,complete_ten_defenders_unavailable
2,2186.04,metrica:Home:10,complete_ten_defenders_unavailable
2,2186.04,metrica:Home:12,attacker_complete_support_unavailable
2,2186.04,metrica:Home:13,complete_ten_defenders_unavailable
2,2186.04,metrica:Home:14,attacker_complete_support_unavailable
2,2186.04,metrica:Home:2,complete_ten_defenders_unavailable
2,2186.04,metrica:Home:3,complete_ten_defenders_unavailable
2,2186.04,metrica:Home:4,attacker_complete_support_unavailable
2,2186.04,metrica:Home:5,attacker_complete_support_unavailable
2,2186.04,metrica:Home:6,complete_ten_defenders_unavailable
2,2186.04,metrica:Home:7,attacker_complete_support_unavailable
2,2186.04,metrica:Home:8,attacker_complete_support_unavailable
2,2186.04,metrica:Home:9,complete_ten_defenders_unavailable
2,2190.04,metrica:Home:1,complete_ten_defenders_unavailable
2,2190.04,metrica:Home:10,complete_ten_defenders_unavailable
2,2190.04,metrica:Home:12,attacker_complete_support_unavailable
2,2190.04,metrica:Home:13,complete_ten_defenders_unavailable
2,2190.04,metrica:Home:14,attacker_complete_support_unavailable
2,2190.04,metrica:Home:2,complete_ten_defenders_unavailable
2,2190.04,metrica:Home:3,complete_ten_defenders_unavailable
2,2190.04,metrica:Home:4,attacker_complete_support_unavailable
2,2190.04,metrica:Home:5,attacker_complete_support_unavailable
2,2190.04,metrica:Home:6,complete_ten_defenders_unavailable
2,2190.04,metrica:Home:7,attacker_complete_support_unavailable
2,2190.04,metrica:Home:8,attacker_complete_support_unavailable
2,2190.04,metrica:Home:9,complete_ten_defenders_unavailable
2,2194.04,metrica:Home:1,complete_ten_defenders_unavailable
2,2194.04,metrica:Home:10,complete_ten_defenders_unavailable
2,2194.04,metrica:Home:12,attacker_complete_support_unavailable
2,2194.04,metrica:Home:13,complete_ten_defenders_unavailable
2,2194.04,metrica:Home:14,attacker_complete_support_unavailable
2,2194.04,metrica:Home:2,complete_ten_defenders_unavailable
2,2194.04,metrica:Home:3,complete_ten_defenders_unavailable
2,2194.04,metrica:Home:4,attacker_complete_support_unavailable
2,2194.04,metrica:Home:5,attacker_complete_support_unavailable
2,2194.04,metrica:Home:6,complete_ten_defenders_unavailable
2,2194.04,metrica:Home:7,attacker_complete_support_unavailable
2,2194.04,metrica:Home:8,attacker_complete_support_unavailable
2,2194.04,metrica:Home:9,complete_ten_defenders_unavailable
2,2198.04,metrica:Home:1,restart_or_ball_out_span
2,2198.04,metrica:Home:10,restart_or_ball_out_span
2,2198.04,metrica:Home:12,restart_or_ball_out_span
2,2198.04,metrica:Home:13,restart_or_ball_out_span
2,2198.04,metrica:Home:14,restart_or_ball_out_span
2,2198.04,metrica:Home:2,restart_or_ball_out_span
2,2198.04,metrica:Home:3,restart_or_ball_out_span
2,2198.04,metrica:Home:4,restart_or_ball_out_span
2,2198.04,metrica:Home:5,restart_or_ball_out_span
2,2198.04,metrica:Home:6,restart_or_ball_out_span
2,2198.04,metrica:Home:7,restart_or_ball_out_span
2,2198.04,metrica:Home:8,restart_or_ball_out_span
2,2198.04,metrica:Home:9,restart_or_ball_out_span
2,2202.04,metrica:Away:15,attacker_complete_support_unavailable
2,2202.04,metrica:Away:16,complete_ten_defenders_unavailable
2,2202.04,metrica:Away:17,complete_ten_defenders_unavailable
2,2202.04,metrica:Away:18,complete_ten_defenders_unavailable
2,2202.04,metrica:Away:19,complete_ten_defenders_unavailable
2,2202.04,metrica:Away:20,complete_ten_defenders_unavailable
2,2202.04,metrica:Away:21,complete_ten_defenders_unavailable
2,2202.04,metrica:Away:22,attacker_complete_support_unavailable
2,2202.04,metrica:Away:23,complete_ten_defenders_unavailable
2,2202.04,metrica:Away:24,complete_ten_defenders_unavailable
2,2202.04,metrica:Away:26,complete_ten_defenders_unavailable
2,2206.04,metrica:Away:15,attacker_complete_support_unavailable
2,2206.04,metrica:Away:16,complete_ten_defenders_unavailable
2,2206.04,metrica:Away:17,complete_ten_defenders_unavailable
2,2206.04,metrica:Away:18,complete_ten_defenders_unavailable
2,2206.04,metrica:Away:19,complete_ten_defenders_unavailable
2,2206.04,metrica:Away:20,complete_ten_defenders_unavailable
2,2206.04,metrica:Away:21,complete_ten_defenders_unavailable
2,2206.04,metrica:Away:22,attacker_complete_support_unavailable
2,2206.04,metrica:Away:23,complete_ten_defenders_unavailable
2,2206.04,metrica:Away:24,complete_ten_defenders_unavailable
2,2206.04,metrica:Away:26,complete_ten_defenders_unavailable
2,2210.04,metrica:Home:1,restart_or_ball_out_span
2,2210.04,metrica:Home:10,restart_or_ball_out_span
2,2210.04,metrica:Home:12,restart_or_ball_out_span
2,2210.04,metrica:Home:13,restart_or_ball_out_span
2,2210.04,metrica:Home:14,restart_or_ball_out_span
2,2210.04,metrica:Home:2,restart_or_ball_out_span
2,2210.04,metrica:Home:3,restart_or_ball_out_span
2,2210.04,metrica:Home:4,restart_or_ball_out_span
2,2210.04,metrica:Home:5,restart_or_ball_out_span
2,2210.04,metrica:Home:6,restart_or_ball_out_span
2,2210.04,metrica:Home:7,restart_or_ball_out_span
2,2210.04,metrica:Home:8,restart_or_ball_out_span
2,2210.04,metrica:Home:9,restart_or_ball_out_span
2,2214.04,metrica:Home:1,complete_ten_defenders_unavailable
2,2214.04,metrica:Home:10,complete_ten_defenders_unavailable
2,2214.04,metrica:Home:12,attacker_complete_support_unavailable
2,2214.04,metrica:Home:13,complete_ten_defenders_unavailable
2,2214.04,metrica:Home:14,attacker_complete_support_unavailable
2,2214.04,metrica:Home:2,complete_ten_defenders_unavailable
2,2214.04,metrica:Home:3,complete_ten_defenders_unavailable
2,2214.04,metrica:Home:4,attacker_complete_support_unavailable
2,2214.04,metrica:Home:5,attacker_complete_support_unavailable
2,2214.04,metrica:Home:6,complete_ten_defenders_unavailable
2,2214.04,metrica:Home:7,attacker_complete_support_unavailable
2,2214.04,metrica:Home:8,attacker_complete_support_unavailable
2,2214.04,metrica:Home:9,complete_ten_defenders_unavailable
2,2218.04,metrica:Home:1,restart_or_ball_out_span
2,2218.04,metrica:Home:10,restart_or_ball_out_span
2,2218.04,metrica:Home:12,restart_or_ball_out_span
2,2218.04,metrica:Home:13,restart_or_ball_out_span
2,2218.04,metrica:Home:14,restart_or_ball_out_span
2,2218.04,metrica:Home:2,restart_or_ball_out_span
2,2218.04,metrica:Home:3,restart_or_ball_out_span
2,2218.04,metrica:Home:4,restart_or_ball_out_span
2,2218.04,metrica:Home:5,restart_or_ball_out_span
2,2218.04,metrica:Home:6,restart_or_ball_out_span
2,2218.04,metrica:Home:7,restart_or_ball_out_span
2,2218.04,metrica:Home:8,restart_or_ball_out_span
2,2218.04,metrica:Home:9,restart_or_ball_out_span
2,2222.04,metrica:Away:15,attacker_complete_support_unavailable
2,2222.04,metrica:Away:16,complete_ten_defenders_unavailable
2,2222.04,metrica:Away:17,complete_ten_defenders_unavailable
2,2222.04,metrica:Away:18,complete_ten_defenders_unavailable
2,2222.04,metrica:Away:19,complete_ten_defenders_unavailable
2,2222.04,metrica:Away:20,complete_ten_defenders_unavailable
2,2222.04,metrica:Away:21,complete_ten_defenders_unavailable
2,2222.04,metrica:Away:22,attacker_complete_support_unavailable
2,2222.04,metrica:Away:23,complete_ten_defenders_unavailable
2,2222.04,metrica:Away:24,complete_ten_defenders_unavailable
2,2222.04,metrica:Away:26,complete_ten_defenders_unavailable
2,2226.04,metrica:Away:15,attacker_complete_support_unavailable
2,2226.04,metrica:Away:16,complete_ten_defenders_unavailable
2,2226.04,metrica:Away:17,complete_ten_defenders_unavailable
2,2226.04,metrica:Away:18,complete_ten_defenders_unavailable
2,2226.04,metrica:Away:19,complete_ten_defenders_unavailable
2,2226.04,metrica:Away:20,complete_ten_defenders_unavailable
2,2226.04,metrica:Away:21,complete_ten_defenders_unavailable
2,2226.04,metrica:Away:22,attacker_complete_support_unavailable
2,2226.04,metrica:Away:23,complete_ten_defenders_unavailable
2,2226.04,metrica:Away:24,complete_ten_defenders_unavailable
2,2226.04,metrica:Away:26,complete_ten_defenders_unavailable
2,2230.04,metrica:Away:15,attacker_complete_support_unavailable
2,2230.04,metrica:Away:16,complete_ten_defenders_unavailable
2,2230.04,metrica:Away:17,complete_ten_defenders_unavailable
2,2230.04,metrica:Away:18,complete_ten_defenders_unavailable
2,2230.04,metrica:Away:19,complete_ten_defenders_unavailable
2,2230.04,metrica:Away:20,complete_ten_defenders_unavailable
2,2230.04,metrica:Away:21,complete_ten_defenders_unavailable
2,2230.04,metrica:Away:22,attacker_complete_support_unavailable
2,2230.04,metrica:Away:23,complete_ten_defenders_unavailable
2,2230.04,metrica:Away:24,complete_ten_defenders_unavailable
2,2230.04,metrica:Away:26,complete_ten_defenders_unavailable
2,2234.04,metrica:Away:15,attacker_complete_support_unavailable
2,2234.04,metrica:Away:16,complete_ten_defenders_unavailable
2,2234.04,metrica:Away:17,complete_ten_defenders_unavailable
2,2234.04,metrica:Away:18,complete_ten_defenders_unavailable
2,2234.04,metrica:Away:19,complete_ten_defenders_unavailable
2,2234.04,metrica:Away:20,complete_ten_defenders_unavailable
2,2234.04,metrica:Away:21,complete_ten_defenders_unavailable
2,2234.04,metrica:Away:22,attacker_complete_support_unavailable
2,2234.04,metrica:Away:23,complete_ten_defenders_unavailable
2,2234.04,metrica:Away:24,complete_ten_defenders_unavailable
2,2234.04,metrica:Away:26,complete_ten_defenders_unavailable
2,2238.04,metrica:Home:1,complete_ten_defenders_unavailable
2,2238.04,metrica:Home:10,complete_ten_defenders_unavailable
2,2238.04,metrica:Home:12,attacker_complete_support_unavailable
2,2238.04,metrica:Home:13,complete_ten_defenders_unavailable
2,2238.04,metrica:Home:14,attacker_complete_support_unavailable
2,2238.04,metrica:Home:2,complete_ten_defenders_unavailable
2,2238.04,metrica:Home:3,complete_ten_defenders_unavailable
2,2238.04,metrica:Home:4,attacker_complete_support_unavailable
2,2238.04,metrica:Home:5,attacker_complete_support_unavailable
2,2238.04,metrica:Home:6,complete_ten_defenders_unavailable
2,2238.04,metrica:Home:7,attacker_complete_support_unavailable
2,2238.04,metrica:Home:8,attacker_complete_support_unavailable
2,2238.04,metrica:Home:9,complete_ten_defenders_unavailable
2,2242.04,metrica:Home:1,complete_ten_defenders_unavailable
2,2242.04,metrica:Home:10,complete_ten_defenders_unavailable
2,2242.04,metrica:Home:12,attacker_complete_support_unavailable
2,2242.04,metrica:Home:13,complete_ten_defenders_unavailable
2,2242.04,metrica:Home:14,attacker_complete_support_unavailable
2,2242.04,metrica:Home:2,complete_ten_defenders_unavailable
2,2242.04,metrica:Home:3,complete_ten_defenders_unavailable
2,2242.04,metrica:Home:4,attacker_complete_support_unavailable
2,2242.04,metrica:Home:5,attacker_complete_support_unavailable
2,2242.04,metrica:Home:6,complete_ten_defenders_unavailable
2,2242.04,metrica:Home:7,attacker_complete_support_unavailable
2,2242.04,metrica:Home:8,attacker_complete_support_unavailable
2,2242.04,metrica:Home:9,complete_ten_defenders_unavailable
2,2246.04,metrica:Home:1,complete_ten_defenders_unavailable
2,2246.04,metrica:Home:10,complete_ten_defenders_unavailable
2,2246.04,metrica:Home:12,attacker_complete_support_unavailable
2,2246.04,metrica:Home:13,complete_ten_defenders_unavailable
2,2246.04,metrica:Home:14,attacker_complete_support_unavailable
2,2246.04,metrica:Home:2,complete_ten_defenders_unavailable
2,2246.04,metrica:Home:3,complete_ten_defenders_unavailable
2,2246.04,metrica:Home:4,attacker_complete_support_unavailable
2,2246.04,metrica:Home:5,attacker_complete_support_unavailable
2,2246.04,metrica:Home:6,complete_ten_defenders_unavailable
2,2246.04,metrica:Home:7,attacker_complete_support_unavailable
2,2246.04,metrica:Home:8,attacker_complete_support_unavailable
2,2246.04,metrica:Home:9,complete_ten_defenders_unavailable
2,2250.04,metrica:Home:1,complete_ten_defenders_unavailable
2,2250.04,metrica:Home:10,complete_ten_defenders_unavailable
2,2250.04,metrica:Home:12,attacker_complete_support_unavailable
2,2250.04,metrica:Home:13,complete_ten_defenders_unavailable
2,2250.04,metrica:Home:14,attacker_complete_support_unavailable
2,2250.04,metrica:Home:2,complete_ten_defenders_unavailable
2,2250.04,metrica:Home:3,complete_ten_defenders_unavailable
2,2250.04,metrica:Home:4,attacker_complete_support_unavailable
2,2250.04,metrica:Home:5,attacker_complete_support_unavailable
2,2250.04,metrica:Home:6,complete_ten_defenders_unavailable
2,2250.04,metrica:Home:7,attacker_complete_support_unavailable
2,2250.04,metrica:Home:8,attacker_complete_support_unavailable
2,2250.04,metrica:Home:9,complete_ten_defenders_unavailable
2,2254.04,metrica:Home:1,complete_ten_defenders_unavailable
2,2254.04,metrica:Home:10,complete_ten_defenders_unavailable
2,2254.04,metrica:Home:12,attacker_complete_support_unavailable
2,2254.04,metrica:Home:13,complete_ten_defenders_unavailable
2,2254.04,metrica:Home:14,attacker_complete_support_unavailable
2,2254.04,metrica:Home:2,complete_ten_defenders_unavailable
2,2254.04,metrica:Home:3,complete_ten_defenders_unavailable
2,2254.04,metrica:Home:4,attacker_complete_support_unavailable
2,2254.04,metrica:Home:5,attacker_complete_support_unavailable
2,2254.04,metrica:Home:6,complete_ten_defenders_unavailable
2,2254.04,metrica:Home:7,attacker_complete_support_unavailable
2,2254.04,metrica:Home:8,attacker_complete_support_unavailable
2,2254.04,metrica:Home:9,complete_ten_defenders_unavailable
2,2258.04,metrica:Home:1,complete_ten_defenders_unavailable
2,2258.04,metrica:Home:10,complete_ten_defenders_unavailable
2,2258.04,metrica:Home:12,attacker_complete_support_unavailable
2,2258.04,metrica:Home:13,complete_ten_defenders_unavailable
2,2258.04,metrica:Home:14,attacker_complete_support_unavailable
2,2258.04,metrica:Home:2,complete_ten_defenders_unavailable
2,2258.04,metrica:Home:3,complete_ten_defenders_unavailable
2,2258.04,metrica:Home:4,attacker_complete_support_unavailable
2,2258.04,metrica:Home:5,attacker_complete_support_unavailable
2,2258.04,metrica:Home:6,complete_ten_defenders_unavailable
2,2258.04,metrica:Home:7,attacker_complete_support_unavailable
2,2258.04,metrica:Home:8,attacker_complete_support_unavailable
2,2258.04,metrica:Home:9,complete_ten_defenders_unavailable
2,2262.04,metrica:Home:1,complete_ten_defenders_unavailable
2,2262.04,metrica:Home:10,complete_ten_defenders_unavailable
2,2262.04,metrica:Home:12,attacker_complete_support_unavailable
2,2262.04,metrica:Home:13,complete_ten_defenders_unavailable
2,2262.04,metrica:Home:14,attacker_complete_support_unavailable
2,2262.04,metrica:Home:2,complete_ten_defenders_unavailable
2,2262.04,metrica:Home:3,complete_ten_defenders_unavailable
2,2262.04,metrica:Home:4,attacker_complete_support_unavailable
2,2262.04,metrica:Home:5,attacker_complete_support_unavailable
2,2262.04,metrica:Home:6,complete_ten_defenders_unavailable
2,2262.04,metrica:Home:7,attacker_complete_support_unavailable
2,2262.04,metrica:Home:8,attacker_complete_support_unavailable
2,2262.04,metrica:Home:9,complete_ten_defenders_unavailable
2,2266.04,metrica:Home:1,complete_ten_defenders_unavailable
2,2266.04,metrica:Home:10,complete_ten_defenders_unavailable
2,2266.04,metrica:Home:12,attacker_complete_support_unavailable
2,2266.04,metrica:Home:13,complete_ten_defenders_unavailable
2,2266.04,metrica:Home:14,attacker_complete_support_unavailable
2,2266.04,metrica:Home:2,complete_ten_defenders_unavailable
2,2266.04,metrica:Home:3,complete_ten_defenders_unavailable
2,2266.04,metrica:Home:4,attacker_complete_support_unavailable
2,2266.04,metrica:Home:5,attacker_complete_support_unavailable
2,2266.04,metrica:Home:6,complete_ten_defenders_unavailable
2,2266.04,metrica:Home:7,attacker_complete_support_unavailable
2,2266.04,metrica:Home:8,attacker_complete_support_unavailable
2,2266.04,metrica:Home:9,complete_ten_defenders_unavailable
2,2270.04,metrica:Home:1,complete_ten_defenders_unavailable
2,2270.04,metrica:Home:10,complete_ten_defenders_unavailable
2,2270.04,metrica:Home:12,attacker_complete_support_unavailable
2,2270.04,metrica:Home:13,complete_ten_defenders_unavailable
2,2270.04,metrica:Home:14,attacker_complete_support_unavailable
2,2270.04,metrica:Home:2,complete_ten_defenders_unavailable
2,2270.04,metrica:Home:3,complete_ten_defenders_unavailable
2,2270.04,metrica:Home:4,attacker_complete_support_unavailable
2,2270.04,metrica:Home:5,attacker_complete_support_unavailable
2,2270.04,metrica:Home:6,complete_ten_defenders_unavailable
2,2270.04,metrica:Home:7,attacker_complete_support_unavailable
2,2270.04,metrica:Home:8,attacker_complete_support_unavailable
2,2270.04,metrica:Home:9,complete_ten_defenders_unavailable
2,2274.04,metrica:Home:1,complete_ten_defenders_unavailable
2,2274.04,metrica:Home:10,complete_ten_defenders_unavailable
2,2274.04,metrica:Home:12,attacker_complete_support_unavailable
2,2274.04,metrica:Home:13,complete_ten_defenders_unavailable
2,2274.04,metrica:Home:14,attacker_complete_support_unavailable
2,2274.04,metrica:Home:2,complete_ten_defenders_unavailable
2,2274.04,metrica:Home:3,complete_ten_defenders_unavailable
2,2274.04,metrica:Home:4,attacker_complete_support_unavailable
2,2274.04,metrica:Home:5,attacker_complete_support_unavailable
2,2274.04,metrica:Home:6,complete_ten_defenders_unavailable
2,2274.04,metrica:Home:7,attacker_complete_support_unavailable
2,2274.04,metrica:Home:8,attacker_complete_support_unavailable
2,2274.04,metrica:Home:9,complete_ten_defenders_unavailable
2,2278.04,metrica:Home:1,complete_ten_defenders_unavailable
2,2278.04,metrica:Home:10,complete_ten_defenders_unavailable
2,2278.04,metrica:Home:12,attacker_complete_support_unavailable
2,2278.04,metrica:Home:13,complete_ten_defenders_unavailable
2,2278.04,metrica:Home:14,attacker_complete_support_unavailable
2,2278.04,metrica:Home:2,complete_ten_defenders_unavailable
2,2278.04,metrica:Home:3,complete_ten_defenders_unavailable
2,2278.04,metrica:Home:4,attacker_complete_support_unavailable
2,2278.04,metrica:Home:5,attacker_complete_support_unavailable
2,2278.04,metrica:Home:6,complete_ten_defenders_unavailable
2,2278.04,metrica:Home:7,attacker_complete_support_unavailable
2,2278.04,metrica:Home:8,attacker_complete_support_unavailable
2,2278.04,metrica:Home:9,complete_ten_defenders_unavailable
2,2282.04,metrica:Home:1,complete_ten_defenders_unavailable
2,2282.04,metrica:Home:10,complete_ten_defenders_unavailable
2,2282.04,metrica:Home:12,attacker_complete_support_unavailable
2,2282.04,metrica:Home:13,complete_ten_defenders_unavailable
2,2282.04,metrica:Home:14,attacker_complete_support_unavailable
2,2282.04,metrica:Home:2,complete_ten_defenders_unavailable
2,2282.04,metrica:Home:3,complete_ten_defenders_unavailable
2,2282.04,metrica:Home:4,attacker_complete_support_unavailable
2,2282.04,metrica:Home:5,attacker_complete_support_unavailable
2,2282.04,metrica:Home:6,complete_ten_defenders_unavailable
2,2282.04,metrica:Home:7,attacker_complete_support_unavailable
2,2282.04,metrica:Home:8,attacker_complete_support_unavailable
2,2282.04,metrica:Home:9,complete_ten_defenders_unavailable
2,2286.04,metrica:Home:1,complete_ten_defenders_unavailable
2,2286.04,metrica:Home:10,complete_ten_defenders_unavailable
2,2286.04,metrica:Home:12,attacker_complete_support_unavailable
2,2286.04,metrica:Home:13,complete_ten_defenders_unavailable
2,2286.04,metrica:Home:14,attacker_complete_support_unavailable
2,2286.04,metrica:Home:2,complete_ten_defenders_unavailable
2,2286.04,metrica:Home:3,complete_ten_defenders_unavailable
2,2286.04,metrica:Home:4,attacker_complete_support_unavailable
2,2286.04,metrica:Home:5,attacker_complete_support_unavailable
2,2286.04,metrica:Home:6,complete_ten_defenders_unavailable
2,2286.04,metrica:Home:7,attacker_complete_support_unavailable
2,2286.04,metrica:Home:8,attacker_complete_support_unavailable
2,2286.04,metrica:Home:9,complete_ten_defenders_unavailable
2,2290.04,metrica:Home:1,complete_ten_defenders_unavailable
2,2290.04,metrica:Home:10,complete_ten_defenders_unavailable
2,2290.04,metrica:Home:12,attacker_complete_support_unavailable
2,2290.04,metrica:Home:13,complete_ten_defenders_unavailable
2,2290.04,metrica:Home:14,attacker_complete_support_unavailable
2,2290.04,metrica:Home:2,complete_ten_defenders_unavailable
2,2290.04,metrica:Home:3,complete_ten_defenders_unavailable
2,2290.04,metrica:Home:4,attacker_complete_support_unavailable
2,2290.04,metrica:Home:5,attacker_complete_support_unavailable
2,2290.04,metrica:Home:6,complete_ten_defenders_unavailable
2,2290.04,metrica:Home:7,attacker_complete_support_unavailable
2,2290.04,metrica:Home:8,attacker_complete_support_unavailable
2,2290.04,metrica:Home:9,complete_ten_defenders_unavailable
2,2294.04,metrica:Home:1,complete_ten_defenders_unavailable
2,2294.04,metrica:Home:10,complete_ten_defenders_unavailable
2,2294.04,metrica:Home:12,attacker_complete_support_unavailable
2,2294.04,metrica:Home:13,complete_ten_defenders_unavailable
2,2294.04,metrica:Home:14,attacker_complete_support_unavailable
2,2294.04,metrica:Home:2,complete_ten_defenders_unavailable
2,2294.04,metrica:Home:3,complete_ten_defenders_unavailable
2,2294.04,metrica:Home:4,attacker_complete_support_unavailable
2,2294.04,metrica:Home:5,attacker_complete_support_unavailable
2,2294.04,metrica:Home:6,complete_ten_defenders_unavailable
2,2294.04,metrica:Home:7,attacker_complete_support_unavailable
2,2294.04,metrica:Home:8,attacker_complete_support_unavailable
2,2294.04,metrica:Home:9,complete_ten_defenders_unavailable
2,2298.04,metrica:Home:1,complete_ten_defenders_unavailable
2,2298.04,metrica:Home:10,complete_ten_defenders_unavailable
2,2298.04,metrica:Home:12,attacker_complete_support_unavailable
2,2298.04,metrica:Home:13,complete_ten_defenders_unavailable
2,2298.04,metrica:Home:14,attacker_complete_support_unavailable
2,2298.04,metrica:Home:2,complete_ten_defenders_unavailable
2,2298.04,metrica:Home:3,complete_ten_defenders_unavailable
2,2298.04,metrica:Home:4,attacker_complete_support_unavailable
2,2298.04,metrica:Home:5,attacker_complete_support_unavailable
2,2298.04,metrica:Home:6,complete_ten_defenders_unavailable
2,2298.04,metrica:Home:7,attacker_complete_support_unavailable
2,2298.04,metrica:Home:8,attacker_complete_support_unavailable
2,2298.04,metrica:Home:9,complete_ten_defenders_unavailable
2,2302.04,metrica:Home:1,complete_ten_defenders_unavailable
2,2302.04,metrica:Home:10,complete_ten_defenders_unavailable
2,2302.04,metrica:Home:12,attacker_complete_support_unavailable
2,2302.04,metrica:Home:13,complete_ten_defenders_unavailable
2,2302.04,metrica:Home:14,attacker_complete_support_unavailable
2,2302.04,metrica:Home:2,complete_ten_defenders_unavailable
2,2302.04,metrica:Home:3,complete_ten_defenders_unavailable
2,2302.04,metrica:Home:4,attacker_complete_support_unavailable
2,2302.04,metrica:Home:5,attacker_complete_support_unavailable
2,2302.04,metrica:Home:6,complete_ten_defenders_unavailable
2,2302.04,metrica:Home:7,attacker_complete_support_unavailable
2,2302.04,metrica:Home:8,attacker_complete_support_unavailable
2,2302.04,metrica:Home:9,complete_ten_defenders_unavailable
2,2306.04,metrica:Home:1,complete_ten_defenders_unavailable
2,2306.04,metrica:Home:10,complete_ten_defenders_unavailable
2,2306.04,metrica:Home:12,attacker_complete_support_unavailable
2,2306.04,metrica:Home:13,complete_ten_defenders_unavailable
2,2306.04,metrica:Home:14,attacker_complete_support_unavailable
2,2306.04,metrica:Home:2,complete_ten_defenders_unavailable
2,2306.04,metrica:Home:3,complete_ten_defenders_unavailable
2,2306.04,metrica:Home:4,attacker_complete_support_unavailable
2,2306.04,metrica:Home:5,attacker_complete_support_unavailable
2,2306.04,metrica:Home:6,complete_ten_defenders_unavailable
2,2306.04,metrica:Home:7,attacker_complete_support_unavailable
2,2306.04,metrica:Home:8,attacker_complete_support_unavailable
2,2306.04,metrica:Home:9,complete_ten_defenders_unavailable
2,2310.04,metrica:Home:1,complete_ten_defenders_unavailable
2,2310.04,metrica:Home:10,attacker_complete_support_unavailable
2,2310.04,metrica:Home:12,attacker_complete_support_unavailable
2,2310.04,metrica:Home:13,complete_ten_defenders_unavailable
2,2310.04,metrica:Home:14,attacker_complete_support_unavailable
2,2310.04,metrica:Home:2,complete_ten_defenders_unavailable
2,2310.04,metrica:Home:3,complete_ten_defenders_unavailable
2,2310.04,metrica:Home:4,attacker_complete_support_unavailable
2,2310.04,metrica:Home:5,attacker_complete_support_unavailable
2,2310.04,metrica:Home:6,complete_ten_defenders_unavailable
2,2310.04,metrica:Home:7,attacker_complete_support_unavailable
2,2310.04,metrica:Home:8,attacker_complete_support_unavailable
2,2310.04,metrica:Home:9,complete_ten_defenders_unavailable
2,2314.04,metrica:Home:1,restart_or_ball_out_span
2,2314.04,metrica:Home:10,restart_or_ball_out_span
2,2314.04,metrica:Home:12,restart_or_ball_out_span
2,2314.04,metrica:Home:13,restart_or_ball_out_span
2,2314.04,metrica:Home:14,restart_or_ball_out_span
2,2314.04,metrica:Home:2,restart_or_ball_out_span
2,2314.04,metrica:Home:3,restart_or_ball_out_span
2,2314.04,metrica:Home:4,restart_or_ball_out_span
2,2314.04,metrica:Home:5,restart_or_ball_out_span
2,2314.04,metrica:Home:6,restart_or_ball_out_span
2,2314.04,metrica:Home:7,restart_or_ball_out_span
2,2314.04,metrica:Home:8,restart_or_ball_out_span
2,2314.04,metrica:Home:9,restart_or_ball_out_span
2,2318.04,metrica:Away:15,attacker_complete_support_unavailable
2,2318.04,metrica:Away:16,complete_ten_defenders_unavailable
2,2318.04,metrica:Away:17,complete_ten_defenders_unavailable
2,2318.04,metrica:Away:18,complete_ten_defenders_unavailable
2,2318.04,metrica:Away:19,complete_ten_defenders_unavailable
2,2318.04,metrica:Away:20,complete_ten_defenders_unavailable
2,2318.04,metrica:Away:21,complete_ten_defenders_unavailable
2,2318.04,metrica:Away:22,attacker_complete_support_unavailable
2,2318.04,metrica:Away:23,complete_ten_defenders_unavailable
2,2318.04,metrica:Away:24,complete_ten_defenders_unavailable
2,2318.04,metrica:Away:26,complete_ten_defenders_unavailable
2,2322.04,metrica:Away:15,attacker_complete_support_unavailable
2,2322.04,metrica:Away:16,complete_ten_defenders_unavailable
2,2322.04,metrica:Away:17,complete_ten_defenders_unavailable
2,2322.04,metrica:Away:18,complete_ten_defenders_unavailable
2,2322.04,metrica:Away:19,complete_ten_defenders_unavailable
2,2322.04,metrica:Away:20,complete_ten_defenders_unavailable
2,2322.04,metrica:Away:21,complete_ten_defenders_unavailable
2,2322.04,metrica:Away:22,attacker_complete_support_unavailable
2,2322.04,metrica:Away:23,complete_ten_defenders_unavailable
2,2322.04,metrica:Away:24,complete_ten_defenders_unavailable
2,2322.04,metrica:Away:26,complete_ten_defenders_unavailable
2,2326.04,metrica:Away:15,attacker_complete_support_unavailable
2,2326.04,metrica:Away:16,complete_ten_defenders_unavailable
2,2326.04,metrica:Away:17,complete_ten_defenders_unavailable
2,2326.04,metrica:Away:18,complete_ten_defenders_unavailable
2,2326.04,metrica:Away:19,complete_ten_defenders_unavailable
2,2326.04,metrica:Away:20,complete_ten_defenders_unavailable
2,2326.04,metrica:Away:21,complete_ten_defenders_unavailable
2,2326.04,metrica:Away:22,attacker_complete_support_unavailable
2,2326.04,metrica:Away:23,complete_ten_defenders_unavailable
2,2326.04,metrica:Away:24,complete_ten_defenders_unavailable
2,2326.04,metrica:Away:26,complete_ten_defenders_unavailable
2,2330.04,metrica:Away:15,attacker_complete_support_unavailable
2,2330.04,metrica:Away:16,complete_ten_defenders_unavailable
2,2330.04,metrica:Away:17,complete_ten_defenders_unavailable
2,2330.04,metrica:Away:18,complete_ten_defenders_unavailable
2,2330.04,metrica:Away:19,complete_ten_defenders_unavailable
2,2330.04,metrica:Away:20,complete_ten_defenders_unavailable
2,2330.04,metrica:Away:21,complete_ten_defenders_unavailable
2,2330.04,metrica:Away:22,attacker_complete_support_unavailable
2,2330.04,metrica:Away:23,complete_ten_defenders_unavailable
2,2330.04,metrica:Away:24,complete_ten_defenders_unavailable
2,2330.04,metrica:Away:26,complete_ten_defenders_unavailable
2,2334.04,metrica:Away:15,attacker_complete_support_unavailable
2,2334.04,metrica:Away:16,complete_ten_defenders_unavailable
2,2334.04,metrica:Away:17,complete_ten_defenders_unavailable
2,2334.04,metrica:Away:18,complete_ten_defenders_unavailable
2,2334.04,metrica:Away:19,complete_ten_defenders_unavailable
2,2334.04,metrica:Away:20,complete_ten_defenders_unavailable
2,2334.04,metrica:Away:21,complete_ten_defenders_unavailable
2,2334.04,metrica:Away:22,attacker_complete_support_unavailable
2,2334.04,metrica:Away:23,complete_ten_defenders_unavailable
2,2334.04,metrica:Away:24,complete_ten_defenders_unavailable
2,2334.04,metrica:Away:26,complete_ten_defenders_unavailable
2,2338.04,metrica:Away:15,attacker_complete_support_unavailable
2,2338.04,metrica:Away:16,complete_ten_defenders_unavailable
2,2338.04,metrica:Away:17,complete_ten_defenders_unavailable
2,2338.04,metrica:Away:18,complete_ten_defenders_unavailable
2,2338.04,metrica:Away:19,complete_ten_defenders_unavailable
2,2338.04,metrica:Away:20,complete_ten_defenders_unavailable
2,2338.04,metrica:Away:21,complete_ten_defenders_unavailable
2,2338.04,metrica:Away:22,attacker_complete_support_unavailable
2,2338.04,metrica:Away:23,complete_ten_defenders_unavailable
2,2338.04,metrica:Away:24,complete_ten_defenders_unavailable
2,2338.04,metrica:Away:26,complete_ten_defenders_unavailable
2,2342.04,metrica:Home:1,restart_or_ball_out_span
2,2342.04,metrica:Home:10,restart_or_ball_out_span
2,2342.04,metrica:Home:12,restart_or_ball_out_span
2,2342.04,metrica:Home:13,restart_or_ball_out_span
2,2342.04,metrica:Home:14,restart_or_ball_out_span
2,2342.04,metrica:Home:2,restart_or_ball_out_span
2,2342.04,metrica:Home:3,restart_or_ball_out_span
2,2342.04,metrica:Home:4,restart_or_ball_out_span
2,2342.04,metrica:Home:5,restart_or_ball_out_span
2,2342.04,metrica:Home:6,restart_or_ball_out_span
2,2342.04,metrica:Home:7,restart_or_ball_out_span
2,2342.04,metrica:Home:8,restart_or_ball_out_span
2,2342.04,metrica:Home:9,restart_or_ball_out_span
2,2346.04,metrica:Home:1,restart_or_ball_out_span
2,2346.04,metrica:Home:10,restart_or_ball_out_span
2,2346.04,metrica:Home:12,restart_or_ball_out_span
2,2346.04,metrica:Home:13,restart_or_ball_out_span
2,2346.04,metrica:Home:14,restart_or_ball_out_span
2,2346.04,metrica:Home:2,restart_or_ball_out_span
2,2346.04,metrica:Home:3,restart_or_ball_out_span
2,2346.04,metrica:Home:4,restart_or_ball_out_span
2,2346.04,metrica:Home:5,restart_or_ball_out_span
2,2346.04,metrica:Home:6,restart_or_ball_out_span
2,2346.04,metrica:Home:7,restart_or_ball_out_span
2,2346.04,metrica:Home:8,restart_or_ball_out_span
2,2346.04,metrica:Home:9,restart_or_ball_out_span
2,2350.04,metrica:Away:15,attacker_complete_support_unavailable
2,2350.04,metrica:Away:16,complete_ten_defenders_unavailable
2,2350.04,metrica:Away:17,complete_ten_defenders_unavailable
2,2350.04,metrica:Away:18,complete_ten_defenders_unavailable
2,2350.04,metrica:Away:19,complete_ten_defenders_unavailable
2,2350.04,metrica:Away:20,complete_ten_defenders_unavailable
2,2350.04,metrica:Away:21,complete_ten_defenders_unavailable
2,2350.04,metrica:Away:22,attacker_complete_support_unavailable
2,2350.04,metrica:Away:23,complete_ten_defenders_unavailable
2,2350.04,metrica:Away:24,complete_ten_defenders_unavailable
2,2350.04,metrica:Away:26,complete_ten_defenders_unavailable
2,2354.04,metrica:Away:15,attacker_complete_support_unavailable
2,2354.04,metrica:Away:16,complete_ten_defenders_unavailable
2,2354.04,metrica:Away:17,complete_ten_defenders_unavailable
2,2354.04,metrica:Away:18,complete_ten_defenders_unavailable
2,2354.04,metrica:Away:19,complete_ten_defenders_unavailable
2,2354.04,metrica:Away:20,complete_ten_defenders_unavailable
2,2354.04,metrica:Away:21,complete_ten_defenders_unavailable
2,2354.04,metrica:Away:22,attacker_complete_support_unavailable
2,2354.04,metrica:Away:23,complete_ten_defenders_unavailable
2,2354.04,metrica:Away:24,complete_ten_defenders_unavailable
2,2354.04,metrica:Away:26,complete_ten_defenders_unavailable
2,2358.04,metrica:Away:15,attacker_complete_support_unavailable
2,2358.04,metrica:Away:16,complete_ten_defenders_unavailable
2,2358.04,metrica:Away:17,complete_ten_defenders_unavailable
2,2358.04,metrica:Away:18,complete_ten_defenders_unavailable
2,2358.04,metrica:Away:19,complete_ten_defenders_unavailable
2,2358.04,metrica:Away:20,complete_ten_defenders_unavailable
2,2358.04,metrica:Away:21,complete_ten_defenders_unavailable
2,2358.04,metrica:Away:22,attacker_complete_support_unavailable
2,2358.04,metrica:Away:23,complete_ten_defenders_unavailable
2,2358.04,metrica:Away:24,complete_ten_defenders_unavailable
2,2358.04,metrica:Away:26,complete_ten_defenders_unavailable
2,2362.04,metrica:Away:15,attacker_complete_support_unavailable
2,2362.04,metrica:Away:16,complete_ten_defenders_unavailable
2,2362.04,metrica:Away:17,complete_ten_defenders_unavailable
2,2362.04,metrica:Away:18,complete_ten_defenders_unavailable
2,2362.04,metrica:Away:19,complete_ten_defenders_unavailable
2,2362.04,metrica:Away:20,complete_ten_defenders_unavailable
2,2362.04,metrica:Away:21,complete_ten_defenders_unavailable
2,2362.04,metrica:Away:22,attacker_complete_support_unavailable
2,2362.04,metrica:Away:23,complete_ten_defenders_unavailable
2,2362.04,metrica:Away:24,complete_ten_defenders_unavailable
2,2362.04,metrica:Away:26,complete_ten_defenders_unavailable
2,2366.04,metrica:Away:15,attacker_complete_support_unavailable
2,2366.04,metrica:Away:16,complete_ten_defenders_unavailable
2,2366.04,metrica:Away:17,complete_ten_defenders_unavailable
2,2366.04,metrica:Away:18,complete_ten_defenders_unavailable
2,2366.04,metrica:Away:19,complete_ten_defenders_unavailable
2,2366.04,metrica:Away:20,complete_ten_defenders_unavailable
2,2366.04,metrica:Away:21,complete_ten_defenders_unavailable
2,2366.04,metrica:Away:22,attacker_complete_support_unavailable
2,2366.04,metrica:Away:23,complete_ten_defenders_unavailable
2,2366.04,metrica:Away:24,complete_ten_defenders_unavailable
2,2366.04,metrica:Away:26,complete_ten_defenders_unavailable
2,2370.04,metrica:Away:15,attacker_complete_support_unavailable
2,2370.04,metrica:Away:16,complete_ten_defenders_unavailable
2,2370.04,metrica:Away:17,complete_ten_defenders_unavailable
2,2370.04,metrica:Away:18,complete_ten_defenders_unavailable
2,2370.04,metrica:Away:19,complete_ten_defenders_unavailable
2,2370.04,metrica:Away:20,complete_ten_defenders_unavailable
2,2370.04,metrica:Away:21,complete_ten_defenders_unavailable
2,2370.04,metrica:Away:22,attacker_complete_support_unavailable
2,2370.04,metrica:Away:23,complete_ten_defenders_unavailable
2,2370.04,metrica:Away:24,complete_ten_defenders_unavailable
2,2370.04,metrica:Away:26,complete_ten_defenders_unavailable
2,2374.04,metrica:Home:1,complete_ten_defenders_unavailable
2,2374.04,metrica:Home:10,attacker_complete_support_unavailable
2,2374.04,metrica:Home:12,attacker_complete_support_unavailable
2,2374.04,metrica:Home:13,complete_ten_defenders_unavailable
2,2374.04,metrica:Home:14,complete_ten_defenders_unavailable
2,2374.04,metrica:Home:2,complete_ten_defenders_unavailable
2,2374.04,metrica:Home:3,complete_ten_defenders_unavailable
2,2374.04,metrica:Home:4,attacker_complete_support_unavailable
2,2374.04,metrica:Home:5,attacker_complete_support_unavailable
2,2374.04,metrica:Home:6,complete_ten_defenders_unavailable
2,2374.04,metrica:Home:7,attacker_complete_support_unavailable
2,2374.04,metrica:Home:8,attacker_complete_support_unavailable
2,2374.04,metrica:Home:9,complete_ten_defenders_unavailable
2,2378.04,metrica:Away:15,attacker_complete_support_unavailable
2,2378.04,metrica:Away:16,complete_ten_defenders_unavailable
2,2378.04,metrica:Away:17,complete_ten_defenders_unavailable
2,2378.04,metrica:Away:18,complete_ten_defenders_unavailable
2,2378.04,metrica:Away:19,complete_ten_defenders_unavailable
2,2378.04,metrica:Away:20,complete_ten_defenders_unavailable
2,2378.04,metrica:Away:21,complete_ten_defenders_unavailable
2,2378.04,metrica:Away:22,attacker_complete_support_unavailable
2,2378.04,metrica:Away:23,complete_ten_defenders_unavailable
2,2378.04,metrica:Away:24,complete_ten_defenders_unavailable
2,2378.04,metrica:Away:26,complete_ten_defenders_unavailable
2,2382.04,metrica:Home:1,complete_ten_defenders_unavailable
2,2382.04,metrica:Home:10,attacker_complete_support_unavailable
2,2382.04,metrica:Home:12,attacker_complete_support_unavailable
2,2382.04,metrica:Home:13,complete_ten_defenders_unavailable
2,2382.04,metrica:Home:14,complete_ten_defenders_unavailable
2,2382.04,metrica:Home:2,complete_ten_defenders_unavailable
2,2382.04,metrica:Home:3,complete_ten_defenders_unavailable
2,2382.04,metrica:Home:4,attacker_complete_support_unavailable
2,2382.04,metrica:Home:5,attacker_complete_support_unavailable
2,2382.04,metrica:Home:6,complete_ten_defenders_unavailable
2,2382.04,metrica:Home:7,attacker_complete_support_unavailable
2,2382.04,metrica:Home:8,attacker_complete_support_unavailable
2,2382.04,metrica:Home:9,complete_ten_defenders_unavailable
2,2386.04,metrica:Home:1,complete_ten_defenders_unavailable
2,2386.04,metrica:Home:10,attacker_complete_support_unavailable
2,2386.04,metrica:Home:12,attacker_complete_support_unavailable
2,2386.04,metrica:Home:13,complete_ten_defenders_unavailable
2,2386.04,metrica:Home:14,complete_ten_defenders_unavailable
2,2386.04,metrica:Home:2,complete_ten_defenders_unavailable
2,2386.04,metrica:Home:3,complete_ten_defenders_unavailable
2,2386.04,metrica:Home:4,attacker_complete_support_unavailable
2,2386.04,metrica:Home:5,attacker_complete_support_unavailable
2,2386.04,metrica:Home:6,complete_ten_defenders_unavailable
2,2386.04,metrica:Home:7,attacker_complete_support_unavailable
2,2386.04,metrica:Home:8,attacker_complete_support_unavailable
2,2386.04,metrica:Home:9,complete_ten_defenders_unavailable
2,2390.04,metrica:Home:1,complete_ten_defenders_unavailable
2,2390.04,metrica:Home:10,attacker_complete_support_unavailable
2,2390.04,metrica:Home:12,attacker_complete_support_unavailable
2,2390.04,metrica:Home:13,complete_ten_defenders_unavailable
2,2390.04,metrica:Home:14,complete_ten_defenders_unavailable
2,2390.04,metrica:Home:2,complete_ten_defenders_unavailable
2,2390.04,metrica:Home:3,complete_ten_defenders_unavailable
2,2390.04,metrica:Home:4,attacker_complete_support_unavailable
2,2390.04,metrica:Home:5,attacker_complete_support_unavailable
2,2390.04,metrica:Home:6,complete_ten_defenders_unavailable
2,2390.04,metrica:Home:7,attacker_complete_support_unavailable
2,2390.04,metrica:Home:8,attacker_complete_support_unavailable
2,2390.04,metrica:Home:9,complete_ten_defenders_unavailable
2,2394.04,metrica:Home:1,complete_ten_defenders_unavailable
2,2394.04,metrica:Home:10,attacker_complete_support_unavailable
2,2394.04,metrica:Home:12,attacker_complete_support_unavailable
2,2394.04,metrica:Home:13,complete_ten_defenders_unavailable
2,2394.04,metrica:Home:14,complete_ten_defenders_unavailable
2,2394.04,metrica:Home:2,complete_ten_defenders_unavailable
2,2394.04,metrica:Home:3,complete_ten_defenders_unavailable
2,2394.04,metrica:Home:4,attacker_complete_support_unavailable
2,2394.04,metrica:Home:5,attacker_complete_support_unavailable
2,2394.04,metrica:Home:6,complete_ten_defenders_unavailable
2,2394.04,metrica:Home:7,attacker_complete_support_unavailable
2,2394.04,metrica:Home:8,attacker_complete_support_unavailable
2,2394.04,metrica:Home:9,complete_ten_defenders_unavailable
2,2398.04,metrica:Home:1,complete_ten_defenders_unavailable
2,2398.04,metrica:Home:10,attacker_complete_support_unavailable
2,2398.04,metrica:Home:12,attacker_complete_support_unavailable
2,2398.04,metrica:Home:13,complete_ten_defenders_unavailable
2,2398.04,metrica:Home:14,complete_ten_defenders_unavailable
2,2398.04,metrica:Home:2,complete_ten_defenders_unavailable
2,2398.04,metrica:Home:3,complete_ten_defenders_unavailable
2,2398.04,metrica:Home:4,attacker_complete_support_unavailable
2,2398.04,metrica:Home:5,attacker_complete_support_unavailable
2,2398.04,metrica:Home:6,complete_ten_defenders_unavailable
2,2398.04,metrica:Home:7,attacker_complete_support_unavailable
2,2398.04,metrica:Home:8,attacker_complete_support_unavailable
2,2398.04,metrica:Home:9,complete_ten_defenders_unavailable
2,2402.04,metrica:Home:1,complete_ten_defenders_unavailable
2,2402.04,metrica:Home:10,attacker_complete_support_unavailable
2,2402.04,metrica:Home:12,attacker_complete_support_unavailable
2,2402.04,metrica:Home:13,complete_ten_defenders_unavailable
2,2402.04,metrica:Home:14,complete_ten_defenders_unavailable
2,2402.04,metrica:Home:2,complete_ten_defenders_unavailable
2,2402.04,metrica:Home:3,complete_ten_defenders_unavailable
2,2402.04,metrica:Home:4,attacker_complete_support_unavailable
2,2402.04,metrica:Home:5,attacker_complete_support_unavailable
2,2402.04,metrica:Home:6,complete_ten_defenders_unavailable
2,2402.04,metrica:Home:7,attacker_complete_support_unavailable
2,2402.04,metrica:Home:8,attacker_complete_support_unavailable
2,2402.04,metrica:Home:9,complete_ten_defenders_unavailable
2,2406.04,metrica:Home:1,complete_ten_defenders_unavailable
2,2406.04,metrica:Home:10,attacker_complete_support_unavailable
2,2406.04,metrica:Home:12,attacker_complete_support_unavailable
2,2406.04,metrica:Home:13,complete_ten_defenders_unavailable
2,2406.04,metrica:Home:14,complete_ten_defenders_unavailable
2,2406.04,metrica:Home:2,complete_ten_defenders_unavailable
2,2406.04,metrica:Home:3,complete_ten_defenders_unavailable
2,2406.04,metrica:Home:4,attacker_complete_support_unavailable
2,2406.04,metrica:Home:5,attacker_complete_support_unavailable
2,2406.04,metrica:Home:6,complete_ten_defenders_unavailable
2,2406.04,metrica:Home:7,attacker_complete_support_unavailable
2,2406.04,metrica:Home:8,attacker_complete_support_unavailable
2,2406.04,metrica:Home:9,complete_ten_defenders_unavailable
2,2410.04,metrica:Home:1,complete_ten_defenders_unavailable
2,2410.04,metrica:Home:10,attacker_complete_support_unavailable
2,2410.04,metrica:Home:12,attacker_complete_support_unavailable
2,2410.04,metrica:Home:13,complete_ten_defenders_unavailable
2,2410.04,metrica:Home:14,complete_ten_defenders_unavailable
2,2410.04,metrica:Home:2,complete_ten_defenders_unavailable
2,2410.04,metrica:Home:3,complete_ten_defenders_unavailable
2,2410.04,metrica:Home:4,attacker_complete_support_unavailable
2,2410.04,metrica:Home:5,attacker_complete_support_unavailable
2,2410.04,metrica:Home:6,complete_ten_defenders_unavailable
2,2410.04,metrica:Home:7,attacker_complete_support_unavailable
2,2410.04,metrica:Home:8,attacker_complete_support_unavailable
2,2410.04,metrica:Home:9,complete_ten_defenders_unavailable
2,2414.04,metrica:Home:1,complete_ten_defenders_unavailable
2,2414.04,metrica:Home:10,attacker_complete_support_unavailable
2,2414.04,metrica:Home:12,attacker_complete_support_unavailable
2,2414.04,metrica:Home:13,complete_ten_defenders_unavailable
2,2414.04,metrica:Home:14,complete_ten_defenders_unavailable
2,2414.04,metrica:Home:2,complete_ten_defenders_unavailable
2,2414.04,metrica:Home:3,complete_ten_defenders_unavailable
2,2414.04,metrica:Home:4,attacker_complete_support_unavailable
2,2414.04,metrica:Home:5,attacker_complete_support_unavailable
2,2414.04,metrica:Home:6,complete_ten_defenders_unavailable
2,2414.04,metrica:Home:7,attacker_complete_support_unavailable
2,2414.04,metrica:Home:8,attacker_complete_support_unavailable
2,2414.04,metrica:Home:9,complete_ten_defenders_unavailable
2,2418.04,metrica:Home:1,complete_ten_defenders_unavailable
2,2418.04,metrica:Home:10,attacker_complete_support_unavailable
2,2418.04,metrica:Home:12,attacker_complete_support_unavailable
2,2418.04,metrica:Home:13,complete_ten_defenders_unavailable
2,2418.04,metrica:Home:14,complete_ten_defenders_unavailable
2,2418.04,metrica:Home:2,complete_ten_defenders_unavailable
2,2418.04,metrica:Home:3,complete_ten_defenders_unavailable
2,2418.04,metrica:Home:4,attacker_complete_support_unavailable
2,2418.04,metrica:Home:5,attacker_complete_support_unavailable
2,2418.04,metrica:Home:6,complete_ten_defenders_unavailable
2,2418.04,metrica:Home:7,attacker_complete_support_unavailable
2,2418.04,metrica:Home:8,attacker_complete_support_unavailable
2,2418.04,metrica:Home:9,complete_ten_defenders_unavailable
2,2422.04,metrica:Home:1,complete_ten_defenders_unavailable
2,2422.04,metrica:Home:10,attacker_complete_support_unavailable
2,2422.04,metrica:Home:12,attacker_complete_support_unavailable
2,2422.04,metrica:Home:13,complete_ten_defenders_unavailable
2,2422.04,metrica:Home:14,complete_ten_defenders_unavailable
2,2422.04,metrica:Home:2,complete_ten_defenders_unavailable
2,2422.04,metrica:Home:3,complete_ten_defenders_unavailable
2,2422.04,metrica:Home:4,attacker_complete_support_unavailable
2,2422.04,metrica:Home:5,attacker_complete_support_unavailable
2,2422.04,metrica:Home:6,complete_ten_defenders_unavailable
2,2422.04,metrica:Home:7,attacker_complete_support_unavailable
2,2422.04,metrica:Home:8,attacker_complete_support_unavailable
2,2422.04,metrica:Home:9,complete_ten_defenders_unavailable
2,2426.04,metrica:Home:1,complete_ten_defenders_unavailable
2,2426.04,metrica:Home:10,attacker_complete_support_unavailable
2,2426.04,metrica:Home:12,attacker_complete_support_unavailable
2,2426.04,metrica:Home:13,complete_ten_defenders_unavailable
2,2426.04,metrica:Home:14,complete_ten_defenders_unavailable
2,2426.04,metrica:Home:2,complete_ten_defenders_unavailable
2,2426.04,metrica:Home:3,complete_ten_defenders_unavailable
2,2426.04,metrica:Home:4,attacker_complete_support_unavailable
2,2426.04,metrica:Home:5,attacker_complete_support_unavailable
2,2426.04,metrica:Home:6,complete_ten_defenders_unavailable
2,2426.04,metrica:Home:7,attacker_complete_support_unavailable
2,2426.04,metrica:Home:8,attacker_complete_support_unavailable
2,2426.04,metrica:Home:9,complete_ten_defenders_unavailable
2,2430.04,metrica:Home:1,complete_ten_defenders_unavailable
2,2430.04,metrica:Home:10,attacker_complete_support_unavailable
2,2430.04,metrica:Home:12,attacker_complete_support_unavailable
2,2430.04,metrica:Home:13,complete_ten_defenders_unavailable
2,2430.04,metrica:Home:14,complete_ten_defenders_unavailable
2,2430.04,metrica:Home:2,complete_ten_defenders_unavailable
2,2430.04,metrica:Home:3,complete_ten_defenders_unavailable
2,2430.04,metrica:Home:4,attacker_complete_support_unavailable
2,2430.04,metrica:Home:5,attacker_complete_support_unavailable
2,2430.04,metrica:Home:6,complete_ten_defenders_unavailable
2,2430.04,metrica:Home:7,attacker_complete_support_unavailable
2,2430.04,metrica:Home:8,attacker_complete_support_unavailable
2,2430.04,metrica:Home:9,attacker_complete_support_unavailable
2,2434.04,metrica:Home:1,restart_or_ball_out_span
2,2434.04,metrica:Home:10,restart_or_ball_out_span
2,2434.04,metrica:Home:12,restart_or_ball_out_span
2,2434.04,metrica:Home:13,restart_or_ball_out_span
2,2434.04,metrica:Home:14,restart_or_ball_out_span
2,2434.04,metrica:Home:2,restart_or_ball_out_span
2,2434.04,metrica:Home:3,restart_or_ball_out_span
2,2434.04,metrica:Home:4,restart_or_ball_out_span
2,2434.04,metrica:Home:5,restart_or_ball_out_span
2,2434.04,metrica:Home:6,restart_or_ball_out_span
2,2434.04,metrica:Home:7,restart_or_ball_out_span
2,2434.04,metrica:Home:8,restart_or_ball_out_span
2,2434.04,metrica:Home:9,restart_or_ball_out_span
2,2438.04,metrica:Home:1,complete_ten_defenders_unavailable
2,2438.04,metrica:Home:10,attacker_complete_support_unavailable
2,2438.04,metrica:Home:12,attacker_complete_support_unavailable
2,2438.04,metrica:Home:13,complete_ten_defenders_unavailable
2,2438.04,metrica:Home:14,complete_ten_defenders_unavailable
2,2438.04,metrica:Home:2,complete_ten_defenders_unavailable
2,2438.04,metrica:Home:3,complete_ten_defenders_unavailable
2,2438.04,metrica:Home:4,attacker_complete_support_unavailable
2,2438.04,metrica:Home:5,attacker_complete_support_unavailable
2,2438.04,metrica:Home:6,complete_ten_defenders_unavailable
2,2438.04,metrica:Home:7,attacker_complete_support_unavailable
2,2438.04,metrica:Home:8,attacker_complete_support_unavailable
2,2438.04,metrica:Home:9,complete_ten_defenders_unavailable
2,2442.04,metrica:Home:1,complete_ten_defenders_unavailable
2,2442.04,metrica:Home:10,attacker_complete_support_unavailable
2,2442.04,metrica:Home:12,attacker_complete_support_unavailable
2,2442.04,metrica:Home:13,complete_ten_defenders_unavailable
2,2442.04,metrica:Home:14,complete_ten_defenders_unavailable
2,2442.04,metrica:Home:2,complete_ten_defenders_unavailable
2,2442.04,metrica:Home:3,complete_ten_defenders_unavailable
2,2442.04,metrica:Home:4,attacker_complete_support_unavailable
2,2442.04,metrica:Home:5,attacker_complete_support_unavailable
2,2442.04,metrica:Home:6,complete_ten_defenders_unavailable
2,2442.04,metrica:Home:7,attacker_complete_support_unavailable
2,2442.04,metrica:Home:8,attacker_complete_support_unavailable
2,2442.04,metrica:Home:9,complete_ten_defenders_unavailable
2,2446.04,metrica:Home:1,complete_ten_defenders_unavailable
2,2446.04,metrica:Home:10,attacker_complete_support_unavailable
2,2446.04,metrica:Home:12,attacker_complete_support_unavailable
2,2446.04,metrica:Home:13,complete_ten_defenders_unavailable
2,2446.04,metrica:Home:14,complete_ten_defenders_unavailable
2,2446.04,metrica:Home:2,complete_ten_defenders_unavailable
2,2446.04,metrica:Home:3,complete_ten_defenders_unavailable
2,2446.04,metrica:Home:4,attacker_complete_support_unavailable
2,2446.04,metrica:Home:5,attacker_complete_support_unavailable
2,2446.04,metrica:Home:6,complete_ten_defenders_unavailable
2,2446.04,metrica:Home:7,attacker_complete_support_unavailable
2,2446.04,metrica:Home:8,attacker_complete_support_unavailable
2,2446.04,metrica:Home:9,complete_ten_defenders_unavailable
2,2450.04,metrica:Home:1,complete_ten_defenders_unavailable
2,2450.04,metrica:Home:10,attacker_complete_support_unavailable
2,2450.04,metrica:Home:12,attacker_complete_support_unavailable
2,2450.04,metrica:Home:13,complete_ten_defenders_unavailable
2,2450.04,metrica:Home:14,complete_ten_defenders_unavailable
2,2450.04,metrica:Home:2,complete_ten_defenders_unavailable
2,2450.04,metrica:Home:3,complete_ten_defenders_unavailable
2,2450.04,metrica:Home:4,attacker_complete_support_unavailable
2,2450.04,metrica:Home:5,attacker_complete_support_unavailable
2,2450.04,metrica:Home:6,complete_ten_defenders_unavailable
2,2450.04,metrica:Home:7,attacker_complete_support_unavailable
2,2450.04,metrica:Home:8,attacker_complete_support_unavailable
2,2450.04,metrica:Home:9,complete_ten_defenders_unavailable
2,2454.04,metrica:Home:1,complete_ten_defenders_unavailable
2,2454.04,metrica:Home:10,attacker_complete_support_unavailable
2,2454.04,metrica:Home:12,attacker_complete_support_unavailable
2,2454.04,metrica:Home:13,complete_ten_defenders_unavailable
2,2454.04,metrica:Home:14,complete_ten_defenders_unavailable
2,2454.04,metrica:Home:2,complete_ten_defenders_unavailable
2,2454.04,metrica:Home:3,complete_ten_defenders_unavailable
2,2454.04,metrica:Home:4,attacker_complete_support_unavailable
2,2454.04,metrica:Home:5,attacker_complete_support_unavailable
2,2454.04,metrica:Home:6,complete_ten_defenders_unavailable
2,2454.04,metrica:Home:7,attacker_complete_support_unavailable
2,2454.04,metrica:Home:8,attacker_complete_support_unavailable
2,2454.04,metrica:Home:9,complete_ten_defenders_unavailable
2,2458.04,metrica:Home:1,complete_ten_defenders_unavailable
2,2458.04,metrica:Home:10,attacker_complete_support_unavailable
2,2458.04,metrica:Home:12,attacker_complete_support_unavailable
2,2458.04,metrica:Home:13,complete_ten_defenders_unavailable
2,2458.04,metrica:Home:14,complete_ten_defenders_unavailable
2,2458.04,metrica:Home:2,complete_ten_defenders_unavailable
2,2458.04,metrica:Home:3,complete_ten_defenders_unavailable
2,2458.04,metrica:Home:4,attacker_complete_support_unavailable
2,2458.04,metrica:Home:5,attacker_complete_support_unavailable
2,2458.04,metrica:Home:6,complete_ten_defenders_unavailable
2,2458.04,metrica:Home:7,attacker_complete_support_unavailable
2,2458.04,metrica:Home:8,attacker_complete_support_unavailable
2,2458.04,metrica:Home:9,complete_ten_defenders_unavailable
2,2462.04,metrica:Home:1,complete_ten_defenders_unavailable
2,2462.04,metrica:Home:10,attacker_complete_support_unavailable
2,2462.04,metrica:Home:12,attacker_complete_support_unavailable
2,2462.04,metrica:Home:13,complete_ten_defenders_unavailable
2,2462.04,metrica:Home:14,complete_ten_defenders_unavailable
2,2462.04,metrica:Home:2,complete_ten_defenders_unavailable
2,2462.04,metrica:Home:3,complete_ten_defenders_unavailable
2,2462.04,metrica:Home:4,attacker_complete_support_unavailable
2,2462.04,metrica:Home:5,attacker_complete_support_unavailable
2,2462.04,metrica:Home:6,complete_ten_defenders_unavailable
2,2462.04,metrica:Home:7,attacker_complete_support_unavailable
2,2462.04,metrica:Home:8,attacker_complete_support_unavailable
2,2462.04,metrica:Home:9,complete_ten_defenders_unavailable
2,2466.04,metrica:Home:1,complete_ten_defenders_unavailable
2,2466.04,metrica:Home:10,attacker_complete_support_unavailable
2,2466.04,metrica:Home:12,attacker_complete_support_unavailable
2,2466.04,metrica:Home:13,complete_ten_defenders_unavailable
2,2466.04,metrica:Home:14,complete_ten_defenders_unavailable
2,2466.04,metrica:Home:2,complete_ten_defenders_unavailable
2,2466.04,metrica:Home:3,complete_ten_defenders_unavailable
2,2466.04,metrica:Home:4,attacker_complete_support_unavailable
2,2466.04,metrica:Home:5,attacker_complete_support_unavailable
2,2466.04,metrica:Home:6,complete_ten_defenders_unavailable
2,2466.04,metrica:Home:7,attacker_complete_support_unavailable
2,2466.04,metrica:Home:8,attacker_complete_support_unavailable
2,2466.04,metrica:Home:9,complete_ten_defenders_unavailable
2,2470.04,metrica:Home:1,complete_ten_defenders_unavailable
2,2470.04,metrica:Home:10,attacker_complete_support_unavailable
2,2470.04,metrica:Home:12,attacker_complete_support_unavailable
2,2470.04,metrica:Home:13,complete_ten_defenders_unavailable
2,2470.04,metrica:Home:14,complete_ten_defenders_unavailable
2,2470.04,metrica:Home:2,complete_ten_defenders_unavailable
2,2470.04,metrica:Home:3,complete_ten_defenders_unavailable
2,2470.04,metrica:Home:4,attacker_complete_support_unavailable
2,2470.04,metrica:Home:5,attacker_complete_support_unavailable
2,2470.04,metrica:Home:6,complete_ten_defenders_unavailable
2,2470.04,metrica:Home:7,attacker_complete_support_unavailable
2,2470.04,metrica:Home:8,attacker_complete_support_unavailable
2,2470.04,metrica:Home:9,complete_ten_defenders_unavailable
2,2474.04,metrica:Home:1,complete_ten_defenders_unavailable
2,2474.04,metrica:Home:10,attacker_complete_support_unavailable
2,2474.04,metrica:Home:12,attacker_complete_support_unavailable
2,2474.04,metrica:Home:13,complete_ten_defenders_unavailable
2,2474.04,metrica:Home:14,complete_ten_defenders_unavailable
2,2474.04,metrica:Home:2,complete_ten_defenders_unavailable
2,2474.04,metrica:Home:3,complete_ten_defenders_unavailable
2,2474.04,metrica:Home:4,attacker_complete_support_unavailable
2,2474.04,metrica:Home:5,attacker_complete_support_unavailable
2,2474.04,metrica:Home:6,complete_ten_defenders_unavailable
2,2474.04,metrica:Home:7,attacker_complete_support_unavailable
2,2474.04,metrica:Home:8,attacker_complete_support_unavailable
2,2474.04,metrica:Home:9,complete_ten_defenders_unavailable
2,2478.04,metrica:Away:15,attacker_complete_support_unavailable
2,2478.04,metrica:Away:16,complete_ten_defenders_unavailable
2,2478.04,metrica:Away:17,complete_ten_defenders_unavailable
2,2478.04,metrica:Away:18,complete_ten_defenders_unavailable
2,2478.04,metrica:Away:19,complete_ten_defenders_unavailable
2,2478.04,metrica:Away:20,complete_ten_defenders_unavailable
2,2478.04,metrica:Away:21,complete_ten_defenders_unavailable
2,2478.04,metrica:Away:22,attacker_complete_support_unavailable
2,2478.04,metrica:Away:23,complete_ten_defenders_unavailable
2,2478.04,metrica:Away:24,complete_ten_defenders_unavailable
2,2478.04,metrica:Away:26,complete_ten_defenders_unavailable
2,2482.04,metrica:Away:15,attacker_complete_support_unavailable
2,2482.04,metrica:Away:16,complete_ten_defenders_unavailable
2,2482.04,metrica:Away:17,complete_ten_defenders_unavailable
2,2482.04,metrica:Away:18,complete_ten_defenders_unavailable
2,2482.04,metrica:Away:19,complete_ten_defenders_unavailable
2,2482.04,metrica:Away:20,complete_ten_defenders_unavailable
2,2482.04,metrica:Away:21,complete_ten_defenders_unavailable
2,2482.04,metrica:Away:22,attacker_complete_support_unavailable
2,2482.04,metrica:Away:23,complete_ten_defenders_unavailable
2,2482.04,metrica:Away:24,complete_ten_defenders_unavailable
2,2482.04,metrica:Away:26,complete_ten_defenders_unavailable
2,2486.04,metrica:Away:15,attacker_complete_support_unavailable
2,2486.04,metrica:Away:16,complete_ten_defenders_unavailable
2,2486.04,metrica:Away:17,complete_ten_defenders_unavailable
2,2486.04,metrica:Away:18,complete_ten_defenders_unavailable
2,2486.04,metrica:Away:19,complete_ten_defenders_unavailable
2,2486.04,metrica:Away:20,complete_ten_defenders_unavailable
2,2486.04,metrica:Away:21,complete_ten_defenders_unavailable
2,2486.04,metrica:Away:22,attacker_complete_support_unavailable
2,2486.04,metrica:Away:23,complete_ten_defenders_unavailable
2,2486.04,metrica:Away:24,complete_ten_defenders_unavailable
2,2486.04,metrica:Away:26,complete_ten_defenders_unavailable
2,2490.04,metrica:Away:15,restart_or_ball_out_span
2,2490.04,metrica:Away:16,restart_or_ball_out_span
2,2490.04,metrica:Away:17,restart_or_ball_out_span
2,2490.04,metrica:Away:18,restart_or_ball_out_span
2,2490.04,metrica:Away:19,restart_or_ball_out_span
2,2490.04,metrica:Away:20,restart_or_ball_out_span
2,2490.04,metrica:Away:21,restart_or_ball_out_span
2,2490.04,metrica:Away:22,restart_or_ball_out_span
2,2490.04,metrica:Away:23,restart_or_ball_out_span
2,2490.04,metrica:Away:24,restart_or_ball_out_span
2,2490.04,metrica:Away:26,restart_or_ball_out_span
2,2494.04,metrica:Away:15,attacker_complete_support_unavailable
2,2494.04,metrica:Away:16,complete_ten_defenders_unavailable
2,2494.04,metrica:Away:17,complete_ten_defenders_unavailable
2,2494.04,metrica:Away:18,complete_ten_defenders_unavailable
2,2494.04,metrica:Away:19,complete_ten_defenders_unavailable
2,2494.04,metrica:Away:20,complete_ten_defenders_unavailable
2,2494.04,metrica:Away:21,complete_ten_defenders_unavailable
2,2494.04,metrica:Away:22,attacker_complete_support_unavailable
2,2494.04,metrica:Away:23,complete_ten_defenders_unavailable
2,2494.04,metrica:Away:24,complete_ten_defenders_unavailable
2,2494.04,metrica:Away:26,complete_ten_defenders_unavailable
2,2498.04,metrica:Away:15,attacker_complete_support_unavailable
2,2498.04,metrica:Away:16,complete_ten_defenders_unavailable
2,2498.04,metrica:Away:17,complete_ten_defenders_unavailable
2,2498.04,metrica:Away:18,complete_ten_defenders_unavailable
2,2498.04,metrica:Away:19,complete_ten_defenders_unavailable
2,2498.04,metrica:Away:20,complete_ten_defenders_unavailable
2,2498.04,metrica:Away:21,complete_ten_defenders_unavailable
2,2498.04,metrica:Away:22,attacker_complete_support_unavailable
2,2498.04,metrica:Away:23,complete_ten_defenders_unavailable
2,2498.04,metrica:Away:24,complete_ten_defenders_unavailable
2,2498.04,metrica:Away:26,complete_ten_defenders_unavailable
2,2502.04,metrica:Away:15,attacker_complete_support_unavailable
2,2502.04,metrica:Away:16,complete_ten_defenders_unavailable
2,2502.04,metrica:Away:17,complete_ten_defenders_unavailable
2,2502.04,metrica:Away:18,complete_ten_defenders_unavailable
2,2502.04,metrica:Away:19,complete_ten_defenders_unavailable
2,2502.04,metrica:Away:20,complete_ten_defenders_unavailable
2,2502.04,metrica:Away:21,complete_ten_defenders_unavailable
2,2502.04,metrica:Away:22,attacker_complete_support_unavailable
2,2502.04,metrica:Away:23,complete_ten_defenders_unavailable
2,2502.04,metrica:Away:24,complete_ten_defenders_unavailable
2,2502.04,metrica:Away:26,complete_ten_defenders_unavailable
2,2506.04,metrica:Away:15,attacker_complete_support_unavailable
2,2506.04,metrica:Away:16,complete_ten_defenders_unavailable
2,2506.04,metrica:Away:17,complete_ten_defenders_unavailable
2,2506.04,metrica:Away:18,complete_ten_defenders_unavailable
2,2506.04,metrica:Away:19,complete_ten_defenders_unavailable
2,2506.04,metrica:Away:20,complete_ten_defenders_unavailable
2,2506.04,metrica:Away:21,complete_ten_defenders_unavailable
2,2506.04,metrica:Away:22,attacker_complete_support_unavailable
2,2506.04,metrica:Away:23,complete_ten_defenders_unavailable
2,2506.04,metrica:Away:24,complete_ten_defenders_unavailable
2,2506.04,metrica:Away:26,complete_ten_defenders_unavailable
2,2510.04,metrica:Away:15,restart_or_ball_out_span
2,2510.04,metrica:Away:16,restart_or_ball_out_span
2,2510.04,metrica:Away:17,restart_or_ball_out_span
2,2510.04,metrica:Away:18,restart_or_ball_out_span
2,2510.04,metrica:Away:19,restart_or_ball_out_span
2,2510.04,metrica:Away:20,restart_or_ball_out_span
2,2510.04,metrica:Away:21,restart_or_ball_out_span
2,2510.04,metrica:Away:22,restart_or_ball_out_span
2,2510.04,metrica:Away:23,restart_or_ball_out_span
2,2510.04,metrica:Away:24,restart_or_ball_out_span
2,2510.04,metrica:Away:26,restart_or_ball_out_span
2,2514.04,metrica:Away:15,attacker_complete_support_unavailable
2,2514.04,metrica:Away:16,complete_ten_defenders_unavailable
2,2514.04,metrica:Away:17,complete_ten_defenders_unavailable
2,2514.04,metrica:Away:18,complete_ten_defenders_unavailable
2,2514.04,metrica:Away:19,complete_ten_defenders_unavailable
2,2514.04,metrica:Away:20,complete_ten_defenders_unavailable
2,2514.04,metrica:Away:21,complete_ten_defenders_unavailable
2,2514.04,metrica:Away:22,attacker_complete_support_unavailable
2,2514.04,metrica:Away:23,complete_ten_defenders_unavailable
2,2514.04,metrica:Away:24,complete_ten_defenders_unavailable
2,2514.04,metrica:Away:26,complete_ten_defenders_unavailable
2,2518.04,metrica:Away:15,attacker_complete_support_unavailable
2,2518.04,metrica:Away:16,complete_ten_defenders_unavailable
2,2518.04,metrica:Away:17,complete_ten_defenders_unavailable
2,2518.04,metrica:Away:18,complete_ten_defenders_unavailable
2,2518.04,metrica:Away:19,complete_ten_defenders_unavailable
2,2518.04,metrica:Away:20,complete_ten_defenders_unavailable
2,2518.04,metrica:Away:21,complete_ten_defenders_unavailable
2,2518.04,metrica:Away:22,attacker_complete_support_unavailable
2,2518.04,metrica:Away:23,complete_ten_defenders_unavailable
2,2518.04,metrica:Away:24,complete_ten_defenders_unavailable
2,2518.04,metrica:Away:26,complete_ten_defenders_unavailable
2,2522.04,metrica:Away:15,attacker_complete_support_unavailable
2,2522.04,metrica:Away:16,complete_ten_defenders_unavailable
2,2522.04,metrica:Away:17,complete_ten_defenders_unavailable
2,2522.04,metrica:Away:18,complete_ten_defenders_unavailable
2,2522.04,metrica:Away:19,complete_ten_defenders_unavailable
2,2522.04,metrica:Away:20,complete_ten_defenders_unavailable
2,2522.04,metrica:Away:21,complete_ten_defenders_unavailable
2,2522.04,metrica:Away:22,attacker_complete_support_unavailable
2,2522.04,metrica:Away:23,complete_ten_defenders_unavailable
2,2522.04,metrica:Away:24,complete_ten_defenders_unavailable
2,2522.04,metrica:Away:26,complete_ten_defenders_unavailable
2,2526.04,metrica:Away:15,attacker_complete_support_unavailable
2,2526.04,metrica:Away:16,complete_ten_defenders_unavailable
2,2526.04,metrica:Away:17,complete_ten_defenders_unavailable
2,2526.04,metrica:Away:18,complete_ten_defenders_unavailable
2,2526.04,metrica:Away:19,complete_ten_defenders_unavailable
2,2526.04,metrica:Away:20,complete_ten_defenders_unavailable
2,2526.04,metrica:Away:21,complete_ten_defenders_unavailable
2,2526.04,metrica:Away:22,attacker_complete_support_unavailable
2,2526.04,metrica:Away:23,complete_ten_defenders_unavailable
2,2526.04,metrica:Away:24,complete_ten_defenders_unavailable
2,2526.04,metrica:Away:26,complete_ten_defenders_unavailable
2,2530.04,metrica:Away:15,attacker_complete_support_unavailable
2,2530.04,metrica:Away:16,complete_ten_defenders_unavailable
2,2530.04,metrica:Away:17,complete_ten_defenders_unavailable
2,2530.04,metrica:Away:18,complete_ten_defenders_unavailable
2,2530.04,metrica:Away:19,complete_ten_defenders_unavailable
2,2530.04,metrica:Away:20,complete_ten_defenders_unavailable
2,2530.04,metrica:Away:21,complete_ten_defenders_unavailable
2,2530.04,metrica:Away:22,attacker_complete_support_unavailable
2,2530.04,metrica:Away:23,complete_ten_defenders_unavailable
2,2530.04,metrica:Away:24,complete_ten_defenders_unavailable
2,2530.04,metrica:Away:26,complete_ten_defenders_unavailable
2,2534.04,metrica:Away:15,attacker_complete_support_unavailable
2,2534.04,metrica:Away:16,complete_ten_defenders_unavailable
2,2534.04,metrica:Away:17,complete_ten_defenders_unavailable
2,2534.04,metrica:Away:18,attacker_complete_support_unavailable
2,2534.04,metrica:Away:19,complete_ten_defenders_unavailable
2,2534.04,metrica:Away:20,attacker_complete_support_unavailable
2,2534.04,metrica:Away:21,complete_ten_defenders_unavailable
2,2534.04,metrica:Away:22,attacker_complete_support_unavailable
2,2534.04,metrica:Away:23,complete_ten_defenders_unavailable
2,2534.04,metrica:Away:24,complete_ten_defenders_unavailable
2,2534.04,metrica:Away:26,complete_ten_defenders_unavailable
2,2538.04,metrica:Away:15,attacker_complete_support_unavailable
2,2538.04,metrica:Away:16,complete_ten_defenders_unavailable
2,2538.04,metrica:Away:17,complete_ten_defenders_unavailable
2,2538.04,metrica:Away:18,complete_ten_defenders_unavailable
2,2538.04,metrica:Away:19,complete_ten_defenders_unavailable
2,2538.04,metrica:Away:20,complete_ten_defenders_unavailable
2,2538.04,metrica:Away:21,complete_ten_defenders_unavailable
2,2538.04,metrica:Away:22,attacker_complete_support_unavailable
2,2538.04,metrica:Away:23,complete_ten_defenders_unavailable
2,2538.04,metrica:Away:24,complete_ten_defenders_unavailable
2,2538.04,metrica:Away:26,complete_ten_defenders_unavailable
2,2542.04,metrica:Away:15,attacker_complete_support_unavailable
2,2542.04,metrica:Away:16,complete_ten_defenders_unavailable
2,2542.04,metrica:Away:17,complete_ten_defenders_unavailable
2,2542.04,metrica:Away:18,complete_ten_defenders_unavailable
2,2542.04,metrica:Away:19,complete_ten_defenders_unavailable
2,2542.04,metrica:Away:20,complete_ten_defenders_unavailable
2,2542.04,metrica:Away:21,complete_ten_defenders_unavailable
2,2542.04,metrica:Away:22,attacker_complete_support_unavailable
2,2542.04,metrica:Away:23,complete_ten_defenders_unavailable
2,2542.04,metrica:Away:24,complete_ten_defenders_unavailable
2,2542.04,metrica:Away:26,complete_ten_defenders_unavailable
2,2546.04,metrica:Away:15,attacker_complete_support_unavailable
2,2546.04,metrica:Away:16,complete_ten_defenders_unavailable
2,2546.04,metrica:Away:17,complete_ten_defenders_unavailable
2,2546.04,metrica:Away:18,complete_ten_defenders_unavailable
2,2546.04,metrica:Away:19,complete_ten_defenders_unavailable
2,2546.04,metrica:Away:20,complete_ten_defenders_unavailable
2,2546.04,metrica:Away:21,complete_ten_defenders_unavailable
2,2546.04,metrica:Away:22,attacker_complete_support_unavailable
2,2546.04,metrica:Away:23,complete_ten_defenders_unavailable
2,2546.04,metrica:Away:24,complete_ten_defenders_unavailable
2,2546.04,metrica:Away:26,complete_ten_defenders_unavailable
2,2550.04,metrica:Away:15,attacker_complete_support_unavailable
2,2550.04,metrica:Away:16,complete_ten_defenders_unavailable
2,2550.04,metrica:Away:17,complete_ten_defenders_unavailable
2,2550.04,metrica:Away:18,complete_ten_defenders_unavailable
2,2550.04,metrica:Away:19,complete_ten_defenders_unavailable
2,2550.04,metrica:Away:20,complete_ten_defenders_unavailable
2,2550.04,metrica:Away:21,complete_ten_defenders_unavailable
2,2550.04,metrica:Away:22,attacker_complete_support_unavailable
2,2550.04,metrica:Away:23,complete_ten_defenders_unavailable
2,2550.04,metrica:Away:24,complete_ten_defenders_unavailable
2,2550.04,metrica:Away:26,complete_ten_defenders_unavailable
2,2554.04,metrica:Away:15,attacker_complete_support_unavailable
2,2554.04,metrica:Away:16,complete_ten_defenders_unavailable
2,2554.04,metrica:Away:17,complete_ten_defenders_unavailable
2,2554.04,metrica:Away:18,complete_ten_defenders_unavailable
2,2554.04,metrica:Away:19,complete_ten_defenders_unavailable
2,2554.04,metrica:Away:20,complete_ten_defenders_unavailable
2,2554.04,metrica:Away:21,attacker_complete_support_unavailable
2,2554.04,metrica:Away:22,attacker_complete_support_unavailable
2,2554.04,metrica:Away:23,complete_ten_defenders_unavailable
2,2554.04,metrica:Away:24,attacker_complete_support_unavailable
2,2554.04,metrica:Away:26,complete_ten_defenders_unavailable
2,2558.04,metrica:Away:15,attacker_complete_support_unavailable
2,2558.04,metrica:Away:16,complete_ten_defenders_unavailable
2,2558.04,metrica:Away:17,complete_ten_defenders_unavailable
2,2558.04,metrica:Away:18,complete_ten_defenders_unavailable
2,2558.04,metrica:Away:19,complete_ten_defenders_unavailable
2,2558.04,metrica:Away:20,complete_ten_defenders_unavailable
2,2558.04,metrica:Away:21,complete_ten_defenders_unavailable
2,2558.04,metrica:Away:22,attacker_complete_support_unavailable
2,2558.04,metrica:Away:23,complete_ten_defenders_unavailable
2,2558.04,metrica:Away:24,complete_ten_defenders_unavailable
2,2558.04,metrica:Away:26,complete_ten_defenders_unavailable
2,2562.04,metrica:Away:15,attacker_complete_support_unavailable
2,2562.04,metrica:Away:16,complete_ten_defenders_unavailable
2,2562.04,metrica:Away:17,complete_ten_defenders_unavailable
2,2562.04,metrica:Away:18,complete_ten_defenders_unavailable
2,2562.04,metrica:Away:19,complete_ten_defenders_unavailable
2,2562.04,metrica:Away:20,complete_ten_defenders_unavailable
2,2562.04,metrica:Away:21,complete_ten_defenders_unavailable
2,2562.04,metrica:Away:22,attacker_complete_support_unavailable
2,2562.04,metrica:Away:23,complete_ten_defenders_unavailable
2,2562.04,metrica:Away:24,complete_ten_defenders_unavailable
2,2562.04,metrica:Away:26,complete_ten_defenders_unavailable
2,2566.04,metrica:Away:15,attacker_complete_support_unavailable
2,2566.04,metrica:Away:16,complete_ten_defenders_unavailable
2,2566.04,metrica:Away:17,complete_ten_defenders_unavailable
2,2566.04,metrica:Away:18,complete_ten_defenders_unavailable
2,2566.04,metrica:Away:19,complete_ten_defenders_unavailable
2,2566.04,metrica:Away:20,complete_ten_defenders_unavailable
2,2566.04,metrica:Away:21,complete_ten_defenders_unavailable
2,2566.04,metrica:Away:22,attacker_complete_support_unavailable
2,2566.04,metrica:Away:23,complete_ten_defenders_unavailable
2,2566.04,metrica:Away:24,complete_ten_defenders_unavailable
2,2566.04,metrica:Away:26,complete_ten_defenders_unavailable
2,2570.04,metrica:Away:15,attacker_complete_support_unavailable
2,2570.04,metrica:Away:16,complete_ten_defenders_unavailable
2,2570.04,metrica:Away:17,complete_ten_defenders_unavailable
2,2570.04,metrica:Away:18,complete_ten_defenders_unavailable
2,2570.04,metrica:Away:19,complete_ten_defenders_unavailable
2,2570.04,metrica:Away:20,complete_ten_defenders_unavailable
2,2570.04,metrica:Away:21,complete_ten_defenders_unavailable
2,2570.04,metrica:Away:22,attacker_complete_support_unavailable
2,2570.04,metrica:Away:23,complete_ten_defenders_unavailable
2,2570.04,metrica:Away:24,complete_ten_defenders_unavailable
2,2570.04,metrica:Away:26,complete_ten_defenders_unavailable
2,2574.04,metrica:Away:15,attacker_complete_support_unavailable
2,2574.04,metrica:Away:16,complete_ten_defenders_unavailable
2,2574.04,metrica:Away:17,complete_ten_defenders_unavailable
2,2574.04,metrica:Away:18,complete_ten_defenders_unavailable
2,2574.04,metrica:Away:19,complete_ten_defenders_unavailable
2,2574.04,metrica:Away:20,complete_ten_defenders_unavailable
2,2574.04,metrica:Away:21,complete_ten_defenders_unavailable
2,2574.04,metrica:Away:22,attacker_complete_support_unavailable
2,2574.04,metrica:Away:23,complete_ten_defenders_unavailable
2,2574.04,metrica:Away:24,complete_ten_defenders_unavailable
2,2574.04,metrica:Away:26,complete_ten_defenders_unavailable
2,2578.04,metrica:Away:15,attacker_complete_support_unavailable
2,2578.04,metrica:Away:16,complete_ten_defenders_unavailable
2,2578.04,metrica:Away:17,complete_ten_defenders_unavailable
2,2578.04,metrica:Away:18,complete_ten_defenders_unavailable
2,2578.04,metrica:Away:19,complete_ten_defenders_unavailable
2,2578.04,metrica:Away:20,complete_ten_defenders_unavailable
2,2578.04,metrica:Away:21,complete_ten_defenders_unavailable
2,2578.04,metrica:Away:22,attacker_complete_support_unavailable
2,2578.04,metrica:Away:23,complete_ten_defenders_unavailable
2,2578.04,metrica:Away:24,complete_ten_defenders_unavailable
2,2578.04,metrica:Away:26,complete_ten_defenders_unavailable
2,2582.04,metrica:Away:15,attacker_complete_support_unavailable
2,2582.04,metrica:Away:16,complete_ten_defenders_unavailable
2,2582.04,metrica:Away:17,complete_ten_defenders_unavailable
2,2582.04,metrica:Away:18,complete_ten_defenders_unavailable
2,2582.04,metrica:Away:19,complete_ten_defenders_unavailable
2,2582.04,metrica:Away:20,complete_ten_defenders_unavailable
2,2582.04,metrica:Away:21,complete_ten_defenders_unavailable
2,2582.04,metrica:Away:22,attacker_complete_support_unavailable
2,2582.04,metrica:Away:23,complete_ten_defenders_unavailable
2,2582.04,metrica:Away:24,complete_ten_defenders_unavailable
2,2582.04,metrica:Away:26,complete_ten_defenders_unavailable
2,2586.04,metrica:Away:15,restart_or_ball_out_span
2,2586.04,metrica:Away:16,restart_or_ball_out_span
2,2586.04,metrica:Away:17,restart_or_ball_out_span
2,2586.04,metrica:Away:18,restart_or_ball_out_span
2,2586.04,metrica:Away:19,restart_or_ball_out_span
2,2586.04,metrica:Away:20,restart_or_ball_out_span
2,2586.04,metrica:Away:21,restart_or_ball_out_span
2,2586.04,metrica:Away:22,restart_or_ball_out_span
2,2586.04,metrica:Away:23,restart_or_ball_out_span
2,2586.04,metrica:Away:24,restart_or_ball_out_span
2,2586.04,metrica:Away:26,restart_or_ball_out_span
2,2590.04,metrica:Away:15,attacker_complete_support_unavailable
2,2590.04,metrica:Away:16,complete_ten_defenders_unavailable
2,2590.04,metrica:Away:17,complete_ten_defenders_unavailable
2,2590.04,metrica:Away:18,complete_ten_defenders_unavailable
2,2590.04,metrica:Away:19,complete_ten_defenders_unavailable
2,2590.04,metrica:Away:20,complete_ten_defenders_unavailable
2,2590.04,metrica:Away:21,complete_ten_defenders_unavailable
2,2590.04,metrica:Away:22,attacker_complete_support_unavailable
2,2590.04,metrica:Away:23,complete_ten_defenders_unavailable
2,2590.04,metrica:Away:24,complete_ten_defenders_unavailable
2,2590.04,metrica:Away:26,complete_ten_defenders_unavailable
2,2594.04,metrica:Away:15,attacker_complete_support_unavailable
2,2594.04,metrica:Away:16,complete_ten_defenders_unavailable
2,2594.04,metrica:Away:17,complete_ten_defenders_unavailable
2,2594.04,metrica:Away:18,complete_ten_defenders_unavailable
2,2594.04,metrica:Away:19,complete_ten_defenders_unavailable
2,2594.04,metrica:Away:20,complete_ten_defenders_unavailable
2,2594.04,metrica:Away:21,complete_ten_defenders_unavailable
2,2594.04,metrica:Away:22,attacker_complete_support_unavailable
2,2594.04,metrica:Away:23,complete_ten_defenders_unavailable
2,2594.04,metrica:Away:24,complete_ten_defenders_unavailable
2,2594.04,metrica:Away:26,complete_ten_defenders_unavailable
2,2598.04,metrica:Away:15,attacker_complete_support_unavailable
2,2598.04,metrica:Away:16,complete_ten_defenders_unavailable
2,2598.04,metrica:Away:17,complete_ten_defenders_unavailable
2,2598.04,metrica:Away:18,complete_ten_defenders_unavailable
2,2598.04,metrica:Away:19,complete_ten_defenders_unavailable
2,2598.04,metrica:Away:20,complete_ten_defenders_unavailable
2,2598.04,metrica:Away:21,complete_ten_defenders_unavailable
2,2598.04,metrica:Away:22,attacker_complete_support_unavailable
2,2598.04,metrica:Away:23,complete_ten_defenders_unavailable
2,2598.04,metrica:Away:24,complete_ten_defenders_unavailable
2,2598.04,metrica:Away:26,complete_ten_defenders_unavailable
2,2602.04,metrica:Away:15,attacker_complete_support_unavailable
2,2602.04,metrica:Away:16,complete_ten_defenders_unavailable
2,2602.04,metrica:Away:17,complete_ten_defenders_unavailable
2,2602.04,metrica:Away:18,complete_ten_defenders_unavailable
2,2602.04,metrica:Away:19,complete_ten_defenders_unavailable
2,2602.04,metrica:Away:20,complete_ten_defenders_unavailable
2,2602.04,metrica:Away:21,complete_ten_defenders_unavailable
2,2602.04,metrica:Away:22,attacker_complete_support_unavailable
2,2602.04,metrica:Away:23,complete_ten_defenders_unavailable
2,2602.04,metrica:Away:24,complete_ten_defenders_unavailable
2,2602.04,metrica:Away:26,complete_ten_defenders_unavailable
2,2606.04,metrica:Away:15,attacker_complete_support_unavailable
2,2606.04,metrica:Away:16,complete_ten_defenders_unavailable
2,2606.04,metrica:Away:17,complete_ten_defenders_unavailable
2,2606.04,metrica:Away:18,complete_ten_defenders_unavailable
2,2606.04,metrica:Away:19,complete_ten_defenders_unavailable
2,2606.04,metrica:Away:20,complete_ten_defenders_unavailable
2,2606.04,metrica:Away:21,complete_ten_defenders_unavailable
2,2606.04,metrica:Away:22,attacker_complete_support_unavailable
2,2606.04,metrica:Away:23,complete_ten_defenders_unavailable
2,2606.04,metrica:Away:24,complete_ten_defenders_unavailable
2,2606.04,metrica:Away:26,complete_ten_defenders_unavailable
2,2610.04,metrica:Away:15,attacker_complete_support_unavailable
2,2610.04,metrica:Away:16,complete_ten_defenders_unavailable
2,2610.04,metrica:Away:17,complete_ten_defenders_unavailable
2,2610.04,metrica:Away:18,complete_ten_defenders_unavailable
2,2610.04,metrica:Away:19,complete_ten_defenders_unavailable
2,2610.04,metrica:Away:20,complete_ten_defenders_unavailable
2,2610.04,metrica:Away:21,complete_ten_defenders_unavailable
2,2610.04,metrica:Away:22,attacker_complete_support_unavailable
2,2610.04,metrica:Away:23,complete_ten_defenders_unavailable
2,2610.04,metrica:Away:24,complete_ten_defenders_unavailable
2,2610.04,metrica:Away:26,complete_ten_defenders_unavailable
2,2614.04,metrica:Away:15,attacker_complete_support_unavailable
2,2614.04,metrica:Away:16,complete_ten_defenders_unavailable
2,2614.04,metrica:Away:17,complete_ten_defenders_unavailable
2,2614.04,metrica:Away:18,complete_ten_defenders_unavailable
2,2614.04,metrica:Away:19,complete_ten_defenders_unavailable
2,2614.04,metrica:Away:20,complete_ten_defenders_unavailable
2,2614.04,metrica:Away:21,complete_ten_defenders_unavailable
2,2614.04,metrica:Away:22,attacker_complete_support_unavailable
2,2614.04,metrica:Away:23,complete_ten_defenders_unavailable
2,2614.04,metrica:Away:24,complete_ten_defenders_unavailable
2,2614.04,metrica:Away:26,complete_ten_defenders_unavailable
2,2618.04,metrica:Home:1,restart_or_ball_out_span
2,2618.04,metrica:Home:10,restart_or_ball_out_span
2,2618.04,metrica:Home:12,restart_or_ball_out_span
2,2618.04,metrica:Home:13,restart_or_ball_out_span
2,2618.04,metrica:Home:14,restart_or_ball_out_span
2,2618.04,metrica:Home:2,restart_or_ball_out_span
2,2618.04,metrica:Home:3,restart_or_ball_out_span
2,2618.04,metrica:Home:4,restart_or_ball_out_span
2,2618.04,metrica:Home:5,restart_or_ball_out_span
2,2618.04,metrica:Home:6,restart_or_ball_out_span
2,2618.04,metrica:Home:7,restart_or_ball_out_span
2,2618.04,metrica:Home:8,restart_or_ball_out_span
2,2618.04,metrica:Home:9,restart_or_ball_out_span
2,2622.04,metrica:Home:1,complete_ten_defenders_unavailable
2,2622.04,metrica:Home:10,attacker_complete_support_unavailable
2,2622.04,metrica:Home:12,complete_ten_defenders_unavailable
2,2622.04,metrica:Home:13,complete_ten_defenders_unavailable
2,2622.04,metrica:Home:14,complete_ten_defenders_unavailable
2,2622.04,metrica:Home:2,complete_ten_defenders_unavailable
2,2622.04,metrica:Home:3,complete_ten_defenders_unavailable
2,2622.04,metrica:Home:4,attacker_complete_support_unavailable
2,2622.04,metrica:Home:5,attacker_complete_support_unavailable
2,2622.04,metrica:Home:6,complete_ten_defenders_unavailable
2,2622.04,metrica:Home:7,attacker_complete_support_unavailable
2,2622.04,metrica:Home:8,attacker_complete_support_unavailable
2,2622.04,metrica:Home:9,complete_ten_defenders_unavailable
2,2626.04,metrica:Home:1,restart_or_ball_out_span
2,2626.04,metrica:Home:10,restart_or_ball_out_span
2,2626.04,metrica:Home:12,restart_or_ball_out_span
2,2626.04,metrica:Home:13,restart_or_ball_out_span
2,2626.04,metrica:Home:14,restart_or_ball_out_span
2,2626.04,metrica:Home:2,restart_or_ball_out_span
2,2626.04,metrica:Home:3,restart_or_ball_out_span
2,2626.04,metrica:Home:4,restart_or_ball_out_span
2,2626.04,metrica:Home:5,restart_or_ball_out_span
2,2626.04,metrica:Home:6,restart_or_ball_out_span
2,2626.04,metrica:Home:7,restart_or_ball_out_span
2,2626.04,metrica:Home:8,restart_or_ball_out_span
2,2626.04,metrica:Home:9,restart_or_ball_out_span
2,2630.04,metrica:Home:1,complete_ten_defenders_unavailable
2,2630.04,metrica:Home:10,attacker_complete_support_unavailable
2,2630.04,metrica:Home:12,complete_ten_defenders_unavailable
2,2630.04,metrica:Home:13,complete_ten_defenders_unavailable
2,2630.04,metrica:Home:14,complete_ten_defenders_unavailable
2,2630.04,metrica:Home:2,complete_ten_defenders_unavailable
2,2630.04,metrica:Home:3,complete_ten_defenders_unavailable
2,2630.04,metrica:Home:4,attacker_complete_support_unavailable
2,2630.04,metrica:Home:5,attacker_complete_support_unavailable
2,2630.04,metrica:Home:6,complete_ten_defenders_unavailable
2,2630.04,metrica:Home:7,attacker_complete_support_unavailable
2,2630.04,metrica:Home:8,attacker_complete_support_unavailable
2,2630.04,metrica:Home:9,complete_ten_defenders_unavailable
2,2634.04,metrica:Away:15,restart_or_ball_out_span
2,2634.04,metrica:Away:16,restart_or_ball_out_span
2,2634.04,metrica:Away:17,restart_or_ball_out_span
2,2634.04,metrica:Away:18,restart_or_ball_out_span
2,2634.04,metrica:Away:19,restart_or_ball_out_span
2,2634.04,metrica:Away:20,restart_or_ball_out_span
2,2634.04,metrica:Away:21,restart_or_ball_out_span
2,2634.04,metrica:Away:22,restart_or_ball_out_span
2,2634.04,metrica:Away:23,restart_or_ball_out_span
2,2634.04,metrica:Away:24,restart_or_ball_out_span
2,2634.04,metrica:Away:26,restart_or_ball_out_span
2,2638.04,metrica:Away:15,attacker_complete_support_unavailable
2,2638.04,metrica:Away:16,complete_ten_defenders_unavailable
2,2638.04,metrica:Away:17,complete_ten_defenders_unavailable
2,2638.04,metrica:Away:18,complete_ten_defenders_unavailable
2,2638.04,metrica:Away:19,complete_ten_defenders_unavailable
2,2638.04,metrica:Away:20,complete_ten_defenders_unavailable
2,2638.04,metrica:Away:21,complete_ten_defenders_unavailable
2,2638.04,metrica:Away:22,attacker_complete_support_unavailable
2,2638.04,metrica:Away:23,complete_ten_defenders_unavailable
2,2638.04,metrica:Away:24,complete_ten_defenders_unavailable
2,2638.04,metrica:Away:26,complete_ten_defenders_unavailable
2,2642.04,metrica:Away:15,attacker_complete_support_unavailable
2,2642.04,metrica:Away:16,complete_ten_defenders_unavailable
2,2642.04,metrica:Away:17,complete_ten_defenders_unavailable
2,2642.04,metrica:Away:18,complete_ten_defenders_unavailable
2,2642.04,metrica:Away:19,complete_ten_defenders_unavailable
2,2642.04,metrica:Away:20,complete_ten_defenders_unavailable
2,2642.04,metrica:Away:21,complete_ten_defenders_unavailable
2,2642.04,metrica:Away:22,attacker_complete_support_unavailable
2,2642.04,metrica:Away:23,complete_ten_defenders_unavailable
2,2642.04,metrica:Away:24,complete_ten_defenders_unavailable
2,2642.04,metrica:Away:26,complete_ten_defenders_unavailable
2,2646.04,metrica:Home:1,complete_ten_defenders_unavailable
2,2646.04,metrica:Home:10,attacker_complete_support_unavailable
2,2646.04,metrica:Home:12,complete_ten_defenders_unavailable
2,2646.04,metrica:Home:13,complete_ten_defenders_unavailable
2,2646.04,metrica:Home:14,complete_ten_defenders_unavailable
2,2646.04,metrica:Home:2,complete_ten_defenders_unavailable
2,2646.04,metrica:Home:3,complete_ten_defenders_unavailable
2,2646.04,metrica:Home:4,attacker_complete_support_unavailable
2,2646.04,metrica:Home:5,attacker_complete_support_unavailable
2,2646.04,metrica:Home:6,complete_ten_defenders_unavailable
2,2646.04,metrica:Home:7,attacker_complete_support_unavailable
2,2646.04,metrica:Home:8,attacker_complete_support_unavailable
2,2646.04,metrica:Home:9,complete_ten_defenders_unavailable
2,2650.04,metrica:Away:15,attacker_complete_support_unavailable
2,2650.04,metrica:Away:16,complete_ten_defenders_unavailable
2,2650.04,metrica:Away:17,complete_ten_defenders_unavailable
2,2650.04,metrica:Away:18,complete_ten_defenders_unavailable
2,2650.04,metrica:Away:19,complete_ten_defenders_unavailable
2,2650.04,metrica:Away:20,complete_ten_defenders_unavailable
2,2650.04,metrica:Away:21,complete_ten_defenders_unavailable
2,2650.04,metrica:Away:22,attacker_complete_support_unavailable
2,2650.04,metrica:Away:23,complete_ten_defenders_unavailable
2,2650.04,metrica:Away:24,complete_ten_defenders_unavailable
2,2650.04,metrica:Away:26,complete_ten_defenders_unavailable
2,2654.04,metrica:Away:15,attacker_complete_support_unavailable
2,2654.04,metrica:Away:16,complete_ten_defenders_unavailable
2,2654.04,metrica:Away:17,complete_ten_defenders_unavailable
2,2654.04,metrica:Away:18,complete_ten_defenders_unavailable
2,2654.04,metrica:Away:19,complete_ten_defenders_unavailable
2,2654.04,metrica:Away:20,complete_ten_defenders_unavailable
2,2654.04,metrica:Away:21,complete_ten_defenders_unavailable
2,2654.04,metrica:Away:22,attacker_complete_support_unavailable
2,2654.04,metrica:Away:23,complete_ten_defenders_unavailable
2,2654.04,metrica:Away:24,complete_ten_defenders_unavailable
2,2654.04,metrica:Away:26,complete_ten_defenders_unavailable
2,2658.04,metrica:Away:15,attacker_complete_support_unavailable
2,2658.04,metrica:Away:16,complete_ten_defenders_unavailable
2,2658.04,metrica:Away:17,complete_ten_defenders_unavailable
2,2658.04,metrica:Away:18,complete_ten_defenders_unavailable
2,2658.04,metrica:Away:19,complete_ten_defenders_unavailable
2,2658.04,metrica:Away:20,complete_ten_defenders_unavailable
2,2658.04,metrica:Away:21,complete_ten_defenders_unavailable
2,2658.04,metrica:Away:22,attacker_complete_support_unavailable
2,2658.04,metrica:Away:23,complete_ten_defenders_unavailable
2,2658.04,metrica:Away:24,complete_ten_defenders_unavailable
2,2658.04,metrica:Away:26,complete_ten_defenders_unavailable
2,2662.04,metrica:Away:15,attacker_complete_support_unavailable
2,2662.04,metrica:Away:16,complete_ten_defenders_unavailable
2,2662.04,metrica:Away:17,complete_ten_defenders_unavailable
2,2662.04,metrica:Away:18,complete_ten_defenders_unavailable
2,2662.04,metrica:Away:19,complete_ten_defenders_unavailable
2,2662.04,metrica:Away:20,complete_ten_defenders_unavailable
2,2662.04,metrica:Away:21,complete_ten_defenders_unavailable
2,2662.04,metrica:Away:22,attacker_complete_support_unavailable
2,2662.04,metrica:Away:23,complete_ten_defenders_unavailable
2,2662.04,metrica:Away:24,complete_ten_defenders_unavailable
2,2662.04,metrica:Away:26,complete_ten_defenders_unavailable
2,2666.04,metrica:Away:15,attacker_complete_support_unavailable
2,2666.04,metrica:Away:16,complete_ten_defenders_unavailable
2,2666.04,metrica:Away:17,complete_ten_defenders_unavailable
2,2666.04,metrica:Away:18,complete_ten_defenders_unavailable
2,2666.04,metrica:Away:19,complete_ten_defenders_unavailable
2,2666.04,metrica:Away:20,complete_ten_defenders_unavailable
2,2666.04,metrica:Away:21,complete_ten_defenders_unavailable
2,2666.04,metrica:Away:22,attacker_complete_support_unavailable
2,2666.04,metrica:Away:23,complete_ten_defenders_unavailable
2,2666.04,metrica:Away:24,complete_ten_defenders_unavailable
2,2666.04,metrica:Away:26,complete_ten_defenders_unavailable
2,2670.04,metrica:Away:15,attacker_complete_support_unavailable
2,2670.04,metrica:Away:16,complete_ten_defenders_unavailable
2,2670.04,metrica:Away:17,complete_ten_defenders_unavailable
2,2670.04,metrica:Away:18,complete_ten_defenders_unavailable
2,2670.04,metrica:Away:19,complete_ten_defenders_unavailable
2,2670.04,metrica:Away:20,complete_ten_defenders_unavailable
2,2670.04,metrica:Away:21,complete_ten_defenders_unavailable
2,2670.04,metrica:Away:22,attacker_complete_support_unavailable
2,2670.04,metrica:Away:23,complete_ten_defenders_unavailable
2,2670.04,metrica:Away:24,complete_ten_defenders_unavailable
2,2670.04,metrica:Away:26,complete_ten_defenders_unavailable
2,2674.04,metrica:Home:1,complete_ten_defenders_unavailable
2,2674.04,metrica:Home:10,attacker_complete_support_unavailable
2,2674.04,metrica:Home:12,complete_ten_defenders_unavailable
2,2674.04,metrica:Home:13,complete_ten_defenders_unavailable
2,2674.04,metrica:Home:14,complete_ten_defenders_unavailable
2,2674.04,metrica:Home:2,complete_ten_defenders_unavailable
2,2674.04,metrica:Home:3,complete_ten_defenders_unavailable
2,2674.04,metrica:Home:4,attacker_complete_support_unavailable
2,2674.04,metrica:Home:5,attacker_complete_support_unavailable
2,2674.04,metrica:Home:6,complete_ten_defenders_unavailable
2,2674.04,metrica:Home:7,attacker_complete_support_unavailable
2,2674.04,metrica:Home:8,attacker_complete_support_unavailable
2,2674.04,metrica:Home:9,complete_ten_defenders_unavailable
2,2678.04,metrica:Away:15,complete_ten_defenders_unavailable
2,2678.04,metrica:Away:16,complete_ten_defenders_unavailable
2,2678.04,metrica:Away:17,complete_ten_defenders_unavailable
2,2678.04,metrica:Away:18,complete_ten_defenders_unavailable
2,2678.04,metrica:Away:19,complete_ten_defenders_unavailable
2,2678.04,metrica:Away:20,complete_ten_defenders_unavailable
2,2678.04,metrica:Away:21,complete_ten_defenders_unavailable
2,2678.04,metrica:Away:22,attacker_complete_support_unavailable
2,2678.04,metrica:Away:23,complete_ten_defenders_unavailable
2,2678.04,metrica:Away:24,complete_ten_defenders_unavailable
2,2678.04,metrica:Away:26,complete_ten_defenders_unavailable
2,2682.04,metrica:Home:10,attacker_complete_support_unavailable
2,2682.04,metrica:Home:4,attacker_complete_support_unavailable
2,2682.04,metrica:Home:5,attacker_complete_support_unavailable
2,2682.04,metrica:Home:7,attacker_complete_support_unavailable
2,2682.04,metrica:Home:8,attacker_complete_support_unavailable
2,2686.04,metrica:Away:15,complete_ten_defenders_unavailable
2,2686.04,metrica:Away:16,complete_ten_defenders_unavailable
2,2686.04,metrica:Away:17,complete_ten_defenders_unavailable
2,2686.04,metrica:Away:18,complete_ten_defenders_unavailable
2,2686.04,metrica:Away:19,complete_ten_defenders_unavailable
2,2686.04,metrica:Away:20,complete_ten_defenders_unavailable
2,2686.04,metrica:Away:21,complete_ten_defenders_unavailable
2,2686.04,metrica:Away:22,attacker_complete_support_unavailable
2,2686.04,metrica:Away:23,complete_ten_defenders_unavailable
2,2686.04,metrica:Away:24,complete_ten_defenders_unavailable
2,2686.04,metrica:Away:26,complete_ten_defenders_unavailable
2,2690.04,metrica:Away:15,complete_ten_defenders_unavailable
2,2690.04,metrica:Away:16,complete_ten_defenders_unavailable
2,2690.04,metrica:Away:17,complete_ten_defenders_unavailable
2,2690.04,metrica:Away:18,complete_ten_defenders_unavailable
2,2690.04,metrica:Away:19,complete_ten_defenders_unavailable
2,2690.04,metrica:Away:20,complete_ten_defenders_unavailable
2,2690.04,metrica:Away:21,complete_ten_defenders_unavailable
2,2690.04,metrica:Away:22,attacker_complete_support_unavailable
2,2690.04,metrica:Away:23,complete_ten_defenders_unavailable
2,2690.04,metrica:Away:24,complete_ten_defenders_unavailable
2,2690.04,metrica:Away:26,complete_ten_defenders_unavailable
2,2694.04,metrica:Away:15,complete_ten_defenders_unavailable
2,2694.04,metrica:Away:16,complete_ten_defenders_unavailable
2,2694.04,metrica:Away:17,complete_ten_defenders_unavailable
2,2694.04,metrica:Away:18,complete_ten_defenders_unavailable
2,2694.04,metrica:Away:19,complete_ten_defenders_unavailable
2,2694.04,metrica:Away:20,complete_ten_defenders_unavailable
2,2694.04,metrica:Away:21,complete_ten_defenders_unavailable
2,2694.04,metrica:Away:22,attacker_complete_support_unavailable
2,2694.04,metrica:Away:23,complete_ten_defenders_unavailable
2,2694.04,metrica:Away:24,complete_ten_defenders_unavailable
2,2694.04,metrica:Away:26,complete_ten_defenders_unavailable
2,2698.04,metrica:Away:15,complete_ten_defenders_unavailable
2,2698.04,metrica:Away:16,complete_ten_defenders_unavailable
2,2698.04,metrica:Away:17,complete_ten_defenders_unavailable
2,2698.04,metrica:Away:18,complete_ten_defenders_unavailable
2,2698.04,metrica:Away:19,complete_ten_defenders_unavailable
2,2698.04,metrica:Away:20,complete_ten_defenders_unavailable
2,2698.04,metrica:Away:21,complete_ten_defenders_unavailable
2,2698.04,metrica:Away:22,attacker_complete_support_unavailable
2,2698.04,metrica:Away:23,complete_ten_defenders_unavailable
2,2698.04,metrica:Away:24,complete_ten_defenders_unavailable
2,2698.04,metrica:Away:26,complete_ten_defenders_unavailable
2,2702.04,metrica:Home:10,attacker_complete_support_unavailable
2,2702.04,metrica:Home:4,attacker_complete_support_unavailable
2,2702.04,metrica:Home:5,attacker_complete_support_unavailable
2,2702.04,metrica:Home:7,attacker_complete_support_unavailable
2,2702.04,metrica:Home:8,attacker_complete_support_unavailable
2,2706.04,metrica:Away:15,complete_ten_defenders_unavailable
2,2706.04,metrica:Away:16,complete_ten_defenders_unavailable
2,2706.04,metrica:Away:17,complete_ten_defenders_unavailable
2,2706.04,metrica:Away:18,complete_ten_defenders_unavailable
2,2706.04,metrica:Away:19,complete_ten_defenders_unavailable
2,2706.04,metrica:Away:20,complete_ten_defenders_unavailable
2,2706.04,metrica:Away:21,complete_ten_defenders_unavailable
2,2706.04,metrica:Away:22,attacker_complete_support_unavailable
2,2706.04,metrica:Away:23,complete_ten_defenders_unavailable
2,2706.04,metrica:Away:24,complete_ten_defenders_unavailable
2,2706.04,metrica:Away:26,complete_ten_defenders_unavailable
2,2710.04,metrica:Away:15,complete_ten_defenders_unavailable
2,2710.04,metrica:Away:16,complete_ten_defenders_unavailable
2,2710.04,metrica:Away:17,complete_ten_defenders_unavailable
2,2710.04,metrica:Away:18,complete_ten_defenders_unavailable
2,2710.04,metrica:Away:19,complete_ten_defenders_unavailable
2,2710.04,metrica:Away:20,complete_ten_defenders_unavailable
2,2710.04,metrica:Away:21,complete_ten_defenders_unavailable
2,2710.04,metrica:Away:22,attacker_complete_support_unavailable
2,2710.04,metrica:Away:23,complete_ten_defenders_unavailable
2,2710.04,metrica:Away:24,complete_ten_defenders_unavailable
2,2710.04,metrica:Away:26,complete_ten_defenders_unavailable
2,2714.04,metrica:Away:15,complete_ten_defenders_unavailable
2,2714.04,metrica:Away:16,complete_ten_defenders_unavailable
2,2714.04,metrica:Away:17,complete_ten_defenders_unavailable
2,2714.04,metrica:Away:18,complete_ten_defenders_unavailable
2,2714.04,metrica:Away:19,complete_ten_defenders_unavailable
2,2714.04,metrica:Away:20,complete_ten_defenders_unavailable
2,2714.04,metrica:Away:21,complete_ten_defenders_unavailable
2,2714.04,metrica:Away:22,attacker_complete_support_unavailable
2,2714.04,metrica:Away:23,complete_ten_defenders_unavailable
2,2714.04,metrica:Away:24,complete_ten_defenders_unavailable
2,2714.04,metrica:Away:26,complete_ten_defenders_unavailable
2,2718.04,metrica:Away:15,complete_ten_defenders_unavailable
2,2718.04,metrica:Away:16,complete_ten_defenders_unavailable
2,2718.04,metrica:Away:17,complete_ten_defenders_unavailable
2,2718.04,metrica:Away:18,complete_ten_defenders_unavailable
2,2718.04,metrica:Away:19,complete_ten_defenders_unavailable
2,2718.04,metrica:Away:20,complete_ten_defenders_unavailable
2,2718.04,metrica:Away:21,complete_ten_defenders_unavailable
2,2718.04,metrica:Away:22,attacker_complete_support_unavailable
2,2718.04,metrica:Away:23,complete_ten_defenders_unavailable
2,2718.04,metrica:Away:24,complete_ten_defenders_unavailable
2,2718.04,metrica:Away:26,complete_ten_defenders_unavailable
2,2722.04,metrica:Away:15,complete_ten_defenders_unavailable
2,2722.04,metrica:Away:16,complete_ten_defenders_unavailable
2,2722.04,metrica:Away:17,complete_ten_defenders_unavailable
2,2722.04,metrica:Away:18,complete_ten_defenders_unavailable
2,2722.04,metrica:Away:19,complete_ten_defenders_unavailable
2,2722.04,metrica:Away:20,complete_ten_defenders_unavailable
2,2722.04,metrica:Away:21,complete_ten_defenders_unavailable
2,2722.04,metrica:Away:22,attacker_complete_support_unavailable
2,2722.04,metrica:Away:23,complete_ten_defenders_unavailable
2,2722.04,metrica:Away:24,complete_ten_defenders_unavailable
2,2722.04,metrica:Away:26,complete_ten_defenders_unavailable
2,2726.04,metrica:Away:15,complete_ten_defenders_unavailable
2,2726.04,metrica:Away:16,complete_ten_defenders_unavailable
2,2726.04,metrica:Away:17,complete_ten_defenders_unavailable
2,2726.04,metrica:Away:18,complete_ten_defenders_unavailable
2,2726.04,metrica:Away:19,complete_ten_defenders_unavailable
2,2726.04,metrica:Away:20,complete_ten_defenders_unavailable
2,2726.04,metrica:Away:21,complete_ten_defenders_unavailable
2,2726.04,metrica:Away:22,attacker_complete_support_unavailable
2,2726.04,metrica:Away:23,complete_ten_defenders_unavailable
2,2726.04,metrica:Away:24,complete_ten_defenders_unavailable
2,2726.04,metrica:Away:26,complete_ten_defenders_unavailable
2,2730.04,metrica:Away:15,complete_ten_defenders_unavailable
2,2730.04,metrica:Away:16,complete_ten_defenders_unavailable
2,2730.04,metrica:Away:17,complete_ten_defenders_unavailable
2,2730.04,metrica:Away:18,complete_ten_defenders_unavailable
2,2730.04,metrica:Away:19,complete_ten_defenders_unavailable
2,2730.04,metrica:Away:20,complete_ten_defenders_unavailable
2,2730.04,metrica:Away:21,complete_ten_defenders_unavailable
2,2730.04,metrica:Away:22,attacker_complete_support_unavailable
2,2730.04,metrica:Away:23,complete_ten_defenders_unavailable
2,2730.04,metrica:Away:24,complete_ten_defenders_unavailable
2,2730.04,metrica:Away:26,complete_ten_defenders_unavailable
2,2734.04,metrica:Away:15,complete_ten_defenders_unavailable
2,2734.04,metrica:Away:16,complete_ten_defenders_unavailable
2,2734.04,metrica:Away:17,complete_ten_defenders_unavailable
2,2734.04,metrica:Away:18,complete_ten_defenders_unavailable
2,2734.04,metrica:Away:19,complete_ten_defenders_unavailable
2,2734.04,metrica:Away:20,complete_ten_defenders_unavailable
2,2734.04,metrica:Away:21,complete_ten_defenders_unavailable
2,2734.04,metrica:Away:22,attacker_complete_support_unavailable
2,2734.04,metrica:Away:23,complete_ten_defenders_unavailable
2,2734.04,metrica:Away:24,complete_ten_defenders_unavailable
2,2734.04,metrica:Away:26,complete_ten_defenders_unavailable
2,2738.04,metrica:Away:15,complete_ten_defenders_unavailable
2,2738.04,metrica:Away:16,complete_ten_defenders_unavailable
2,2738.04,metrica:Away:17,complete_ten_defenders_unavailable
2,2738.04,metrica:Away:18,complete_ten_defenders_unavailable
2,2738.04,metrica:Away:19,complete_ten_defenders_unavailable
2,2738.04,metrica:Away:20,complete_ten_defenders_unavailable
2,2738.04,metrica:Away:21,complete_ten_defenders_unavailable
2,2738.04,metrica:Away:22,attacker_complete_support_unavailable
2,2738.04,metrica:Away:23,complete_ten_defenders_unavailable
2,2738.04,metrica:Away:24,complete_ten_defenders_unavailable
2,2738.04,metrica:Away:26,complete_ten_defenders_unavailable
2,2742.04,metrica:Away:15,complete_ten_defenders_unavailable
2,2742.04,metrica:Away:16,complete_ten_defenders_unavailable
2,2742.04,metrica:Away:17,complete_ten_defenders_unavailable
2,2742.04,metrica:Away:18,complete_ten_defenders_unavailable
2,2742.04,metrica:Away:19,complete_ten_defenders_unavailable
2,2742.04,metrica:Away:20,complete_ten_defenders_unavailable
2,2742.04,metrica:Away:21,complete_ten_defenders_unavailable
2,2742.04,metrica:Away:22,attacker_complete_support_unavailable
2,2742.04,metrica:Away:23,complete_ten_defenders_unavailable
2,2742.04,metrica:Away:24,complete_ten_defenders_unavailable
2,2742.04,metrica:Away:26,complete_ten_defenders_unavailable
2,2746.04,metrica:Away:15,complete_ten_defenders_unavailable
2,2746.04,metrica:Away:16,complete_ten_defenders_unavailable
2,2746.04,metrica:Away:17,complete_ten_defenders_unavailable
2,2746.04,metrica:Away:18,complete_ten_defenders_unavailable
2,2746.04,metrica:Away:19,complete_ten_defenders_unavailable
2,2746.04,metrica:Away:20,complete_ten_defenders_unavailable
2,2746.04,metrica:Away:21,complete_ten_defenders_unavailable
2,2746.04,metrica:Away:22,attacker_complete_support_unavailable
2,2746.04,metrica:Away:23,complete_ten_defenders_unavailable
2,2746.04,metrica:Away:24,complete_ten_defenders_unavailable
2,2746.04,metrica:Away:26,complete_ten_defenders_unavailable
2,2750.04,metrica:Away:15,complete_ten_defenders_unavailable
2,2750.04,metrica:Away:16,complete_ten_defenders_unavailable
2,2750.04,metrica:Away:17,complete_ten_defenders_unavailable
2,2750.04,metrica:Away:18,complete_ten_defenders_unavailable
2,2750.04,metrica:Away:19,complete_ten_defenders_unavailable
2,2750.04,metrica:Away:20,complete_ten_defenders_unavailable
2,2750.04,metrica:Away:21,complete_ten_defenders_unavailable
2,2750.04,metrica:Away:22,attacker_complete_support_unavailable
2,2750.04,metrica:Away:23,complete_ten_defenders_unavailable
2,2750.04,metrica:Away:24,complete_ten_defenders_unavailable
2,2750.04,metrica:Away:26,complete_ten_defenders_unavailable
2,2754.04,metrica:Away:15,complete_ten_defenders_unavailable
2,2754.04,metrica:Away:16,complete_ten_defenders_unavailable
2,2754.04,metrica:Away:17,complete_ten_defenders_unavailable
2,2754.04,metrica:Away:18,complete_ten_defenders_unavailable
2,2754.04,metrica:Away:19,complete_ten_defenders_unavailable
2,2754.04,metrica:Away:20,complete_ten_defenders_unavailable
2,2754.04,metrica:Away:21,complete_ten_defenders_unavailable
2,2754.04,metrica:Away:22,attacker_complete_support_unavailable
2,2754.04,metrica:Away:23,complete_ten_defenders_unavailable
2,2754.04,metrica:Away:24,complete_ten_defenders_unavailable
2,2754.04,metrica:Away:26,complete_ten_defenders_unavailable
2,2758.04,metrica:Away:15,complete_ten_defenders_unavailable
2,2758.04,metrica:Away:16,complete_ten_defenders_unavailable
2,2758.04,metrica:Away:17,complete_ten_defenders_unavailable
2,2758.04,metrica:Away:18,complete_ten_defenders_unavailable
2,2758.04,metrica:Away:19,complete_ten_defenders_unavailable
2,2758.04,metrica:Away:20,complete_ten_defenders_unavailable
2,2758.04,metrica:Away:21,complete_ten_defenders_unavailable
2,2758.04,metrica:Away:22,attacker_complete_support_unavailable
2,2758.04,metrica:Away:23,complete_ten_defenders_unavailable
2,2758.04,metrica:Away:24,complete_ten_defenders_unavailable
2,2758.04,metrica:Away:26,complete_ten_defenders_unavailable
2,2762.04,metrica:Home:1,restart_or_ball_out_span
2,2762.04,metrica:Home:10,restart_or_ball_out_span
2,2762.04,metrica:Home:12,restart_or_ball_out_span
2,2762.04,metrica:Home:13,restart_or_ball_out_span
2,2762.04,metrica:Home:14,restart_or_ball_out_span
2,2762.04,metrica:Home:2,restart_or_ball_out_span
2,2762.04,metrica:Home:3,restart_or_ball_out_span
2,2762.04,metrica:Home:4,restart_or_ball_out_span
2,2762.04,metrica:Home:5,restart_or_ball_out_span
2,2762.04,metrica:Home:6,restart_or_ball_out_span
2,2762.04,metrica:Home:7,restart_or_ball_out_span
2,2762.04,metrica:Home:8,restart_or_ball_out_span
2,2762.04,metrica:Home:9,restart_or_ball_out_span
2,2766.04,metrica:Home:10,attacker_complete_support_unavailable
2,2766.04,metrica:Home:4,attacker_complete_support_unavailable
2,2766.04,metrica:Home:5,attacker_complete_support_unavailable
2,2766.04,metrica:Home:7,attacker_complete_support_unavailable
2,2766.04,metrica:Home:8,attacker_complete_support_unavailable
2,2770.04,metrica:Home:10,attacker_complete_support_unavailable
2,2770.04,metrica:Home:4,attacker_complete_support_unavailable
2,2770.04,metrica:Home:5,attacker_complete_support_unavailable
2,2770.04,metrica:Home:7,attacker_complete_support_unavailable
2,2770.04,metrica:Home:8,attacker_complete_support_unavailable
2,2774.04,metrica:Home:10,attacker_complete_support_unavailable
2,2774.04,metrica:Home:4,attacker_complete_support_unavailable
2,2774.04,metrica:Home:5,attacker_complete_support_unavailable
2,2774.04,metrica:Home:7,attacker_complete_support_unavailable
2,2774.04,metrica:Home:8,attacker_complete_support_unavailable
2,2778.04,metrica:Home:10,attacker_complete_support_unavailable
2,2778.04,metrica:Home:4,attacker_complete_support_unavailable
2,2778.04,metrica:Home:5,attacker_complete_support_unavailable
2,2778.04,metrica:Home:7,attacker_complete_support_unavailable
2,2778.04,metrica:Home:8,attacker_complete_support_unavailable
2,2782.04,metrica:Home:10,attacker_complete_support_unavailable
2,2782.04,metrica:Home:4,attacker_complete_support_unavailable
2,2782.04,metrica:Home:5,attacker_complete_support_unavailable
2,2782.04,metrica:Home:7,attacker_complete_support_unavailable
2,2782.04,metrica:Home:8,attacker_complete_support_unavailable
2,2786.04,metrica:Home:10,attacker_complete_support_unavailable
2,2786.04,metrica:Home:4,attacker_complete_support_unavailable
2,2786.04,metrica:Home:5,attacker_complete_support_unavailable
2,2786.04,metrica:Home:7,attacker_complete_support_unavailable
2,2786.04,metrica:Home:8,attacker_complete_support_unavailable
2,2790.04,metrica:Home:10,attacker_complete_support_unavailable
2,2790.04,metrica:Home:4,attacker_complete_support_unavailable
2,2790.04,metrica:Home:5,attacker_complete_support_unavailable
2,2790.04,metrica:Home:7,attacker_complete_support_unavailable
2,2790.04,metrica:Home:8,attacker_complete_support_unavailable
2,2794.04,metrica:Home:10,attacker_complete_support_unavailable
2,2794.04,metrica:Home:4,attacker_complete_support_unavailable
2,2794.04,metrica:Home:5,attacker_complete_support_unavailable
2,2794.04,metrica:Home:7,attacker_complete_support_unavailable
2,2794.04,metrica:Home:8,attacker_complete_support_unavailable
2,2798.04,metrica:Home:10,attacker_complete_support_unavailable
2,2798.04,metrica:Home:4,attacker_complete_support_unavailable
2,2798.04,metrica:Home:5,attacker_complete_support_unavailable
2,2798.04,metrica:Home:7,attacker_complete_support_unavailable
2,2798.04,metrica:Home:8,attacker_complete_support_unavailable
2,2802.04,metrica:Home:10,attacker_complete_support_unavailable
2,2802.04,metrica:Home:4,attacker_complete_support_unavailable
2,2802.04,metrica:Home:5,attacker_complete_support_unavailable
2,2802.04,metrica:Home:7,attacker_complete_support_unavailable
2,2802.04,metrica:Home:8,attacker_complete_support_unavailable
2,2806.04,metrica:Home:10,attacker_complete_support_unavailable
2,2806.04,metrica:Home:4,attacker_complete_support_unavailable
2,2806.04,metrica:Home:5,attacker_complete_support_unavailable
2,2806.04,metrica:Home:7,attacker_complete_support_unavailable
2,2806.04,metrica:Home:8,attacker_complete_support_unavailable
2,2810.04,metrica:Home:10,attacker_complete_support_unavailable
2,2810.04,metrica:Home:4,attacker_complete_support_unavailable
2,2810.04,metrica:Home:5,attacker_complete_support_unavailable
2,2810.04,metrica:Home:7,attacker_complete_support_unavailable
2,2810.04,metrica:Home:8,attacker_complete_support_unavailable
2,2814.04,metrica:Home:1,restart_or_ball_out_span
2,2814.04,metrica:Home:10,restart_or_ball_out_span
2,2814.04,metrica:Home:12,restart_or_ball_out_span
2,2814.04,metrica:Home:13,restart_or_ball_out_span
2,2814.04,metrica:Home:14,restart_or_ball_out_span
2,2814.04,metrica:Home:2,restart_or_ball_out_span
2,2814.04,metrica:Home:3,restart_or_ball_out_span
2,2814.04,metrica:Home:4,restart_or_ball_out_span
2,2814.04,metrica:Home:5,restart_or_ball_out_span
2,2814.04,metrica:Home:6,restart_or_ball_out_span
2,2814.04,metrica:Home:7,restart_or_ball_out_span
2,2814.04,metrica:Home:8,restart_or_ball_out_span
2,2814.04,metrica:Home:9,restart_or_ball_out_span
2,2818.04,metrica:Home:10,attacker_complete_support_unavailable
2,2818.04,metrica:Home:4,attacker_complete_support_unavailable
2,2818.04,metrica:Home:5,attacker_complete_support_unavailable
2,2818.04,metrica:Home:7,attacker_complete_support_unavailable
2,2818.04,metrica:Home:8,attacker_complete_support_unavailable
2,2822.04,metrica:Home:10,attacker_complete_support_unavailable
2,2822.04,metrica:Home:4,attacker_complete_support_unavailable
2,2822.04,metrica:Home:5,attacker_complete_support_unavailable
2,2822.04,metrica:Home:7,attacker_complete_support_unavailable
2,2822.04,metrica:Home:8,attacker_complete_support_unavailable
2,2826.04,metrica:Home:10,attacker_complete_support_unavailable
2,2826.04,metrica:Home:12,attacker_complete_support_unavailable
2,2826.04,metrica:Home:4,attacker_complete_support_unavailable
2,2826.04,metrica:Home:5,attacker_complete_support_unavailable
2,2826.04,metrica:Home:7,attacker_complete_support_unavailable
2,2826.04,metrica:Home:8,attacker_complete_support_unavailable
2,2830.04,metrica:Home:10,attacker_complete_support_unavailable
2,2830.04,metrica:Home:4,attacker_complete_support_unavailable
2,2830.04,metrica:Home:5,attacker_complete_support_unavailable
2,2830.04,metrica:Home:7,attacker_complete_support_unavailable
2,2830.04,metrica:Home:8,attacker_complete_support_unavailable
2,2834.04,metrica:Home:10,attacker_complete_support_unavailable
2,2834.04,metrica:Home:4,attacker_complete_support_unavailable
2,2834.04,metrica:Home:5,attacker_complete_support_unavailable
2,2834.04,metrica:Home:7,attacker_complete_support_unavailable
2,2834.04,metrica:Home:8,attacker_complete_support_unavailable
2,2838.04,metrica:Home:10,attacker_complete_support_unavailable
2,2838.04,metrica:Home:3,attacker_complete_support_unavailable
2,2838.04,metrica:Home:4,attacker_complete_support_unavailable
2,2838.04,metrica:Home:5,attacker_complete_support_unavailable
2,2838.04,metrica:Home:7,attacker_complete_support_unavailable
2,2838.04,metrica:Home:8,attacker_complete_support_unavailable
2,2842.04,metrica:Home:1,complete_ten_defenders_unavailable
2,2842.04,metrica:Home:10,attacker_complete_support_unavailable
2,2842.04,metrica:Home:12,complete_ten_defenders_unavailable
2,2842.04,metrica:Home:13,complete_ten_defenders_unavailable
2,2842.04,metrica:Home:14,complete_ten_defenders_unavailable
2,2842.04,metrica:Home:2,complete_ten_defenders_unavailable
2,2842.04,metrica:Home:3,attacker_complete_support_unavailable
2,2842.04,metrica:Home:4,attacker_complete_support_unavailable
2,2842.04,metrica:Home:5,attacker_complete_support_unavailable
2,2842.04,metrica:Home:6,complete_ten_defenders_unavailable
2,2842.04,metrica:Home:7,attacker_complete_support_unavailable
2,2842.04,metrica:Home:8,attacker_complete_support_unavailable
2,2842.04,metrica:Home:9,complete_ten_defenders_unavailable
2,2846.04,metrica:Home:1,complete_ten_defenders_unavailable
2,2846.04,metrica:Home:10,attacker_complete_support_unavailable
2,2846.04,metrica:Home:12,complete_ten_defenders_unavailable
2,2846.04,metrica:Home:13,complete_ten_defenders_unavailable
2,2846.04,metrica:Home:14,complete_ten_defenders_unavailable
2,2846.04,metrica:Home:2,complete_ten_defenders_unavailable
2,2846.04,metrica:Home:3,complete_ten_defenders_unavailable
2,2846.04,metrica:Home:4,attacker_complete_support_unavailable
2,2846.04,metrica:Home:5,attacker_complete_support_unavailable
2,2846.04,metrica:Home:6,complete_ten_defenders_unavailable
2,2846.04,metrica:Home:7,attacker_complete_support_unavailable
2,2846.04,metrica:Home:8,attacker_complete_support_unavailable
2,2846.04,metrica:Home:9,complete_ten_defenders_unavailable
2,2850.04,metrica:Home:1,complete_ten_defenders_unavailable
2,2850.04,metrica:Home:10,attacker_complete_support_unavailable
2,2850.04,metrica:Home:12,complete_ten_defenders_unavailable
2,2850.04,metrica:Home:13,complete_ten_defenders_unavailable
2,2850.04,metrica:Home:14,complete_ten_defenders_unavailable
2,2850.04,metrica:Home:2,complete_ten_defenders_unavailable
2,2850.04,metrica:Home:3,complete_ten_defenders_unavailable
2,2850.04,metrica:Home:4,attacker_complete_support_unavailable
2,2850.04,metrica:Home:5,attacker_complete_support_unavailable
2,2850.04,metrica:Home:6,complete_ten_defenders_unavailable
2,2850.04,metrica:Home:7,attacker_complete_support_unavailable
2,2850.04,metrica:Home:8,attacker_complete_support_unavailable
2,2850.04,metrica:Home:9,complete_ten_defenders_unavailable
2,2854.04,metrica:Home:10,attacker_complete_support_unavailable
2,2854.04,metrica:Home:4,attacker_complete_support_unavailable
2,2854.04,metrica:Home:5,attacker_complete_support_unavailable
2,2854.04,metrica:Home:7,attacker_complete_support_unavailable
2,2854.04,metrica:Home:8,attacker_complete_support_unavailable
2,2858.04,metrica:Home:10,attacker_complete_support_unavailable
2,2858.04,metrica:Home:4,attacker_complete_support_unavailable
2,2858.04,metrica:Home:5,attacker_complete_support_unavailable
2,2858.04,metrica:Home:7,attacker_complete_support_unavailable
2,2858.04,metrica:Home:8,attacker_complete_support_unavailable
2,2862.04,metrica:Home:10,attacker_complete_support_unavailable
2,2862.04,metrica:Home:4,attacker_complete_support_unavailable
2,2862.04,metrica:Home:5,attacker_complete_support_unavailable
2,2862.04,metrica:Home:7,attacker_complete_support_unavailable
2,2862.04,metrica:Home:8,attacker_complete_support_unavailable
2,2866.04,metrica:Home:10,attacker_complete_support_unavailable
2,2866.04,metrica:Home:4,attacker_complete_support_unavailable
2,2866.04,metrica:Home:5,attacker_complete_support_unavailable
2,2866.04,metrica:Home:7,attacker_complete_support_unavailable
2,2866.04,metrica:Home:8,attacker_complete_support_unavailable
2,2870.04,metrica:Home:10,attacker_complete_support_unavailable
2,2870.04,metrica:Home:4,attacker_complete_support_unavailable
2,2870.04,metrica:Home:5,attacker_complete_support_unavailable
2,2870.04,metrica:Home:7,attacker_complete_support_unavailable
2,2870.04,metrica:Home:8,attacker_complete_support_unavailable
2,2874.04,metrica:Home:10,attacker_complete_support_unavailable
2,2874.04,metrica:Home:4,attacker_complete_support_unavailable
2,2874.04,metrica:Home:5,attacker_complete_support_unavailable
2,2874.04,metrica:Home:7,attacker_complete_support_unavailable
2,2874.04,metrica:Home:8,attacker_complete_support_unavailable
2,2878.04,metrica:Home:1,restart_or_ball_out_span
2,2878.04,metrica:Home:10,restart_or_ball_out_span
2,2878.04,metrica:Home:12,restart_or_ball_out_span
2,2878.04,metrica:Home:13,restart_or_ball_out_span
2,2878.04,metrica:Home:14,restart_or_ball_out_span
2,2878.04,metrica:Home:2,restart_or_ball_out_span
2,2878.04,metrica:Home:3,restart_or_ball_out_span
2,2878.04,metrica:Home:4,restart_or_ball_out_span
2,2878.04,metrica:Home:5,restart_or_ball_out_span
2,2878.04,metrica:Home:6,restart_or_ball_out_span
2,2878.04,metrica:Home:7,restart_or_ball_out_span
2,2878.04,metrica:Home:8,restart_or_ball_out_span
2,2878.04,metrica:Home:9,restart_or_ball_out_span
2,2882.04,metrica:Away:15,complete_ten_defenders_unavailable
2,2882.04,metrica:Away:16,complete_ten_defenders_unavailable
2,2882.04,metrica:Away:17,complete_ten_defenders_unavailable
2,2882.04,metrica:Away:18,complete_ten_defenders_unavailable
2,2882.04,metrica:Away:19,complete_ten_defenders_unavailable
2,2882.04,metrica:Away:20,complete_ten_defenders_unavailable
2,2882.04,metrica:Away:21,complete_ten_defenders_unavailable
2,2882.04,metrica:Away:22,attacker_complete_support_unavailable
2,2882.04,metrica:Away:23,complete_ten_defenders_unavailable
2,2882.04,metrica:Away:24,complete_ten_defenders_unavailable
2,2882.04,metrica:Away:26,complete_ten_defenders_unavailable
2,2886.04,metrica:Away:15,complete_ten_defenders_unavailable
2,2886.04,metrica:Away:16,complete_ten_defenders_unavailable
2,2886.04,metrica:Away:17,complete_ten_defenders_unavailable
2,2886.04,metrica:Away:18,complete_ten_defenders_unavailable
2,2886.04,metrica:Away:19,complete_ten_defenders_unavailable
2,2886.04,metrica:Away:20,complete_ten_defenders_unavailable
2,2886.04,metrica:Away:21,complete_ten_defenders_unavailable
2,2886.04,metrica:Away:22,attacker_complete_support_unavailable
2,2886.04,metrica:Away:23,complete_ten_defenders_unavailable
2,2886.04,metrica:Away:24,complete_ten_defenders_unavailable
2,2886.04,metrica:Away:26,complete_ten_defenders_unavailable
2,2890.04,metrica:Away:15,complete_ten_defenders_unavailable
2,2890.04,metrica:Away:16,complete_ten_defenders_unavailable
2,2890.04,metrica:Away:17,complete_ten_defenders_unavailable
2,2890.04,metrica:Away:18,complete_ten_defenders_unavailable
2,2890.04,metrica:Away:19,complete_ten_defenders_unavailable
2,2890.04,metrica:Away:20,attacker_complete_support_unavailable
2,2890.04,metrica:Away:21,attacker_complete_support_unavailable
2,2890.04,metrica:Away:22,attacker_complete_support_unavailable
2,2890.04,metrica:Away:23,complete_ten_defenders_unavailable
2,2890.04,metrica:Away:24,complete_ten_defenders_unavailable
2,2890.04,metrica:Away:26,complete_ten_defenders_unavailable
2,2894.04,metrica:Home:1,restart_or_ball_out_span
2,2894.04,metrica:Home:10,restart_or_ball_out_span
2,2894.04,metrica:Home:12,restart_or_ball_out_span
2,2894.04,metrica:Home:13,restart_or_ball_out_span
2,2894.04,metrica:Home:14,restart_or_ball_out_span
2,2894.04,metrica:Home:2,restart_or_ball_out_span
2,2894.04,metrica:Home:3,restart_or_ball_out_span
2,2894.04,metrica:Home:4,restart_or_ball_out_span
2,2894.04,metrica:Home:5,restart_or_ball_out_span
2,2894.04,metrica:Home:6,restart_or_ball_out_span
2,2894.04,metrica:Home:7,restart_or_ball_out_span
2,2894.04,metrica:Home:8,restart_or_ball_out_span
2,2894.04,metrica:Home:9,restart_or_ball_out_span
2,2898.04,metrica:Home:10,attacker_complete_support_unavailable
2,2898.04,metrica:Home:4,attacker_complete_support_unavailable
2,2898.04,metrica:Home:8,attacker_complete_support_unavailable
2,2902.04,metrica:Home:10,attacker_complete_support_unavailable
2,2902.04,metrica:Home:4,attacker_complete_support_unavailable
2,2902.04,metrica:Home:8,attacker_complete_support_unavailable
2,2906.04,metrica:Home:10,attacker_complete_support_unavailable
2,2906.04,metrica:Home:12,attacker_complete_support_unavailable
2,2906.04,metrica:Home:4,attacker_complete_support_unavailable
2,2906.04,metrica:Home:8,attacker_complete_support_unavailable
2,2906.04,metrica:Home:9,attacker_complete_support_unavailable
2,2910.04,metrica:Home:10,attacker_complete_support_unavailable
2,2910.04,metrica:Home:4,attacker_complete_support_unavailable
2,2910.04,metrica:Home:8,attacker_complete_support_unavailable
2,2914.04,metrica:Home:10,attacker_complete_support_unavailable
2,2914.04,metrica:Home:4,attacker_complete_support_unavailable
2,2914.04,metrica:Home:8,attacker_complete_support_unavailable
2,2918.04,metrica:Home:10,attacker_complete_support_unavailable
2,2918.04,metrica:Home:4,attacker_complete_support_unavailable
2,2918.04,metrica:Home:8,attacker_complete_support_unavailable
2,2922.04,metrica:Home:10,attacker_complete_support_unavailable
2,2922.04,metrica:Home:4,attacker_complete_support_unavailable
2,2922.04,metrica:Home:8,attacker_complete_support_unavailable
2,2926.04,metrica:Home:10,attacker_complete_support_unavailable
2,2926.04,metrica:Home:4,attacker_complete_support_unavailable
2,2926.04,metrica:Home:8,attacker_complete_support_unavailable
