match_id,variable,distance_rank,n,median,q1,q3
J03WMX,attacker_abs_lateral_offset_from_centroid_m,1,12353,9.76885720662,4.63528571129,16.3871424368
J03WMX,attacker_abs_lateral_offset_from_centroid_m,2,12353,9.76885720662,4.63528571129,16.3871424368
J03WMX,attacker_abs_lateral_offset_from_centroid_m,3,12353,9.76885720662,4.63528571129,16.3871424368
J03WMX,attacker_abs_lateral_offset_from_centroid_m,4,12353,9.76885720662,4.63528571129,16.3871424368
J03WMX,attacker_abs_lateral_offset_from_centroid_m,5,12353,9.76885720662,4.63528571129,16.3871424368
J03WMX,attacker_abs_lateral_offset_from_centroid_m,6,12353,9.76885720662,4.63528571129,16.3871424368
J03WMX,attacker_abs_lateral_offset_from_centroid_m,7,12353,9.76885720662,4.63528571129,16.3871424368
J03WMX,attacker_abs_lateral_offset_from_centroid_m,8,12353,9.76885720662,4.63528571129,16.3871424368
J03WMX,attacker_abs_lateral_offset_from_centroid_m,9,12353,9.76885720662,4.63528571129,16.3871424368
J03WMX,attacker_abs_lateral_offset_from_centroid_m,10,12353,9.76885720662,4.63528571129,16.3871424368
J03WMX,attacker_defender_start_distance_m,1,12353,5.59914003016,3.24750609124,9.11671062243
J03WMX,attacker_defender_start_distance_m,2,12353,10.520231663,7.23764602128,15.2572369745
J03WMX,attacker_defender_start_distance_m,3,12353,14.1503046024,10.2793696459,19.6012647029
J03WMX,attacker_defender_start_distance_m,4,12353,17.2845009578,12.8798927428,23.3586234934
J03WMX,attacker_defender_start_distance_m,5,12353,20.4142869223,15.4866339473,26.744691605
J03WMX,attacker_defender_start_distance_m,6,12353,23.322889348,18.0254755883,29.9096611762
J03WMX,attacker_defender_start_distance_m,7,12353,26.6366450987,20.8414164714,33.1140447462
J03WMX,attacker_defender_start_distance_m,8,12353,30.1319041091,24.0438937409,36.3980266201
J03WMX,attacker_defender_start_distance_m,9,12353,33.5864760351,27.2704120038,39.8855857183
J03WMX,attacker_defender_start_distance_m,10,12353,38.2146960983,31.7452226327,44.6088372691
J03WMX,attacker_goalward_offset_from_centroid_m,1,12353,-6.61171408381,-15.4135714156,3.82385714054
J03WMX,attacker_goalward_offset_from_centroid_m,2,12353,-6.61171408381,-15.4135714156,3.82385714054
J03WMX,attacker_goalward_offset_from_centroid_m,3,12353,-6.61171408381,-15.4135714156,3.82385714054
J03WMX,attacker_goalward_offset_from_centroid_m,4,12353,-6.61171408381,-15.4135714156,3.82385714054
J03WMX,attacker_goalward_offset_from_centroid_m,5,12353,-6.61171408381,-15.4135714156,3.82385714054
J03WMX,attacker_goalward_offset_from_centroid_m,6,12353,-6.61171408381,-15.4135714156,3.82385714054
J03WMX,attacker_goalward_offset_from_centroid_m,7,12353,-6.61171408381,-15.4135714156,3.82385714054
J03WMX,attacker_goalward_offset_from_centroid_m,8,12353,-6.61171408381,-15.4135714156,3.82385714054
J03WMX,attacker_goalward_offset_from_centroid_m,9,12353,-6.61171408381,-15.4135714156,3.82385714054
J03WMX,attacker_goalward_offset_from_centroid_m,10,12353,-6.61171408381,-15.4135714156,3.82385714054
J03WMX,ball_abs_lateral_offset_from_centroid_m,1,12353,12.3549982412,5.87385695917,17.9447140268
J03WMX,ball_abs_lateral_offset_from_centroid_m,2,12353,12.3549982412,5.87385695917,17.9447140268
J03WMX,ball_abs_lateral_offset_from_centroid_m,3,12353,12.3549982412,5.87385695917,17.9447140268
J03WMX,ball_abs_lateral_offset_from_centroid_m,4,12353,12.3549982412,5.87385695917,17.9447140268
J03WMX,ball_abs_lateral_offset_from_centroid_m,5,12353,12.3549982412,5.87385695917,17.9447140268
J03WMX,ball_abs_lateral_offset_from_centroid_m,6,12353,12.3549982412,5.87385695917,17.9447140268
J03WMX,ball_abs_lateral_offset_from_centroid_m,7,12353,12.3549982412,5.87385695917,17.9447140268
J03WMX,ball_abs_lateral_offset_from_centroid_m,8,12353,12.3549982412,5.87385695917,17.9447140268
J03WMX,ball_abs_lateral_offset_from_centroid_m,9,12353,12.3549982412,5.87385695917,17.9447140268
J03WMX,ball_abs_lateral_offset_from_centroid_m,10,12353,12.3549982412,5.87385695917,17.9447140268
J03WMX,ball_defender_distance_m,1,12353,22.9881191057,13.52306885,34.5390270555
J03WMX,ball_defender_distance_m,2,12353,21.842017191,13.0925547609,32.8204211048
J03WMX,ball_defender_distance_m,3,12353,20.8407719789,12.830444104,31.5574434104
J03WMX,ball_defender_distance_m,4,12353,21.0283446059,13.0694077784,31.1083562668
J03WMX,ball_defender_distance_m,5,12353,21.4756869854,13.6601495051,31.4575813892
J03WMX,ball_defender_distance_m,6,12353,21.6410207794,13.6601495051,31.9922292074
J03WMX,ball_defender_distance_m,7,12353,23.041297957,14.0099458156,33.4595315624
J03WMX,ball_defender_distance_m,8,12353,24.8288116804,14.6914642462,35.0328395711
J03WMX,ball_defender_distance_m,9,12353,27.8124966108,15.1076175599,37.3969066069
J03WMX,ball_defender_distance_m,10,12353,31.19686799,15.5195012001,42.7890805925
J03WMX,ball_goalward_offset_from_centroid_m,1,12353,-3.31099974769,-15.174714429,8.87714293344
J03WMX,ball_goalward_offset_from_centroid_m,2,12353,-3.31099974769,-15.174714429,8.87714293344
J03WMX,ball_goalward_offset_from_centroid_m,3,12353,-3.31099974769,-15.174714429,8.87714293344
J03WMX,ball_goalward_offset_from_centroid_m,4,12353,-3.31099974769,-15.174714429,8.87714293344
J03WMX,ball_goalward_offset_from_centroid_m,5,12353,-3.31099974769,-15.174714429,8.87714293344
J03WMX,ball_goalward_offset_from_centroid_m,6,12353,-3.31099974769,-15.174714429,8.87714293344
J03WMX,ball_goalward_offset_from_centroid_m,7,12353,-3.31099974769,-15.174714429,8.87714293344
J03WMX,ball_goalward_offset_from_centroid_m,8,12353,-3.31099974769,-15.174714429,8.87714293344
J03WMX,ball_goalward_offset_from_centroid_m,9,12353,-3.31099974769,-15.174714429,8.87714293344
J03WMX,ball_goalward_offset_from_centroid_m,10,12353,-3.31099974769,-15.174714429,8.87714293344
J03WMX,defender_abs_lateral_offset_from_centroid_m,1,12353,8.53514302799,4.11642857449,14.7877141782
J03WMX,defender_abs_lateral_offset_from_centroid_m,2,12353,7.42699990613,3.70071433719,12.9057143538
J03WMX,defender_abs_lateral_offset_from_centroid_m,3,12353,6.91614286133,3.45085690532,11.927285707
J03WMX,defender_abs_lateral_offset_from_centroid_m,4,12353,6.59200006425,3.14800003597,11.7101427346
J03WMX,defender_abs_lateral_offset_from_centroid_m,5,12353,6.51185720648,3.00214287929,11.8797143074
J03WMX,defender_abs_lateral_offset_from_centroid_m,6,12353,6.97071427618,3.64542849745,12.0022857555
J03WMX,defender_abs_lateral_offset_from_centroid_m,7,12353,8.27442869459,4.50699996693,13.2592857974
J03WMX,defender_abs_lateral_offset_from_centroid_m,8,12353,9.02785732065,5.26971450193,13.9904285899
J03WMX,defender_abs_lateral_offset_from_centroid_m,9,12353,12.1405716172,6.68671439035,17.1285714839
J03WMX,defender_abs_lateral_offset_from_centroid_m,10,12353,17.1684288012,11.1860000644,21.898714229
J03WMX,defender_centroid_distance_m,1,12353,15.4969348208,10.4232758072,19.9544009887
J03WMX,defender_centroid_distance_m,2,12353,13.5411545965,9.04962563483,18.2800018912
J03WMX,defender_centroid_distance_m,3,12353,11.669136626,7.28130016525,17.4523322725
J03WMX,defender_centroid_distance_m,4,12353,11.0423490228,6.41207328148,17.0632894756
J03WMX,defender_centroid_distance_m,5,12353,11.2704544967,6.58558590544,16.8532918853
J03WMX,defender_centroid_distance_m,6,12353,11.9069780206,7.79877291211,17.1775930857
J03WMX,defender_centroid_distance_m,7,12353,13.9459235764,10.0105130971,18.3103916337
J03WMX,defender_centroid_distance_m,8,12353,15.7402054856,12.4407869985,19.3606572778
J03WMX,defender_centroid_distance_m,9,12353,18.0569503542,14.9272330504,21.2797861382
J03WMX,defender_centroid_distance_m,10,12353,21.7961389652,18.3675660314,26.0499553144
J03WMX,defender_fixed_x_m,1,12353,2.09142856938,-13.7685714449,18.5271429334
J03WMX,defender_fixed_x_m,2,12353,2.23428571224,-13.9399999891,19.1128575461
J03WMX,defender_fixed_x_m,3,12353,2.24714285987,-13.9528570175,19.5485714504
J03WMX,defender_fixed_x_m,4,12353,2.68285710471,-13.6599999837,19.9857142312
J03WMX,defender_fixed_x_m,5,12353,2.52000004905,-13.729999951,20.3157144274
J03WMX,defender_fixed_x_m,6,12353,2.84571429661,-13.6557143075,19.4914286477
J03WMX,defender_fixed_x_m,7,12353,3.6200000218,-13.8214285714,20.5057144165
J03WMX,defender_fixed_x_m,8,12353,3.92285714831,-14.3228571756,19.8899999346
J03WMX,defender_fixed_x_m,9,12353,3.51857141086,-13.2485713959,18.855714798
J03WMX,defender_fixed_x_m,10,12353,3.61571417536,-11.4371430533,18.5699999673
J03WMX,defender_fixed_y_m,1,12353,0.00857142731547,-11.3199999673,10.9099998474
J03WMX,defender_fixed_y_m,2,12353,-0.694285714201,-11,10.2385713032
J03WMX,defender_fixed_y_m,3,12353,-0.948571435043,-11.1014285769,10.3428572246
J03WMX,defender_fixed_y_m,4,12353,-0.924285709858,-11.7185713904,9.91142872402
J03WMX,defender_fixed_y_m,5,12353,-1.10571427856,-11.6428571429,9.68999985286
J03WMX,defender_fixed_y_m,6,12353,-0.968571424484,-11.5285714013,9.53000014169
J03WMX,defender_fixed_y_m,7,12353,-0.408571426358,-11.6171428135,10.8199996948
J03WMX,defender_fixed_y_m,8,12353,-0.127142855099,-10.7357143675,10.6699999401
J03WMX,defender_fixed_y_m,9,12353,-0.151428571769,-12.1700000763,11.6157143457
J03WMX,defender_fixed_y_m,10,12353,0.665714289461,-15.9371427808,16.4285714286
J03WMX,defender_goalward_offset_from_centroid_m,1,12353,-4.97299969537,-12.0421428723,5.1095716932
J03WMX,defender_goalward_offset_from_centroid_m,2,12353,-3.80671453476,-10.1161427941,4.48899991853
J03WMX,defender_goalward_offset_from_centroid_m,3,12353,-1.58399965763,-8.45799999748,4.46499975409
J03WMX,defender_goalward_offset_from_centroid_m,4,12353,-0.133856936863,-6.91728576592,5.24799996013
J03WMX,defender_goalward_offset_from_centroid_m,5,12353,1.00057147188,-6.6731427942,6.30128561429
J03WMX,defender_goalward_offset_from_centroid_m,6,12353,2.42014255524,-6.15928568159,7.92057195987
J03WMX,defender_goalward_offset_from_centroid_m,7,12353,3.66928567886,-6.88442856244,10.0611429623
J03WMX,defender_goalward_offset_from_centroid_m,8,12353,5.82871447972,-7.5970003392,12.129142847
J03WMX,defender_goalward_offset_from_centroid_m,9,12353,5.73728568895,-7.43000052316,12.581142814
J03WMX,defender_goalward_offset_from_centroid_m,10,12353,5.51471375057,-9.7337142774,11.9102858612
J03WMX,defender_lateral_offset_from_centroid_m,1,12353,0.121428585052,-8.43242849708,8.66885712147
J03WMX,defender_lateral_offset_from_centroid_m,2,12353,-0.451714304515,-7.53899996281,7.28714285658
J03WMX,defender_lateral_offset_from_centroid_m,3,12353,-0.369000244141,-7.14457141204,6.56642860344
J03WMX,defender_lateral_offset_from_centroid_m,4,12353,-0.71628604957,-7.09757184982,5.93371425016
J03WMX,defender_lateral_offset_from_centroid_m,5,12353,-1.00442849568,-7.00500001865,5.98642859289
J03WMX,defender_lateral_offset_from_centroid_m,6,12353,-0.735142866203,-7.34599999573,6.4197142601
J03WMX,defender_lateral_offset_from_centroid_m,7,12353,-0.322285776905,-8.21385693657,8.36128571033
J03WMX,defender_lateral_offset_from_centroid_m,8,12353,0.0615714141301,-8.6517142662,9.39357108048
J03WMX,defender_lateral_offset_from_centroid_m,9,12353,0.146999946662,-11.7127144984,12.6895714419
J03WMX,defender_lateral_offset_from_centroid_m,10,12353,1.36814280578,-16.672857081,17.6935714492
J03WMX,defender_own_goal_depth_m,1,12353,51.2971428122,36.2271428789,68.252857072
J03WMX,defender_own_goal_depth_m,2,12353,50.1814285687,34.5928568159,67.3571429934
J03WMX,defender_own_goal_depth_m,3,12353,49.1257143021,33.1614284515,66.2371428353
J03WMX,defender_own_goal_depth_m,4,12353,47.735714095,32.0485711779,64.3471427645
J03WMX,defender_own_goal_depth_m,5,12353,47.2385712351,31.0299998692,64.1014285769
J03WMX,defender_own_goal_depth_m,6,12353,46.3671428135,30.7642857688,62.855714253
J03WMX,defender_own_goal_depth_m,7,12353,45.4142857279,29.7628568922,62.311428615
J03WMX,defender_own_goal_depth_m,8,12353,44.4642857143,29.1085714613,61.4442856652
J03WMX,defender_own_goal_depth_m,9,12353,44.7085713659,30.1042859214,60.0828572001
J03WMX,defender_own_goal_depth_m,10,12353,45.7271428108,30.9742856707,59.7857143538
J03WMX,local_two_neighbor_mean_distance_m,1,12353,11.2765823945,8.42530990614,14.4600221165
J03WMX,local_two_neighbor_mean_distance_m,2,12353,10.2128999598,7.52129192591,12.9523913259
J03WMX,local_two_neighbor_mean_distance_m,3,12353,9.94141219349,7.26127826836,12.7134428151
J03WMX,local_two_neighbor_mean_distance_m,4,12353,9.92987667043,7.1907575313,12.6479896596
J03WMX,local_two_neighbor_mean_distance_m,5,12353,10.0333913456,7.33283872554,12.7356568891
J03WMX,local_two_neighbor_mean_distance_m,6,12353,10.1918061231,7.44830957726,12.8677968839
J03WMX,local_two_neighbor_mean_distance_m,7,12353,10.594326543,7.72963470884,13.4372019597
J03WMX,local_two_neighbor_mean_distance_m,8,12353,11.1255837302,8.29165758981,14.0935041957
J03WMX,local_two_neighbor_mean_distance_m,9,12353,12.0569934962,9.0556282288,15.1427145659
J03WMX,local_two_neighbor_mean_distance_m,10,12353,14.0593072433,10.7851343876,17.9410357978
J03WMX,prior_absolute_path_m,1,12353,3.24096453365,2.16868333367,5.84856854474
J03WMX,prior_absolute_path_m,2,12353,3.27786345988,2.1483298753,5.97633749667
J03WMX,prior_absolute_path_m,3,12353,3.3754031218,2.18959804392,6.02115779557
J03WMX,prior_absolute_path_m,4,12353,3.38469362429,2.14706891851,6.08422652053
J03WMX,prior_absolute_path_m,5,12353,3.31538100817,2.1504023393,6.00527295192
J03WMX,prior_absolute_path_m,6,12353,3.28094478173,2.08188818747,5.97047124622
J03WMX,prior_absolute_path_m,7,12353,3.26508539323,2.11493679941,5.87727292448
J03WMX,prior_absolute_path_m,8,12353,3.17607256875,2.06380072447,5.73463626046
J03WMX,prior_absolute_path_m,9,12353,3.08635214954,1.99191162231,5.52923856456
J03WMX,prior_absolute_path_m,10,12353,3.0206020315,1.93523288372,5.43829953275
J03WMX,prior_attacker_path_m,1,12353,3.07181004885,2.00103040775,5.39209575065
J03WMX,prior_attacker_path_m,2,12353,3.07181004885,2.00103040775,5.39209575065
J03WMX,prior_attacker_path_m,3,12353,3.07181004885,2.00103040775,5.39209575065
J03WMX,prior_attacker_path_m,4,12353,3.07181004885,2.00103040775,5.39209575065
J03WMX,prior_attacker_path_m,5,12353,3.07181004885,2.00103040775,5.39209575065
J03WMX,prior_attacker_path_m,6,12353,3.07181004885,2.00103040775,5.39209575065
J03WMX,prior_attacker_path_m,7,12353,3.07181004885,2.00103040775,5.39209575065
J03WMX,prior_attacker_path_m,8,12353,3.07181004885,2.00103040775,5.39209575065
J03WMX,prior_attacker_path_m,9,12353,3.07181004885,2.00103040775,5.39209575065
J03WMX,prior_attacker_path_m,10,12353,3.07181004885,2.00103040775,5.39209575065
J03WMX,prior_defensive_centroid_path_m,1,12353,2.70866058068,1.24717178688,4.85430746208
J03WMX,prior_defensive_centroid_path_m,2,12353,2.70866058068,1.24717178688,4.85430746208
J03WMX,prior_defensive_centroid_path_m,3,12353,2.70866058068,1.24717178688,4.85430746208
J03WMX,prior_defensive_centroid_path_m,4,12353,2.70866058068,1.24717178688,4.85430746208
J03WMX,prior_defensive_centroid_path_m,5,12353,2.70866058068,1.24717178688,4.85430746208
J03WMX,prior_defensive_centroid_path_m,6,12353,2.70866058068,1.24717178688,4.85430746208
J03WMX,prior_defensive_centroid_path_m,7,12353,2.70866058068,1.24717178688,4.85430746208
J03WMX,prior_defensive_centroid_path_m,8,12353,2.70866058068,1.24717178688,4.85430746208
J03WMX,prior_defensive_centroid_path_m,9,12353,2.70866058068,1.24717178688,4.85430746208
J03WMX,prior_defensive_centroid_path_m,10,12353,2.70866058068,1.24717178688,4.85430746208
J03WMX,prior_focal_relative_path_m,1,12353,2.4067115401,1.50542090179,3.7059316836
J03WMX,prior_focal_relative_path_m,2,12353,2.35650881565,1.46017000698,3.63350428387
J03WMX,prior_focal_relative_path_m,3,12353,2.3567418243,1.4662531868,3.62101504607
J03WMX,prior_focal_relative_path_m,4,12353,2.29644469389,1.44289170195,3.56651485809
J03WMX,prior_focal_relative_path_m,5,12353,2.30579756997,1.44748972462,3.54631266729
J03WMX,prior_focal_relative_path_m,6,12353,2.25818091315,1.40109908993,3.50759027503
J03WMX,prior_focal_relative_path_m,7,12353,2.29773559883,1.41742312132,3.54356998308
J03WMX,prior_focal_relative_path_m,8,12353,2.29783794416,1.43419500975,3.54416582052
J03WMX,prior_focal_relative_path_m,9,12353,2.26992134445,1.40906580116,3.5744327536
J03WMX,prior_focal_relative_path_m,10,12353,2.36917076124,1.39852301788,3.71114344895
J03WMX,prior_other_nine_mean_absolute_path_m,1,12353,3.86582130613,2.23851023839,5.63985474073
J03WMX,prior_other_nine_mean_absolute_path_m,2,12353,3.88240233392,2.23676022589,5.61729629119
J03WMX,prior_other_nine_mean_absolute_path_m,3,12353,3.88322964646,2.24803837191,5.63446069649
J03WMX,prior_other_nine_mean_absolute_path_m,4,12353,3.88844427203,2.26452275645,5.64676485115
J03WMX,prior_other_nine_mean_absolute_path_m,5,12353,3.89772120999,2.25869732863,5.62633379572
J03WMX,prior_other_nine_mean_absolute_path_m,6,12353,3.88758420483,2.25799739675,5.63913109398
J03WMX,prior_other_nine_mean_absolute_path_m,7,12353,3.8891140784,2.25829098051,5.64676485115
J03WMX,prior_other_nine_mean_absolute_path_m,8,12353,3.90261171668,2.27020548271,5.64658147903
J03WMX,prior_other_nine_mean_absolute_path_m,9,12353,3.91028816346,2.27446494965,5.6581818946
J03WMX,prior_other_nine_mean_absolute_path_m,10,12353,3.91536945942,2.25522427542,5.64416438557
J03WMX,prior_terminal_speed_mps,1,12353,1.57021032833,1.03571414948,2.9976581691
J03WMX,prior_terminal_speed_mps,2,12353,1.59118592477,1.03077852115,3.02898326565
J03WMX,prior_terminal_speed_mps,3,12353,1.61703768676,1.02146309638,3.10118530331
J03WMX,prior_terminal_speed_mps,4,12353,1.6170286973,1.00572327445,3.09645007172
J03WMX,prior_terminal_speed_mps,5,12353,1.58516796783,1.00063589859,3.06165283891
J03WMX,prior_terminal_speed_mps,6,12353,1.5959956059,0.985223264401,3.03130159629
J03WMX,prior_terminal_speed_mps,7,12353,1.57790890793,0.987809147457,3.00020632067
J03WMX,prior_terminal_speed_mps,8,12353,1.53737447592,0.971527798196,2.91744057793
J03WMX,prior_terminal_speed_mps,9,12353,1.52571539302,0.943560797631,2.84640936715
J03WMX,prior_terminal_speed_mps,10,12353,1.4798812814,0.89570958762,2.76687706854
J03WMX,unit_depth_span_m,1,12353,32.7971425738,27.4242853437,38.2799998692
J03WMX,unit_depth_span_m,2,12353,32.7971425738,27.4242853437,38.2799998692
J03WMX,unit_depth_span_m,3,12353,32.7971425738,27.4242853437,38.2799998692
J03WMX,unit_depth_span_m,4,12353,32.7971425738,27.4242853437,38.2799998692
J03WMX,unit_depth_span_m,5,12353,32.7971425738,27.4242853437,38.2799998692
J03WMX,unit_depth_span_m,6,12353,32.7971425738,27.4242853437,38.2799998692
J03WMX,unit_depth_span_m,7,12353,32.7971425738,27.4242853437,38.2799998692
J03WMX,unit_depth_span_m,8,12353,32.7971425738,27.4242853437,38.2799998692
J03WMX,unit_depth_span_m,9,12353,32.7971425738,27.4242853437,38.2799998692
J03WMX,unit_depth_span_m,10,12353,32.7971425738,27.4242853437,38.2799998692
J03WMX,unit_width_span_m,1,12353,38.564285687,33.2828564644,42.7142848969
J03WMX,unit_width_span_m,2,12353,38.564285687,33.2828564644,42.7142848969
J03WMX,unit_width_span_m,3,12353,38.564285687,33.2828564644,42.7142848969
J03WMX,unit_width_span_m,4,12353,38.564285687,33.2828564644,42.7142848969
J03WMX,unit_width_span_m,5,12353,38.564285687,33.2828564644,42.7142848969
J03WMX,unit_width_span_m,6,12353,38.564285687,33.2828564644,42.7142848969
J03WMX,unit_width_span_m,7,12353,38.564285687,33.2828564644,42.7142848969
J03WMX,unit_width_span_m,8,12353,38.564285687,33.2828564644,42.7142848969
J03WMX,unit_width_span_m,9,12353,38.564285687,33.2828564644,42.7142848969
J03WMX,unit_width_span_m,10,12353,38.564285687,33.2828564644,42.7142848969
J03WN1,attacker_abs_lateral_offset_from_centroid_m,1,4876,7.49249971254,3.6471071921,12.7753214334
J03WN1,attacker_abs_lateral_offset_from_centroid_m,2,4876,7.49249971254,3.6471071921,12.7753214334
J03WN1,attacker_abs_lateral_offset_from_centroid_m,3,4876,7.49249971254,3.6471071921,12.7753214334
J03WN1,attacker_abs_lateral_offset_from_centroid_m,4,4876,7.49249971254,3.6471071921,12.7753214334
J03WN1,attacker_abs_lateral_offset_from_centroid_m,5,4876,7.49249971254,3.6471071921,12.7753214334
J03WN1,attacker_abs_lateral_offset_from_centroid_m,6,4876,7.49249971254,3.6471071921,12.7753214334
J03WN1,attacker_abs_lateral_offset_from_centroid_m,7,4876,7.49249971254,3.6471071921,12.7753214334
J03WN1,attacker_abs_lateral_offset_from_centroid_m,8,4876,7.49249971254,3.6471071921,12.7753214334
J03WN1,attacker_abs_lateral_offset_from_centroid_m,9,4876,7.49249971254,3.6471071921,12.7753214334
J03WN1,attacker_abs_lateral_offset_from_centroid_m,10,4876,7.49249971254,3.6471071921,12.7753214334
J03WN1,attacker_defender_start_distance_m,1,4876,4.34545026307,2.50987178314,6.96572803278
J03WN1,attacker_defender_start_distance_m,2,4876,8.61796676298,6.03687656238,12.4819487025
J03WN1,attacker_defender_start_distance_m,3,4876,11.8391898325,8.81807239769,16.1717509918
J03WN1,attacker_defender_start_distance_m,4,4876,14.744494909,11.1250382359,19.5127330848
J03WN1,attacker_defender_start_distance_m,5,4876,17.4350706598,13.2794854759,22.6166495124
J03WN1,attacker_defender_start_distance_m,6,4876,19.9389970688,15.6044277122,25.6106886544
J03WN1,attacker_defender_start_distance_m,7,4876,22.9126862166,17.9659105715,28.7105467273
J03WN1,attacker_defender_start_distance_m,8,4876,26.0629243133,20.7696513207,31.7612808814
J03WN1,attacker_defender_start_distance_m,9,4876,29.25502923,23.7494630177,34.9937396182
J03WN1,attacker_defender_start_distance_m,10,4876,33.2276509094,27.7012270538,39.1325944583
J03WN1,attacker_goalward_offset_from_centroid_m,1,4876,-6.5304997359,-14.0816784767,3.15435711571
J03WN1,attacker_goalward_offset_from_centroid_m,2,4876,-6.5304997359,-14.0816784767,3.15435711571
J03WN1,attacker_goalward_offset_from_centroid_m,3,4876,-6.5304997359,-14.0816784767,3.15435711571
J03WN1,attacker_goalward_offset_from_centroid_m,4,4876,-6.5304997359,-14.0816784767,3.15435711571
J03WN1,attacker_goalward_offset_from_centroid_m,5,4876,-6.5304997359,-14.0816784767,3.15435711571
J03WN1,attacker_goalward_offset_from_centroid_m,6,4876,-6.5304997359,-14.0816784767,3.15435711571
J03WN1,attacker_goalward_offset_from_centroid_m,7,4876,-6.5304997359,-14.0816784767,3.15435711571
J03WN1,attacker_goalward_offset_from_centroid_m,8,4876,-6.5304997359,-14.0816784767,3.15435711571
J03WN1,attacker_goalward_offset_from_centroid_m,9,4876,-6.5304997359,-14.0816784767,3.15435711571
J03WN1,attacker_goalward_offset_from_centroid_m,10,4876,-6.5304997359,-14.0816784767,3.15435711571
J03WN1,ball_abs_lateral_offset_from_centroid_m,1,4876,11.7245714403,5.31985752838,16.2771438505
J03WN1,ball_abs_lateral_offset_from_centroid_m,2,4876,11.7245714403,5.31985752838,16.2771438505
J03WN1,ball_abs_lateral_offset_from_centroid_m,3,4876,11.7245714403,5.31985752838,16.2771438505
J03WN1,ball_abs_lateral_offset_from_centroid_m,4,4876,11.7245714403,5.31985752838,16.2771438505
J03WN1,ball_abs_lateral_offset_from_centroid_m,5,4876,11.7245714403,5.31985752838,16.2771438505
J03WN1,ball_abs_lateral_offset_from_centroid_m,6,4876,11.7245714403,5.31985752838,16.2771438505
J03WN1,ball_abs_lateral_offset_from_centroid_m,7,4876,11.7245714403,5.31985752838,16.2771438505
J03WN1,ball_abs_lateral_offset_from_centroid_m,8,4876,11.7245714403,5.31985752838,16.2771438505
J03WN1,ball_abs_lateral_offset_from_centroid_m,9,4876,11.7245714403,5.31985752838,16.2771438505
J03WN1,ball_abs_lateral_offset_from_centroid_m,10,4876,11.7245714403,5.31985752838,16.2771438505
J03WN1,ball_defender_distance_m,1,4876,21.3622259168,12.2869748028,31.6699100073
J03WN1,ball_defender_distance_m,2,4876,20.436643374,11.8472694257,30.2011488822
J03WN1,ball_defender_distance_m,3,4876,19.9184280522,11.5885184654,29.6826226965
J03WN1,ball_defender_distance_m,4,4876,19.6955014747,11.6992542365,29.5565291781
J03WN1,ball_defender_distance_m,5,4876,19.5713657597,12.14443883,28.8809211893
J03WN1,ball_defender_distance_m,6,4876,20.4883957982,12.6294298546,29.8823609578
J03WN1,ball_defender_distance_m,7,4876,20.9946995907,13.1819149125,31.1299473307
J03WN1,ball_defender_distance_m,8,4876,22.9423758277,13.9929307762,32.899095611
J03WN1,ball_defender_distance_m,9,4876,23.5898984237,13.8098732032,34.2353945122
J03WN1,ball_defender_distance_m,10,4876,24.8165872375,13.3074770794,37.3834057897
J03WN1,ball_goalward_offset_from_centroid_m,1,4876,-1.19999980032,-11.3715715509,8.81700117929
J03WN1,ball_goalward_offset_from_centroid_m,2,4876,-1.19999980032,-11.3715715509,8.81700117929
J03WN1,ball_goalward_offset_from_centroid_m,3,4876,-1.19999980032,-11.3715715509,8.81700117929
J03WN1,ball_goalward_offset_from_centroid_m,4,4876,-1.19999980032,-11.3715715509,8.81700117929
J03WN1,ball_goalward_offset_from_centroid_m,5,4876,-1.19999980032,-11.3715715509,8.81700117929
J03WN1,ball_goalward_offset_from_centroid_m,6,4876,-1.19999980032,-11.3715715509,8.81700117929
J03WN1,ball_goalward_offset_from_centroid_m,7,4876,-1.19999980032,-11.3715715509,8.81700117929
J03WN1,ball_goalward_offset_from_centroid_m,8,4876,-1.19999980032,-11.3715715509,8.81700117929
J03WN1,ball_goalward_offset_from_centroid_m,9,4876,-1.19999980032,-11.3715715509,8.81700117929
J03WN1,ball_goalward_offset_from_centroid_m,10,4876,-1.19999980032,-11.3715715509,8.81700117929
J03WN1,defender_abs_lateral_offset_from_centroid_m,1,4876,7.05664282925,3.39400004365,11.9677144143
J03WN1,defender_abs_lateral_offset_from_centroid_m,2,4876,5.76800002748,2.59721415862,9.96396440268
J03WN1,defender_abs_lateral_offset_from_centroid_m,3,4876,5.42699992997,2.64957146304,9.51028585306
J03WN1,defender_abs_lateral_offset_from_centroid_m,4,4876,5.20935724991,2.30542868546,9.19042844038
J03WN1,defender_abs_lateral_offset_from_centroid_m,5,4876,5.39364284724,2.42917859554,9.8651787336
J03WN1,defender_abs_lateral_offset_from_centroid_m,6,4876,6.38250009684,3.01546444116,11.0747138773
J03WN1,defender_abs_lateral_offset_from_centroid_m,7,4876,6.66900007725,3.24403618042,10.8981428913
J03WN1,defender_abs_lateral_offset_from_centroid_m,8,4876,7.61857139724,3.72614271981,12.1880001068
J03WN1,defender_abs_lateral_offset_from_centroid_m,9,4876,9.96100004661,5.23314293453,14.4622855889
J03WN1,defender_abs_lateral_offset_from_centroid_m,10,4876,13.898857157,8.15310718577,19.1493929382
J03WN1,defender_centroid_distance_m,1,4876,13.4826842146,8.96344885217,18.1928414718
J03WN1,defender_centroid_distance_m,2,4876,11.6180160044,7.72735734155,15.936943707
J03WN1,defender_centroid_distance_m,3,4876,10.1973425438,6.44735682086,15.0500232092
J03WN1,defender_centroid_distance_m,4,4876,9.33444595159,5.51583695329,14.2990258851
J03WN1,defender_centroid_distance_m,5,4876,9.29741635857,5.77885929998,14.4021308327
J03WN1,defender_centroid_distance_m,6,4876,10.7205474588,6.99958434079,15.330625818
J03WN1,defender_centroid_distance_m,7,4876,11.9052294611,8.78889910022,15.9111925505
J03WN1,defender_centroid_distance_m,8,4876,14.1126008065,11.0580894843,17.7017292366
J03WN1,defender_centroid_distance_m,9,4876,16.2373990864,13.4048051762,19.7417041074
J03WN1,defender_centroid_distance_m,10,4876,19.9904650334,16.5537662571,23.7127849757
J03WN1,defender_fixed_x_m,1,4876,-3.16428576197,-19.2607143266,14.2550000123
J03WN1,defender_fixed_x_m,2,4876,-2.85285714694,-19.4157141277,14.5496427332
J03WN1,defender_fixed_x_m,3,4876,-2.53999999591,-18.9664287567,14.2607144288
J03WN1,defender_fixed_x_m,4,4876,-1.66285714081,-18.8874999455,14.1728572845
J03WN1,defender_fixed_x_m,5,4876,-1.81214284897,-19.4953570366,14.4157142639
J03WN1,defender_fixed_x_m,6,4876,-2.42000007629,-20.0771429198,14.5242858614
J03WN1,defender_fixed_x_m,7,4876,-2.1899999891,-19.2875000409,14.6614285878
J03WN1,defender_fixed_x_m,8,4876,-1.53999999591,-18.4614282336,13.1599998474
J03WN1,defender_fixed_x_m,9,4876,-1.6914285762,-17.4989283425,13.2728571211
J03WN1,defender_fixed_x_m,10,4876,-1.82142857143,-16.1828572409,12.1828571047
J03WN1,defender_fixed_y_m,1,4876,-2.48428569521,-12.8042857988,6.7010713986
J03WN1,defender_fixed_y_m,2,4876,-2.71285717828,-12.7864286218,5.87857137408
J03WN1,defender_fixed_y_m,3,4876,-2.73000001907,-12.6757142203,6.15464280333
J03WN1,defender_fixed_y_m,4,4876,-2.96714288848,-13.120000158,5.68214285374
J03WN1,defender_fixed_y_m,5,4876,-3.00142857007,-13.1646428449,6.07142857143
J03WN1,defender_fixed_y_m,6,4876,-2.53285711152,-13.4278572627,6.42000000817
J03WN1,defender_fixed_y_m,7,4876,-2.87857142517,-13.8267856666,6.31714289529
J03WN1,defender_fixed_y_m,8,4876,-2.69071434225,-13.3214285033,7.09285715648
J03WN1,defender_fixed_y_m,9,4876,-1.67571428844,-14.2114286423,7.11642854554
J03WN1,defender_fixed_y_m,10,4876,-2.02571425268,-17.4542857579,9.43428584508
J03WN1,defender_goalward_offset_from_centroid_m,1,4876,-4.56842860665,-11.4898571687,3.95585705212
J03WN1,defender_goalward_offset_from_centroid_m,2,4876,-4.10657161304,-10.069786114,3.60714287417
J03WN1,defender_goalward_offset_from_centroid_m,3,4876,-2.05371435455,-8.36910718866,3.92467855572
J03WN1,defender_goalward_offset_from_centroid_m,4,4876,-0.521428689786,-6.31935724275,4.56128548213
J03WN1,defender_goalward_offset_from_centroid_m,5,4876,0.660142906223,-5.0614285418,5.55460776942
J03WN1,defender_goalward_offset_from_centroid_m,6,4876,1.8737142665,-5.70092857906,6.85964269936
J03WN1,defender_goalward_offset_from_centroid_m,7,4876,4.50899971553,-5.6499999983,9.42749988804
J03WN1,defender_goalward_offset_from_centroid_m,8,4876,5.84128571919,-6.29028582914,11.4988572798
J03WN1,defender_goalward_offset_from_centroid_m,9,4876,6.54871430865,-7.42257205418,12.7077135903
J03WN1,defender_goalward_offset_from_centroid_m,10,4876,6.06014288643,-10.6476781074,12.1458213397
J03WN1,defender_lateral_offset_from_centroid_m,1,4876,0.329000023007,-6.81628562127,7.17457135575
J03WN1,defender_lateral_offset_from_centroid_m,2,4876,0.169285758904,-5.72410706508,5.79085712092
J03WN1,defender_lateral_offset_from_centroid_m,3,4876,-0.247000096525,-5.42607138625,5.42675005527
J03WN1,defender_lateral_offset_from_centroid_m,4,4876,-0.356785754434,-5.42785716057,5.01907139719
J03WN1,defender_lateral_offset_from_centroid_m,5,4876,-0.20999985763,-5.63099989891,5.23246443695
J03WN1,defender_lateral_offset_from_centroid_m,6,4876,0.0408571583884,-6.73471437991,6.09921433926
J03WN1,defender_lateral_offset_from_centroid_m,7,4876,-0.0259998295988,-7.06492842691,6.39535712831
J03WN1,defender_lateral_offset_from_centroid_m,8,4876,-0.206785699778,-7.69389285991,7.55428584133
J03WN1,defender_lateral_offset_from_centroid_m,9,4876,0.188071357698,-9.85785698209,10.0242856043
J03WN1,defender_lateral_offset_from_centroid_m,10,4876,-0.441785710199,-13.2928571446,14.3839999301
J03WN1,defender_own_goal_depth_m,1,4876,55.020714266,38.9842857633,72.6014287131
J03WN1,defender_own_goal_depth_m,2,4876,54.1257143021,38.2457143239,72.3771429062
J03WN1,defender_own_goal_depth_m,3,4876,53.5071428588,37.1728571142,71.6271426337
J03WN1,defender_own_goal_depth_m,4,4876,52.021428568,36.1321429185,69.5628572192
J03WN1,defender_own_goal_depth_m,5,4876,51.5642857126,34.8928570747,68.9371429852
J03WN1,defender_own_goal_depth_m,6,4876,50.9771428619,33.9585715703,68.844285965
J03WN1,defender_own_goal_depth_m,7,4876,49.1421428749,33.0599998065,67.1364284924
J03WN1,defender_own_goal_depth_m,8,4876,48.8299999237,33.1003571238,65.7171427863
J03WN1,defender_own_goal_depth_m,9,4876,49.1900000402,33.2014284134,64.0900000504
J03WN1,defender_own_goal_depth_m,10,4876,49.3871428626,34.5700000354,63.6042856489
J03WN1,local_two_neighbor_mean_distance_m,1,4876,9.36349172801,6.82878124573,12.4423556003
J03WN1,local_two_neighbor_mean_distance_m,2,4876,8.33250953106,6.06241969267,10.977824306
J03WN1,local_two_neighbor_mean_distance_m,3,4876,8.15554132377,5.8566358194,10.7749568413
J03WN1,local_two_neighbor_mean_distance_m,4,4876,8.16014624392,5.93298554962,10.7464901916
J03WN1,local_two_neighbor_mean_distance_m,5,4876,8.23736152788,5.94417518519,10.8855831971
J03WN1,local_two_neighbor_mean_distance_m,6,4876,8.47804810509,6.13751019987,11.3810367963
J03WN1,local_two_neighbor_mean_distance_m,7,4876,8.62794860592,6.46354423134,11.388425485
J03WN1,local_two_neighbor_mean_distance_m,8,4876,9.42058352231,6.80015712412,12.2833949391
J03WN1,local_two_neighbor_mean_distance_m,9,4876,10.2098579946,7.59965154507,13.1424818387
J03WN1,local_two_neighbor_mean_distance_m,10,4876,12.3906035545,9.12609495688,16.1701244489
J03WN1,prior_absolute_path_m,1,4876,3.02267985649,2.03196295975,5.50692167943
J03WN1,prior_absolute_path_m,2,4876,3.10250759114,2.05994346141,5.52019282255
J03WN1,prior_absolute_path_m,3,4876,3.15859619804,2.09445444993,5.68957027114
J03WN1,prior_absolute_path_m,4,4876,3.14691279286,2.0913406352,5.6581058967
J03WN1,prior_absolute_path_m,5,4876,3.15084686038,2.11844745018,5.72422077416
J03WN1,prior_absolute_path_m,6,4876,3.13866162349,2.11397928437,5.65296751171
J03WN1,prior_absolute_path_m,7,4876,3.0426967396,2.04478702368,5.36731564983
J03WN1,prior_absolute_path_m,8,4876,2.96549837753,2.04564988926,5.18743320132
J03WN1,prior_absolute_path_m,9,4876,2.93731016394,1.93010150802,5.11196684165
J03WN1,prior_absolute_path_m,10,4876,2.88705234675,1.8488155204,5.13611109445
J03WN1,prior_attacker_path_m,1,4876,2.83542307773,1.73175164271,5.16460582511
J03WN1,prior_attacker_path_m,2,4876,2.83542307773,1.73175164271,5.16460582511
J03WN1,prior_attacker_path_m,3,4876,2.83542307773,1.73175164271,5.16460582511
J03WN1,prior_attacker_path_m,4,4876,2.83542307773,1.73175164271,5.16460582511
J03WN1,prior_attacker_path_m,5,4876,2.83542307773,1.73175164271,5.16460582511
J03WN1,prior_attacker_path_m,6,4876,2.83542307773,1.73175164271,5.16460582511
J03WN1,prior_attacker_path_m,7,4876,2.83542307773,1.73175164271,5.16460582511
J03WN1,prior_attacker_path_m,8,4876,2.83542307773,1.73175164271,5.16460582511
J03WN1,prior_attacker_path_m,9,4876,2.83542307773,1.73175164271,5.16460582511
J03WN1,prior_attacker_path_m,10,4876,2.83542307773,1.73175164271,5.16460582511
J03WN1,prior_defensive_centroid_path_m,1,4876,2.50413183609,1.38325532798,4.32632173815
J03WN1,prior_defensive_centroid_path_m,2,4876,2.50413183609,1.38325532798,4.32632173815
J03WN1,prior_defensive_centroid_path_m,3,4876,2.50413183609,1.38325532798,4.32632173815
J03WN1,prior_defensive_centroid_path_m,4,4876,2.50413183609,1.38325532798,4.32632173815
J03WN1,prior_defensive_centroid_path_m,5,4876,2.50413183609,1.38325532798,4.32632173815
J03WN1,prior_defensive_centroid_path_m,6,4876,2.50413183609,1.38325532798,4.32632173815
J03WN1,prior_defensive_centroid_path_m,7,4876,2.50413183609,1.38325532798,4.32632173815
J03WN1,prior_defensive_centroid_path_m,8,4876,2.50413183609,1.38325532798,4.32632173815
J03WN1,prior_defensive_centroid_path_m,9,4876,2.50413183609,1.38325532798,4.32632173815
J03WN1,prior_defensive_centroid_path_m,10,4876,2.50413183609,1.38325532798,4.32632173815
J03WN1,prior_focal_relative_path_m,1,4876,2.26340581599,1.4245837175,3.59940957792
J03WN1,prior_focal_relative_path_m,2,4876,2.22779090948,1.40206807209,3.51980817311
J03WN1,prior_focal_relative_path_m,3,4876,2.28025457359,1.422189824,3.58429632827
J03WN1,prior_focal_relative_path_m,4,4876,2.28302541647,1.40454876765,3.57825362089
J03WN1,prior_focal_relative_path_m,5,4876,2.22021759104,1.43327381303,3.52692146291
J03WN1,prior_focal_relative_path_m,6,4876,2.24589433258,1.38629306084,3.51517641891
J03WN1,prior_focal_relative_path_m,7,4876,2.15788609931,1.35265978662,3.44034530758
J03WN1,prior_focal_relative_path_m,8,4876,2.18399944917,1.38190748475,3.33484906583
J03WN1,prior_focal_relative_path_m,9,4876,2.22715935061,1.37562616759,3.43910972149
J03WN1,prior_focal_relative_path_m,10,4876,2.24659911723,1.39769188392,3.55426056306
J03WN1,prior_other_nine_mean_absolute_path_m,1,4876,3.40216075632,2.25608395079,5.19687252549
J03WN1,prior_other_nine_mean_absolute_path_m,2,4876,3.39122408304,2.26255761388,5.15811153533
J03WN1,prior_other_nine_mean_absolute_path_m,3,4876,3.37124733308,2.25659012663,5.17447867894
J03WN1,prior_other_nine_mean_absolute_path_m,4,4876,3.36937277886,2.26096194297,5.19927612374
J03WN1,prior_other_nine_mean_absolute_path_m,5,4876,3.37297064843,2.25632130626,5.19322933808
J03WN1,prior_other_nine_mean_absolute_path_m,6,4876,3.37948248326,2.25226338976,5.185761296
J03WN1,prior_other_nine_mean_absolute_path_m,7,4876,3.41315347944,2.26342442478,5.21707209587
J03WN1,prior_other_nine_mean_absolute_path_m,8,4876,3.40337282714,2.25835845128,5.20170430849
J03WN1,prior_other_nine_mean_absolute_path_m,9,4876,3.42857464569,2.25835845128,5.22547674996
J03WN1,prior_other_nine_mean_absolute_path_m,10,4876,3.38388335319,2.28295964734,5.19426943414
J03WN1,prior_terminal_speed_mps,1,4876,1.46166707022,0.958315266384,2.66956492843
J03WN1,prior_terminal_speed_mps,2,4876,1.4914717924,0.94339048072,2.71992017389
J03WN1,prior_terminal_speed_mps,3,4876,1.50382182817,0.973992373836,2.80669736624
J03WN1,prior_terminal_speed_mps,4,4876,1.51733215603,0.961636446208,2.84338207762
J03WN1,prior_terminal_speed_mps,5,4876,1.52173667381,0.990385822401,2.80715233343
J03WN1,prior_terminal_speed_mps,6,4876,1.510592056,1.00255022079,2.75648438068
J03WN1,prior_terminal_speed_mps,7,4876,1.4682038924,0.970219287092,2.68237823998
J03WN1,prior_terminal_speed_mps,8,4876,1.43968930611,0.970218017661,2.57266816799
J03WN1,prior_terminal_speed_mps,9,4876,1.42857032163,0.893571175757,2.47693296378
J03WN1,prior_terminal_speed_mps,10,4876,1.40879176172,0.840615384522,2.5000001703
J03WN1,unit_depth_span_m,1,4876,30.9750001218,25.8442855562,36.4857147591
J03WN1,unit_depth_span_m,2,4876,30.9750001218,25.8442855562,36.4857147591
J03WN1,unit_depth_span_m,3,4876,30.9750001218,25.8442855562,36.4857147591
J03WN1,unit_depth_span_m,4,4876,30.9750001218,25.8442855562,36.4857147591
J03WN1,unit_depth_span_m,5,4876,30.9750001218,25.8442855562,36.4857147591
J03WN1,unit_depth_span_m,6,4876,30.9750001218,25.8442855562,36.4857147591
J03WN1,unit_depth_span_m,7,4876,30.9750001218,25.8442855562,36.4857147591
J03WN1,unit_depth_span_m,8,4876,30.9750001218,25.8442855562,36.4857147591
J03WN1,unit_depth_span_m,9,4876,30.9750001218,25.8442855562,36.4857147591
J03WN1,unit_depth_span_m,10,4876,30.9750001218,25.8442855562,36.4857147591
J03WN1,unit_width_span_m,1,4876,33.308570964,28.6785714967,38.1414286409
J03WN1,unit_width_span_m,2,4876,33.308570964,28.6785714967,38.1414286409
J03WN1,unit_width_span_m,3,4876,33.308570964,28.6785714967,38.1414286409
J03WN1,unit_width_span_m,4,4876,33.308570964,28.6785714967,38.1414286409
J03WN1,unit_width_span_m,5,4876,33.308570964,28.6785714967,38.1414286409
J03WN1,unit_width_span_m,6,4876,33.308570964,28.6785714967,38.1414286409
J03WN1,unit_width_span_m,7,4876,33.308570964,28.6785714967,38.1414286409
J03WN1,unit_width_span_m,8,4876,33.308570964,28.6785714967,38.1414286409
J03WN1,unit_width_span_m,9,4876,33.308570964,28.6785714967,38.1414286409
J03WN1,unit_width_span_m,10,4876,33.308570964,28.6785714967,38.1414286409
J03WOH,attacker_abs_lateral_offset_from_centroid_m,1,11287,9.3162856698,4.49692862662,15.8144283669
J03WOH,attacker_abs_lateral_offset_from_centroid_m,2,11287,9.3162856698,4.49692862662,15.8144283669
J03WOH,attacker_abs_lateral_offset_from_centroid_m,3,11287,9.3162856698,4.49692862662,15.8144283669
J03WOH,attacker_abs_lateral_offset_from_centroid_m,4,11287,9.3162856698,4.49692862662,15.8144283669
J03WOH,attacker_abs_lateral_offset_from_centroid_m,5,11287,9.3162856698,4.49692862662,15.8144283669
J03WOH,attacker_abs_lateral_offset_from_centroid_m,6,11287,9.3162856698,4.49692862662,15.8144283669
J03WOH,attacker_abs_lateral_offset_from_centroid_m,7,11287,9.3162856698,4.49692862662,15.8144283669
J03WOH,attacker_abs_lateral_offset_from_centroid_m,8,11287,9.3162856698,4.49692862662,15.8144283669
J03WOH,attacker_abs_lateral_offset_from_centroid_m,9,11287,9.3162856698,4.49692862662,15.8144283669
J03WOH,attacker_abs_lateral_offset_from_centroid_m,10,11287,9.3162856698,4.49692862662,15.8144283669
J03WOH,attacker_defender_start_distance_m,1,11287,5.36694323488,3.06337980632,9.06705773941
J03WOH,attacker_defender_start_distance_m,2,11287,10.3297380309,7.05135836458,14.7319672662
J03WOH,attacker_defender_start_distance_m,3,11287,13.8337133606,10.0362748888,19.0759272173
J03WOH,attacker_defender_start_distance_m,4,11287,17.0127414725,12.7378095936,22.6680269923
J03WOH,attacker_defender_start_distance_m,5,11287,20.1781247064,15.2541445319,26.2368046928
J03WOH,attacker_defender_start_distance_m,6,11287,23.0721362632,17.92025034,29.3918976219
J03WOH,attacker_defender_start_distance_m,7,11287,26.5360947513,20.8087393566,33.1771500684
J03WOH,attacker_defender_start_distance_m,8,11287,30.1517627212,24.2202826901,36.7893498179
J03WOH,attacker_defender_start_distance_m,9,11287,34.0123929588,27.8349764575,40.9349416143
J03WOH,attacker_defender_start_distance_m,10,11287,38.2130155595,31.9836420369,45.3790207605
J03WOH,attacker_goalward_offset_from_centroid_m,1,11287,-6.0371429239,-15.0277143176,4.35171449764
J03WOH,attacker_goalward_offset_from_centroid_m,2,11287,-6.0371429239,-15.0277143176,4.35171449764
J03WOH,attacker_goalward_offset_from_centroid_m,3,11287,-6.0371429239,-15.0277143176,4.35171449764
J03WOH,attacker_goalward_offset_from_centroid_m,4,11287,-6.0371429239,-15.0277143176,4.35171449764
J03WOH,attacker_goalward_offset_from_centroid_m,5,11287,-6.0371429239,-15.0277143176,4.35171449764
J03WOH,attacker_goalward_offset_from_centroid_m,6,11287,-6.0371429239,-15.0277143176,4.35171449764
J03WOH,attacker_goalward_offset_from_centroid_m,7,11287,-6.0371429239,-15.0277143176,4.35171449764
J03WOH,attacker_goalward_offset_from_centroid_m,8,11287,-6.0371429239,-15.0277143176,4.35171449764
J03WOH,attacker_goalward_offset_from_centroid_m,9,11287,-6.0371429239,-15.0277143176,4.35171449764
J03WOH,attacker_goalward_offset_from_centroid_m,10,11287,-6.0371429239,-15.0277143176,4.35171449764
J03WOH,ball_abs_lateral_offset_from_centroid_m,1,11287,11.9161429422,5.46299995439,18.1037141868
J03WOH,ball_abs_lateral_offset_from_centroid_m,2,11287,11.9161429422,5.46299995439,18.1037141868
J03WOH,ball_abs_lateral_offset_from_centroid_m,3,11287,11.9161429422,5.46299995439,18.1037141868
J03WOH,ball_abs_lateral_offset_from_centroid_m,4,11287,11.9161429422,5.46299995439,18.1037141868
J03WOH,ball_abs_lateral_offset_from_centroid_m,5,11287,11.9161429422,5.46299995439,18.1037141868
J03WOH,ball_abs_lateral_offset_from_centroid_m,6,11287,11.9161429422,5.46299995439,18.1037141868
J03WOH,ball_abs_lateral_offset_from_centroid_m,7,11287,11.9161429422,5.46299995439,18.1037141868
J03WOH,ball_abs_lateral_offset_from_centroid_m,8,11287,11.9161429422,5.46299995439,18.1037141868
J03WOH,ball_abs_lateral_offset_from_centroid_m,9,11287,11.9161429422,5.46299995439,18.1037141868
J03WOH,ball_abs_lateral_offset_from_centroid_m,10,11287,11.9161429422,5.46299995439,18.1037141868
J03WOH,ball_defender_distance_m,1,11287,24.8704348663,14.7264874951,36.4718510256
J03WOH,ball_defender_distance_m,2,11287,24.1584689159,14.1149598363,36.1695740631
J03WOH,ball_defender_distance_m,3,11287,23.3136002769,14.4748609939,35.0197922217
J03WOH,ball_defender_distance_m,4,11287,23.6563859471,14.176646275,35.2179973882
J03WOH,ball_defender_distance_m,5,11287,24.34529933,14.7581881431,35.4228066864
J03WOH,ball_defender_distance_m,6,11287,25.1760363696,15.5981087156,36.0055685483
J03WOH,ball_defender_distance_m,7,11287,26.2795702827,16.0345364087,38.0681734938
J03WOH,ball_defender_distance_m,8,11287,27.8126736964,16.5443780794,39.7995883523
J03WOH,ball_defender_distance_m,9,11287,29.6891343656,16.4246417693,41.2588653869
J03WOH,ball_defender_distance_m,10,11287,32.3357279398,15.7381308638,44.7767155926
J03WOH,ball_goalward_offset_from_centroid_m,1,11287,-4.58914299011,-18.8450000352,9.43042797021
J03WOH,ball_goalward_offset_from_centroid_m,2,11287,-4.58914299011,-18.8450000352,9.43042797021
J03WOH,ball_goalward_offset_from_centroid_m,3,11287,-4.58914299011,-18.8450000352,9.43042797021
J03WOH,ball_goalward_offset_from_centroid_m,4,11287,-4.58914299011,-18.8450000352,9.43042797021
J03WOH,ball_goalward_offset_from_centroid_m,5,11287,-4.58914299011,-18.8450000352,9.43042797021
J03WOH,ball_goalward_offset_from_centroid_m,6,11287,-4.58914299011,-18.8450000352,9.43042797021
J03WOH,ball_goalward_offset_from_centroid_m,7,11287,-4.58914299011,-18.8450000352,9.43042797021
J03WOH,ball_goalward_offset_from_centroid_m,8,11287,-4.58914299011,-18.8450000352,9.43042797021
J03WOH,ball_goalward_offset_from_centroid_m,9,11287,-4.58914299011,-18.8450000352,9.43042797021
J03WOH,ball_goalward_offset_from_centroid_m,10,11287,-4.58914299011,-18.8450000352,9.43042797021
J03WOH,defender_abs_lateral_offset_from_centroid_m,1,11287,8.15599999598,4.34957140514,14.0111429589
J03WOH,defender_abs_lateral_offset_from_centroid_m,2,11287,7.26657141532,3.92507144761,12.7987143789
J03WOH,defender_abs_lateral_offset_from_centroid_m,3,11287,6.52528568336,3.3409285937,11.2945714233
J03WOH,defender_abs_lateral_offset_from_centroid_m,4,11287,6.38171433721,3.04792849247,11.3505715506
J03WOH,defender_abs_lateral_offset_from_centroid_m,5,11287,6.4285714422,3.10271431527,12.0814282826
J03WOH,defender_abs_lateral_offset_from_centroid_m,6,11287,7.1129998454,3.7637142737,13.0710714038
J03WOH,defender_abs_lateral_offset_from_centroid_m,7,11287,8.68900004114,4.78500016502,14.1142143045
J03WOH,defender_abs_lateral_offset_from_centroid_m,8,11287,9.24985699483,5.34400001637,15.0516427538
J03WOH,defender_abs_lateral_offset_from_centroid_m,9,11287,12.3348573753,6.71900003467,17.8925713437
J03WOH,defender_abs_lateral_offset_from_centroid_m,10,11287,17.0181426457,10.3824285924,21.6959997572
J03WOH,defender_centroid_distance_m,1,11287,15.3961290182,10.4521652807,19.9436281267
J03WOH,defender_centroid_distance_m,2,11287,14.3565538187,9.57440686121,19.0856460888
J03WOH,defender_centroid_distance_m,3,11287,12.1571409887,7.57086420774,17.4192464117
J03WOH,defender_centroid_distance_m,4,11287,11.4003674456,6.61511108841,17.1755668823
J03WOH,defender_centroid_distance_m,5,11287,11.4185114642,6.84883142212,17.1358033254
J03WOH,defender_centroid_distance_m,6,11287,12.6574935991,8.30728906361,17.824751817
J03WOH,defender_centroid_distance_m,7,11287,14.7549299638,11.1976467036,19.0358802433
J03WOH,defender_centroid_distance_m,8,11287,16.5801367036,13.2472600682,20.339864305
J03WOH,defender_centroid_distance_m,9,11287,19.0052320737,15.8710781042,22.7633404932
J03WOH,defender_centroid_distance_m,10,11287,22.7820619455,19.2041331468,26.9705601876
J03WOH,defender_fixed_x_m,1,11287,-0.779999996935,-17.1907142912,16.1992856434
J03WOH,defender_fixed_x_m,2,11287,-0.575714281627,-16.8828571865,16.1992856434
J03WOH,defender_fixed_x_m,3,11287,-0.794285714626,-17.7392856053,15.7614285605
J03WOH,defender_fixed_x_m,4,11287,-0.919999999659,-17.9564283916,15.7328569548
J03WOH,defender_fixed_x_m,5,11287,-0.910000026226,-17.6314285823,15.9928571156
J03WOH,defender_fixed_x_m,6,11287,-0.857142848628,-17.4578572682,15.9700001308
J03WOH,defender_fixed_x_m,7,11287,-1.03285711152,-18.2685714449,15.6928571292
J03WOH,defender_fixed_x_m,8,11287,-1.08142857892,-17.4692856925,14.4485714776
J03WOH,defender_fixed_x_m,9,11287,-1.17142856121,-15.5728571756,12.5857140677
J03WOH,defender_fixed_x_m,10,11287,-0.931428568704,-15.5085713523,12.3142858233
J03WOH,defender_fixed_y_m,1,11287,-2.49285711561,-12.8785714422,7.21571428435
J03WOH,defender_fixed_y_m,2,11287,-2.44571433749,-12.3085714749,7.08714287622
J03WOH,defender_fixed_y_m,3,11287,-2.60000000681,-12.0092857225,6.3700000218
J03WOH,defender_fixed_y_m,4,11287,-2.91571433204,-12.2407142094,6.40642857552
J03WOH,defender_fixed_y_m,5,11287,-2.14000000272,-12.4099999155,7.31714275905
J03WOH,defender_fixed_y_m,6,11287,-2.9485714095,-12.9049998692,7.32428577968
J03WOH,defender_fixed_y_m,7,11287,-2.8700000218,-13.4985713959,7.68571424484
J03WOH,defender_fixed_y_m,8,11287,-1.92999999864,-13.0092857225,8.89928572518
J03WOH,defender_fixed_y_m,9,11287,-0.0771428596761,-12.7914284297,12.7685714449
J03WOH,defender_fixed_y_m,10,11287,0.331428574664,-15.811428615,16.8464288712
J03WOH,defender_goalward_offset_from_centroid_m,1,11287,-4.7547145571,-12.5973569632,5.43807157023
J03WOH,defender_goalward_offset_from_centroid_m,2,11287,-4.01885714701,-11.6181428486,5.59385715468
J03WOH,defender_goalward_offset_from_centroid_m,3,11287,-2.1117142937,-9.16971419539,5.05657140187
J03WOH,defender_goalward_offset_from_centroid_m,4,11287,-0.453428606476,-6.87792863335,5.95285713673
J03WOH,defender_goalward_offset_from_centroid_m,5,11287,1.12614286821,-6.21950005719,6.9635714863
J03WOH,defender_goalward_offset_from_centroid_m,6,11287,2.55814281361,-6.53142847238,8.45342953546
J03WOH,defender_goalward_offset_from_centroid_m,7,11287,4.88857137731,-7.45500006761,10.7631428821
J03WOH,defender_goalward_offset_from_centroid_m,8,11287,6.5142861775,-7.91114290271,12.7598570824
J03WOH,defender_goalward_offset_from_centroid_m,9,11287,6.90914255381,-8.4262855087,14.0011426866
J03WOH,defender_goalward_offset_from_centroid_m,10,11287,6.32385722569,-10.7922857532,12.906285693
J03WOH,defender_lateral_offset_from_centroid_m,1,11287,-1.4328571822,-8.50992861145,7.76000000664
J03WOH,defender_lateral_offset_from_centroid_m,2,11287,-1.12600018808,-7.47435729589,6.98564287903
J03WOH,defender_lateral_offset_from_centroid_m,3,11287,-1.08471394607,-7.14799998775,5.75557135684
J03WOH,defender_lateral_offset_from_centroid_m,4,11287,-1.11185713283,-6.91099988323,5.62371430397
J03WOH,defender_lateral_offset_from_centroid_m,5,11287,-0.702714361463,-6.80192864569,5.98128580536
J03WOH,defender_lateral_offset_from_centroid_m,6,11287,-1.28928554399,-7.89078578779,6.39164287341
J03WOH,defender_lateral_offset_from_centroid_m,7,11287,-1.30942856563,-9.43585705826,7.78385713271
J03WOH,defender_lateral_offset_from_centroid_m,8,11287,-0.271571467178,-9.2465714395,9.25999996662
J03WOH,defender_lateral_offset_from_centroid_m,9,11287,2.34171426765,-10.7529999554,13.8098571845
J03WOH,defender_lateral_offset_from_centroid_m,10,11287,3.24957108668,-15.1017857182,18.3870000011
J03WOH,defender_own_goal_depth_m,1,11287,53.9642857313,39.247142928,73.0657141549
J03WOH,defender_own_goal_depth_m,2,11287,53.3428571395,38.6899999891,72.4200000763
J03WOH,defender_own_goal_depth_m,3,11287,52.3271428591,37.4764285769,71.1800000327
J03WOH,defender_own_goal_depth_m,4,11287,50.7542857102,36.3200002398,69.9028570993
J03WOH,defender_own_goal_depth_m,5,11287,49.8071428026,35.5257148743,68.8407144547
J03WOH,defender_own_goal_depth_m,6,11287,49.8242857116,34.9442858015,68.0214285851
J03WOH,defender_own_goal_depth_m,7,11287,48.0299999373,33.8914285387,67.3171427591
J03WOH,defender_own_goal_depth_m,8,11287,47.8228572437,34.3499999728,65.6814285006
J03WOH,defender_own_goal_depth_m,9,11287,48.6957143375,35.4271428244,62.9007142612
J03WOH,defender_own_goal_depth_m,10,11287,49.815714223,36.043571404,62.8671428135
J03WOH,local_two_neighbor_mean_distance_m,1,11287,11.0687399155,8.07088754979,14.4555651948
J03WOH,local_two_neighbor_mean_distance_m,2,11287,10.1003564658,7.13404280389,13.2094661306
J03WOH,local_two_neighbor_mean_distance_m,3,11287,9.85285946574,7.00700453552,12.9056495022
J03WOH,local_two_neighbor_mean_distance_m,4,11287,9.76766442368,7.02343157525,12.8046706327
J03WOH,local_two_neighbor_mean_distance_m,5,11287,9.94107407938,7.14373710736,12.9732371276
J03WOH,local_two_neighbor_mean_distance_m,6,11287,10.1810568193,7.49373532427,13.1213706473
J03WOH,local_two_neighbor_mean_distance_m,7,11287,10.7546814138,8.04685936312,13.995567446
J03WOH,local_two_neighbor_mean_distance_m,8,11287,11.6758998649,8.84393094569,15.182693166
J03WOH,local_two_neighbor_mean_distance_m,9,11287,12.5880093332,9.59222136336,16.0212802278
J03WOH,local_two_neighbor_mean_distance_m,10,11287,14.5930619879,11.3050647105,18.7023595917
J03WOH,prior_absolute_path_m,1,11287,3.2032297321,2.13836762585,6.03489424876
J03WOH,prior_absolute_path_m,2,11287,3.20593846883,2.15533856114,5.98902453722
J03WOH,prior_absolute_path_m,3,11287,3.25198336912,2.18780049319,6.17751018173
J03WOH,prior_absolute_path_m,4,11287,3.32459428442,2.22037777903,6.20053266092
J03WOH,prior_absolute_path_m,5,11287,3.32016478884,2.19005623841,6.13607453607
J03WOH,prior_absolute_path_m,6,11287,3.24628272622,2.20213639954,6.04948306274
J03WOH,prior_absolute_path_m,7,11287,3.25266179632,2.18466845914,5.96522525457
J03WOH,prior_absolute_path_m,8,11287,3.20009858288,2.11641549967,5.88516097016
J03WOH,prior_absolute_path_m,9,11287,3.16009014964,2.16575564975,5.92353629216
J03WOH,prior_absolute_path_m,10,11287,3.15463648788,2.08575484778,5.76249298985
J03WOH,prior_attacker_path_m,1,11287,3.13852738865,2.0628080423,5.7142342622
J03WOH,prior_attacker_path_m,2,11287,3.13852738865,2.0628080423,5.7142342622
J03WOH,prior_attacker_path_m,3,11287,3.13852738865,2.0628080423,5.7142342622
J03WOH,prior_attacker_path_m,4,11287,3.13852738865,2.0628080423,5.7142342622
J03WOH,prior_attacker_path_m,5,11287,3.13852738865,2.0628080423,5.7142342622
J03WOH,prior_attacker_path_m,6,11287,3.13852738865,2.0628080423,5.7142342622
J03WOH,prior_attacker_path_m,7,11287,3.13852738865,2.0628080423,5.7142342622
J03WOH,prior_attacker_path_m,8,11287,3.13852738865,2.0628080423,5.7142342622
J03WOH,prior_attacker_path_m,9,11287,3.13852738865,2.0628080423,5.7142342622
J03WOH,prior_attacker_path_m,10,11287,3.13852738865,2.0628080423,5.7142342622
J03WOH,prior_defensive_centroid_path_m,1,11287,2.75058254205,1.37239912729,5.0406622783
J03WOH,prior_defensive_centroid_path_m,2,11287,2.75058254205,1.37239912729,5.0406622783
J03WOH,prior_defensive_centroid_path_m,3,11287,2.75058254205,1.37239912729,5.0406622783
J03WOH,prior_defensive_centroid_path_m,4,11287,2.75058254205,1.37239912729,5.0406622783
J03WOH,prior_defensive_centroid_path_m,5,11287,2.75058254205,1.37239912729,5.0406622783
J03WOH,prior_defensive_centroid_path_m,6,11287,2.75058254205,1.37239912729,5.0406622783
J03WOH,prior_defensive_centroid_path_m,7,11287,2.75058254205,1.37239912729,5.0406622783
J03WOH,prior_defensive_centroid_path_m,8,11287,2.75058254205,1.37239912729,5.0406622783
J03WOH,prior_defensive_centroid_path_m,9,11287,2.75058254205,1.37239912729,5.0406622783
J03WOH,prior_defensive_centroid_path_m,10,11287,2.75058254205,1.37239912729,5.0406622783
J03WOH,prior_focal_relative_path_m,1,11287,2.30931542814,1.4346374042,3.63649587387
J03WOH,prior_focal_relative_path_m,2,11287,2.29519928628,1.42470538937,3.63527584204
J03WOH,prior_focal_relative_path_m,3,11287,2.2522297566,1.38504914223,3.55424827854
J03WOH,prior_focal_relative_path_m,4,11287,2.28074878061,1.40327954898,3.50854530926
J03WOH,prior_focal_relative_path_m,5,11287,2.22504687498,1.40242250664,3.48166624658
J03WOH,prior_focal_relative_path_m,6,11287,2.25575338901,1.41722358305,3.48309029089
J03WOH,prior_focal_relative_path_m,7,11287,2.27108634404,1.44991563608,3.55467927615
J03WOH,prior_focal_relative_path_m,8,11287,2.28676851459,1.43356119183,3.55754549099
J03WOH,prior_focal_relative_path_m,9,11287,2.33142977881,1.48098385279,3.54877354224
J03WOH,prior_focal_relative_path_m,10,11287,2.45237004756,1.56132511579,3.84842386598
J03WOH,prior_other_nine_mean_absolute_path_m,1,11287,3.73889793006,2.33909942809,5.79311107338
J03WOH,prior_other_nine_mean_absolute_path_m,2,11287,3.74242850516,2.33909942809,5.80764589049
J03WOH,prior_other_nine_mean_absolute_path_m,3,11287,3.75417589582,2.32772734357,5.78887472933
J03WOH,prior_other_nine_mean_absolute_path_m,4,11287,3.76382710458,2.33930649748,5.76529558524
J03WOH,prior_other_nine_mean_absolute_path_m,5,11287,3.76833386506,2.32900095482,5.80650386991
J03WOH,prior_other_nine_mean_absolute_path_m,6,11287,3.77800372504,2.33780815914,5.8096476718
J03WOH,prior_other_nine_mean_absolute_path_m,7,11287,3.76870483539,2.32310761672,5.83949315583
J03WOH,prior_other_nine_mean_absolute_path_m,8,11287,3.76382710458,2.32869383412,5.83160438628
J03WOH,prior_other_nine_mean_absolute_path_m,9,11287,3.74824087657,2.32227059244,5.85260091286
J03WOH,prior_other_nine_mean_absolute_path_m,10,11287,3.74365879788,2.34386648356,5.85117054832
J03WOH,prior_terminal_speed_mps,1,11287,1.55223868822,1.01078588781,3.04211613875
J03WOH,prior_terminal_speed_mps,2,11287,1.55592760396,1.00031917545,3.00912919646
J03WOH,prior_terminal_speed_mps,3,11287,1.57020912756,1.03015652484,3.10098171908
J03WOH,prior_terminal_speed_mps,4,11287,1.59119238456,1.03817533205,3.13767910207
J03WOH,prior_terminal_speed_mps,5,11287,1.59119238456,1.02829839275,3.12535550057
J03WOH,prior_terminal_speed_mps,6,11287,1.57669677495,1.05523609245,3.08210232068
J03WOH,prior_terminal_speed_mps,7,11287,1.57305153377,1.02270030246,2.99510666676
J03WOH,prior_terminal_speed_mps,8,11287,1.57020994098,1.01644811407,2.9565304664
J03WOH,prior_terminal_speed_mps,9,11287,1.54935575432,1.01644649848,2.97759410944
J03WOH,prior_terminal_speed_mps,10,11287,1.52069051219,0.964947140627,2.84864886027
J03WOH,unit_depth_span_m,1,11287,34.1114286695,28.2728571211,41.2371428353
J03WOH,unit_depth_span_m,2,11287,34.1114286695,28.2728571211,41.2371428353
J03WOH,unit_depth_span_m,3,11287,34.1114286695,28.2728571211,41.2371428353
J03WOH,unit_depth_span_m,4,11287,34.1114286695,28.2728571211,41.2371428353
J03WOH,unit_depth_span_m,5,11287,34.1114286695,28.2728571211,41.2371428353
J03WOH,unit_depth_span_m,6,11287,34.1114286695,28.2728571211,41.2371428353
J03WOH,unit_depth_span_m,7,11287,34.1114286695,28.2728571211,41.2371428353
J03WOH,unit_depth_span_m,8,11287,34.1114286695,28.2728571211,41.2371428353
J03WOH,unit_depth_span_m,9,11287,34.1114286695,28.2728571211,41.2371428353
J03WOH,unit_depth_span_m,10,11287,34.1114286695,28.2728571211,41.2371428353
J03WOH,unit_width_span_m,1,11287,37.9299997602,32.7199995858,43.1114286695
J03WOH,unit_width_span_m,2,11287,37.9299997602,32.7199995858,43.1114286695
J03WOH,unit_width_span_m,3,11287,37.9299997602,32.7199995858,43.1114286695
J03WOH,unit_width_span_m,4,11287,37.9299997602,32.7199995858,43.1114286695
J03WOH,unit_width_span_m,5,11287,37.9299997602,32.7199995858,43.1114286695
J03WOH,unit_width_span_m,6,11287,37.9299997602,32.7199995858,43.1114286695
J03WOH,unit_width_span_m,7,11287,37.9299997602,32.7199995858,43.1114286695
J03WOH,unit_width_span_m,8,11287,37.9299997602,32.7199995858,43.1114286695
J03WOH,unit_width_span_m,9,11287,37.9299997602,32.7199995858,43.1114286695
J03WOH,unit_width_span_m,10,11287,37.9299997602,32.7199995858,43.1114286695
J03WOY,attacker_abs_lateral_offset_from_centroid_m,1,11579,9.41371433394,4.48178566694,15.8242858423
J03WOY,attacker_abs_lateral_offset_from_centroid_m,2,11579,9.41371433394,4.48178566694,15.8242858423
J03WOY,attacker_abs_lateral_offset_from_centroid_m,3,11579,9.41371433394,4.48178566694,15.8242858423
J03WOY,attacker_abs_lateral_offset_from_centroid_m,4,11579,9.41371433394,4.48178566694,15.8242858423
J03WOY,attacker_abs_lateral_offset_from_centroid_m,5,11579,9.41371433394,4.48178566694,15.8242858423
J03WOY,attacker_abs_lateral_offset_from_centroid_m,6,11579,9.41371433394,4.48178566694,15.8242858423
J03WOY,attacker_abs_lateral_offset_from_centroid_m,7,11579,9.41371433394,4.48178566694,15.8242858423
J03WOY,attacker_abs_lateral_offset_from_centroid_m,8,11579,9.41371433394,4.48178566694,15.8242858423
J03WOY,attacker_abs_lateral_offset_from_centroid_m,9,11579,9.41371433394,4.48178566694,15.8242858423
J03WOY,attacker_abs_lateral_offset_from_centroid_m,10,11579,9.41371433394,4.48178566694,15.8242858423
J03WOY,attacker_defender_start_distance_m,1,11579,5.19046638512,2.97612763501,8.64185765136
J03WOY,attacker_defender_start_distance_m,2,11579,10.3714933837,7.19917391184,14.7378231329
J03WOY,attacker_defender_start_distance_m,3,11579,13.8560786285,10.2624717088,18.8657582166
J03WOY,attacker_defender_start_distance_m,4,11579,17.0498536951,12.9354768081,22.7170335043
J03WOY,attacker_defender_start_distance_m,5,11579,20.1088961355,15.4234572241,26.1464318624
J03WOY,attacker_defender_start_distance_m,6,11579,23.1733706267,17.9770249384,29.4737812253
J03WOY,attacker_defender_start_distance_m,7,11579,26.39558981,20.8008661771,32.7693471168
J03WOY,attacker_defender_start_distance_m,8,11579,29.7986397554,23.7291633489,36.0397084719
J03WOY,attacker_defender_start_distance_m,9,11579,33.3960086227,26.9454143836,39.8283007368
J03WOY,attacker_defender_start_distance_m,10,11579,37.7015951394,31.2580658628,44.5259467048
J03WOY,attacker_goalward_offset_from_centroid_m,1,11579,-5.72899935586,-14.8526422914,4.23328576769
J03WOY,attacker_goalward_offset_from_centroid_m,2,11579,-5.72899935586,-14.8526422914,4.23328576769
J03WOY,attacker_goalward_offset_from_centroid_m,3,11579,-5.72899935586,-14.8526422914,4.23328576769
J03WOY,attacker_goalward_offset_from_centroid_m,4,11579,-5.72899935586,-14.8526422914,4.23328576769
J03WOY,attacker_goalward_offset_from_centroid_m,5,11579,-5.72899935586,-14.8526422914,4.23328576769
J03WOY,attacker_goalward_offset_from_centroid_m,6,11579,-5.72899935586,-14.8526422914,4.23328576769
J03WOY,attacker_goalward_offset_from_centroid_m,7,11579,-5.72899935586,-14.8526422914,4.23328576769
J03WOY,attacker_goalward_offset_from_centroid_m,8,11579,-5.72899935586,-14.8526422914,4.23328576769
J03WOY,attacker_goalward_offset_from_centroid_m,9,11579,-5.72899935586,-14.8526422914,4.23328576769
J03WOY,attacker_goalward_offset_from_centroid_m,10,11579,-5.72899935586,-14.8526422914,4.23328576769
J03WOY,ball_abs_lateral_offset_from_centroid_m,1,11579,11.0575714026,5.07785704104,17.5162855778
J03WOY,ball_abs_lateral_offset_from_centroid_m,2,11579,11.0575714026,5.07785704104,17.5162855778
J03WOY,ball_abs_lateral_offset_from_centroid_m,3,11579,11.0575714026,5.07785704104,17.5162855778
J03WOY,ball_abs_lateral_offset_from_centroid_m,4,11579,11.0575714026,5.07785704104,17.5162855778
J03WOY,ball_abs_lateral_offset_from_centroid_m,5,11579,11.0575714026,5.07785704104,17.5162855778
J03WOY,ball_abs_lateral_offset_from_centroid_m,6,11579,11.0575714026,5.07785704104,17.5162855778
J03WOY,ball_abs_lateral_offset_from_centroid_m,7,11579,11.0575714026,5.07785704104,17.5162855778
J03WOY,ball_abs_lateral_offset_from_centroid_m,8,11579,11.0575714026,5.07785704104,17.5162855778
J03WOY,ball_abs_lateral_offset_from_centroid_m,9,11579,11.0575714026,5.07785704104,17.5162855778
J03WOY,ball_abs_lateral_offset_from_centroid_m,10,11579,11.0575714026,5.07785704104,17.5162855778
J03WOY,ball_defender_distance_m,1,11579,25.5833342725,15.0452031543,36.2602827419
J03WOY,ball_defender_distance_m,2,11579,24.7344887709,14.4169552528,35.6016377331
J03WOY,ball_defender_distance_m,3,11579,23.8443952084,14.3845743929,34.4443124754
J03WOY,ball_defender_distance_m,4,11579,23.9163458539,14.7134873847,33.851076001
J03WOY,ball_defender_distance_m,5,11579,24.0697942745,15.1408077375,34.237057258
J03WOY,ball_defender_distance_m,6,11579,24.6341366797,15.3954521891,34.902638651
J03WOY,ball_defender_distance_m,7,11579,25.3635657132,15.7094652997,35.4065923331
J03WOY,ball_defender_distance_m,8,11579,26.5223669687,15.9527841175,37.1916476849
J03WOY,ball_defender_distance_m,9,11579,27.7983588977,15.6062741738,39.556905715
J03WOY,ball_defender_distance_m,10,11579,31.2981874995,15.6466900748,44.1591119744
J03WOY,ball_goalward_offset_from_centroid_m,1,11579,-2.07457107135,-15.8605699267,12.9227128165
J03WOY,ball_goalward_offset_from_centroid_m,2,11579,-2.07457107135,-15.8605699267,12.9227128165
J03WOY,ball_goalward_offset_from_centroid_m,3,11579,-2.07457107135,-15.8605699267,12.9227128165
J03WOY,ball_goalward_offset_from_centroid_m,4,11579,-2.07457107135,-15.8605699267,12.9227128165
J03WOY,ball_goalward_offset_from_centroid_m,5,11579,-2.07457107135,-15.8605699267,12.9227128165
J03WOY,ball_goalward_offset_from_centroid_m,6,11579,-2.07457107135,-15.8605699267,12.9227128165
J03WOY,ball_goalward_offset_from_centroid_m,7,11579,-2.07457107135,-15.8605699267,12.9227128165
J03WOY,ball_goalward_offset_from_centroid_m,8,11579,-2.07457107135,-15.8605699267,12.9227128165
J03WOY,ball_goalward_offset_from_centroid_m,9,11579,-2.07457107135,-15.8605699267,12.9227128165
J03WOY,ball_goalward_offset_from_centroid_m,10,11579,-2.07457107135,-15.8605699267,12.9227128165
J03WOY,defender_abs_lateral_offset_from_centroid_m,1,11579,8.18957140786,3.89642858676,13.9935714071
J03WOY,defender_abs_lateral_offset_from_centroid_m,2,11579,7.28314303883,3.5758573415,12.5877142401
J03WOY,defender_abs_lateral_offset_from_centroid_m,3,11579,6.57742873345,3.36178572689,11.767857136
J03WOY,defender_abs_lateral_offset_from_centroid_m,4,11579,6.24928574903,3.03721424001,11.6279999776
J03WOY,defender_abs_lateral_offset_from_centroid_m,5,11579,6.11157147544,2.93742865154,11.8072141656
J03WOY,defender_abs_lateral_offset_from_centroid_m,6,11579,6.97742849493,3.59121432304,12.6915714162
J03WOY,defender_abs_lateral_offset_from_centroid_m,7,11579,8.46942855971,4.61271435725,13.5526428061
J03WOY,defender_abs_lateral_offset_from_centroid_m,8,11579,9.89242841261,5.20435713093,14.6532856807
J03WOY,defender_abs_lateral_offset_from_centroid_m,9,11579,12.0634283543,7.05657160708,16.585071489
J03WOY,defender_abs_lateral_offset_from_centroid_m,10,11579,16.8209998608,10.296285668,21.7088571302
J03WOY,defender_centroid_distance_m,1,11579,15.2595747001,10.1181251707,19.9174420944
J03WOY,defender_centroid_distance_m,2,11579,13.4083097331,8.84442268417,18.3344230643
J03WOY,defender_centroid_distance_m,3,11579,11.6551799022,7.3356568725,17.1846200662
J03WOY,defender_centroid_distance_m,4,11579,11.0188680928,6.33299406362,16.8148704523
J03WOY,defender_centroid_distance_m,5,11579,10.8481178789,6.45428389764,16.6335760692
J03WOY,defender_centroid_distance_m,6,11579,12.1493023238,7.84742468441,17.4624101982
J03WOY,defender_centroid_distance_m,7,11579,14.145924009,10.3118950465,18.6366445249
J03WOY,defender_centroid_distance_m,8,11579,16.0595951192,12.716472712,19.9045410746
J03WOY,defender_centroid_distance_m,9,11579,18.2374153649,15.1527457353,21.9084313607
J03WOY,defender_centroid_distance_m,10,11579,22.4744478103,18.8713222214,26.3515730414
J03WOY,defender_fixed_x_m,1,11579,-2.14142857279,-17.8985714231,12.6907142912
J03WOY,defender_fixed_x_m,2,11579,-2.88428572246,-17.7014288221,12.2535713741
J03WOY,defender_fixed_x_m,3,11579,-3.24428571974,-18.3199996948,12.5
J03WOY,defender_fixed_x_m,4,11579,-3.81142851285,-18.2628571647,13.2385714395
J03WOY,defender_fixed_x_m,5,11579,-3.9442856993,-18.0785714558,13.3049999646
J03WOY,defender_fixed_x_m,6,11579,-3.53714278766,-18.2157140459,13.1099996567
J03WOY,defender_fixed_x_m,7,11579,-3.26999998093,-18.2514286041,13.564285687
J03WOY,defender_fixed_x_m,8,11579,-2.80714287077,-17.6485715594,12.8228569031
J03WOY,defender_fixed_x_m,9,11579,-1.60714285714,-17.4514285496,12.0485714504
J03WOY,defender_fixed_x_m,10,11579,-1.76999998093,-16.2199998583,11.1314285823
J03WOY,defender_fixed_y_m,1,11579,-1.20857143402,-11.8078571047,9.68071433476
J03WOY,defender_fixed_y_m,2,11579,-1.05999997684,-11.9549999237,9.16857140405
J03WOY,defender_fixed_y_m,3,11579,-1.03999996185,-11.5900000163,8.56285721915
J03WOY,defender_fixed_y_m,4,11579,-0.611428567341,-11.3471429007,8.57071426937
J03WOY,defender_fixed_y_m,5,11579,-0.76857142789,-11.8557143211,8.96571445465
J03WOY,defender_fixed_y_m,6,11579,-0.802857143538,-11.8899999346,9.04142842974
J03WOY,defender_fixed_y_m,7,11579,-0.991428579603,-12.7164286886,9.80785710471
J03WOY,defender_fixed_y_m,8,11579,-0.739999992507,-12.8028571265,10.332857132
J03WOY,defender_fixed_y_m,9,11579,-0.552857147796,-12.5885714803,11.2457141876
J03WOY,defender_fixed_y_m,10,11579,1.07000000136,-15.988571167,16.3642858778
J03WOY,defender_goalward_offset_from_centroid_m,1,11579,-3.85414286586,-11.9871428634,5.9572857298
J03WOY,defender_goalward_offset_from_centroid_m,2,11579,-3.29199997698,-10.5812857321,4.94292857306
J03WOY,defender_goalward_offset_from_centroid_m,3,11579,-1.19471424903,-8.31171448209,5.25128585127
J03WOY,defender_goalward_offset_from_centroid_m,4,11579,0.38314277104,-6.70271427887,5.93242837153
J03WOY,defender_goalward_offset_from_centroid_m,5,11579,1.13985713891,-5.91328567777,6.79257159318
J03WOY,defender_goalward_offset_from_centroid_m,6,11579,2.08114257029,-6.32285741397,7.81621445556
J03WOY,defender_goalward_offset_from_centroid_m,7,11579,4.15500014169,-6.91457135677,9.91321396785
J03WOY,defender_goalward_offset_from_centroid_m,8,11579,5.54471420901,-7.71271419429,11.6777145113
J03WOY,defender_goalward_offset_from_centroid_m,9,11579,5.99671427182,-8.87557148933,12.498428561
J03WOY,defender_goalward_offset_from_centroid_m,10,11579,5.82999988113,-9.04185719235,11.8929998909
J03WOY,defender_lateral_offset_from_centroid_m,1,11579,-0.850571399501,-8.12714273695,8.29457148803
J03WOY,defender_lateral_offset_from_centroid_m,2,11579,-0.780428593499,-7.32750001635,7.2384285433
J03WOY,defender_lateral_offset_from_centroid_m,3,11579,-0.676714175088,-6.71464286702,6.47457141408
J03WOY,defender_lateral_offset_from_centroid_m,4,11579,-0.41242867027,-6.09671416283,6.38671426087
J03WOY,defender_lateral_offset_from_centroid_m,5,11579,-0.458285352162,-6.25364290561,5.97292848953
J03WOY,defender_lateral_offset_from_centroid_m,6,11579,-0.674856854124,-7.18400002803,6.74971431153
J03WOY,defender_lateral_offset_from_centroid_m,7,11579,-0.806428439277,-8.54700013995,8.38157146999
J03WOY,defender_lateral_offset_from_centroid_m,8,11579,-0.424285731997,-10.0184999781,9.84100011417
J03WOY,defender_lateral_offset_from_centroid_m,9,11579,0.332857142176,-11.8320713467,12.2990000995
J03WOY,defender_lateral_offset_from_centroid_m,10,11579,1.79371421678,-15.7342146422,17.7157144843
J03WOY,defender_own_goal_depth_m,1,11579,50.435714313,35.1257143021,66.1142856734
J03WOY,defender_own_goal_depth_m,2,11579,49.8757143021,35.3978569848,65.6621428217
J03WOY,defender_own_goal_depth_m,3,11579,48.2742856571,33.9300003052,64.3249999455
J03WOY,defender_own_goal_depth_m,4,11579,46.6614285878,32.7507143021,63.1985714776
J03WOY,defender_own_goal_depth_m,5,11579,46.1300000463,32.5849999019,61.8271429198
J03WOY,defender_own_goal_depth_m,6,11579,45.957142898,32.3114287513,61.3500000409
J03WOY,defender_own_goal_depth_m,7,11579,45.0142857007,30.977857181,60.5050000463
J03WOY,defender_own_goal_depth_m,8,11579,44.9528571538,31.1128571374,59.1642856598
J03WOY,defender_own_goal_depth_m,9,11579,45.8657142775,31.1828571047,58.6700000763
J03WOY,defender_own_goal_depth_m,10,11579,45.7357142312,32.6214283534,57.7042856898
J03WOY,local_two_neighbor_mean_distance_m,1,11579,11.16207974,8.45817590822,14.2364915892
J03WOY,local_two_neighbor_mean_distance_m,2,11579,10.0929147803,7.51654607907,12.8114849771
J03WOY,local_two_neighbor_mean_distance_m,3,11579,9.86839235573,7.4347664101,12.6049116181
J03WOY,local_two_neighbor_mean_distance_m,4,11579,9.78418696811,7.36567853157,12.549223043
J03WOY,local_two_neighbor_mean_distance_m,5,11579,9.92884612747,7.40791673147,12.7167446903
J03WOY,local_two_neighbor_mean_distance_m,6,11579,10.1540075037,7.61188166119,13.0895417143
J03WOY,local_two_neighbor_mean_distance_m,7,11579,10.6209841291,8.06727113395,13.6643255799
J03WOY,local_two_neighbor_mean_distance_m,8,11579,11.1890745006,8.579113505,14.3181535466
J03WOY,local_two_neighbor_mean_distance_m,9,11579,12.1058383132,9.3540535468,15.3011340382
J03WOY,local_two_neighbor_mean_distance_m,10,11579,14.4544999587,11.2024676666,18.0576146064
J03WOY,prior_absolute_path_m,1,11579,3.31777194739,2.17599641649,6.03572141426
J03WOY,prior_absolute_path_m,2,11579,3.31888099533,2.19757661178,6.06846081085
J03WOY,prior_absolute_path_m,3,11579,3.35738867158,2.17923438595,6.14886389014
J03WOY,prior_absolute_path_m,4,11579,3.37126104585,2.21014318278,6.11266252546
J03WOY,prior_absolute_path_m,5,11579,3.34687724893,2.19435485144,6.11610655526
J03WOY,prior_absolute_path_m,6,11579,3.31777194739,2.14147731772,6.08121823453
J03WOY,prior_absolute_path_m,7,11579,3.26097393696,2.16012709501,5.94699468061
J03WOY,prior_absolute_path_m,8,11579,3.19477503966,2.10925765607,5.8929567305
J03WOY,prior_absolute_path_m,9,11579,3.09764852759,2.02442318116,5.65331469254
J03WOY,prior_absolute_path_m,10,11579,3.08878135186,1.99838935683,5.73208244113
J03WOY,prior_attacker_path_m,1,11579,3.19900715177,2.07480483283,5.71997947629
J03WOY,prior_attacker_path_m,2,11579,3.19900715177,2.07480483283,5.71997947629
J03WOY,prior_attacker_path_m,3,11579,3.19900715177,2.07480483283,5.71997947629
J03WOY,prior_attacker_path_m,4,11579,3.19900715177,2.07480483283,5.71997947629
J03WOY,prior_attacker_path_m,5,11579,3.19900715177,2.07480483283,5.71997947629
J03WOY,prior_attacker_path_m,6,11579,3.19900715177,2.07480483283,5.71997947629
J03WOY,prior_attacker_path_m,7,11579,3.19900715177,2.07480483283,5.71997947629
J03WOY,prior_attacker_path_m,8,11579,3.19900715177,2.07480483283,5.71997947629
J03WOY,prior_attacker_path_m,9,11579,3.19900715177,2.07480483283,5.71997947629
J03WOY,prior_attacker_path_m,10,11579,3.19900715177,2.07480483283,5.71997947629
J03WOY,prior_defensive_centroid_path_m,1,11579,2.88703966891,1.37974967036,4.8683904017
J03WOY,prior_defensive_centroid_path_m,2,11579,2.88703966891,1.37974967036,4.8683904017
J03WOY,prior_defensive_centroid_path_m,3,11579,2.88703966891,1.37974967036,4.8683904017
J03WOY,prior_defensive_centroid_path_m,4,11579,2.88703966891,1.37974967036,4.8683904017
J03WOY,prior_defensive_centroid_path_m,5,11579,2.88703966891,1.37974967036,4.8683904017
J03WOY,prior_defensive_centroid_path_m,6,11579,2.88703966891,1.37974967036,4.8683904017
J03WOY,prior_defensive_centroid_path_m,7,11579,2.88703966891,1.37974967036,4.8683904017
J03WOY,prior_defensive_centroid_path_m,8,11579,2.88703966891,1.37974967036,4.8683904017
J03WOY,prior_defensive_centroid_path_m,9,11579,2.88703966891,1.37974967036,4.8683904017
J03WOY,prior_defensive_centroid_path_m,10,11579,2.88703966891,1.37974967036,4.8683904017
J03WOY,prior_focal_relative_path_m,1,11579,2.36335126075,1.48109988763,3.76427213415
J03WOY,prior_focal_relative_path_m,2,11579,2.306878198,1.44232487383,3.69111928372
J03WOY,prior_focal_relative_path_m,3,11579,2.28839313753,1.39950661457,3.54225815238
J03WOY,prior_focal_relative_path_m,4,11579,2.29288533562,1.40703017648,3.520915078
J03WOY,prior_focal_relative_path_m,5,11579,2.25471527909,1.40874688871,3.54176242028
J03WOY,prior_focal_relative_path_m,6,11579,2.25965957384,1.41207119046,3.50903719645
J03WOY,prior_focal_relative_path_m,7,11579,2.33686653488,1.43379517879,3.56994161538
J03WOY,prior_focal_relative_path_m,8,11579,2.29687148776,1.45647209921,3.58259214462
J03WOY,prior_focal_relative_path_m,9,11579,2.31588610027,1.45154652259,3.55859473442
J03WOY,prior_focal_relative_path_m,10,11579,2.36580614953,1.48054048938,3.88039542797
J03WOY,prior_other_nine_mean_absolute_path_m,1,11579,3.86406349146,2.34296727875,5.66086694446
J03WOY,prior_other_nine_mean_absolute_path_m,2,11579,3.86087987792,2.35671954059,5.66891479637
J03WOY,prior_other_nine_mean_absolute_path_m,3,11579,3.86390138068,2.35231636209,5.66326099512
J03WOY,prior_other_nine_mean_absolute_path_m,4,11579,3.85701274774,2.36446688953,5.66490197558
J03WOY,prior_other_nine_mean_absolute_path_m,5,11579,3.86047651397,2.37482676381,5.65987328504
J03WOY,prior_other_nine_mean_absolute_path_m,6,11579,3.88880183173,2.35895638464,5.66555613063
J03WOY,prior_other_nine_mean_absolute_path_m,7,11579,3.88668756344,2.3662805317,5.6788487984
J03WOY,prior_other_nine_mean_absolute_path_m,8,11579,3.88415221058,2.36443441704,5.6725100957
J03WOY,prior_other_nine_mean_absolute_path_m,9,11579,3.88636086304,2.39885002916,5.68992039284
J03WOY,prior_other_nine_mean_absolute_path_m,10,11579,3.88394054895,2.37766821209,5.67322621974
J03WOY,prior_terminal_speed_mps,1,11579,1.58637791731,1.0282980083,3.01378479765
J03WOY,prior_terminal_speed_mps,2,11579,1.59439153685,1.0307756299,3.02740468369
J03WOY,prior_terminal_speed_mps,3,11579,1.61506278726,1.03817591789,3.06415403032
J03WOY,prior_terminal_speed_mps,4,11579,1.60516029266,1.01582785101,3.06810390696
J03WOY,prior_terminal_speed_mps,5,11579,1.6051575645,1.04124135138,3.01801517416
J03WOY,prior_terminal_speed_mps,6,11579,1.60872931592,1.00572261678,3.042848975
J03WOY,prior_terminal_speed_mps,7,11579,1.59119238456,1.00572409086,2.95480431073
J03WOY,prior_terminal_speed_mps,8,11579,1.55223868822,1.00063662798,2.9211579067
J03WOY,prior_terminal_speed_mps,9,11579,1.51859081072,0.950964600681,2.8468570371
J03WOY,prior_terminal_speed_mps,10,11579,1.50678762331,0.939496119761,2.83968041933
J03WOY,unit_depth_span_m,1,11579,34.0514287267,27.5371423449,40.1142856053
J03WOY,unit_depth_span_m,2,11579,34.0514287267,27.5371423449,40.1142856053
J03WOY,unit_depth_span_m,3,11579,34.0514287267,27.5371423449,40.1142856053
J03WOY,unit_depth_span_m,4,11579,34.0514287267,27.5371423449,40.1142856053
J03WOY,unit_depth_span_m,5,11579,34.0514287267,27.5371423449,40.1142856053
J03WOY,unit_depth_span_m,6,11579,34.0514287267,27.5371423449,40.1142856053
J03WOY,unit_depth_span_m,7,11579,34.0514287267,27.5371423449,40.1142856053
J03WOY,unit_depth_span_m,8,11579,34.0514287267,27.5371423449,40.1142856053
J03WOY,unit_depth_span_m,9,11579,34.0514287267,27.5371423449,40.1142856053
J03WOY,unit_depth_span_m,10,11579,34.0514287267,27.5371423449,40.1142856053
J03WOY,unit_width_span_m,1,11579,38.3742856979,32.8742858342,43.785713332
J03WOY,unit_width_span_m,2,11579,38.3742856979,32.8742858342,43.785713332
J03WOY,unit_width_span_m,3,11579,38.3742856979,32.8742858342,43.785713332
J03WOY,unit_width_span_m,4,11579,38.3742856979,32.8742858342,43.785713332
J03WOY,unit_width_span_m,5,11579,38.3742856979,32.8742858342,43.785713332
J03WOY,unit_width_span_m,6,11579,38.3742856979,32.8742858342,43.785713332
J03WOY,unit_width_span_m,7,11579,38.3742856979,32.8742858342,43.785713332
J03WOY,unit_width_span_m,8,11579,38.3742856979,32.8742858342,43.785713332
J03WOY,unit_width_span_m,9,11579,38.3742856979,32.8742858342,43.785713332
J03WOY,unit_width_span_m,10,11579,38.3742856979,32.8742858342,43.785713332
J03WPY,attacker_abs_lateral_offset_from_centroid_m,1,12433,9.54942873887,4.43071419512,16.1134286199
J03WPY,attacker_abs_lateral_offset_from_centroid_m,2,12433,9.54942873887,4.43071419512,16.1134286199
J03WPY,attacker_abs_lateral_offset_from_centroid_m,3,12433,9.54942873887,4.43071419512,16.1134286199
J03WPY,attacker_abs_lateral_offset_from_centroid_m,4,12433,9.54942873887,4.43071419512,16.1134286199
J03WPY,attacker_abs_lateral_offset_from_centroid_m,5,12433,9.54942873887,4.43071419512,16.1134286199
J03WPY,attacker_abs_lateral_offset_from_centroid_m,6,12433,9.54942873887,4.43071419512,16.1134286199
J03WPY,attacker_abs_lateral_offset_from_centroid_m,7,12433,9.54942873887,4.43071419512,16.1134286199
J03WPY,attacker_abs_lateral_offset_from_centroid_m,8,12433,9.54942873887,4.43071419512,16.1134286199
J03WPY,attacker_abs_lateral_offset_from_centroid_m,9,12433,9.54942873887,4.43071419512,16.1134286199
J03WPY,attacker_abs_lateral_offset_from_centroid_m,10,12433,9.54942873887,4.43071419512,16.1134286199
J03WPY,attacker_defender_start_distance_m,1,12433,5.33108041119,3.17410608766,8.54729984083
J03WPY,attacker_defender_start_distance_m,2,12433,10.0020736163,7.09085319529,14.0599341821
J03WPY,attacker_defender_start_distance_m,3,12433,13.4744936949,10.1542051936,18.2723128021
J03WPY,attacker_defender_start_distance_m,4,12433,16.5209500404,12.8717019506,22.0541413371
J03WPY,attacker_defender_start_distance_m,5,12433,19.6577137108,15.4458443135,25.6769443107
J03WPY,attacker_defender_start_distance_m,6,12433,22.7290859193,17.9961721083,29.0021631617
J03WPY,attacker_defender_start_distance_m,7,12433,25.9171158637,20.702255929,32.1499768512
J03WPY,attacker_defender_start_distance_m,8,12433,29.1391491212,23.6295044737,35.4188958083
J03WPY,attacker_defender_start_distance_m,9,12433,32.5829900779,26.9025766517,39.0804103056
J03WPY,attacker_defender_start_distance_m,10,12433,37.1223740859,31.2267578737,43.641281158
J03WPY,attacker_goalward_offset_from_centroid_m,1,12433,-5.87300002064,-14.5130001689,3.50200010368
J03WPY,attacker_goalward_offset_from_centroid_m,2,12433,-5.87300002064,-14.5130001689,3.50200010368
J03WPY,attacker_goalward_offset_from_centroid_m,3,12433,-5.87300002064,-14.5130001689,3.50200010368
J03WPY,attacker_goalward_offset_from_centroid_m,4,12433,-5.87300002064,-14.5130001689,3.50200010368
J03WPY,attacker_goalward_offset_from_centroid_m,5,12433,-5.87300002064,-14.5130001689,3.50200010368
J03WPY,attacker_goalward_offset_from_centroid_m,6,12433,-5.87300002064,-14.5130001689,3.50200010368
J03WPY,attacker_goalward_offset_from_centroid_m,7,12433,-5.87300002064,-14.5130001689,3.50200010368
J03WPY,attacker_goalward_offset_from_centroid_m,8,12433,-5.87300002064,-14.5130001689,3.50200010368
J03WPY,attacker_goalward_offset_from_centroid_m,9,12433,-5.87300002064,-14.5130001689,3.50200010368
J03WPY,attacker_goalward_offset_from_centroid_m,10,12433,-5.87300002064,-14.5130001689,3.50200010368
J03WPY,ball_abs_lateral_offset_from_centroid_m,1,12433,13.6485710757,5.67857151372,19.3088572298
J03WPY,ball_abs_lateral_offset_from_centroid_m,2,12433,13.6485710757,5.67857151372,19.3088572298
J03WPY,ball_abs_lateral_offset_from_centroid_m,3,12433,13.6485710757,5.67857151372,19.3088572298
J03WPY,ball_abs_lateral_offset_from_centroid_m,4,12433,13.6485710757,5.67857151372,19.3088572298
J03WPY,ball_abs_lateral_offset_from_centroid_m,5,12433,13.6485710757,5.67857151372,19.3088572298
J03WPY,ball_abs_lateral_offset_from_centroid_m,6,12433,13.6485710757,5.67857151372,19.3088572298
J03WPY,ball_abs_lateral_offset_from_centroid_m,7,12433,13.6485710757,5.67857151372,19.3088572298
J03WPY,ball_abs_lateral_offset_from_centroid_m,8,12433,13.6485710757,5.67857151372,19.3088572298
J03WPY,ball_abs_lateral_offset_from_centroid_m,9,12433,13.6485710757,5.67857151372,19.3088572298
J03WPY,ball_abs_lateral_offset_from_centroid_m,10,12433,13.6485710757,5.67857151372,19.3088572298
J03WPY,ball_defender_distance_m,1,12433,24.6478186938,14.3047095392,35.1738038501
J03WPY,ball_defender_distance_m,2,12433,24.0844079732,14.1139845955,34.4924311565
J03WPY,ball_defender_distance_m,3,12433,23.9289823856,14.4655252422,33.8611456244
J03WPY,ball_defender_distance_m,4,12433,24.1802172036,14.8855391405,33.7913799859
J03WPY,ball_defender_distance_m,5,12433,24.235410557,15.1751822761,33.5478660161
J03WPY,ball_defender_distance_m,6,12433,24.7876756449,15.1809579972,34.1062870904
J03WPY,ball_defender_distance_m,7,12433,25.4588031878,15.1922492717,34.7472154269
J03WPY,ball_defender_distance_m,8,12433,26.9646084793,15.8512178618,36.1788583474
J03WPY,ball_defender_distance_m,9,12433,28.4058101704,15.9556304826,38.3521760337
J03WPY,ball_defender_distance_m,10,12433,31.5054930343,16.3096385103,43.2569534307
J03WPY,ball_goalward_offset_from_centroid_m,1,12433,-6.74442755835,-17.0200001035,6.11957175391
J03WPY,ball_goalward_offset_from_centroid_m,2,12433,-6.74442755835,-17.0200001035,6.11957175391
J03WPY,ball_goalward_offset_from_centroid_m,3,12433,-6.74442755835,-17.0200001035,6.11957175391
J03WPY,ball_goalward_offset_from_centroid_m,4,12433,-6.74442755835,-17.0200001035,6.11957175391
J03WPY,ball_goalward_offset_from_centroid_m,5,12433,-6.74442755835,-17.0200001035,6.11957175391
J03WPY,ball_goalward_offset_from_centroid_m,6,12433,-6.74442755835,-17.0200001035,6.11957175391
J03WPY,ball_goalward_offset_from_centroid_m,7,12433,-6.74442755835,-17.0200001035,6.11957175391
J03WPY,ball_goalward_offset_from_centroid_m,8,12433,-6.74442755835,-17.0200001035,6.11957175391
J03WPY,ball_goalward_offset_from_centroid_m,9,12433,-6.74442755835,-17.0200001035,6.11957175391
J03WPY,ball_goalward_offset_from_centroid_m,10,12433,-6.74442755835,-17.0200001035,6.11957175391
J03WPY,defender_abs_lateral_offset_from_centroid_m,1,12433,8.6884282606,4.36200027466,14.305714249
J03WPY,defender_abs_lateral_offset_from_centroid_m,2,12433,7.83742869922,3.9032858066,12.9235714027
J03WPY,defender_abs_lateral_offset_from_centroid_m,3,12433,7.00357129574,3.5635713234,11.4742857013
J03WPY,defender_abs_lateral_offset_from_centroid_m,4,12433,6.75842871666,3.38500000068,11.6981427772
J03WPY,defender_abs_lateral_offset_from_centroid_m,5,12433,6.72928546497,3.18871425646,11.8221420952
J03WPY,defender_abs_lateral_offset_from_centroid_m,6,12433,7.22057141066,3.69299995899,12.3438570993
J03WPY,defender_abs_lateral_offset_from_centroid_m,7,12433,8.50228572105,4.8255712969,13.0754285523
J03WPY,defender_abs_lateral_offset_from_centroid_m,8,12433,9.67585726465,5.18642850944,14.3775719438
J03WPY,defender_abs_lateral_offset_from_centroid_m,9,12433,12.2034282446,7.13857155272,16.6931432969
J03WPY,defender_abs_lateral_offset_from_centroid_m,10,12433,17.4931429284,11.178571323,22.3439997946
J03WPY,defender_centroid_distance_m,1,12433,15.4318848327,10.554710684,19.7393439617
J03WPY,defender_centroid_distance_m,2,12433,13.9000289864,9.20018991662,18.1455282029
J03WPY,defender_centroid_distance_m,3,12433,11.8426199651,7.50659655011,17.1499421272
J03WPY,defender_centroid_distance_m,4,12433,11.4428889002,6.84745628188,16.9695538759
J03WPY,defender_centroid_distance_m,5,12433,11.5466713221,6.96100990977,16.672539529
J03WPY,defender_centroid_distance_m,6,12433,12.2597097338,8.16088492492,17.207591879
J03WPY,defender_centroid_distance_m,7,12433,14.1122410134,10.6194468469,18.04168749
J03WPY,defender_centroid_distance_m,8,12433,15.7885904697,12.667714283,19.2898455642
J03WPY,defender_centroid_distance_m,9,12433,18.1390260503,15.185464216,21.1707005869
J03WPY,defender_centroid_distance_m,10,12433,22.1401375888,18.991005415,25.5794627001
J03WPY,defender_fixed_x_m,1,12433,0.185714288482,-15.3657143457,16.1771428244
J03WPY,defender_fixed_x_m,2,12433,0.259999990463,-15.0957144329,15.6628567832
J03WPY,defender_fixed_x_m,3,12433,0.968571432999,-15.3800001144,15.8942856107
J03WPY,defender_fixed_x_m,4,12433,0.81714286123,-14.9128571919,16.9242858887
J03WPY,defender_fixed_x_m,5,12433,0.812857151031,-15.2942857742,17.5042858124
J03WPY,defender_fixed_x_m,6,12433,0.378571427294,-15.3057143348,17.6085714613
J03WPY,defender_fixed_x_m,7,12433,1.16857143811,-15.5614284788,17.822857448
J03WPY,defender_fixed_x_m,8,12433,1.20285715376,-15.2042858941,17.7771429334
J03WPY,defender_fixed_x_m,9,12433,0.870000004768,-14.1014285769,17.0271429334
J03WPY,defender_fixed_x_m,10,12433,-0.25,-14.0342855453,16.0742855072
J03WPY,defender_fixed_y_m,1,12433,-1.42999998161,-11.5999999728,8.06714303153
J03WPY,defender_fixed_y_m,2,12433,-1.14428571292,-11.185714313,7.57714278357
J03WPY,defender_fixed_y_m,3,12433,-0.865714286055,-10.2685714449,7.57714278357
J03WPY,defender_fixed_y_m,4,12433,-0.827142843178,-9.9128571919,7.79000009809
J03WPY,defender_fixed_y_m,5,12433,-0.865714286055,-10.3728572301,7.90857144764
J03WPY,defender_fixed_y_m,6,12433,-0.988571439471,-10.3899999346,8.18285724095
J03WPY,defender_fixed_y_m,7,12433,-1.02428570815,-11.3057141985,8.59428569249
J03WPY,defender_fixed_y_m,8,12433,-1.42285709722,-11.8442856925,8.92285728455
J03WPY,defender_fixed_y_m,9,12433,-1.70000004768,-13.4928569794,10.4457142694
J03WPY,defender_fixed_y_m,10,12433,-1.71000003815,-18.9771428789,15.397142819
J03WPY,defender_goalward_offset_from_centroid_m,1,12433,-4.55728565199,-12.3568572181,5.57385726443
J03WPY,defender_goalward_offset_from_centroid_m,2,12433,-3.6432856696,-10.5251428502,4.90999981335
J03WPY,defender_goalward_offset_from_centroid_m,3,12433,-2.02042851618,-8.15371424726,4.96557124683
J03WPY,defender_goalward_offset_from_centroid_m,4,12433,-0.352714572634,-6.77214279175,5.57999943324
J03WPY,defender_goalward_offset_from_centroid_m,5,12433,1.50557147094,-6.1695714231,7.0814285687
J03WPY,defender_goalward_offset_from_centroid_m,6,12433,2.30828579531,-6.1899999605,8.12871456146
J03WPY,defender_goalward_offset_from_centroid_m,7,12433,4.3399993079,-6.552285879,10.2585714306
J03WPY,defender_goalward_offset_from_centroid_m,8,12433,5.60242823581,-7.56528565543,11.5822858197
J03WPY,defender_goalward_offset_from_centroid_m,9,12433,6.2528572355,-8.11285694667,12.3052858864
J03WPY,defender_goalward_offset_from_centroid_m,10,12433,5.42185715267,-9.28099995341,11.463142768
J03WPY,defender_lateral_offset_from_centroid_m,1,12433,-0.152428705352,-9.07271426288,8.34542857746
J03WPY,defender_lateral_offset_from_centroid_m,2,12433,-0.0187141350337,-7.85471451623,7.81071418524
J03WPY,defender_lateral_offset_from_centroid_m,3,12433,0.330714245247,-6.62642855985,7.25642863001
J03WPY,defender_lateral_offset_from_centroid_m,4,12433,0.442714227949,-6.15028580512,7.18485707257
J03WPY,defender_lateral_offset_from_centroid_m,5,12433,0.481142781462,-6.26928590366,7.08885699681
J03WPY,defender_lateral_offset_from_centroid_m,6,12433,0.470142861775,-6.77857143687,7.64142855917
J03WPY,defender_lateral_offset_from_centroid_m,7,12433,0.125999900273,-8.42699988059,8.57499996935
J03WPY,defender_lateral_offset_from_centroid_m,8,12433,-0.55828569276,-9.85499997309,9.55685712227
J03WPY,defender_lateral_offset_from_centroid_m,9,12433,-0.665142570223,-12.6094286252,11.9397141774
J03WPY,defender_lateral_offset_from_centroid_m,10,12433,-0.82085717065,-17.9338585581,17.0464286617
J03WPY,defender_own_goal_depth_m,1,12433,51.1614285622,36.8542857851,68.2985713141
J03WPY,defender_own_goal_depth_m,2,12433,50.6799999986,36.8985715594,67.2714285169
J03WPY,defender_own_goal_depth_m,3,12433,49.1557142735,35.582857132,66.1242856979
J03WPY,defender_own_goal_depth_m,4,12433,48.1499999591,34.482857023,65.211428506
J03WPY,defender_own_goal_depth_m,5,12433,46.5914286886,32.9199998038,64.2171430588
J03WPY,defender_own_goal_depth_m,6,12433,46.3685714177,32.294285638,63.6014287131
J03WPY,defender_own_goal_depth_m,7,12433,46.1814285687,31.1999999455,63.1742857524
J03WPY,defender_own_goal_depth_m,8,12433,45.9328570366,31.2199993134,62.7728573935
J03WPY,defender_own_goal_depth_m,9,12433,45.7014284815,31.8399998801,61.3785713741
J03WPY,defender_own_goal_depth_m,10,12433,45.3257142476,32.6957144056,60.5971429007
J03WPY,local_two_neighbor_mean_distance_m,1,12433,11.1884593374,8.43507410403,14.0474094775
J03WPY,local_two_neighbor_mean_distance_m,2,12433,10.106795367,7.53213563979,12.6907139676
J03WPY,local_two_neighbor_mean_distance_m,3,12433,9.99312018243,7.3975954918,12.6221709534
J03WPY,local_two_neighbor_mean_distance_m,4,12433,10.0264635807,7.39868554724,12.5898053432
J03WPY,local_two_neighbor_mean_distance_m,5,12433,10.016552142,7.46626034473,12.6743625582
J03WPY,local_two_neighbor_mean_distance_m,6,12433,10.2154959444,7.66883895928,13.0042391329
J03WPY,local_two_neighbor_mean_distance_m,7,12433,10.5355391936,7.9417857653,13.2059277189
J03WPY,local_two_neighbor_mean_distance_m,8,12433,10.986673023,8.44526409089,13.8891671317
J03WPY,local_two_neighbor_mean_distance_m,9,12433,11.7344308302,9.13637497197,14.6207164765
J03WPY,local_two_neighbor_mean_distance_m,10,12433,13.9862058149,11.082449317,17.2481532156
J03WPY,prior_absolute_path_m,1,12433,3.08144307274,1.99627553258,5.7912951559
J03WPY,prior_absolute_path_m,2,12433,3.09475780077,1.97164567292,5.69119434511
J03WPY,prior_absolute_path_m,3,12433,3.11654190005,1.98786470497,5.7912951559
J03WPY,prior_absolute_path_m,4,12433,3.1639810354,2.03007122293,5.8238313077
J03WPY,prior_absolute_path_m,5,12433,3.14644466772,2.0610515449,5.73472709751
J03WPY,prior_absolute_path_m,6,12433,3.17120144647,2.07077059789,5.74739244287
J03WPY,prior_absolute_path_m,7,12433,3.18020749188,2.02844404719,5.79425199457
J03WPY,prior_absolute_path_m,8,12433,3.15012856268,1.97387861669,5.72821358518
J03WPY,prior_absolute_path_m,9,12433,3.10249187817,1.98336902269,5.66511508031
J03WPY,prior_absolute_path_m,10,12433,2.96925802765,1.92250982515,5.61998458399
J03WPY,prior_attacker_path_m,1,12433,3.02404170551,1.84269278519,5.53353223918
J03WPY,prior_attacker_path_m,2,12433,3.02404170551,1.84269278519,5.53353223918
J03WPY,prior_attacker_path_m,3,12433,3.02404170551,1.84269278519,5.53353223918
J03WPY,prior_attacker_path_m,4,12433,3.02404170551,1.84269278519,5.53353223918
J03WPY,prior_attacker_path_m,5,12433,3.02404170551,1.84269278519,5.53353223918
J03WPY,prior_attacker_path_m,6,12433,3.02404170551,1.84269278519,5.53353223918
J03WPY,prior_attacker_path_m,7,12433,3.02404170551,1.84269278519,5.53353223918
J03WPY,prior_attacker_path_m,8,12433,3.02404170551,1.84269278519,5.53353223918
J03WPY,prior_attacker_path_m,9,12433,3.02404170551,1.84269278519,5.53353223918
J03WPY,prior_attacker_path_m,10,12433,3.02404170551,1.84269278519,5.53353223918
J03WPY,prior_defensive_centroid_path_m,1,12433,2.67315089173,1.20593231422,4.76325183084
J03WPY,prior_defensive_centroid_path_m,2,12433,2.67315089173,1.20593231422,4.76325183084
J03WPY,prior_defensive_centroid_path_m,3,12433,2.67315089173,1.20593231422,4.76325183084
J03WPY,prior_defensive_centroid_path_m,4,12433,2.67315089173,1.20593231422,4.76325183084
J03WPY,prior_defensive_centroid_path_m,5,12433,2.67315089173,1.20593231422,4.76325183084
J03WPY,prior_defensive_centroid_path_m,6,12433,2.67315089173,1.20593231422,4.76325183084
J03WPY,prior_defensive_centroid_path_m,7,12433,2.67315089173,1.20593231422,4.76325183084
J03WPY,prior_defensive_centroid_path_m,8,12433,2.67315089173,1.20593231422,4.76325183084
J03WPY,prior_defensive_centroid_path_m,9,12433,2.67315089173,1.20593231422,4.76325183084
J03WPY,prior_defensive_centroid_path_m,10,12433,2.67315089173,1.20593231422,4.76325183084
J03WPY,prior_focal_relative_path_m,1,12433,2.22856764228,1.35035666264,3.53976846372
J03WPY,prior_focal_relative_path_m,2,12433,2.1829252138,1.33956087412,3.43075418833
J03WPY,prior_focal_relative_path_m,3,12433,2.15054881034,1.32153060897,3.37897152222
J03WPY,prior_focal_relative_path_m,4,12433,2.11909509082,1.30121867186,3.35306620153
J03WPY,prior_focal_relative_path_m,5,12433,2.12056412515,1.30522939661,3.3150158036
J03WPY,prior_focal_relative_path_m,6,12433,2.16520035511,1.30797894654,3.39062707798
J03WPY,prior_focal_relative_path_m,7,12433,2.20155156402,1.35209671443,3.45917092217
J03WPY,prior_focal_relative_path_m,8,12433,2.20226949547,1.3632528696,3.42809991327
J03WPY,prior_focal_relative_path_m,9,12433,2.25673364394,1.39594054561,3.56589952679
J03WPY,prior_focal_relative_path_m,10,12433,2.35648373946,1.43965666365,3.77342452997
J03WPY,prior_other_nine_mean_absolute_path_m,1,12433,3.62003379385,2.27275189407,5.50018844051
J03WPY,prior_other_nine_mean_absolute_path_m,2,12433,3.63277245744,2.27741540049,5.52145128846
J03WPY,prior_other_nine_mean_absolute_path_m,3,12433,3.63150098256,2.26900530905,5.49347640008
J03WPY,prior_other_nine_mean_absolute_path_m,4,12433,3.62429086784,2.26398012855,5.50570784173
J03WPY,prior_other_nine_mean_absolute_path_m,5,12433,3.64151809523,2.26076159496,5.5081999429
J03WPY,prior_other_nine_mean_absolute_path_m,6,12433,3.63150098256,2.26122672141,5.49520957078
J03WPY,prior_other_nine_mean_absolute_path_m,7,12433,3.62595132027,2.26399509184,5.51650559561
J03WPY,prior_other_nine_mean_absolute_path_m,8,12433,3.62942312569,2.24872692795,5.51737464539
J03WPY,prior_other_nine_mean_absolute_path_m,9,12433,3.63053248096,2.26496683691,5.54120054664
J03WPY,prior_other_nine_mean_absolute_path_m,10,12433,3.62004891221,2.26417631516,5.55840559354
J03WPY,prior_terminal_speed_mps,1,12433,1.48547127762,0.928571984009,2.91940901717
J03WPY,prior_terminal_speed_mps,2,12433,1.49147093604,0.904213471416,2.92879168251
J03WPY,prior_terminal_speed_mps,3,12433,1.50678972228,0.931314826867,2.93857325776
J03WPY,prior_terminal_speed_mps,4,12433,1.52069086215,0.939496961354,2.93401061841
J03WPY,prior_terminal_speed_mps,5,12433,1.51522917809,0.959646410528,2.91809758748
J03WPY,prior_terminal_speed_mps,6,12433,1.54069024782,0.964941656976,2.94204198857
J03WPY,prior_terminal_speed_mps,7,12433,1.54193151955,0.943561667821,2.94875412524
J03WPY,prior_terminal_speed_mps,8,12433,1.52278693904,0.929258836195,2.90363951355
J03WPY,prior_terminal_speed_mps,9,12433,1.50678762331,0.931315569732,2.86538920849
J03WPY,prior_terminal_speed_mps,10,12433,1.46428516933,0.875545815261,2.8464068885
J03WPY,unit_depth_span_m,1,12433,31.5400000981,26.8728568213,37.9042845156
J03WPY,unit_depth_span_m,2,12433,31.5400000981,26.8728568213,37.9042845156
J03WPY,unit_depth_span_m,3,12433,31.5400000981,26.8728568213,37.9042845156
J03WPY,unit_depth_span_m,4,12433,31.5400000981,26.8728568213,37.9042845156
J03WPY,unit_depth_span_m,5,12433,31.5400000981,26.8728568213,37.9042845156
J03WPY,unit_depth_span_m,6,12433,31.5400000981,26.8728568213,37.9042845156
J03WPY,unit_depth_span_m,7,12433,31.5400000981,26.8728568213,37.9042845156
J03WPY,unit_depth_span_m,8,12433,31.5400000981,26.8728568213,37.9042845156
J03WPY,unit_depth_span_m,9,12433,31.5400000981,26.8728568213,37.9042845156
J03WPY,unit_depth_span_m,10,12433,31.5400000981,26.8728568213,37.9042845156
J03WPY,unit_width_span_m,1,12433,38.8300001281,33.1528572355,43.7242855344
J03WPY,unit_width_span_m,2,12433,38.8300001281,33.1528572355,43.7242855344
J03WPY,unit_width_span_m,3,12433,38.8300001281,33.1528572355,43.7242855344
J03WPY,unit_width_span_m,4,12433,38.8300001281,33.1528572355,43.7242855344
J03WPY,unit_width_span_m,5,12433,38.8300001281,33.1528572355,43.7242855344
J03WPY,unit_width_span_m,6,12433,38.8300001281,33.1528572355,43.7242855344
J03WPY,unit_width_span_m,7,12433,38.8300001281,33.1528572355,43.7242855344
J03WPY,unit_width_span_m,8,12433,38.8300001281,33.1528572355,43.7242855344
J03WPY,unit_width_span_m,9,12433,38.8300001281,33.1528572355,43.7242855344
J03WPY,unit_width_span_m,10,12433,38.8300001281,33.1528572355,43.7242855344
J03WQQ,attacker_abs_lateral_offset_from_centroid_m,1,10000,9.04850007381,3.91696440695,16.3721428737
J03WQQ,attacker_abs_lateral_offset_from_centroid_m,2,10000,9.04850007381,3.91696440695,16.3721428737
J03WQQ,attacker_abs_lateral_offset_from_centroid_m,3,10000,9.04850007381,3.91696440695,16.3721428737
J03WQQ,attacker_abs_lateral_offset_from_centroid_m,4,10000,9.04850007381,3.91696440695,16.3721428737
J03WQQ,attacker_abs_lateral_offset_from_centroid_m,5,10000,9.04850007381,3.91696440695,16.3721428737
J03WQQ,attacker_abs_lateral_offset_from_centroid_m,6,10000,9.04850007381,3.91696440695,16.3721428737
J03WQQ,attacker_abs_lateral_offset_from_centroid_m,7,10000,9.04850007381,3.91696440695,16.3721428737
J03WQQ,attacker_abs_lateral_offset_from_centroid_m,8,10000,9.04850007381,3.91696440695,16.3721428737
J03WQQ,attacker_abs_lateral_offset_from_centroid_m,9,10000,9.04850007381,3.91696440695,16.3721428737
J03WQQ,attacker_abs_lateral_offset_from_centroid_m,10,10000,9.04850007381,3.91696440695,16.3721428737
J03WQQ,attacker_defender_start_distance_m,1,10000,5.45618042096,3.17626911111,9.08206702609
J03WQQ,attacker_defender_start_distance_m,2,10000,10.2287579358,6.88882977987,14.9651328604
J03WQQ,attacker_defender_start_distance_m,3,10000,13.6945528761,9.79397619401,19.1755412787
J03WQQ,attacker_defender_start_distance_m,4,10000,16.7700770238,12.3907026033,23.0007780736
J03WQQ,attacker_defender_start_distance_m,5,10000,19.7133242853,14.8728388338,26.5320933262
J03WQQ,attacker_defender_start_distance_m,6,10000,22.7629625054,17.3484010139,29.6081314974
J03WQQ,attacker_defender_start_distance_m,7,10000,25.958026637,19.9000668816,32.8285206331
J03WQQ,attacker_defender_start_distance_m,8,10000,29.0481455881,22.5741192079,36.1056433305
J03WQQ,attacker_defender_start_distance_m,9,10000,32.6418310503,25.8397563128,39.6070523503
J03WQQ,attacker_defender_start_distance_m,10,10000,37.5472316973,30.8416606699,44.5008462519
J03WQQ,attacker_goalward_offset_from_centroid_m,1,10000,-5.9710711079,-14.9248571736,3.00435723705
J03WQQ,attacker_goalward_offset_from_centroid_m,2,10000,-5.9710711079,-14.9248571736,3.00435723705
J03WQQ,attacker_goalward_offset_from_centroid_m,3,10000,-5.9710711079,-14.9248571736,3.00435723705
J03WQQ,attacker_goalward_offset_from_centroid_m,4,10000,-5.9710711079,-14.9248571736,3.00435723705
J03WQQ,attacker_goalward_offset_from_centroid_m,5,10000,-5.9710711079,-14.9248571736,3.00435723705
J03WQQ,attacker_goalward_offset_from_centroid_m,6,10000,-5.9710711079,-14.9248571736,3.00435723705
J03WQQ,attacker_goalward_offset_from_centroid_m,7,10000,-5.9710711079,-14.9248571736,3.00435723705
J03WQQ,attacker_goalward_offset_from_centroid_m,8,10000,-5.9710711079,-14.9248571736,3.00435723705
J03WQQ,attacker_goalward_offset_from_centroid_m,9,10000,-5.9710711079,-14.9248571736,3.00435723705
J03WQQ,attacker_goalward_offset_from_centroid_m,10,10000,-5.9710711079,-14.9248571736,3.00435723705
J03WQQ,ball_abs_lateral_offset_from_centroid_m,1,10000,11.8737141779,5.39314305186,18.2002848693
J03WQQ,ball_abs_lateral_offset_from_centroid_m,2,10000,11.8737141779,5.39314305186,18.2002848693
J03WQQ,ball_abs_lateral_offset_from_centroid_m,3,10000,11.8737141779,5.39314305186,18.2002848693
J03WQQ,ball_abs_lateral_offset_from_centroid_m,4,10000,11.8737141779,5.39314305186,18.2002848693
J03WQQ,ball_abs_lateral_offset_from_centroid_m,5,10000,11.8737141779,5.39314305186,18.2002848693
J03WQQ,ball_abs_lateral_offset_from_centroid_m,6,10000,11.8737141779,5.39314305186,18.2002848693
J03WQQ,ball_abs_lateral_offset_from_centroid_m,7,10000,11.8737141779,5.39314305186,18.2002848693
J03WQQ,ball_abs_lateral_offset_from_centroid_m,8,10000,11.8737141779,5.39314305186,18.2002848693
J03WQQ,ball_abs_lateral_offset_from_centroid_m,9,10000,11.8737141779,5.39314305186,18.2002848693
J03WQQ,ball_abs_lateral_offset_from_centroid_m,10,10000,11.8737141779,5.39314305186,18.2002848693
J03WQQ,ball_defender_distance_m,1,10000,22.7298333864,12.5235623032,33.2276942566
J03WQQ,ball_defender_distance_m,2,10000,21.951563723,12.025591821,32.4042544948
J03WQQ,ball_defender_distance_m,3,10000,21.9055942953,12.1592228438,31.6137122153
J03WQQ,ball_defender_distance_m,4,10000,21.7143236617,12.444604016,31.530301575
J03WQQ,ball_defender_distance_m,5,10000,22.1126579962,13.1182813082,31.2890717974
J03WQQ,ball_defender_distance_m,6,10000,23.0947186496,13.7026147524,32.103100152
J03WQQ,ball_defender_distance_m,7,10000,23.6489477242,13.9963311314,33.5809763433
J03WQQ,ball_defender_distance_m,8,10000,24.9156682482,14.1885986363,34.9910474065
J03WQQ,ball_defender_distance_m,9,10000,26.5771010131,14.2980800783,37.9537512274
J03WQQ,ball_defender_distance_m,10,10000,29.0904602495,14.4923424504,42.5940274078
J03WQQ,ball_goalward_offset_from_centroid_m,1,10000,-6.9068571642,-19.1187139375,2.30142845086
J03WQQ,ball_goalward_offset_from_centroid_m,2,10000,-6.9068571642,-19.1187139375,2.30142845086
J03WQQ,ball_goalward_offset_from_centroid_m,3,10000,-6.9068571642,-19.1187139375,2.30142845086
J03WQQ,ball_goalward_offset_from_centroid_m,4,10000,-6.9068571642,-19.1187139375,2.30142845086
J03WQQ,ball_goalward_offset_from_centroid_m,5,10000,-6.9068571642,-19.1187139375,2.30142845086
J03WQQ,ball_goalward_offset_from_centroid_m,6,10000,-6.9068571642,-19.1187139375,2.30142845086
J03WQQ,ball_goalward_offset_from_centroid_m,7,10000,-6.9068571642,-19.1187139375,2.30142845086
J03WQQ,ball_goalward_offset_from_centroid_m,8,10000,-6.9068571642,-19.1187139375,2.30142845086
J03WQQ,ball_goalward_offset_from_centroid_m,9,10000,-6.9068571642,-19.1187139375,2.30142845086
J03WQQ,ball_goalward_offset_from_centroid_m,10,10000,-6.9068571642,-19.1187139375,2.30142845086
J03WQQ,defender_abs_lateral_offset_from_centroid_m,1,10000,8.2574286259,3.7757500538,13.9520358184
J03WQQ,defender_abs_lateral_offset_from_centroid_m,2,10000,7.46135703325,3.4299999765,12.2660356521
J03WQQ,defender_abs_lateral_offset_from_centroid_m,3,10000,6.82792861036,3.30021428806,11.3585357564
J03WQQ,defender_abs_lateral_offset_from_centroid_m,4,10000,6.32471429687,2.87828569042,11.2835001352
J03WQQ,defender_abs_lateral_offset_from_centroid_m,5,10000,6.09557148303,2.48946394239,11.3181429837
J03WQQ,defender_abs_lateral_offset_from_centroid_m,6,10000,6.70414304137,2.98146432383,11.5458572115
J03WQQ,defender_abs_lateral_offset_from_centroid_m,7,10000,7.83400000951,3.75807149032,12.3410001783
J03WQQ,defender_abs_lateral_offset_from_centroid_m,8,10000,9.32971391678,4.36771419559,13.5389287193
J03WQQ,defender_abs_lateral_offset_from_centroid_m,9,10000,11.6516428751,7.21557118478,16.3744283719
J03WQQ,defender_abs_lateral_offset_from_centroid_m,10,10000,17.854428775,10.8463929329,23.250000029
J03WQQ,defender_centroid_distance_m,1,10000,14.6876728295,9.37817102468,19.6483996346
J03WQQ,defender_centroid_distance_m,2,10000,12.9430970541,8.13891854913,17.7991204963
J03WQQ,defender_centroid_distance_m,3,10000,11.3435636256,6.79450608914,16.5644211335
J03WQQ,defender_centroid_distance_m,4,10000,10.435152491,5.83460209002,16.1482056695
J03WQQ,defender_centroid_distance_m,5,10000,10.7115366843,5.99083586111,15.8260046774
J03WQQ,defender_centroid_distance_m,6,10000,11.4277878562,7.35431235837,16.3773271728
J03WQQ,defender_centroid_distance_m,7,10000,13.1709346866,9.28031243687,17.6339386164
J03WQQ,defender_centroid_distance_m,8,10000,14.9861514974,11.5894881711,19.1423959983
J03WQQ,defender_centroid_distance_m,9,10000,17.7463938552,14.3227476253,21.2934041735
J03WQQ,defender_centroid_distance_m,10,10000,22.7263653393,18.796411628,26.4159889872
J03WQQ,defender_fixed_x_m,1,10000,1.71785714797,-15.7546428612,22.4396429743
J03WQQ,defender_fixed_x_m,2,10000,1.92357142482,-15.6267857211,22.8657144819
J03WQQ,defender_fixed_x_m,3,10000,1.4978571449,-15.8646427223,22.5207141468
J03WQQ,defender_fixed_x_m,4,10000,1.02357143164,-16.5800001962,22.4264284543
J03WQQ,defender_fixed_x_m,5,10000,1.67285711425,-16.9514282772,22.3578571592
J03WQQ,defender_fixed_x_m,6,10000,0.862142865147,-16.7771429334,22.0664283207
J03WQQ,defender_fixed_x_m,7,10000,0.860714290823,-17.0207146236,21.444285529
J03WQQ,defender_fixed_x_m,8,10000,0.61571427754,-16.3528573172,20.7385714395
J03WQQ,defender_fixed_x_m,9,10000,0.308571429125,-15.8324999809,18.4128570557
J03WQQ,defender_fixed_x_m,10,10000,-0.105714285214,-13.7842855453,18.2357145037
J03WQQ,defender_fixed_y_m,1,10000,-1.05071427567,-11.8303571769,9.04749996322
J03WQQ,defender_fixed_y_m,2,10000,-1.03999999591,-11.0746428967,8.19107135705
J03WQQ,defender_fixed_y_m,3,10000,-1.15214283977,-10.458571434,8.26892866407
J03WQQ,defender_fixed_y_m,4,10000,-0.969285718032,-10.0928572246,8.39571421487
J03WQQ,defender_fixed_y_m,5,10000,-0.98500000579,-10.4257142203,8.60035712378
J03WQQ,defender_fixed_y_m,6,10000,-0.701428575175,-10.2921427659,8.44928560938
J03WQQ,defender_fixed_y_m,7,10000,-0.347142860293,-10.5710714545,8.73678547995
J03WQQ,defender_fixed_y_m,8,10000,-0.267142855695,-11.0264285633,9.31000004496
J03WQQ,defender_fixed_y_m,9,10000,-0.705000000341,-12.5271430697,9.89142850467
J03WQQ,defender_fixed_y_m,10,10000,-0.804285722119,-18.1021428108,16.3485717773
J03WQQ,defender_goalward_offset_from_centroid_m,1,10000,-3.50214195251,-11.8740001934,4.47257136277
J03WQQ,defender_goalward_offset_from_centroid_m,2,10000,-2.80435720516,-10.1540001903,4.17607141076
J03WQQ,defender_goalward_offset_from_centroid_m,3,10000,-1.62092838969,-7.56842858241,4.10246406453
J03WQQ,defender_goalward_offset_from_centroid_m,4,10000,-0.367714704786,-5.57214279515,5.02699918747
J03WQQ,defender_goalward_offset_from_centroid_m,5,10000,0.90171419893,-5.02635717796,6.54457144013
J03WQQ,defender_goalward_offset_from_centroid_m,6,10000,2.14614279824,-4.89400000913,7.62242851939
J03WQQ,defender_goalward_offset_from_centroid_m,7,10000,3.76728597411,-5.50164289517,9.26942859377
J03WQQ,defender_goalward_offset_from_centroid_m,8,10000,4.87735735859,-5.93492875951,10.8899641878
J03WQQ,defender_goalward_offset_from_centroid_m,9,10000,5.32207146212,-6.30385780334,11.8367856447
J03WQQ,defender_goalward_offset_from_centroid_m,10,10000,4.69678579335,-8.08435707305,11.367856632
J03WQQ,defender_lateral_offset_from_centroid_m,1,10000,-0.303285932541,-8.35639269938,8.19878568841
J03WQQ,defender_lateral_offset_from_centroid_m,2,10000,-0.52464281749,-7.66249986046,7.22400013038
J03WQQ,defender_lateral_offset_from_centroid_m,3,10000,-0.201142809221,-6.85942861012,6.77039300108
J03WQQ,defender_lateral_offset_from_centroid_m,4,10000,-0.117714083195,-6.33550008546,6.28442853859
J03WQQ,defender_lateral_offset_from_centroid_m,5,10000,-0.0276428315389,-6.23850004428,5.9376785042
J03WQQ,defender_lateral_offset_from_centroid_m,6,10000,0.0165001426424,-6.69642856334,6.72342848522
J03WQQ,defender_lateral_offset_from_centroid_m,7,10000,0.164142844507,-7.76353576167,7.9227142549
J03WQQ,defender_lateral_offset_from_centroid_m,8,10000,0.119499969908,-9.18592865574,9.49328564235
J03WQQ,defender_lateral_offset_from_centroid_m,9,10000,-0.301285703693,-11.6982143421,11.5974285551
J03WQQ,defender_lateral_offset_from_centroid_m,10,10000,0.637285713053,-17.7010000127,17.9686787482
J03WQQ,defender_own_goal_depth_m,1,10000,52.1271428551,34.8496432304,73.8428572927
J03WQQ,defender_own_goal_depth_m,2,10000,51.2171428544,34.082857132,73.5999998365
J03WQQ,defender_own_goal_depth_m,3,10000,50.1957142779,33.3103569576,71.9457138606
J03WQQ,defender_own_goal_depth_m,4,10000,49.1728571483,31.876785687,69.8542856489
J03WQQ,defender_own_goal_depth_m,5,10000,47.95999997,30.8542856489,68.5114284243
J03WQQ,defender_own_goal_depth_m,6,10000,47.3835714545,30.1353571074,67.6875
J03WQQ,defender_own_goal_depth_m,7,10000,47.3014285224,29.06964268,67.3603572505
J03WQQ,defender_own_goal_depth_m,8,10000,46.7528571742,29.1428571429,65.8257141113
J03WQQ,defender_own_goal_depth_m,9,10000,47.0157143048,30.6014287131,64.1342857906
J03WQQ,defender_own_goal_depth_m,10,10000,46.9457142012,32.122500079,61.7932143211
J03WQQ,local_two_neighbor_mean_distance_m,1,10000,10.8596908774,7.83330665761,14.0838080149
J03WQQ,local_two_neighbor_mean_distance_m,2,10000,9.84095772739,6.8248322602,12.584745025
J03WQQ,local_two_neighbor_mean_distance_m,3,10000,9.60012869925,6.68433683884,12.4616687689
J03WQQ,local_two_neighbor_mean_distance_m,4,10000,9.58636127767,6.6934330809,12.3944912019
J03WQQ,local_two_neighbor_mean_distance_m,5,10000,9.69639605663,6.92060585434,12.4648704946
J03WQQ,local_two_neighbor_mean_distance_m,6,10000,9.812326192,7.03975960078,12.5381948819
J03WQQ,local_two_neighbor_mean_distance_m,7,10000,10.1590354172,7.39095022985,13.0914595935
J03WQQ,local_two_neighbor_mean_distance_m,8,10000,10.6960231815,7.95335545296,13.7526294387
J03WQQ,local_two_neighbor_mean_distance_m,9,10000,11.6929566456,8.97839947919,14.8681253994
J03WQQ,local_two_neighbor_mean_distance_m,10,10000,14.439233459,10.9241044938,17.9169415472
J03WQQ,prior_absolute_path_m,1,10000,3.49276271379,2.12197213924,6.19531256689
J03WQQ,prior_absolute_path_m,2,10000,3.56720319708,2.19819567202,6.16453936257
J03WQQ,prior_absolute_path_m,3,10000,3.58923207516,2.19328656005,6.36979509706
J03WQQ,prior_absolute_path_m,4,10000,3.55095648474,2.17928288072,6.27682683221
J03WQQ,prior_absolute_path_m,5,10000,3.5258871608,2.18160983319,6.26333644567
J03WQQ,prior_absolute_path_m,6,10000,3.52425629352,2.18935427215,6.12138330417
J03WQQ,prior_absolute_path_m,7,10000,3.46213137985,2.16700218931,6.08689012004
J03WQQ,prior_absolute_path_m,8,10000,3.41315347376,2.15096930774,6.01083256482
J03WQQ,prior_absolute_path_m,9,10000,3.37520368392,2.10942899543,5.92394038678
J03WQQ,prior_absolute_path_m,10,10000,3.22932899154,2.07036497804,5.77449243288
J03WQQ,prior_attacker_path_m,1,10000,3.27654257446,2.03812756736,5.84567948045
J03WQQ,prior_attacker_path_m,2,10000,3.27654257446,2.03812756736,5.84567948045
J03WQQ,prior_attacker_path_m,3,10000,3.27654257446,2.03812756736,5.84567948045
J03WQQ,prior_attacker_path_m,4,10000,3.27654257446,2.03812756736,5.84567948045
J03WQQ,prior_attacker_path_m,5,10000,3.27654257446,2.03812756736,5.84567948045
J03WQQ,prior_attacker_path_m,6,10000,3.27654257446,2.03812756736,5.84567948045
J03WQQ,prior_attacker_path_m,7,10000,3.27654257446,2.03812756736,5.84567948045
J03WQQ,prior_attacker_path_m,8,10000,3.27654257446,2.03812756736,5.84567948045
J03WQQ,prior_attacker_path_m,9,10000,3.27654257446,2.03812756736,5.84567948045
J03WQQ,prior_attacker_path_m,10,10000,3.27654257446,2.03812756736,5.84567948045
J03WQQ,prior_defensive_centroid_path_m,1,10000,2.9371473451,1.39475708668,4.93962915765
J03WQQ,prior_defensive_centroid_path_m,2,10000,2.9371473451,1.39475708668,4.93962915765
J03WQQ,prior_defensive_centroid_path_m,3,10000,2.9371473451,1.39475708668,4.93962915765
J03WQQ,prior_defensive_centroid_path_m,4,10000,2.9371473451,1.39475708668,4.93962915765
J03WQQ,prior_defensive_centroid_path_m,5,10000,2.9371473451,1.39475708668,4.93962915765
J03WQQ,prior_defensive_centroid_path_m,6,10000,2.9371473451,1.39475708668,4.93962915765
J03WQQ,prior_defensive_centroid_path_m,7,10000,2.9371473451,1.39475708668,4.93962915765
J03WQQ,prior_defensive_centroid_path_m,8,10000,2.9371473451,1.39475708668,4.93962915765
J03WQQ,prior_defensive_centroid_path_m,9,10000,2.9371473451,1.39475708668,4.93962915765
J03WQQ,prior_defensive_centroid_path_m,10,10000,2.9371473451,1.39475708668,4.93962915765
J03WQQ,prior_focal_relative_path_m,1,10000,2.48215053165,1.50385629582,3.97741448996
J03WQQ,prior_focal_relative_path_m,2,10000,2.47087851722,1.50192423926,3.86491059547
J03WQQ,prior_focal_relative_path_m,3,10000,2.45470888781,1.50671262988,3.82288189848
J03WQQ,prior_focal_relative_path_m,4,10000,2.41533248972,1.47464541249,3.76450235626
J03WQQ,prior_focal_relative_path_m,5,10000,2.38816237707,1.45700776369,3.70368848854
J03WQQ,prior_focal_relative_path_m,6,10000,2.44030059695,1.5330202535,3.76630853822
J03WQQ,prior_focal_relative_path_m,7,10000,2.38693873078,1.50322783703,3.81770499465
J03WQQ,prior_focal_relative_path_m,8,10000,2.37564725262,1.46424892725,3.75016441919
J03WQQ,prior_focal_relative_path_m,9,10000,2.40489822588,1.51656267421,3.73751252068
J03WQQ,prior_focal_relative_path_m,10,10000,2.57056537626,1.60456982626,4.03986644298
J03WQQ,prior_other_nine_mean_absolute_path_m,1,10000,3.99795181334,2.53877014175,5.78740349181
J03WQQ,prior_other_nine_mean_absolute_path_m,2,10000,3.99369959189,2.54094431128,5.78874416824
J03WQQ,prior_other_nine_mean_absolute_path_m,3,10000,3.98602303975,2.53614468653,5.78235467589
J03WQQ,prior_other_nine_mean_absolute_path_m,4,10000,3.99975906384,2.527884655,5.78747837222
J03WQQ,prior_other_nine_mean_absolute_path_m,5,10000,4.00160113854,2.52911566572,5.8005614776
J03WQQ,prior_other_nine_mean_absolute_path_m,6,10000,4.01092247377,2.51510560651,5.80491490437
J03WQQ,prior_other_nine_mean_absolute_path_m,7,10000,4.00128115502,2.51941703758,5.80036367828
J03WQQ,prior_other_nine_mean_absolute_path_m,8,10000,3.99768523519,2.53334709855,5.82108287825
J03WQQ,prior_other_nine_mean_absolute_path_m,9,10000,4.02578506542,2.53228763971,5.78603603241
J03WQQ,prior_other_nine_mean_absolute_path_m,10,10000,4.02539637718,2.5288605309,5.83497408237
J03WQQ,prior_terminal_speed_mps,1,10000,1.63234074627,0.996165834028,3.13513597853
J03WQQ,prior_terminal_speed_mps,2,10000,1.6667507724,1.01643465076,3.11278880256
J03WQQ,prior_terminal_speed_mps,3,10000,1.70720145341,1.04261811063,3.24705570685
J03WQQ,prior_terminal_speed_mps,4,10000,1.68917686667,1.01015398959,3.16731938836
J03WQQ,prior_terminal_speed_mps,5,10000,1.69219804597,1.01581661717,3.17937287205
J03WQQ,prior_terminal_speed_mps,6,10000,1.67362922169,1.01078385699,3.11042521133
J03WQQ,prior_terminal_speed_mps,7,10000,1.6571525785,1.01565870379,3.07101518441
J03WQQ,prior_terminal_speed_mps,8,10000,1.64634395506,1.0057239397,3.01039513734
J03WQQ,prior_terminal_speed_mps,9,10000,1.61939681066,0.98068243041,2.9876973276
J03WQQ,prior_terminal_speed_mps,10,10000,1.57102272476,0.96164017781,2.87937861217
J03WQQ,unit_depth_span_m,1,10000,31.4742857047,25.3785716806,37.7914278848
J03WQQ,unit_depth_span_m,2,10000,31.4742857047,25.3785716806,37.7914278848
J03WQQ,unit_depth_span_m,3,10000,31.4742857047,25.3785716806,37.7914278848
J03WQQ,unit_depth_span_m,4,10000,31.4742857047,25.3785716806,37.7914278848
J03WQQ,unit_depth_span_m,5,10000,31.4742857047,25.3785716806,37.7914278848
J03WQQ,unit_depth_span_m,6,10000,31.4742857047,25.3785716806,37.7914278848
J03WQQ,unit_depth_span_m,7,10000,31.4742857047,25.3785716806,37.7914278848
J03WQQ,unit_depth_span_m,8,10000,31.4742857047,25.3785716806,37.7914278848
J03WQQ,unit_depth_span_m,9,10000,31.4742857047,25.3785716806,37.7914278848
J03WQQ,unit_depth_span_m,10,10000,31.4742857047,25.3785716806,37.7914278848
J03WQQ,unit_width_span_m,1,10000,40.1142857415,33.2457140514,44.7685713087
J03WQQ,unit_width_span_m,2,10000,40.1142857415,33.2457140514,44.7685713087
J03WQQ,unit_width_span_m,3,10000,40.1142857415,33.2457140514,44.7685713087
J03WQQ,unit_width_span_m,4,10000,40.1142857415,33.2457140514,44.7685713087
J03WQQ,unit_width_span_m,5,10000,40.1142857415,33.2457140514,44.7685713087
J03WQQ,unit_width_span_m,6,10000,40.1142857415,33.2457140514,44.7685713087
J03WQQ,unit_width_span_m,7,10000,40.1142857415,33.2457140514,44.7685713087
J03WQQ,unit_width_span_m,8,10000,40.1142857415,33.2457140514,44.7685713087
J03WQQ,unit_width_span_m,9,10000,40.1142857415,33.2457140514,44.7685713087
J03WQQ,unit_width_span_m,10,10000,40.1142857415,33.2457140514,44.7685713087
J03WR9,attacker_abs_lateral_offset_from_centroid_m,1,11538,10.0146426899,4.70010713376,17.4500715477
J03WR9,attacker_abs_lateral_offset_from_centroid_m,2,11538,10.0146426899,4.70010713376,17.4500715477
J03WR9,attacker_abs_lateral_offset_from_centroid_m,3,11538,10.0146426899,4.70010713376,17.4500715477
J03WR9,attacker_abs_lateral_offset_from_centroid_m,4,11538,10.0146426899,4.70010713376,17.4500715477
J03WR9,attacker_abs_lateral_offset_from_centroid_m,5,11538,10.0146426899,4.70010713376,17.4500715477
J03WR9,attacker_abs_lateral_offset_from_centroid_m,6,11538,10.0146426899,4.70010713376,17.4500715477
J03WR9,attacker_abs_lateral_offset_from_centroid_m,7,11538,10.0146426899,4.70010713376,17.4500715477
J03WR9,attacker_abs_lateral_offset_from_centroid_m,8,11538,10.0146426899,4.70010713376,17.4500715477
J03WR9,attacker_abs_lateral_offset_from_centroid_m,9,11538,10.0146426899,4.70010713376,17.4500715477
J03WR9,attacker_abs_lateral_offset_from_centroid_m,10,11538,10.0146426899,4.70010713376,17.4500715477
J03WR9,attacker_defender_start_distance_m,1,11538,5.42318931422,3.07101623683,9.06962909727
J03WR9,attacker_defender_start_distance_m,2,11538,10.4747123632,7.21450739125,15.3909143881
J03WR9,attacker_defender_start_distance_m,3,11538,14.2803299579,10.3458451564,19.9771965709
J03WR9,attacker_defender_start_distance_m,4,11538,17.6798274739,13.114941925,23.7854658655
J03WR9,attacker_defender_start_distance_m,5,11538,20.9713253499,15.8810004497,27.3657042243
J03WR9,attacker_defender_start_distance_m,6,11538,24.0444298229,18.502673356,30.6964706787
J03WR9,attacker_defender_start_distance_m,7,11538,27.2382055617,21.235838688,33.931325932
J03WR9,attacker_defender_start_distance_m,8,11538,30.6324421118,24.3447275553,37.3788420544
J03WR9,attacker_defender_start_distance_m,9,11538,34.2302847666,27.9613936999,41.1322169815
J03WR9,attacker_defender_start_distance_m,10,11538,38.6682882123,32.1764273361,45.707177354
J03WR9,attacker_goalward_offset_from_centroid_m,1,11538,-6.13064259461,-15.526321372,3.48610730767
J03WR9,attacker_goalward_offset_from_centroid_m,2,11538,-6.13064259461,-15.526321372,3.48610730767
J03WR9,attacker_goalward_offset_from_centroid_m,3,11538,-6.13064259461,-15.526321372,3.48610730767
J03WR9,attacker_goalward_offset_from_centroid_m,4,11538,-6.13064259461,-15.526321372,3.48610730767
J03WR9,attacker_goalward_offset_from_centroid_m,5,11538,-6.13064259461,-15.526321372,3.48610730767
J03WR9,attacker_goalward_offset_from_centroid_m,6,11538,-6.13064259461,-15.526321372,3.48610730767
J03WR9,attacker_goalward_offset_from_centroid_m,7,11538,-6.13064259461,-15.526321372,3.48610730767
J03WR9,attacker_goalward_offset_from_centroid_m,8,11538,-6.13064259461,-15.526321372,3.48610730767
J03WR9,attacker_goalward_offset_from_centroid_m,9,11538,-6.13064259461,-15.526321372,3.48610730767
J03WR9,attacker_goalward_offset_from_centroid_m,10,11538,-6.13064259461,-15.526321372,3.48610730767
J03WR9,ball_abs_lateral_offset_from_centroid_m,1,11538,9.85457132629,4.04285717436,17.5958574431
J03WR9,ball_abs_lateral_offset_from_centroid_m,2,11538,9.85457132629,4.04285717436,17.5958574431
J03WR9,ball_abs_lateral_offset_from_centroid_m,3,11538,9.85457132629,4.04285717436,17.5958574431
J03WR9,ball_abs_lateral_offset_from_centroid_m,4,11538,9.85457132629,4.04285717436,17.5958574431
J03WR9,ball_abs_lateral_offset_from_centroid_m,5,11538,9.85457132629,4.04285717436,17.5958574431
J03WR9,ball_abs_lateral_offset_from_centroid_m,6,11538,9.85457132629,4.04285717436,17.5958574431
J03WR9,ball_abs_lateral_offset_from_centroid_m,7,11538,9.85457132629,4.04285717436,17.5958574431
J03WR9,ball_abs_lateral_offset_from_centroid_m,8,11538,9.85457132629,4.04285717436,17.5958574431
J03WR9,ball_abs_lateral_offset_from_centroid_m,9,11538,9.85457132629,4.04285717436,17.5958574431
J03WR9,ball_abs_lateral_offset_from_centroid_m,10,11538,9.85457132629,4.04285717436,17.5958574431
J03WR9,ball_defender_distance_m,1,11538,23.7329823468,13.9277709178,34.5604476102
J03WR9,ball_defender_distance_m,2,11538,23.0330365591,13.0132050801,33.7296542586
J03WR9,ball_defender_distance_m,3,11538,22.3117313652,13.1788580005,32.9151160766
J03WR9,ball_defender_distance_m,4,11538,22.721870217,13.8252198676,32.5425243359
J03WR9,ball_defender_distance_m,5,11538,23.0165723205,13.8610799853,32.5645666761
J03WR9,ball_defender_distance_m,6,11538,23.5872698614,14.1948381577,32.6973273497
J03WR9,ball_defender_distance_m,7,11538,24.7038476662,14.5646539672,34.3764047035
J03WR9,ball_defender_distance_m,8,11538,25.6637293273,15.206880103,35.9172617563
J03WR9,ball_defender_distance_m,9,11538,27.7955489434,16.0978296423,38.4264776917
J03WR9,ball_defender_distance_m,10,11538,30.2529397425,16.895293227,41.794039422
J03WR9,ball_goalward_offset_from_centroid_m,1,11538,-6.84071422241,-19.354142814,3.57942857019
J03WR9,ball_goalward_offset_from_centroid_m,2,11538,-6.84071422241,-19.354142814,3.57942857019
J03WR9,ball_goalward_offset_from_centroid_m,3,11538,-6.84071422241,-19.354142814,3.57942857019
J03WR9,ball_goalward_offset_from_centroid_m,4,11538,-6.84071422241,-19.354142814,3.57942857019
J03WR9,ball_goalward_offset_from_centroid_m,5,11538,-6.84071422241,-19.354142814,3.57942857019
J03WR9,ball_goalward_offset_from_centroid_m,6,11538,-6.84071422241,-19.354142814,3.57942857019
J03WR9,ball_goalward_offset_from_centroid_m,7,11538,-6.84071422241,-19.354142814,3.57942857019
J03WR9,ball_goalward_offset_from_centroid_m,8,11538,-6.84071422241,-19.354142814,3.57942857019
J03WR9,ball_goalward_offset_from_centroid_m,9,11538,-6.84071422241,-19.354142814,3.57942857019
J03WR9,ball_goalward_offset_from_centroid_m,10,11538,-6.84071422241,-19.354142814,3.57942857019
J03WR9,defender_abs_lateral_offset_from_centroid_m,1,11538,8.94985709276,4.56632143557,15.9858213867
J03WR9,defender_abs_lateral_offset_from_centroid_m,2,11538,7.94385710273,4.17689279627,14.3161427294
J03WR9,defender_abs_lateral_offset_from_centroid_m,3,11538,6.95285712395,3.78678569858,12.131035803
J03WR9,defender_abs_lateral_offset_from_centroid_m,4,11538,6.71242853914,3.36457138402,12.0748571501
J03WR9,defender_abs_lateral_offset_from_centroid_m,5,11538,6.54000023603,3.13314284767,12.290571536
J03WR9,defender_abs_lateral_offset_from_centroid_m,6,11538,6.82957139526,3.64200016367,12.5981428356
J03WR9,defender_abs_lateral_offset_from_centroid_m,7,11538,8.13471433627,4.82157144121,13.3839999169
J03WR9,defender_abs_lateral_offset_from_centroid_m,8,11538,9.78985723172,5.89300004769,15.1788571681
J03WR9,defender_abs_lateral_offset_from_centroid_m,9,11538,13.7572142876,7.59528580563,18.4103570638
J03WR9,defender_abs_lateral_offset_from_centroid_m,10,11538,17.9807859636,11.9471429297,21.7315714564
J03WR9,defender_centroid_distance_m,1,11538,15.8101511157,10.6054055368,20.5912124409
J03WR9,defender_centroid_distance_m,2,11538,14.2077962122,9.42406610033,19.0609213735
J03WR9,defender_centroid_distance_m,3,11538,12.051003099,7.71853327184,17.7282901107
J03WR9,defender_centroid_distance_m,4,11538,11.4707407747,7.03182159992,17.1823947874
J03WR9,defender_centroid_distance_m,5,11538,11.7395873688,7.29692522964,17.2385485889
J03WR9,defender_centroid_distance_m,6,11538,12.2614693165,8.33289418436,17.5334911583
J03WR9,defender_centroid_distance_m,7,11538,14.0996625092,10.3652695211,18.5337781868
J03WR9,defender_centroid_distance_m,8,11538,16.1206486813,12.7917492279,19.9291219162
J03WR9,defender_centroid_distance_m,9,11538,18.9106050959,15.5774300295,22.1566662054
J03WR9,defender_centroid_distance_m,10,11538,22.2187531571,19.342706679,25.9285901961
J03WR9,defender_fixed_x_m,1,11538,3.58785716125,-11.8725001131,20.2871428898
J03WR9,defender_fixed_x_m,2,11538,3.92000005926,-11.5292857715,20.6257144383
J03WR9,defender_fixed_x_m,3,11538,3.21499999932,-12.191428457,20.457857132
J03WR9,defender_fixed_x_m,4,11538,3.36714284761,-12.8257142135,21.4699993134
J03WR9,defender_fixed_x_m,5,11538,3.63000001226,-12.6985712051,21.1571427073
J03WR9,defender_fixed_x_m,6,11538,3.3799999782,-12.5860714231,21.1807140623
J03WR9,defender_fixed_x_m,7,11538,3.8085714238,-13.7757142612,20.6089286123
J03WR9,defender_fixed_x_m,8,11538,3.63000001226,-12.4410714081,20.1882143021
J03WR9,defender_fixed_x_m,9,11538,3.20928573608,-11.4228572845,19.6824998856
J03WR9,defender_fixed_x_m,10,11538,2.625714268,-11.2557144165,18.9464288439
J03WR9,defender_fixed_y_m,1,11538,-0.282142856025,-11.6228570938,10.6357142585
J03WR9,defender_fixed_y_m,2,11538,-0.320000003491,-11.1021427086,9.69821425847
J03WR9,defender_fixed_y_m,3,11538,-0.194285714201,-9.96142850603,9.25857148852
J03WR9,defender_fixed_y_m,4,11538,-0.424285711987,-8.9028572355,9.16714283398
J03WR9,defender_fixed_y_m,5,11538,0.0435714287949,-9.44285716329,9.21892857552
J03WR9,defender_fixed_y_m,6,11538,0.0757142840219,-9.58249998093,9.49714306423
J03WR9,defender_fixed_y_m,7,11538,0.25,-10.1692857402,9.77142861911
J03WR9,defender_fixed_y_m,8,11538,-0.27071429044,-11.5282143525,10.0139285156
J03WR9,defender_fixed_y_m,9,11538,-0.308571431254,-13.5775000027,13.214285578
J03WR9,defender_fixed_y_m,10,11538,-0.382857139621,-16.938571385,17.0128574371
J03WR9,defender_goalward_offset_from_centroid_m,1,11538,-4.73157134397,-12.2264643571,5.38942878246
J03WR9,defender_goalward_offset_from_centroid_m,2,11538,-3.75385707276,-10.626571594,4.92114260537
J03WR9,defender_goalward_offset_from_centroid_m,3,11538,-1.66385710782,-8.54528543609,5.23671453978
J03WR9,defender_goalward_offset_from_centroid_m,4,11538,-0.103214516916,-7.30142860413,5.9693932678
J03WR9,defender_goalward_offset_from_centroid_m,5,11538,1.20985684986,-7.04810718532,7.19814226968
J03WR9,defender_goalward_offset_from_centroid_m,6,11538,2.7437856836,-6.66439287918,8.55303580591
J03WR9,defender_goalward_offset_from_centroid_m,7,11538,4.5348566447,-6.84935711232,10.2980358307
J03WR9,defender_goalward_offset_from_centroid_m,8,11538,6.30485724126,-7.1929648063,11.6931781692
J03WR9,defender_goalward_offset_from_centroid_m,9,11538,6.17564260789,-6.81703555859,12.1938567247
J03WR9,defender_goalward_offset_from_centroid_m,10,11538,6.15114236559,-9.50414288555,11.4921785232
J03WR9,defender_lateral_offset_from_centroid_m,1,11538,-0.115928513663,-8.83760695533,9.01457149472
J03WR9,defender_lateral_offset_from_centroid_m,2,11538,-0.0617142839091,-8.05821421572,7.82071430598
J03WR9,defender_lateral_offset_from_centroid_m,3,11538,0.179857077769,-6.91960718802,6.96824996344
J03WR9,defender_lateral_offset_from_centroid_m,4,11538,0.22692858795,-6.64528551807,6.76228561593
J03WR9,defender_lateral_offset_from_centroid_m,5,11538,0.148999895368,-6.37925008535,6.69710754071
J03WR9,defender_lateral_offset_from_centroid_m,6,11538,0.100285585438,-6.69999997065,6.93042828526
J03WR9,defender_lateral_offset_from_centroid_m,7,11538,0.571357124671,-8.0129998193,8.35996420128
J03WR9,defender_lateral_offset_from_centroid_m,8,11538,-0.72399995649,-10.016607131,9.63771424634
J03WR9,defender_lateral_offset_from_centroid_m,9,11538,0.099214299236,-13.6718571084,13.8560353601
J03WR9,defender_lateral_offset_from_centroid_m,10,11538,0.0597144031897,-17.9500000694,18.0009999565
J03WR9,defender_own_goal_depth_m,1,11538,51.088571425,36.2600000245,68.4032142844
J03WR9,defender_own_goal_depth_m,2,11538,50.3014285905,35.9249999183,68.0775000368
J03WR9,defender_own_goal_depth_m,3,11538,48.4535714047,34.5014286041,66.1142856053
J03WR9,defender_own_goal_depth_m,4,11538,47.3178570952,32.9010715485,65.2542856761
J03WR9,defender_own_goal_depth_m,5,11538,46.5485714504,32.1346425329,64.0839285851
J03WR9,defender_own_goal_depth_m,6,11538,45.9678571224,31.7885717664,63.0385715961
J03WR9,defender_own_goal_depth_m,7,11538,44.6821428708,30.8603572164,62.7549999441
J03WR9,defender_own_goal_depth_m,8,11538,45.0692857334,30.770714283,60.7785714013
J03WR9,defender_own_goal_depth_m,9,11538,45.5014286041,31.1903575488,59.4514284815
J03WR9,defender_own_goal_depth_m,10,11538,46.3642857075,32.5257143293,60.8128572192
J03WR9,local_two_neighbor_mean_distance_m,1,11538,11.6689135598,8.69110261325,14.5646733883
J03WR9,local_two_neighbor_mean_distance_m,2,11538,10.5421124694,7.85315682779,13.4554546784
J03WR9,local_two_neighbor_mean_distance_m,3,11538,10.1806258978,7.55136043526,12.8961913296
J03WR9,local_two_neighbor_mean_distance_m,4,11538,10.1270527885,7.53881731285,12.8882723996
J03WR9,local_two_neighbor_mean_distance_m,5,11538,10.280604052,7.66596306813,13.0387563544
J03WR9,local_two_neighbor_mean_distance_m,6,11538,10.6041244967,7.98512233576,13.290880579
J03WR9,local_two_neighbor_mean_distance_m,7,11538,10.743331166,8.21169747509,13.6078104321
J03WR9,local_two_neighbor_mean_distance_m,8,11538,11.4363565829,8.72890415686,14.5295794951
J03WR9,local_two_neighbor_mean_distance_m,9,11538,12.3923584546,9.71000984534,15.572504548
J03WR9,local_two_neighbor_mean_distance_m,10,11538,14.255701457,11.457895523,18.0480723973
J03WR9,prior_absolute_path_m,1,11538,3.23924433717,2.21438256816,5.57331036465
J03WR9,prior_absolute_path_m,2,11538,3.23304679385,2.18390075443,5.63093250653
J03WR9,prior_absolute_path_m,3,11538,3.29318083796,2.21819178811,5.63145928495
J03WR9,prior_absolute_path_m,4,11538,3.25276444361,2.22072264698,5.65938933791
J03WR9,prior_absolute_path_m,5,11538,3.29909288224,2.2394878818,5.66322173152
J03WR9,prior_absolute_path_m,6,11538,3.2843880026,2.22264553913,5.60022774382
J03WR9,prior_absolute_path_m,7,11538,3.23924433717,2.2170259557,5.47409844879
J03WR9,prior_absolute_path_m,8,11538,3.20083811549,2.16549042486,5.44117224812
J03WR9,prior_absolute_path_m,9,11538,3.13076859272,2.13131731187,5.35162693297
J03WR9,prior_absolute_path_m,10,11538,3.04734369072,2.06099122774,5.28782294633
J03WR9,prior_attacker_path_m,1,11538,3.12527331956,2.09941927457,5.3804947085
J03WR9,prior_attacker_path_m,2,11538,3.12527331956,2.09941927457,5.3804947085
J03WR9,prior_attacker_path_m,3,11538,3.12527331956,2.09941927457,5.3804947085
J03WR9,prior_attacker_path_m,4,11538,3.12527331956,2.09941927457,5.3804947085
J03WR9,prior_attacker_path_m,5,11538,3.12527331956,2.09941927457,5.3804947085
J03WR9,prior_attacker_path_m,6,11538,3.12527331956,2.09941927457,5.3804947085
J03WR9,prior_attacker_path_m,7,11538,3.12527331956,2.09941927457,5.3804947085
J03WR9,prior_attacker_path_m,8,11538,3.12527331956,2.09941927457,5.3804947085
J03WR9,prior_attacker_path_m,9,11538,3.12527331956,2.09941927457,5.3804947085
J03WR9,prior_attacker_path_m,10,11538,3.12527331956,2.09941927457,5.3804947085
J03WR9,prior_defensive_centroid_path_m,1,11538,2.6678691889,1.54447191216,4.32129885787
J03WR9,prior_defensive_centroid_path_m,2,11538,2.6678691889,1.54447191216,4.32129885787
J03WR9,prior_defensive_centroid_path_m,3,11538,2.6678691889,1.54447191216,4.32129885787
J03WR9,prior_defensive_centroid_path_m,4,11538,2.6678691889,1.54447191216,4.32129885787
J03WR9,prior_defensive_centroid_path_m,5,11538,2.6678691889,1.54447191216,4.32129885787
J03WR9,prior_defensive_centroid_path_m,6,11538,2.6678691889,1.54447191216,4.32129885787
J03WR9,prior_defensive_centroid_path_m,7,11538,2.6678691889,1.54447191216,4.32129885787
J03WR9,prior_defensive_centroid_path_m,8,11538,2.6678691889,1.54447191216,4.32129885787
J03WR9,prior_defensive_centroid_path_m,9,11538,2.6678691889,1.54447191216,4.32129885787
J03WR9,prior_defensive_centroid_path_m,10,11538,2.6678691889,1.54447191216,4.32129885787
J03WR9,prior_focal_relative_path_m,1,11538,2.36847005419,1.50048844063,3.73494351926
J03WR9,prior_focal_relative_path_m,2,11538,2.34119022646,1.49221274563,3.69434238453
J03WR9,prior_focal_relative_path_m,3,11538,2.296572443,1.45516740159,3.57927181227
J03WR9,prior_focal_relative_path_m,4,11538,2.25635880777,1.45177307464,3.50679448137
J03WR9,prior_focal_relative_path_m,5,11538,2.28212124455,1.457959925,3.54841192911
J03WR9,prior_focal_relative_path_m,6,11538,2.27964054295,1.44338756274,3.57714240106
J03WR9,prior_focal_relative_path_m,7,11538,2.26889033648,1.47326141512,3.49425542025
J03WR9,prior_focal_relative_path_m,8,11538,2.30329458789,1.48468805289,3.58500495236
J03WR9,prior_focal_relative_path_m,9,11538,2.33404331813,1.49081855832,3.63567352615
J03WR9,prior_focal_relative_path_m,10,11538,2.39498285223,1.49899443196,3.82021822667
J03WR9,prior_other_nine_mean_absolute_path_m,1,11538,3.6619939444,2.52200467339,5.23156303032
J03WR9,prior_other_nine_mean_absolute_path_m,2,11538,3.66690712235,2.51855668618,5.24603617304
J03WR9,prior_other_nine_mean_absolute_path_m,3,11538,3.68295210375,2.51065472831,5.23063748125
J03WR9,prior_other_nine_mean_absolute_path_m,4,11538,3.6857968569,2.51250043468,5.23319841709
J03WR9,prior_other_nine_mean_absolute_path_m,5,11538,3.67794976581,2.51378481629,5.23735328086
J03WR9,prior_other_nine_mean_absolute_path_m,6,11538,3.67412208155,2.51449983525,5.22605980139
J03WR9,prior_other_nine_mean_absolute_path_m,7,11538,3.68019383271,2.52258577925,5.24080232946
J03WR9,prior_other_nine_mean_absolute_path_m,8,11538,3.67888312485,2.5217334498,5.24209783589
J03WR9,prior_other_nine_mean_absolute_path_m,9,11538,3.67658108121,2.54148079306,5.24827757849
J03WR9,prior_other_nine_mean_absolute_path_m,10,11538,3.66997427907,2.5362996302,5.24397972213
J03WR9,prior_terminal_speed_mps,1,11538,1.57507417657,1.06545876155,2.8437196177
J03WR9,prior_terminal_speed_mps,2,11538,1.58154403035,1.04124314025,2.85987180314
J03WR9,prior_terminal_speed_mps,3,11538,1.60753889503,1.07677330981,2.84842543646
J03WR9,prior_terminal_speed_mps,4,11538,1.5851709606,1.07142840113,2.89125686805
J03WR9,prior_terminal_speed_mps,5,11538,1.59359499352,1.07439715262,2.89296809999
J03WR9,prior_terminal_speed_mps,6,11538,1.59199217375,1.06020860972,2.86538966601
J03WR9,prior_terminal_speed_mps,7,11538,1.58597160986,1.05764931768,2.8121464646
J03WR9,prior_terminal_speed_mps,8,11538,1.5911856572,1.04001552537,2.79394523164
J03WR9,prior_terminal_speed_mps,9,11538,1.53944788634,1.00683250359,2.71610655331
J03WR9,prior_terminal_speed_mps,10,11538,1.48675590044,0.980679081368,2.67190185254
J03WR9,unit_depth_span_m,1,11538,32.5685719081,27.4614284464,38.0342861755
J03WR9,unit_depth_span_m,2,11538,32.5685719081,27.4614284464,38.0342861755
J03WR9,unit_depth_span_m,3,11538,32.5685719081,27.4614284464,38.0342861755
J03WR9,unit_depth_span_m,4,11538,32.5685719081,27.4614284464,38.0342861755
J03WR9,unit_depth_span_m,5,11538,32.5685719081,27.4614284464,38.0342861755
J03WR9,unit_depth_span_m,6,11538,32.5685719081,27.4614284464,38.0342861755
J03WR9,unit_depth_span_m,7,11538,32.5685719081,27.4614284464,38.0342861755
J03WR9,unit_depth_span_m,8,11538,32.5685719081,27.4614284464,38.0342861755
J03WR9,unit_depth_span_m,9,11538,32.5685719081,27.4614284464,38.0342861755
J03WR9,unit_depth_span_m,10,11538,32.5685719081,27.4614284464,38.0342861755
J03WR9,unit_width_span_m,1,11538,39.5242859977,33.6871429171,43.6457143511
J03WR9,unit_width_span_m,2,11538,39.5242859977,33.6871429171,43.6457143511
J03WR9,unit_width_span_m,3,11538,39.5242859977,33.6871429171,43.6457143511
J03WR9,unit_width_span_m,4,11538,39.5242859977,33.6871429171,43.6457143511
J03WR9,unit_width_span_m,5,11538,39.5242859977,33.6871429171,43.6457143511
J03WR9,unit_width_span_m,6,11538,39.5242859977,33.6871429171,43.6457143511
J03WR9,unit_width_span_m,7,11538,39.5242859977,33.6871429171,43.6457143511
J03WR9,unit_width_span_m,8,11538,39.5242859977,33.6871429171,43.6457143511
J03WR9,unit_width_span_m,9,11538,39.5242859977,33.6871429171,43.6457143511
J03WR9,unit_width_span_m,10,11538,39.5242859977,33.6871429171,43.6457143511
metrica_game_1,attacker_abs_lateral_offset_from_centroid_m,1,8265,9.95600628571,5.05038914286,16.6888417143
metrica_game_1,attacker_abs_lateral_offset_from_centroid_m,2,8265,9.95600628571,5.05038914286,16.6888417143
metrica_game_1,attacker_abs_lateral_offset_from_centroid_m,3,8265,9.95600628571,5.05038914286,16.6888417143
metrica_game_1,attacker_abs_lateral_offset_from_centroid_m,4,8265,9.95600628571,5.05038914286,16.6888417143
metrica_game_1,attacker_abs_lateral_offset_from_centroid_m,5,8265,9.95600628571,5.05038914286,16.6888417143
metrica_game_1,attacker_abs_lateral_offset_from_centroid_m,6,8265,9.95600628571,5.05038914286,16.6888417143
metrica_game_1,attacker_abs_lateral_offset_from_centroid_m,7,8265,9.95600628571,5.05038914286,16.6888417143
metrica_game_1,attacker_abs_lateral_offset_from_centroid_m,8,8265,9.95600628571,5.05038914286,16.6888417143
metrica_game_1,attacker_abs_lateral_offset_from_centroid_m,9,8265,9.95600628571,5.05038914286,16.6888417143
metrica_game_1,attacker_abs_lateral_offset_from_centroid_m,10,8265,9.95600628571,5.05038914286,16.6888417143
metrica_game_1,attacker_defender_start_distance_m,1,8265,5.84257678346,3.47936569636,9.22210177821
metrica_game_1,attacker_defender_start_distance_m,2,8265,10.637538371,7.57403145827,14.6930753832
metrica_game_1,attacker_defender_start_distance_m,3,8265,14.3510571057,10.808115812,19.0797992464
metrica_game_1,attacker_defender_start_distance_m,4,8265,17.419525358,13.5400656487,22.5938459485
metrica_game_1,attacker_defender_start_distance_m,5,8265,20.4477271701,16.033085333,25.8745446991
metrica_game_1,attacker_defender_start_distance_m,6,8265,23.464676389,18.7318485207,29.068171034
metrica_game_1,attacker_defender_start_distance_m,7,8265,26.6350690621,21.3959760135,32.3542114381
metrica_game_1,attacker_defender_start_distance_m,8,8265,30.2814511337,24.5091795786,35.8919165607
metrica_game_1,attacker_defender_start_distance_m,9,8265,33.894780996,27.989604006,39.7227496737
metrica_game_1,attacker_defender_start_distance_m,10,8265,38.1769669951,32.0701786781,44.6202020618
metrica_game_1,attacker_goalward_offset_from_centroid_m,1,8265,-7.30881,-14.98338,2.838765
metrica_game_1,attacker_goalward_offset_from_centroid_m,2,8265,-7.30881,-14.98338,2.838765
metrica_game_1,attacker_goalward_offset_from_centroid_m,3,8265,-7.30881,-14.98338,2.838765
metrica_game_1,attacker_goalward_offset_from_centroid_m,4,8265,-7.30881,-14.98338,2.838765
metrica_game_1,attacker_goalward_offset_from_centroid_m,5,8265,-7.30881,-14.98338,2.838765
metrica_game_1,attacker_goalward_offset_from_centroid_m,6,8265,-7.30881,-14.98338,2.838765
metrica_game_1,attacker_goalward_offset_from_centroid_m,7,8265,-7.30881,-14.98338,2.838765
metrica_game_1,attacker_goalward_offset_from_centroid_m,8,8265,-7.30881,-14.98338,2.838765
metrica_game_1,attacker_goalward_offset_from_centroid_m,9,8265,-7.30881,-14.98338,2.838765
metrica_game_1,attacker_goalward_offset_from_centroid_m,10,8265,-7.30881,-14.98338,2.838765
metrica_game_1,ball_abs_lateral_offset_from_centroid_m,1,4914,10.1441137143,3.72091142857,15.9721994286
metrica_game_1,ball_abs_lateral_offset_from_centroid_m,2,4914,10.1441137143,3.72091142857,15.9721994286
metrica_game_1,ball_abs_lateral_offset_from_centroid_m,3,4914,10.1441137143,3.72091142857,15.9721994286
metrica_game_1,ball_abs_lateral_offset_from_centroid_m,4,4914,10.1441137143,3.72091142857,15.9721994286
metrica_game_1,ball_abs_lateral_offset_from_centroid_m,5,4914,10.1441137143,3.72091142857,15.9721994286
metrica_game_1,ball_abs_lateral_offset_from_centroid_m,6,4914,10.1441137143,3.72091142857,15.9721994286
metrica_game_1,ball_abs_lateral_offset_from_centroid_m,7,4914,10.1441137143,3.72091142857,15.9721994286
metrica_game_1,ball_abs_lateral_offset_from_centroid_m,8,4914,10.1441137143,3.72091142857,15.9721994286
metrica_game_1,ball_abs_lateral_offset_from_centroid_m,9,4914,10.1441137143,3.72091142857,15.9721994286
metrica_game_1,ball_abs_lateral_offset_from_centroid_m,10,4914,10.1441137143,3.72091142857,15.9721994286
metrica_game_1,ball_defender_distance_m,1,4914,20.3348312509,11.4507075307,30.9208562435
metrica_game_1,ball_defender_distance_m,2,4914,19.150347841,11.0494332794,29.9141608478
metrica_game_1,ball_defender_distance_m,3,4914,19.0041912949,11.6271351003,28.6554323133
metrica_game_1,ball_defender_distance_m,4,4914,19.805197142,12.5232486149,28.6946841671
metrica_game_1,ball_defender_distance_m,5,4914,20.7636193922,13.1197557631,29.199765925
metrica_game_1,ball_defender_distance_m,6,4914,21.9528469266,14.0525773151,29.9469840407
metrica_game_1,ball_defender_distance_m,7,4914,22.9199178381,14.2053608869,31.3712931964
metrica_game_1,ball_defender_distance_m,8,4914,24.965122337,15.0976384616,33.0526164526
metrica_game_1,ball_defender_distance_m,9,4914,26.8712440501,16.6159555678,36.1015448141
metrica_game_1,ball_defender_distance_m,10,4914,29.7764361563,18.2912828369,39.9545299268
metrica_game_1,ball_goalward_offset_from_centroid_m,1,4914,-9.81216,-17.27868,-1.38306
metrica_game_1,ball_goalward_offset_from_centroid_m,2,4914,-9.81216,-17.27868,-1.38306
metrica_game_1,ball_goalward_offset_from_centroid_m,3,4914,-9.81216,-17.27868,-1.38306
metrica_game_1,ball_goalward_offset_from_centroid_m,4,4914,-9.81216,-17.27868,-1.38306
metrica_game_1,ball_goalward_offset_from_centroid_m,5,4914,-9.81216,-17.27868,-1.38306
metrica_game_1,ball_goalward_offset_from_centroid_m,6,4914,-9.81216,-17.27868,-1.38306
metrica_game_1,ball_goalward_offset_from_centroid_m,7,4914,-9.81216,-17.27868,-1.38306
metrica_game_1,ball_goalward_offset_from_centroid_m,8,4914,-9.81216,-17.27868,-1.38306
metrica_game_1,ball_goalward_offset_from_centroid_m,9,4914,-9.81216,-17.27868,-1.38306
metrica_game_1,ball_goalward_offset_from_centroid_m,10,4914,-9.81216,-17.27868,-1.38306
metrica_game_1,defender_abs_lateral_offset_from_centroid_m,1,8265,8.65892571429,4.44623828571,14.7746514286
metrica_game_1,defender_abs_lateral_offset_from_centroid_m,2,8265,7.83786457143,3.81787942857,13.3759205714
metrica_game_1,defender_abs_lateral_offset_from_centroid_m,3,8265,7.00672,3.54909485714,12.0194468571
metrica_game_1,defender_abs_lateral_offset_from_centroid_m,4,8265,6.34092228571,3.18442057143,11.7190617143
metrica_game_1,defender_abs_lateral_offset_from_centroid_m,5,8265,6.42067657143,3.12766,12.094616
metrica_game_1,defender_abs_lateral_offset_from_centroid_m,6,8265,7.31612971429,3.61278171429,12.8346017143
metrica_game_1,defender_abs_lateral_offset_from_centroid_m,7,8265,8.11021428571,4.44623828571,13.1462748571
metrica_game_1,defender_abs_lateral_offset_from_centroid_m,8,8265,9.60723428571,4.94228857143,14.5788405714
metrica_game_1,defender_abs_lateral_offset_from_centroid_m,9,8265,13.6143285714,8.39587257143,18.33246
metrica_game_1,defender_abs_lateral_offset_from_centroid_m,10,8265,17.832932,12.8271022857,22.2101308571
metrica_game_1,defender_centroid_distance_m,1,8265,15.3200871734,10.6100513233,19.9106840486
metrica_game_1,defender_centroid_distance_m,2,8265,13.6664465468,8.99178643382,18.5580405658
metrica_game_1,defender_centroid_distance_m,3,8265,11.8082208494,7.04702896381,17.2759940655
metrica_game_1,defender_centroid_distance_m,4,8265,11.1737109719,6.31764622025,16.8062068242
metrica_game_1,defender_centroid_distance_m,5,8265,11.4706419301,6.80089695924,16.9740971025
metrica_game_1,defender_centroid_distance_m,6,8265,12.5434449605,8.31773221564,17.4821510725
metrica_game_1,defender_centroid_distance_m,7,8265,13.9469462641,10.3191734249,18.2647196898
metrica_game_1,defender_centroid_distance_m,8,8265,15.9404542935,12.4817880771,19.7665890272
metrica_game_1,defender_centroid_distance_m,9,8265,18.4844695354,15.3405716673,22.1902369565
metrica_game_1,defender_centroid_distance_m,10,8265,22.0755159902,18.7651126015,26.060216978
metrica_game_1,defender_fixed_x_m,1,8265,2.94255,-9.10185,17.89755
metrica_game_1,defender_fixed_x_m,2,8265,3.41595,-10.12845,18.1326
metrica_game_1,defender_fixed_x_m,3,8265,2.1678,-11.00505,17.7651
metrica_game_1,defender_fixed_x_m,4,8265,1.9149,-11.6856,18.3567
metrica_game_1,defender_fixed_x_m,5,8265,1.6221,-12.10245,18.2163
metrica_game_1,defender_fixed_x_m,6,8265,1.20555,-12.3066,18.8934
metrica_game_1,defender_fixed_x_m,7,8265,0.61515,-12.72225,17.6967
metrica_game_1,defender_fixed_x_m,8,8265,0.4719,-12.7152,16.905
metrica_game_1,defender_fixed_x_m,9,8265,-0.05985,-12.52995,14.78085
metrica_game_1,defender_fixed_x_m,10,8265,0.69195,-11.91165,15.7224
metrica_game_1,defender_fixed_y_m,1,8265,-1.65142857143,-13.3617085714,8.29862285714
metrica_game_1,defender_fixed_y_m,2,8265,-1.87106857143,-13.1214742857,7.32816571429
metrica_game_1,defender_fixed_y_m,3,8265,-2.30500571429,-12.41136,6.53771428571
metrica_game_1,defender_fixed_y_m,4,8265,-2.08886285714,-12.3806628571,6.52809714286
metrica_game_1,defender_fixed_y_m,5,8265,-2.19950857143,-12.1154628571,6.43581142857
metrica_game_1,defender_fixed_y_m,6,8265,-2.12286285714,-12.4019371429,6.56802285714
metrica_game_1,defender_fixed_y_m,7,8265,-2.81121714286,-13.12604,7.31106857143
metrica_game_1,defender_fixed_y_m,8,8265,-2.06622857143,-12.6753942857,7.60055428571
metrica_game_1,defender_fixed_y_m,9,8265,-1.05205714286,-14.58736,10.7808171429
metrica_game_1,defender_fixed_y_m,10,8265,-0.0976285714286,-18.0232057143,16.14864
metrica_game_1,defender_goalward_offset_from_centroid_m,1,8265,-4.86885,-12.35784,3.86379
metrica_game_1,defender_goalward_offset_from_centroid_m,2,8265,-3.572085,-10.646745,3.607815
metrica_game_1,defender_goalward_offset_from_centroid_m,3,8265,-1.334175,-7.924995,4.078605
metrica_game_1,defender_goalward_offset_from_centroid_m,4,8265,-0.14688,-6.148935,5.47083
metrica_game_1,defender_goalward_offset_from_centroid_m,5,8265,1.29282,-5.722605,6.863295
metrica_game_1,defender_goalward_offset_from_centroid_m,6,8265,2.99049,-5.06607,8.47959
metrica_game_1,defender_goalward_offset_from_centroid_m,7,8265,4.80687,-7.145235,10.224855
metrica_game_1,defender_goalward_offset_from_centroid_m,8,8265,6.291855,-7.232265,11.334345
metrica_game_1,defender_goalward_offset_from_centroid_m,9,8265,5.544645,-6.276525,11.36406
metrica_game_1,defender_goalward_offset_from_centroid_m,10,8265,5.595915,-8.552445,11.157495
metrica_game_1,defender_lateral_offset_from_centroid_m,1,8265,-0.261226857143,-8.61091771429,8.70375714286
metrica_game_1,defender_lateral_offset_from_centroid_m,2,8265,-0.880998285714,-8.02491314286,7.66116171429
metrica_game_1,defender_lateral_offset_from_centroid_m,3,8265,-0.892470857143,-7.508152,6.43528685714
metrica_game_1,defender_lateral_offset_from_centroid_m,4,8265,-0.978937714286,-6.76319257143,6.00131085714
metrica_game_1,defender_lateral_offset_from_centroid_m,5,8265,-0.706063428571,-7.12635142857,5.85416857143
metrica_game_1,defender_lateral_offset_from_centroid_m,6,8265,-0.587403428571,-8.11402228571,6.39815885714
metrica_game_1,defender_lateral_offset_from_centroid_m,7,8265,-1.28926057143,-8.87007542857,7.29360228571
metrica_game_1,defender_lateral_offset_from_centroid_m,8,8265,-0.736634285714,-9.8753,9.281728
metrica_game_1,defender_lateral_offset_from_centroid_m,9,8265,-0.250201142857,-12.9764594286,14.2829822857
metrica_game_1,defender_lateral_offset_from_centroid_m,10,8265,0.496691428571,-16.8543245714,18.8747114286
metrica_game_1,defender_own_goal_depth_m,1,8265,52.0734,38.3826,64.39695
metrica_game_1,defender_own_goal_depth_m,2,8265,51.318,37.0248,63.76425
metrica_game_1,defender_own_goal_depth_m,3,8265,49.89675,35.4036,61.88955
metrica_game_1,defender_own_goal_depth_m,4,8265,48.42345,34.0452,61.54365
metrica_game_1,defender_own_goal_depth_m,5,8265,47.2836,32.98935,60.4479
metrica_game_1,defender_own_goal_depth_m,6,8265,46.0707,31.73025,60.1266
metrica_game_1,defender_own_goal_depth_m,7,8265,45.3705,31.4772,59.35215
metrica_game_1,defender_own_goal_depth_m,8,8265,44.8428,31.3551,58.7334
metrica_game_1,defender_own_goal_depth_m,9,8265,45.67995,31.9536,57.2664
metrica_game_1,defender_own_goal_depth_m,10,8265,45.6621,31.9536,57.32655
metrica_game_1,local_two_neighbor_mean_distance_m,1,8265,11.3260960976,8.63854975025,14.1571225735
metrica_game_1,local_two_neighbor_mean_distance_m,2,8265,10.2701836135,7.72493556126,12.9452255309
metrica_game_1,local_two_neighbor_mean_distance_m,3,8265,9.9351991334,7.54797874311,12.5102367945
metrica_game_1,local_two_neighbor_mean_distance_m,4,8265,9.94959721353,7.41123423976,12.5442525891
metrica_game_1,local_two_neighbor_mean_distance_m,5,8265,9.90698679058,7.43201126925,12.5306754007
metrica_game_1,local_two_neighbor_mean_distance_m,6,8265,10.0944634893,7.65724066661,12.831847938
metrica_game_1,local_two_neighbor_mean_distance_m,7,8265,10.4256403833,7.9907086383,13.349953603
metrica_game_1,local_two_neighbor_mean_distance_m,8,8265,10.9558104245,8.44143063617,13.7447990644
metrica_game_1,local_two_neighbor_mean_distance_m,9,8265,11.7711974846,9.15715545398,14.9604399604
metrica_game_1,local_two_neighbor_mean_distance_m,10,8265,13.6758286907,10.7800684695,17.3777543094
metrica_game_1,prior_absolute_path_m,1,8265,2.91926157132,1.78868351887,5.27159754457
metrica_game_1,prior_absolute_path_m,2,8265,2.97620572336,1.83198180906,5.3985861756
metrica_game_1,prior_absolute_path_m,3,8265,3.013047806,1.8948303763,5.49429614667
metrica_game_1,prior_absolute_path_m,4,8265,2.97944790488,1.87766613707,5.44002977023
metrica_game_1,prior_absolute_path_m,5,8265,3.06472130375,1.91294959545,5.40355214574
metrica_game_1,prior_absolute_path_m,6,8265,2.99805248067,1.8608555106,5.38247885311
metrica_game_1,prior_absolute_path_m,7,8265,2.98301596254,1.84584406037,5.37872517769
metrica_game_1,prior_absolute_path_m,8,8265,2.93712900966,1.85482847601,5.13586924189
metrica_game_1,prior_absolute_path_m,9,8265,2.90277872749,1.76433809105,4.95406494536
metrica_game_1,prior_absolute_path_m,10,8265,2.84332965001,1.70353743887,4.893823363
metrica_game_1,prior_attacker_path_m,1,8265,2.81555755765,1.72686105481,4.91423551635
metrica_game_1,prior_attacker_path_m,2,8265,2.81555755765,1.72686105481,4.91423551635
metrica_game_1,prior_attacker_path_m,3,8265,2.81555755765,1.72686105481,4.91423551635
metrica_game_1,prior_attacker_path_m,4,8265,2.81555755765,1.72686105481,4.91423551635
metrica_game_1,prior_attacker_path_m,5,8265,2.81555755765,1.72686105481,4.91423551635
metrica_game_1,prior_attacker_path_m,6,8265,2.81555755765,1.72686105481,4.91423551635
metrica_game_1,prior_attacker_path_m,7,8265,2.81555755765,1.72686105481,4.91423551635
metrica_game_1,prior_attacker_path_m,8,8265,2.81555755765,1.72686105481,4.91423551635
metrica_game_1,prior_attacker_path_m,9,8265,2.81555755765,1.72686105481,4.91423551635
metrica_game_1,prior_attacker_path_m,10,8265,2.81555755765,1.72686105481,4.91423551635
metrica_game_1,prior_defensive_centroid_path_m,1,8265,2.32305860821,1.16004530132,4.31291061348
metrica_game_1,prior_defensive_centroid_path_m,2,8265,2.32305860821,1.16004530132,4.31291061348
metrica_game_1,prior_defensive_centroid_path_m,3,8265,2.32305860821,1.16004530132,4.31291061348
metrica_game_1,prior_defensive_centroid_path_m,4,8265,2.32305860821,1.16004530132,4.31291061348
metrica_game_1,prior_defensive_centroid_path_m,5,8265,2.32305860821,1.16004530132,4.31291061348
metrica_game_1,prior_defensive_centroid_path_m,6,8265,2.32305860821,1.16004530132,4.31291061348
metrica_game_1,prior_defensive_centroid_path_m,7,8265,2.32305860821,1.16004530132,4.31291061348
metrica_game_1,prior_defensive_centroid_path_m,8,8265,2.32305860821,1.16004530132,4.31291061348
metrica_game_1,prior_defensive_centroid_path_m,9,8265,2.32305860821,1.16004530132,4.31291061348
metrica_game_1,prior_defensive_centroid_path_m,10,8265,2.32305860821,1.16004530132,4.31291061348
metrica_game_1,prior_focal_relative_path_m,1,8265,2.05725704599,1.25293429836,3.28672524392
metrica_game_1,prior_focal_relative_path_m,2,8265,2.03829446671,1.23431664152,3.24524882337
metrica_game_1,prior_focal_relative_path_m,3,8265,2.00843306717,1.2099817061,3.21209891447
metrica_game_1,prior_focal_relative_path_m,4,8265,1.93271189334,1.19430433465,3.09316211701
metrica_game_1,prior_focal_relative_path_m,5,8265,1.97842840761,1.2389489206,3.11706975614
metrica_game_1,prior_focal_relative_path_m,6,8265,1.98204932934,1.24040914734,3.1415838355
metrica_game_1,prior_focal_relative_path_m,7,8265,1.98981290953,1.26205767818,3.17691716226
metrica_game_1,prior_focal_relative_path_m,8,8265,2.00816199162,1.24908274552,3.14277197118
metrica_game_1,prior_focal_relative_path_m,9,8265,1.99753262786,1.2508989786,3.14925369651
metrica_game_1,prior_focal_relative_path_m,10,8265,2.07593731919,1.31323813065,3.32582903473
metrica_game_1,prior_other_nine_mean_absolute_path_m,1,8265,3.22551498463,2.15017317319,5.04970135444
metrica_game_1,prior_other_nine_mean_absolute_path_m,2,8265,3.2225385393,2.14168769547,5.02912119657
metrica_game_1,prior_other_nine_mean_absolute_path_m,3,8265,3.21625699842,2.13811911663,5.02254252652
metrica_game_1,prior_other_nine_mean_absolute_path_m,4,8265,3.23644159311,2.1426803849,5.02327829585
metrica_game_1,prior_other_nine_mean_absolute_path_m,5,8265,3.23596560621,2.1283924336,5.04042461928
metrica_game_1,prior_other_nine_mean_absolute_path_m,6,8265,3.22551498463,2.13409318013,5.04970135444
metrica_game_1,prior_other_nine_mean_absolute_path_m,7,8265,3.2341141025,2.13836032329,5.04188642267
metrica_game_1,prior_other_nine_mean_absolute_path_m,8,8265,3.23379210789,2.13811911663,5.0776526119
metrica_game_1,prior_other_nine_mean_absolute_path_m,9,8265,3.21625699842,2.14316902714,5.07546814626
metrica_game_1,prior_other_nine_mean_absolute_path_m,10,8265,3.22058344341,2.14305615295,5.09172746449
metrica_game_1,prior_terminal_speed_mps,1,8265,1.43816726483,0.847521718011,2.64259742957
metrica_game_1,prior_terminal_speed_mps,2,8265,1.45864589891,0.875128561984,2.6969824417
metrica_game_1,prior_terminal_speed_mps,3,8265,1.48595547536,0.89028607246,2.76244718852
metrica_game_1,prior_terminal_speed_mps,4,8265,1.48204963734,0.896707248231,2.72930289747
metrica_game_1,prior_terminal_speed_mps,5,8265,1.52604761775,0.920431354068,2.71496913976
metrica_game_1,prior_terminal_speed_mps,6,8265,1.4886672988,0.878661581466,2.70060282386
metrica_game_1,prior_terminal_speed_mps,7,8265,1.48476954166,0.890259435359,2.71624830574
metrica_game_1,prior_terminal_speed_mps,8,8265,1.45583586386,0.87788345959,2.57543539414
metrica_game_1,prior_terminal_speed_mps,9,8265,1.42202904761,0.830970990462,2.50789137407
metrica_game_1,prior_terminal_speed_mps,10,8265,1.37376204429,0.783761651608,2.43251344355
metrica_game_1,unit_depth_span_m,1,8265,31.28805,25.4301,38.81055
metrica_game_1,unit_depth_span_m,2,8265,31.28805,25.4301,38.81055
metrica_game_1,unit_depth_span_m,3,8265,31.28805,25.4301,38.81055
metrica_game_1,unit_depth_span_m,4,8265,31.28805,25.4301,38.81055
metrica_game_1,unit_depth_span_m,5,8265,31.28805,25.4301,38.81055
metrica_game_1,unit_depth_span_m,6,8265,31.28805,25.4301,38.81055
metrica_game_1,unit_depth_span_m,7,8265,31.28805,25.4301,38.81055
metrica_game_1,unit_depth_span_m,8,8265,31.28805,25.4301,38.81055
metrica_game_1,unit_depth_span_m,9,8265,31.28805,25.4301,38.81055
metrica_game_1,unit_depth_span_m,10,8265,31.28805,25.4301,38.81055
metrica_game_1,unit_width_span_m,1,8265,38.8512171429,34.3934285714,44.0590457143
metrica_game_1,unit_width_span_m,2,8265,38.8512171429,34.3934285714,44.0590457143
metrica_game_1,unit_width_span_m,3,8265,38.8512171429,34.3934285714,44.0590457143
metrica_game_1,unit_width_span_m,4,8265,38.8512171429,34.3934285714,44.0590457143
metrica_game_1,unit_width_span_m,5,8265,38.8512171429,34.3934285714,44.0590457143
metrica_game_1,unit_width_span_m,6,8265,38.8512171429,34.3934285714,44.0590457143
metrica_game_1,unit_width_span_m,7,8265,38.8512171429,34.3934285714,44.0590457143
metrica_game_1,unit_width_span_m,8,8265,38.8512171429,34.3934285714,44.0590457143
metrica_game_1,unit_width_span_m,9,8265,38.8512171429,34.3934285714,44.0590457143
metrica_game_1,unit_width_span_m,10,8265,38.8512171429,34.3934285714,44.0590457143
metrica_game_2,attacker_abs_lateral_offset_from_centroid_m,1,1182,10.0664091429,4.50818142857,16.5394748571
metrica_game_2,attacker_abs_lateral_offset_from_centroid_m,2,1182,10.0664091429,4.50818142857,16.5394748571
metrica_game_2,attacker_abs_lateral_offset_from_centroid_m,3,1182,10.0664091429,4.50818142857,16.5394748571
metrica_game_2,attacker_abs_lateral_offset_from_centroid_m,4,1182,10.0664091429,4.50818142857,16.5394748571
metrica_game_2,attacker_abs_lateral_offset_from_centroid_m,5,1182,10.0664091429,4.50818142857,16.5394748571
metrica_game_2,attacker_abs_lateral_offset_from_centroid_m,6,1182,10.0664091429,4.50818142857,16.5394748571
metrica_game_2,attacker_abs_lateral_offset_from_centroid_m,7,1182,10.0664091429,4.50818142857,16.5394748571
metrica_game_2,attacker_abs_lateral_offset_from_centroid_m,8,1182,10.0664091429,4.50818142857,16.5394748571
metrica_game_2,attacker_abs_lateral_offset_from_centroid_m,9,1182,10.0664091429,4.50818142857,16.5394748571
metrica_game_2,attacker_abs_lateral_offset_from_centroid_m,10,1182,10.0664091429,4.50818142857,16.5394748571
metrica_game_2,attacker_defender_start_distance_m,1,1182,5.95035684077,3.81827632716,9.04459599384
metrica_game_2,attacker_defender_start_distance_m,2,1182,10.8989965411,7.92095509606,15.1029612313
metrica_game_2,attacker_defender_start_distance_m,3,1182,14.8539777588,11.1891401364,19.6758939917
metrica_game_2,attacker_defender_start_distance_m,4,1182,17.9186664929,13.7560058628,23.2332423059
metrica_game_2,attacker_defender_start_distance_m,5,1182,21.0796804008,16.3846714991,26.2190305144
metrica_game_2,attacker_defender_start_distance_m,6,1182,24.2725588645,19.147972191,29.6062382997
metrica_game_2,attacker_defender_start_distance_m,7,1182,27.1838745079,22.2234921198,32.6242768282
metrica_game_2,attacker_defender_start_distance_m,8,1182,30.504670073,25.0878543874,35.9232559037
metrica_game_2,attacker_defender_start_distance_m,9,1182,34.0556174763,27.6281403914,39.5219043923
metrica_game_2,attacker_defender_start_distance_m,10,1182,37.7630975828,31.3653310432,43.5943466015
metrica_game_2,attacker_goalward_offset_from_centroid_m,1,1182,-8.15235,-17.05282875,2.2967325
metrica_game_2,attacker_goalward_offset_from_centroid_m,2,1182,-8.15235,-17.05282875,2.2967325
metrica_game_2,attacker_goalward_offset_from_centroid_m,3,1182,-8.15235,-17.05282875,2.2967325
metrica_game_2,attacker_goalward_offset_from_centroid_m,4,1182,-8.15235,-17.05282875,2.2967325
metrica_game_2,attacker_goalward_offset_from_centroid_m,5,1182,-8.15235,-17.05282875,2.2967325
metrica_game_2,attacker_goalward_offset_from_centroid_m,6,1182,-8.15235,-17.05282875,2.2967325
metrica_game_2,attacker_goalward_offset_from_centroid_m,7,1182,-8.15235,-17.05282875,2.2967325
metrica_game_2,attacker_goalward_offset_from_centroid_m,8,1182,-8.15235,-17.05282875,2.2967325
metrica_game_2,attacker_goalward_offset_from_centroid_m,9,1182,-8.15235,-17.05282875,2.2967325
metrica_game_2,attacker_goalward_offset_from_centroid_m,10,1182,-8.15235,-17.05282875,2.2967325
metrica_game_2,ball_abs_lateral_offset_from_centroid_m,1,786,11.2894571429,6.53328457143,15.9333714286
metrica_game_2,ball_abs_lateral_offset_from_centroid_m,2,786,11.2894571429,6.53328457143,15.9333714286
metrica_game_2,ball_abs_lateral_offset_from_centroid_m,3,786,11.2894571429,6.53328457143,15.9333714286
metrica_game_2,ball_abs_lateral_offset_from_centroid_m,4,786,11.2894571429,6.53328457143,15.9333714286
metrica_game_2,ball_abs_lateral_offset_from_centroid_m,5,786,11.2894571429,6.53328457143,15.9333714286
metrica_game_2,ball_abs_lateral_offset_from_centroid_m,6,786,11.2894571429,6.53328457143,15.9333714286
metrica_game_2,ball_abs_lateral_offset_from_centroid_m,7,786,11.2894571429,6.53328457143,15.9333714286
metrica_game_2,ball_abs_lateral_offset_from_centroid_m,8,786,11.2894571429,6.53328457143,15.9333714286
metrica_game_2,ball_abs_lateral_offset_from_centroid_m,9,786,11.2894571429,6.53328457143,15.9333714286
metrica_game_2,ball_abs_lateral_offset_from_centroid_m,10,786,11.2894571429,6.53328457143,15.9333714286
metrica_game_2,ball_defender_distance_m,1,786,21.3957029775,11.9847699056,32.6908468792
metrica_game_2,ball_defender_distance_m,2,786,20.8823355629,11.7881906823,31.2705416737
metrica_game_2,ball_defender_distance_m,3,786,19.8008107247,12.0216900568,29.8653465788
metrica_game_2,ball_defender_distance_m,4,786,19.7895156171,12.8907419563,28.7406014563
metrica_game_2,ball_defender_distance_m,5,786,22.1987225433,13.1426492218,29.840419522
metrica_game_2,ball_defender_distance_m,6,786,22.7513947609,14.54136141,30.6812942647
metrica_game_2,ball_defender_distance_m,7,786,24.2747592304,15.3121471724,32.1980167282
metrica_game_2,ball_defender_distance_m,8,786,25.6268651297,15.936322177,34.2441023168
metrica_game_2,ball_defender_distance_m,9,786,29.2928924988,16.366940129,38.1626456965
metrica_game_2,ball_defender_distance_m,10,786,32.1120218059,19.3549458314,41.7447831332
metrica_game_2,ball_goalward_offset_from_centroid_m,1,786,-14.186175,-21.059565,-3.191565
metrica_game_2,ball_goalward_offset_from_centroid_m,2,786,-14.186175,-21.059565,-3.191565
metrica_game_2,ball_goalward_offset_from_centroid_m,3,786,-14.186175,-21.059565,-3.191565
metrica_game_2,ball_goalward_offset_from_centroid_m,4,786,-14.186175,-21.059565,-3.191565
metrica_game_2,ball_goalward_offset_from_centroid_m,5,786,-14.186175,-21.059565,-3.191565
metrica_game_2,ball_goalward_offset_from_centroid_m,6,786,-14.186175,-21.059565,-3.191565
metrica_game_2,ball_goalward_offset_from_centroid_m,7,786,-14.186175,-21.059565,-3.191565
metrica_game_2,ball_goalward_offset_from_centroid_m,8,786,-14.186175,-21.059565,-3.191565
metrica_game_2,ball_goalward_offset_from_centroid_m,9,786,-14.186175,-21.059565,-3.191565
metrica_game_2,ball_goalward_offset_from_centroid_m,10,786,-14.186175,-21.059565,-3.191565
metrica_game_2,defender_abs_lateral_offset_from_centroid_m,1,1182,9.15124571429,4.52268971429,14.9849487143
metrica_game_2,defender_abs_lateral_offset_from_centroid_m,2,1182,8.02514628571,4.01286457143,14.0687555714
metrica_game_2,defender_abs_lateral_offset_from_centroid_m,3,1182,7.15161828571,3.446512,11.9288441429
metrica_game_2,defender_abs_lateral_offset_from_centroid_m,4,1182,6.30991914286,3.16490457143,11.897229
metrica_game_2,defender_abs_lateral_offset_from_centroid_m,5,1182,6.37261028571,3.20548114286,11.4617594286
metrica_game_2,defender_abs_lateral_offset_from_centroid_m,6,1182,7.50304228571,3.88972628571,12.8766888571
metrica_game_2,defender_abs_lateral_offset_from_centroid_m,7,1182,7.91274228571,4.425355,12.9713982857
metrica_game_2,defender_abs_lateral_offset_from_centroid_m,8,1182,9.54613142857,5.87734685714,14.9092452857
metrica_game_2,defender_abs_lateral_offset_from_centroid_m,9,1182,12.3011125714,6.95655542857,16.998742
metrica_game_2,defender_abs_lateral_offset_from_centroid_m,10,1182,15.8218902857,10.9050628571,19.4510308571
metrica_game_2,defender_centroid_distance_m,1,1182,16.2737830659,12.2367335474,19.668183981
metrica_game_2,defender_centroid_distance_m,2,1182,14.3573793024,10.0226471536,18.4433594317
metrica_game_2,defender_centroid_distance_m,3,1182,12.1981422497,7.42468876681,17.1921430932
metrica_game_2,defender_centroid_distance_m,4,1182,11.5837929137,5.56136884339,16.4314314971
metrica_game_2,defender_centroid_distance_m,5,1182,11.5201163802,6.51176362397,16.3884236471
metrica_game_2,defender_centroid_distance_m,6,1182,12.1243647698,8.51460676355,17.1824042748
metrica_game_2,defender_centroid_distance_m,7,1182,13.4858378721,10.0884766945,17.3100415846
metrica_game_2,defender_centroid_distance_m,8,1182,15.2794118818,12.2269106117,18.8038277423
metrica_game_2,defender_centroid_distance_m,9,1182,17.6028853952,14.4738797374,21.2726115746
metrica_game_2,defender_centroid_distance_m,10,1182,20.4640059826,17.7604920892,24.0124729574
metrica_game_2,defender_fixed_x_m,1,1182,-6.813975,-19.59675,6.5797125
metrica_game_2,defender_fixed_x_m,2,1182,-7.646025,-20.38335,6.5839125
metrica_game_2,defender_fixed_x_m,3,1182,-6.44355,-20.8503,8.0643
metrica_game_2,defender_fixed_x_m,4,1182,-6.5148,-22.08825,7.6379625
metrica_game_2,defender_fixed_x_m,5,1182,-6.073575,-21.3433125,9.515625
metrica_game_2,defender_fixed_x_m,6,1182,-5.68185,-21.6551625,9.602325
metrica_game_2,defender_fixed_x_m,7,1182,-5.153325,-19.0308,11.5265625
metrica_game_2,defender_fixed_x_m,8,1182,-3.796275,-18.0411375,12.1195875
metrica_game_2,defender_fixed_x_m,9,1182,-2.115,-16.26135,12.29445
metrica_game_2,defender_fixed_x_m,10,1182,-2.198325,-14.6433,11.3120625
metrica_game_2,defender_fixed_y_m,1,1182,-1.23012,-9.04876,10.1609728571
metrica_game_2,defender_fixed_y_m,2,1182,-0.396585714286,-9.50348571429,9.59159428571
metrica_game_2,defender_fixed_y_m,3,1182,-0.76976,-8.0546,8.9862
metrica_game_2,defender_fixed_y_m,4,1182,-0.182142857143,-8.15485142857,8.43469571429
metrica_game_2,defender_fixed_y_m,5,1182,-0.946851428571,-9.12926714286,8.36363571429
metrica_game_2,defender_fixed_y_m,6,1182,-0.8585,-9.82454285714,9.25800571429
metrica_game_2,defender_fixed_y_m,7,1182,-0.554491428571,-9.60820571429,8.51481428571
metrica_game_2,defender_fixed_y_m,8,1182,-0.829017142857,-10.15172,9.28520571429
metrica_game_2,defender_fixed_y_m,9,1182,-0.711182857143,-11.3079385714,11.03691
metrica_game_2,defender_fixed_y_m,10,1182,-4.38959428571,-14.7095657143,13.8948285714
metrica_game_2,defender_goalward_offset_from_centroid_m,1,1182,-6.511875,-13.6611,3.51182625
metrica_game_2,defender_goalward_offset_from_centroid_m,2,1182,-4.2574125,-11.38878,3.74755875
metrica_game_2,defender_goalward_offset_from_centroid_m,3,1182,-1.53204,-8.13790875,4.895685
metrica_game_2,defender_goalward_offset_from_centroid_m,4,1182,-0.789225,-7.8924225,4.89246375
metrica_game_2,defender_goalward_offset_from_centroid_m,5,1182,0.738525,-6.51105375,6.53186625
metrica_game_2,defender_goalward_offset_from_centroid_m,6,1182,2.91084,-5.26812,8.1455025
metrica_game_2,defender_goalward_offset_from_centroid_m,7,1182,4.7915175,-6.08872875,9.50625
metrica_game_2,defender_goalward_offset_from_centroid_m,8,1182,5.65635,-6.09062625,10.7625075
metrica_game_2,defender_goalward_offset_from_centroid_m,9,1182,6.6155775,-5.1302325,12.3006
metrica_game_2,defender_goalward_offset_from_centroid_m,10,1182,7.485315,-4.760505,12.78236625
metrica_game_2,defender_lateral_offset_from_centroid_m,1,1182,-0.939206285714,-8.44743114286,9.69611514286
metrica_game_2,defender_lateral_offset_from_centroid_m,2,1182,0.314801142857,-7.84066714286,8.31570057143
metrica_game_2,defender_lateral_offset_from_centroid_m,3,1182,-0.208968857143,-7.13589085714,7.24178628571
metrica_game_2,defender_lateral_offset_from_centroid_m,4,1182,-0.322018857143,-6.70084628571,5.87664742857
metrica_game_2,defender_lateral_offset_from_centroid_m,5,1182,-0.463565714286,-6.78575885714,6.03452642857
metrica_game_2,defender_lateral_offset_from_centroid_m,6,1182,-1.10427142857,-7.49780142857,7.59120671429
metrica_game_2,defender_lateral_offset_from_centroid_m,7,1182,-0.429968857143,-7.57029914286,8.127734
metrica_game_2,defender_lateral_offset_from_centroid_m,8,1182,-1.84588914286,-10.0667418571,9.17589571429
metrica_game_2,defender_lateral_offset_from_centroid_m,9,1182,-1.49055514286,-11.8854188571,12.5278197143
metrica_game_2,defender_lateral_offset_from_centroid_m,10,1182,-6.14078857143,-15.6850791429,15.9734137143
metrica_game_2,defender_own_goal_depth_m,1,1182,51.5382,37.2771,66.402
metrica_game_2,defender_own_goal_depth_m,2,1182,50.679525,34.744125,65.970525
metrica_game_2,defender_own_goal_depth_m,3,1182,48.9108,31.7170875,63.90975
metrica_game_2,defender_own_goal_depth_m,4,1182,48.6438,30.3463875,63.77445
metrica_game_2,defender_own_goal_depth_m,5,1182,47.71455,28.7809875,63.731475
metrica_game_2,defender_own_goal_depth_m,6,1182,45.222975,27.8808,59.2273875
metrica_game_2,defender_own_goal_depth_m,7,1182,44.69115,28.110675,60.02685
metrica_game_2,defender_own_goal_depth_m,8,1182,44.246625,28.3734,58.4334375
metrica_game_2,defender_own_goal_depth_m,9,1182,44.22105,29.4639,55.4050125
metrica_game_2,defender_own_goal_depth_m,10,1182,44.462925,29.1964125,53.8909125
metrica_game_2,local_two_neighbor_mean_distance_m,1,1182,11.7042628806,9.21812940561,14.6021490717
metrica_game_2,local_two_neighbor_mean_distance_m,2,1182,10.7962107292,8.26667431602,13.1189970147
metrica_game_2,local_two_neighbor_mean_distance_m,3,1182,10.3050789548,7.92606764134,12.3935967698
metrica_game_2,local_two_neighbor_mean_distance_m,4,1182,10.155085729,7.93655280944,12.2124109449
metrica_game_2,local_two_neighbor_mean_distance_m,5,1182,10.1922294918,7.81887133793,12.3503295209
metrica_game_2,local_two_neighbor_mean_distance_m,6,1182,10.1933356543,7.9791572704,12.1411713071
metrica_game_2,local_two_neighbor_mean_distance_m,7,1182,10.639235973,8.09088969083,13.1786873816
metrica_game_2,local_two_neighbor_mean_distance_m,8,1182,11.1828988206,8.66457030081,13.6568303505
metrica_game_2,local_two_neighbor_mean_distance_m,9,1182,11.7322164809,9.07207441932,14.6466149046
metrica_game_2,local_two_neighbor_mean_distance_m,10,1182,13.098259183,10.5250415949,16.0753552865
metrica_game_2,prior_absolute_path_m,1,1182,2.7802748258,1.93002418118,5.08469789031
metrica_game_2,prior_absolute_path_m,2,1182,2.86965372099,2.00249843144,5.12070911962
metrica_game_2,prior_absolute_path_m,3,1182,2.99896520359,2.06843511824,5.33146125922
metrica_game_2,prior_absolute_path_m,4,1182,3.00451872133,2.03416352761,5.18289391175
metrica_game_2,prior_absolute_path_m,5,1182,3.06395923006,1.98753217832,5.33980739909
metrica_game_2,prior_absolute_path_m,6,1182,2.890716834,1.94922074377,4.86994280165
metrica_game_2,prior_absolute_path_m,7,1182,2.88022080433,1.91218827326,5.07980768596
metrica_game_2,prior_absolute_path_m,8,1182,2.85529465302,1.93827903389,4.63635047394
metrica_game_2,prior_absolute_path_m,9,1182,2.73839760928,1.89870215296,4.52127186888
metrica_game_2,prior_absolute_path_m,10,1182,2.82581130197,1.85925148293,4.15742524508
metrica_game_2,prior_attacker_path_m,1,1182,2.80940909056,1.88422752826,4.70417867262
metrica_game_2,prior_attacker_path_m,2,1182,2.80940909056,1.88422752826,4.70417867262
metrica_game_2,prior_attacker_path_m,3,1182,2.80940909056,1.88422752826,4.70417867262
metrica_game_2,prior_attacker_path_m,4,1182,2.80940909056,1.88422752826,4.70417867262
metrica_game_2,prior_attacker_path_m,5,1182,2.80940909056,1.88422752826,4.70417867262
metrica_game_2,prior_attacker_path_m,6,1182,2.80940909056,1.88422752826,4.70417867262
metrica_game_2,prior_attacker_path_m,7,1182,2.80940909056,1.88422752826,4.70417867262
metrica_game_2,prior_attacker_path_m,8,1182,2.80940909056,1.88422752826,4.70417867262
metrica_game_2,prior_attacker_path_m,9,1182,2.80940909056,1.88422752826,4.70417867262
metrica_game_2,prior_attacker_path_m,10,1182,2.80940909056,1.88422752826,4.70417867262
metrica_game_2,prior_defensive_centroid_path_m,1,1182,2.67389174289,1.87303597481,4.43696785263
metrica_game_2,prior_defensive_centroid_path_m,2,1182,2.67389174289,1.87303597481,4.43696785263
metrica_game_2,prior_defensive_centroid_path_m,3,1182,2.67389174289,1.87303597481,4.43696785263
metrica_game_2,prior_defensive_centroid_path_m,4,1182,2.67389174289,1.87303597481,4.43696785263
metrica_game_2,prior_defensive_centroid_path_m,5,1182,2.67389174289,1.87303597481,4.43696785263
metrica_game_2,prior_defensive_centroid_path_m,6,1182,2.67389174289,1.87303597481,4.43696785263
metrica_game_2,prior_defensive_centroid_path_m,7,1182,2.67389174289,1.87303597481,4.43696785263
metrica_game_2,prior_defensive_centroid_path_m,8,1182,2.67389174289,1.87303597481,4.43696785263
metrica_game_2,prior_defensive_centroid_path_m,9,1182,2.67389174289,1.87303597481,4.43696785263
metrica_game_2,prior_defensive_centroid_path_m,10,1182,2.67389174289,1.87303597481,4.43696785263
metrica_game_2,prior_focal_relative_path_m,1,1182,2.05385911111,1.19889091935,3.3568853725
metrica_game_2,prior_focal_relative_path_m,2,1182,2.00937151223,1.20165824949,3.31343546759
metrica_game_2,prior_focal_relative_path_m,3,1182,2.01509979648,1.18765291857,3.18927473952
metrica_game_2,prior_focal_relative_path_m,4,1182,1.93328943322,1.15260834972,3.15429758977
metrica_game_2,prior_focal_relative_path_m,5,1182,1.88755071496,1.1149877528,3.03099096188
metrica_game_2,prior_focal_relative_path_m,6,1182,1.99299843128,1.17864009458,3.16542703935
metrica_game_2,prior_focal_relative_path_m,7,1182,1.94356468017,1.12629062079,3.07140390743
metrica_game_2,prior_focal_relative_path_m,8,1182,1.8709904502,1.14067494737,3.14085669932
metrica_game_2,prior_focal_relative_path_m,9,1182,2.02939777573,1.20570998085,3.274913356
metrica_game_2,prior_focal_relative_path_m,10,1182,2.07312168156,1.24277216348,3.15978410784
metrica_game_2,prior_other_nine_mean_absolute_path_m,1,1182,3.3518685513,2.29486189701,4.92066789099
metrica_game_2,prior_other_nine_mean_absolute_path_m,2,1182,3.34960773664,2.299094122,4.93190460756
metrica_game_2,prior_other_nine_mean_absolute_path_m,3,1182,3.33261003093,2.27401211358,4.93628050021
metrica_game_2,prior_other_nine_mean_absolute_path_m,4,1182,3.34562788857,2.28472307007,4.93628050021
metrica_game_2,prior_other_nine_mean_absolute_path_m,5,1182,3.3553891885,2.29782312468,4.9389798488
metrica_game_2,prior_other_nine_mean_absolute_path_m,6,1182,3.38602059734,2.29635301146,4.97133306898
metrica_game_2,prior_other_nine_mean_absolute_path_m,7,1182,3.34697607459,2.28332683374,4.94482228016
metrica_game_2,prior_other_nine_mean_absolute_path_m,8,1182,3.38694934671,2.32263000181,4.94233658196
metrica_game_2,prior_other_nine_mean_absolute_path_m,9,1182,3.42068608213,2.32650709777,4.95976159535
metrica_game_2,prior_other_nine_mean_absolute_path_m,10,1182,3.43481599432,2.30166167784,4.89741321519
metrica_game_2,prior_terminal_speed_mps,1,1182,1.38916258911,0.938286248013,2.63531703572
metrica_game_2,prior_terminal_speed_mps,2,1182,1.46481203053,0.95997083289,2.64684036157
metrica_game_2,prior_terminal_speed_mps,3,1182,1.53012160195,1.031516505,2.7500436824
metrica_game_2,prior_terminal_speed_mps,4,1182,1.53003071865,1.02968218877,2.73024505555
metrica_game_2,prior_terminal_speed_mps,5,1182,1.52755559078,0.962062442949,2.77586978042
metrica_game_2,prior_terminal_speed_mps,6,1182,1.48557525508,0.942904851605,2.6383925504
metrica_game_2,prior_terminal_speed_mps,7,1182,1.43621293128,0.936051279094,2.60583551675
metrica_game_2,prior_terminal_speed_mps,8,1182,1.39010476341,0.903612387352,2.4319716014
metrica_game_2,prior_terminal_speed_mps,9,1182,1.364606812,0.903190852309,2.44650936285
metrica_game_2,prior_terminal_speed_mps,10,1182,1.41472179604,0.860856029068,2.22349474546
metrica_game_2,unit_depth_span_m,1,1182,31.8594,25.51845,37.9095
metrica_game_2,unit_depth_span_m,2,1182,31.8594,25.51845,37.9095
metrica_game_2,unit_depth_span_m,3,1182,31.8594,25.51845,37.9095
metrica_game_2,unit_depth_span_m,4,1182,31.8594,25.51845,37.9095
metrica_game_2,unit_depth_span_m,5,1182,31.8594,25.51845,37.9095
metrica_game_2,unit_depth_span_m,6,1182,31.8594,25.51845,37.9095
metrica_game_2,unit_depth_span_m,7,1182,31.8594,25.51845,37.9095
metrica_game_2,unit_depth_span_m,8,1182,31.8594,25.51845,37.9095
metrica_game_2,unit_depth_span_m,9,1182,31.8594,25.51845,37.9095
metrica_game_2,unit_depth_span_m,10,1182,31.8594,25.51845,37.9095
metrica_game_2,unit_width_span_m,1,1182,35.3449428571,31.6420514286,40.2671714286
metrica_game_2,unit_width_span_m,2,1182,35.3449428571,31.6420514286,40.2671714286
metrica_game_2,unit_width_span_m,3,1182,35.3449428571,31.6420514286,40.2671714286
metrica_game_2,unit_width_span_m,4,1182,35.3449428571,31.6420514286,40.2671714286
metrica_game_2,unit_width_span_m,5,1182,35.3449428571,31.6420514286,40.2671714286
metrica_game_2,unit_width_span_m,6,1182,35.3449428571,31.6420514286,40.2671714286
metrica_game_2,unit_width_span_m,7,1182,35.3449428571,31.6420514286,40.2671714286
metrica_game_2,unit_width_span_m,8,1182,35.3449428571,31.6420514286,40.2671714286
metrica_game_2,unit_width_span_m,9,1182,35.3449428571,31.6420514286,40.2671714286
metrica_game_2,unit_width_span_m,10,1182,35.3449428571,31.6420514286,40.2671714286
