grid_x_m,grid_y_m,bandwidth_m,support_profile,support_valid,equal_match_local_mean_m
-52,-33.5,5,conservative,False,
-51,-33.5,5,conservative,False,
-50,-33.5,5,conservative,False,
-49,-33.5,5,conservative,False,
-48,-33.5,5,conservative,False,
-47,-33.5,5,conservative,False,
-46,-33.5,5,conservative,False,
-45,-33.5,5,conservative,False,
-44,-33.5,5,conservative,False,
-43,-33.5,5,conservative,False,
-42,-33.5,5,conservative,False,
-41,-33.5,5,conservative,True,0.44977266957
-40,-33.5,5,conservative,True,0.435201504015
-39,-33.5,5,conservative,True,0.414820402232
-38,-33.5,5,conservative,True,0.413457489906
-37,-33.5,5,conservative,True,0.39430343684
-36,-33.5,5,conservative,True,0.390704950733
-35,-33.5,5,conservative,True,0.382502762165
-34,-33.5,5,conservative,True,0.362329228285
-33,-33.5,5,conservative,True,0.341047670342
-32,-33.5,5,conservative,True,0.332585601814
-31,-33.5,5,conservative,True,0.331405112332
-30,-33.5,5,conservative,True,0.328792843889
-29,-33.5,5,conservative,True,0.302554297233
-28,-33.5,5,conservative,True,0.295835256294
-27,-33.5,5,conservative,True,0.285221800803
-26,-33.5,5,conservative,True,0.279226403044
-25,-33.5,5,conservative,True,0.275403192991
-24,-33.5,5,conservative,True,0.268573974469
-23,-33.5,5,conservative,True,0.27809305861
-22,-33.5,5,conservative,True,0.275593094656
-21,-33.5,5,conservative,True,0.287751588801
-20,-33.5,5,conservative,True,0.303205044181
-19,-33.5,5,conservative,True,0.302413353588
-18,-33.5,5,conservative,True,0.309733663908
-17,-33.5,5,conservative,True,0.314790640469
-16,-33.5,5,conservative,True,0.31787107491
-15,-33.5,5,conservative,True,0.320202642661
-14,-33.5,5,conservative,True,0.306565870906
-13,-33.5,5,conservative,True,0.290324078961
-12,-33.5,5,conservative,True,0.278081405777
-11,-33.5,5,conservative,True,0.261423406677
-10,-33.5,5,conservative,True,0.248074317911
-9,-33.5,5,conservative,True,0.226911170873
-8,-33.5,5,conservative,True,0.210575400616
-7,-33.5,5,conservative,True,0.201396190544
-6,-33.5,5,conservative,True,0.196625477262
-5,-33.5,5,conservative,True,0.191369795934
-4,-33.5,5,conservative,True,0.187300226744
-3,-33.5,5,conservative,True,0.183780136194
-2,-33.5,5,conservative,True,0.175646036984
-1,-33.5,5,conservative,True,0.170224999991
0,-33.5,5,conservative,True,0.161740093935
1,-33.5,5,conservative,True,0.154009088887
2,-33.5,5,conservative,True,0.147033156576
3,-33.5,5,conservative,True,0.140464960859
4,-33.5,5,conservative,True,0.13260424203
5,-33.5,5,conservative,True,0.130185814674
6,-33.5,5,conservative,True,0.127299604835
7,-33.5,5,conservative,True,0.124520267651
8,-33.5,5,conservative,True,0.133207907188
9,-33.5,5,conservative,True,0.141839583492
10,-33.5,5,conservative,True,0.154299334717
11,-33.5,5,conservative,True,0.169120552992
12,-33.5,5,conservative,True,0.196963394162
13,-33.5,5,conservative,True,0.215835409312
14,-33.5,5,conservative,True,0.229149983829
15,-33.5,5,conservative,True,0.253368718523
16,-33.5,5,conservative,True,0.281511961423
17,-33.5,5,conservative,True,0.305280441578
18,-33.5,5,conservative,True,0.329835589104
19,-33.5,5,conservative,True,0.344103364601
20,-33.5,5,conservative,True,0.352873317462
21,-33.5,5,conservative,True,0.367135209471
22,-33.5,5,conservative,True,0.393022586201
23,-33.5,5,conservative,True,0.398499452226
24,-33.5,5,conservative,True,0.41510892411
25,-33.5,5,conservative,True,0.413637617837
26,-33.5,5,conservative,True,0.411996423707
27,-33.5,5,conservative,True,0.422815797237
28,-33.5,5,conservative,True,0.437096330866
29,-33.5,5,conservative,True,0.436741093478
30,-33.5,5,conservative,True,0.438819785554
31,-33.5,5,conservative,True,0.448795826142
32,-33.5,5,conservative,True,0.460323520715
33,-33.5,5,conservative,False,
34,-33.5,5,conservative,False,
35,-33.5,5,conservative,False,
36,-33.5,5,conservative,False,
37,-33.5,5,conservative,False,
38,-33.5,5,conservative,False,
39,-33.5,5,conservative,False,
40,-33.5,5,conservative,False,
41,-33.5,5,conservative,False,
42,-33.5,5,conservative,False,
43,-33.5,5,conservative,False,
44,-33.5,5,conservative,False,
45,-33.5,5,conservative,False,
46,-33.5,5,conservative,False,
47,-33.5,5,conservative,False,
48,-33.5,5,conservative,False,
49,-33.5,5,conservative,False,
50,-33.5,5,conservative,False,
51,-33.5,5,conservative,False,
52,-33.5,5,conservative,False,
-52,-32.5,5,conservative,False,
-51,-32.5,5,conservative,False,
-50,-32.5,5,conservative,False,
-49,-32.5,5,conservative,False,
-48,-32.5,5,conservative,False,
-47,-32.5,5,conservative,False,
-46,-32.5,5,conservative,False,
-45,-32.5,5,conservative,False,
-44,-32.5,5,conservative,False,
-43,-32.5,5,conservative,False,
-42,-32.5,5,conservative,False,
-41,-32.5,5,conservative,True,0.437121502799
-40,-32.5,5,conservative,True,0.411398589521
-39,-32.5,5,conservative,True,0.399179996252
-38,-32.5,5,conservative,True,0.398925848023
-37,-32.5,5,conservative,True,0.382029447535
-36,-32.5,5,conservative,True,0.379835051685
-35,-32.5,5,conservative,True,0.36268326931
-34,-32.5,5,conservative,True,0.35414623659
-33,-32.5,5,conservative,True,0.337683111786
-32,-32.5,5,conservative,True,0.328376602708
-31,-32.5,5,conservative,True,0.321413640895
-30,-32.5,5,conservative,True,0.310481429681
-29,-32.5,5,conservative,True,0.301563640607
-28,-32.5,5,conservative,True,0.28889850573
-27,-32.5,5,conservative,True,0.284246769275
-26,-32.5,5,conservative,True,0.273578286319
-25,-32.5,5,conservative,True,0.271670759947
-24,-32.5,5,conservative,True,0.273663651113
-23,-32.5,5,conservative,True,0.275585411951
-22,-32.5,5,conservative,True,0.285894444082
-21,-32.5,5,conservative,True,0.288152983798
-20,-32.5,5,conservative,True,0.297883017437
-19,-32.5,5,conservative,True,0.301427380401
-18,-32.5,5,conservative,True,0.303511823963
-17,-32.5,5,conservative,True,0.310878631527
-16,-32.5,5,conservative,True,0.309432242532
-15,-32.5,5,conservative,True,0.303828985468
-14,-32.5,5,conservative,True,0.296729206935
-13,-32.5,5,conservative,True,0.287894807472
-12,-32.5,5,conservative,True,0.273094226091
-11,-32.5,5,conservative,True,0.255911859032
-10,-32.5,5,conservative,True,0.244179523672
-9,-32.5,5,conservative,True,0.225287003056
-8,-32.5,5,conservative,True,0.207204230911
-7,-32.5,5,conservative,True,0.199287816516
-6,-32.5,5,conservative,True,0.192904293909
-5,-32.5,5,conservative,True,0.189169890114
-4,-32.5,5,conservative,True,0.184147449906
-3,-32.5,5,conservative,True,0.174483580804
-2,-32.5,5,conservative,True,0.170925700285
-1,-32.5,5,conservative,True,0.161460602646
0,-32.5,5,conservative,True,0.152170959776
1,-32.5,5,conservative,True,0.146117061408
2,-32.5,5,conservative,True,0.143536433762
3,-32.5,5,conservative,True,0.135770035535
4,-32.5,5,conservative,True,0.130716035011
5,-32.5,5,conservative,True,0.128661124066
6,-32.5,5,conservative,True,0.126399280631
7,-32.5,5,conservative,True,0.124197344051
8,-32.5,5,conservative,True,0.130930287257
9,-32.5,5,conservative,True,0.139903271981
10,-32.5,5,conservative,True,0.151427809533
11,-32.5,5,conservative,True,0.165557394969
12,-32.5,5,conservative,True,0.188422168843
13,-32.5,5,conservative,True,0.206811639504
14,-32.5,5,conservative,True,0.226170322816
15,-32.5,5,conservative,True,0.248771066928
16,-32.5,5,conservative,True,0.274702935049
17,-32.5,5,conservative,True,0.299570439679
18,-32.5,5,conservative,True,0.320180280687
19,-32.5,5,conservative,True,0.334946977842
20,-32.5,5,conservative,True,0.351123941301
21,-32.5,5,conservative,True,0.361968042708
22,-32.5,5,conservative,True,0.37254839383
23,-32.5,5,conservative,True,0.389091223274
24,-32.5,5,conservative,True,0.39664389557
25,-32.5,5,conservative,True,0.393106308883
26,-32.5,5,conservative,True,0.397958921406
27,-32.5,5,conservative,True,0.404288531325
28,-32.5,5,conservative,True,0.411204702141
29,-32.5,5,conservative,True,0.418608393752
30,-32.5,5,conservative,True,0.415072356198
31,-32.5,5,conservative,True,0.418717757495
32,-32.5,5,conservative,True,0.430567361289
33,-32.5,5,conservative,True,0.438709421835
34,-32.5,5,conservative,False,
35,-32.5,5,conservative,False,
36,-32.5,5,conservative,False,
37,-32.5,5,conservative,False,
38,-32.5,5,conservative,False,
39,-32.5,5,conservative,False,
40,-32.5,5,conservative,False,
41,-32.5,5,conservative,False,
42,-32.5,5,conservative,False,
43,-32.5,5,conservative,False,
44,-32.5,5,conservative,False,
45,-32.5,5,conservative,False,
46,-32.5,5,conservative,False,
47,-32.5,5,conservative,False,
48,-32.5,5,conservative,False,
49,-32.5,5,conservative,False,
50,-32.5,5,conservative,False,
51,-32.5,5,conservative,False,
52,-32.5,5,conservative,False,
-52,-31.5,5,conservative,False,
-51,-31.5,5,conservative,False,
-50,-31.5,5,conservative,False,
-49,-31.5,5,conservative,False,
-48,-31.5,5,conservative,False,
-47,-31.5,5,conservative,False,
-46,-31.5,5,conservative,False,
-45,-31.5,5,conservative,False,
-44,-31.5,5,conservative,False,
-43,-31.5,5,conservative,False,
-42,-31.5,5,conservative,True,0.455944934643
-41,-31.5,5,conservative,True,0.432809910653
-40,-31.5,5,conservative,True,0.411894288901
-39,-31.5,5,conservative,True,0.390240187917
-38,-31.5,5,conservative,True,0.381919587427
-37,-31.5,5,conservative,True,0.375086057994
-36,-31.5,5,conservative,True,0.3617650656
-35,-31.5,5,conservative,True,0.35158446872
-34,-31.5,5,conservative,True,0.341643346778
-33,-31.5,5,conservative,True,0.334750747432
-32,-31.5,5,conservative,True,0.322573238094
-31,-31.5,5,conservative,True,0.311829102655
-30,-31.5,5,conservative,True,0.305505010593
-29,-31.5,5,conservative,True,0.296297375325
-28,-31.5,5,conservative,True,0.285756900046
-27,-31.5,5,conservative,True,0.278883964783
-26,-31.5,5,conservative,True,0.269984113513
-25,-31.5,5,conservative,True,0.277073922657
-24,-31.5,5,conservative,True,0.27418299211
-23,-31.5,5,conservative,True,0.277807566289
-22,-31.5,5,conservative,True,0.285347982537
-21,-31.5,5,conservative,True,0.288795993883
-20,-31.5,5,conservative,True,0.292264419563
-19,-31.5,5,conservative,True,0.297940055222
-18,-31.5,5,conservative,True,0.301767751379
-17,-31.5,5,conservative,True,0.301703681834
-16,-31.5,5,conservative,True,0.298318214696
-15,-31.5,5,conservative,True,0.294600329245
-14,-31.5,5,conservative,True,0.289379163041
-13,-31.5,5,conservative,True,0.284121183588
-12,-31.5,5,conservative,True,0.269199028192
-11,-31.5,5,conservative,True,0.254382902082
-10,-31.5,5,conservative,True,0.238463394206
-9,-31.5,5,conservative,True,0.223421915005
-8,-31.5,5,conservative,True,0.207572840552
-7,-31.5,5,conservative,True,0.198912203848
-6,-31.5,5,conservative,True,0.191252771487
-5,-31.5,5,conservative,True,0.188352393276
-4,-31.5,5,conservative,True,0.179810054402
-3,-31.5,5,conservative,True,0.172531536809
-2,-31.5,5,conservative,True,0.163711002962
-1,-31.5,5,conservative,True,0.159694512826
0,-31.5,5,conservative,True,0.151186027484
1,-31.5,5,conservative,True,0.146654743606
2,-31.5,5,conservative,True,0.138106229874
3,-31.5,5,conservative,True,0.132341688041
4,-31.5,5,conservative,True,0.131491359104
5,-31.5,5,conservative,True,0.129699641775
6,-31.5,5,conservative,True,0.125043537497
7,-31.5,5,conservative,True,0.125730355179
8,-31.5,5,conservative,True,0.13392090523
9,-31.5,5,conservative,True,0.138982318545
10,-31.5,5,conservative,True,0.15048975474
11,-31.5,5,conservative,True,0.165179376177
12,-31.5,5,conservative,True,0.181627193485
13,-31.5,5,conservative,True,0.200563214292
14,-31.5,5,conservative,True,0.220616942237
15,-31.5,5,conservative,True,0.24120142349
16,-31.5,5,conservative,True,0.26305161105
17,-31.5,5,conservative,True,0.289262630116
18,-31.5,5,conservative,True,0.307327564172
19,-31.5,5,conservative,True,0.32615409139
20,-31.5,5,conservative,True,0.333308011257
21,-31.5,5,conservative,True,0.346500403442
22,-31.5,5,conservative,True,0.356953780042
23,-31.5,5,conservative,True,0.370897211007
24,-31.5,5,conservative,True,0.377529405803
25,-31.5,5,conservative,True,0.375182415653
26,-31.5,5,conservative,True,0.381068330069
27,-31.5,5,conservative,True,0.383669135976
28,-31.5,5,conservative,True,0.390621651379
29,-31.5,5,conservative,True,0.39976576955
30,-31.5,5,conservative,True,0.394458309996
31,-31.5,5,conservative,True,0.405554690252
32,-31.5,5,conservative,True,0.411925554241
33,-31.5,5,conservative,True,0.417287810227
34,-31.5,5,conservative,True,0.421392077214
35,-31.5,5,conservative,False,
36,-31.5,5,conservative,False,
37,-31.5,5,conservative,False,
38,-31.5,5,conservative,False,
39,-31.5,5,conservative,False,
40,-31.5,5,conservative,False,
41,-31.5,5,conservative,False,
42,-31.5,5,conservative,False,
43,-31.5,5,conservative,False,
44,-31.5,5,conservative,False,
45,-31.5,5,conservative,False,
46,-31.5,5,conservative,False,
47,-31.5,5,conservative,False,
48,-31.5,5,conservative,False,
49,-31.5,5,conservative,False,
50,-31.5,5,conservative,False,
51,-31.5,5,conservative,False,
52,-31.5,5,conservative,False,
-52,-30.5,5,conservative,False,
-51,-30.5,5,conservative,False,
-50,-30.5,5,conservative,False,
-49,-30.5,5,conservative,False,
-48,-30.5,5,conservative,False,
-47,-30.5,5,conservative,False,
-46,-30.5,5,conservative,False,
-45,-30.5,5,conservative,False,
-44,-30.5,5,conservative,False,
-43,-30.5,5,conservative,False,
-42,-30.5,5,conservative,True,0.43484317541
-41,-30.5,5,conservative,True,0.416947549271
-40,-30.5,5,conservative,True,0.396476900863
-39,-30.5,5,conservative,True,0.384242295757
-38,-30.5,5,conservative,True,0.373927567127
-37,-30.5,5,conservative,True,0.363172399594
-36,-30.5,5,conservative,True,0.357322418243
-35,-30.5,5,conservative,True,0.335449587289
-34,-30.5,5,conservative,True,0.319793329086
-33,-30.5,5,conservative,True,0.31442169668
-32,-30.5,5,conservative,True,0.306387970161
-31,-30.5,5,conservative,True,0.299872476982
-30,-30.5,5,conservative,True,0.293967114427
-29,-30.5,5,conservative,True,0.28640469856
-28,-30.5,5,conservative,True,0.276480642787
-27,-30.5,5,conservative,True,0.264398057718
-26,-30.5,5,conservative,True,0.265192565969
-25,-30.5,5,conservative,True,0.268221201425
-24,-30.5,5,conservative,True,0.271903354731
-23,-30.5,5,conservative,True,0.27776788554
-22,-30.5,5,conservative,True,0.281891258947
-21,-30.5,5,conservative,True,0.287561047849
-20,-30.5,5,conservative,True,0.288272682376
-19,-30.5,5,conservative,True,0.292784307902
-18,-30.5,5,conservative,True,0.296328108174
-17,-30.5,5,conservative,True,0.299372872323
-16,-30.5,5,conservative,True,0.29800369546
-15,-30.5,5,conservative,True,0.292324213795
-14,-30.5,5,conservative,True,0.283888373948
-13,-30.5,5,conservative,True,0.276578456316
-12,-30.5,5,conservative,True,0.265045204881
-11,-30.5,5,conservative,True,0.248963641028
-10,-30.5,5,conservative,True,0.231205396416
-9,-30.5,5,conservative,True,0.218480730199
-8,-30.5,5,conservative,True,0.2057773634
-7,-30.5,5,conservative,True,0.195799584145
-6,-30.5,5,conservative,True,0.189020140019
-5,-30.5,5,conservative,True,0.180996871088
-4,-30.5,5,conservative,True,0.175578273225
-3,-30.5,5,conservative,True,0.166071036222
-2,-30.5,5,conservative,True,0.158552188889
-1,-30.5,5,conservative,True,0.151880895758
0,-30.5,5,conservative,True,0.147010785938
1,-30.5,5,conservative,True,0.140041635329
2,-30.5,5,conservative,True,0.133310450955
3,-30.5,5,conservative,True,0.129493576096
4,-30.5,5,conservative,True,0.124048294041
5,-30.5,5,conservative,True,0.125586048926
6,-30.5,5,conservative,True,0.123337345515
7,-30.5,5,conservative,True,0.124909659505
8,-30.5,5,conservative,True,0.129756798352
9,-30.5,5,conservative,True,0.136860481586
10,-30.5,5,conservative,True,0.148915342487
11,-30.5,5,conservative,True,0.162365688124
12,-30.5,5,conservative,True,0.180045406903
13,-30.5,5,conservative,True,0.197173900427
14,-30.5,5,conservative,True,0.215434188135
15,-30.5,5,conservative,True,0.233622546073
16,-30.5,5,conservative,True,0.253876760268
17,-30.5,5,conservative,True,0.274836175555
18,-30.5,5,conservative,True,0.292843471301
19,-30.5,5,conservative,True,0.305753078723
20,-30.5,5,conservative,True,0.32310894112
21,-30.5,5,conservative,True,0.333475610934
22,-30.5,5,conservative,True,0.345489043186
23,-30.5,5,conservative,True,0.352236579473
24,-30.5,5,conservative,True,0.357518648668
25,-30.5,5,conservative,True,0.35996295871
26,-30.5,5,conservative,True,0.366334318318
27,-30.5,5,conservative,True,0.362414573561
28,-30.5,5,conservative,True,0.370800519334
29,-30.5,5,conservative,True,0.376624372392
30,-30.5,5,conservative,True,0.374579858382
31,-30.5,5,conservative,True,0.382279675428
32,-30.5,5,conservative,True,0.392121900593
33,-30.5,5,conservative,True,0.394352985762
34,-30.5,5,conservative,True,0.398874733012
35,-30.5,5,conservative,True,0.409776729183
36,-30.5,5,conservative,True,0.418753600575
37,-30.5,5,conservative,False,
38,-30.5,5,conservative,False,
39,-30.5,5,conservative,False,
40,-30.5,5,conservative,False,
41,-30.5,5,conservative,False,
42,-30.5,5,conservative,False,
43,-30.5,5,conservative,False,
44,-30.5,5,conservative,False,
45,-30.5,5,conservative,False,
46,-30.5,5,conservative,False,
47,-30.5,5,conservative,False,
48,-30.5,5,conservative,False,
49,-30.5,5,conservative,False,
50,-30.5,5,conservative,False,
51,-30.5,5,conservative,False,
52,-30.5,5,conservative,False,
-52,-29.5,5,conservative,False,
-51,-29.5,5,conservative,False,
-50,-29.5,5,conservative,False,
-49,-29.5,5,conservative,False,
-48,-29.5,5,conservative,False,
-47,-29.5,5,conservative,False,
-46,-29.5,5,conservative,False,
-45,-29.5,5,conservative,False,
-44,-29.5,5,conservative,False,
-43,-29.5,5,conservative,True,0.436018471699
-42,-29.5,5,conservative,True,0.425692052709
-41,-29.5,5,conservative,True,0.400598648048
-40,-29.5,5,conservative,True,0.379870333056
-39,-29.5,5,conservative,True,0.375431241915
-38,-29.5,5,conservative,True,0.372991323678
-37,-29.5,5,conservative,True,0.360193155512
-36,-29.5,5,conservative,True,0.342220225809
-35,-29.5,5,conservative,True,0.321905474215
-34,-29.5,5,conservative,True,0.308916560554
-33,-29.5,5,conservative,True,0.295708863599
-32,-29.5,5,conservative,True,0.294563868081
-31,-29.5,5,conservative,True,0.287360260028
-30,-29.5,5,conservative,True,0.283696094087
-29,-29.5,5,conservative,True,0.276162713343
-28,-29.5,5,conservative,True,0.271747896703
-27,-29.5,5,conservative,True,0.266270100006
-26,-29.5,5,conservative,True,0.25650546893
-25,-29.5,5,conservative,True,0.258797340947
-24,-29.5,5,conservative,True,0.272159354807
-23,-29.5,5,conservative,True,0.276123885139
-22,-29.5,5,conservative,True,0.279800841511
-21,-29.5,5,conservative,True,0.284491953999
-20,-29.5,5,conservative,True,0.284656361824
-19,-29.5,5,conservative,True,0.288411333311
-18,-29.5,5,conservative,True,0.296961318043
-17,-29.5,5,conservative,True,0.298082652154
-16,-29.5,5,conservative,True,0.294904913592
-15,-29.5,5,conservative,True,0.291551990719
-14,-29.5,5,conservative,True,0.283583552156
-13,-29.5,5,conservative,True,0.268112876175
-12,-29.5,5,conservative,True,0.254727841152
-11,-29.5,5,conservative,True,0.242205574935
-10,-29.5,5,conservative,True,0.2326806509
-9,-29.5,5,conservative,True,0.21641298964
-8,-29.5,5,conservative,True,0.20446463806
-7,-29.5,5,conservative,True,0.191596308768
-6,-29.5,5,conservative,True,0.184520137689
-5,-29.5,5,conservative,True,0.173628179399
-4,-29.5,5,conservative,True,0.169056772876
-3,-29.5,5,conservative,True,0.158782479378
-2,-29.5,5,conservative,True,0.153729839946
-1,-29.5,5,conservative,True,0.145370407294
0,-29.5,5,conservative,True,0.139224632649
1,-29.5,5,conservative,True,0.133485004882
2,-29.5,5,conservative,True,0.129415627094
3,-29.5,5,conservative,True,0.124764999116
4,-29.5,5,conservative,True,0.1228753969
5,-29.5,5,conservative,True,0.118990986801
6,-29.5,5,conservative,True,0.119046514181
7,-29.5,5,conservative,True,0.122383099016
8,-29.5,5,conservative,True,0.127566467216
9,-29.5,5,conservative,True,0.132389115314
10,-29.5,5,conservative,True,0.144436086079
11,-29.5,5,conservative,True,0.159110910565
12,-29.5,5,conservative,True,0.173017266656
13,-29.5,5,conservative,True,0.190488316773
14,-29.5,5,conservative,True,0.208920578974
15,-29.5,5,conservative,True,0.226916840124
16,-29.5,5,conservative,True,0.245607254378
17,-29.5,5,conservative,True,0.262468326042
18,-29.5,5,conservative,True,0.280249779819
19,-29.5,5,conservative,True,0.294144510845
20,-29.5,5,conservative,True,0.309247021852
21,-29.5,5,conservative,True,0.319478208858
22,-29.5,5,conservative,True,0.324286716753
23,-29.5,5,conservative,True,0.331413022226
24,-29.5,5,conservative,True,0.340653349377
25,-29.5,5,conservative,True,0.337201731824
26,-29.5,5,conservative,True,0.341072751797
27,-29.5,5,conservative,True,0.346566679495
28,-29.5,5,conservative,True,0.347015359604
29,-29.5,5,conservative,True,0.352519403345
30,-29.5,5,conservative,True,0.350439100608
31,-29.5,5,conservative,True,0.353997845362
32,-29.5,5,conservative,True,0.364425396414
33,-29.5,5,conservative,True,0.373373741079
34,-29.5,5,conservative,True,0.375298103638
35,-29.5,5,conservative,True,0.381284342316
36,-29.5,5,conservative,True,0.387829539521
37,-29.5,5,conservative,True,0.40027355828
38,-29.5,5,conservative,False,
39,-29.5,5,conservative,False,
40,-29.5,5,conservative,False,
41,-29.5,5,conservative,False,
42,-29.5,5,conservative,False,
43,-29.5,5,conservative,False,
44,-29.5,5,conservative,False,
45,-29.5,5,conservative,False,
46,-29.5,5,conservative,False,
47,-29.5,5,conservative,False,
48,-29.5,5,conservative,False,
49,-29.5,5,conservative,False,
50,-29.5,5,conservative,False,
51,-29.5,5,conservative,False,
52,-29.5,5,conservative,False,
-52,-28.5,5,conservative,False,
-51,-28.5,5,conservative,False,
-50,-28.5,5,conservative,False,
-49,-28.5,5,conservative,False,
-48,-28.5,5,conservative,False,
-47,-28.5,5,conservative,False,
-46,-28.5,5,conservative,False,
-45,-28.5,5,conservative,False,
-44,-28.5,5,conservative,False,
-43,-28.5,5,conservative,True,0.430557448983
-42,-28.5,5,conservative,True,0.411125410823
-41,-28.5,5,conservative,True,0.389446723637
-40,-28.5,5,conservative,True,0.37302988363
-39,-28.5,5,conservative,True,0.373661377084
-38,-28.5,5,conservative,True,0.353601966745
-37,-28.5,5,conservative,True,0.340166205027
-36,-28.5,5,conservative,True,0.321857970697
-35,-28.5,5,conservative,True,0.302439320066
-34,-28.5,5,conservative,True,0.29421529087
-33,-28.5,5,conservative,True,0.285820098957
-32,-28.5,5,conservative,True,0.279417472609
-31,-28.5,5,conservative,True,0.278757983924
-30,-28.5,5,conservative,True,0.274913201941
-29,-28.5,5,conservative,True,0.270633279589
-28,-28.5,5,conservative,True,0.266077712173
-27,-28.5,5,conservative,True,0.262229469869
-26,-28.5,5,conservative,True,0.256732418104
-25,-28.5,5,conservative,True,0.257035740724
-24,-28.5,5,conservative,True,0.263608874564
-23,-28.5,5,conservative,True,0.272878092983
-22,-28.5,5,conservative,True,0.272320738798
-21,-28.5,5,conservative,True,0.281527665278
-20,-28.5,5,conservative,True,0.285193293303
-19,-28.5,5,conservative,True,0.28793970374
-18,-28.5,5,conservative,True,0.294946570338
-17,-28.5,5,conservative,True,0.292665175854
-16,-28.5,5,conservative,True,0.293152079358
-15,-28.5,5,conservative,True,0.28634192424
-14,-28.5,5,conservative,True,0.277940554843
-13,-28.5,5,conservative,True,0.257788467454
-12,-28.5,5,conservative,True,0.245897619247
-11,-28.5,5,conservative,True,0.236781757741
-10,-28.5,5,conservative,True,0.225546960562
-9,-28.5,5,conservative,True,0.21321260374
-8,-28.5,5,conservative,True,0.203245915302
-7,-28.5,5,conservative,True,0.189258942735
-6,-28.5,5,conservative,True,0.179407331251
-5,-28.5,5,conservative,True,0.172809151294
-4,-28.5,5,conservative,True,0.164062314966
-3,-28.5,5,conservative,True,0.15658702099
-2,-28.5,5,conservative,True,0.147991633695
-1,-28.5,5,conservative,True,0.138452970016
0,-28.5,5,conservative,True,0.135667974824
1,-28.5,5,conservative,True,0.129753176851
2,-28.5,5,conservative,True,0.12397554205
3,-28.5,5,conservative,True,0.121187948037
4,-28.5,5,conservative,True,0.118867781251
5,-28.5,5,conservative,True,0.116701242376
6,-28.5,5,conservative,True,0.119028419425
7,-28.5,5,conservative,True,0.120022313291
8,-28.5,5,conservative,True,0.123269259456
9,-28.5,5,conservative,True,0.128459069432
10,-28.5,5,conservative,True,0.141310322679
11,-28.5,5,conservative,True,0.15586769195
12,-28.5,5,conservative,True,0.165018579358
13,-28.5,5,conservative,True,0.182006395427
14,-28.5,5,conservative,True,0.199878827583
15,-28.5,5,conservative,True,0.218942089622
16,-28.5,5,conservative,True,0.236966841732
17,-28.5,5,conservative,True,0.251386472139
18,-28.5,5,conservative,True,0.265677803035
19,-28.5,5,conservative,True,0.280298635359
20,-28.5,5,conservative,True,0.29098847604
21,-28.5,5,conservative,True,0.296071377892
22,-28.5,5,conservative,True,0.300471295666
23,-28.5,5,conservative,True,0.304896254772
24,-28.5,5,conservative,True,0.322534094021
25,-28.5,5,conservative,True,0.325688718064
26,-28.5,5,conservative,True,0.327317582459
27,-28.5,5,conservative,True,0.325834778401
28,-28.5,5,conservative,True,0.325523200064
29,-28.5,5,conservative,True,0.329967945125
30,-28.5,5,conservative,True,0.333557187065
31,-28.5,5,conservative,True,0.329532848359
32,-28.5,5,conservative,True,0.332822894643
33,-28.5,5,conservative,True,0.346255489323
34,-28.5,5,conservative,True,0.354016333633
35,-28.5,5,conservative,True,0.356999212011
36,-28.5,5,conservative,True,0.361833253278
37,-28.5,5,conservative,True,0.371931387717
38,-28.5,5,conservative,True,0.376937515413
39,-28.5,5,conservative,False,
40,-28.5,5,conservative,False,
41,-28.5,5,conservative,False,
42,-28.5,5,conservative,False,
43,-28.5,5,conservative,False,
44,-28.5,5,conservative,False,
45,-28.5,5,conservative,False,
46,-28.5,5,conservative,False,
47,-28.5,5,conservative,False,
48,-28.5,5,conservative,False,
49,-28.5,5,conservative,False,
50,-28.5,5,conservative,False,
51,-28.5,5,conservative,False,
52,-28.5,5,conservative,False,
-52,-27.5,5,conservative,False,
-51,-27.5,5,conservative,False,
-50,-27.5,5,conservative,False,
-49,-27.5,5,conservative,False,
-48,-27.5,5,conservative,False,
-47,-27.5,5,conservative,False,
-46,-27.5,5,conservative,False,
-45,-27.5,5,conservative,False,
-44,-27.5,5,conservative,True,0.431160389515
-43,-27.5,5,conservative,True,0.405595515613
-42,-27.5,5,conservative,True,0.383586795547
-41,-27.5,5,conservative,True,0.376662577149
-40,-27.5,5,conservative,True,0.375968954093
-39,-27.5,5,conservative,True,0.36797422829
-38,-27.5,5,conservative,True,0.35175192246
-37,-27.5,5,conservative,True,0.335485526484
-36,-27.5,5,conservative,True,0.315641862584
-35,-27.5,5,conservative,True,0.29918172839
-34,-27.5,5,conservative,True,0.293272239381
-33,-27.5,5,conservative,True,0.282738151633
-32,-27.5,5,conservative,True,0.281908385621
-31,-27.5,5,conservative,True,0.275523595583
-30,-27.5,5,conservative,True,0.27170863467
-29,-27.5,5,conservative,True,0.264002385168
-28,-27.5,5,conservative,True,0.259488146405
-27,-27.5,5,conservative,True,0.258313948595
-26,-27.5,5,conservative,True,0.259990173063
-25,-27.5,5,conservative,True,0.263520293541
-24,-27.5,5,conservative,True,0.266323528631
-23,-27.5,5,conservative,True,0.266435105732
-22,-27.5,5,conservative,True,0.27364425181
-21,-27.5,5,conservative,True,0.278619006976
-20,-27.5,5,conservative,True,0.285767692494
-19,-27.5,5,conservative,True,0.286805331475
-18,-27.5,5,conservative,True,0.289505375353
-17,-27.5,5,conservative,True,0.289583999056
-16,-27.5,5,conservative,True,0.284924412199
-15,-27.5,5,conservative,True,0.278497912645
-14,-27.5,5,conservative,True,0.267004185185
-13,-27.5,5,conservative,True,0.254925118845
-12,-27.5,5,conservative,True,0.241285766122
-11,-27.5,5,conservative,True,0.228055156922
-10,-27.5,5,conservative,True,0.217993412601
-9,-27.5,5,conservative,True,0.207479313184
-8,-27.5,5,conservative,True,0.197361357302
-7,-27.5,5,conservative,True,0.185569486912
-6,-27.5,5,conservative,True,0.176604544203
-5,-27.5,5,conservative,True,0.168789912343
-4,-27.5,5,conservative,True,0.15994694824
-3,-27.5,5,conservative,True,0.150855223304
-2,-27.5,5,conservative,True,0.145701125369
-1,-27.5,5,conservative,True,0.138151938752
0,-27.5,5,conservative,True,0.13076119102
1,-27.5,5,conservative,True,0.128164070472
2,-27.5,5,conservative,True,0.121847716637
3,-27.5,5,conservative,True,0.120496326921
4,-27.5,5,conservative,True,0.116921799156
5,-27.5,5,conservative,True,0.115058855986
6,-27.5,5,conservative,True,0.115640297512
7,-27.5,5,conservative,True,0.116951644762
8,-27.5,5,conservative,True,0.123267390905
9,-27.5,5,conservative,True,0.128531127693
10,-27.5,5,conservative,True,0.140335985535
11,-27.5,5,conservative,True,0.150277132823
12,-27.5,5,conservative,True,0.163479190208
13,-27.5,5,conservative,True,0.176496707653
14,-27.5,5,conservative,True,0.190791458372
15,-27.5,5,conservative,True,0.210147708733
16,-27.5,5,conservative,True,0.223174549073
17,-27.5,5,conservative,True,0.235486351209
18,-27.5,5,conservative,True,0.250309966418
19,-27.5,5,conservative,True,0.265248076398
20,-27.5,5,conservative,True,0.271612092037
21,-27.5,5,conservative,True,0.278535559961
22,-27.5,5,conservative,True,0.282633473362
23,-27.5,5,conservative,True,0.287222674276
24,-27.5,5,conservative,True,0.295177283056
25,-27.5,5,conservative,True,0.304039452702
26,-27.5,5,conservative,True,0.305599414781
27,-27.5,5,conservative,True,0.302501283642
28,-27.5,5,conservative,True,0.302786613483
29,-27.5,5,conservative,True,0.303742530528
30,-27.5,5,conservative,True,0.306712416713
31,-27.5,5,conservative,True,0.306303116138
32,-27.5,5,conservative,True,0.309892338196
33,-27.5,5,conservative,True,0.318836791739
34,-27.5,5,conservative,True,0.333272571345
35,-27.5,5,conservative,True,0.34025778749
36,-27.5,5,conservative,True,0.347966891685
37,-27.5,5,conservative,True,0.351321299056
38,-27.5,5,conservative,True,0.354467165948
39,-27.5,5,conservative,False,
40,-27.5,5,conservative,False,
41,-27.5,5,conservative,False,
42,-27.5,5,conservative,False,
43,-27.5,5,conservative,False,
44,-27.5,5,conservative,False,
45,-27.5,5,conservative,False,
46,-27.5,5,conservative,False,
47,-27.5,5,conservative,False,
48,-27.5,5,conservative,False,
49,-27.5,5,conservative,False,
50,-27.5,5,conservative,False,
51,-27.5,5,conservative,False,
52,-27.5,5,conservative,False,
-52,-26.5,5,conservative,False,
-51,-26.5,5,conservative,False,
-50,-26.5,5,conservative,False,
-49,-26.5,5,conservative,False,
-48,-26.5,5,conservative,False,
-47,-26.5,5,conservative,False,
-46,-26.5,5,conservative,False,
-45,-26.5,5,conservative,True,0.416100425976
-44,-26.5,5,conservative,True,0.399149805988
-43,-26.5,5,conservative,True,0.374804365347
-42,-26.5,5,conservative,True,0.371504974136
-41,-26.5,5,conservative,True,0.360947326373
-40,-26.5,5,conservative,True,0.362545504848
-39,-26.5,5,conservative,True,0.355887104304
-38,-26.5,5,conservative,True,0.341811671379
-37,-26.5,5,conservative,True,0.324300250215
-36,-26.5,5,conservative,True,0.30594429812
-35,-26.5,5,conservative,True,0.291364188105
-34,-26.5,5,conservative,True,0.28433504037
-33,-26.5,5,conservative,True,0.279762261749
-32,-26.5,5,conservative,True,0.277762337544
-31,-26.5,5,conservative,True,0.271803262982
-30,-26.5,5,conservative,True,0.262808794014
-29,-26.5,5,conservative,True,0.259865728509
-28,-26.5,5,conservative,True,0.25772855433
-27,-26.5,5,conservative,True,0.257590063466
-26,-26.5,5,conservative,True,0.259167976891
-25,-26.5,5,conservative,True,0.260790138568
-24,-26.5,5,conservative,True,0.264112954406
-23,-26.5,5,conservative,True,0.268110550236
-22,-26.5,5,conservative,True,0.272017436217
-21,-26.5,5,conservative,True,0.273827894491
-20,-26.5,5,conservative,True,0.27623868753
-19,-26.5,5,conservative,True,0.281424286922
-18,-26.5,5,conservative,True,0.284994706125
-17,-26.5,5,conservative,True,0.283454915312
-16,-26.5,5,conservative,True,0.280884461517
-15,-26.5,5,conservative,True,0.270115643218
-14,-26.5,5,conservative,True,0.258737182907
-13,-26.5,5,conservative,True,0.244350828924
-12,-26.5,5,conservative,True,0.233676128385
-11,-26.5,5,conservative,True,0.221454097873
-10,-26.5,5,conservative,True,0.214343153301
-9,-26.5,5,conservative,True,0.201299496405
-8,-26.5,5,conservative,True,0.190899167216
-7,-26.5,5,conservative,True,0.182906965128
-6,-26.5,5,conservative,True,0.176585819218
-5,-26.5,5,conservative,True,0.166173415833
-4,-26.5,5,conservative,True,0.156970042994
-3,-26.5,5,conservative,True,0.148160260722
-2,-26.5,5,conservative,True,0.142227918869
-1,-26.5,5,conservative,True,0.137317093912
0,-26.5,5,conservative,True,0.130365810499
1,-26.5,5,conservative,True,0.123634088001
2,-26.5,5,conservative,True,0.120222364146
3,-26.5,5,conservative,True,0.114710460906
4,-26.5,5,conservative,True,0.112746748313
5,-26.5,5,conservative,True,0.10862822266
6,-26.5,5,conservative,True,0.110312137652
7,-26.5,5,conservative,True,0.114459108332
8,-26.5,5,conservative,True,0.11504005154
9,-26.5,5,conservative,True,0.12324928105
10,-26.5,5,conservative,True,0.132437073678
11,-26.5,5,conservative,True,0.147458026876
12,-26.5,5,conservative,True,0.158108249108
13,-26.5,5,conservative,True,0.170519628651
14,-26.5,5,conservative,True,0.182861414432
15,-26.5,5,conservative,True,0.195721960573
16,-26.5,5,conservative,True,0.210013477436
17,-26.5,5,conservative,True,0.222398946977
18,-26.5,5,conservative,True,0.235163730553
19,-26.5,5,conservative,True,0.247609919874
20,-26.5,5,conservative,True,0.25261869433
21,-26.5,5,conservative,True,0.262175463266
22,-26.5,5,conservative,True,0.264978664714
23,-26.5,5,conservative,True,0.270541785745
24,-26.5,5,conservative,True,0.266760397073
25,-26.5,5,conservative,True,0.276670422115
26,-26.5,5,conservative,True,0.279275377503
27,-26.5,5,conservative,True,0.277220859184
28,-26.5,5,conservative,True,0.279293651354
29,-26.5,5,conservative,True,0.278480200194
30,-26.5,5,conservative,True,0.287347138258
31,-26.5,5,conservative,True,0.291134694192
32,-26.5,5,conservative,True,0.291101148495
33,-26.5,5,conservative,True,0.302482013467
34,-26.5,5,conservative,True,0.312298573577
35,-26.5,5,conservative,True,0.321065724001
36,-26.5,5,conservative,True,0.331123454645
37,-26.5,5,conservative,True,0.33540069093
38,-26.5,5,conservative,True,0.342103628742
39,-26.5,5,conservative,True,0.352736463933
40,-26.5,5,conservative,False,
41,-26.5,5,conservative,False,
42,-26.5,5,conservative,False,
43,-26.5,5,conservative,False,
44,-26.5,5,conservative,False,
45,-26.5,5,conservative,False,
46,-26.5,5,conservative,False,
47,-26.5,5,conservative,False,
48,-26.5,5,conservative,False,
49,-26.5,5,conservative,False,
50,-26.5,5,conservative,False,
51,-26.5,5,conservative,False,
52,-26.5,5,conservative,False,
-52,-25.5,5,conservative,False,
-51,-25.5,5,conservative,False,
-50,-25.5,5,conservative,False,
-49,-25.5,5,conservative,False,
-48,-25.5,5,conservative,False,
-47,-25.5,5,conservative,False,
-46,-25.5,5,conservative,True,0.391564322061
-45,-25.5,5,conservative,True,0.387323780954
-44,-25.5,5,conservative,True,0.377020959719
-43,-25.5,5,conservative,True,0.365281018063
-42,-25.5,5,conservative,True,0.356491239416
-41,-25.5,5,conservative,True,0.352055894635
-40,-25.5,5,conservative,True,0.354794016569
-39,-25.5,5,conservative,True,0.347279865438
-38,-25.5,5,conservative,True,0.327071905806
-37,-25.5,5,conservative,True,0.312446278548
-36,-25.5,5,conservative,True,0.298223214342
-35,-25.5,5,conservative,True,0.287003317834
-34,-25.5,5,conservative,True,0.27840484977
-33,-25.5,5,conservative,True,0.273874487662
-32,-25.5,5,conservative,True,0.264093643553
-31,-25.5,5,conservative,True,0.261076514145
-30,-25.5,5,conservative,True,0.25543253702
-29,-25.5,5,conservative,True,0.256859107168
-28,-25.5,5,conservative,True,0.255740180314
-27,-25.5,5,conservative,True,0.256455329013
-26,-25.5,5,conservative,True,0.258055413973
-25,-25.5,5,conservative,True,0.262074533489
-24,-25.5,5,conservative,True,0.261574791115
-23,-25.5,5,conservative,True,0.26921288491
-22,-25.5,5,conservative,True,0.269540059991
-21,-25.5,5,conservative,True,0.27099729439
-20,-25.5,5,conservative,True,0.272452156894
-19,-25.5,5,conservative,True,0.273474699977
-18,-25.5,5,conservative,True,0.275297718859
-17,-25.5,5,conservative,True,0.272677370071
-16,-25.5,5,conservative,True,0.272409841768
-15,-25.5,5,conservative,True,0.260847265967
-14,-25.5,5,conservative,True,0.249652161331
-13,-25.5,5,conservative,True,0.238778881718
-12,-25.5,5,conservative,True,0.230045641851
-11,-25.5,5,conservative,True,0.219187238839
-10,-25.5,5,conservative,True,0.209066781507
-9,-25.5,5,conservative,True,0.198231805509
-8,-25.5,5,conservative,True,0.188524857571
-7,-25.5,5,conservative,True,0.180761731216
-6,-25.5,5,conservative,True,0.168163077304
-5,-25.5,5,conservative,True,0.164890573311
-4,-25.5,5,conservative,True,0.157368706832
-3,-25.5,5,conservative,True,0.149705378203
-2,-25.5,5,conservative,True,0.142630494745
-1,-25.5,5,conservative,True,0.133813192181
0,-25.5,5,conservative,True,0.125701850037
1,-25.5,5,conservative,True,0.119956867521
2,-25.5,5,conservative,True,0.116727667725
3,-25.5,5,conservative,True,0.111117768584
4,-25.5,5,conservative,True,0.107262246911
5,-25.5,5,conservative,True,0.108215971368
6,-25.5,5,conservative,True,0.107922839115
7,-25.5,5,conservative,True,0.110719527376
8,-25.5,5,conservative,True,0.113455530418
9,-25.5,5,conservative,True,0.121067875852
10,-25.5,5,conservative,True,0.129703986302
11,-25.5,5,conservative,True,0.139330316455
12,-25.5,5,conservative,True,0.150867748859
13,-25.5,5,conservative,True,0.16101027294
14,-25.5,5,conservative,True,0.171997576609
15,-25.5,5,conservative,True,0.184745994275
16,-25.5,5,conservative,True,0.198074858737
17,-25.5,5,conservative,True,0.208568596158
18,-25.5,5,conservative,True,0.218585301811
19,-25.5,5,conservative,True,0.227030720316
20,-25.5,5,conservative,True,0.236048298844
21,-25.5,5,conservative,True,0.239510906383
22,-25.5,5,conservative,True,0.248325220885
23,-25.5,5,conservative,True,0.24917460993
24,-25.5,5,conservative,True,0.252268166013
25,-25.5,5,conservative,True,0.250435148163
26,-25.5,5,conservative,True,0.25353953424
27,-25.5,5,conservative,True,0.251219309035
28,-25.5,5,conservative,True,0.256886994079
29,-25.5,5,conservative,True,0.258532498908
30,-25.5,5,conservative,True,0.258962257419
31,-25.5,5,conservative,True,0.273781682294
32,-25.5,5,conservative,True,0.281251921213
33,-25.5,5,conservative,True,0.281462799477
34,-25.5,5,conservative,True,0.292924706623
35,-25.5,5,conservative,True,0.293495526708
36,-25.5,5,conservative,True,0.304887678434
37,-25.5,5,conservative,True,0.316118083101
38,-25.5,5,conservative,True,0.324696259282
39,-25.5,5,conservative,False,
40,-25.5,5,conservative,False,
41,-25.5,5,conservative,False,
42,-25.5,5,conservative,False,
43,-25.5,5,conservative,False,
44,-25.5,5,conservative,False,
45,-25.5,5,conservative,False,
46,-25.5,5,conservative,False,
47,-25.5,5,conservative,False,
48,-25.5,5,conservative,False,
49,-25.5,5,conservative,False,
50,-25.5,5,conservative,False,
51,-25.5,5,conservative,False,
52,-25.5,5,conservative,False,
-52,-24.5,5,conservative,False,
-51,-24.5,5,conservative,False,
-50,-24.5,5,conservative,False,
-49,-24.5,5,conservative,False,
-48,-24.5,5,conservative,False,
-47,-24.5,5,conservative,True,0.332718907369
-46,-24.5,5,conservative,True,0.359745635117
-45,-24.5,5,conservative,True,0.364438941755
-44,-24.5,5,conservative,True,0.348937557449
-43,-24.5,5,conservative,True,0.349004201064
-42,-24.5,5,conservative,True,0.349833325023
-41,-24.5,5,conservative,True,0.346999536482
-40,-24.5,5,conservative,True,0.341607443582
-39,-24.5,5,conservative,True,0.332010330277
-38,-24.5,5,conservative,True,0.317641171625
-37,-24.5,5,conservative,True,0.299226317009
-36,-24.5,5,conservative,True,0.283352455807
-35,-24.5,5,conservative,True,0.278575152879
-34,-24.5,5,conservative,True,0.270120034657
-33,-24.5,5,conservative,True,0.268011123153
-32,-24.5,5,conservative,True,0.260853348735
-31,-24.5,5,conservative,True,0.256357769824
-30,-24.5,5,conservative,True,0.255194518818
-29,-24.5,5,conservative,True,0.252505258731
-28,-24.5,5,conservative,True,0.24909952353
-27,-24.5,5,conservative,True,0.25091548865
-26,-24.5,5,conservative,True,0.253551702119
-25,-24.5,5,conservative,True,0.258975429628
-24,-24.5,5,conservative,True,0.260904535666
-23,-24.5,5,conservative,True,0.261801828062
-22,-24.5,5,conservative,True,0.264431602446
-21,-24.5,5,conservative,True,0.266628459243
-20,-24.5,5,conservative,True,0.265879796196
-19,-24.5,5,conservative,True,0.271013164002
-18,-24.5,5,conservative,True,0.269262846129
-17,-24.5,5,conservative,True,0.264151725479
-16,-24.5,5,conservative,True,0.258090068659
-15,-24.5,5,conservative,True,0.253378122491
-14,-24.5,5,conservative,True,0.242328958764
-13,-24.5,5,conservative,True,0.23099734806
-12,-24.5,5,conservative,True,0.226353163218
-11,-24.5,5,conservative,True,0.216770644981
-10,-24.5,5,conservative,True,0.206894457155
-9,-24.5,5,conservative,True,0.195020053113
-8,-24.5,5,conservative,True,0.185099305254
-7,-24.5,5,conservative,True,0.178896210778
-6,-24.5,5,conservative,True,0.166234642666
-5,-24.5,5,conservative,True,0.158553336251
-4,-24.5,5,conservative,True,0.154279593631
-3,-24.5,5,conservative,True,0.146797707218
-2,-24.5,5,conservative,True,0.141134942968
-1,-24.5,5,conservative,True,0.133765672193
0,-24.5,5,conservative,True,0.125029162907
1,-24.5,5,conservative,True,0.117059169829
2,-24.5,5,conservative,True,0.116598847821
3,-24.5,5,conservative,True,0.109467070096
4,-24.5,5,conservative,True,0.109061402993
5,-24.5,5,conservative,True,0.105888387684
6,-24.5,5,conservative,True,0.105596404477
7,-24.5,5,conservative,True,0.111158381631
8,-24.5,5,conservative,True,0.112624947874
9,-24.5,5,conservative,True,0.118959493243
10,-24.5,5,conservative,True,0.125208744935
11,-24.5,5,conservative,True,0.13234208822
12,-24.5,5,conservative,True,0.140491542039
13,-24.5,5,conservative,True,0.15177915377
14,-24.5,5,conservative,True,0.163323255915
15,-24.5,5,conservative,True,0.171618276813
16,-24.5,5,conservative,True,0.18410614107
17,-24.5,5,conservative,True,0.193708843081
18,-24.5,5,conservative,True,0.204311916808
19,-24.5,5,conservative,True,0.211123548808
20,-24.5,5,conservative,True,0.218962641317
21,-24.5,5,conservative,True,0.22274043083
22,-24.5,5,conservative,True,0.227149781839
23,-24.5,5,conservative,True,0.230358393057
24,-24.5,5,conservative,True,0.228740169696
25,-24.5,5,conservative,True,0.226733978354
26,-24.5,5,conservative,True,0.222357916801
27,-24.5,5,conservative,True,0.222837231521
28,-24.5,5,conservative,True,0.2259699146
29,-24.5,5,conservative,True,0.229547571695
30,-24.5,5,conservative,True,0.242989576191
31,-24.5,5,conservative,True,0.248229310907
32,-24.5,5,conservative,True,0.255400223349
33,-24.5,5,conservative,True,0.265616968642
34,-24.5,5,conservative,True,0.270732207778
35,-24.5,5,conservative,True,0.275533295393
36,-24.5,5,conservative,True,0.284729452595
37,-24.5,5,conservative,True,0.303045305891
38,-24.5,5,conservative,True,0.315928047119
39,-24.5,5,conservative,True,0.313012989742
40,-24.5,5,conservative,False,
41,-24.5,5,conservative,False,
42,-24.5,5,conservative,False,
43,-24.5,5,conservative,False,
44,-24.5,5,conservative,False,
45,-24.5,5,conservative,False,
46,-24.5,5,conservative,False,
47,-24.5,5,conservative,False,
48,-24.5,5,conservative,False,
49,-24.5,5,conservative,False,
50,-24.5,5,conservative,False,
51,-24.5,5,conservative,False,
52,-24.5,5,conservative,False,
-52,-23.5,5,conservative,False,
-51,-23.5,5,conservative,False,
-50,-23.5,5,conservative,False,
-49,-23.5,5,conservative,False,
-48,-23.5,5,conservative,False,
-47,-23.5,5,conservative,True,0.312830662867
-46,-23.5,5,conservative,True,0.323170983053
-45,-23.5,5,conservative,True,0.331042756424
-44,-23.5,5,conservative,True,0.327803938762
-43,-23.5,5,conservative,True,0.330021641503
-42,-23.5,5,conservative,True,0.328629933103
-41,-23.5,5,conservative,True,0.337412885471
-40,-23.5,5,conservative,True,0.331897740097
-39,-23.5,5,conservative,True,0.31214539999
-38,-23.5,5,conservative,True,0.297284706301
-37,-23.5,5,conservative,True,0.283488441021
-36,-23.5,5,conservative,True,0.272091583879
-35,-23.5,5,conservative,True,0.271677970255
-34,-23.5,5,conservative,True,0.264209698537
-33,-23.5,5,conservative,True,0.26245046531
-32,-23.5,5,conservative,True,0.254180605129
-31,-23.5,5,conservative,True,0.25180239071
-30,-23.5,5,conservative,True,0.2479235571
-29,-23.5,5,conservative,True,0.248094363251
-28,-23.5,5,conservative,True,0.24448433394
-27,-23.5,5,conservative,True,0.248881136409
-26,-23.5,5,conservative,True,0.249126634348
-25,-23.5,5,conservative,True,0.253218679491
-24,-23.5,5,conservative,True,0.255840654194
-23,-23.5,5,conservative,True,0.258473179933
-22,-23.5,5,conservative,True,0.260262037516
-21,-23.5,5,conservative,True,0.261326863139
-20,-23.5,5,conservative,True,0.25837324854
-19,-23.5,5,conservative,True,0.261227177404
-18,-23.5,5,conservative,True,0.260381673721
-17,-23.5,5,conservative,True,0.256589024892
-16,-23.5,5,conservative,True,0.251688189992
-15,-23.5,5,conservative,True,0.243970089259
-14,-23.5,5,conservative,True,0.236954943986
-13,-23.5,5,conservative,True,0.224909541299
-12,-23.5,5,conservative,True,0.217571088573
-11,-23.5,5,conservative,True,0.210517436665
-10,-23.5,5,conservative,True,0.20179931519
-9,-23.5,5,conservative,True,0.191556037224
-8,-23.5,5,conservative,True,0.17819779448
-7,-23.5,5,conservative,True,0.171744127624
-6,-23.5,5,conservative,True,0.160044234311
-5,-23.5,5,conservative,True,0.151873890181
-4,-23.5,5,conservative,True,0.149394109834
-3,-23.5,5,conservative,True,0.141133233321
-2,-23.5,5,conservative,True,0.1363141841
-1,-23.5,5,conservative,True,0.128958921437
0,-23.5,5,conservative,True,0.122124561135
1,-23.5,5,conservative,True,0.114495977913
2,-23.5,5,conservative,True,0.113683985994
3,-23.5,5,conservative,True,0.108321837988
4,-23.5,5,conservative,True,0.10601864909
5,-23.5,5,conservative,True,0.102320513943
6,-23.5,5,conservative,True,0.102367098134
7,-23.5,5,conservative,True,0.107481596456
8,-23.5,5,conservative,True,0.107976111983
9,-23.5,5,conservative,True,0.116478128904
10,-23.5,5,conservative,True,0.121644243678
11,-23.5,5,conservative,True,0.123942390839
12,-23.5,5,conservative,True,0.12934748941
13,-23.5,5,conservative,True,0.13931264055
14,-23.5,5,conservative,True,0.147577277198
15,-23.5,5,conservative,True,0.15781861835
16,-23.5,5,conservative,True,0.169247030297
17,-23.5,5,conservative,True,0.180853007017
18,-23.5,5,conservative,True,0.184454477956
19,-23.5,5,conservative,True,0.193430278443
20,-23.5,5,conservative,True,0.200258412041
21,-23.5,5,conservative,True,0.20343104611
22,-23.5,5,conservative,True,0.208824789311
23,-23.5,5,conservative,True,0.211693287364
24,-23.5,5,conservative,True,0.209935936645
25,-23.5,5,conservative,True,0.204113428105
26,-23.5,5,conservative,True,0.198499836447
27,-23.5,5,conservative,True,0.204229761425
28,-23.5,5,conservative,True,0.208526146254
29,-23.5,5,conservative,True,0.216878797209
30,-23.5,5,conservative,True,0.222976059397
31,-23.5,5,conservative,True,0.2259905895
32,-23.5,5,conservative,True,0.23401829162
33,-23.5,5,conservative,True,0.244939286658
34,-23.5,5,conservative,True,0.253073024183
35,-23.5,5,conservative,True,0.25593570906
36,-23.5,5,conservative,True,0.265164801088
37,-23.5,5,conservative,True,0.280158561894
38,-23.5,5,conservative,True,0.299308957096
39,-23.5,5,conservative,True,0.299136514654
40,-23.5,5,conservative,False,
41,-23.5,5,conservative,False,
42,-23.5,5,conservative,False,
43,-23.5,5,conservative,False,
44,-23.5,5,conservative,False,
45,-23.5,5,conservative,False,
46,-23.5,5,conservative,False,
47,-23.5,5,conservative,False,
48,-23.5,5,conservative,False,
49,-23.5,5,conservative,False,
50,-23.5,5,conservative,False,
51,-23.5,5,conservative,False,
52,-23.5,5,conservative,False,
-52,-22.5,5,conservative,False,
-51,-22.5,5,conservative,False,
-50,-22.5,5,conservative,False,
-49,-22.5,5,conservative,False,
-48,-22.5,5,conservative,False,
-47,-22.5,5,conservative,True,0.291224970165
-46,-22.5,5,conservative,True,0.293011075255
-45,-22.5,5,conservative,True,0.298299432277
-44,-22.5,5,conservative,True,0.28972317273
-43,-22.5,5,conservative,True,0.306109023168
-42,-22.5,5,conservative,True,0.318493677998
-41,-22.5,5,conservative,True,0.315996693884
-40,-22.5,5,conservative,True,0.310341081787
-39,-22.5,5,conservative,True,0.295270896322
-38,-22.5,5,conservative,True,0.289121008866
-37,-22.5,5,conservative,True,0.274948548585
-36,-22.5,5,conservative,True,0.264673302013
-35,-22.5,5,conservative,True,0.257275679648
-34,-22.5,5,conservative,True,0.24970117939
-33,-22.5,5,conservative,True,0.249778151214
-32,-22.5,5,conservative,True,0.243622048487
-31,-22.5,5,conservative,True,0.240134435934
-30,-22.5,5,conservative,True,0.238074632515
-29,-22.5,5,conservative,True,0.237742185642
-28,-22.5,5,conservative,True,0.241191095341
-27,-22.5,5,conservative,True,0.240102436783
-26,-22.5,5,conservative,True,0.244601148803
-25,-22.5,5,conservative,True,0.249945977443
-24,-22.5,5,conservative,True,0.249213099164
-23,-22.5,5,conservative,True,0.252348268915
-22,-22.5,5,conservative,True,0.25184796047
-21,-22.5,5,conservative,True,0.251415740531
-20,-22.5,5,conservative,True,0.254579408298
-19,-22.5,5,conservative,True,0.251953205914
-18,-22.5,5,conservative,True,0.251152595424
-17,-22.5,5,conservative,True,0.242282330788
-16,-22.5,5,conservative,True,0.239691675427
-15,-22.5,5,conservative,True,0.232980560542
-14,-22.5,5,conservative,True,0.225645071796
-13,-22.5,5,conservative,True,0.216848945863
-12,-22.5,5,conservative,True,0.20682604434
-11,-22.5,5,conservative,True,0.200510719914
-10,-22.5,5,conservative,True,0.196911181352
-9,-22.5,5,conservative,True,0.187873353941
-8,-22.5,5,conservative,True,0.17502518
-7,-22.5,5,conservative,True,0.166203487852
-6,-22.5,5,conservative,True,0.155754875712
-5,-22.5,5,conservative,True,0.15108761052
-4,-22.5,5,conservative,True,0.144958160456
-3,-22.5,5,conservative,True,0.136388822407
-2,-22.5,5,conservative,True,0.130802221603
-1,-22.5,5,conservative,True,0.123351587282
0,-22.5,5,conservative,True,0.116661300162
1,-22.5,5,conservative,True,0.11277521975
2,-22.5,5,conservative,True,0.110850249722
3,-22.5,5,conservative,True,0.107441501161
4,-22.5,5,conservative,True,0.10483159099
5,-22.5,5,conservative,True,0.103778588462
6,-22.5,5,conservative,True,0.104158030256
7,-22.5,5,conservative,True,0.106826550003
8,-22.5,5,conservative,True,0.106023751948
9,-22.5,5,conservative,True,0.10977719613
10,-22.5,5,conservative,True,0.115605076012
11,-22.5,5,conservative,True,0.120604512051
12,-22.5,5,conservative,True,0.123337432002
13,-22.5,5,conservative,True,0.129529916476
14,-22.5,5,conservative,True,0.135608119504
15,-22.5,5,conservative,True,0.146259647887
16,-22.5,5,conservative,True,0.156970795482
17,-22.5,5,conservative,True,0.163785707092
18,-22.5,5,conservative,True,0.168647357478
19,-22.5,5,conservative,True,0.172981015853
20,-22.5,5,conservative,True,0.181567491189
21,-22.5,5,conservative,True,0.187528632317
22,-22.5,5,conservative,True,0.186150837405
23,-22.5,5,conservative,True,0.189527476271
24,-22.5,5,conservative,True,0.187178639491
25,-22.5,5,conservative,True,0.180231591115
26,-22.5,5,conservative,True,0.178865150185
27,-22.5,5,conservative,True,0.179738688006
28,-22.5,5,conservative,True,0.188212273503
29,-22.5,5,conservative,True,0.194763375455
30,-22.5,5,conservative,True,0.20093714827
31,-22.5,5,conservative,True,0.204869890965
32,-22.5,5,conservative,True,0.210387738775
33,-22.5,5,conservative,True,0.221022016992
34,-22.5,5,conservative,True,0.234127536041
35,-22.5,5,conservative,True,0.241774518641
36,-22.5,5,conservative,True,0.256788402544
37,-22.5,5,conservative,True,0.273728898356
38,-22.5,5,conservative,True,0.279563440001
39,-22.5,5,conservative,True,0.288006030112
40,-22.5,5,conservative,True,0.287045234618
41,-22.5,5,conservative,False,
42,-22.5,5,conservative,False,
43,-22.5,5,conservative,False,
44,-22.5,5,conservative,False,
45,-22.5,5,conservative,False,
46,-22.5,5,conservative,False,
47,-22.5,5,conservative,False,
48,-22.5,5,conservative,False,
49,-22.5,5,conservative,False,
50,-22.5,5,conservative,False,
51,-22.5,5,conservative,False,
52,-22.5,5,conservative,False,
-52,-21.5,5,conservative,False,
-51,-21.5,5,conservative,False,
-50,-21.5,5,conservative,False,
-49,-21.5,5,conservative,False,
-48,-21.5,5,conservative,True,0.250930181436
-47,-21.5,5,conservative,True,0.270589123927
-46,-21.5,5,conservative,True,0.261530324273
-45,-21.5,5,conservative,True,0.259520914277
-44,-21.5,5,conservative,True,0.279758737702
-43,-21.5,5,conservative,True,0.285978917122
-42,-21.5,5,conservative,True,0.299887854028
-41,-21.5,5,conservative,True,0.302065776332
-40,-21.5,5,conservative,True,0.293452082722
-39,-21.5,5,conservative,True,0.282449814365
-38,-21.5,5,conservative,True,0.27647708995
-37,-21.5,5,conservative,True,0.266833161679
-36,-21.5,5,conservative,True,0.258439172371
-35,-21.5,5,conservative,True,0.245251153061
-34,-21.5,5,conservative,True,0.240820919345
-33,-21.5,5,conservative,True,0.237920551596
-32,-21.5,5,conservative,True,0.233714519614
-31,-21.5,5,conservative,True,0.234809547948
-30,-21.5,5,conservative,True,0.228863630782
-29,-21.5,5,conservative,True,0.226132617878
-28,-21.5,5,conservative,True,0.230389885514
-27,-21.5,5,conservative,True,0.234909284132
-26,-21.5,5,conservative,True,0.240626921968
-25,-21.5,5,conservative,True,0.242444871372
-24,-21.5,5,conservative,True,0.24558648518
-23,-21.5,5,conservative,True,0.247110338937
-22,-21.5,5,conservative,True,0.246847936367
-21,-21.5,5,conservative,True,0.244126269192
-20,-21.5,5,conservative,True,0.247380975893
-19,-21.5,5,conservative,True,0.245036343694
-18,-21.5,5,conservative,True,0.239501976592
-17,-21.5,5,conservative,True,0.234437962124
-16,-21.5,5,conservative,True,0.225423697367
-15,-21.5,5,conservative,True,0.216423007021
-14,-21.5,5,conservative,True,0.210124184655
-13,-21.5,5,conservative,True,0.20575630909
-12,-21.5,5,conservative,True,0.196736167852
-11,-21.5,5,conservative,True,0.193370891729
-10,-21.5,5,conservative,True,0.18776284362
-9,-21.5,5,conservative,True,0.17985494818
-8,-21.5,5,conservative,True,0.170081975085
-7,-21.5,5,conservative,True,0.161919544801
-6,-21.5,5,conservative,True,0.155640106321
-5,-21.5,5,conservative,True,0.14815284912
-4,-21.5,5,conservative,True,0.138174879855
-3,-21.5,5,conservative,True,0.134244832612
-2,-21.5,5,conservative,True,0.124767951009
-1,-21.5,5,conservative,True,0.120532325745
0,-21.5,5,conservative,True,0.114220353644
1,-21.5,5,conservative,True,0.109298472939
2,-21.5,5,conservative,True,0.104781605694
3,-21.5,5,conservative,True,0.103395095537
4,-21.5,5,conservative,True,0.101738714799
5,-21.5,5,conservative,True,0.101498908521
6,-21.5,5,conservative,True,0.100937539214
7,-21.5,5,conservative,True,0.0999341824582
8,-21.5,5,conservative,True,0.0996695029486
9,-21.5,5,conservative,True,0.10035253389
10,-21.5,5,conservative,True,0.105663681462
11,-21.5,5,conservative,True,0.110869582439
12,-21.5,5,conservative,True,0.11776412988
13,-21.5,5,conservative,True,0.119108569776
14,-21.5,5,conservative,True,0.12528997578
15,-21.5,5,conservative,True,0.133171331746
16,-21.5,5,conservative,True,0.140799018
17,-21.5,5,conservative,True,0.143550415613
18,-21.5,5,conservative,True,0.149689284921
19,-21.5,5,conservative,True,0.151887376256
20,-21.5,5,conservative,True,0.156175471613
21,-21.5,5,conservative,True,0.161434914609
22,-21.5,5,conservative,True,0.16764335068
23,-21.5,5,conservative,True,0.167763498399
24,-21.5,5,conservative,True,0.162420677819
25,-21.5,5,conservative,True,0.158684037618
26,-21.5,5,conservative,True,0.159730780705
27,-21.5,5,conservative,True,0.158607873439
28,-21.5,5,conservative,True,0.158200001607
29,-21.5,5,conservative,True,0.169343628241
30,-21.5,5,conservative,True,0.174756769467
31,-21.5,5,conservative,True,0.180025619136
32,-21.5,5,conservative,True,0.186847237973
33,-21.5,5,conservative,True,0.202396589508
34,-21.5,5,conservative,True,0.218588459071
35,-21.5,5,conservative,True,0.240691845198
36,-21.5,5,conservative,True,0.245389735539
37,-21.5,5,conservative,True,0.256929817942
38,-21.5,5,conservative,True,0.262030208052
39,-21.5,5,conservative,True,0.266883495918
40,-21.5,5,conservative,True,0.268563491946
41,-21.5,5,conservative,True,0.271026290964
42,-21.5,5,conservative,True,0.271942683483
43,-21.5,5,conservative,True,0.280185661228
44,-21.5,5,conservative,True,0.277456663507
45,-21.5,5,conservative,False,
46,-21.5,5,conservative,False,
47,-21.5,5,conservative,False,
48,-21.5,5,conservative,False,
49,-21.5,5,conservative,False,
50,-21.5,5,conservative,False,
51,-21.5,5,conservative,False,
52,-21.5,5,conservative,False,
-52,-20.5,5,conservative,False,
-51,-20.5,5,conservative,False,
-50,-20.5,5,conservative,False,
-49,-20.5,5,conservative,True,0.183897171849
-48,-20.5,5,conservative,True,0.196062513656
-47,-20.5,5,conservative,True,0.222411992872
-46,-20.5,5,conservative,True,0.225496844716
-45,-20.5,5,conservative,True,0.237638886954
-44,-20.5,5,conservative,True,0.258867043576
-43,-20.5,5,conservative,True,0.278538521894
-42,-20.5,5,conservative,True,0.286635984904
-41,-20.5,5,conservative,True,0.282234983313
-40,-20.5,5,conservative,True,0.272380183019
-39,-20.5,5,conservative,True,0.270253657582
-38,-20.5,5,conservative,True,0.25999429435
-37,-20.5,5,conservative,True,0.252809807993
-36,-20.5,5,conservative,True,0.244342410772
-35,-20.5,5,conservative,True,0.231733744599
-34,-20.5,5,conservative,True,0.231535410678
-33,-20.5,5,conservative,True,0.223784614809
-32,-20.5,5,conservative,True,0.224549757711
-31,-20.5,5,conservative,True,0.222024713571
-30,-20.5,5,conservative,True,0.220789978828
-29,-20.5,5,conservative,True,0.219770110331
-28,-20.5,5,conservative,True,0.21801844545
-27,-20.5,5,conservative,True,0.223129497772
-26,-20.5,5,conservative,True,0.227467612266
-25,-20.5,5,conservative,True,0.232391971251
-24,-20.5,5,conservative,True,0.234586162434
-23,-20.5,5,conservative,True,0.237612132973
-22,-20.5,5,conservative,True,0.236037022198
-21,-20.5,5,conservative,True,0.233677595339
-20,-20.5,5,conservative,True,0.237063081688
-19,-20.5,5,conservative,True,0.232648394678
-18,-20.5,5,conservative,True,0.226880645012
-17,-20.5,5,conservative,True,0.219886841519
-16,-20.5,5,conservative,True,0.211597181892
-15,-20.5,5,conservative,True,0.203036329583
-14,-20.5,5,conservative,True,0.19870112226
-13,-20.5,5,conservative,True,0.19173166348
-12,-20.5,5,conservative,True,0.187785814698
-11,-20.5,5,conservative,True,0.181995392838
-10,-20.5,5,conservative,True,0.174254942966
-9,-20.5,5,conservative,True,0.169772721257
-8,-20.5,5,conservative,True,0.163759257804
-7,-20.5,5,conservative,True,0.155691570533
-6,-20.5,5,conservative,True,0.151240931113
-5,-20.5,5,conservative,True,0.141919898063
-4,-20.5,5,conservative,True,0.136151143272
-3,-20.5,5,conservative,True,0.129650767298
-2,-20.5,5,conservative,True,0.124304268587
-1,-20.5,5,conservative,True,0.11545082122
0,-20.5,5,conservative,True,0.109269861498
1,-20.5,5,conservative,True,0.105386250359
2,-20.5,5,conservative,True,0.100433228736
3,-20.5,5,conservative,True,0.0961688543451
4,-20.5,5,conservative,True,0.0944352919791
5,-20.5,5,conservative,True,0.0949380407726
6,-20.5,5,conservative,True,0.0931044927812
7,-20.5,5,conservative,True,0.0937162617555
8,-20.5,5,conservative,True,0.0959230089874
9,-20.5,5,conservative,True,0.0937879027664
10,-20.5,5,conservative,True,0.096691401478
11,-20.5,5,conservative,True,0.101389692151
12,-20.5,5,conservative,True,0.105814618971
13,-20.5,5,conservative,True,0.113476151951
14,-20.5,5,conservative,True,0.118332885317
15,-20.5,5,conservative,True,0.121576239331
16,-20.5,5,conservative,True,0.126085708658
17,-20.5,5,conservative,True,0.12895728958
18,-20.5,5,conservative,True,0.130050282761
19,-20.5,5,conservative,True,0.133202405595
20,-20.5,5,conservative,True,0.134086494692
21,-20.5,5,conservative,True,0.138993977106
22,-20.5,5,conservative,True,0.142632781117
23,-20.5,5,conservative,True,0.141333766839
24,-20.5,5,conservative,True,0.141028309836
25,-20.5,5,conservative,True,0.138158249708
26,-20.5,5,conservative,True,0.138291197653
27,-20.5,5,conservative,True,0.142800993868
28,-20.5,5,conservative,True,0.140882340045
29,-20.5,5,conservative,True,0.139661208274
30,-20.5,5,conservative,True,0.150557951272
31,-20.5,5,conservative,True,0.153697860998
32,-20.5,5,conservative,True,0.165078738218
33,-20.5,5,conservative,True,0.180428653466
34,-20.5,5,conservative,True,0.196984151253
35,-20.5,5,conservative,True,0.217926300646
36,-20.5,5,conservative,True,0.222492041828
37,-20.5,5,conservative,True,0.230835110615
38,-20.5,5,conservative,True,0.246353482932
39,-20.5,5,conservative,True,0.244968574326
40,-20.5,5,conservative,True,0.255691223876
41,-20.5,5,conservative,True,0.252009377618
42,-20.5,5,conservative,True,0.254913937123
43,-20.5,5,conservative,True,0.262589804121
44,-20.5,5,conservative,True,0.267985598145
45,-20.5,5,conservative,True,0.262752435104
46,-20.5,5,conservative,False,
47,-20.5,5,conservative,False,
48,-20.5,5,conservative,False,
49,-20.5,5,conservative,False,
50,-20.5,5,conservative,False,
51,-20.5,5,conservative,False,
52,-20.5,5,conservative,False,
-52,-19.5,5,conservative,False,
-51,-19.5,5,conservative,False,
-50,-19.5,5,conservative,True,0.144089223416
-49,-19.5,5,conservative,True,0.154614552001
-48,-19.5,5,conservative,True,0.171019780407
-47,-19.5,5,conservative,True,0.189739144628
-46,-19.5,5,conservative,True,0.192085301162
-45,-19.5,5,conservative,True,0.211321761035
-44,-19.5,5,conservative,True,0.224334178428
-43,-19.5,5,conservative,True,0.254895193027
-42,-19.5,5,conservative,True,0.260665994531
-41,-19.5,5,conservative,True,0.259757328537
-40,-19.5,5,conservative,True,0.257945121135
-39,-19.5,5,conservative,True,0.254374722266
-38,-19.5,5,conservative,True,0.241293360219
-37,-19.5,5,conservative,True,0.227182662936
-36,-19.5,5,conservative,True,0.222081758536
-35,-19.5,5,conservative,True,0.220031096044
-34,-19.5,5,conservative,True,0.214168982782
-33,-19.5,5,conservative,True,0.209286788609
-32,-19.5,5,conservative,True,0.207858451534
-31,-19.5,5,conservative,True,0.209739685955
-30,-19.5,5,conservative,True,0.213998873845
-29,-19.5,5,conservative,True,0.21100066015
-28,-19.5,5,conservative,True,0.211006914099
-27,-19.5,5,conservative,True,0.214756595267
-26,-19.5,5,conservative,True,0.218447029302
-25,-19.5,5,conservative,True,0.221679826926
-24,-19.5,5,conservative,True,0.221478111679
-23,-19.5,5,conservative,True,0.226137742153
-22,-19.5,5,conservative,True,0.226414680778
-21,-19.5,5,conservative,True,0.223378025612
-20,-19.5,5,conservative,True,0.222896040149
-19,-19.5,5,conservative,True,0.218262969989
-18,-19.5,5,conservative,True,0.216328600359
-17,-19.5,5,conservative,True,0.208716947472
-16,-19.5,5,conservative,True,0.199532426214
-15,-19.5,5,conservative,True,0.1924403921
-14,-19.5,5,conservative,True,0.184850389356
-13,-19.5,5,conservative,True,0.180638401979
-12,-19.5,5,conservative,True,0.174174979551
-11,-19.5,5,conservative,True,0.166888509779
-10,-19.5,5,conservative,True,0.165754960336
-9,-19.5,5,conservative,True,0.162483668443
-8,-19.5,5,conservative,True,0.15097716112
-7,-19.5,5,conservative,True,0.149270911681
-6,-19.5,5,conservative,True,0.140862969851
-5,-19.5,5,conservative,True,0.137045784655
-4,-19.5,5,conservative,True,0.131182477087
-3,-19.5,5,conservative,True,0.123341176536
-2,-19.5,5,conservative,True,0.117466414583
-1,-19.5,5,conservative,True,0.111928085435
0,-19.5,5,conservative,True,0.106795048734
1,-19.5,5,conservative,True,0.101656884114
2,-19.5,5,conservative,True,0.0935098917579
3,-19.5,5,conservative,True,0.0864866683731
4,-19.5,5,conservative,True,0.0870519545613
5,-19.5,5,conservative,True,0.0873579625345
6,-19.5,5,conservative,True,0.0874876358546
7,-19.5,5,conservative,True,0.0851954169343
8,-19.5,5,conservative,True,0.083399083188
9,-19.5,5,conservative,True,0.0861371046188
10,-19.5,5,conservative,True,0.0880766060746
11,-19.5,5,conservative,True,0.0915039594068
12,-19.5,5,conservative,True,0.0951460236818
13,-19.5,5,conservative,True,0.102336420947
14,-19.5,5,conservative,True,0.108105508473
15,-19.5,5,conservative,True,0.110310380768
16,-19.5,5,conservative,True,0.112885160825
17,-19.5,5,conservative,True,0.11165348072
18,-19.5,5,conservative,True,0.112655762733
19,-19.5,5,conservative,True,0.11680907898
20,-19.5,5,conservative,True,0.114732983309
21,-19.5,5,conservative,True,0.120556171806
22,-19.5,5,conservative,True,0.120182405758
23,-19.5,5,conservative,True,0.118484798906
24,-19.5,5,conservative,True,0.116968906306
25,-19.5,5,conservative,True,0.119898536461
26,-19.5,5,conservative,True,0.115612001086
27,-19.5,5,conservative,True,0.114118152231
28,-19.5,5,conservative,True,0.116233676567
29,-19.5,5,conservative,True,0.11557853346
30,-19.5,5,conservative,True,0.126002711474
31,-19.5,5,conservative,True,0.132976633667
32,-19.5,5,conservative,True,0.140755595934
33,-19.5,5,conservative,True,0.156365232057
34,-19.5,5,conservative,True,0.173055245637
35,-19.5,5,conservative,True,0.182680331352
36,-19.5,5,conservative,True,0.194682958461
37,-19.5,5,conservative,True,0.210091496252
38,-19.5,5,conservative,True,0.217843432656
39,-19.5,5,conservative,True,0.229859355966
40,-19.5,5,conservative,True,0.236534572071
41,-19.5,5,conservative,True,0.23847415238
42,-19.5,5,conservative,True,0.234860703733
43,-19.5,5,conservative,True,0.240333931843
44,-19.5,5,conservative,True,0.237034947015
45,-19.5,5,conservative,True,0.247424893295
46,-19.5,5,conservative,False,
47,-19.5,5,conservative,False,
48,-19.5,5,conservative,False,
49,-19.5,5,conservative,False,
50,-19.5,5,conservative,False,
51,-19.5,5,conservative,False,
52,-19.5,5,conservative,False,
-52,-18.5,5,conservative,False,
-51,-18.5,5,conservative,False,
-50,-18.5,5,conservative,True,0.0940228252244
-49,-18.5,5,conservative,True,0.120194966407
-48,-18.5,5,conservative,True,0.138944085636
-47,-18.5,5,conservative,True,0.155879893395
-46,-18.5,5,conservative,True,0.170641694954
-45,-18.5,5,conservative,True,0.181211371287
-44,-18.5,5,conservative,True,0.192888781778
-43,-18.5,5,conservative,True,0.209380069092
-42,-18.5,5,conservative,True,0.236720682166
-41,-18.5,5,conservative,True,0.235042713641
-40,-18.5,5,conservative,True,0.232457008186
-39,-18.5,5,conservative,True,0.230752839065
-38,-18.5,5,conservative,True,0.222111259382
-37,-18.5,5,conservative,True,0.211794554828
-36,-18.5,5,conservative,True,0.205371879617
-35,-18.5,5,conservative,True,0.205551223176
-34,-18.5,5,conservative,True,0.2013370372
-33,-18.5,5,conservative,True,0.197268521211
-32,-18.5,5,conservative,True,0.1994494742
-31,-18.5,5,conservative,True,0.195655168835
-30,-18.5,5,conservative,True,0.19729290456
-29,-18.5,5,conservative,True,0.198286082986
-28,-18.5,5,conservative,True,0.197563910457
-27,-18.5,5,conservative,True,0.201423019232
-26,-18.5,5,conservative,True,0.204921716718
-25,-18.5,5,conservative,True,0.211117610886
-24,-18.5,5,conservative,True,0.214117805525
-23,-18.5,5,conservative,True,0.215963448142
-22,-18.5,5,conservative,True,0.215775783802
-21,-18.5,5,conservative,True,0.21226179497
-20,-18.5,5,conservative,True,0.209781635506
-19,-18.5,5,conservative,True,0.206329279341
-18,-18.5,5,conservative,True,0.200208360096
-17,-18.5,5,conservative,True,0.195681546302
-16,-18.5,5,conservative,True,0.188952987976
-15,-18.5,5,conservative,True,0.178496167088
-14,-18.5,5,conservative,True,0.17172637997
-13,-18.5,5,conservative,True,0.165078575438
-12,-18.5,5,conservative,True,0.163273723842
-11,-18.5,5,conservative,True,0.159208716363
-10,-18.5,5,conservative,True,0.153962739595
-9,-18.5,5,conservative,True,0.15146798441
-8,-18.5,5,conservative,True,0.143939924488
-7,-18.5,5,conservative,True,0.141658016756
-6,-18.5,5,conservative,True,0.134949332733
-5,-18.5,5,conservative,True,0.130508263788
-4,-18.5,5,conservative,True,0.123706628406
-3,-18.5,5,conservative,True,0.118537803295
-2,-18.5,5,conservative,True,0.112556198091
-1,-18.5,5,conservative,True,0.106144874961
0,-18.5,5,conservative,True,0.100507334694
1,-18.5,5,conservative,True,0.0953414556443
2,-18.5,5,conservative,True,0.0880844019543
3,-18.5,5,conservative,True,0.0818743655439
4,-18.5,5,conservative,True,0.0777972574752
5,-18.5,5,conservative,True,0.0789693160094
6,-18.5,5,conservative,True,0.0760854556355
7,-18.5,5,conservative,True,0.0734870740565
8,-18.5,5,conservative,True,0.0736389600301
9,-18.5,5,conservative,True,0.0760342529206
10,-18.5,5,conservative,True,0.0795359320552
11,-18.5,5,conservative,True,0.0837961808294
12,-18.5,5,conservative,True,0.0830960960619
13,-18.5,5,conservative,True,0.091211781053
14,-18.5,5,conservative,True,0.0950841989004
15,-18.5,5,conservative,True,0.097158211482
16,-18.5,5,conservative,True,0.098111937569
17,-18.5,5,conservative,True,0.0973716639193
18,-18.5,5,conservative,True,0.0991318282956
19,-18.5,5,conservative,True,0.0954392318048
20,-18.5,5,conservative,True,0.0990319565062
21,-18.5,5,conservative,True,0.0990842141087
22,-18.5,5,conservative,True,0.0973900209784
23,-18.5,5,conservative,True,0.0949544063116
24,-18.5,5,conservative,True,0.0937643591786
25,-18.5,5,conservative,True,0.0935451449947
26,-18.5,5,conservative,True,0.086373207006
27,-18.5,5,conservative,True,0.09033797114
28,-18.5,5,conservative,True,0.0911602146261
29,-18.5,5,conservative,True,0.095837125065
30,-18.5,5,conservative,True,0.0979109871563
31,-18.5,5,conservative,True,0.0994360839322
32,-18.5,5,conservative,True,0.116450432131
33,-18.5,5,conservative,True,0.128667986232
34,-18.5,5,conservative,True,0.141835868092
35,-18.5,5,conservative,True,0.15620255053
36,-18.5,5,conservative,True,0.169205052588
37,-18.5,5,conservative,True,0.185128404141
38,-18.5,5,conservative,True,0.19374117265
39,-18.5,5,conservative,True,0.206965075752
40,-18.5,5,conservative,True,0.209765851324
41,-18.5,5,conservative,True,0.221470984859
42,-18.5,5,conservative,True,0.220435204913
43,-18.5,5,conservative,True,0.223156645361
44,-18.5,5,conservative,True,0.223922088422
45,-18.5,5,conservative,True,0.228346645669
46,-18.5,5,conservative,True,0.227414019182
47,-18.5,5,conservative,False,
48,-18.5,5,conservative,False,
49,-18.5,5,conservative,False,
50,-18.5,5,conservative,False,
51,-18.5,5,conservative,False,
52,-18.5,5,conservative,False,
-52,-17.5,5,conservative,False,
-51,-17.5,5,conservative,False,
-50,-17.5,5,conservative,True,0.0475625344567
-49,-17.5,5,conservative,True,0.0843753893195
-48,-17.5,5,conservative,True,0.0954796848771
-47,-17.5,5,conservative,True,0.116050768215
-46,-17.5,5,conservative,True,0.132559418058
-45,-17.5,5,conservative,True,0.144003885491
-44,-17.5,5,conservative,True,0.162744751632
-43,-17.5,5,conservative,True,0.180787740747
-42,-17.5,5,conservative,True,0.192816207061
-41,-17.5,5,conservative,True,0.202260100365
-40,-17.5,5,conservative,True,0.206520200073
-39,-17.5,5,conservative,True,0.197198319416
-38,-17.5,5,conservative,True,0.197233928543
-37,-17.5,5,conservative,True,0.186738410954
-36,-17.5,5,conservative,True,0.181031074257
-35,-17.5,5,conservative,True,0.185379836263
-34,-17.5,5,conservative,True,0.182032983224
-33,-17.5,5,conservative,True,0.177506391204
-32,-17.5,5,conservative,True,0.179099145255
-31,-17.5,5,conservative,True,0.181043188482
-30,-17.5,5,conservative,True,0.182799493967
-29,-17.5,5,conservative,True,0.182268314662
-28,-17.5,5,conservative,True,0.187606290416
-27,-17.5,5,conservative,True,0.193476427749
-26,-17.5,5,conservative,True,0.196915969632
-25,-17.5,5,conservative,True,0.202192832492
-24,-17.5,5,conservative,True,0.204517943702
-23,-17.5,5,conservative,True,0.205962690058
-22,-17.5,5,conservative,True,0.202488902044
-21,-17.5,5,conservative,True,0.202211066714
-20,-17.5,5,conservative,True,0.198252203865
-19,-17.5,5,conservative,True,0.1947604278
-18,-17.5,5,conservative,True,0.188972305692
-17,-17.5,5,conservative,True,0.182670444731
-16,-17.5,5,conservative,True,0.177337527491
-15,-17.5,5,conservative,True,0.16663120264
-14,-17.5,5,conservative,True,0.162155464765
-13,-17.5,5,conservative,True,0.156710278289
-12,-17.5,5,conservative,True,0.153640039371
-11,-17.5,5,conservative,True,0.1499340899
-10,-17.5,5,conservative,True,0.145437423457
-9,-17.5,5,conservative,True,0.138335454401
-8,-17.5,5,conservative,True,0.135857937423
-7,-17.5,5,conservative,True,0.135520917348
-6,-17.5,5,conservative,True,0.129330135629
-5,-17.5,5,conservative,True,0.122260315446
-4,-17.5,5,conservative,True,0.117870940946
-3,-17.5,5,conservative,True,0.111208298155
-2,-17.5,5,conservative,True,0.105815609931
-1,-17.5,5,conservative,True,0.0993103685938
0,-17.5,5,conservative,True,0.0922450318098
1,-17.5,5,conservative,True,0.0866158926737
2,-17.5,5,conservative,True,0.0824359221294
3,-17.5,5,conservative,True,0.0742865144113
4,-17.5,5,conservative,True,0.0700375629709
5,-17.5,5,conservative,True,0.0656887972899
6,-17.5,5,conservative,True,0.0625691694561
7,-17.5,5,conservative,True,0.0635401648723
8,-17.5,5,conservative,True,0.0619681912158
9,-17.5,5,conservative,True,0.0663265597278
10,-17.5,5,conservative,True,0.0689153709544
11,-17.5,5,conservative,True,0.0690920654087
12,-17.5,5,conservative,True,0.0749954920563
13,-17.5,5,conservative,True,0.0774533478373
14,-17.5,5,conservative,True,0.0823146391557
15,-17.5,5,conservative,True,0.0813961827196
16,-17.5,5,conservative,True,0.0822776028565
17,-17.5,5,conservative,True,0.0840857827172
18,-17.5,5,conservative,True,0.0817605843907
19,-17.5,5,conservative,True,0.080008370116
20,-17.5,5,conservative,True,0.0795390124713
21,-17.5,5,conservative,True,0.0779972896818
22,-17.5,5,conservative,True,0.0762024889778
23,-17.5,5,conservative,True,0.0753212098596
24,-17.5,5,conservative,True,0.0699079352636
25,-17.5,5,conservative,True,0.0693988305629
26,-17.5,5,conservative,True,0.0602919376361
27,-17.5,5,conservative,True,0.060604203723
28,-17.5,5,conservative,True,0.0614942818153
29,-17.5,5,conservative,True,0.0611732147751
30,-17.5,5,conservative,True,0.0638822395136
31,-17.5,5,conservative,True,0.0686143087293
32,-17.5,5,conservative,True,0.0824773914023
33,-17.5,5,conservative,True,0.0908953533458
34,-17.5,5,conservative,True,0.103279314142
35,-17.5,5,conservative,True,0.119550370234
36,-17.5,5,conservative,True,0.136217440269
37,-17.5,5,conservative,True,0.152371382085
38,-17.5,5,conservative,True,0.163292593182
39,-17.5,5,conservative,True,0.177169034004
40,-17.5,5,conservative,True,0.180615956245
41,-17.5,5,conservative,True,0.199350224363
42,-17.5,5,conservative,True,0.201147986981
43,-17.5,5,conservative,True,0.204944266395
44,-17.5,5,conservative,True,0.211856695315
45,-17.5,5,conservative,True,0.213150194872
46,-17.5,5,conservative,True,0.215787585724
47,-17.5,5,conservative,False,
48,-17.5,5,conservative,False,
49,-17.5,5,conservative,False,
50,-17.5,5,conservative,False,
51,-17.5,5,conservative,False,
52,-17.5,5,conservative,False,
-52,-16.5,5,conservative,False,
-51,-16.5,5,conservative,True,-0.00540505500105
-50,-16.5,5,conservative,True,0.0187222287623
-49,-16.5,5,conservative,True,0.0351302614356
-48,-16.5,5,conservative,True,0.0594238943564
-47,-16.5,5,conservative,True,0.0838073691388
-46,-16.5,5,conservative,True,0.0954013123079
-45,-16.5,5,conservative,True,0.108730898689
-44,-16.5,5,conservative,True,0.129527696874
-43,-16.5,5,conservative,True,0.139000021702
-42,-16.5,5,conservative,True,0.148248469479
-41,-16.5,5,conservative,True,0.160533418313
-40,-16.5,5,conservative,True,0.163219665507
-39,-16.5,5,conservative,True,0.167600050967
-38,-16.5,5,conservative,True,0.163986496529
-37,-16.5,5,conservative,True,0.158967183039
-36,-16.5,5,conservative,True,0.150415593878
-35,-16.5,5,conservative,True,0.149865242702
-34,-16.5,5,conservative,True,0.155186943514
-33,-16.5,5,conservative,True,0.154989586438
-32,-16.5,5,conservative,True,0.15839696701
-31,-16.5,5,conservative,True,0.16265080906
-30,-16.5,5,conservative,True,0.167117488479
-29,-16.5,5,conservative,True,0.170495528814
-28,-16.5,5,conservative,True,0.173815817721
-27,-16.5,5,conservative,True,0.180723418214
-26,-16.5,5,conservative,True,0.184731721903
-25,-16.5,5,conservative,True,0.189738398854
-24,-16.5,5,conservative,True,0.193882239362
-23,-16.5,5,conservative,True,0.196465685645
-22,-16.5,5,conservative,True,0.193875109077
-21,-16.5,5,conservative,True,0.193808244407
-20,-16.5,5,conservative,True,0.189136762894
-19,-16.5,5,conservative,True,0.183983106129
-18,-16.5,5,conservative,True,0.175908024445
-17,-16.5,5,conservative,True,0.172855224741
-16,-16.5,5,conservative,True,0.163770581482
-15,-16.5,5,conservative,True,0.155776951984
-14,-16.5,5,conservative,True,0.151387643756
-13,-16.5,5,conservative,True,0.144793068943
-12,-16.5,5,conservative,True,0.141773986263
-11,-16.5,5,conservative,True,0.141424302017
-10,-16.5,5,conservative,True,0.137188192549
-9,-16.5,5,conservative,True,0.133233351515
-8,-16.5,5,conservative,True,0.130283429356
-7,-16.5,5,conservative,True,0.126807913429
-6,-16.5,5,conservative,True,0.122993825312
-5,-16.5,5,conservative,True,0.116709789366
-4,-16.5,5,conservative,True,0.110941679758
-3,-16.5,5,conservative,True,0.103392726246
-2,-16.5,5,conservative,True,0.0978896722131
-1,-16.5,5,conservative,True,0.0889691125764
0,-16.5,5,conservative,True,0.0812786389132
1,-16.5,5,conservative,True,0.0762641877983
2,-16.5,5,conservative,True,0.0715853223678
3,-16.5,5,conservative,True,0.065542626471
4,-16.5,5,conservative,True,0.060853732159
5,-16.5,5,conservative,True,0.0575354005112
6,-16.5,5,conservative,True,0.0537909861498
7,-16.5,5,conservative,True,0.051708986339
8,-16.5,5,conservative,True,0.0526266468562
9,-16.5,5,conservative,True,0.0543965682171
10,-16.5,5,conservative,True,0.0560417647585
11,-16.5,5,conservative,True,0.058732749889
12,-16.5,5,conservative,True,0.0594241399902
13,-16.5,5,conservative,True,0.060144676274
14,-16.5,5,conservative,True,0.0632208168594
15,-16.5,5,conservative,True,0.0651934741609
16,-16.5,5,conservative,True,0.0647837315526
17,-16.5,5,conservative,True,0.0634975471829
18,-16.5,5,conservative,True,0.0616833414532
19,-16.5,5,conservative,True,0.0648316038945
20,-16.5,5,conservative,True,0.0628578334977
21,-16.5,5,conservative,True,0.0581350568161
22,-16.5,5,conservative,True,0.0526918954581
23,-16.5,5,conservative,True,0.0500621220296
24,-16.5,5,conservative,True,0.0443672727344
25,-16.5,5,conservative,True,0.0417290605426
26,-16.5,5,conservative,True,0.0354397248679
27,-16.5,5,conservative,True,0.0316245053649
28,-16.5,5,conservative,True,0.0307617581539
29,-16.5,5,conservative,True,0.0336566886968
30,-16.5,5,conservative,True,0.0364874671542
31,-16.5,5,conservative,True,0.0409194873367
32,-16.5,5,conservative,True,0.0462777525106
33,-16.5,5,conservative,True,0.0584017038509
34,-16.5,5,conservative,True,0.0672560086245
35,-16.5,5,conservative,True,0.0819741028961
36,-16.5,5,conservative,True,0.10014751632
37,-16.5,5,conservative,True,0.117043523411
38,-16.5,5,conservative,True,0.127899565288
39,-16.5,5,conservative,True,0.130971849645
40,-16.5,5,conservative,True,0.143266743056
41,-16.5,5,conservative,True,0.160268159156
42,-16.5,5,conservative,True,0.173429084205
43,-16.5,5,conservative,True,0.183748568315
44,-16.5,5,conservative,True,0.187289659313
45,-16.5,5,conservative,True,0.189680914582
46,-16.5,5,conservative,True,0.186928924653
47,-16.5,5,conservative,True,0.181004861227
48,-16.5,5,conservative,False,
49,-16.5,5,conservative,False,
50,-16.5,5,conservative,False,
51,-16.5,5,conservative,False,
52,-16.5,5,conservative,False,
-52,-15.5,5,conservative,False,
-51,-15.5,5,conservative,True,-0.0467996919311
-50,-15.5,5,conservative,True,-0.0383090257171
-49,-15.5,5,conservative,True,-0.0166522959815
-48,-15.5,5,conservative,True,0.00990475121028
-47,-15.5,5,conservative,True,0.0381723745243
-46,-15.5,5,conservative,True,0.0581646925882
-45,-15.5,5,conservative,True,0.0690911788087
-44,-15.5,5,conservative,True,0.0900370605935
-43,-15.5,5,conservative,True,0.0971731523572
-42,-15.5,5,conservative,True,0.101474488651
-41,-15.5,5,conservative,True,0.11233521016
-40,-15.5,5,conservative,True,0.126700662651
-39,-15.5,5,conservative,True,0.126287673903
-38,-15.5,5,conservative,True,0.124353682018
-37,-15.5,5,conservative,True,0.120514621184
-36,-15.5,5,conservative,True,0.120873594747
-35,-15.5,5,conservative,True,0.121001629936
-34,-15.5,5,conservative,True,0.124925223699
-33,-15.5,5,conservative,True,0.129706857584
-32,-15.5,5,conservative,True,0.134255105318
-31,-15.5,5,conservative,True,0.138829499662
-30,-15.5,5,conservative,True,0.146056355381
-29,-15.5,5,conservative,True,0.153593259788
-28,-15.5,5,conservative,True,0.157436574539
-27,-15.5,5,conservative,True,0.167739206073
-26,-15.5,5,conservative,True,0.175384695306
-25,-15.5,5,conservative,True,0.179030852278
-24,-15.5,5,conservative,True,0.181276688143
-23,-15.5,5,conservative,True,0.18368182227
-22,-15.5,5,conservative,True,0.184830604582
-21,-15.5,5,conservative,True,0.18528178765
-20,-15.5,5,conservative,True,0.181064478663
-19,-15.5,5,conservative,True,0.176610410828
-18,-15.5,5,conservative,True,0.165424729317
-17,-15.5,5,conservative,True,0.157447835812
-16,-15.5,5,conservative,True,0.151226082411
-15,-15.5,5,conservative,True,0.14912411829
-14,-15.5,5,conservative,True,0.143306880818
-13,-15.5,5,conservative,True,0.137521856088
-12,-15.5,5,conservative,True,0.133896062985
-11,-15.5,5,conservative,True,0.128964581191
-10,-15.5,5,conservative,True,0.126458709528
-9,-15.5,5,conservative,True,0.125702513648
-8,-15.5,5,conservative,True,0.122189786524
-7,-15.5,5,conservative,True,0.119915083435
-6,-15.5,5,conservative,True,0.112783982654
-5,-15.5,5,conservative,True,0.108671376511
-4,-15.5,5,conservative,True,0.101737184075
-3,-15.5,5,conservative,True,0.0946681222309
-2,-15.5,5,conservative,True,0.0909650327671
-1,-15.5,5,conservative,True,0.0813664075841
0,-15.5,5,conservative,True,0.074867864888
1,-15.5,5,conservative,True,0.0695556506457
2,-15.5,5,conservative,True,0.0633788030837
3,-15.5,5,conservative,True,0.0551193007569
4,-15.5,5,conservative,True,0.0510766922318
5,-15.5,5,conservative,True,0.0455105029531
6,-15.5,5,conservative,True,0.0428040823233
7,-15.5,5,conservative,True,0.04157327178
8,-15.5,5,conservative,True,0.0406578965616
9,-15.5,5,conservative,True,0.041950632075
10,-15.5,5,conservative,True,0.0406490279359
11,-15.5,5,conservative,True,0.0396081082796
12,-15.5,5,conservative,True,0.0426085421716
13,-15.5,5,conservative,True,0.0454431542259
14,-15.5,5,conservative,True,0.0459907572709
15,-15.5,5,conservative,True,0.0483552258317
16,-15.5,5,conservative,True,0.0451549659588
17,-15.5,5,conservative,True,0.0473344151127
18,-15.5,5,conservative,True,0.0436071673922
19,-15.5,5,conservative,True,0.0467607030698
20,-15.5,5,conservative,True,0.0451659221629
21,-15.5,5,conservative,True,0.0408540439209
22,-15.5,5,conservative,True,0.0334126449429
23,-15.5,5,conservative,True,0.0293339825935
24,-15.5,5,conservative,True,0.0223939004998
25,-15.5,5,conservative,True,0.0119274718522
26,-15.5,5,conservative,True,0.0067576339703
27,-15.5,5,conservative,True,0.00270400401183
28,-15.5,5,conservative,True,0.00369654197081
29,-15.5,5,conservative,True,0.00234413383749
30,-15.5,5,conservative,True,0.0089710559064
31,-15.5,5,conservative,True,0.0129381721632
32,-15.5,5,conservative,True,0.0180966218391
33,-15.5,5,conservative,True,0.0226526910788
34,-15.5,5,conservative,True,0.0274841236373
35,-15.5,5,conservative,True,0.0463420051355
36,-15.5,5,conservative,True,0.0611198645817
37,-15.5,5,conservative,True,0.0731620485128
38,-15.5,5,conservative,True,0.0791349579116
39,-15.5,5,conservative,True,0.0890213498642
40,-15.5,5,conservative,True,0.105537713245
41,-15.5,5,conservative,True,0.115288054297
42,-15.5,5,conservative,True,0.137142886867
43,-15.5,5,conservative,True,0.148746052043
44,-15.5,5,conservative,True,0.153553813279
45,-15.5,5,conservative,True,0.161527082375
46,-15.5,5,conservative,True,0.150971228265
47,-15.5,5,conservative,True,0.147231330393
48,-15.5,5,conservative,True,0.153402152022
49,-15.5,5,conservative,False,
50,-15.5,5,conservative,False,
51,-15.5,5,conservative,False,
52,-15.5,5,conservative,False,
-52,-14.5,5,conservative,False,
-51,-14.5,5,conservative,True,-0.107795730259
-50,-14.5,5,conservative,True,-0.0857615964094
-49,-14.5,5,conservative,True,-0.0713900437148
-48,-14.5,5,conservative,True,-0.04433863965
-47,-14.5,5,conservative,True,-0.0150437325699
-46,-14.5,5,conservative,True,0.00855153215482
-45,-14.5,5,conservative,True,0.0233737470932
-44,-14.5,5,conservative,True,0.0403109734641
-43,-14.5,5,conservative,True,0.0544599896496
-42,-14.5,5,conservative,True,0.0594533712597
-41,-14.5,5,conservative,True,0.0711412909217
-40,-14.5,5,conservative,True,0.0792087487727
-39,-14.5,5,conservative,True,0.0793158873047
-38,-14.5,5,conservative,True,0.0790212807369
-37,-14.5,5,conservative,True,0.0812057794091
-36,-14.5,5,conservative,True,0.0846604522597
-35,-14.5,5,conservative,True,0.0893726564088
-34,-14.5,5,conservative,True,0.0907279089572
-33,-14.5,5,conservative,True,0.099150993874
-32,-14.5,5,conservative,True,0.109252561808
-31,-14.5,5,conservative,True,0.115821458931
-30,-14.5,5,conservative,True,0.121993551327
-29,-14.5,5,conservative,True,0.134517548873
-28,-14.5,5,conservative,True,0.146343373637
-27,-14.5,5,conservative,True,0.158047972693
-26,-14.5,5,conservative,True,0.162249592609
-25,-14.5,5,conservative,True,0.16788225127
-24,-14.5,5,conservative,True,0.169028654045
-23,-14.5,5,conservative,True,0.172979738943
-22,-14.5,5,conservative,True,0.176537256547
-21,-14.5,5,conservative,True,0.171748342507
-20,-14.5,5,conservative,True,0.170201058911
-19,-14.5,5,conservative,True,0.161543681552
-18,-14.5,5,conservative,True,0.154154139364
-17,-14.5,5,conservative,True,0.150134598137
-16,-14.5,5,conservative,True,0.142865133677
-15,-14.5,5,conservative,True,0.139341238151
-14,-14.5,5,conservative,True,0.135717673028
-13,-14.5,5,conservative,True,0.129939059041
-12,-14.5,5,conservative,True,0.128279962874
-11,-14.5,5,conservative,True,0.122487619386
-10,-14.5,5,conservative,True,0.117619181771
-9,-14.5,5,conservative,True,0.116059237155
-8,-14.5,5,conservative,True,0.113429957462
-7,-14.5,5,conservative,True,0.110881791173
-6,-14.5,5,conservative,True,0.104101115343
-5,-14.5,5,conservative,True,0.0969052936455
-4,-14.5,5,conservative,True,0.0900713905826
-3,-14.5,5,conservative,True,0.0837014061045
-2,-14.5,5,conservative,True,0.0790612696642
-1,-14.5,5,conservative,True,0.0713271844108
0,-14.5,5,conservative,True,0.063239631773
1,-14.5,5,conservative,True,0.0611640561928
2,-14.5,5,conservative,True,0.0526610722978
3,-14.5,5,conservative,True,0.0441545339739
4,-14.5,5,conservative,True,0.04125448093
5,-14.5,5,conservative,True,0.0376139199713
6,-14.5,5,conservative,True,0.0351652171932
7,-14.5,5,conservative,True,0.0335631087151
8,-14.5,5,conservative,True,0.0298142351287
9,-14.5,5,conservative,True,0.0266295043336
10,-14.5,5,conservative,True,0.0257170624513
11,-14.5,5,conservative,True,0.0247351586517
12,-14.5,5,conservative,True,0.0276360751886
13,-14.5,5,conservative,True,0.0304029069144
14,-14.5,5,conservative,True,0.0321000013533
15,-14.5,5,conservative,True,0.03170735363
16,-14.5,5,conservative,True,0.0304895711679
17,-14.5,5,conservative,True,0.0323815574712
18,-14.5,5,conservative,True,0.0290219311326
19,-14.5,5,conservative,True,0.0287315912343
20,-14.5,5,conservative,True,0.0249357913026
21,-14.5,5,conservative,True,0.0191431993051
22,-14.5,5,conservative,True,0.0143993109419
23,-14.5,5,conservative,True,0.00269505966893
24,-14.5,5,conservative,True,-0.00164600132353
25,-14.5,5,conservative,True,-0.00949289746901
26,-14.5,5,conservative,True,-0.0199188830462
27,-14.5,5,conservative,True,-0.0252680368611
28,-14.5,5,conservative,True,-0.0276952972142
29,-14.5,5,conservative,True,-0.0256684398911
30,-14.5,5,conservative,True,-0.0263673803466
31,-14.5,5,conservative,True,-0.0245747203762
32,-14.5,5,conservative,True,-0.0168671280429
33,-14.5,5,conservative,True,-0.0101624723707
34,-14.5,5,conservative,True,-0.000179689545823
35,-14.5,5,conservative,True,0.0129404903479
36,-14.5,5,conservative,True,0.0244225711713
37,-14.5,5,conservative,True,0.0307941901572
38,-14.5,5,conservative,True,0.0384820486279
39,-14.5,5,conservative,True,0.0503083592764
40,-14.5,5,conservative,True,0.0672214158749
41,-14.5,5,conservative,True,0.0780956671233
42,-14.5,5,conservative,True,0.0920425581858
43,-14.5,5,conservative,True,0.104056283854
44,-14.5,5,conservative,True,0.11026337666
45,-14.5,5,conservative,True,0.122014196066
46,-14.5,5,conservative,True,0.113993680195
47,-14.5,5,conservative,True,0.117613140147
48,-14.5,5,conservative,True,0.120865909294
49,-14.5,5,conservative,False,
50,-14.5,5,conservative,False,
51,-14.5,5,conservative,False,
52,-14.5,5,conservative,False,
-52,-13.5,5,conservative,False,
-51,-13.5,5,conservative,True,-0.164633162569
-50,-13.5,5,conservative,True,-0.145211063591
-49,-13.5,5,conservative,True,-0.118356109684
-48,-13.5,5,conservative,True,-0.0886127377933
-47,-13.5,5,conservative,True,-0.0611219557715
-46,-13.5,5,conservative,True,-0.0424109123233
-45,-13.5,5,conservative,True,-0.0225413640474
-44,-13.5,5,conservative,True,-0.0110253396044
-43,-13.5,5,conservative,True,0.00221136080584
-42,-13.5,5,conservative,True,0.0161776120658
-41,-13.5,5,conservative,True,0.0218381243588
-40,-13.5,5,conservative,True,0.0335650592884
-39,-13.5,5,conservative,True,0.0368683370389
-38,-13.5,5,conservative,True,0.0377159588261
-37,-13.5,5,conservative,True,0.0435092616826
-36,-13.5,5,conservative,True,0.0508961878529
-35,-13.5,5,conservative,True,0.054131589896
-34,-13.5,5,conservative,True,0.0593979303122
-33,-13.5,5,conservative,True,0.0693824793768
-32,-13.5,5,conservative,True,0.0806251672931
-31,-13.5,5,conservative,True,0.0923842431485
-30,-13.5,5,conservative,True,0.101924687513
-29,-13.5,5,conservative,True,0.114659961725
-28,-13.5,5,conservative,True,0.126552248991
-27,-13.5,5,conservative,True,0.137871577554
-26,-13.5,5,conservative,True,0.142538100939
-25,-13.5,5,conservative,True,0.154835112349
-24,-13.5,5,conservative,True,0.158000908967
-23,-13.5,5,conservative,True,0.163674983249
-22,-13.5,5,conservative,True,0.166626195542
-21,-13.5,5,conservative,True,0.160601184941
-20,-13.5,5,conservative,True,0.155201439198
-19,-13.5,5,conservative,True,0.150941889753
-18,-13.5,5,conservative,True,0.143619066907
-17,-13.5,5,conservative,True,0.137633566681
-16,-13.5,5,conservative,True,0.131752543624
-15,-13.5,5,conservative,True,0.130709604838
-14,-13.5,5,conservative,True,0.12754737567
-13,-13.5,5,conservative,True,0.118951551409
-12,-13.5,5,conservative,True,0.11870727445
-11,-13.5,5,conservative,True,0.114661961147
-10,-13.5,5,conservative,True,0.110887233275
-9,-13.5,5,conservative,True,0.108450771195
-8,-13.5,5,conservative,True,0.101722040514
-7,-13.5,5,conservative,True,0.101249121699
-6,-13.5,5,conservative,True,0.0952352139193
-5,-13.5,5,conservative,True,0.0852204064148
-4,-13.5,5,conservative,True,0.0793161421927
-3,-13.5,5,conservative,True,0.072943995104
-2,-13.5,5,conservative,True,0.0672141996111
-1,-13.5,5,conservative,True,0.0610015935688
0,-13.5,5,conservative,True,0.0530707497563
1,-13.5,5,conservative,True,0.0478573771355
2,-13.5,5,conservative,True,0.0393399352614
3,-13.5,5,conservative,True,0.0353566846492
4,-13.5,5,conservative,True,0.0298886659548
5,-13.5,5,conservative,True,0.0243208770718
6,-13.5,5,conservative,True,0.0209347215225
7,-13.5,5,conservative,True,0.0174268996703
8,-13.5,5,conservative,True,0.0167537848702
9,-13.5,5,conservative,True,0.0113655566941
10,-13.5,5,conservative,True,0.0111170529401
11,-13.5,5,conservative,True,0.0132544675098
12,-13.5,5,conservative,True,0.0124271689676
13,-13.5,5,conservative,True,0.0102687208426
14,-13.5,5,conservative,True,0.0168924000673
15,-13.5,5,conservative,True,0.0143979041667
16,-13.5,5,conservative,True,0.013938178461
17,-13.5,5,conservative,True,0.00992389169604
18,-13.5,5,conservative,True,0.00874960532761
19,-13.5,5,conservative,True,0.00646942310702
20,-13.5,5,conservative,True,0.00125903114988
21,-13.5,5,conservative,True,-0.00736005769608
22,-13.5,5,conservative,True,-0.0144162224941
23,-13.5,5,conservative,True,-0.0208792743755
24,-13.5,5,conservative,True,-0.0285044301531
25,-13.5,5,conservative,True,-0.0327308130912
26,-13.5,5,conservative,True,-0.0483559927253
27,-13.5,5,conservative,True,-0.0507425517614
28,-13.5,5,conservative,True,-0.0555260741246
29,-13.5,5,conservative,True,-0.0547368355062
30,-13.5,5,conservative,True,-0.0581710281167
31,-13.5,5,conservative,True,-0.0541863239933
32,-13.5,5,conservative,True,-0.0558574176728
33,-13.5,5,conservative,True,-0.0482259278055
34,-13.5,5,conservative,True,-0.0364965869593
35,-13.5,5,conservative,True,-0.0290856714099
36,-13.5,5,conservative,True,-0.0228586454046
37,-13.5,5,conservative,True,-0.0137656521236
38,-13.5,5,conservative,True,0.000907542773672
39,-13.5,5,conservative,True,0.00551437143117
40,-13.5,5,conservative,True,0.0215829121292
41,-13.5,5,conservative,True,0.0412779694145
42,-13.5,5,conservative,True,0.050228032534
43,-13.5,5,conservative,True,0.0615859685727
44,-13.5,5,conservative,True,0.0647817832642
45,-13.5,5,conservative,True,0.0771019414889
46,-13.5,5,conservative,True,0.0799389856663
47,-13.5,5,conservative,True,0.0900975836252
48,-13.5,5,conservative,True,0.0925017401071
49,-13.5,5,conservative,True,0.0940513093232
50,-13.5,5,conservative,False,
51,-13.5,5,conservative,False,
52,-13.5,5,conservative,False,
-52,-12.5,5,conservative,False,
-51,-12.5,5,conservative,True,-0.211215030554
-50,-12.5,5,conservative,True,-0.192684417952
-49,-12.5,5,conservative,True,-0.167825068832
-48,-12.5,5,conservative,True,-0.135446485317
-47,-12.5,5,conservative,True,-0.111599871613
-46,-12.5,5,conservative,True,-0.0944587921843
-45,-12.5,5,conservative,True,-0.0781772433566
-44,-12.5,5,conservative,True,-0.0598381782558
-43,-12.5,5,conservative,True,-0.0447723166529
-42,-12.5,5,conservative,True,-0.0307213752123
-41,-12.5,5,conservative,True,-0.0216670766585
-40,-12.5,5,conservative,True,-0.0149246220085
-39,-12.5,5,conservative,True,-0.00879630557548
-38,-12.5,5,conservative,True,-0.0059101623612
-37,-12.5,5,conservative,True,0.00398607755023
-36,-12.5,5,conservative,True,0.0119385260556
-35,-12.5,5,conservative,True,0.020374985526
-34,-12.5,5,conservative,True,0.0309512003354
-33,-12.5,5,conservative,True,0.042325609678
-32,-12.5,5,conservative,True,0.0540216349221
-31,-12.5,5,conservative,True,0.0677566731366
-30,-12.5,5,conservative,True,0.0805765860197
-29,-12.5,5,conservative,True,0.0939528832796
-28,-12.5,5,conservative,True,0.108873004612
-27,-12.5,5,conservative,True,0.121198688439
-26,-12.5,5,conservative,True,0.129538483123
-25,-12.5,5,conservative,True,0.13975528901
-24,-12.5,5,conservative,True,0.146512135422
-23,-12.5,5,conservative,True,0.150372013535
-22,-12.5,5,conservative,True,0.153670635379
-21,-12.5,5,conservative,True,0.151215220047
-20,-12.5,5,conservative,True,0.146526853719
-19,-12.5,5,conservative,True,0.142435135564
-18,-12.5,5,conservative,True,0.134345812691
-17,-12.5,5,conservative,True,0.129973557108
-16,-12.5,5,conservative,True,0.125076323764
-15,-12.5,5,conservative,True,0.1246626188
-14,-12.5,5,conservative,True,0.119306067622
-13,-12.5,5,conservative,True,0.114105892184
-12,-12.5,5,conservative,True,0.111665235401
-11,-12.5,5,conservative,True,0.106237769506
-10,-12.5,5,conservative,True,0.105928438722
-9,-12.5,5,conservative,True,0.0995266955829
-8,-12.5,5,conservative,True,0.0931372601581
-7,-12.5,5,conservative,True,0.0887862342351
-6,-12.5,5,conservative,True,0.0835510608647
-5,-12.5,5,conservative,True,0.0759906771979
-4,-12.5,5,conservative,True,0.0681381195323
-3,-12.5,5,conservative,True,0.0615293076485
-2,-12.5,5,conservative,True,0.057146718693
-1,-12.5,5,conservative,True,0.0497380889976
0,-12.5,5,conservative,True,0.043679919346
1,-12.5,5,conservative,True,0.036943609301
2,-12.5,5,conservative,True,0.02815089082
3,-12.5,5,conservative,True,0.0198217920275
4,-12.5,5,conservative,True,0.0151765099838
5,-12.5,5,conservative,True,0.00901988068656
6,-12.5,5,conservative,True,0.00645332710318
7,-12.5,5,conservative,True,0.00045660966706
8,-12.5,5,conservative,True,-0.00110331191044
9,-12.5,5,conservative,True,-0.00311552814616
10,-12.5,5,conservative,True,-0.00324334519307
11,-12.5,5,conservative,True,-0.00472107857044
12,-12.5,5,conservative,True,-0.00365119794866
13,-12.5,5,conservative,True,-0.00542894370244
14,-12.5,5,conservative,True,-0.00359243243157
15,-12.5,5,conservative,True,-0.00415161709981
16,-12.5,5,conservative,True,-0.00388287988939
17,-12.5,5,conservative,True,-0.00955562773806
18,-12.5,5,conservative,True,-0.0124347389196
19,-12.5,5,conservative,True,-0.015385840966
20,-12.5,5,conservative,True,-0.0189527140788
21,-12.5,5,conservative,True,-0.030415120825
22,-12.5,5,conservative,True,-0.0364657717061
23,-12.5,5,conservative,True,-0.0451414350634
24,-12.5,5,conservative,True,-0.052772598151
25,-12.5,5,conservative,True,-0.0651838842941
26,-12.5,5,conservative,True,-0.0710676715126
27,-12.5,5,conservative,True,-0.0792917551891
28,-12.5,5,conservative,True,-0.0851220555638
29,-12.5,5,conservative,True,-0.0878570612234
30,-12.5,5,conservative,True,-0.0875086532216
31,-12.5,5,conservative,True,-0.084190135341
32,-12.5,5,conservative,True,-0.0872720883746
33,-12.5,5,conservative,True,-0.0821517060464
34,-12.5,5,conservative,True,-0.0777902001332
35,-12.5,5,conservative,True,-0.0666344319785
36,-12.5,5,conservative,True,-0.0619268247595
37,-12.5,5,conservative,True,-0.0513956685525
38,-12.5,5,conservative,True,-0.0436068577744
39,-12.5,5,conservative,True,-0.0378356094757
40,-12.5,5,conservative,True,-0.0223637300223
41,-12.5,5,conservative,True,-0.010627123446
42,-12.5,5,conservative,True,0.000938279265588
43,-12.5,5,conservative,True,0.0102000490334
44,-12.5,5,conservative,True,0.0144852156828
45,-12.5,5,conservative,True,0.0263044078923
46,-12.5,5,conservative,True,0.0489246925675
47,-12.5,5,conservative,True,0.047118391209
48,-12.5,5,conservative,True,0.0641658610688
49,-12.5,5,conservative,True,0.0743010774912
50,-12.5,5,conservative,True,0.0817000177784
51,-12.5,5,conservative,False,
52,-12.5,5,conservative,False,
-52,-11.5,5,conservative,False,
-51,-11.5,5,conservative,True,-0.24231403039
-50,-11.5,5,conservative,True,-0.2330234198
-49,-11.5,5,conservative,True,-0.203807414604
-48,-11.5,5,conservative,True,-0.179265320234
-47,-11.5,5,conservative,True,-0.152718112499
-46,-11.5,5,conservative,True,-0.136582496436
-45,-11.5,5,conservative,True,-0.116397718519
-44,-11.5,5,conservative,True,-0.100868803296
-43,-11.5,5,conservative,True,-0.0847452282527
-42,-11.5,5,conservative,True,-0.0761152530674
-41,-11.5,5,conservative,True,-0.0678059038746
-40,-11.5,5,conservative,True,-0.0605458527024
-39,-11.5,5,conservative,True,-0.0477710158384
-38,-11.5,5,conservative,True,-0.0401388964249
-37,-11.5,5,conservative,True,-0.0298783684711
-36,-11.5,5,conservative,True,-0.0222095001162
-35,-11.5,5,conservative,True,-0.0105334086119
-34,-11.5,5,conservative,True,-0.000182346664357
-33,-11.5,5,conservative,True,0.015509490156
-32,-11.5,5,conservative,True,0.0301758413801
-31,-11.5,5,conservative,True,0.0478768052224
-30,-11.5,5,conservative,True,0.0632083571465
-29,-11.5,5,conservative,True,0.0774829586881
-28,-11.5,5,conservative,True,0.0958164580353
-27,-11.5,5,conservative,True,0.106819922179
-26,-11.5,5,conservative,True,0.119097725128
-25,-11.5,5,conservative,True,0.126987960826
-24,-11.5,5,conservative,True,0.135693538047
-23,-11.5,5,conservative,True,0.138006215991
-22,-11.5,5,conservative,True,0.140454373646
-21,-11.5,5,conservative,True,0.14167958762
-20,-11.5,5,conservative,True,0.140460518013
-19,-11.5,5,conservative,True,0.137586078134
-18,-11.5,5,conservative,True,0.130658103522
-17,-11.5,5,conservative,True,0.127668964226
-16,-11.5,5,conservative,True,0.122048416088
-15,-11.5,5,conservative,True,0.118712559188
-14,-11.5,5,conservative,True,0.113310642753
-13,-11.5,5,conservative,True,0.106240701994
-12,-11.5,5,conservative,True,0.103177287802
-11,-11.5,5,conservative,True,0.100220576799
-10,-11.5,5,conservative,True,0.0966307315234
-9,-11.5,5,conservative,True,0.09143926305
-8,-11.5,5,conservative,True,0.0851744025117
-7,-11.5,5,conservative,True,0.0815593463823
-6,-11.5,5,conservative,True,0.0730749660367
-5,-11.5,5,conservative,True,0.0655276661837
-4,-11.5,5,conservative,True,0.0600923604836
-3,-11.5,5,conservative,True,0.0552118651974
-2,-11.5,5,conservative,True,0.0463322891589
-1,-11.5,5,conservative,True,0.0387037484215
0,-11.5,5,conservative,True,0.0327809774463
1,-11.5,5,conservative,True,0.0250382070854
2,-11.5,5,conservative,True,0.0144314391946
3,-11.5,5,conservative,True,0.00722115399245
4,-11.5,5,conservative,True,0.0025652390187
5,-11.5,5,conservative,True,-0.00398852741284
6,-11.5,5,conservative,True,-0.00746985420509
7,-11.5,5,conservative,True,-0.013422286971
8,-11.5,5,conservative,True,-0.015509700478
9,-11.5,5,conservative,True,-0.0166155270911
10,-11.5,5,conservative,True,-0.0191232334349
11,-11.5,5,conservative,True,-0.0194553581902
12,-11.5,5,conservative,True,-0.0186767625173
13,-11.5,5,conservative,True,-0.0215080287577
14,-11.5,5,conservative,True,-0.0224089182705
15,-11.5,5,conservative,True,-0.0218739120871
16,-11.5,5,conservative,True,-0.0274171458877
17,-11.5,5,conservative,True,-0.0289241823538
18,-11.5,5,conservative,True,-0.0299065651666
19,-11.5,5,conservative,True,-0.0375410837072
20,-11.5,5,conservative,True,-0.0453238711529
21,-11.5,5,conservative,True,-0.0515887541355
22,-11.5,5,conservative,True,-0.0580670522405
23,-11.5,5,conservative,True,-0.0712928608485
24,-11.5,5,conservative,True,-0.0805981686938
25,-11.5,5,conservative,True,-0.0886799328655
26,-11.5,5,conservative,True,-0.0974169068652
27,-11.5,5,conservative,True,-0.108996563795
28,-11.5,5,conservative,True,-0.116024577625
29,-11.5,5,conservative,True,-0.115909291043
30,-11.5,5,conservative,True,-0.119674867386
31,-11.5,5,conservative,True,-0.115187614533
32,-11.5,5,conservative,True,-0.120249557426
33,-11.5,5,conservative,True,-0.116798520895
34,-11.5,5,conservative,True,-0.113433726592
35,-11.5,5,conservative,True,-0.10713248752
36,-11.5,5,conservative,True,-0.102796872345
37,-11.5,5,conservative,True,-0.0929424914267
38,-11.5,5,conservative,True,-0.0863822804289
39,-11.5,5,conservative,True,-0.0771292209906
40,-11.5,5,conservative,True,-0.0646899846593
41,-11.5,5,conservative,True,-0.0533581993962
42,-11.5,5,conservative,True,-0.0442718626806
43,-11.5,5,conservative,True,-0.0307403478277
44,-11.5,5,conservative,True,-0.0216788207644
45,-11.5,5,conservative,True,-0.00958204231942
46,-11.5,5,conservative,True,0.00469515824814
47,-11.5,5,conservative,True,0.00993348876983
48,-11.5,5,conservative,True,0.0164006634555
49,-11.5,5,conservative,True,0.038089033328
50,-11.5,5,conservative,True,0.043368542265
51,-11.5,5,conservative,False,
52,-11.5,5,conservative,False,
-52,-10.5,5,conservative,False,
-51,-10.5,5,conservative,True,-0.266479221815
-50,-10.5,5,conservative,True,-0.258660968229
-49,-10.5,5,conservative,True,-0.239257786674
-48,-10.5,5,conservative,True,-0.218876644022
-47,-10.5,5,conservative,True,-0.195033944258
-46,-10.5,5,conservative,True,-0.174547174802
-45,-10.5,5,conservative,True,-0.159702165713
-44,-10.5,5,conservative,True,-0.146609505426
-43,-10.5,5,conservative,True,-0.128877413472
-42,-10.5,5,conservative,True,-0.116604508655
-41,-10.5,5,conservative,True,-0.109462860271
-40,-10.5,5,conservative,True,-0.0992516140539
-39,-10.5,5,conservative,True,-0.0839659360698
-38,-10.5,5,conservative,True,-0.0745406957467
-37,-10.5,5,conservative,True,-0.0634714162266
-36,-10.5,5,conservative,True,-0.0537926822811
-35,-10.5,5,conservative,True,-0.0422145414471
-34,-10.5,5,conservative,True,-0.0303062080751
-33,-10.5,5,conservative,True,-0.0121981612546
-32,-10.5,5,conservative,True,0.00417013547879
-31,-10.5,5,conservative,True,0.021891765857
-30,-10.5,5,conservative,True,0.0421929873668
-29,-10.5,5,conservative,True,0.0585399806948
-28,-10.5,5,conservative,True,0.0770021423588
-27,-10.5,5,conservative,True,0.0899227418577
-26,-10.5,5,conservative,True,0.104908875668
-25,-10.5,5,conservative,True,0.113434620557
-24,-10.5,5,conservative,True,0.123542796492
-23,-10.5,5,conservative,True,0.128821378319
-22,-10.5,5,conservative,True,0.131187512643
-21,-10.5,5,conservative,True,0.131698489883
-20,-10.5,5,conservative,True,0.130747961772
-19,-10.5,5,conservative,True,0.131167082279
-18,-10.5,5,conservative,True,0.124837278474
-17,-10.5,5,conservative,True,0.120221651629
-16,-10.5,5,conservative,True,0.115507931292
-15,-10.5,5,conservative,True,0.111431466457
-14,-10.5,5,conservative,True,0.106977854287
-13,-10.5,5,conservative,True,0.103200447864
-12,-10.5,5,conservative,True,0.0971109587191
-11,-10.5,5,conservative,True,0.0934310649541
-10,-10.5,5,conservative,True,0.0893784611347
-9,-10.5,5,conservative,True,0.0845678850733
-8,-10.5,5,conservative,True,0.0786733074339
-7,-10.5,5,conservative,True,0.0732306543443
-6,-10.5,5,conservative,True,0.0657534859443
-5,-10.5,5,conservative,True,0.0587049389733
-4,-10.5,5,conservative,True,0.0514494209897
-3,-10.5,5,conservative,True,0.0442074224392
-2,-10.5,5,conservative,True,0.0353363654039
-1,-10.5,5,conservative,True,0.0289669188191
0,-10.5,5,conservative,True,0.021798426786
1,-10.5,5,conservative,True,0.0134964861116
2,-10.5,5,conservative,True,0.00480558173684
3,-10.5,5,conservative,True,-0.00326847755281
4,-10.5,5,conservative,True,-0.0104436642612
5,-10.5,5,conservative,True,-0.0151356265787
6,-10.5,5,conservative,True,-0.0214637460186
7,-10.5,5,conservative,True,-0.0271224052712
8,-10.5,5,conservative,True,-0.0290216242692
9,-10.5,5,conservative,True,-0.0312341081601
10,-10.5,5,conservative,True,-0.0363838517137
11,-10.5,5,conservative,True,-0.0374237535977
12,-10.5,5,conservative,True,-0.0363384171086
13,-10.5,5,conservative,True,-0.0382666947471
14,-10.5,5,conservative,True,-0.040877823067
15,-10.5,5,conservative,True,-0.0419538010234
16,-10.5,5,conservative,True,-0.0431633920536
17,-10.5,5,conservative,True,-0.0503996253389
18,-10.5,5,conservative,True,-0.0540986135226
19,-10.5,5,conservative,True,-0.0612380476224
20,-10.5,5,conservative,True,-0.065445540037
21,-10.5,5,conservative,True,-0.0749071552787
22,-10.5,5,conservative,True,-0.0810108565713
23,-10.5,5,conservative,True,-0.095284075519
24,-10.5,5,conservative,True,-0.103634152254
25,-10.5,5,conservative,True,-0.112992083322
26,-10.5,5,conservative,True,-0.120237472709
27,-10.5,5,conservative,True,-0.132105184074
28,-10.5,5,conservative,True,-0.139176531594
29,-10.5,5,conservative,True,-0.139794328477
30,-10.5,5,conservative,True,-0.141735192948
31,-10.5,5,conservative,True,-0.143642748827
32,-10.5,5,conservative,True,-0.149217843348
33,-10.5,5,conservative,True,-0.14973908539
34,-10.5,5,conservative,True,-0.148062781615
35,-10.5,5,conservative,True,-0.145585661514
36,-10.5,5,conservative,True,-0.13540896576
37,-10.5,5,conservative,True,-0.129488709066
38,-10.5,5,conservative,True,-0.123625915362
39,-10.5,5,conservative,True,-0.115447621044
40,-10.5,5,conservative,True,-0.101583687749
41,-10.5,5,conservative,True,-0.094509914031
42,-10.5,5,conservative,True,-0.0860630542971
43,-10.5,5,conservative,True,-0.0745381453525
44,-10.5,5,conservative,True,-0.0629046064611
45,-10.5,5,conservative,True,-0.0544676960405
46,-10.5,5,conservative,True,-0.0325934150203
47,-10.5,5,conservative,True,-0.0253134397153
48,-10.5,5,conservative,True,-0.013195401906
49,-10.5,5,conservative,True,-0.0144599826169
50,-10.5,5,conservative,True,0.0126171783145
51,-10.5,5,conservative,False,
52,-10.5,5,conservative,False,
-52,-9.5,5,conservative,False,
-51,-9.5,5,conservative,True,-0.292001821493
-50,-9.5,5,conservative,True,-0.273246114159
-49,-9.5,5,conservative,True,-0.266519409932
-48,-9.5,5,conservative,True,-0.240369773504
-47,-9.5,5,conservative,True,-0.222997494718
-46,-9.5,5,conservative,True,-0.210340436713
-45,-9.5,5,conservative,True,-0.195281098005
-44,-9.5,5,conservative,True,-0.176310253449
-43,-9.5,5,conservative,True,-0.15903708742
-42,-9.5,5,conservative,True,-0.15124328686
-41,-9.5,5,conservative,True,-0.140957646697
-40,-9.5,5,conservative,True,-0.132517629286
-39,-9.5,5,conservative,True,-0.119817777551
-38,-9.5,5,conservative,True,-0.106696177837
-37,-9.5,5,conservative,True,-0.0960180603789
-36,-9.5,5,conservative,True,-0.0847293856279
-35,-9.5,5,conservative,True,-0.0706456756156
-34,-9.5,5,conservative,True,-0.0572213571173
-33,-9.5,5,conservative,True,-0.0399536082566
-32,-9.5,5,conservative,True,-0.0210749713425
-31,-9.5,5,conservative,True,-0.000655650792421
-30,-9.5,5,conservative,True,0.0192900468642
-29,-9.5,5,conservative,True,0.0395909575426
-28,-9.5,5,conservative,True,0.0549966655282
-27,-9.5,5,conservative,True,0.0741137654296
-26,-9.5,5,conservative,True,0.0925611137563
-25,-9.5,5,conservative,True,0.105311237531
-24,-9.5,5,conservative,True,0.113012424196
-23,-9.5,5,conservative,True,0.119503500527
-22,-9.5,5,conservative,True,0.120157689908
-21,-9.5,5,conservative,True,0.122573643999
-20,-9.5,5,conservative,True,0.124831077775
-19,-9.5,5,conservative,True,0.125181238193
-18,-9.5,5,conservative,True,0.120486661716
-17,-9.5,5,conservative,True,0.115967494363
-16,-9.5,5,conservative,True,0.113592341078
-15,-9.5,5,conservative,True,0.110927500772
-14,-9.5,5,conservative,True,0.105404866783
-13,-9.5,5,conservative,True,0.0986631496844
-12,-9.5,5,conservative,True,0.0954852653617
-11,-9.5,5,conservative,True,0.0879517753852
-10,-9.5,5,conservative,True,0.084238693472
-9,-9.5,5,conservative,True,0.07740024285
-8,-9.5,5,conservative,True,0.0688679148591
-7,-9.5,5,conservative,True,0.0646095276517
-6,-9.5,5,conservative,True,0.0573444281172
-5,-9.5,5,conservative,True,0.0476951369253
-4,-9.5,5,conservative,True,0.0421442742948
-3,-9.5,5,conservative,True,0.033481252393
-2,-9.5,5,conservative,True,0.0269112274396
-1,-9.5,5,conservative,True,0.0165457392422
0,-9.5,5,conservative,True,0.00893051249253
1,-9.5,5,conservative,True,0.00253677015784
2,-9.5,5,conservative,True,-0.00669525568692
3,-9.5,5,conservative,True,-0.0174551560988
4,-9.5,5,conservative,True,-0.02478653139
5,-9.5,5,conservative,True,-0.030623960843
6,-9.5,5,conservative,True,-0.0358200139643
7,-9.5,5,conservative,True,-0.0413697171918
8,-9.5,5,conservative,True,-0.0425144204362
9,-9.5,5,conservative,True,-0.0484340797713
10,-9.5,5,conservative,True,-0.0532565626303
11,-9.5,5,conservative,True,-0.0532501108178
12,-9.5,5,conservative,True,-0.0550898147261
13,-9.5,5,conservative,True,-0.0575892040006
14,-9.5,5,conservative,True,-0.0607377594788
15,-9.5,5,conservative,True,-0.061390237077
16,-9.5,5,conservative,True,-0.0677536760728
17,-9.5,5,conservative,True,-0.0708324053835
18,-9.5,5,conservative,True,-0.0761087249021
19,-9.5,5,conservative,True,-0.0825441099776
20,-9.5,5,conservative,True,-0.0917653179401
21,-9.5,5,conservative,True,-0.0965692081035
22,-9.5,5,conservative,True,-0.106583280163
23,-9.5,5,conservative,True,-0.117376842903
24,-9.5,5,conservative,True,-0.124136048134
25,-9.5,5,conservative,True,-0.133475472693
26,-9.5,5,conservative,True,-0.141801374826
27,-9.5,5,conservative,True,-0.150444213378
28,-9.5,5,conservative,True,-0.160137399719
29,-9.5,5,conservative,True,-0.164800447656
30,-9.5,5,conservative,True,-0.168529231543
31,-9.5,5,conservative,True,-0.170685833303
32,-9.5,5,conservative,True,-0.169518971354
33,-9.5,5,conservative,True,-0.172180739283
34,-9.5,5,conservative,True,-0.171134670479
35,-9.5,5,conservative,True,-0.170306133248
36,-9.5,5,conservative,True,-0.169774070585
37,-9.5,5,conservative,True,-0.161067200345
38,-9.5,5,conservative,True,-0.155399859257
39,-9.5,5,conservative,True,-0.146523017899
40,-9.5,5,conservative,True,-0.14032385311
41,-9.5,5,conservative,True,-0.131877705492
42,-9.5,5,conservative,True,-0.127651085952
43,-9.5,5,conservative,True,-0.111846170847
44,-9.5,5,conservative,True,-0.0944463445824
45,-9.5,5,conservative,True,-0.0844377302773
46,-9.5,5,conservative,True,-0.0613044460696
47,-9.5,5,conservative,True,-0.0572592932703
48,-9.5,5,conservative,True,-0.0493134343639
49,-9.5,5,conservative,True,-0.0441359774341
50,-9.5,5,conservative,True,-0.0293285177321
51,-9.5,5,conservative,False,
52,-9.5,5,conservative,False,
-52,-8.5,5,conservative,False,
-51,-8.5,5,conservative,True,-0.304239071112
-50,-8.5,5,conservative,True,-0.293394680817
-49,-8.5,5,conservative,True,-0.283244708192
-48,-8.5,5,conservative,True,-0.255686855167
-47,-8.5,5,conservative,True,-0.240969540447
-46,-8.5,5,conservative,True,-0.232963578798
-45,-8.5,5,conservative,True,-0.220625710408
-44,-8.5,5,conservative,True,-0.202429420805
-43,-8.5,5,conservative,True,-0.187352023682
-42,-8.5,5,conservative,True,-0.176001100605
-41,-8.5,5,conservative,True,-0.169487462083
-40,-8.5,5,conservative,True,-0.159851315625
-39,-8.5,5,conservative,True,-0.15207401555
-38,-8.5,5,conservative,True,-0.137647439911
-37,-8.5,5,conservative,True,-0.123689141343
-36,-8.5,5,conservative,True,-0.110436557446
-35,-8.5,5,conservative,True,-0.0944451999005
-34,-8.5,5,conservative,True,-0.0808821788393
-33,-8.5,5,conservative,True,-0.0631044383154
-32,-8.5,5,conservative,True,-0.0452261715042
-31,-8.5,5,conservative,True,-0.0236714055738
-30,-8.5,5,conservative,True,-0.00432886975881
-29,-8.5,5,conservative,True,0.0162168870066
-28,-8.5,5,conservative,True,0.0358573345827
-27,-8.5,5,conservative,True,0.0556972937654
-26,-8.5,5,conservative,True,0.0757209466655
-25,-8.5,5,conservative,True,0.0923277104636
-24,-8.5,5,conservative,True,0.104390889297
-23,-8.5,5,conservative,True,0.110511955958
-22,-8.5,5,conservative,True,0.11562390361
-21,-8.5,5,conservative,True,0.11756855745
-20,-8.5,5,conservative,True,0.12081705855
-19,-8.5,5,conservative,True,0.119088422356
-18,-8.5,5,conservative,True,0.114250694884
-17,-8.5,5,conservative,True,0.113830862999
-16,-8.5,5,conservative,True,0.110314966532
-15,-8.5,5,conservative,True,0.107285282201
-14,-8.5,5,conservative,True,0.102323746878
-13,-8.5,5,conservative,True,0.0984711624527
-12,-8.5,5,conservative,True,0.0931888895184
-11,-8.5,5,conservative,True,0.0862745670226
-10,-8.5,5,conservative,True,0.0787931636137
-9,-8.5,5,conservative,True,0.0719523690896
-8,-8.5,5,conservative,True,0.0621520278521
-7,-8.5,5,conservative,True,0.0545167938054
-6,-8.5,5,conservative,True,0.0469491765553
-5,-8.5,5,conservative,True,0.0406592768896
-4,-8.5,5,conservative,True,0.0334282239257
-3,-8.5,5,conservative,True,0.0245143363165
-2,-8.5,5,conservative,True,0.0133227297068
-1,-8.5,5,conservative,True,0.0034433790452
0,-8.5,5,conservative,True,-0.00159779850819
1,-8.5,5,conservative,True,-0.010663500755
2,-8.5,5,conservative,True,-0.0202796496679
3,-8.5,5,conservative,True,-0.0272164431517
4,-8.5,5,conservative,True,-0.0350058597769
5,-8.5,5,conservative,True,-0.042495516086
6,-8.5,5,conservative,True,-0.0500767202747
7,-8.5,5,conservative,True,-0.0526890314677
8,-8.5,5,conservative,True,-0.0574537308236
9,-8.5,5,conservative,True,-0.0609078347004
10,-8.5,5,conservative,True,-0.0691445821757
11,-8.5,5,conservative,True,-0.0721695324264
12,-8.5,5,conservative,True,-0.076081538236
13,-8.5,5,conservative,True,-0.0772048404777
14,-8.5,5,conservative,True,-0.0794189560789
15,-8.5,5,conservative,True,-0.0840591655555
16,-8.5,5,conservative,True,-0.089243240613
17,-8.5,5,conservative,True,-0.0920833735527
18,-8.5,5,conservative,True,-0.0985604145464
19,-8.5,5,conservative,True,-0.105237677554
20,-8.5,5,conservative,True,-0.112239576085
21,-8.5,5,conservative,True,-0.118054934205
22,-8.5,5,conservative,True,-0.1274435714
23,-8.5,5,conservative,True,-0.133570764376
24,-8.5,5,conservative,True,-0.144769758486
25,-8.5,5,conservative,True,-0.149827131599
26,-8.5,5,conservative,True,-0.160425172867
27,-8.5,5,conservative,True,-0.168807891957
28,-8.5,5,conservative,True,-0.178594588121
29,-8.5,5,conservative,True,-0.183702408363
30,-8.5,5,conservative,True,-0.185849188131
31,-8.5,5,conservative,True,-0.188426527166
32,-8.5,5,conservative,True,-0.188184791708
33,-8.5,5,conservative,True,-0.194179291198
34,-8.5,5,conservative,True,-0.197991184719
35,-8.5,5,conservative,True,-0.194213967428
36,-8.5,5,conservative,True,-0.193598806607
37,-8.5,5,conservative,True,-0.19330804974
38,-8.5,5,conservative,True,-0.184896733545
39,-8.5,5,conservative,True,-0.179308803612
40,-8.5,5,conservative,True,-0.169168089529
41,-8.5,5,conservative,True,-0.164033279258
42,-8.5,5,conservative,True,-0.156795380549
43,-8.5,5,conservative,True,-0.143664299342
44,-8.5,5,conservative,True,-0.128784161596
45,-8.5,5,conservative,True,-0.107414323293
46,-8.5,5,conservative,True,-0.0962384540454
47,-8.5,5,conservative,True,-0.0873551193225
48,-8.5,5,conservative,True,-0.0779890149554
49,-8.5,5,conservative,True,-0.0715180840004
50,-8.5,5,conservative,True,-0.0650660029616
51,-8.5,5,conservative,False,
52,-8.5,5,conservative,False,
-52,-7.5,5,conservative,False,
-51,-7.5,5,conservative,True,-0.298527781008
-50,-7.5,5,conservative,True,-0.301787300673
-49,-7.5,5,conservative,True,-0.286198586924
-48,-7.5,5,conservative,True,-0.264220456991
-47,-7.5,5,conservative,True,-0.258720637189
-46,-7.5,5,conservative,True,-0.248475004894
-45,-7.5,5,conservative,True,-0.237025880086
-44,-7.5,5,conservative,True,-0.221441874639
-43,-7.5,5,conservative,True,-0.210256979034
-42,-7.5,5,conservative,True,-0.19830519891
-41,-7.5,5,conservative,True,-0.192292585216
-40,-7.5,5,conservative,True,-0.18409521932
-39,-7.5,5,conservative,True,-0.173104656738
-38,-7.5,5,conservative,True,-0.163225255818
-37,-7.5,5,conservative,True,-0.146951328369
-36,-7.5,5,conservative,True,-0.131303118213
-35,-7.5,5,conservative,True,-0.117545038628
-34,-7.5,5,conservative,True,-0.101858271406
-33,-7.5,5,conservative,True,-0.0839480056818
-32,-7.5,5,conservative,True,-0.063182250094
-31,-7.5,5,conservative,True,-0.0430802604871
-30,-7.5,5,conservative,True,-0.0231510937025
-29,-7.5,5,conservative,True,0.00197865037304
-28,-7.5,5,conservative,True,0.0217086547832
-27,-7.5,5,conservative,True,0.0429986123382
-26,-7.5,5,conservative,True,0.062028179859
-25,-7.5,5,conservative,True,0.0767947442323
-24,-7.5,5,conservative,True,0.0917337839175
-23,-7.5,5,conservative,True,0.102413067797
-22,-7.5,5,conservative,True,0.107898897221
-21,-7.5,5,conservative,True,0.112038673955
-20,-7.5,5,conservative,True,0.113857571471
-19,-7.5,5,conservative,True,0.113363592286
-18,-7.5,5,conservative,True,0.112129099543
-17,-7.5,5,conservative,True,0.110042076407
-16,-7.5,5,conservative,True,0.110526369156
-15,-7.5,5,conservative,True,0.107743647296
-14,-7.5,5,conservative,True,0.104496799865
-13,-7.5,5,conservative,True,0.0968179708508
-12,-7.5,5,conservative,True,0.0899371147264
-11,-7.5,5,conservative,True,0.0816251712655
-10,-7.5,5,conservative,True,0.0749742966741
-9,-7.5,5,conservative,True,0.0646938764103
-8,-7.5,5,conservative,True,0.0573551239377
-7,-7.5,5,conservative,True,0.0478818163423
-6,-7.5,5,conservative,True,0.0389103275515
-5,-7.5,5,conservative,True,0.0318617984206
-4,-7.5,5,conservative,True,0.0220775275929
-3,-7.5,5,conservative,True,0.0129227967829
-2,-7.5,5,conservative,True,0.00326102115773
-1,-7.5,5,conservative,True,-0.00467393476262
0,-7.5,5,conservative,True,-0.0119765482161
1,-7.5,5,conservative,True,-0.0199860741791
2,-7.5,5,conservative,True,-0.0297114560889
3,-7.5,5,conservative,True,-0.038146432495
4,-7.5,5,conservative,True,-0.0438341736961
5,-7.5,5,conservative,True,-0.051458642918
6,-7.5,5,conservative,True,-0.0594510894033
7,-7.5,5,conservative,True,-0.0638943531231
8,-7.5,5,conservative,True,-0.0693125902183
9,-7.5,5,conservative,True,-0.0761077217309
10,-7.5,5,conservative,True,-0.0817830533394
11,-7.5,5,conservative,True,-0.0864347357461
12,-7.5,5,conservative,True,-0.0941001036979
13,-7.5,5,conservative,True,-0.098282983645
14,-7.5,5,conservative,True,-0.0993784453929
15,-7.5,5,conservative,True,-0.106584055119
16,-7.5,5,conservative,True,-0.109549241746
17,-7.5,5,conservative,True,-0.114854532988
18,-7.5,5,conservative,True,-0.118286803004
19,-7.5,5,conservative,True,-0.125916334004
20,-7.5,5,conservative,True,-0.131819586936
21,-7.5,5,conservative,True,-0.138481204848
22,-7.5,5,conservative,True,-0.14498139646
23,-7.5,5,conservative,True,-0.15193091785
24,-7.5,5,conservative,True,-0.16205201738
25,-7.5,5,conservative,True,-0.170179752204
26,-7.5,5,conservative,True,-0.175722884736
27,-7.5,5,conservative,True,-0.185259663279
28,-7.5,5,conservative,True,-0.189682179082
29,-7.5,5,conservative,True,-0.197786917858
30,-7.5,5,conservative,True,-0.202618605225
31,-7.5,5,conservative,True,-0.20614207965
32,-7.5,5,conservative,True,-0.208427318706
33,-7.5,5,conservative,True,-0.21321589422
34,-7.5,5,conservative,True,-0.216595438366
35,-7.5,5,conservative,True,-0.217117529894
36,-7.5,5,conservative,True,-0.217749267743
37,-7.5,5,conservative,True,-0.213853445815
38,-7.5,5,conservative,True,-0.211555421441
39,-7.5,5,conservative,True,-0.207023710358
40,-7.5,5,conservative,True,-0.200366800855
41,-7.5,5,conservative,True,-0.192550581374
42,-7.5,5,conservative,True,-0.182424191374
43,-7.5,5,conservative,True,-0.169245385938
44,-7.5,5,conservative,True,-0.15587242147
45,-7.5,5,conservative,True,-0.141497759013
46,-7.5,5,conservative,True,-0.126164704476
47,-7.5,5,conservative,True,-0.11327648181
48,-7.5,5,conservative,True,-0.115090317504
49,-7.5,5,conservative,True,-0.108176792616
50,-7.5,5,conservative,True,-0.0945253992881
51,-7.5,5,conservative,False,
52,-7.5,5,conservative,False,
-52,-6.5,5,conservative,True,-0.30505133982
-51,-6.5,5,conservative,True,-0.299330208495
-50,-6.5,5,conservative,True,-0.300788080368
-49,-6.5,5,conservative,True,-0.289668883117
-48,-6.5,5,conservative,True,-0.275675581309
-47,-6.5,5,conservative,True,-0.26435971445
-46,-6.5,5,conservative,True,-0.258793659211
-45,-6.5,5,conservative,True,-0.249381888383
-44,-6.5,5,conservative,True,-0.234882965054
-43,-6.5,5,conservative,True,-0.224685317553
-42,-6.5,5,conservative,True,-0.214409878732
-41,-6.5,5,conservative,True,-0.208537091354
-40,-6.5,5,conservative,True,-0.199180547447
-39,-6.5,5,conservative,True,-0.189120432052
-38,-6.5,5,conservative,True,-0.177388081192
-37,-6.5,5,conservative,True,-0.164303383103
-36,-6.5,5,conservative,True,-0.149821148331
-35,-6.5,5,conservative,True,-0.134293234301
-34,-6.5,5,conservative,True,-0.115689725117
-33,-6.5,5,conservative,True,-0.0981800419272
-32,-6.5,5,conservative,True,-0.0794444579014
-31,-6.5,5,conservative,True,-0.0597324304422
-30,-6.5,5,conservative,True,-0.0372996027781
-29,-6.5,5,conservative,True,-0.0127530531974
-28,-6.5,5,conservative,True,0.0111508425148
-27,-6.5,5,conservative,True,0.0316975414397
-26,-6.5,5,conservative,True,0.0487269003891
-25,-6.5,5,conservative,True,0.0639436880725
-24,-6.5,5,conservative,True,0.083102741833
-23,-6.5,5,conservative,True,0.0946460540155
-22,-6.5,5,conservative,True,0.102326537619
-21,-6.5,5,conservative,True,0.107673605171
-20,-6.5,5,conservative,True,0.111377142252
-19,-6.5,5,conservative,True,0.107997231094
-18,-6.5,5,conservative,True,0.109857244226
-17,-6.5,5,conservative,True,0.109004313144
-16,-6.5,5,conservative,True,0.108049250898
-15,-6.5,5,conservative,True,0.107798506296
-14,-6.5,5,conservative,True,0.101649713837
-13,-6.5,5,conservative,True,0.0971504017293
-12,-6.5,5,conservative,True,0.0906709204455
-11,-6.5,5,conservative,True,0.0806573818193
-10,-6.5,5,conservative,True,0.0711713457259
-9,-6.5,5,conservative,True,0.0616499298817
-8,-6.5,5,conservative,True,0.0520343551083
-7,-6.5,5,conservative,True,0.0431382148383
-6,-6.5,5,conservative,True,0.032322310487
-5,-6.5,5,conservative,True,0.0257447367728
-4,-6.5,5,conservative,True,0.0156685158623
-3,-6.5,5,conservative,True,0.0067096198273
-2,-6.5,5,conservative,True,-0.0023202354316
-1,-6.5,5,conservative,True,-0.0104523665227
0,-6.5,5,conservative,True,-0.0202641883488
1,-6.5,5,conservative,True,-0.0278497651477
2,-6.5,5,conservative,True,-0.036221263484
3,-6.5,5,conservative,True,-0.044914484969
4,-6.5,5,conservative,True,-0.0499524145707
5,-6.5,5,conservative,True,-0.0571420829226
6,-6.5,5,conservative,True,-0.0657013806399
7,-6.5,5,conservative,True,-0.0735813965377
8,-6.5,5,conservative,True,-0.0820735591026
9,-6.5,5,conservative,True,-0.0893279230406
10,-6.5,5,conservative,True,-0.0966253631989
11,-6.5,5,conservative,True,-0.104067525829
12,-6.5,5,conservative,True,-0.110988855828
13,-6.5,5,conservative,True,-0.116058972857
14,-6.5,5,conservative,True,-0.121763798136
15,-6.5,5,conservative,True,-0.125433001411
16,-6.5,5,conservative,True,-0.130183088649
17,-6.5,5,conservative,True,-0.131758337673
18,-6.5,5,conservative,True,-0.137667439822
19,-6.5,5,conservative,True,-0.144975142142
20,-6.5,5,conservative,True,-0.148545741139
21,-6.5,5,conservative,True,-0.158027767079
22,-6.5,5,conservative,True,-0.163312786864
23,-6.5,5,conservative,True,-0.166856560328
24,-6.5,5,conservative,True,-0.174190576923
25,-6.5,5,conservative,True,-0.182899139839
26,-6.5,5,conservative,True,-0.191535643195
27,-6.5,5,conservative,True,-0.199210148987
28,-6.5,5,conservative,True,-0.204920670285
29,-6.5,5,conservative,True,-0.209160603149
30,-6.5,5,conservative,True,-0.217276676874
31,-6.5,5,conservative,True,-0.224541333265
32,-6.5,5,conservative,True,-0.226328498271
33,-6.5,5,conservative,True,-0.229123144957
34,-6.5,5,conservative,True,-0.231240635809
35,-6.5,5,conservative,True,-0.235291258793
36,-6.5,5,conservative,True,-0.235131700823
37,-6.5,5,conservative,True,-0.234138871894
38,-6.5,5,conservative,True,-0.226759513864
39,-6.5,5,conservative,True,-0.227738186036
40,-6.5,5,conservative,True,-0.220733215204
41,-6.5,5,conservative,True,-0.212274679511
42,-6.5,5,conservative,True,-0.205094344454
43,-6.5,5,conservative,True,-0.194963234636
44,-6.5,5,conservative,True,-0.184313846335
45,-6.5,5,conservative,True,-0.172676576609
46,-6.5,5,conservative,True,-0.159044251585
47,-6.5,5,conservative,True,-0.148794354432
48,-6.5,5,conservative,True,-0.145174583923
49,-6.5,5,conservative,True,-0.135804413496
50,-6.5,5,conservative,True,-0.120094707274
51,-6.5,5,conservative,False,
52,-6.5,5,conservative,False,
-52,-5.5,5,conservative,True,-0.294870236101
-51,-5.5,5,conservative,True,-0.285396322782
-50,-5.5,5,conservative,True,-0.280652382365
-49,-5.5,5,conservative,True,-0.28118253869
-48,-5.5,5,conservative,True,-0.266452199131
-47,-5.5,5,conservative,True,-0.271272216992
-46,-5.5,5,conservative,True,-0.266348623217
-45,-5.5,5,conservative,True,-0.253010794212
-44,-5.5,5,conservative,True,-0.241837853163
-43,-5.5,5,conservative,True,-0.234763310374
-42,-5.5,5,conservative,True,-0.226567128851
-41,-5.5,5,conservative,True,-0.21939370374
-40,-5.5,5,conservative,True,-0.212046059814
-39,-5.5,5,conservative,True,-0.200082135463
-38,-5.5,5,conservative,True,-0.18957007336
-37,-5.5,5,conservative,True,-0.177867682385
-36,-5.5,5,conservative,True,-0.164292774687
-35,-5.5,5,conservative,True,-0.148788021226
-34,-5.5,5,conservative,True,-0.129378152404
-33,-5.5,5,conservative,True,-0.109825517306
-32,-5.5,5,conservative,True,-0.0924843491037
-31,-5.5,5,conservative,True,-0.0714488900317
-30,-5.5,5,conservative,True,-0.0481794395491
-29,-5.5,5,conservative,True,-0.0274323585917
-28,-5.5,5,conservative,True,-0.0018914405465
-27,-5.5,5,conservative,True,0.0194956313988
-26,-5.5,5,conservative,True,0.0361757156243
-25,-5.5,5,conservative,True,0.0556330127302
-24,-5.5,5,conservative,True,0.0716105423096
-23,-5.5,5,conservative,True,0.0856239261566
-22,-5.5,5,conservative,True,0.0945227266239
-21,-5.5,5,conservative,True,0.101179560156
-20,-5.5,5,conservative,True,0.106343534176
-19,-5.5,5,conservative,True,0.106048828507
-18,-5.5,5,conservative,True,0.106634996102
-17,-5.5,5,conservative,True,0.106672521847
-16,-5.5,5,conservative,True,0.107425098908
-15,-5.5,5,conservative,True,0.105538901452
-14,-5.5,5,conservative,True,0.0998368406549
-13,-5.5,5,conservative,True,0.0984838975964
-12,-5.5,5,conservative,True,0.0891943519181
-11,-5.5,5,conservative,True,0.0809154768762
-10,-5.5,5,conservative,True,0.0688020214147
-9,-5.5,5,conservative,True,0.0560144388575
-8,-5.5,5,conservative,True,0.0480619690535
-7,-5.5,5,conservative,True,0.0383422668027
-6,-5.5,5,conservative,True,0.031151062634
-5,-5.5,5,conservative,True,0.0230174768709
-4,-5.5,5,conservative,True,0.0143478348707
-3,-5.5,5,conservative,True,0.00400220389636
-2,-5.5,5,conservative,True,-0.00247279801071
-1,-5.5,5,conservative,True,-0.0151773319249
0,-5.5,5,conservative,True,-0.0231839802785
1,-5.5,5,conservative,True,-0.0298095638965
2,-5.5,5,conservative,True,-0.0396839893829
3,-5.5,5,conservative,True,-0.048862674452
4,-5.5,5,conservative,True,-0.060717038787
5,-5.5,5,conservative,True,-0.0672885340728
6,-5.5,5,conservative,True,-0.075459318541
7,-5.5,5,conservative,True,-0.0836580018271
8,-5.5,5,conservative,True,-0.0940088231117
9,-5.5,5,conservative,True,-0.102363719069
10,-5.5,5,conservative,True,-0.113094232332
11,-5.5,5,conservative,True,-0.121224944887
12,-5.5,5,conservative,True,-0.12538852834
13,-5.5,5,conservative,True,-0.132096407809
14,-5.5,5,conservative,True,-0.140156468068
15,-5.5,5,conservative,True,-0.144789802474
16,-5.5,5,conservative,True,-0.146833611192
17,-5.5,5,conservative,True,-0.150450080126
18,-5.5,5,conservative,True,-0.153707630807
19,-5.5,5,conservative,True,-0.158033727146
20,-5.5,5,conservative,True,-0.164849960304
21,-5.5,5,conservative,True,-0.170063083137
22,-5.5,5,conservative,True,-0.178321690421
23,-5.5,5,conservative,True,-0.184907838947
24,-5.5,5,conservative,True,-0.19082507842
25,-5.5,5,conservative,True,-0.196514907776
26,-5.5,5,conservative,True,-0.201086426942
27,-5.5,5,conservative,True,-0.209958775818
28,-5.5,5,conservative,True,-0.215043550181
29,-5.5,5,conservative,True,-0.221677514089
30,-5.5,5,conservative,True,-0.22714198835
31,-5.5,5,conservative,True,-0.233551278929
32,-5.5,5,conservative,True,-0.239830933177
33,-5.5,5,conservative,True,-0.243510036147
34,-5.5,5,conservative,True,-0.248110938345
35,-5.5,5,conservative,True,-0.248765319696
36,-5.5,5,conservative,True,-0.251379606655
37,-5.5,5,conservative,True,-0.249996860738
38,-5.5,5,conservative,True,-0.246471792776
39,-5.5,5,conservative,True,-0.241155628655
40,-5.5,5,conservative,True,-0.237763593735
41,-5.5,5,conservative,True,-0.230548917066
42,-5.5,5,conservative,True,-0.224127379417
43,-5.5,5,conservative,True,-0.216913419936
44,-5.5,5,conservative,True,-0.206839449008
45,-5.5,5,conservative,True,-0.196247880146
46,-5.5,5,conservative,True,-0.180245314178
47,-5.5,5,conservative,True,-0.178045601253
48,-5.5,5,conservative,True,-0.168216469456
49,-5.5,5,conservative,True,-0.16788540142
50,-5.5,5,conservative,True,-0.148039153355
51,-5.5,5,conservative,False,
52,-5.5,5,conservative,False,
-52,-4.5,5,conservative,True,-0.27183910372
-51,-4.5,5,conservative,True,-0.27146757275
-50,-4.5,5,conservative,True,-0.270462866856
-49,-4.5,5,conservative,True,-0.272085772552
-48,-4.5,5,conservative,True,-0.267487131784
-47,-4.5,5,conservative,True,-0.269702024378
-46,-4.5,5,conservative,True,-0.263891718371
-45,-4.5,5,conservative,True,-0.257421457088
-44,-4.5,5,conservative,True,-0.250577221996
-43,-4.5,5,conservative,True,-0.241421161267
-42,-4.5,5,conservative,True,-0.23488545783
-41,-4.5,5,conservative,True,-0.226951547078
-40,-4.5,5,conservative,True,-0.217286671847
-39,-4.5,5,conservative,True,-0.210322878702
-38,-4.5,5,conservative,True,-0.198917526312
-37,-4.5,5,conservative,True,-0.186413659873
-36,-4.5,5,conservative,True,-0.17263228998
-35,-4.5,5,conservative,True,-0.156636620344
-34,-4.5,5,conservative,True,-0.141485183667
-33,-4.5,5,conservative,True,-0.119612422244
-32,-4.5,5,conservative,True,-0.101375549165
-31,-4.5,5,conservative,True,-0.0799030802796
-30,-4.5,5,conservative,True,-0.0606854259972
-29,-4.5,5,conservative,True,-0.0383503515328
-28,-4.5,5,conservative,True,-0.0152173954949
-27,-4.5,5,conservative,True,0.0102019052995
-26,-4.5,5,conservative,True,0.0281006318801
-25,-4.5,5,conservative,True,0.0478033799894
-24,-4.5,5,conservative,True,0.0641045668123
-23,-4.5,5,conservative,True,0.077489919977
-22,-4.5,5,conservative,True,0.0852114770313
-21,-4.5,5,conservative,True,0.0919383872633
-20,-4.5,5,conservative,True,0.10207944004
-19,-4.5,5,conservative,True,0.102423118083
-18,-4.5,5,conservative,True,0.102754834659
-17,-4.5,5,conservative,True,0.105722398653
-16,-4.5,5,conservative,True,0.103849163517
-15,-4.5,5,conservative,True,0.103347942994
-14,-4.5,5,conservative,True,0.0990726859006
-13,-4.5,5,conservative,True,0.0972119524784
-12,-4.5,5,conservative,True,0.089653578959
-11,-4.5,5,conservative,True,0.0800818928785
-10,-4.5,5,conservative,True,0.068615289846
-9,-4.5,5,conservative,True,0.0607910876562
-8,-4.5,5,conservative,True,0.0512014005145
-7,-4.5,5,conservative,True,0.0425632121363
-6,-4.5,5,conservative,True,0.0334365685302
-5,-4.5,5,conservative,True,0.0220829491636
-4,-4.5,5,conservative,True,0.0119232922889
-3,-4.5,5,conservative,True,0.00228169553072
-2,-4.5,5,conservative,True,-0.0048664190353
-1,-4.5,5,conservative,True,-0.0137939625224
0,-4.5,5,conservative,True,-0.0241328811614
1,-4.5,5,conservative,True,-0.0313692814623
2,-4.5,5,conservative,True,-0.0418907411274
3,-4.5,5,conservative,True,-0.0534655306671
4,-4.5,5,conservative,True,-0.0645887157447
5,-4.5,5,conservative,True,-0.0750597022347
6,-4.5,5,conservative,True,-0.0832407689512
7,-4.5,5,conservative,True,-0.093060033904
8,-4.5,5,conservative,True,-0.103863781617
9,-4.5,5,conservative,True,-0.112203273699
10,-4.5,5,conservative,True,-0.120529144654
11,-4.5,5,conservative,True,-0.132407267823
12,-4.5,5,conservative,True,-0.137717846133
13,-4.5,5,conservative,True,-0.14662251583
14,-4.5,5,conservative,True,-0.151329438054
15,-4.5,5,conservative,True,-0.158433032369
16,-4.5,5,conservative,True,-0.16149786782
17,-4.5,5,conservative,True,-0.165550920732
18,-4.5,5,conservative,True,-0.169242661525
19,-4.5,5,conservative,True,-0.174752314321
20,-4.5,5,conservative,True,-0.177317504419
21,-4.5,5,conservative,True,-0.184981402313
22,-4.5,5,conservative,True,-0.193251316716
23,-4.5,5,conservative,True,-0.196828001486
24,-4.5,5,conservative,True,-0.203654580121
25,-4.5,5,conservative,True,-0.20621162044
26,-4.5,5,conservative,True,-0.212236474521
27,-4.5,5,conservative,True,-0.218054164802
28,-4.5,5,conservative,True,-0.225030959927
29,-4.5,5,conservative,True,-0.232139089452
30,-4.5,5,conservative,True,-0.236379064391
31,-4.5,5,conservative,True,-0.24330990515
32,-4.5,5,conservative,True,-0.249993298306
33,-4.5,5,conservative,True,-0.256075265637
34,-4.5,5,conservative,True,-0.260603548738
35,-4.5,5,conservative,True,-0.266520694556
36,-4.5,5,conservative,True,-0.26535748652
37,-4.5,5,conservative,True,-0.263940729757
38,-4.5,5,conservative,True,-0.261609779254
39,-4.5,5,conservative,True,-0.256355650932
40,-4.5,5,conservative,True,-0.252136253159
41,-4.5,5,conservative,True,-0.245282964401
42,-4.5,5,conservative,True,-0.235446453095
43,-4.5,5,conservative,True,-0.229001121525
44,-4.5,5,conservative,True,-0.218937791698
45,-4.5,5,conservative,True,-0.211740885397
46,-4.5,5,conservative,True,-0.19998817857
47,-4.5,5,conservative,True,-0.19014508214
48,-4.5,5,conservative,True,-0.182446361157
49,-4.5,5,conservative,True,-0.188439175893
50,-4.5,5,conservative,True,-0.173859084829
51,-4.5,5,conservative,True,-0.16572168934
52,-4.5,5,conservative,False,
-52,-3.5,5,conservative,True,-0.251949616929
-51,-3.5,5,conservative,True,-0.256270012177
-50,-3.5,5,conservative,True,-0.271561804766
-49,-3.5,5,conservative,True,-0.263253691334
-48,-3.5,5,conservative,True,-0.261522556423
-47,-3.5,5,conservative,True,-0.265980115508
-46,-3.5,5,conservative,True,-0.261430648039
-45,-3.5,5,conservative,True,-0.256822882814
-44,-3.5,5,conservative,True,-0.251774545185
-43,-3.5,5,conservative,True,-0.243965690787
-42,-3.5,5,conservative,True,-0.238709841513
-41,-3.5,5,conservative,True,-0.231796370579
-40,-3.5,5,conservative,True,-0.222794055853
-39,-3.5,5,conservative,True,-0.21589154683
-38,-3.5,5,conservative,True,-0.204891506135
-37,-3.5,5,conservative,True,-0.193528406812
-36,-3.5,5,conservative,True,-0.178310620521
-35,-3.5,5,conservative,True,-0.162056797627
-34,-3.5,5,conservative,True,-0.146437551275
-33,-3.5,5,conservative,True,-0.128604507246
-32,-3.5,5,conservative,True,-0.108946048844
-31,-3.5,5,conservative,True,-0.0883896757696
-30,-3.5,5,conservative,True,-0.0676553599956
-29,-3.5,5,conservative,True,-0.0469374220529
-28,-3.5,5,conservative,True,-0.0247212176989
-27,-3.5,5,conservative,True,-0.00234617982268
-26,-3.5,5,conservative,True,0.0214939595337
-25,-3.5,5,conservative,True,0.0381660221648
-24,-3.5,5,conservative,True,0.0556266451994
-23,-3.5,5,conservative,True,0.0692320348598
-22,-3.5,5,conservative,True,0.0798162070434
-21,-3.5,5,conservative,True,0.0887295133437
-20,-3.5,5,conservative,True,0.0966314473402
-19,-3.5,5,conservative,True,0.101582156877
-18,-3.5,5,conservative,True,0.10158896089
-17,-3.5,5,conservative,True,0.101627068737
-16,-3.5,5,conservative,True,0.103668541797
-15,-3.5,5,conservative,True,0.103233969151
-14,-3.5,5,conservative,True,0.0982055915518
-13,-3.5,5,conservative,True,0.0963999533047
-12,-3.5,5,conservative,True,0.089117540873
-11,-3.5,5,conservative,True,0.082645478998
-10,-3.5,5,conservative,True,0.0725757853805
-9,-3.5,5,conservative,True,0.0624275364197
-8,-3.5,5,conservative,True,0.0512457179061
-7,-3.5,5,conservative,True,0.0420390645037
-6,-3.5,5,conservative,True,0.0327220090359
-5,-3.5,5,conservative,True,0.0235994135152
-4,-3.5,5,conservative,True,0.0146206693159
-3,-3.5,5,conservative,True,0.00412877726962
-2,-3.5,5,conservative,True,-0.00520522790555
-1,-3.5,5,conservative,True,-0.0150075425438
0,-3.5,5,conservative,True,-0.0238275974317
1,-3.5,5,conservative,True,-0.0326857477008
2,-3.5,5,conservative,True,-0.0439517018554
3,-3.5,5,conservative,True,-0.0559986189564
4,-3.5,5,conservative,True,-0.0662648910726
5,-3.5,5,conservative,True,-0.0765371702989
6,-3.5,5,conservative,True,-0.0871450632361
7,-3.5,5,conservative,True,-0.0981971583745
8,-3.5,5,conservative,True,-0.109485517959
9,-3.5,5,conservative,True,-0.117329706061
10,-3.5,5,conservative,True,-0.129591287528
11,-3.5,5,conservative,True,-0.141022591292
12,-3.5,5,conservative,True,-0.149680317291
13,-3.5,5,conservative,True,-0.157575996946
14,-3.5,5,conservative,True,-0.164746522746
15,-3.5,5,conservative,True,-0.169980385423
16,-3.5,5,conservative,True,-0.174642265236
17,-3.5,5,conservative,True,-0.179609565616
18,-3.5,5,conservative,True,-0.182253855839
19,-3.5,5,conservative,True,-0.188263738474
20,-3.5,5,conservative,True,-0.191933606275
21,-3.5,5,conservative,True,-0.197607453231
22,-3.5,5,conservative,True,-0.202479152393
23,-3.5,5,conservative,True,-0.206422786775
24,-3.5,5,conservative,True,-0.208320274061
25,-3.5,5,conservative,True,-0.213700105102
26,-3.5,5,conservative,True,-0.219550241204
27,-3.5,5,conservative,True,-0.22702437104
28,-3.5,5,conservative,True,-0.234029692534
29,-3.5,5,conservative,True,-0.241398336041
30,-3.5,5,conservative,True,-0.245198759125
31,-3.5,5,conservative,True,-0.251420418577
32,-3.5,5,conservative,True,-0.25879667973
33,-3.5,5,conservative,True,-0.266752884269
34,-3.5,5,conservative,True,-0.267792301126
35,-3.5,5,conservative,True,-0.273781326589
36,-3.5,5,conservative,True,-0.275059993016
37,-3.5,5,conservative,True,-0.272984294042
38,-3.5,5,conservative,True,-0.271520052929
39,-3.5,5,conservative,True,-0.266917636768
40,-3.5,5,conservative,True,-0.26255181747
41,-3.5,5,conservative,True,-0.255704801007
42,-3.5,5,conservative,True,-0.249803319907
43,-3.5,5,conservative,True,-0.241164890492
44,-3.5,5,conservative,True,-0.233826364909
45,-3.5,5,conservative,True,-0.218786306232
46,-3.5,5,conservative,True,-0.215016400318
47,-3.5,5,conservative,True,-0.204331464229
48,-3.5,5,conservative,True,-0.195889088715
49,-3.5,5,conservative,True,-0.196110983187
50,-3.5,5,conservative,True,-0.181203694044
51,-3.5,5,conservative,True,-0.191473115197
52,-3.5,5,conservative,False,
-52,-2.5,5,conservative,True,-0.220009624913
-51,-2.5,5,conservative,True,-0.24525210928
-50,-2.5,5,conservative,True,-0.258534213228
-49,-2.5,5,conservative,True,-0.249383879705
-48,-2.5,5,conservative,True,-0.254858067363
-47,-2.5,5,conservative,True,-0.258163814294
-46,-2.5,5,conservative,True,-0.256718314886
-45,-2.5,5,conservative,True,-0.251066559094
-44,-2.5,5,conservative,True,-0.248294443634
-43,-2.5,5,conservative,True,-0.246919508737
-42,-2.5,5,conservative,True,-0.239762832593
-41,-2.5,5,conservative,True,-0.233984758211
-40,-2.5,5,conservative,True,-0.226188281657
-39,-2.5,5,conservative,True,-0.219980295078
-38,-2.5,5,conservative,True,-0.209142159897
-37,-2.5,5,conservative,True,-0.196819237038
-36,-2.5,5,conservative,True,-0.182340907739
-35,-2.5,5,conservative,True,-0.166511055985
-34,-2.5,5,conservative,True,-0.152649056496
-33,-2.5,5,conservative,True,-0.133121152737
-32,-2.5,5,conservative,True,-0.111875169124
-31,-2.5,5,conservative,True,-0.0926342674362
-30,-2.5,5,conservative,True,-0.0722855201285
-29,-2.5,5,conservative,True,-0.0514002879469
-28,-2.5,5,conservative,True,-0.030981882492
-27,-2.5,5,conservative,True,-0.00779179774047
-26,-2.5,5,conservative,True,0.013376113807
-25,-2.5,5,conservative,True,0.0297286761594
-24,-2.5,5,conservative,True,0.0477582155753
-23,-2.5,5,conservative,True,0.0593159738323
-22,-2.5,5,conservative,True,0.0713747717295
-21,-2.5,5,conservative,True,0.0818836939663
-20,-2.5,5,conservative,True,0.0895898752276
-19,-2.5,5,conservative,True,0.0984744967022
-18,-2.5,5,conservative,True,0.0984546907258
-17,-2.5,5,conservative,True,0.0999880618336
-16,-2.5,5,conservative,True,0.103080107756
-15,-2.5,5,conservative,True,0.102944488742
-14,-2.5,5,conservative,True,0.103559690004
-13,-2.5,5,conservative,True,0.0979732442354
-12,-2.5,5,conservative,True,0.0943512214607
-11,-2.5,5,conservative,True,0.0878812419932
-10,-2.5,5,conservative,True,0.0758034162761
-9,-2.5,5,conservative,True,0.065535644653
-8,-2.5,5,conservative,True,0.0547343325549
-7,-2.5,5,conservative,True,0.0439998494776
-6,-2.5,5,conservative,True,0.0333978539086
-5,-2.5,5,conservative,True,0.0221756814456
-4,-2.5,5,conservative,True,0.0151089141753
-3,-2.5,5,conservative,True,0.00371168025848
-2,-2.5,5,conservative,True,-0.00424512172312
-1,-2.5,5,conservative,True,-0.0128905178711
0,-2.5,5,conservative,True,-0.0219924517876
1,-2.5,5,conservative,True,-0.0314798368597
2,-2.5,5,conservative,True,-0.0419317465381
3,-2.5,5,conservative,True,-0.0557850524132
4,-2.5,5,conservative,True,-0.0664215540923
5,-2.5,5,conservative,True,-0.0775985097761
6,-2.5,5,conservative,True,-0.091483509856
7,-2.5,5,conservative,True,-0.101519817135
8,-2.5,5,conservative,True,-0.11345021616
9,-2.5,5,conservative,True,-0.122445534158
10,-2.5,5,conservative,True,-0.134574308766
11,-2.5,5,conservative,True,-0.147755412036
12,-2.5,5,conservative,True,-0.157411371761
13,-2.5,5,conservative,True,-0.166308099853
14,-2.5,5,conservative,True,-0.173272752749
15,-2.5,5,conservative,True,-0.179144037094
16,-2.5,5,conservative,True,-0.185210023126
17,-2.5,5,conservative,True,-0.190874989342
18,-2.5,5,conservative,True,-0.192860022861
19,-2.5,5,conservative,True,-0.195658789084
20,-2.5,5,conservative,True,-0.199891170489
21,-2.5,5,conservative,True,-0.204725328583
22,-2.5,5,conservative,True,-0.209048113229
23,-2.5,5,conservative,True,-0.210882629379
24,-2.5,5,conservative,True,-0.213633627612
25,-2.5,5,conservative,True,-0.217674916703
26,-2.5,5,conservative,True,-0.223900487242
27,-2.5,5,conservative,True,-0.231331309078
28,-2.5,5,conservative,True,-0.238117463788
29,-2.5,5,conservative,True,-0.243325828271
30,-2.5,5,conservative,True,-0.250682982923
31,-2.5,5,conservative,True,-0.259035288156
32,-2.5,5,conservative,True,-0.267218930421
33,-2.5,5,conservative,True,-0.271291751121
34,-2.5,5,conservative,True,-0.279530136359
35,-2.5,5,conservative,True,-0.280524920599
36,-2.5,5,conservative,True,-0.280111241244
37,-2.5,5,conservative,True,-0.280842445415
38,-2.5,5,conservative,True,-0.279438264105
39,-2.5,5,conservative,True,-0.275378421063
40,-2.5,5,conservative,True,-0.271713956213
41,-2.5,5,conservative,True,-0.263669489133
42,-2.5,5,conservative,True,-0.257876159056
43,-2.5,5,conservative,True,-0.25002497894
44,-2.5,5,conservative,True,-0.239866780402
45,-2.5,5,conservative,True,-0.22777680039
46,-2.5,5,conservative,True,-0.221351563649
47,-2.5,5,conservative,True,-0.216229496651
48,-2.5,5,conservative,True,-0.206349781437
49,-2.5,5,conservative,True,-0.199301214123
50,-2.5,5,conservative,True,-0.189859934722
51,-2.5,5,conservative,True,-0.189184107729
52,-2.5,5,conservative,True,-0.185623800461
-52,-1.5,5,conservative,True,-0.203613612711
-51,-1.5,5,conservative,True,-0.228614053534
-50,-1.5,5,conservative,True,-0.232786443604
-49,-1.5,5,conservative,True,-0.2410609885
-48,-1.5,5,conservative,True,-0.245933445853
-47,-1.5,5,conservative,True,-0.249142486548
-46,-1.5,5,conservative,True,-0.252546231962
-45,-1.5,5,conservative,True,-0.247841662351
-44,-1.5,5,conservative,True,-0.245270009969
-43,-1.5,5,conservative,True,-0.244250061636
-42,-1.5,5,conservative,True,-0.239262657376
-41,-1.5,5,conservative,True,-0.234056265207
-40,-1.5,5,conservative,True,-0.22762328473
-39,-1.5,5,conservative,True,-0.219894986314
-38,-1.5,5,conservative,True,-0.209663855284
-37,-1.5,5,conservative,True,-0.198527919776
-36,-1.5,5,conservative,True,-0.182920701187
-35,-1.5,5,conservative,True,-0.167455077364
-34,-1.5,5,conservative,True,-0.152656168308
-33,-1.5,5,conservative,True,-0.132613065602
-32,-1.5,5,conservative,True,-0.115526069838
-31,-1.5,5,conservative,True,-0.0960295837222
-30,-1.5,5,conservative,True,-0.076533515505
-29,-1.5,5,conservative,True,-0.0558793985035
-28,-1.5,5,conservative,True,-0.03364304771
-27,-1.5,5,conservative,True,-0.0143202738764
-26,-1.5,5,conservative,True,0.00377585473462
-25,-1.5,5,conservative,True,0.0252355521414
-24,-1.5,5,conservative,True,0.0436518941939
-23,-1.5,5,conservative,True,0.0533727215662
-22,-1.5,5,conservative,True,0.0624603217462
-21,-1.5,5,conservative,True,0.0741106310203
-20,-1.5,5,conservative,True,0.0856190715312
-19,-1.5,5,conservative,True,0.0923869402214
-18,-1.5,5,conservative,True,0.0978520495144
-17,-1.5,5,conservative,True,0.0995852059316
-16,-1.5,5,conservative,True,0.104121924571
-15,-1.5,5,conservative,True,0.105956072032
-14,-1.5,5,conservative,True,0.107292470599
-13,-1.5,5,conservative,True,0.104975979457
-12,-1.5,5,conservative,True,0.0990024556446
-11,-1.5,5,conservative,True,0.0919305473467
-10,-1.5,5,conservative,True,0.0798099769449
-9,-1.5,5,conservative,True,0.0691516304314
-8,-1.5,5,conservative,True,0.0559454612586
-7,-1.5,5,conservative,True,0.046183792825
-6,-1.5,5,conservative,True,0.0386450258736
-5,-1.5,5,conservative,True,0.0251703043347
-4,-1.5,5,conservative,True,0.0180879132308
-3,-1.5,5,conservative,True,0.00961269100174
-2,-1.5,5,conservative,True,-0.000576907883417
-1,-1.5,5,conservative,True,-0.0104073659008
0,-1.5,5,conservative,True,-0.017441512459
1,-1.5,5,conservative,True,-0.0304094569734
2,-1.5,5,conservative,True,-0.0380516484867
3,-1.5,5,conservative,True,-0.0504844006782
4,-1.5,5,conservative,True,-0.062421387177
5,-1.5,5,conservative,True,-0.0755891463336
6,-1.5,5,conservative,True,-0.0886838703296
7,-1.5,5,conservative,True,-0.100685361371
8,-1.5,5,conservative,True,-0.112123403586
9,-1.5,5,conservative,True,-0.123445408478
10,-1.5,5,conservative,True,-0.13836998853
11,-1.5,5,conservative,True,-0.150394983679
12,-1.5,5,conservative,True,-0.161776951042
13,-1.5,5,conservative,True,-0.173279007653
14,-1.5,5,conservative,True,-0.18267730907
15,-1.5,5,conservative,True,-0.188295469706
16,-1.5,5,conservative,True,-0.195856775746
17,-1.5,5,conservative,True,-0.200094031388
18,-1.5,5,conservative,True,-0.201683537923
19,-1.5,5,conservative,True,-0.205086202625
20,-1.5,5,conservative,True,-0.207553684095
21,-1.5,5,conservative,True,-0.209550672306
22,-1.5,5,conservative,True,-0.210204542795
23,-1.5,5,conservative,True,-0.213244064759
24,-1.5,5,conservative,True,-0.215786951054
25,-1.5,5,conservative,True,-0.220736959042
26,-1.5,5,conservative,True,-0.226409834904
27,-1.5,5,conservative,True,-0.232613652735
28,-1.5,5,conservative,True,-0.238481210815
29,-1.5,5,conservative,True,-0.24756804541
30,-1.5,5,conservative,True,-0.251528233612
31,-1.5,5,conservative,True,-0.262063120465
32,-1.5,5,conservative,True,-0.269052297625
33,-1.5,5,conservative,True,-0.274776648343
34,-1.5,5,conservative,True,-0.282593667099
35,-1.5,5,conservative,True,-0.286053896344
36,-1.5,5,conservative,True,-0.284921435688
37,-1.5,5,conservative,True,-0.285578524957
38,-1.5,5,conservative,True,-0.284006145361
39,-1.5,5,conservative,True,-0.279951634478
40,-1.5,5,conservative,True,-0.276102198188
41,-1.5,5,conservative,True,-0.26973431336
42,-1.5,5,conservative,True,-0.264644372548
43,-1.5,5,conservative,True,-0.25772593622
44,-1.5,5,conservative,True,-0.249089624955
45,-1.5,5,conservative,True,-0.235649873762
46,-1.5,5,conservative,True,-0.226966764113
47,-1.5,5,conservative,True,-0.221592686778
48,-1.5,5,conservative,True,-0.207989156079
49,-1.5,5,conservative,True,-0.19724463713
50,-1.5,5,conservative,True,-0.202021511163
51,-1.5,5,conservative,True,-0.189080542323
52,-1.5,5,conservative,True,-0.184519678383
-52,-0.5,5,conservative,True,-0.176080012246
-51,-0.5,5,conservative,True,-0.207714373102
-50,-0.5,5,conservative,True,-0.218277742652
-49,-0.5,5,conservative,True,-0.22774718778
-48,-0.5,5,conservative,True,-0.235128579026
-47,-0.5,5,conservative,True,-0.241288434675
-46,-0.5,5,conservative,True,-0.247374917285
-45,-0.5,5,conservative,True,-0.243568115837
-44,-0.5,5,conservative,True,-0.239981295068
-43,-0.5,5,conservative,True,-0.237171454783
-42,-0.5,5,conservative,True,-0.233208353887
-41,-0.5,5,conservative,True,-0.228660216553
-40,-0.5,5,conservative,True,-0.225033117183
-39,-0.5,5,conservative,True,-0.216382672639
-38,-0.5,5,conservative,True,-0.204525344808
-37,-0.5,5,conservative,True,-0.193752026776
-36,-0.5,5,conservative,True,-0.18269533905
-35,-0.5,5,conservative,True,-0.168374233558
-34,-0.5,5,conservative,True,-0.152692177112
-33,-0.5,5,conservative,True,-0.13555898752
-32,-0.5,5,conservative,True,-0.117867531401
-31,-0.5,5,conservative,True,-0.0997434670492
-30,-0.5,5,conservative,True,-0.0820074054605
-29,-0.5,5,conservative,True,-0.0599937349171
-28,-0.5,5,conservative,True,-0.0391117430399
-27,-0.5,5,conservative,True,-0.0197860283996
-26,-0.5,5,conservative,True,-0.0011383092424
-25,-0.5,5,conservative,True,0.0145318997067
-24,-0.5,5,conservative,True,0.0331916699452
-23,-0.5,5,conservative,True,0.0491015957589
-22,-0.5,5,conservative,True,0.0598093677514
-21,-0.5,5,conservative,True,0.0689180175107
-20,-0.5,5,conservative,True,0.0795416545697
-19,-0.5,5,conservative,True,0.0925776753971
-18,-0.5,5,conservative,True,0.0957051221721
-17,-0.5,5,conservative,True,0.101096910524
-16,-0.5,5,conservative,True,0.103480456018
-15,-0.5,5,conservative,True,0.108006542689
-14,-0.5,5,conservative,True,0.110041274975
-13,-0.5,5,conservative,True,0.109388030717
-12,-0.5,5,conservative,True,0.104227519106
-11,-0.5,5,conservative,True,0.0977818289106
-10,-0.5,5,conservative,True,0.0861840386992
-9,-0.5,5,conservative,True,0.0748664535768
-8,-0.5,5,conservative,True,0.0674394662112
-7,-0.5,5,conservative,True,0.0517373221689
-6,-0.5,5,conservative,True,0.0441765432155
-5,-0.5,5,conservative,True,0.0331385873605
-4,-0.5,5,conservative,True,0.0221904374085
-3,-0.5,5,conservative,True,0.0123188621244
-2,-0.5,5,conservative,True,0.00500232770777
-1,-0.5,5,conservative,True,-0.0043260389546
0,-0.5,5,conservative,True,-0.0148290010323
1,-0.5,5,conservative,True,-0.025258889055
2,-0.5,5,conservative,True,-0.0342496291111
3,-0.5,5,conservative,True,-0.0450106262089
4,-0.5,5,conservative,True,-0.0575283527031
5,-0.5,5,conservative,True,-0.0691953037348
6,-0.5,5,conservative,True,-0.0847669567803
7,-0.5,5,conservative,True,-0.0966761882805
8,-0.5,5,conservative,True,-0.111487968918
9,-0.5,5,conservative,True,-0.124981767153
10,-0.5,5,conservative,True,-0.140262437562
11,-0.5,5,conservative,True,-0.153818722909
12,-0.5,5,conservative,True,-0.165551409099
13,-0.5,5,conservative,True,-0.176775813012
14,-0.5,5,conservative,True,-0.185379687922
15,-0.5,5,conservative,True,-0.19218526996
16,-0.5,5,conservative,True,-0.199941532186
17,-0.5,5,conservative,True,-0.204859532087
18,-0.5,5,conservative,True,-0.206133125796
19,-0.5,5,conservative,True,-0.209715359199
20,-0.5,5,conservative,True,-0.211161040609
21,-0.5,5,conservative,True,-0.212703302932
22,-0.5,5,conservative,True,-0.211738817345
23,-0.5,5,conservative,True,-0.213952668788
24,-0.5,5,conservative,True,-0.216888305528
25,-0.5,5,conservative,True,-0.220844416434
26,-0.5,5,conservative,True,-0.225853969517
27,-0.5,5,conservative,True,-0.231029340569
28,-0.5,5,conservative,True,-0.23736740092
29,-0.5,5,conservative,True,-0.245986851895
30,-0.5,5,conservative,True,-0.256800144202
31,-0.5,5,conservative,True,-0.26532316281
32,-0.5,5,conservative,True,-0.273247205109
33,-0.5,5,conservative,True,-0.27684691406
34,-0.5,5,conservative,True,-0.283508519882
35,-0.5,5,conservative,True,-0.287843836254
36,-0.5,5,conservative,True,-0.288380695629
37,-0.5,5,conservative,True,-0.287563708324
38,-0.5,5,conservative,True,-0.285658741081
39,-0.5,5,conservative,True,-0.281855963985
40,-0.5,5,conservative,True,-0.279175132993
41,-0.5,5,conservative,True,-0.272780410711
42,-0.5,5,conservative,True,-0.269939700143
43,-0.5,5,conservative,True,-0.25817338055
44,-0.5,5,conservative,True,-0.248253514752
45,-0.5,5,conservative,True,-0.240991815688
46,-0.5,5,conservative,True,-0.228832143426
47,-0.5,5,conservative,True,-0.222347794755
48,-0.5,5,conservative,True,-0.206228200393
49,-0.5,5,conservative,True,-0.199571277986
50,-0.5,5,conservative,True,-0.191955818718
51,-0.5,5,conservative,True,-0.189075634132
52,-0.5,5,conservative,True,-0.182808126729
-52,0.5,5,conservative,True,-0.160859177184
-51,0.5,5,conservative,True,-0.179764077019
-50,0.5,5,conservative,True,-0.2025963922
-49,0.5,5,conservative,True,-0.21796399627
-48,0.5,5,conservative,True,-0.227603141174
-47,0.5,5,conservative,True,-0.238601723558
-46,0.5,5,conservative,True,-0.237991016093
-45,0.5,5,conservative,True,-0.236132136305
-44,0.5,5,conservative,True,-0.232733511053
-43,0.5,5,conservative,True,-0.230103148814
-42,0.5,5,conservative,True,-0.226934278579
-41,0.5,5,conservative,True,-0.223974854168
-40,0.5,5,conservative,True,-0.218628833496
-39,0.5,5,conservative,True,-0.21090695443
-38,0.5,5,conservative,True,-0.200763489702
-37,0.5,5,conservative,True,-0.190143734219
-36,0.5,5,conservative,True,-0.178331109761
-35,0.5,5,conservative,True,-0.164872485602
-34,0.5,5,conservative,True,-0.149358830256
-33,0.5,5,conservative,True,-0.132918608121
-32,0.5,5,conservative,True,-0.118454777089
-31,0.5,5,conservative,True,-0.0972152909676
-30,0.5,5,conservative,True,-0.0819301558672
-29,0.5,5,conservative,True,-0.0629704130507
-28,0.5,5,conservative,True,-0.0438135874275
-27,0.5,5,conservative,True,-0.0239365999932
-26,0.5,5,conservative,True,-0.00508031781526
-25,0.5,5,conservative,True,0.011219399474
-24,0.5,5,conservative,True,0.0289969723012
-23,0.5,5,conservative,True,0.0464471444894
-22,0.5,5,conservative,True,0.0576278720795
-21,0.5,5,conservative,True,0.0666633759354
-20,0.5,5,conservative,True,0.0779020365613
-19,0.5,5,conservative,True,0.0897993061796
-18,0.5,5,conservative,True,0.0992154669394
-17,0.5,5,conservative,True,0.104468199031
-16,0.5,5,conservative,True,0.108691547422
-15,0.5,5,conservative,True,0.110599425733
-14,0.5,5,conservative,True,0.114079790747
-13,0.5,5,conservative,True,0.113276090164
-12,0.5,5,conservative,True,0.108267969972
-11,0.5,5,conservative,True,0.101143889706
-10,0.5,5,conservative,True,0.0924879383254
-9,0.5,5,conservative,True,0.0809673395685
-8,0.5,5,conservative,True,0.0747956306361
-7,0.5,5,conservative,True,0.0634600021799
-6,0.5,5,conservative,True,0.052151566254
-5,0.5,5,conservative,True,0.0385324834948
-4,0.5,5,conservative,True,0.029230795903
-3,0.5,5,conservative,True,0.0188376482055
-2,0.5,5,conservative,True,0.00864606661369
-1,0.5,5,conservative,True,0.00138992630971
0,0.5,5,conservative,True,-0.00787141903154
1,0.5,5,conservative,True,-0.0182473973524
2,0.5,5,conservative,True,-0.0300023327747
3,0.5,5,conservative,True,-0.0376612956204
4,0.5,5,conservative,True,-0.0506244788335
5,0.5,5,conservative,True,-0.065246935792
6,0.5,5,conservative,True,-0.0776697145666
7,0.5,5,conservative,True,-0.0937862042306
8,0.5,5,conservative,True,-0.106297644495
9,0.5,5,conservative,True,-0.122263463057
10,0.5,5,conservative,True,-0.138211236134
11,0.5,5,conservative,True,-0.154079349617
12,0.5,5,conservative,True,-0.166934224911
13,0.5,5,conservative,True,-0.177662159008
14,0.5,5,conservative,True,-0.186966760026
15,0.5,5,conservative,True,-0.195061229446
16,0.5,5,conservative,True,-0.202753386204
17,0.5,5,conservative,True,-0.208503709293
18,0.5,5,conservative,True,-0.208023808451
19,0.5,5,conservative,True,-0.210455165739
20,0.5,5,conservative,True,-0.212305724441
21,0.5,5,conservative,True,-0.210424371056
22,0.5,5,conservative,True,-0.211692236372
23,0.5,5,conservative,True,-0.212239156254
24,0.5,5,conservative,True,-0.213469627736
25,0.5,5,conservative,True,-0.217495784562
26,0.5,5,conservative,True,-0.219704752805
27,0.5,5,conservative,True,-0.227483323534
28,0.5,5,conservative,True,-0.235482619484
29,0.5,5,conservative,True,-0.24357809503
30,0.5,5,conservative,True,-0.252700218327
31,0.5,5,conservative,True,-0.264946696852
32,0.5,5,conservative,True,-0.270422638822
33,0.5,5,conservative,True,-0.277793480895
34,0.5,5,conservative,True,-0.285252031638
35,0.5,5,conservative,True,-0.28884699783
36,0.5,5,conservative,True,-0.290619932341
37,0.5,5,conservative,True,-0.291007707581
38,0.5,5,conservative,True,-0.287870742656
39,0.5,5,conservative,True,-0.281411795058
40,0.5,5,conservative,True,-0.279436711606
41,0.5,5,conservative,True,-0.276921154144
42,0.5,5,conservative,True,-0.264959252792
43,0.5,5,conservative,True,-0.257387150312
44,0.5,5,conservative,True,-0.252224341308
45,0.5,5,conservative,True,-0.240187222594
46,0.5,5,conservative,True,-0.225973441261
47,0.5,5,conservative,True,-0.21670349624
48,0.5,5,conservative,True,-0.209831174321
49,0.5,5,conservative,True,-0.194497174114
50,0.5,5,conservative,True,-0.186216161859
51,0.5,5,conservative,True,-0.18192878633
52,0.5,5,conservative,True,-0.187345245455
-52,1.5,5,conservative,True,-0.136873223083
-51,1.5,5,conservative,True,-0.168232041726
-50,1.5,5,conservative,True,-0.186353630037
-49,1.5,5,conservative,True,-0.202294123168
-48,1.5,5,conservative,True,-0.215022167711
-47,1.5,5,conservative,True,-0.226101756627
-46,1.5,5,conservative,True,-0.2276008343
-45,1.5,5,conservative,True,-0.225776997723
-44,1.5,5,conservative,True,-0.22322286334
-43,1.5,5,conservative,True,-0.221596441106
-42,1.5,5,conservative,True,-0.219992343482
-41,1.5,5,conservative,True,-0.213565805522
-40,1.5,5,conservative,True,-0.209250781706
-39,1.5,5,conservative,True,-0.202025617766
-38,1.5,5,conservative,True,-0.194319217907
-37,1.5,5,conservative,True,-0.183143289578
-36,1.5,5,conservative,True,-0.173480745486
-35,1.5,5,conservative,True,-0.159058116585
-34,1.5,5,conservative,True,-0.143544397216
-33,1.5,5,conservative,True,-0.127752883451
-32,1.5,5,conservative,True,-0.110705676034
-31,1.5,5,conservative,True,-0.0951671869564
-30,1.5,5,conservative,True,-0.0796704684973
-29,1.5,5,conservative,True,-0.0630985198596
-28,1.5,5,conservative,True,-0.0428137748935
-27,1.5,5,conservative,True,-0.0223145618864
-26,1.5,5,conservative,True,-0.00537193180648
-25,1.5,5,conservative,True,0.00931489140972
-24,1.5,5,conservative,True,0.0249455994752
-23,1.5,5,conservative,True,0.0394483122366
-22,1.5,5,conservative,True,0.0565250887604
-21,1.5,5,conservative,True,0.0668724631023
-20,1.5,5,conservative,True,0.0771676372729
-19,1.5,5,conservative,True,0.0889832777673
-18,1.5,5,conservative,True,0.097842709773
-17,1.5,5,conservative,True,0.102339027317
-16,1.5,5,conservative,True,0.111485815169
-15,1.5,5,conservative,True,0.114290234618
-14,1.5,5,conservative,True,0.118137783217
-13,1.5,5,conservative,True,0.117798325521
-12,1.5,5,conservative,True,0.112834535985
-11,1.5,5,conservative,True,0.106521793131
-10,1.5,5,conservative,True,0.0968930815257
-9,1.5,5,conservative,True,0.0893829069033
-8,1.5,5,conservative,True,0.0799345469804
-7,1.5,5,conservative,True,0.071576679222
-6,1.5,5,conservative,True,0.0581427566366
-5,1.5,5,conservative,True,0.0486775459122
-4,1.5,5,conservative,True,0.0376252201294
-3,1.5,5,conservative,True,0.0258607249539
-2,1.5,5,conservative,True,0.0135986331342
-1,1.5,5,conservative,True,0.00403885105537
0,1.5,5,conservative,True,-0.00325118489555
1,1.5,5,conservative,True,-0.0132936909421
2,1.5,5,conservative,True,-0.0237382730225
3,1.5,5,conservative,True,-0.0320219594174
4,1.5,5,conservative,True,-0.0448007349089
5,1.5,5,conservative,True,-0.0588155112663
6,1.5,5,conservative,True,-0.0742051200562
7,1.5,5,conservative,True,-0.0876531069921
8,1.5,5,conservative,True,-0.102614466111
9,1.5,5,conservative,True,-0.117571570244
10,1.5,5,conservative,True,-0.135595186459
11,1.5,5,conservative,True,-0.15239289492
12,1.5,5,conservative,True,-0.166963313716
13,1.5,5,conservative,True,-0.17971798579
14,1.5,5,conservative,True,-0.188911562625
15,1.5,5,conservative,True,-0.196007526518
16,1.5,5,conservative,True,-0.201206346392
17,1.5,5,conservative,True,-0.204758487242
18,1.5,5,conservative,True,-0.208612150874
19,1.5,5,conservative,True,-0.207960440716
20,1.5,5,conservative,True,-0.207568616795
21,1.5,5,conservative,True,-0.208379714136
22,1.5,5,conservative,True,-0.206792055682
23,1.5,5,conservative,True,-0.207605034792
24,1.5,5,conservative,True,-0.208500130278
25,1.5,5,conservative,True,-0.211846417972
26,1.5,5,conservative,True,-0.216578291155
27,1.5,5,conservative,True,-0.223104460511
28,1.5,5,conservative,True,-0.232186690741
29,1.5,5,conservative,True,-0.241899700338
30,1.5,5,conservative,True,-0.249312100187
31,1.5,5,conservative,True,-0.259079288381
32,1.5,5,conservative,True,-0.267662105396
33,1.5,5,conservative,True,-0.27368098502
34,1.5,5,conservative,True,-0.280570907609
35,1.5,5,conservative,True,-0.287379747439
36,1.5,5,conservative,True,-0.289524936309
37,1.5,5,conservative,True,-0.291863686116
38,1.5,5,conservative,True,-0.285623274926
39,1.5,5,conservative,True,-0.280557284403
40,1.5,5,conservative,True,-0.277039539598
41,1.5,5,conservative,True,-0.27142859721
42,1.5,5,conservative,True,-0.265002220513
43,1.5,5,conservative,True,-0.258952990329
44,1.5,5,conservative,True,-0.252178484923
45,1.5,5,conservative,True,-0.240109615269
46,1.5,5,conservative,True,-0.226245940996
47,1.5,5,conservative,True,-0.214554186142
48,1.5,5,conservative,True,-0.206452997853
49,1.5,5,conservative,True,-0.201908288814
50,1.5,5,conservative,True,-0.178115944271
51,1.5,5,conservative,True,-0.171921338622
52,1.5,5,conservative,True,-0.181861945219
-52,2.5,5,conservative,True,-0.121868969129
-51,2.5,5,conservative,True,-0.154142842883
-50,2.5,5,conservative,True,-0.17019050748
-49,2.5,5,conservative,True,-0.189501599651
-48,2.5,5,conservative,True,-0.198259078845
-47,2.5,5,conservative,True,-0.213713109375
-46,2.5,5,conservative,True,-0.215629484554
-45,2.5,5,conservative,True,-0.215648115212
-44,2.5,5,conservative,True,-0.214440549343
-43,2.5,5,conservative,True,-0.212893006184
-42,2.5,5,conservative,True,-0.210456885653
-41,2.5,5,conservative,True,-0.205739554041
-40,2.5,5,conservative,True,-0.200375848904
-39,2.5,5,conservative,True,-0.191632757538
-38,2.5,5,conservative,True,-0.185760760652
-37,2.5,5,conservative,True,-0.17571522021
-36,2.5,5,conservative,True,-0.16311494524
-35,2.5,5,conservative,True,-0.14989253381
-34,2.5,5,conservative,True,-0.13744708369
-33,2.5,5,conservative,True,-0.122502937521
-32,2.5,5,conservative,True,-0.105092726109
-31,2.5,5,conservative,True,-0.0895035306071
-30,2.5,5,conservative,True,-0.0737487095611
-29,2.5,5,conservative,True,-0.0577604231066
-28,2.5,5,conservative,True,-0.0407693414574
-27,2.5,5,conservative,True,-0.0227067420429
-26,2.5,5,conservative,True,-0.00236675001727
-25,2.5,5,conservative,True,0.0108421930458
-24,2.5,5,conservative,True,0.0264972364065
-23,2.5,5,conservative,True,0.039246640751
-22,2.5,5,conservative,True,0.0535466160291
-21,2.5,5,conservative,True,0.0676514899777
-20,2.5,5,conservative,True,0.0782321258677
-19,2.5,5,conservative,True,0.0909486462728
-18,2.5,5,conservative,True,0.0992140254738
-17,2.5,5,conservative,True,0.108027139321
-16,2.5,5,conservative,True,0.11388346153
-15,2.5,5,conservative,True,0.119729025631
-14,2.5,5,conservative,True,0.122271341817
-13,2.5,5,conservative,True,0.122102303554
-12,2.5,5,conservative,True,0.119180905474
-11,2.5,5,conservative,True,0.113708352427
-10,2.5,5,conservative,True,0.104647271084
-9,2.5,5,conservative,True,0.0962491088667
-8,2.5,5,conservative,True,0.0861107403146
-7,2.5,5,conservative,True,0.0777954085865
-6,2.5,5,conservative,True,0.0665830565542
-5,2.5,5,conservative,True,0.0557948244624
-4,2.5,5,conservative,True,0.0452798906109
-3,2.5,5,conservative,True,0.0311471551497
-2,2.5,5,conservative,True,0.0216744058976
-1,2.5,5,conservative,True,0.0105994359837
0,2.5,5,conservative,True,0.00323698196401
1,2.5,5,conservative,True,-0.00563516311175
2,2.5,5,conservative,True,-0.0162600347943
3,2.5,5,conservative,True,-0.0274544877781
4,2.5,5,conservative,True,-0.0395383853366
5,2.5,5,conservative,True,-0.0530944211842
6,2.5,5,conservative,True,-0.0679995311681
7,2.5,5,conservative,True,-0.085116842042
8,2.5,5,conservative,True,-0.0997091803119
9,2.5,5,conservative,True,-0.116205719799
10,2.5,5,conservative,True,-0.131930165834
11,2.5,5,conservative,True,-0.148499769398
12,2.5,5,conservative,True,-0.160808489511
13,2.5,5,conservative,True,-0.172731307876
14,2.5,5,conservative,True,-0.1814445716
15,2.5,5,conservative,True,-0.189494687898
16,2.5,5,conservative,True,-0.193345832936
17,2.5,5,conservative,True,-0.199758395068
18,2.5,5,conservative,True,-0.201480787897
19,2.5,5,conservative,True,-0.204379906092
20,2.5,5,conservative,True,-0.201703807826
21,2.5,5,conservative,True,-0.2008567545
22,2.5,5,conservative,True,-0.202081665929
23,2.5,5,conservative,True,-0.201802253282
24,2.5,5,conservative,True,-0.201695206159
25,2.5,5,conservative,True,-0.204344586038
26,2.5,5,conservative,True,-0.208511513653
27,2.5,5,conservative,True,-0.218823724244
28,2.5,5,conservative,True,-0.228762378625
29,2.5,5,conservative,True,-0.235237635309
30,2.5,5,conservative,True,-0.246415094215
31,2.5,5,conservative,True,-0.254226305985
32,2.5,5,conservative,True,-0.261318908845
33,2.5,5,conservative,True,-0.267576603528
34,2.5,5,conservative,True,-0.27446326003
35,2.5,5,conservative,True,-0.280962992727
36,2.5,5,conservative,True,-0.283530200542
37,2.5,5,conservative,True,-0.284733288367
38,2.5,5,conservative,True,-0.280730358397
39,2.5,5,conservative,True,-0.279133099441
40,2.5,5,conservative,True,-0.276544463761
41,2.5,5,conservative,True,-0.268383349101
42,2.5,5,conservative,True,-0.26237439375
43,2.5,5,conservative,True,-0.259039336759
44,2.5,5,conservative,True,-0.247950670956
45,2.5,5,conservative,True,-0.23592666194
46,2.5,5,conservative,True,-0.219096510907
47,2.5,5,conservative,True,-0.204597299058
48,2.5,5,conservative,True,-0.194831349515
49,2.5,5,conservative,True,-0.18753874676
50,2.5,5,conservative,True,-0.171815768658
51,2.5,5,conservative,True,-0.154831720313
52,2.5,5,conservative,True,-0.142751635869
-52,3.5,5,conservative,True,-0.103631998039
-51,3.5,5,conservative,True,-0.133846666303
-50,3.5,5,conservative,True,-0.160733723172
-49,3.5,5,conservative,True,-0.17396861767
-48,3.5,5,conservative,True,-0.184009040863
-47,3.5,5,conservative,True,-0.193491147936
-46,3.5,5,conservative,True,-0.203364880813
-45,3.5,5,conservative,True,-0.205851634485
-44,3.5,5,conservative,True,-0.205574805738
-43,3.5,5,conservative,True,-0.20233417881
-42,3.5,5,conservative,True,-0.199988447111
-41,3.5,5,conservative,True,-0.194543031023
-40,3.5,5,conservative,True,-0.187030789811
-39,3.5,5,conservative,True,-0.182032711104
-38,3.5,5,conservative,True,-0.172763914132
-37,3.5,5,conservative,True,-0.16373616458
-36,3.5,5,conservative,True,-0.153623722404
-35,3.5,5,conservative,True,-0.139355546873
-34,3.5,5,conservative,True,-0.125968806694
-33,3.5,5,conservative,True,-0.113014473601
-32,3.5,5,conservative,True,-0.0973909146902
-31,3.5,5,conservative,True,-0.0816304131867
-30,3.5,5,conservative,True,-0.0683165917004
-29,3.5,5,conservative,True,-0.0525669424241
-28,3.5,5,conservative,True,-0.0348034918785
-27,3.5,5,conservative,True,-0.017024795424
-26,3.5,5,conservative,True,8.69823294894e-05
-25,3.5,5,conservative,True,0.0149267288265
-24,3.5,5,conservative,True,0.0309316482012
-23,3.5,5,conservative,True,0.0427242426903
-22,3.5,5,conservative,True,0.0557839667234
-21,3.5,5,conservative,True,0.0670595869351
-20,3.5,5,conservative,True,0.0807055880741
-19,3.5,5,conservative,True,0.0896747009131
-18,3.5,5,conservative,True,0.10020204368
-17,3.5,5,conservative,True,0.109572843369
-16,3.5,5,conservative,True,0.119062769134
-15,3.5,5,conservative,True,0.123848307352
-14,3.5,5,conservative,True,0.130091243574
-13,3.5,5,conservative,True,0.130613257272
-12,3.5,5,conservative,True,0.128627339897
-11,3.5,5,conservative,True,0.120913372357
-10,3.5,5,conservative,True,0.113731292041
-9,3.5,5,conservative,True,0.105190937197
-8,3.5,5,conservative,True,0.095060708157
-7,3.5,5,conservative,True,0.0858420773949
-6,3.5,5,conservative,True,0.075350222843
-5,3.5,5,conservative,True,0.0660621296106
-4,3.5,5,conservative,True,0.0537245647014
-3,3.5,5,conservative,True,0.0417053119423
-2,3.5,5,conservative,True,0.0278644611758
-1,3.5,5,conservative,True,0.0175780060028
0,3.5,5,conservative,True,0.009025919834
1,3.5,5,conservative,True,-0.00163201393265
2,3.5,5,conservative,True,-0.0103308414747
3,3.5,5,conservative,True,-0.0217001038944
4,3.5,5,conservative,True,-0.0335815788419
5,3.5,5,conservative,True,-0.0481758929746
6,3.5,5,conservative,True,-0.0624186351943
7,3.5,5,conservative,True,-0.0800732361413
8,3.5,5,conservative,True,-0.0925665270968
9,3.5,5,conservative,True,-0.111400352328
10,3.5,5,conservative,True,-0.128215164487
11,3.5,5,conservative,True,-0.142564852652
12,3.5,5,conservative,True,-0.154043749518
13,3.5,5,conservative,True,-0.164125454045
14,3.5,5,conservative,True,-0.174863742075
15,3.5,5,conservative,True,-0.179571599804
16,3.5,5,conservative,True,-0.189236460404
17,3.5,5,conservative,True,-0.193306863787
18,3.5,5,conservative,True,-0.193970498662
19,3.5,5,conservative,True,-0.198077334907
20,3.5,5,conservative,True,-0.196166656679
21,3.5,5,conservative,True,-0.194764939436
22,3.5,5,conservative,True,-0.192014433786
23,3.5,5,conservative,True,-0.192641758048
24,3.5,5,conservative,True,-0.19159109266
25,3.5,5,conservative,True,-0.192964878876
26,3.5,5,conservative,True,-0.198847420736
27,3.5,5,conservative,True,-0.208973412241
28,3.5,5,conservative,True,-0.21949911623
29,3.5,5,conservative,True,-0.227277866201
30,3.5,5,conservative,True,-0.237309555305
31,3.5,5,conservative,True,-0.247875077822
32,3.5,5,conservative,True,-0.256904965892
33,3.5,5,conservative,True,-0.264038710592
34,3.5,5,conservative,True,-0.269747027719
35,3.5,5,conservative,True,-0.274474572284
36,3.5,5,conservative,True,-0.27819521754
37,3.5,5,conservative,True,-0.277121715925
38,3.5,5,conservative,True,-0.273243671292
39,3.5,5,conservative,True,-0.272845481272
40,3.5,5,conservative,True,-0.268882147146
41,3.5,5,conservative,True,-0.26549167974
42,3.5,5,conservative,True,-0.257036583061
43,3.5,5,conservative,True,-0.253009762312
44,3.5,5,conservative,True,-0.238229137302
45,3.5,5,conservative,True,-0.23015355062
46,3.5,5,conservative,True,-0.210371411491
47,3.5,5,conservative,True,-0.201934933134
48,3.5,5,conservative,True,-0.184588301831
49,3.5,5,conservative,True,-0.173926026692
50,3.5,5,conservative,True,-0.163910558914
51,3.5,5,conservative,True,-0.131714152286
52,3.5,5,conservative,False,
-52,4.5,5,conservative,True,-0.0770562417664
-51,4.5,5,conservative,True,-0.106015610927
-50,4.5,5,conservative,True,-0.139190270802
-49,4.5,5,conservative,True,-0.155116853106
-48,4.5,5,conservative,True,-0.170170330332
-47,4.5,5,conservative,True,-0.180942229095
-46,4.5,5,conservative,True,-0.187459829049
-45,4.5,5,conservative,True,-0.190966768249
-44,4.5,5,conservative,True,-0.194249781837
-43,4.5,5,conservative,True,-0.190578837135
-42,4.5,5,conservative,True,-0.18639774911
-41,4.5,5,conservative,True,-0.179979409925
-40,4.5,5,conservative,True,-0.173174733741
-39,4.5,5,conservative,True,-0.167666691013
-38,4.5,5,conservative,True,-0.159877484032
-37,4.5,5,conservative,True,-0.150644248213
-36,4.5,5,conservative,True,-0.139109825445
-35,4.5,5,conservative,True,-0.126776316111
-34,4.5,5,conservative,True,-0.113291370405
-33,4.5,5,conservative,True,-0.100787186529
-32,4.5,5,conservative,True,-0.0870205033935
-31,4.5,5,conservative,True,-0.0717992060653
-30,4.5,5,conservative,True,-0.0593769504988
-29,4.5,5,conservative,True,-0.0435269177735
-28,4.5,5,conservative,True,-0.0289030551548
-27,4.5,5,conservative,True,-0.0120387070156
-26,4.5,5,conservative,True,0.0100718275935
-25,4.5,5,conservative,True,0.0212214117154
-24,4.5,5,conservative,True,0.0370571070176
-23,4.5,5,conservative,True,0.0506041036338
-22,4.5,5,conservative,True,0.0619914681054
-21,4.5,5,conservative,True,0.0740803968883
-20,4.5,5,conservative,True,0.0871822124867
-19,4.5,5,conservative,True,0.0971432692516
-18,4.5,5,conservative,True,0.108944756908
-17,4.5,5,conservative,True,0.117743792518
-16,4.5,5,conservative,True,0.126914563841
-15,4.5,5,conservative,True,0.13164197139
-14,4.5,5,conservative,True,0.134739698826
-13,4.5,5,conservative,True,0.137379062861
-12,4.5,5,conservative,True,0.135250485196
-11,4.5,5,conservative,True,0.128291692006
-10,4.5,5,conservative,True,0.120459419329
-9,4.5,5,conservative,True,0.110949066196
-8,4.5,5,conservative,True,0.101390682874
-7,4.5,5,conservative,True,0.0923800545548
-6,4.5,5,conservative,True,0.0837296244149
-5,4.5,5,conservative,True,0.0707719199873
-4,4.5,5,conservative,True,0.0589299931119
-3,4.5,5,conservative,True,0.0493768892593
-2,4.5,5,conservative,True,0.0371469355716
-1,4.5,5,conservative,True,0.0253626705812
0,4.5,5,conservative,True,0.0163180486828
1,4.5,5,conservative,True,0.00663617089516
2,4.5,5,conservative,True,-0.00518912920822
3,4.5,5,conservative,True,-0.0175519860576
4,4.5,5,conservative,True,-0.0264932382556
5,4.5,5,conservative,True,-0.0415173555837
6,4.5,5,conservative,True,-0.0548895610377
7,4.5,5,conservative,True,-0.0718595765262
8,4.5,5,conservative,True,-0.0885165091523
9,4.5,5,conservative,True,-0.107032357513
10,4.5,5,conservative,True,-0.120827681059
11,4.5,5,conservative,True,-0.136826893314
12,4.5,5,conservative,True,-0.145135375785
13,4.5,5,conservative,True,-0.154703778283
14,4.5,5,conservative,True,-0.162903003949
15,4.5,5,conservative,True,-0.17291012722
16,4.5,5,conservative,True,-0.179986021584
17,4.5,5,conservative,True,-0.184018698997
18,4.5,5,conservative,True,-0.187569132315
19,4.5,5,conservative,True,-0.186730548793
20,4.5,5,conservative,True,-0.189499469613
21,4.5,5,conservative,True,-0.187595773428
22,4.5,5,conservative,True,-0.184612369889
23,4.5,5,conservative,True,-0.179541766983
24,4.5,5,conservative,True,-0.179298132545
25,4.5,5,conservative,True,-0.178278985962
26,4.5,5,conservative,True,-0.185816535892
27,4.5,5,conservative,True,-0.199697541684
28,4.5,5,conservative,True,-0.206572952945
29,4.5,5,conservative,True,-0.218826961897
30,4.5,5,conservative,True,-0.227078954482
31,4.5,5,conservative,True,-0.237772721156
32,4.5,5,conservative,True,-0.249766889827
33,4.5,5,conservative,True,-0.256276547804
34,4.5,5,conservative,True,-0.259439964632
35,4.5,5,conservative,True,-0.264774545411
36,4.5,5,conservative,True,-0.268493475092
37,4.5,5,conservative,True,-0.265327660029
38,4.5,5,conservative,True,-0.26326971266
39,4.5,5,conservative,True,-0.264777773748
40,4.5,5,conservative,True,-0.266796137125
41,4.5,5,conservative,True,-0.260669640393
42,4.5,5,conservative,True,-0.250928621631
43,4.5,5,conservative,True,-0.245371624946
44,4.5,5,conservative,True,-0.231167024707
45,4.5,5,conservative,True,-0.217528490165
46,4.5,5,conservative,True,-0.200727424692
47,4.5,5,conservative,True,-0.183236243045
48,4.5,5,conservative,True,-0.172133637552
49,4.5,5,conservative,True,-0.164195769169
50,4.5,5,conservative,True,-0.13438435541
51,4.5,5,conservative,True,-0.120627194444
52,4.5,5,conservative,False,
-52,5.5,5,conservative,True,-0.0523393738565
-51,5.5,5,conservative,True,-0.0918345475735
-50,5.5,5,conservative,True,-0.125283862779
-49,5.5,5,conservative,True,-0.143654817783
-48,5.5,5,conservative,True,-0.152610607112
-47,5.5,5,conservative,True,-0.160681973741
-46,5.5,5,conservative,True,-0.166640214201
-45,5.5,5,conservative,True,-0.17548410807
-44,5.5,5,conservative,True,-0.178959426661
-43,5.5,5,conservative,True,-0.176282538342
-42,5.5,5,conservative,True,-0.173485223845
-41,5.5,5,conservative,True,-0.164459615515
-40,5.5,5,conservative,True,-0.15685531025
-39,5.5,5,conservative,True,-0.151859642386
-38,5.5,5,conservative,True,-0.140717801274
-37,5.5,5,conservative,True,-0.134358748812
-36,5.5,5,conservative,True,-0.124631539732
-35,5.5,5,conservative,True,-0.110879017807
-34,5.5,5,conservative,True,-0.0998296898643
-33,5.5,5,conservative,True,-0.0852756050353
-32,5.5,5,conservative,True,-0.0723492131033
-31,5.5,5,conservative,True,-0.0601779369774
-30,5.5,5,conservative,True,-0.0455551859301
-29,5.5,5,conservative,True,-0.0323754157625
-28,5.5,5,conservative,True,-0.0175523784187
-27,5.5,5,conservative,True,-0.00392006279844
-26,5.5,5,conservative,True,0.0147605165417
-25,5.5,5,conservative,True,0.0325783102616
-24,5.5,5,conservative,True,0.0468942656074
-23,5.5,5,conservative,True,0.0604171788858
-22,5.5,5,conservative,True,0.073137785069
-21,5.5,5,conservative,True,0.0831987372427
-20,5.5,5,conservative,True,0.0970280743272
-19,5.5,5,conservative,True,0.109459850907
-18,5.5,5,conservative,True,0.117670229757
-17,5.5,5,conservative,True,0.127210477156
-16,5.5,5,conservative,True,0.134720861421
-15,5.5,5,conservative,True,0.13913694316
-14,5.5,5,conservative,True,0.142935788231
-13,5.5,5,conservative,True,0.142767039135
-12,5.5,5,conservative,True,0.140908195022
-11,5.5,5,conservative,True,0.135022008541
-10,5.5,5,conservative,True,0.126292408262
-9,5.5,5,conservative,True,0.116876749695
-8,5.5,5,conservative,True,0.106047108372
-7,5.5,5,conservative,True,0.0957856023282
-6,5.5,5,conservative,True,0.087374242093
-5,5.5,5,conservative,True,0.0777130399943
-4,5.5,5,conservative,True,0.0643897171107
-3,5.5,5,conservative,True,0.0556475968715
-2,5.5,5,conservative,True,0.0445799123117
-1,5.5,5,conservative,True,0.0338815695839
0,5.5,5,conservative,True,0.0226180891393
1,5.5,5,conservative,True,0.0132648440091
2,5.5,5,conservative,True,0.00179384214754
3,5.5,5,conservative,True,-0.00944712223012
4,5.5,5,conservative,True,-0.0227466377999
5,5.5,5,conservative,True,-0.0355687119053
6,5.5,5,conservative,True,-0.050154669294
7,5.5,5,conservative,True,-0.0630106737041
8,5.5,5,conservative,True,-0.0793357539651
9,5.5,5,conservative,True,-0.0973024505559
10,5.5,5,conservative,True,-0.110663498314
11,5.5,5,conservative,True,-0.126151221706
12,5.5,5,conservative,True,-0.136467778583
13,5.5,5,conservative,True,-0.14297747098
14,5.5,5,conservative,True,-0.153566737044
15,5.5,5,conservative,True,-0.162729396474
16,5.5,5,conservative,True,-0.165838404749
17,5.5,5,conservative,True,-0.16967932412
18,5.5,5,conservative,True,-0.173629514751
19,5.5,5,conservative,True,-0.174674267108
20,5.5,5,conservative,True,-0.174092035108
21,5.5,5,conservative,True,-0.172727761908
22,5.5,5,conservative,True,-0.171560381986
23,5.5,5,conservative,True,-0.169382519807
24,5.5,5,conservative,True,-0.166610527282
25,5.5,5,conservative,True,-0.166877738696
26,5.5,5,conservative,True,-0.172843334249
27,5.5,5,conservative,True,-0.18185973817
28,5.5,5,conservative,True,-0.193185173152
29,5.5,5,conservative,True,-0.201198411741
30,5.5,5,conservative,True,-0.210226863887
31,5.5,5,conservative,True,-0.223492727028
32,5.5,5,conservative,True,-0.231351828205
33,5.5,5,conservative,True,-0.241692892573
34,5.5,5,conservative,True,-0.248176548239
35,5.5,5,conservative,True,-0.25292872264
36,5.5,5,conservative,True,-0.257262513039
37,5.5,5,conservative,True,-0.255840796884
38,5.5,5,conservative,True,-0.254280828324
39,5.5,5,conservative,True,-0.253689657722
40,5.5,5,conservative,True,-0.253325022697
41,5.5,5,conservative,True,-0.249407083935
42,5.5,5,conservative,True,-0.24190153135
43,5.5,5,conservative,True,-0.232606048104
44,5.5,5,conservative,True,-0.220305367508
45,5.5,5,conservative,True,-0.206393898081
46,5.5,5,conservative,True,-0.18669897801
47,5.5,5,conservative,True,-0.167679219584
48,5.5,5,conservative,True,-0.155464030173
49,5.5,5,conservative,True,-0.143293262218
50,5.5,5,conservative,True,-0.126943441357
51,5.5,5,conservative,True,-0.111131972933
52,5.5,5,conservative,True,-0.0848086985242
-52,6.5,5,conservative,True,-0.0242117119539
-51,6.5,5,conservative,True,-0.0721192852028
-50,6.5,5,conservative,True,-0.0990541482159
-49,6.5,5,conservative,True,-0.12442794276
-48,6.5,5,conservative,True,-0.131213327247
-47,6.5,5,conservative,True,-0.14292024732
-46,6.5,5,conservative,True,-0.148249554533
-45,6.5,5,conservative,True,-0.155384071682
-44,6.5,5,conservative,True,-0.157003433111
-43,6.5,5,conservative,True,-0.157168124987
-42,6.5,5,conservative,True,-0.155026056587
-41,6.5,5,conservative,True,-0.148715056053
-40,6.5,5,conservative,True,-0.138862569007
-39,6.5,5,conservative,True,-0.132241676469
-38,6.5,5,conservative,True,-0.123146184739
-37,6.5,5,conservative,True,-0.116109055717
-36,6.5,5,conservative,True,-0.107741230921
-35,6.5,5,conservative,True,-0.0942699200545
-34,6.5,5,conservative,True,-0.0819213465597
-33,6.5,5,conservative,True,-0.0703987329996
-32,6.5,5,conservative,True,-0.0583831738885
-31,6.5,5,conservative,True,-0.0457211295488
-30,6.5,5,conservative,True,-0.0324366842574
-29,6.5,5,conservative,True,-0.0192052531058
-28,6.5,5,conservative,True,-0.00485740922185
-27,6.5,5,conservative,True,0.00933337918124
-26,6.5,5,conservative,True,0.0251339076226
-25,6.5,5,conservative,True,0.0478321820787
-24,6.5,5,conservative,True,0.0576900381318
-23,6.5,5,conservative,True,0.0721143327901
-22,6.5,5,conservative,True,0.0855646737813
-21,6.5,5,conservative,True,0.0968216879881
-20,6.5,5,conservative,True,0.110255761777
-19,6.5,5,conservative,True,0.119981739457
-18,6.5,5,conservative,True,0.129239320667
-17,6.5,5,conservative,True,0.139953769532
-16,6.5,5,conservative,True,0.145938203998
-15,6.5,5,conservative,True,0.148272362865
-14,6.5,5,conservative,True,0.149097554226
-13,6.5,5,conservative,True,0.147167469791
-12,6.5,5,conservative,True,0.148447303349
-11,6.5,5,conservative,True,0.140326621484
-10,6.5,5,conservative,True,0.129996912342
-9,6.5,5,conservative,True,0.118208036514
-8,6.5,5,conservative,True,0.109828572335
-7,6.5,5,conservative,True,0.100794017561
-6,6.5,5,conservative,True,0.0907139300642
-5,6.5,5,conservative,True,0.0804293919758
-4,6.5,5,conservative,True,0.0706739202224
-3,6.5,5,conservative,True,0.0586265958963
-2,6.5,5,conservative,True,0.0500530552107
-1,6.5,5,conservative,True,0.0374253290256
0,6.5,5,conservative,True,0.0267893193336
1,6.5,5,conservative,True,0.0157084040996
2,6.5,5,conservative,True,0.00514750813322
3,6.5,5,conservative,True,-0.00539835738062
4,6.5,5,conservative,True,-0.0186476597733
5,6.5,5,conservative,True,-0.0321784522701
6,6.5,5,conservative,True,-0.043266175963
7,6.5,5,conservative,True,-0.0548263938636
8,6.5,5,conservative,True,-0.069679311447
9,6.5,5,conservative,True,-0.0839084437297
10,6.5,5,conservative,True,-0.100858226249
11,6.5,5,conservative,True,-0.113204440741
12,6.5,5,conservative,True,-0.125286406055
13,6.5,5,conservative,True,-0.133279303846
14,6.5,5,conservative,True,-0.143564436251
15,6.5,5,conservative,True,-0.150039060507
16,6.5,5,conservative,True,-0.152336419676
17,6.5,5,conservative,True,-0.156565405328
18,6.5,5,conservative,True,-0.158492012158
19,6.5,5,conservative,True,-0.160282604202
20,6.5,5,conservative,True,-0.159753094724
21,6.5,5,conservative,True,-0.15665369043
22,6.5,5,conservative,True,-0.156690478941
23,6.5,5,conservative,True,-0.155645784935
24,6.5,5,conservative,True,-0.150698153827
25,6.5,5,conservative,True,-0.153586318152
26,6.5,5,conservative,True,-0.160449747989
27,6.5,5,conservative,True,-0.166991096521
28,6.5,5,conservative,True,-0.177934372536
29,6.5,5,conservative,True,-0.186491701537
30,6.5,5,conservative,True,-0.193763322045
31,6.5,5,conservative,True,-0.205870094484
32,6.5,5,conservative,True,-0.217271120488
33,6.5,5,conservative,True,-0.225290393565
34,6.5,5,conservative,True,-0.233102209563
35,6.5,5,conservative,True,-0.238057492437
36,6.5,5,conservative,True,-0.242959596375
37,6.5,5,conservative,True,-0.24157250691
38,6.5,5,conservative,True,-0.241931565933
39,6.5,5,conservative,True,-0.239805954885
40,6.5,5,conservative,True,-0.236588743669
41,6.5,5,conservative,True,-0.235783354173
42,6.5,5,conservative,True,-0.228734377562
43,6.5,5,conservative,True,-0.223242161158
44,6.5,5,conservative,True,-0.20618333404
45,6.5,5,conservative,True,-0.189997000008
46,6.5,5,conservative,True,-0.168531019706
47,6.5,5,conservative,True,-0.153737266224
48,6.5,5,conservative,True,-0.140783771874
49,6.5,5,conservative,True,-0.118620715783
50,6.5,5,conservative,True,-0.105525331085
51,6.5,5,conservative,True,-0.0822916279551
52,6.5,5,conservative,False,
-52,7.5,5,conservative,True,-0.0255565042602
-51,7.5,5,conservative,True,-0.0501545226596
-50,7.5,5,conservative,True,-0.0737845342488
-49,7.5,5,conservative,True,-0.103234812927
-48,7.5,5,conservative,True,-0.11156364646
-47,7.5,5,conservative,True,-0.113381942773
-46,7.5,5,conservative,True,-0.124950661802
-45,7.5,5,conservative,True,-0.136687402336
-44,7.5,5,conservative,True,-0.135833549814
-43,7.5,5,conservative,True,-0.137273033003
-42,7.5,5,conservative,True,-0.132562430529
-41,7.5,5,conservative,True,-0.128407040949
-40,7.5,5,conservative,True,-0.119810710187
-39,7.5,5,conservative,True,-0.109781648426
-38,7.5,5,conservative,True,-0.101169538074
-37,7.5,5,conservative,True,-0.0959486341476
-36,7.5,5,conservative,True,-0.0873045279864
-35,7.5,5,conservative,True,-0.075937510657
-34,7.5,5,conservative,True,-0.0660515895242
-33,7.5,5,conservative,True,-0.0512341773904
-32,7.5,5,conservative,True,-0.0422018490031
-31,7.5,5,conservative,True,-0.0304385235187
-30,7.5,5,conservative,True,-0.0173815207386
-29,7.5,5,conservative,True,-0.00197937237981
-28,7.5,5,conservative,True,0.0120215662801
-27,7.5,5,conservative,True,0.0259398301095
-26,7.5,5,conservative,True,0.0403475554701
-25,7.5,5,conservative,True,0.0594901083465
-24,7.5,5,conservative,True,0.070938129586
-23,7.5,5,conservative,True,0.082871341107
-22,7.5,5,conservative,True,0.0976464459709
-21,7.5,5,conservative,True,0.108249484612
-20,7.5,5,conservative,True,0.119311109335
-19,7.5,5,conservative,True,0.133401675079
-18,7.5,5,conservative,True,0.142937048228
-17,7.5,5,conservative,True,0.149942147197
-16,7.5,5,conservative,True,0.152269227829
-15,7.5,5,conservative,True,0.155678844514
-14,7.5,5,conservative,True,0.153825339715
-13,7.5,5,conservative,True,0.152265310422
-12,7.5,5,conservative,True,0.1498346877
-11,7.5,5,conservative,True,0.143321739594
-10,7.5,5,conservative,True,0.135843573031
-9,7.5,5,conservative,True,0.122521858488
-8,7.5,5,conservative,True,0.112244489655
-7,7.5,5,conservative,True,0.100838278115
-6,7.5,5,conservative,True,0.0912372116529
-5,7.5,5,conservative,True,0.0834970827258
-4,7.5,5,conservative,True,0.0753845713314
-3,7.5,5,conservative,True,0.0646194126251
-2,7.5,5,conservative,True,0.0513485927843
-1,7.5,5,conservative,True,0.0386455110208
0,7.5,5,conservative,True,0.0293663326787
1,7.5,5,conservative,True,0.0196866626019
2,7.5,5,conservative,True,0.0097064334434
3,7.5,5,conservative,True,-0.00250225100594
4,7.5,5,conservative,True,-0.0124976571065
5,7.5,5,conservative,True,-0.0261387508456
6,7.5,5,conservative,True,-0.0362913473694
7,7.5,5,conservative,True,-0.0478214691966
8,7.5,5,conservative,True,-0.0611325906711
9,7.5,5,conservative,True,-0.0740572570951
10,7.5,5,conservative,True,-0.0885117493918
11,7.5,5,conservative,True,-0.10125264521
12,7.5,5,conservative,True,-0.111399993953
13,7.5,5,conservative,True,-0.120731395072
14,7.5,5,conservative,True,-0.129580546827
15,7.5,5,conservative,True,-0.135744254315
16,7.5,5,conservative,True,-0.137937085222
17,7.5,5,conservative,True,-0.14107552619
18,7.5,5,conservative,True,-0.141719046347
19,7.5,5,conservative,True,-0.144215411021
20,7.5,5,conservative,True,-0.142278253211
21,7.5,5,conservative,True,-0.140805882633
22,7.5,5,conservative,True,-0.138448070592
23,7.5,5,conservative,True,-0.137318363801
24,7.5,5,conservative,True,-0.137306683777
25,7.5,5,conservative,True,-0.137940496283
26,7.5,5,conservative,True,-0.144187432327
27,7.5,5,conservative,True,-0.15021063293
28,7.5,5,conservative,True,-0.158069040014
29,7.5,5,conservative,True,-0.168772091026
30,7.5,5,conservative,True,-0.175810727036
31,7.5,5,conservative,True,-0.188528584068
32,7.5,5,conservative,True,-0.196502806847
33,7.5,5,conservative,True,-0.207330301635
34,7.5,5,conservative,True,-0.215612952171
35,7.5,5,conservative,True,-0.219024006192
36,7.5,5,conservative,True,-0.22574827397
37,7.5,5,conservative,True,-0.227742133375
38,7.5,5,conservative,True,-0.225671215799
39,7.5,5,conservative,True,-0.223255563878
40,7.5,5,conservative,True,-0.221144826668
41,7.5,5,conservative,True,-0.217123425245
42,7.5,5,conservative,True,-0.211573058286
43,7.5,5,conservative,True,-0.201150555392
44,7.5,5,conservative,True,-0.184325048811
45,7.5,5,conservative,True,-0.17239434527
46,7.5,5,conservative,True,-0.151492666147
47,7.5,5,conservative,True,-0.138871857917
48,7.5,5,conservative,True,-0.114829257059
49,7.5,5,conservative,True,-0.0932730959295
50,7.5,5,conservative,True,-0.0772531941848
51,7.5,5,conservative,True,-0.0435108246914
52,7.5,5,conservative,False,
-52,8.5,5,conservative,True,-0.00825685573508
-51,8.5,5,conservative,True,-0.0391693283576
-50,8.5,5,conservative,True,-0.0545459675013
-49,8.5,5,conservative,True,-0.0716526043943
-48,8.5,5,conservative,True,-0.0877993512601
-47,8.5,5,conservative,True,-0.0891918787263
-46,8.5,5,conservative,True,-0.0988988206897
-45,8.5,5,conservative,True,-0.108297668642
-44,8.5,5,conservative,True,-0.114108892036
-43,8.5,5,conservative,True,-0.109268739026
-42,8.5,5,conservative,True,-0.103122728812
-41,8.5,5,conservative,True,-0.101110734326
-40,8.5,5,conservative,True,-0.0952127928024
-39,8.5,5,conservative,True,-0.0881108504908
-38,8.5,5,conservative,True,-0.0814140344021
-37,8.5,5,conservative,True,-0.0718957165118
-36,8.5,5,conservative,True,-0.0643927550208
-35,8.5,5,conservative,True,-0.0562795518531
-34,8.5,5,conservative,True,-0.0450075151368
-33,8.5,5,conservative,True,-0.0336008608935
-32,8.5,5,conservative,True,-0.0254007952074
-31,8.5,5,conservative,True,-0.0120914696763
-30,8.5,5,conservative,True,0.000606997815554
-29,8.5,5,conservative,True,0.0169620699461
-28,8.5,5,conservative,True,0.0304432158002
-27,8.5,5,conservative,True,0.045085099941
-26,8.5,5,conservative,True,0.0619662578522
-25,8.5,5,conservative,True,0.076520467403
-24,8.5,5,conservative,True,0.0918789218686
-23,8.5,5,conservative,True,0.102886476868
-22,8.5,5,conservative,True,0.114773862909
-21,8.5,5,conservative,True,0.125396281337
-20,8.5,5,conservative,True,0.136431146493
-19,8.5,5,conservative,True,0.14721402197
-18,8.5,5,conservative,True,0.155127282162
-17,8.5,5,conservative,True,0.158641417293
-16,8.5,5,conservative,True,0.162606122294
-15,8.5,5,conservative,True,0.164723268539
-14,8.5,5,conservative,True,0.162447950676
-13,8.5,5,conservative,True,0.158052504864
-12,8.5,5,conservative,True,0.153919809673
-11,8.5,5,conservative,True,0.144980725427
-10,8.5,5,conservative,True,0.137219125859
-9,8.5,5,conservative,True,0.125352550639
-8,8.5,5,conservative,True,0.114698466412
-7,8.5,5,conservative,True,0.104063045048
-6,8.5,5,conservative,True,0.0921813364427
-5,8.5,5,conservative,True,0.0832714979121
-4,8.5,5,conservative,True,0.0732668166765
-3,8.5,5,conservative,True,0.0640898415065
-2,8.5,5,conservative,True,0.053402582231
-1,8.5,5,conservative,True,0.0418895613851
0,8.5,5,conservative,True,0.0309120715645
1,8.5,5,conservative,True,0.0217477331622
2,8.5,5,conservative,True,0.0127111992656
3,8.5,5,conservative,True,0.00104629271387
4,8.5,5,conservative,True,-0.00822400207745
5,8.5,5,conservative,True,-0.0191503552597
6,8.5,5,conservative,True,-0.0310933893658
7,8.5,5,conservative,True,-0.0428131166321
8,8.5,5,conservative,True,-0.0523628602349
9,8.5,5,conservative,True,-0.0625343511502
10,8.5,5,conservative,True,-0.0754968983621
11,8.5,5,conservative,True,-0.0862568041127
12,8.5,5,conservative,True,-0.0983223691371
13,8.5,5,conservative,True,-0.107333286498
14,8.5,5,conservative,True,-0.114937108883
15,8.5,5,conservative,True,-0.119743439309
16,8.5,5,conservative,True,-0.124274858545
17,8.5,5,conservative,True,-0.128459437948
18,8.5,5,conservative,True,-0.122787736944
19,8.5,5,conservative,True,-0.126132510163
20,8.5,5,conservative,True,-0.122598399996
21,8.5,5,conservative,True,-0.122562280532
22,8.5,5,conservative,True,-0.12121091976
23,8.5,5,conservative,True,-0.119517772294
24,8.5,5,conservative,True,-0.11817605828
25,8.5,5,conservative,True,-0.123877562911
26,8.5,5,conservative,True,-0.124842988662
27,8.5,5,conservative,True,-0.135153184613
28,8.5,5,conservative,True,-0.139932540178
29,8.5,5,conservative,True,-0.149452390679
30,8.5,5,conservative,True,-0.158233477882
31,8.5,5,conservative,True,-0.167124804347
32,8.5,5,conservative,True,-0.180044711004
33,8.5,5,conservative,True,-0.190214862547
34,8.5,5,conservative,True,-0.196543989403
35,8.5,5,conservative,True,-0.200408834576
36,8.5,5,conservative,True,-0.204367098496
37,8.5,5,conservative,True,-0.206542318781
38,8.5,5,conservative,True,-0.204419426173
39,8.5,5,conservative,True,-0.204866256653
40,8.5,5,conservative,True,-0.205378326309
41,8.5,5,conservative,True,-0.201436620544
42,8.5,5,conservative,True,-0.192648425899
43,8.5,5,conservative,True,-0.181185322636
44,8.5,5,conservative,True,-0.165586042718
45,8.5,5,conservative,True,-0.152129937587
46,8.5,5,conservative,True,-0.135168664422
47,8.5,5,conservative,True,-0.110428009565
48,8.5,5,conservative,True,-0.0856054015465
49,8.5,5,conservative,True,-0.0747063566212
50,8.5,5,conservative,True,-0.0379419615567
51,8.5,5,conservative,True,-0.00014348084029
52,8.5,5,conservative,False,
-52,9.5,5,conservative,True,0.0247953116971
-51,9.5,5,conservative,True,-0.014261764705
-50,9.5,5,conservative,True,-0.0406757057217
-49,9.5,5,conservative,True,-0.0465613891674
-48,9.5,5,conservative,True,-0.055014778163
-47,9.5,5,conservative,True,-0.0559640387021
-46,9.5,5,conservative,True,-0.0616078002223
-45,9.5,5,conservative,True,-0.0786985389343
-44,9.5,5,conservative,True,-0.0789735182901
-43,9.5,5,conservative,True,-0.0785278579701
-42,9.5,5,conservative,True,-0.0719879924134
-41,9.5,5,conservative,True,-0.0717193509679
-40,9.5,5,conservative,True,-0.0645503022789
-39,9.5,5,conservative,True,-0.0616880947969
-38,9.5,5,conservative,True,-0.0564640214146
-37,9.5,5,conservative,True,-0.0495217621734
-36,9.5,5,conservative,True,-0.0414410431057
-35,9.5,5,conservative,True,-0.0317844230297
-34,9.5,5,conservative,True,-0.0190972187034
-33,9.5,5,conservative,True,-0.00942614978545
-32,9.5,5,conservative,True,0.00154379748215
-31,9.5,5,conservative,True,0.0134611543856
-30,9.5,5,conservative,True,0.0237758973603
-29,9.5,5,conservative,True,0.0389893774838
-28,9.5,5,conservative,True,0.0526424733717
-27,9.5,5,conservative,True,0.0664664375616
-26,9.5,5,conservative,True,0.0814247955409
-25,9.5,5,conservative,True,0.0996310401722
-24,9.5,5,conservative,True,0.111442671217
-23,9.5,5,conservative,True,0.123982240035
-22,9.5,5,conservative,True,0.131078362738
-21,9.5,5,conservative,True,0.140320870464
-20,9.5,5,conservative,True,0.152043181459
-19,9.5,5,conservative,True,0.161232755086
-18,9.5,5,conservative,True,0.165107282074
-17,9.5,5,conservative,True,0.167847067814
-16,9.5,5,conservative,True,0.171406524353
-15,9.5,5,conservative,True,0.172570521446
-14,9.5,5,conservative,True,0.166626298597
-13,9.5,5,conservative,True,0.160943974016
-12,9.5,5,conservative,True,0.157295575099
-11,9.5,5,conservative,True,0.145442830749
-10,9.5,5,conservative,True,0.138891339623
-9,9.5,5,conservative,True,0.128594921743
-8,9.5,5,conservative,True,0.118736716512
-7,9.5,5,conservative,True,0.106198755311
-6,9.5,5,conservative,True,0.0907570957275
-5,9.5,5,conservative,True,0.0815475212134
-4,9.5,5,conservative,True,0.071930104127
-3,9.5,5,conservative,True,0.0653321898657
-2,9.5,5,conservative,True,0.0552233061568
-1,9.5,5,conservative,True,0.0429656956306
0,9.5,5,conservative,True,0.0314667143414
1,9.5,5,conservative,True,0.0221789988578
2,9.5,5,conservative,True,0.013954294877
3,9.5,5,conservative,True,0.00672629749383
4,9.5,5,conservative,True,-0.00391915827685
5,9.5,5,conservative,True,-0.0129510799315
6,9.5,5,conservative,True,-0.023357284988
7,9.5,5,conservative,True,-0.0321077951126
8,9.5,5,conservative,True,-0.0427546899712
9,9.5,5,conservative,True,-0.0537207579315
10,9.5,5,conservative,True,-0.0624613608788
11,9.5,5,conservative,True,-0.0746195329148
12,9.5,5,conservative,True,-0.0831034988222
13,9.5,5,conservative,True,-0.0942801080762
14,9.5,5,conservative,True,-0.0993403381946
15,9.5,5,conservative,True,-0.105512772282
16,9.5,5,conservative,True,-0.107119235659
17,9.5,5,conservative,True,-0.109526395181
18,9.5,5,conservative,True,-0.108376834865
19,9.5,5,conservative,True,-0.106244212132
20,9.5,5,conservative,True,-0.105724861275
21,9.5,5,conservative,True,-0.103525143228
22,9.5,5,conservative,True,-0.101114403984
23,9.5,5,conservative,True,-0.101190528316
24,9.5,5,conservative,True,-0.09965986038
25,9.5,5,conservative,True,-0.102824630557
26,9.5,5,conservative,True,-0.106782411106
27,9.5,5,conservative,True,-0.116936485034
28,9.5,5,conservative,True,-0.123185561112
29,9.5,5,conservative,True,-0.134994890077
30,9.5,5,conservative,True,-0.145150496037
31,9.5,5,conservative,True,-0.153499345344
32,9.5,5,conservative,True,-0.1633181687
33,9.5,5,conservative,True,-0.169378337023
34,9.5,5,conservative,True,-0.177482235226
35,9.5,5,conservative,True,-0.181641883568
36,9.5,5,conservative,True,-0.185240945432
37,9.5,5,conservative,True,-0.1914843444
38,9.5,5,conservative,True,-0.191494821958
39,9.5,5,conservative,True,-0.190674380778
40,9.5,5,conservative,True,-0.179541430356
41,9.5,5,conservative,True,-0.178331953703
42,9.5,5,conservative,True,-0.16842669626
43,9.5,5,conservative,True,-0.150545254941
44,9.5,5,conservative,True,-0.141838679572
45,9.5,5,conservative,True,-0.129022018486
46,9.5,5,conservative,True,-0.112270393978
47,9.5,5,conservative,True,-0.0791528916561
48,9.5,5,conservative,True,-0.0604094252946
49,9.5,5,conservative,True,-0.0436500387075
50,9.5,5,conservative,True,0.00713067125838
51,9.5,5,conservative,False,
52,9.5,5,conservative,False,
-52,10.5,5,conservative,True,0.0478135975445
-51,10.5,5,conservative,True,0.0153651681968
-50,10.5,5,conservative,True,-0.00892937553243
-49,10.5,5,conservative,True,-0.0229678019425
-48,10.5,5,conservative,True,-0.0223085264307
-47,10.5,5,conservative,True,-0.0192334464015
-46,10.5,5,conservative,True,-0.0188068523384
-45,10.5,5,conservative,True,-0.0339134062357
-44,10.5,5,conservative,True,-0.043606283347
-43,10.5,5,conservative,True,-0.0449732646485
-42,10.5,5,conservative,True,-0.0399215850328
-41,10.5,5,conservative,True,-0.0362197164973
-40,10.5,5,conservative,True,-0.0333814609934
-39,10.5,5,conservative,True,-0.0311686734362
-38,10.5,5,conservative,True,-0.024070554843
-37,10.5,5,conservative,True,-0.0191465539775
-36,10.5,5,conservative,True,-0.0115834936638
-35,10.5,5,conservative,True,-0.00374775106837
-34,10.5,5,conservative,True,0.00633935331683
-33,10.5,5,conservative,True,0.0187035091822
-32,10.5,5,conservative,True,0.0299685591686
-31,10.5,5,conservative,True,0.0393585043553
-30,10.5,5,conservative,True,0.0501122112672
-29,10.5,5,conservative,True,0.0640126309239
-28,10.5,5,conservative,True,0.0750920124276
-27,10.5,5,conservative,True,0.0918311534805
-26,10.5,5,conservative,True,0.108009469356
-25,10.5,5,conservative,True,0.121500352592
-24,10.5,5,conservative,True,0.13426785363
-23,10.5,5,conservative,True,0.146033670797
-22,10.5,5,conservative,True,0.151283076671
-21,10.5,5,conservative,True,0.161460235798
-20,10.5,5,conservative,True,0.171661691749
-19,10.5,5,conservative,True,0.177984817324
-18,10.5,5,conservative,True,0.17959565484
-17,10.5,5,conservative,True,0.179498859573
-16,10.5,5,conservative,True,0.179919193046
-15,10.5,5,conservative,True,0.178636421021
-14,10.5,5,conservative,True,0.171533306991
-13,10.5,5,conservative,True,0.16417615033
-12,10.5,5,conservative,True,0.160769523446
-11,10.5,5,conservative,True,0.149797741466
-10,10.5,5,conservative,True,0.141357267389
-9,10.5,5,conservative,True,0.129543660317
-8,10.5,5,conservative,True,0.117963989381
-7,10.5,5,conservative,True,0.103860464966
-6,10.5,5,conservative,True,0.0928156102664
-5,10.5,5,conservative,True,0.0833008213846
-4,10.5,5,conservative,True,0.0744367513741
-3,10.5,5,conservative,True,0.0632567532638
-2,10.5,5,conservative,True,0.0520001489714
-1,10.5,5,conservative,True,0.0421231762166
0,10.5,5,conservative,True,0.0310254664786
1,10.5,5,conservative,True,0.025319544519
2,10.5,5,conservative,True,0.0150121836714
3,10.5,5,conservative,True,0.00737697940847
4,10.5,5,conservative,True,-0.00027972124315
5,10.5,5,conservative,True,-0.00768037923981
6,10.5,5,conservative,True,-0.0187249245576
7,10.5,5,conservative,True,-0.0259243982691
8,10.5,5,conservative,True,-0.0343056482061
9,10.5,5,conservative,True,-0.0422336155127
10,10.5,5,conservative,True,-0.0511007200708
11,10.5,5,conservative,True,-0.0606724212851
12,10.5,5,conservative,True,-0.0693355312521
13,10.5,5,conservative,True,-0.0770829627493
14,10.5,5,conservative,True,-0.0858240619925
15,10.5,5,conservative,True,-0.0896865468822
16,10.5,5,conservative,True,-0.0898234686617
17,10.5,5,conservative,True,-0.0898035227575
18,10.5,5,conservative,True,-0.0917139758376
19,10.5,5,conservative,True,-0.0903716368291
20,10.5,5,conservative,True,-0.0890722300776
21,10.5,5,conservative,True,-0.0862429497068
22,10.5,5,conservative,True,-0.083248376448
23,10.5,5,conservative,True,-0.0819779167058
24,10.5,5,conservative,True,-0.0793434317718
25,10.5,5,conservative,True,-0.0868152787229
26,10.5,5,conservative,True,-0.0882720700796
27,10.5,5,conservative,True,-0.0950288031163
28,10.5,5,conservative,True,-0.106697293097
29,10.5,5,conservative,True,-0.115617094683
30,10.5,5,conservative,True,-0.125189482302
31,10.5,5,conservative,True,-0.134273549349
32,10.5,5,conservative,True,-0.140107829109
33,10.5,5,conservative,True,-0.149663750046
34,10.5,5,conservative,True,-0.152543206536
35,10.5,5,conservative,True,-0.159511923912
36,10.5,5,conservative,True,-0.165391040709
37,10.5,5,conservative,True,-0.171410289682
38,10.5,5,conservative,True,-0.167868955749
39,10.5,5,conservative,True,-0.164047666267
40,10.5,5,conservative,True,-0.15296954207
41,10.5,5,conservative,True,-0.146656527669
42,10.5,5,conservative,True,-0.142056681433
43,10.5,5,conservative,True,-0.124818774437
44,10.5,5,conservative,True,-0.109267903681
45,10.5,5,conservative,True,-0.0891680964787
46,10.5,5,conservative,True,-0.0767322324437
47,10.5,5,conservative,True,-0.0528727393323
48,10.5,5,conservative,True,-0.0366347420912
49,10.5,5,conservative,True,0.00225323905433
50,10.5,5,conservative,True,0.0456116908762
51,10.5,5,conservative,False,
52,10.5,5,conservative,False,
-52,11.5,5,conservative,False,
-51,11.5,5,conservative,True,0.0431768358683
-50,11.5,5,conservative,True,0.0323803262706
-49,11.5,5,conservative,True,0.0259203028213
-48,11.5,5,conservative,True,0.0159751838643
-47,11.5,5,conservative,True,0.023328164322
-46,11.5,5,conservative,True,0.0222925983823
-45,11.5,5,conservative,True,0.0104980228957
-44,11.5,5,conservative,True,-0.00647909647523
-43,11.5,5,conservative,True,-0.0102376937898
-42,11.5,5,conservative,True,-0.00473944829151
-41,11.5,5,conservative,True,0.000590247157928
-40,11.5,5,conservative,True,0.00355414278543
-39,11.5,5,conservative,True,-0.00241027414014
-38,11.5,5,conservative,True,0.00294451329671
-37,11.5,5,conservative,True,0.0131678819538
-36,11.5,5,conservative,True,0.0147778179123
-35,11.5,5,conservative,True,0.0224245101886
-34,11.5,5,conservative,True,0.0320774480517
-33,11.5,5,conservative,True,0.0444552938199
-32,11.5,5,conservative,True,0.0542662434046
-31,11.5,5,conservative,True,0.0691229798333
-30,11.5,5,conservative,True,0.0813968571933
-29,11.5,5,conservative,True,0.091464557902
-28,11.5,5,conservative,True,0.105504854886
-27,11.5,5,conservative,True,0.122413519914
-26,11.5,5,conservative,True,0.140898556162
-25,11.5,5,conservative,True,0.150318093758
-24,11.5,5,conservative,True,0.163398370291
-23,11.5,5,conservative,True,0.168804605438
-22,11.5,5,conservative,True,0.172021375024
-21,11.5,5,conservative,True,0.181495599137
-20,11.5,5,conservative,True,0.188410777888
-19,11.5,5,conservative,True,0.194033596499
-18,11.5,5,conservative,True,0.195840275291
-17,11.5,5,conservative,True,0.194535063621
-16,11.5,5,conservative,True,0.188319376949
-15,11.5,5,conservative,True,0.184937874599
-14,11.5,5,conservative,True,0.178351619055
-13,11.5,5,conservative,True,0.170168364613
-12,11.5,5,conservative,True,0.162158584422
-11,11.5,5,conservative,True,0.149304968533
-10,11.5,5,conservative,True,0.139987274753
-9,11.5,5,conservative,True,0.128349390283
-8,11.5,5,conservative,True,0.115736636167
-7,11.5,5,conservative,True,0.104824814552
-6,11.5,5,conservative,True,0.094387927694
-5,11.5,5,conservative,True,0.0824847295628
-4,11.5,5,conservative,True,0.0701384092584
-3,11.5,5,conservative,True,0.062690706288
-2,11.5,5,conservative,True,0.0526905222903
-1,11.5,5,conservative,True,0.0428908567332
0,11.5,5,conservative,True,0.0371210094906
1,11.5,5,conservative,True,0.027084804616
2,11.5,5,conservative,True,0.0176186347793
3,11.5,5,conservative,True,0.0106892294958
4,11.5,5,conservative,True,0.00179265176176
5,11.5,5,conservative,True,-0.00478189589781
6,11.5,5,conservative,True,-0.0158713904914
7,11.5,5,conservative,True,-0.0229155534806
8,11.5,5,conservative,True,-0.0307758165675
9,11.5,5,conservative,True,-0.0350187589094
10,11.5,5,conservative,True,-0.0442001906705
11,11.5,5,conservative,True,-0.0536527185651
12,11.5,5,conservative,True,-0.0608867249009
13,11.5,5,conservative,True,-0.0663677366082
14,11.5,5,conservative,True,-0.0693380599553
15,11.5,5,conservative,True,-0.0680932364023
16,11.5,5,conservative,True,-0.0724493932304
17,11.5,5,conservative,True,-0.0720248280883
18,11.5,5,conservative,True,-0.0714255996915
19,11.5,5,conservative,True,-0.0748557712152
20,11.5,5,conservative,True,-0.0724378572104
21,11.5,5,conservative,True,-0.0707118273721
22,11.5,5,conservative,True,-0.0658054618502
23,11.5,5,conservative,True,-0.0594216452057
24,11.5,5,conservative,True,-0.0598551037464
25,11.5,5,conservative,True,-0.067567231503
26,11.5,5,conservative,True,-0.0685871055267
27,11.5,5,conservative,True,-0.0774227456934
28,11.5,5,conservative,True,-0.0867799363323
29,11.5,5,conservative,True,-0.09699075903
30,11.5,5,conservative,True,-0.105384932441
31,11.5,5,conservative,True,-0.11336262249
32,11.5,5,conservative,True,-0.119167587654
33,11.5,5,conservative,True,-0.131986791851
34,11.5,5,conservative,True,-0.132588149951
35,11.5,5,conservative,True,-0.140653434404
36,11.5,5,conservative,True,-0.144696265076
37,11.5,5,conservative,True,-0.146768795056
38,11.5,5,conservative,True,-0.143768437868
39,11.5,5,conservative,True,-0.129773014046
40,11.5,5,conservative,True,-0.127077562823
41,11.5,5,conservative,True,-0.116416929675
42,11.5,5,conservative,True,-0.111015493374
43,11.5,5,conservative,True,-0.099146823259
44,11.5,5,conservative,True,-0.0666362932149
45,11.5,5,conservative,True,-0.0417049988721
46,11.5,5,conservative,True,-0.0343734319149
47,11.5,5,conservative,True,-0.0177064418473
48,11.5,5,conservative,True,0.0140275567381
49,11.5,5,conservative,True,0.0429647584865
50,11.5,5,conservative,False,
51,11.5,5,conservative,False,
52,11.5,5,conservative,False,
-52,12.5,5,conservative,False,
-51,12.5,5,conservative,False,
-50,12.5,5,conservative,True,0.0922632915494
-49,12.5,5,conservative,True,0.0645485320862
-48,12.5,5,conservative,True,0.0557906232492
-47,12.5,5,conservative,True,0.0627144845077
-46,12.5,5,conservative,True,0.0579667023288
-45,12.5,5,conservative,True,0.0560911410658
-44,12.5,5,conservative,True,0.037047725865
-43,12.5,5,conservative,True,0.0351647153127
-42,12.5,5,conservative,True,0.0293905389543
-41,12.5,5,conservative,True,0.0313249832138
-40,12.5,5,conservative,True,0.0348430442262
-39,12.5,5,conservative,True,0.0326860433605
-38,12.5,5,conservative,True,0.0358700144159
-37,12.5,5,conservative,True,0.0396863806981
-36,12.5,5,conservative,True,0.0462013876546
-35,12.5,5,conservative,True,0.0560288470554
-34,12.5,5,conservative,True,0.0606151722955
-33,12.5,5,conservative,True,0.071499435213
-32,12.5,5,conservative,True,0.0873947629492
-31,12.5,5,conservative,True,0.0998068366897
-30,12.5,5,conservative,True,0.110509335396
-29,12.5,5,conservative,True,0.121714586591
-28,12.5,5,conservative,True,0.136327167353
-27,12.5,5,conservative,True,0.150940112469
-26,12.5,5,conservative,True,0.167022948209
-25,12.5,5,conservative,True,0.182847396256
-24,12.5,5,conservative,True,0.190806980349
-23,12.5,5,conservative,True,0.196726691735
-22,12.5,5,conservative,True,0.201502586752
-21,12.5,5,conservative,True,0.20367170734
-20,12.5,5,conservative,True,0.211145618263
-19,12.5,5,conservative,True,0.209467663458
-18,12.5,5,conservative,True,0.212837838989
-17,12.5,5,conservative,True,0.20715055465
-16,12.5,5,conservative,True,0.199089123291
-15,12.5,5,conservative,True,0.191946340879
-14,12.5,5,conservative,True,0.183903038483
-13,12.5,5,conservative,True,0.173215821821
-12,12.5,5,conservative,True,0.160502473694
-11,12.5,5,conservative,True,0.147925666448
-10,12.5,5,conservative,True,0.137076979638
-9,12.5,5,conservative,True,0.128731202164
-8,12.5,5,conservative,True,0.114360108658
-7,12.5,5,conservative,True,0.100152508383
-6,12.5,5,conservative,True,0.0914578743568
-5,12.5,5,conservative,True,0.084727738242
-4,12.5,5,conservative,True,0.0724888492461
-3,12.5,5,conservative,True,0.0619424283355
-2,12.5,5,conservative,True,0.051952071382
-1,12.5,5,conservative,True,0.045316380183
0,12.5,5,conservative,True,0.0382863991785
1,12.5,5,conservative,True,0.0281861259788
2,12.5,5,conservative,True,0.0199204298549
3,12.5,5,conservative,True,0.0133086825615
4,12.5,5,conservative,True,0.00621786454356
5,12.5,5,conservative,True,-4.85038425458e-05
6,12.5,5,conservative,True,-0.00885421309499
7,12.5,5,conservative,True,-0.0165720352908
8,12.5,5,conservative,True,-0.0238245418455
9,12.5,5,conservative,True,-0.0283382387301
10,12.5,5,conservative,True,-0.0360589293023
11,12.5,5,conservative,True,-0.0408914506846
12,12.5,5,conservative,True,-0.0473221410418
13,12.5,5,conservative,True,-0.051318263872
14,12.5,5,conservative,True,-0.0554603246387
15,12.5,5,conservative,True,-0.0532676650135
16,12.5,5,conservative,True,-0.0582118785164
17,12.5,5,conservative,True,-0.0574630363795
18,12.5,5,conservative,True,-0.0556405365736
19,12.5,5,conservative,True,-0.0568863611063
20,12.5,5,conservative,True,-0.056117976854
21,12.5,5,conservative,True,-0.0538046031425
22,12.5,5,conservative,True,-0.0504748540228
23,12.5,5,conservative,True,-0.0440590368443
24,12.5,5,conservative,True,-0.0408685431866
25,12.5,5,conservative,True,-0.0456367054515
26,12.5,5,conservative,True,-0.0536711025539
27,12.5,5,conservative,True,-0.0577935915745
28,12.5,5,conservative,True,-0.0664986168337
29,12.5,5,conservative,True,-0.0752116226739
30,12.5,5,conservative,True,-0.083717370325
31,12.5,5,conservative,True,-0.0921539463567
32,12.5,5,conservative,True,-0.097468584701
33,12.5,5,conservative,True,-0.108438914671
34,12.5,5,conservative,True,-0.113847372767
35,12.5,5,conservative,True,-0.116663495339
36,12.5,5,conservative,True,-0.119542557394
37,12.5,5,conservative,True,-0.121491164022
38,12.5,5,conservative,True,-0.117736523643
39,12.5,5,conservative,True,-0.111423970077
40,12.5,5,conservative,True,-0.0951556424807
41,12.5,5,conservative,True,-0.0867341848072
42,12.5,5,conservative,True,-0.0753252445266
43,12.5,5,conservative,True,-0.0615765099775
44,12.5,5,conservative,True,-0.0315588492555
45,12.5,5,conservative,True,-0.00960700086417
46,12.5,5,conservative,True,0.0062170720509
47,12.5,5,conservative,True,0.0400081741161
48,12.5,5,conservative,True,0.0584479353964
49,12.5,5,conservative,True,0.102876531518
50,12.5,5,conservative,False,
51,12.5,5,conservative,False,
52,12.5,5,conservative,False,
-52,13.5,5,conservative,False,
-51,13.5,5,conservative,False,
-50,13.5,5,conservative,False,
-49,13.5,5,conservative,True,0.112346439006
-48,13.5,5,conservative,True,0.0965575196686
-47,13.5,5,conservative,True,0.10429114283
-46,13.5,5,conservative,True,0.103368639567
-45,13.5,5,conservative,True,0.093350484112
-44,13.5,5,conservative,True,0.0828607170899
-43,13.5,5,conservative,True,0.0741705579661
-42,13.5,5,conservative,True,0.0779416081248
-41,13.5,5,conservative,True,0.0697268088604
-40,13.5,5,conservative,True,0.0710859776771
-39,13.5,5,conservative,True,0.069173343395
-38,13.5,5,conservative,True,0.0693829220309
-37,13.5,5,conservative,True,0.0719240077971
-36,13.5,5,conservative,True,0.0764835921935
-35,13.5,5,conservative,True,0.0885613548805
-34,13.5,5,conservative,True,0.0958318205373
-33,13.5,5,conservative,True,0.1024839071
-32,13.5,5,conservative,True,0.117001218849
-31,13.5,5,conservative,True,0.125907382383
-30,13.5,5,conservative,True,0.140048208381
-29,13.5,5,conservative,True,0.151588366974
-28,13.5,5,conservative,True,0.165021708519
-27,13.5,5,conservative,True,0.182402375914
-26,13.5,5,conservative,True,0.196285174421
-25,13.5,5,conservative,True,0.209274201538
-24,13.5,5,conservative,True,0.223877019845
-23,13.5,5,conservative,True,0.227210724681
-22,13.5,5,conservative,True,0.227979785403
-21,13.5,5,conservative,True,0.23244481246
-20,13.5,5,conservative,True,0.230800648439
-19,13.5,5,conservative,True,0.228887940208
-18,13.5,5,conservative,True,0.222941471852
-17,13.5,5,conservative,True,0.216271025044
-16,13.5,5,conservative,True,0.2089589534
-15,13.5,5,conservative,True,0.196984112703
-14,13.5,5,conservative,True,0.185047914984
-13,13.5,5,conservative,True,0.17529936413
-12,13.5,5,conservative,True,0.163252222695
-11,13.5,5,conservative,True,0.149074748566
-10,13.5,5,conservative,True,0.136963129062
-9,13.5,5,conservative,True,0.124577057574
-8,13.5,5,conservative,True,0.113749348666
-7,13.5,5,conservative,True,0.101465274272
-6,13.5,5,conservative,True,0.0899325778879
-5,13.5,5,conservative,True,0.080353892108
-4,13.5,5,conservative,True,0.0706371343235
-3,13.5,5,conservative,True,0.0634793263547
-2,13.5,5,conservative,True,0.0555270918595
-1,13.5,5,conservative,True,0.0443217978224
0,13.5,5,conservative,True,0.0369168728306
1,13.5,5,conservative,True,0.029645811783
2,13.5,5,conservative,True,0.0217684812991
3,13.5,5,conservative,True,0.0179985677342
4,13.5,5,conservative,True,0.0112902447775
5,13.5,5,conservative,True,0.00399771982265
6,13.5,5,conservative,True,-0.00219328675255
7,13.5,5,conservative,True,-0.00753714997255
8,13.5,5,conservative,True,-0.0154269039627
9,13.5,5,conservative,True,-0.020111014989
10,13.5,5,conservative,True,-0.0250022077345
11,13.5,5,conservative,True,-0.0298001638631
12,13.5,5,conservative,True,-0.0329298915445
13,13.5,5,conservative,True,-0.0381693656444
14,13.5,5,conservative,True,-0.0409048286584
15,13.5,5,conservative,True,-0.0427565435276
16,13.5,5,conservative,True,-0.0417150617236
17,13.5,5,conservative,True,-0.043156312902
18,13.5,5,conservative,True,-0.0429425940209
19,13.5,5,conservative,True,-0.0413905613468
20,13.5,5,conservative,True,-0.0360958449412
21,13.5,5,conservative,True,-0.0373642960286
22,13.5,5,conservative,True,-0.0313100368674
23,13.5,5,conservative,True,-0.0291219227161
24,13.5,5,conservative,True,-0.0273159905074
25,13.5,5,conservative,True,-0.0296613854259
26,13.5,5,conservative,True,-0.0360007773256
27,13.5,5,conservative,True,-0.0398862805631
28,13.5,5,conservative,True,-0.0478602759984
29,13.5,5,conservative,True,-0.0562021309463
30,13.5,5,conservative,True,-0.062081186882
31,13.5,5,conservative,True,-0.0729048110117
32,13.5,5,conservative,True,-0.081297074535
33,13.5,5,conservative,True,-0.0836631699778
34,13.5,5,conservative,True,-0.0919016929649
35,13.5,5,conservative,True,-0.0997598653975
36,13.5,5,conservative,True,-0.0950169902731
37,13.5,5,conservative,True,-0.096596014758
38,13.5,5,conservative,True,-0.087982950991
39,13.5,5,conservative,True,-0.0818868326596
40,13.5,5,conservative,True,-0.0759656720458
41,13.5,5,conservative,True,-0.0581222540507
42,13.5,5,conservative,True,-0.0411237346645
43,13.5,5,conservative,True,-0.020471699096
44,13.5,5,conservative,True,0.00212279179289
45,13.5,5,conservative,True,0.0316134096873
46,13.5,5,conservative,True,0.0580628299129
47,13.5,5,conservative,True,0.0787856915137
48,13.5,5,conservative,True,0.118726641545
49,13.5,5,conservative,True,0.157068891763
50,13.5,5,conservative,False,
51,13.5,5,conservative,False,
52,13.5,5,conservative,False,
-52,14.5,5,conservative,False,
-51,14.5,5,conservative,False,
-50,14.5,5,conservative,False,
-49,14.5,5,conservative,True,0.166839266509
-48,14.5,5,conservative,True,0.163433863441
-47,14.5,5,conservative,True,0.154848830245
-46,14.5,5,conservative,True,0.15007216382
-45,14.5,5,conservative,True,0.13707129529
-44,14.5,5,conservative,True,0.122301593836
-43,14.5,5,conservative,True,0.119547173236
-42,14.5,5,conservative,True,0.106107252763
-41,14.5,5,conservative,True,0.105914318296
-40,14.5,5,conservative,True,0.102013037113
-39,14.5,5,conservative,True,0.101413320144
-38,14.5,5,conservative,True,0.10926347568
-37,14.5,5,conservative,True,0.107572369204
-36,14.5,5,conservative,True,0.113042363058
-35,14.5,5,conservative,True,0.115965918573
-34,14.5,5,conservative,True,0.129622893883
-33,14.5,5,conservative,True,0.13731684927
-32,14.5,5,conservative,True,0.150903132755
-31,14.5,5,conservative,True,0.157930606039
-30,14.5,5,conservative,True,0.167187803461
-29,14.5,5,conservative,True,0.180858165799
-28,14.5,5,conservative,True,0.192467017583
-27,14.5,5,conservative,True,0.213848657196
-26,14.5,5,conservative,True,0.227414015842
-25,14.5,5,conservative,True,0.239183351389
-24,14.5,5,conservative,True,0.24794316733
-23,14.5,5,conservative,True,0.252958328509
-22,14.5,5,conservative,True,0.256695972142
-21,14.5,5,conservative,True,0.25920214032
-20,14.5,5,conservative,True,0.254484492382
-19,14.5,5,conservative,True,0.248708657336
-18,14.5,5,conservative,True,0.242004185856
-17,14.5,5,conservative,True,0.229661633355
-16,14.5,5,conservative,True,0.219983315978
-15,14.5,5,conservative,True,0.206716309803
-14,14.5,5,conservative,True,0.192925056631
-13,14.5,5,conservative,True,0.17782366536
-12,14.5,5,conservative,True,0.162435324189
-11,14.5,5,conservative,True,0.150242403541
-10,14.5,5,conservative,True,0.133461188969
-9,14.5,5,conservative,True,0.12368791933
-8,14.5,5,conservative,True,0.111413774223
-7,14.5,5,conservative,True,0.102626721333
-6,14.5,5,conservative,True,0.092331271102
-5,14.5,5,conservative,True,0.0833096948318
-4,14.5,5,conservative,True,0.07243574094
-3,14.5,5,conservative,True,0.0656112118713
-2,14.5,5,conservative,True,0.0545306086818
-1,14.5,5,conservative,True,0.0461331615769
0,14.5,5,conservative,True,0.0393618766466
1,14.5,5,conservative,True,0.0329287164257
2,14.5,5,conservative,True,0.0265870802093
3,14.5,5,conservative,True,0.0220947692265
4,14.5,5,conservative,True,0.0143098245643
5,14.5,5,conservative,True,0.00808847270151
6,14.5,5,conservative,True,0.00107316924044
7,14.5,5,conservative,True,-0.0024195517557
8,14.5,5,conservative,True,-0.0078011519049
9,14.5,5,conservative,True,-0.0132899766871
10,14.5,5,conservative,True,-0.0197591502667
11,14.5,5,conservative,True,-0.0214868526966
12,14.5,5,conservative,True,-0.0235118032884
13,14.5,5,conservative,True,-0.0276119872248
14,14.5,5,conservative,True,-0.0316139981843
15,14.5,5,conservative,True,-0.0318279217409
16,14.5,5,conservative,True,-0.0324548169394
17,14.5,5,conservative,True,-0.0300217131707
18,14.5,5,conservative,True,-0.0242402505104
19,14.5,5,conservative,True,-0.0257490738693
20,14.5,5,conservative,True,-0.0221679822593
21,14.5,5,conservative,True,-0.0186109414752
22,14.5,5,conservative,True,-0.0147219200486
23,14.5,5,conservative,True,-0.0117584003743
24,14.5,5,conservative,True,-0.00843506586391
25,14.5,5,conservative,True,-0.0135687600847
26,14.5,5,conservative,True,-0.0158794259869
27,14.5,5,conservative,True,-0.0203684530395
28,14.5,5,conservative,True,-0.0310275961026
29,14.5,5,conservative,True,-0.0401971505741
30,14.5,5,conservative,True,-0.0448013938047
31,14.5,5,conservative,True,-0.051283948109
32,14.5,5,conservative,True,-0.0624667180519
33,14.5,5,conservative,True,-0.0671573516093
34,14.5,5,conservative,True,-0.0696855831586
35,14.5,5,conservative,True,-0.0778468789766
36,14.5,5,conservative,True,-0.0767298873853
37,14.5,5,conservative,True,-0.0737374244326
38,14.5,5,conservative,True,-0.0642319715986
39,14.5,5,conservative,True,-0.0570891302357
40,14.5,5,conservative,True,-0.0505064950935
41,14.5,5,conservative,True,-0.0311393322397
42,14.5,5,conservative,True,-0.00943027933617
43,14.5,5,conservative,True,0.00936587733206
44,14.5,5,conservative,True,0.0405825681229
45,14.5,5,conservative,True,0.0673817957831
46,14.5,5,conservative,True,0.104698711643
47,14.5,5,conservative,True,0.129516128103
48,14.5,5,conservative,True,0.149596011718
49,14.5,5,conservative,False,
50,14.5,5,conservative,False,
51,14.5,5,conservative,False,
52,14.5,5,conservative,False,
-52,15.5,5,conservative,False,
-51,15.5,5,conservative,False,
-50,15.5,5,conservative,False,
-49,15.5,5,conservative,True,0.203789705236
-48,15.5,5,conservative,True,0.209047478186
-47,15.5,5,conservative,True,0.205772135501
-46,15.5,5,conservative,True,0.196612879698
-45,15.5,5,conservative,True,0.178228399246
-44,15.5,5,conservative,True,0.161377851302
-43,15.5,5,conservative,True,0.154682326965
-42,15.5,5,conservative,True,0.143770616828
-41,15.5,5,conservative,True,0.132730768618
-40,15.5,5,conservative,True,0.132371903763
-39,15.5,5,conservative,True,0.13418140982
-38,15.5,5,conservative,True,0.140743568243
-37,15.5,5,conservative,True,0.145217914575
-36,15.5,5,conservative,True,0.145056346693
-35,15.5,5,conservative,True,0.151723291585
-34,15.5,5,conservative,True,0.157305953297
-33,15.5,5,conservative,True,0.170282682216
-32,15.5,5,conservative,True,0.181569446297
-31,15.5,5,conservative,True,0.186281911571
-30,15.5,5,conservative,True,0.196636022565
-29,15.5,5,conservative,True,0.212618757777
-28,15.5,5,conservative,True,0.227214933116
-27,15.5,5,conservative,True,0.238809648299
-26,15.5,5,conservative,True,0.253784820667
-25,15.5,5,conservative,True,0.264400547279
-24,15.5,5,conservative,True,0.270325273125
-23,15.5,5,conservative,True,0.274223499747
-22,15.5,5,conservative,True,0.281217355305
-21,15.5,5,conservative,True,0.278959159107
-20,15.5,5,conservative,True,0.274086744468
-19,15.5,5,conservative,True,0.263500956294
-18,15.5,5,conservative,True,0.253647794711
-17,15.5,5,conservative,True,0.241410960112
-16,15.5,5,conservative,True,0.228353175917
-15,15.5,5,conservative,True,0.212149011726
-14,15.5,5,conservative,True,0.200765980254
-13,15.5,5,conservative,True,0.181028839085
-12,15.5,5,conservative,True,0.16538653429
-11,15.5,5,conservative,True,0.152474591835
-10,15.5,5,conservative,True,0.133128042265
-9,15.5,5,conservative,True,0.12210790773
-8,15.5,5,conservative,True,0.110853167454
-7,15.5,5,conservative,True,0.0998518496793
-6,15.5,5,conservative,True,0.0920382492462
-5,15.5,5,conservative,True,0.0877195480436
-4,15.5,5,conservative,True,0.0806609448778
-3,15.5,5,conservative,True,0.072844896376
-2,15.5,5,conservative,True,0.0620994707554
-1,15.5,5,conservative,True,0.0536943091858
0,15.5,5,conservative,True,0.0471328017428
1,15.5,5,conservative,True,0.0379999427099
2,15.5,5,conservative,True,0.0307221731644
3,15.5,5,conservative,True,0.0247200530218
4,15.5,5,conservative,True,0.0171723439376
5,15.5,5,conservative,True,0.0112188045461
6,15.5,5,conservative,True,0.00643010607851
7,15.5,5,conservative,True,-0.000843732070703
8,15.5,5,conservative,True,-0.00458129889369
9,15.5,5,conservative,True,-0.00535112132233
10,15.5,5,conservative,True,-0.00967118999981
11,15.5,5,conservative,True,-0.014526824721
12,15.5,5,conservative,True,-0.0186839565331
13,15.5,5,conservative,True,-0.0200724053616
14,15.5,5,conservative,True,-0.0205586716673
15,15.5,5,conservative,True,-0.021513689773
16,15.5,5,conservative,True,-0.0192730356898
17,15.5,5,conservative,True,-0.0160833817098
18,15.5,5,conservative,True,-0.0126667164156
19,15.5,5,conservative,True,-0.00789297394764
20,15.5,5,conservative,True,-0.00818660489261
21,15.5,5,conservative,True,-0.00283997554672
22,15.5,5,conservative,True,-0.000770393797014
23,15.5,5,conservative,True,0.0049444203989
24,15.5,5,conservative,True,0.00862974105694
25,15.5,5,conservative,True,0.00751443283609
26,15.5,5,conservative,True,0.000750338235029
27,15.5,5,conservative,True,-0.00444949393269
28,15.5,5,conservative,True,-0.0146023123223
29,15.5,5,conservative,True,-0.0232264051877
30,15.5,5,conservative,True,-0.0261598711381
31,15.5,5,conservative,True,-0.0346758138235
32,15.5,5,conservative,True,-0.03923885373
33,15.5,5,conservative,True,-0.0495073001867
34,15.5,5,conservative,True,-0.0527331516984
35,15.5,5,conservative,True,-0.0533212718157
36,15.5,5,conservative,True,-0.0507431354707
37,15.5,5,conservative,True,-0.0445326521526
38,15.5,5,conservative,True,-0.0391719759762
39,15.5,5,conservative,True,-0.0300454539198
40,15.5,5,conservative,True,-0.0153662244639
41,15.5,5,conservative,True,-0.00217998653251
42,15.5,5,conservative,True,0.0223056435213
43,15.5,5,conservative,True,0.0498568189728
44,15.5,5,conservative,True,0.0655386401807
45,15.5,5,conservative,True,0.0971001278107
46,15.5,5,conservative,True,0.13007097769
47,15.5,5,conservative,True,0.154734934916
48,15.5,5,conservative,True,0.189306417288
49,15.5,5,conservative,False,
50,15.5,5,conservative,False,
51,15.5,5,conservative,False,
52,15.5,5,conservative,False,
-52,16.5,5,conservative,False,
-51,16.5,5,conservative,False,
-50,16.5,5,conservative,False,
-49,16.5,5,conservative,False,
-48,16.5,5,conservative,True,0.234391377414
-47,16.5,5,conservative,True,0.233461593895
-46,16.5,5,conservative,True,0.241724754674
-45,16.5,5,conservative,True,0.221455169615
-44,16.5,5,conservative,True,0.205332713518
-43,16.5,5,conservative,True,0.185513504858
-42,16.5,5,conservative,True,0.175801386939
-41,16.5,5,conservative,True,0.166621838905
-40,16.5,5,conservative,True,0.162249007733
-39,16.5,5,conservative,True,0.166189189001
-38,16.5,5,conservative,True,0.170206574326
-37,16.5,5,conservative,True,0.17412558055
-36,16.5,5,conservative,True,0.177141275534
-35,16.5,5,conservative,True,0.184087573808
-34,16.5,5,conservative,True,0.188873991133
-33,16.5,5,conservative,True,0.19963348779
-32,16.5,5,conservative,True,0.206886577525
-31,16.5,5,conservative,True,0.21573731215
-30,16.5,5,conservative,True,0.235063435189
-29,16.5,5,conservative,True,0.249518357273
-28,16.5,5,conservative,True,0.257276787016
-27,16.5,5,conservative,True,0.264999695475
-26,16.5,5,conservative,True,0.277576823376
-25,16.5,5,conservative,True,0.284433908373
-24,16.5,5,conservative,True,0.289000518063
-23,16.5,5,conservative,True,0.295413385793
-22,16.5,5,conservative,True,0.300731216938
-21,16.5,5,conservative,True,0.296855494404
-20,16.5,5,conservative,True,0.288256599754
-19,16.5,5,conservative,True,0.278628212756
-18,16.5,5,conservative,True,0.266901061166
-17,16.5,5,conservative,True,0.253209307498
-16,16.5,5,conservative,True,0.237487728815
-15,16.5,5,conservative,True,0.223180158274
-14,16.5,5,conservative,True,0.204535106967
-13,16.5,5,conservative,True,0.18679562313
-12,16.5,5,conservative,True,0.170890669796
-11,16.5,5,conservative,True,0.153628922145
-10,16.5,5,conservative,True,0.136769587208
-9,16.5,5,conservative,True,0.123089276368
-8,16.5,5,conservative,True,0.114121360839
-7,16.5,5,conservative,True,0.105291323641
-6,16.5,5,conservative,True,0.0950586565523
-5,16.5,5,conservative,True,0.0908756688308
-4,16.5,5,conservative,True,0.0823759370745
-3,16.5,5,conservative,True,0.078019005423
-2,16.5,5,conservative,True,0.0707915609239
-1,16.5,5,conservative,True,0.0602036586724
0,16.5,5,conservative,True,0.052825762268
1,16.5,5,conservative,True,0.0467031914152
2,16.5,5,conservative,True,0.0371369691028
3,16.5,5,conservative,True,0.0314483991446
4,16.5,5,conservative,True,0.0204745976529
5,16.5,5,conservative,True,0.0146133099871
6,16.5,5,conservative,True,0.00749575320665
7,16.5,5,conservative,True,0.00500868370163
8,16.5,5,conservative,True,-0.00408944503555
9,16.5,5,conservative,True,-0.00228460431788
10,16.5,5,conservative,True,-0.00439541564739
11,16.5,5,conservative,True,-0.0091054149247
12,16.5,5,conservative,True,-0.00819868550537
13,16.5,5,conservative,True,-0.00967888925236
14,16.5,5,conservative,True,-0.00816864493645
15,16.5,5,conservative,True,-0.0107639997863
16,16.5,5,conservative,True,-0.00768017220888
17,16.5,5,conservative,True,-0.00291448344441
18,16.5,5,conservative,True,0.00419765374935
19,16.5,5,conservative,True,0.00622987518933
20,16.5,5,conservative,True,0.00721915993134
21,16.5,5,conservative,True,0.0106443507693
22,16.5,5,conservative,True,0.0149068371547
23,16.5,5,conservative,True,0.0191319639493
24,16.5,5,conservative,True,0.0233741671416
25,16.5,5,conservative,True,0.0249225887975
26,16.5,5,conservative,True,0.0198396498888
27,16.5,5,conservative,True,0.0101778834613
28,16.5,5,conservative,True,0.00198677324761
29,16.5,5,conservative,True,-0.00459303829026
30,16.5,5,conservative,True,-0.0109931038086
31,16.5,5,conservative,True,-0.0159496650051
32,16.5,5,conservative,True,-0.0229266885684
33,16.5,5,conservative,True,-0.0360409330636
34,16.5,5,conservative,True,-0.037126314952
35,16.5,5,conservative,True,-0.0356368072655
36,16.5,5,conservative,True,-0.0343447871211
37,16.5,5,conservative,True,-0.0317048955308
38,16.5,5,conservative,True,-0.0199405822286
39,16.5,5,conservative,True,-0.0088844490586
40,16.5,5,conservative,True,0.0105063483055
41,16.5,5,conservative,True,0.0318108871682
42,16.5,5,conservative,True,0.0546016553676
43,16.5,5,conservative,True,0.0827850946432
44,16.5,5,conservative,True,0.108120192655
45,16.5,5,conservative,True,0.137090850132
46,16.5,5,conservative,True,0.177794571873
47,16.5,5,conservative,True,0.215348682662
48,16.5,5,conservative,False,
49,16.5,5,conservative,False,
50,16.5,5,conservative,False,
51,16.5,5,conservative,False,
52,16.5,5,conservative,False,
-52,17.5,5,conservative,False,
-51,17.5,5,conservative,False,
-50,17.5,5,conservative,False,
-49,17.5,5,conservative,False,
-48,17.5,5,conservative,True,0.269404382735
-47,17.5,5,conservative,True,0.260805039693
-46,17.5,5,conservative,True,0.262340214448
-45,17.5,5,conservative,True,0.23974802108
-44,17.5,5,conservative,True,0.230973909441
-43,17.5,5,conservative,True,0.218691144459
-42,17.5,5,conservative,True,0.21498901555
-41,17.5,5,conservative,True,0.194593594333
-40,17.5,5,conservative,True,0.187923603884
-39,17.5,5,conservative,True,0.192566899981
-38,17.5,5,conservative,True,0.198702343939
-37,17.5,5,conservative,True,0.209461858615
-36,17.5,5,conservative,True,0.212242128406
-35,17.5,5,conservative,True,0.217180313121
-34,17.5,5,conservative,True,0.219685211173
-33,17.5,5,conservative,True,0.228710234579
-32,17.5,5,conservative,True,0.241142547337
-31,17.5,5,conservative,True,0.252057704166
-30,17.5,5,conservative,True,0.261448983828
-29,17.5,5,conservative,True,0.273191217174
-28,17.5,5,conservative,True,0.282049142302
-27,17.5,5,conservative,True,0.290792190616
-26,17.5,5,conservative,True,0.299951793181
-25,17.5,5,conservative,True,0.308319276653
-24,17.5,5,conservative,True,0.30774730457
-23,17.5,5,conservative,True,0.314070444147
-22,17.5,5,conservative,True,0.314361921043
-21,17.5,5,conservative,True,0.310172280676
-20,17.5,5,conservative,True,0.304887862885
-19,17.5,5,conservative,True,0.295257451423
-18,17.5,5,conservative,True,0.283003109103
-17,17.5,5,conservative,True,0.266013473553
-16,17.5,5,conservative,True,0.240946490908
-15,17.5,5,conservative,True,0.222702208598
-14,17.5,5,conservative,True,0.207510815222
-13,17.5,5,conservative,True,0.186417455786
-12,17.5,5,conservative,True,0.170538687563
-11,17.5,5,conservative,True,0.152888890226
-10,17.5,5,conservative,True,0.139212713571
-9,17.5,5,conservative,True,0.125929570169
-8,17.5,5,conservative,True,0.112791343889
-7,17.5,5,conservative,True,0.108826953325
-6,17.5,5,conservative,True,0.0990957773288
-5,17.5,5,conservative,True,0.0956316786347
-4,17.5,5,conservative,True,0.0894384053989
-3,17.5,5,conservative,True,0.0840107722202
-2,17.5,5,conservative,True,0.0752697352486
-1,17.5,5,conservative,True,0.0652005239519
0,17.5,5,conservative,True,0.0579381095273
1,17.5,5,conservative,True,0.0478857469319
2,17.5,5,conservative,True,0.042455883375
3,17.5,5,conservative,True,0.0344652115618
4,17.5,5,conservative,True,0.0233364011316
5,17.5,5,conservative,True,0.0186539904173
6,17.5,5,conservative,True,0.0118857130061
7,17.5,5,conservative,True,0.00616165862984
8,17.5,5,conservative,True,0.00393741066544
9,17.5,5,conservative,True,0.00188060088285
10,17.5,5,conservative,True,-6.75312537852e-05
11,17.5,5,conservative,True,-0.00204804754857
12,17.5,5,conservative,True,-0.00389110853543
13,17.5,5,conservative,True,-0.00666059830085
14,17.5,5,conservative,True,-0.00245513576457
15,17.5,5,conservative,True,-0.00165054888309
16,17.5,5,conservative,True,0.00332269297478
17,17.5,5,conservative,True,0.0135972433805
18,17.5,5,conservative,True,0.0194543488483
19,17.5,5,conservative,True,0.0230383516983
20,17.5,5,conservative,True,0.028326087641
21,17.5,5,conservative,True,0.0353161853054
22,17.5,5,conservative,True,0.032482236576
23,17.5,5,conservative,True,0.0363609725729
24,17.5,5,conservative,True,0.0406822180641
25,17.5,5,conservative,True,0.0396670059851
26,17.5,5,conservative,True,0.0341073186194
27,17.5,5,conservative,True,0.0269327774413
28,17.5,5,conservative,True,0.0155303449779
29,17.5,5,conservative,True,0.00934066625053
30,17.5,5,conservative,True,0.00895099744499
31,17.5,5,conservative,True,0.00354721083622
32,17.5,5,conservative,True,-0.00625920480464
33,17.5,5,conservative,True,-0.0159629306017
34,17.5,5,conservative,True,-0.0138416902967
35,17.5,5,conservative,True,-0.0127254118012
36,17.5,5,conservative,True,-0.00706051523043
37,17.5,5,conservative,True,-0.00536030433703
38,17.5,5,conservative,True,0.012141290044
39,17.5,5,conservative,True,0.0273283633614
40,17.5,5,conservative,True,0.0393870157283
41,17.5,5,conservative,True,0.0553650522252
42,17.5,5,conservative,True,0.0930602952034
43,17.5,5,conservative,True,0.115908148098
44,17.5,5,conservative,True,0.1391839472
45,17.5,5,conservative,True,0.181699336756
46,17.5,5,conservative,True,0.220196577068
47,17.5,5,conservative,True,0.250773816796
48,17.5,5,conservative,False,
49,17.5,5,conservative,False,
50,17.5,5,conservative,False,
51,17.5,5,conservative,False,
52,17.5,5,conservative,False,
-52,18.5,5,conservative,False,
-51,18.5,5,conservative,False,
-50,18.5,5,conservative,False,
-49,18.5,5,conservative,False,
-48,18.5,5,conservative,True,0.285202680725
-47,18.5,5,conservative,True,0.282820585146
-46,18.5,5,conservative,True,0.277197281415
-45,18.5,5,conservative,True,0.267163690204
-44,18.5,5,conservative,True,0.249713152669
-43,18.5,5,conservative,True,0.242075214776
-42,18.5,5,conservative,True,0.236355306355
-41,18.5,5,conservative,True,0.219535718572
-40,18.5,5,conservative,True,0.214276916208
-39,18.5,5,conservative,True,0.212529617433
-38,18.5,5,conservative,True,0.219352387614
-37,18.5,5,conservative,True,0.225607998847
-36,18.5,5,conservative,True,0.232263405242
-35,18.5,5,conservative,True,0.24231307965
-34,18.5,5,conservative,True,0.251261142238
-33,18.5,5,conservative,True,0.258856874854
-32,18.5,5,conservative,True,0.270291764226
-31,18.5,5,conservative,True,0.282701062948
-30,18.5,5,conservative,True,0.292465455146
-29,18.5,5,conservative,True,0.302518839629
-28,18.5,5,conservative,True,0.307157398312
-27,18.5,5,conservative,True,0.316775986816
-26,18.5,5,conservative,True,0.320548199222
-25,18.5,5,conservative,True,0.328128387303
-24,18.5,5,conservative,True,0.326736637937
-23,18.5,5,conservative,True,0.329833412269
-22,18.5,5,conservative,True,0.329737331543
-21,18.5,5,conservative,True,0.328610941191
-20,18.5,5,conservative,True,0.320350545662
-19,18.5,5,conservative,True,0.307068226687
-18,18.5,5,conservative,True,0.291336614972
-17,18.5,5,conservative,True,0.273615157974
-16,18.5,5,conservative,True,0.248280958746
-15,18.5,5,conservative,True,0.228765720996
-14,18.5,5,conservative,True,0.208158300628
-13,18.5,5,conservative,True,0.187377549435
-12,18.5,5,conservative,True,0.174835359349
-11,18.5,5,conservative,True,0.159586281173
-10,18.5,5,conservative,True,0.142903992491
-9,18.5,5,conservative,True,0.127067590672
-8,18.5,5,conservative,True,0.121171052444
-7,18.5,5,conservative,True,0.110392973697
-6,18.5,5,conservative,True,0.102364385751
-5,18.5,5,conservative,True,0.0975124419465
-4,18.5,5,conservative,True,0.0933197701417
-3,18.5,5,conservative,True,0.0888500393343
-2,18.5,5,conservative,True,0.0812735222994
-1,18.5,5,conservative,True,0.0705136484719
0,18.5,5,conservative,True,0.0627492936046
1,18.5,5,conservative,True,0.0512167356976
2,18.5,5,conservative,True,0.0441841376408
3,18.5,5,conservative,True,0.0392312306849
4,18.5,5,conservative,True,0.0291030464488
5,18.5,5,conservative,True,0.0201568017081
6,18.5,5,conservative,True,0.015305102934
7,18.5,5,conservative,True,0.0121553950662
8,18.5,5,conservative,True,0.00663432139375
9,18.5,5,conservative,True,0.00446565072334
10,18.5,5,conservative,True,0.00173762208918
11,18.5,5,conservative,True,0.00150438418538
12,18.5,5,conservative,True,-0.00507022570596
13,18.5,5,conservative,True,-0.000680260913022
14,18.5,5,conservative,True,0.00473345471784
15,18.5,5,conservative,True,0.0101788823866
16,18.5,5,conservative,True,0.0194290277865
17,18.5,5,conservative,True,0.0258469156466
18,18.5,5,conservative,True,0.0315646873236
19,18.5,5,conservative,True,0.0356117120681
20,18.5,5,conservative,True,0.0463238879337
21,18.5,5,conservative,True,0.0485074635548
22,18.5,5,conservative,True,0.0538262809889
23,18.5,5,conservative,True,0.0539041592318
24,18.5,5,conservative,True,0.0551645189952
25,18.5,5,conservative,True,0.053836806905
26,18.5,5,conservative,True,0.0451660087956
27,18.5,5,conservative,True,0.0449810986753
28,18.5,5,conservative,True,0.0396985918608
29,18.5,5,conservative,True,0.0325575478411
30,18.5,5,conservative,True,0.0265725607848
31,18.5,5,conservative,True,0.0192633549349
32,18.5,5,conservative,True,0.00850724366271
33,18.5,5,conservative,True,0.00406082343472
34,18.5,5,conservative,True,0.0116365247886
35,18.5,5,conservative,True,0.00961842018723
36,18.5,5,conservative,True,0.0162290854797
37,18.5,5,conservative,True,0.0195069489394
38,18.5,5,conservative,True,0.0416962234173
39,18.5,5,conservative,True,0.0581463584526
40,18.5,5,conservative,True,0.0675747613894
41,18.5,5,conservative,True,0.0940945528864
42,18.5,5,conservative,True,0.121741101228
43,18.5,5,conservative,True,0.148859971873
44,18.5,5,conservative,True,0.176871559357
45,18.5,5,conservative,True,0.215553287951
46,18.5,5,conservative,True,0.253974983973
47,18.5,5,conservative,False,
48,18.5,5,conservative,False,
49,18.5,5,conservative,False,
50,18.5,5,conservative,False,
51,18.5,5,conservative,False,
52,18.5,5,conservative,False,
-52,19.5,5,conservative,False,
-51,19.5,5,conservative,False,
-50,19.5,5,conservative,False,
-49,19.5,5,conservative,False,
-48,19.5,5,conservative,True,0.307345190261
-47,19.5,5,conservative,True,0.303170088268
-46,19.5,5,conservative,True,0.279525230125
-45,19.5,5,conservative,True,0.268925573307
-44,19.5,5,conservative,True,0.25957502472
-43,19.5,5,conservative,True,0.2546288618
-42,19.5,5,conservative,True,0.246060561887
-41,19.5,5,conservative,True,0.239895791091
-40,19.5,5,conservative,True,0.234618211428
-39,19.5,5,conservative,True,0.235114756072
-38,19.5,5,conservative,True,0.242386120003
-37,19.5,5,conservative,True,0.245376579901
-36,19.5,5,conservative,True,0.252564398635
-35,19.5,5,conservative,True,0.257342947949
-34,19.5,5,conservative,True,0.277239867734
-33,19.5,5,conservative,True,0.28528129661
-32,19.5,5,conservative,True,0.297377111921
-31,19.5,5,conservative,True,0.310446708502
-30,19.5,5,conservative,True,0.316153095902
-29,19.5,5,conservative,True,0.326026583339
-28,19.5,5,conservative,True,0.330165051443
-27,19.5,5,conservative,True,0.33511441025
-26,19.5,5,conservative,True,0.339532161404
-25,19.5,5,conservative,True,0.341166986021
-24,19.5,5,conservative,True,0.341527958186
-23,19.5,5,conservative,True,0.343906439497
-22,19.5,5,conservative,True,0.343771464661
-21,19.5,5,conservative,True,0.339679584567
-20,19.5,5,conservative,True,0.330572196544
-19,19.5,5,conservative,True,0.319213515301
-18,19.5,5,conservative,True,0.302524148722
-17,19.5,5,conservative,True,0.27979498655
-16,19.5,5,conservative,True,0.255379265119
-15,19.5,5,conservative,True,0.232693730546
-14,19.5,5,conservative,True,0.213125862806
-13,19.5,5,conservative,True,0.192661709345
-12,19.5,5,conservative,True,0.177573359162
-11,19.5,5,conservative,True,0.160697092444
-10,19.5,5,conservative,True,0.147588236109
-9,19.5,5,conservative,True,0.132451675683
-8,19.5,5,conservative,True,0.125742197182
-7,19.5,5,conservative,True,0.115697574881
-6,19.5,5,conservative,True,0.107330034183
-5,19.5,5,conservative,True,0.100790887771
-4,19.5,5,conservative,True,0.0987335370003
-3,19.5,5,conservative,True,0.0892851190134
-2,19.5,5,conservative,True,0.0840355720599
-1,19.5,5,conservative,True,0.0751982395888
0,19.5,5,conservative,True,0.0661560543917
1,19.5,5,conservative,True,0.0588620779052
2,19.5,5,conservative,True,0.0493314664306
3,19.5,5,conservative,True,0.0396649457925
4,19.5,5,conservative,True,0.0369139495427
5,19.5,5,conservative,True,0.0257518536037
6,19.5,5,conservative,True,0.0185392114771
7,19.5,5,conservative,True,0.0167080966916
8,19.5,5,conservative,True,0.00975606750937
9,19.5,5,conservative,True,0.00476061258092
10,19.5,5,conservative,True,0.00382698950797
11,19.5,5,conservative,True,0.00362523274594
12,19.5,5,conservative,True,0.00290774241177
13,19.5,5,conservative,True,0.00499792075847
14,19.5,5,conservative,True,0.0141057380281
15,19.5,5,conservative,True,0.0177732911638
16,19.5,5,conservative,True,0.02309723787
17,19.5,5,conservative,True,0.0341494257629
18,19.5,5,conservative,True,0.0403660461708
19,19.5,5,conservative,True,0.0519685211855
20,19.5,5,conservative,True,0.0601715663
21,19.5,5,conservative,True,0.0670200278839
22,19.5,5,conservative,True,0.0697142278923
23,19.5,5,conservative,True,0.0684061470688
24,19.5,5,conservative,True,0.0700332441864
25,19.5,5,conservative,True,0.0690366001285
26,19.5,5,conservative,True,0.0633702910053
27,19.5,5,conservative,True,0.0595281248819
28,19.5,5,conservative,True,0.0579922040458
29,19.5,5,conservative,True,0.0519424126983
30,19.5,5,conservative,True,0.0472494904384
31,19.5,5,conservative,True,0.03861784213
32,19.5,5,conservative,True,0.0339912876166
33,19.5,5,conservative,True,0.0282547763635
34,19.5,5,conservative,True,0.0317898481763
35,19.5,5,conservative,True,0.0334644426364
36,19.5,5,conservative,True,0.0430977413194
37,19.5,5,conservative,True,0.053054533894
38,19.5,5,conservative,True,0.0697426030671
39,19.5,5,conservative,True,0.0887588142807
40,19.5,5,conservative,True,0.102130400992
41,19.5,5,conservative,True,0.123448243282
42,19.5,5,conservative,True,0.153113771954
43,19.5,5,conservative,True,0.180347811326
44,19.5,5,conservative,True,0.218909251217
45,19.5,5,conservative,True,0.243221730566
46,19.5,5,conservative,False,
47,19.5,5,conservative,False,
48,19.5,5,conservative,False,
49,19.5,5,conservative,False,
50,19.5,5,conservative,False,
51,19.5,5,conservative,False,
52,19.5,5,conservative,False,
-52,20.5,5,conservative,False,
-51,20.5,5,conservative,False,
-50,20.5,5,conservative,False,
-49,20.5,5,conservative,False,
-48,20.5,5,conservative,False,
-47,20.5,5,conservative,True,0.314327452561
-46,20.5,5,conservative,True,0.294886434687
-45,20.5,5,conservative,True,0.282322855915
-44,20.5,5,conservative,True,0.271822532436
-43,20.5,5,conservative,True,0.267679465407
-42,20.5,5,conservative,True,0.25121005104
-41,20.5,5,conservative,True,0.247629798538
-40,20.5,5,conservative,True,0.248447029353
-39,20.5,5,conservative,True,0.256518708604
-38,20.5,5,conservative,True,0.260815206797
-37,20.5,5,conservative,True,0.268344086469
-36,20.5,5,conservative,True,0.270241517459
-35,20.5,5,conservative,True,0.281268861222
-34,20.5,5,conservative,True,0.291249887933
-33,20.5,5,conservative,True,0.298378696293
-32,20.5,5,conservative,True,0.30730974563
-31,20.5,5,conservative,True,0.319410347724
-30,20.5,5,conservative,True,0.326953910519
-29,20.5,5,conservative,True,0.333659833696
-28,20.5,5,conservative,True,0.341315257871
-27,20.5,5,conservative,True,0.345960913775
-26,20.5,5,conservative,True,0.356202165245
-25,20.5,5,conservative,True,0.356862823026
-24,20.5,5,conservative,True,0.355888102526
-23,20.5,5,conservative,True,0.355845924093
-22,20.5,5,conservative,True,0.357716739842
-21,20.5,5,conservative,True,0.347545443972
-20,20.5,5,conservative,True,0.339497970167
-19,20.5,5,conservative,True,0.327135698158
-18,20.5,5,conservative,True,0.309912353425
-17,20.5,5,conservative,True,0.288439989919
-16,20.5,5,conservative,True,0.267032216291
-15,20.5,5,conservative,True,0.243302480921
-14,20.5,5,conservative,True,0.222371105223
-13,20.5,5,conservative,True,0.203472723323
-12,20.5,5,conservative,True,0.18751961727
-11,20.5,5,conservative,True,0.167868624645
-10,20.5,5,conservative,True,0.151007002735
-9,20.5,5,conservative,True,0.141318425617
-8,20.5,5,conservative,True,0.129636986305
-7,20.5,5,conservative,True,0.117249812822
-6,20.5,5,conservative,True,0.110342849682
-5,20.5,5,conservative,True,0.103806409368
-4,20.5,5,conservative,True,0.1006892218
-3,20.5,5,conservative,True,0.0937671822532
-2,20.5,5,conservative,True,0.0848625596976
-1,20.5,5,conservative,True,0.079934727298
0,20.5,5,conservative,True,0.0687603803427
1,20.5,5,conservative,True,0.0603344365738
2,20.5,5,conservative,True,0.0518635781574
3,20.5,5,conservative,True,0.0472055503727
4,20.5,5,conservative,True,0.0417584051123
5,20.5,5,conservative,True,0.0319719940564
6,20.5,5,conservative,True,0.0241451606297
7,20.5,5,conservative,True,0.0172821594743
8,20.5,5,conservative,True,0.0133817795782
9,20.5,5,conservative,True,0.00777517103408
10,20.5,5,conservative,True,0.00693186200533
11,20.5,5,conservative,True,0.00905461602671
12,20.5,5,conservative,True,0.0104195167254
13,20.5,5,conservative,True,0.0163225960604
14,20.5,5,conservative,True,0.0249598811489
15,20.5,5,conservative,True,0.0288343126852
16,20.5,5,conservative,True,0.0363154428421
17,20.5,5,conservative,True,0.0437384856591
18,20.5,5,conservative,True,0.0530695982093
19,20.5,5,conservative,True,0.0628629851512
20,20.5,5,conservative,True,0.0724052508121
21,20.5,5,conservative,True,0.0797375009263
22,20.5,5,conservative,True,0.0824535384271
23,20.5,5,conservative,True,0.0853955696244
24,20.5,5,conservative,True,0.0868906860942
25,20.5,5,conservative,True,0.0869429222508
26,20.5,5,conservative,True,0.0862100770667
27,20.5,5,conservative,True,0.0786283130178
28,20.5,5,conservative,True,0.0748884272712
29,20.5,5,conservative,True,0.0704406145495
30,20.5,5,conservative,True,0.0650060219419
31,20.5,5,conservative,True,0.0606757419676
32,20.5,5,conservative,True,0.0626036022916
33,20.5,5,conservative,True,0.0562449724692
34,20.5,5,conservative,True,0.0526979177756
35,20.5,5,conservative,True,0.0614723971035
36,20.5,5,conservative,True,0.0720587102303
37,20.5,5,conservative,True,0.0877372429864
38,20.5,5,conservative,True,0.100654387504
39,20.5,5,conservative,True,0.116975410233
40,20.5,5,conservative,True,0.133393047846
41,20.5,5,conservative,True,0.144008503397
42,20.5,5,conservative,True,0.177071202181
43,20.5,5,conservative,True,0.211769078711
44,20.5,5,conservative,True,0.248867176499
45,20.5,5,conservative,False,
46,20.5,5,conservative,False,
47,20.5,5,conservative,False,
48,20.5,5,conservative,False,
49,20.5,5,conservative,False,
50,20.5,5,conservative,False,
51,20.5,5,conservative,False,
52,20.5,5,conservative,False,
-52,21.5,5,conservative,False,
-51,21.5,5,conservative,False,
-50,21.5,5,conservative,False,
-49,21.5,5,conservative,False,
-48,21.5,5,conservative,False,
-47,21.5,5,conservative,True,0.331034452615
-46,21.5,5,conservative,True,0.301834316141
-45,21.5,5,conservative,True,0.284627278708
-44,21.5,5,conservative,True,0.273765888448
-43,21.5,5,conservative,True,0.267653194992
-42,21.5,5,conservative,True,0.267719828803
-41,21.5,5,conservative,True,0.265410389341
-40,21.5,5,conservative,True,0.269262176617
-39,21.5,5,conservative,True,0.269895334066
-38,21.5,5,conservative,True,0.274769920401
-37,21.5,5,conservative,True,0.283271985643
-36,21.5,5,conservative,True,0.299363610171
-35,21.5,5,conservative,True,0.303737493786
-34,21.5,5,conservative,True,0.309282459175
-33,21.5,5,conservative,True,0.318508590668
-32,21.5,5,conservative,True,0.32170925451
-31,21.5,5,conservative,True,0.334907317396
-30,21.5,5,conservative,True,0.34120686786
-29,21.5,5,conservative,True,0.345411937804
-28,21.5,5,conservative,True,0.34972445988
-27,21.5,5,conservative,True,0.360291985068
-26,21.5,5,conservative,True,0.362734142997
-25,21.5,5,conservative,True,0.364897919448
-24,21.5,5,conservative,True,0.369647085911
-23,21.5,5,conservative,True,0.368651911272
-22,21.5,5,conservative,True,0.363547292612
-21,21.5,5,conservative,True,0.355811863046
-20,21.5,5,conservative,True,0.346414930188
-19,21.5,5,conservative,True,0.336784813612
-18,21.5,5,conservative,True,0.319735948871
-17,21.5,5,conservative,True,0.298110389071
-16,21.5,5,conservative,True,0.272367548393
-15,21.5,5,conservative,True,0.251537632681
-14,21.5,5,conservative,True,0.228724871639
-13,21.5,5,conservative,True,0.205912024263
-12,21.5,5,conservative,True,0.190272331859
-11,21.5,5,conservative,True,0.173360768054
-10,21.5,5,conservative,True,0.155400634128
-9,21.5,5,conservative,True,0.144260453258
-8,21.5,5,conservative,True,0.132863905844
-7,21.5,5,conservative,True,0.1201764671
-6,21.5,5,conservative,True,0.112550515779
-5,21.5,5,conservative,True,0.105508849083
-4,21.5,5,conservative,True,0.101293024808
-3,21.5,5,conservative,True,0.094848520688
-2,21.5,5,conservative,True,0.0893285015149
-1,21.5,5,conservative,True,0.0835683454386
0,21.5,5,conservative,True,0.0747279616547
1,21.5,5,conservative,True,0.0671054199936
2,21.5,5,conservative,True,0.0574935265667
3,21.5,5,conservative,True,0.049889953525
4,21.5,5,conservative,True,0.0448716455727
5,21.5,5,conservative,True,0.0385529226812
6,21.5,5,conservative,True,0.0289090425516
7,21.5,5,conservative,True,0.0219408318525
8,21.5,5,conservative,True,0.0171129752781
9,21.5,5,conservative,True,0.0170163390785
10,21.5,5,conservative,True,0.0134314495936
11,21.5,5,conservative,True,0.0147783224707
12,21.5,5,conservative,True,0.0164796156341
13,21.5,5,conservative,True,0.0258036445744
14,21.5,5,conservative,True,0.0337952989645
15,21.5,5,conservative,True,0.034226460248
16,21.5,5,conservative,True,0.0468523849347
17,21.5,5,conservative,True,0.056418079663
18,21.5,5,conservative,True,0.0652753087047
19,21.5,5,conservative,True,0.07666501838
20,21.5,5,conservative,True,0.0815016499002
21,21.5,5,conservative,True,0.0913342886919
22,21.5,5,conservative,True,0.0984666123657
23,21.5,5,conservative,True,0.103820670087
24,21.5,5,conservative,True,0.108183395734
25,21.5,5,conservative,True,0.104973142368
26,21.5,5,conservative,True,0.106184717986
27,21.5,5,conservative,True,0.100526873374
28,21.5,5,conservative,True,0.0942941212338
29,21.5,5,conservative,True,0.0879549687972
30,21.5,5,conservative,True,0.0860768798636
31,21.5,5,conservative,True,0.0850813760324
32,21.5,5,conservative,True,0.080687737774
33,21.5,5,conservative,True,0.0801379454017
34,21.5,5,conservative,True,0.0873954108447
35,21.5,5,conservative,True,0.0939412067837
36,21.5,5,conservative,True,0.105846455771
37,21.5,5,conservative,True,0.116255008079
38,21.5,5,conservative,True,0.131726020722
39,21.5,5,conservative,True,0.143658629198
40,21.5,5,conservative,True,0.162462803439
41,21.5,5,conservative,True,0.179555731297
42,21.5,5,conservative,True,0.206981566652
43,21.5,5,conservative,True,0.243474467578
44,21.5,5,conservative,False,
45,21.5,5,conservative,False,
46,21.5,5,conservative,False,
47,21.5,5,conservative,False,
48,21.5,5,conservative,False,
49,21.5,5,conservative,False,
50,21.5,5,conservative,False,
51,21.5,5,conservative,False,
52,21.5,5,conservative,False,
-52,22.5,5,conservative,False,
-51,22.5,5,conservative,False,
-50,22.5,5,conservative,False,
-49,22.5,5,conservative,False,
-48,22.5,5,conservative,False,
-47,22.5,5,conservative,True,0.325687134927
-46,22.5,5,conservative,True,0.318875482164
-45,22.5,5,conservative,True,0.298473623841
-44,22.5,5,conservative,True,0.282910453775
-43,22.5,5,conservative,True,0.282813514413
-42,22.5,5,conservative,True,0.287753442766
-41,22.5,5,conservative,True,0.289267097821
-40,22.5,5,conservative,True,0.288935947556
-39,22.5,5,conservative,True,0.293426434839
-38,22.5,5,conservative,True,0.296732072622
-37,22.5,5,conservative,True,0.299541404643
-36,22.5,5,conservative,True,0.315563963914
-35,22.5,5,conservative,True,0.321207830902
-34,22.5,5,conservative,True,0.326005116156
-33,22.5,5,conservative,True,0.335951559097
-32,22.5,5,conservative,True,0.345744903807
-31,22.5,5,conservative,True,0.35154776181
-30,22.5,5,conservative,True,0.360162445275
-29,22.5,5,conservative,True,0.35738658301
-28,22.5,5,conservative,True,0.360254168953
-27,22.5,5,conservative,True,0.367397171579
-26,22.5,5,conservative,True,0.375451551013
-25,22.5,5,conservative,True,0.376593340919
-24,22.5,5,conservative,True,0.377590559042
-23,22.5,5,conservative,True,0.374280605386
-22,22.5,5,conservative,True,0.37074766348
-21,22.5,5,conservative,True,0.363752698321
-20,22.5,5,conservative,True,0.355327256442
-19,22.5,5,conservative,True,0.340933482567
-18,22.5,5,conservative,True,0.3247473014
-17,22.5,5,conservative,True,0.305250070904
-16,22.5,5,conservative,True,0.27987720372
-15,22.5,5,conservative,True,0.258625713496
-14,22.5,5,conservative,True,0.235460416883
-13,22.5,5,conservative,True,0.215950002391
-12,22.5,5,conservative,True,0.193961531728
-11,22.5,5,conservative,True,0.173175595717
-10,22.5,5,conservative,True,0.157440344236
-9,22.5,5,conservative,True,0.141912477495
-8,22.5,5,conservative,True,0.129724120271
-7,22.5,5,conservative,True,0.122365032352
-6,22.5,5,conservative,True,0.116004349045
-5,22.5,5,conservative,True,0.11061151365
-4,22.5,5,conservative,True,0.105048900321
-3,22.5,5,conservative,True,0.0949608584345
-2,22.5,5,conservative,True,0.0900202612745
-1,22.5,5,conservative,True,0.0844359143139
0,22.5,5,conservative,True,0.0773248770305
1,22.5,5,conservative,True,0.0716350585252
2,22.5,5,conservative,True,0.0634406419132
3,22.5,5,conservative,True,0.0599511481481
4,22.5,5,conservative,True,0.0493818635238
5,22.5,5,conservative,True,0.038853330061
6,22.5,5,conservative,True,0.0350326643279
7,22.5,5,conservative,True,0.0268775584583
8,22.5,5,conservative,True,0.0209157174335
9,22.5,5,conservative,True,0.019500991291
10,22.5,5,conservative,True,0.0193385897437
11,22.5,5,conservative,True,0.018841390035
12,22.5,5,conservative,True,0.0253264995286
13,22.5,5,conservative,True,0.0314281733021
14,22.5,5,conservative,True,0.0400847361768
15,22.5,5,conservative,True,0.047130700278
16,22.5,5,conservative,True,0.0589828566017
17,22.5,5,conservative,True,0.0691076472215
18,22.5,5,conservative,True,0.0830253456063
19,22.5,5,conservative,True,0.0913570265983
20,22.5,5,conservative,True,0.103059354171
21,22.5,5,conservative,True,0.110048854445
22,22.5,5,conservative,True,0.118082646854
23,22.5,5,conservative,True,0.120093495359
24,22.5,5,conservative,True,0.126677507873
25,22.5,5,conservative,True,0.124507165675
26,22.5,5,conservative,True,0.127930336449
27,22.5,5,conservative,True,0.121390430029
28,22.5,5,conservative,True,0.120997402074
29,22.5,5,conservative,True,0.115693700876
30,22.5,5,conservative,True,0.114985833553
31,22.5,5,conservative,True,0.113496848663
32,22.5,5,conservative,True,0.114560097621
33,22.5,5,conservative,True,0.118726764439
34,22.5,5,conservative,True,0.127845624403
35,22.5,5,conservative,True,0.136688808502
36,22.5,5,conservative,True,0.147719978047
37,22.5,5,conservative,True,0.154965947196
38,22.5,5,conservative,True,0.16344819912
39,22.5,5,conservative,True,0.180182795708
40,22.5,5,conservative,True,0.200703744851
41,22.5,5,conservative,True,0.212597056021
42,22.5,5,conservative,True,0.234537187877
43,22.5,5,conservative,False,
44,22.5,5,conservative,False,
45,22.5,5,conservative,False,
46,22.5,5,conservative,False,
47,22.5,5,conservative,False,
48,22.5,5,conservative,False,
49,22.5,5,conservative,False,
50,22.5,5,conservative,False,
51,22.5,5,conservative,False,
52,22.5,5,conservative,False,
-52,23.5,5,conservative,False,
-51,23.5,5,conservative,False,
-50,23.5,5,conservative,False,
-49,23.5,5,conservative,False,
-48,23.5,5,conservative,False,
-47,23.5,5,conservative,True,0.326900665282
-46,23.5,5,conservative,True,0.321403285587
-45,23.5,5,conservative,True,0.303053180442
-44,23.5,5,conservative,True,0.291713659068
-43,23.5,5,conservative,True,0.303267618554
-42,23.5,5,conservative,True,0.29780324193
-41,23.5,5,conservative,True,0.308442503301
-40,23.5,5,conservative,True,0.306884942721
-39,23.5,5,conservative,True,0.314063507251
-38,23.5,5,conservative,True,0.314850479566
-37,23.5,5,conservative,True,0.32371441642
-36,23.5,5,conservative,True,0.332404054737
-35,23.5,5,conservative,True,0.342457232651
-34,23.5,5,conservative,True,0.344945842835
-33,23.5,5,conservative,True,0.348978775228
-32,23.5,5,conservative,True,0.358580374879
-31,23.5,5,conservative,True,0.363361233321
-30,23.5,5,conservative,True,0.370588697019
-29,23.5,5,conservative,True,0.374429673899
-28,23.5,5,conservative,True,0.379560458198
-27,23.5,5,conservative,True,0.383204616834
-26,23.5,5,conservative,True,0.386074397994
-25,23.5,5,conservative,True,0.382670114659
-24,23.5,5,conservative,True,0.375598307336
-23,23.5,5,conservative,True,0.380044921125
-22,23.5,5,conservative,True,0.376307942368
-21,23.5,5,conservative,True,0.364854625486
-20,23.5,5,conservative,True,0.353651666292
-19,23.5,5,conservative,True,0.345930833133
-18,23.5,5,conservative,True,0.328899869491
-17,23.5,5,conservative,True,0.305162171527
-16,23.5,5,conservative,True,0.284429546846
-15,23.5,5,conservative,True,0.260018403203
-14,23.5,5,conservative,True,0.241683283328
-13,23.5,5,conservative,True,0.222077506169
-12,23.5,5,conservative,True,0.198893076173
-11,23.5,5,conservative,True,0.175038586476
-10,23.5,5,conservative,True,0.158952400167
-9,23.5,5,conservative,True,0.149982446471
-8,23.5,5,conservative,True,0.13658923604
-7,23.5,5,conservative,True,0.122974165236
-6,23.5,5,conservative,True,0.118195907613
-5,23.5,5,conservative,True,0.110702373216
-4,23.5,5,conservative,True,0.105432064708
-3,23.5,5,conservative,True,0.101289125882
-2,23.5,5,conservative,True,0.0937908892682
-1,23.5,5,conservative,True,0.0855234296782
0,23.5,5,conservative,True,0.0768668670072
1,23.5,5,conservative,True,0.0708328013887
2,23.5,5,conservative,True,0.0636121568477
3,23.5,5,conservative,True,0.0577843962633
4,23.5,5,conservative,True,0.0497026854102
5,23.5,5,conservative,True,0.0417949350332
6,23.5,5,conservative,True,0.0337030279981
7,23.5,5,conservative,True,0.0277567526506
8,23.5,5,conservative,True,0.0234134796346
9,23.5,5,conservative,True,0.0219193272441
10,23.5,5,conservative,True,0.0254392823157
11,23.5,5,conservative,True,0.0285657633259
12,23.5,5,conservative,True,0.0301783562357
13,23.5,5,conservative,True,0.0384023328013
14,23.5,5,conservative,True,0.0476329639778
15,23.5,5,conservative,True,0.0562190827618
16,23.5,5,conservative,True,0.0696129127896
17,23.5,5,conservative,True,0.0841851538675
18,23.5,5,conservative,True,0.0960636163032
19,23.5,5,conservative,True,0.106482650253
20,23.5,5,conservative,True,0.115064465609
21,23.5,5,conservative,True,0.125869738652
22,23.5,5,conservative,True,0.139075282347
23,23.5,5,conservative,True,0.143132279155
24,23.5,5,conservative,True,0.143799106098
25,23.5,5,conservative,True,0.145770226325
26,23.5,5,conservative,True,0.146097435198
27,23.5,5,conservative,True,0.146225833557
28,23.5,5,conservative,True,0.145852857253
29,23.5,5,conservative,True,0.13597750598
30,23.5,5,conservative,True,0.144766069589
31,23.5,5,conservative,True,0.142130111617
32,23.5,5,conservative,True,0.150517219617
33,23.5,5,conservative,True,0.154371106196
34,23.5,5,conservative,True,0.166463815904
35,23.5,5,conservative,True,0.17528674348
36,23.5,5,conservative,True,0.191401160472
37,23.5,5,conservative,True,0.196402922431
38,23.5,5,conservative,True,0.204095560098
39,23.5,5,conservative,True,0.211438440693
40,23.5,5,conservative,True,0.230713029019
41,23.5,5,conservative,True,0.243490384283
42,23.5,5,conservative,False,
43,23.5,5,conservative,False,
44,23.5,5,conservative,False,
45,23.5,5,conservative,False,
46,23.5,5,conservative,False,
47,23.5,5,conservative,False,
48,23.5,5,conservative,False,
49,23.5,5,conservative,False,
50,23.5,5,conservative,False,
51,23.5,5,conservative,False,
52,23.5,5,conservative,False,
-52,24.5,5,conservative,False,
-51,24.5,5,conservative,False,
-50,24.5,5,conservative,False,
-49,24.5,5,conservative,False,
-48,24.5,5,conservative,False,
-47,24.5,5,conservative,True,0.334807178907
-46,24.5,5,conservative,True,0.32431442459
-45,24.5,5,conservative,True,0.312545488854
-44,24.5,5,conservative,True,0.31460745935
-43,24.5,5,conservative,True,0.319416840523
-42,24.5,5,conservative,True,0.320936736242
-41,24.5,5,conservative,True,0.330440021892
-40,24.5,5,conservative,True,0.330843435519
-39,24.5,5,conservative,True,0.336477081901
-38,24.5,5,conservative,True,0.33517177768
-37,24.5,5,conservative,True,0.34573852538
-36,24.5,5,conservative,True,0.353697601995
-35,24.5,5,conservative,True,0.35868017207
-34,24.5,5,conservative,True,0.357847884189
-33,24.5,5,conservative,True,0.364858603133
-32,24.5,5,conservative,True,0.372933406486
-31,24.5,5,conservative,True,0.371383471818
-30,24.5,5,conservative,True,0.375595818312
-29,24.5,5,conservative,True,0.384375421202
-28,24.5,5,conservative,True,0.384694917577
-27,24.5,5,conservative,True,0.386476695969
-26,24.5,5,conservative,True,0.389098598988
-25,24.5,5,conservative,True,0.386863526605
-24,24.5,5,conservative,True,0.383534480882
-23,24.5,5,conservative,True,0.382311037267
-22,24.5,5,conservative,True,0.374814217588
-21,24.5,5,conservative,True,0.368953438787
-20,24.5,5,conservative,True,0.360046044967
-19,24.5,5,conservative,True,0.347427552564
-18,24.5,5,conservative,True,0.328485821303
-17,24.5,5,conservative,True,0.311215712722
-16,24.5,5,conservative,True,0.288409313574
-15,24.5,5,conservative,True,0.265425061867
-14,24.5,5,conservative,True,0.2435936448
-13,24.5,5,conservative,True,0.226932132779
-12,24.5,5,conservative,True,0.201420342209
-11,24.5,5,conservative,True,0.181803286363
-10,24.5,5,conservative,True,0.162786511029
-9,24.5,5,conservative,True,0.147773481935
-8,24.5,5,conservative,True,0.137251191422
-7,24.5,5,conservative,True,0.12936088059
-6,24.5,5,conservative,True,0.12134986044
-5,24.5,5,conservative,True,0.116660092601
-4,24.5,5,conservative,True,0.104420249199
-3,24.5,5,conservative,True,0.099340097959
-2,24.5,5,conservative,True,0.0940885749007
-1,24.5,5,conservative,True,0.0846275157982
0,24.5,5,conservative,True,0.0759433484192
1,24.5,5,conservative,True,0.0713777809371
2,24.5,5,conservative,True,0.0661304526706
3,24.5,5,conservative,True,0.0586134288418
4,24.5,5,conservative,True,0.0504756920501
5,24.5,5,conservative,True,0.0433164100648
6,24.5,5,conservative,True,0.0411254329164
7,24.5,5,conservative,True,0.0337002415784
8,24.5,5,conservative,True,0.0350690139976
9,24.5,5,conservative,True,0.0294313101242
10,24.5,5,conservative,True,0.033528472609
11,24.5,5,conservative,True,0.0369139117502
12,24.5,5,conservative,True,0.038273203878
13,24.5,5,conservative,True,0.0445850418105
14,24.5,5,conservative,True,0.0555234285361
15,24.5,5,conservative,True,0.0702328611549
16,24.5,5,conservative,True,0.0866122122665
17,24.5,5,conservative,True,0.099573955467
18,24.5,5,conservative,True,0.112761481838
19,24.5,5,conservative,True,0.126184631444
20,24.5,5,conservative,True,0.130376857586
21,24.5,5,conservative,True,0.147268960933
22,24.5,5,conservative,True,0.159180201122
23,24.5,5,conservative,True,0.15867074141
24,24.5,5,conservative,True,0.159059871024
25,24.5,5,conservative,True,0.164583796449
26,24.5,5,conservative,True,0.172714415108
27,24.5,5,conservative,True,0.168625546253
28,24.5,5,conservative,True,0.171307300904
29,24.5,5,conservative,True,0.169188600295
30,24.5,5,conservative,True,0.169042209603
31,24.5,5,conservative,True,0.176295604677
32,24.5,5,conservative,True,0.18135542884
33,24.5,5,conservative,True,0.187884743132
34,24.5,5,conservative,True,0.204484669646
35,24.5,5,conservative,True,0.211665514736
36,24.5,5,conservative,True,0.22096974912
37,24.5,5,conservative,True,0.230423732488
38,24.5,5,conservative,True,0.233521683701
39,24.5,5,conservative,True,0.251641506596
40,24.5,5,conservative,True,0.269695454095
41,24.5,5,conservative,True,0.28837074909
42,24.5,5,conservative,False,
43,24.5,5,conservative,False,
44,24.5,5,conservative,False,
45,24.5,5,conservative,False,
46,24.5,5,conservative,False,
47,24.5,5,conservative,False,
48,24.5,5,conservative,False,
49,24.5,5,conservative,False,
50,24.5,5,conservative,False,
51,24.5,5,conservative,False,
52,24.5,5,conservative,False,
-52,25.5,5,conservative,False,
-51,25.5,5,conservative,False,
-50,25.5,5,conservative,False,
-49,25.5,5,conservative,False,
-48,25.5,5,conservative,False,
-47,25.5,5,conservative,False,
-46,25.5,5,conservative,True,0.348000884201
-45,25.5,5,conservative,True,0.327007161089
-44,25.5,5,conservative,True,0.332814488365
-43,25.5,5,conservative,True,0.339388674852
-42,25.5,5,conservative,True,0.343563077495
-41,25.5,5,conservative,True,0.349677310161
-40,25.5,5,conservative,True,0.356410158597
-39,25.5,5,conservative,True,0.359084079177
-38,25.5,5,conservative,True,0.363108543172
-37,25.5,5,conservative,True,0.367729661647
-36,25.5,5,conservative,True,0.368025521889
-35,25.5,5,conservative,True,0.375921771122
-34,25.5,5,conservative,True,0.373364559535
-33,25.5,5,conservative,True,0.377646140846
-32,25.5,5,conservative,True,0.385868819783
-31,25.5,5,conservative,True,0.387833009381
-30,25.5,5,conservative,True,0.392121200427
-29,25.5,5,conservative,True,0.391460744771
-28,25.5,5,conservative,True,0.392568361111
-27,25.5,5,conservative,True,0.396299990538
-26,25.5,5,conservative,True,0.394229864403
-25,25.5,5,conservative,True,0.394179233945
-24,25.5,5,conservative,True,0.388354284191
-23,25.5,5,conservative,True,0.384883487554
-22,25.5,5,conservative,True,0.379091810332
-21,25.5,5,conservative,True,0.371942294606
-20,25.5,5,conservative,True,0.35519654816
-19,25.5,5,conservative,True,0.342030437828
-18,25.5,5,conservative,True,0.325503871506
-17,25.5,5,conservative,True,0.309458292601
-16,25.5,5,conservative,True,0.289060008469
-15,25.5,5,conservative,True,0.270389459005
-14,25.5,5,conservative,True,0.24859184159
-13,25.5,5,conservative,True,0.22626470713
-12,25.5,5,conservative,True,0.202368547527
-11,25.5,5,conservative,True,0.184735874702
-10,25.5,5,conservative,True,0.166154347446
-9,25.5,5,conservative,True,0.150167400663
-8,25.5,5,conservative,True,0.134665442105
-7,25.5,5,conservative,True,0.129981049565
-6,25.5,5,conservative,True,0.121500631532
-5,25.5,5,conservative,True,0.110428752804
-4,25.5,5,conservative,True,0.106107716627
-3,25.5,5,conservative,True,0.0964625438182
-2,25.5,5,conservative,True,0.0908979127241
-1,25.5,5,conservative,True,0.0824637242275
0,25.5,5,conservative,True,0.0801974183606
1,25.5,5,conservative,True,0.0710405638604
2,25.5,5,conservative,True,0.0650778057915
3,25.5,5,conservative,True,0.0609412574771
4,25.5,5,conservative,True,0.0515120202181
5,25.5,5,conservative,True,0.0483276522099
6,25.5,5,conservative,True,0.0460114718985
7,25.5,5,conservative,True,0.0454203672843
8,25.5,5,conservative,True,0.0431960071902
9,25.5,5,conservative,True,0.0376158123714
10,25.5,5,conservative,True,0.0389400724504
11,25.5,5,conservative,True,0.0432475968992
12,25.5,5,conservative,True,0.0465476447792
13,25.5,5,conservative,True,0.0537239224681
14,25.5,5,conservative,True,0.0668368085988
15,25.5,5,conservative,True,0.0811227828885
16,25.5,5,conservative,True,0.0994548001102
17,25.5,5,conservative,True,0.113570793092
18,25.5,5,conservative,True,0.127659880478
19,25.5,5,conservative,True,0.140704714189
20,25.5,5,conservative,True,0.151517783782
21,25.5,5,conservative,True,0.163650326462
22,25.5,5,conservative,True,0.168941869909
23,25.5,5,conservative,True,0.180635466316
24,25.5,5,conservative,True,0.187339902715
25,25.5,5,conservative,True,0.194527962894
26,25.5,5,conservative,True,0.195819774395
27,25.5,5,conservative,True,0.19434174158
28,25.5,5,conservative,True,0.199372931275
29,25.5,5,conservative,True,0.196624622562
30,25.5,5,conservative,True,0.2002158043
31,25.5,5,conservative,True,0.209560935413
32,25.5,5,conservative,True,0.216219336883
33,25.5,5,conservative,True,0.227713469214
34,25.5,5,conservative,True,0.243126418903
35,25.5,5,conservative,True,0.252029638883
36,25.5,5,conservative,True,0.260959571065
37,25.5,5,conservative,True,0.272282721205
38,25.5,5,conservative,True,0.288029861448
39,25.5,5,conservative,True,0.294041953442
40,25.5,5,conservative,True,0.311904115227
41,25.5,5,conservative,False,
42,25.5,5,conservative,False,
43,25.5,5,conservative,False,
44,25.5,5,conservative,False,
45,25.5,5,conservative,False,
46,25.5,5,conservative,False,
47,25.5,5,conservative,False,
48,25.5,5,conservative,False,
49,25.5,5,conservative,False,
50,25.5,5,conservative,False,
51,25.5,5,conservative,False,
52,25.5,5,conservative,False,
-52,26.5,5,conservative,False,
-51,26.5,5,conservative,False,
-50,26.5,5,conservative,False,
-49,26.5,5,conservative,False,
-48,26.5,5,conservative,False,
-47,26.5,5,conservative,False,
-46,26.5,5,conservative,True,0.363361759511
-45,26.5,5,conservative,True,0.362373982246
-44,26.5,5,conservative,True,0.348136356468
-43,26.5,5,conservative,True,0.364433418081
-42,26.5,5,conservative,True,0.359656568913
-41,26.5,5,conservative,True,0.373199880561
-40,26.5,5,conservative,True,0.391243473846
-39,26.5,5,conservative,True,0.379836937036
-38,26.5,5,conservative,True,0.393299921294
-37,26.5,5,conservative,True,0.395824111403
-36,26.5,5,conservative,True,0.393097357704
-35,26.5,5,conservative,True,0.39400362044
-34,26.5,5,conservative,True,0.394919318852
-33,26.5,5,conservative,True,0.398850647658
-32,26.5,5,conservative,True,0.40009170105
-31,26.5,5,conservative,True,0.408353843344
-30,26.5,5,conservative,True,0.401595511046
-29,26.5,5,conservative,True,0.402800077277
-28,26.5,5,conservative,True,0.402279659092
-27,26.5,5,conservative,True,0.400266538337
-26,26.5,5,conservative,True,0.4074234856
-25,26.5,5,conservative,True,0.400161823301
-24,26.5,5,conservative,True,0.39125411245
-23,26.5,5,conservative,True,0.386234759215
-22,26.5,5,conservative,True,0.37869910766
-21,26.5,5,conservative,True,0.368968170174
-20,26.5,5,conservative,True,0.352506282529
-19,26.5,5,conservative,True,0.340342964433
-18,26.5,5,conservative,True,0.325215025731
-17,26.5,5,conservative,True,0.310453464708
-16,26.5,5,conservative,True,0.291827522196
-15,26.5,5,conservative,True,0.268878303372
-14,26.5,5,conservative,True,0.246685580363
-13,26.5,5,conservative,True,0.224115258534
-12,26.5,5,conservative,True,0.203204620578
-11,26.5,5,conservative,True,0.184564200274
-10,26.5,5,conservative,True,0.169923318158
-9,26.5,5,conservative,True,0.150359802521
-8,26.5,5,conservative,True,0.137446333161
-7,26.5,5,conservative,True,0.125330473509
-6,26.5,5,conservative,True,0.115472748855
-5,26.5,5,conservative,True,0.10725989313
-4,26.5,5,conservative,True,0.102592070927
-3,26.5,5,conservative,True,0.0953317211629
-2,26.5,5,conservative,True,0.0858105326497
-1,26.5,5,conservative,True,0.0810598255341
0,26.5,5,conservative,True,0.0755923586389
1,26.5,5,conservative,True,0.0677892549208
2,26.5,5,conservative,True,0.0652125801733
3,26.5,5,conservative,True,0.0611135719944
4,26.5,5,conservative,True,0.0577220613491
5,26.5,5,conservative,True,0.0487286730181
6,26.5,5,conservative,True,0.0485201804774
7,26.5,5,conservative,True,0.0499405707303
8,26.5,5,conservative,True,0.0511773591606
9,26.5,5,conservative,True,0.0485167535067
10,26.5,5,conservative,True,0.0479188795631
11,26.5,5,conservative,True,0.0528379534533
12,26.5,5,conservative,True,0.0591676004582
13,26.5,5,conservative,True,0.0647161123116
14,26.5,5,conservative,True,0.0829864165848
15,26.5,5,conservative,True,0.0943290560054
16,26.5,5,conservative,True,0.11279494336
17,26.5,5,conservative,True,0.128758198252
18,26.5,5,conservative,True,0.138281085672
19,26.5,5,conservative,True,0.158542537536
20,26.5,5,conservative,True,0.170891144024
21,26.5,5,conservative,True,0.176413408534
22,26.5,5,conservative,True,0.187377830779
23,26.5,5,conservative,True,0.197464297358
24,26.5,5,conservative,True,0.208584941331
25,26.5,5,conservative,True,0.2182346527
26,26.5,5,conservative,True,0.215698967969
27,26.5,5,conservative,True,0.220648282551
28,26.5,5,conservative,True,0.224387672876
29,26.5,5,conservative,True,0.222891324473
30,26.5,5,conservative,True,0.228602875128
31,26.5,5,conservative,True,0.239886999568
32,26.5,5,conservative,True,0.251990355372
33,26.5,5,conservative,True,0.267107095895
34,26.5,5,conservative,True,0.280180257094
35,26.5,5,conservative,True,0.292838785257
36,26.5,5,conservative,True,0.310535590414
37,26.5,5,conservative,True,0.325520703966
38,26.5,5,conservative,True,0.331025264771
39,26.5,5,conservative,True,0.344758772884
40,26.5,5,conservative,False,
41,26.5,5,conservative,False,
42,26.5,5,conservative,False,
43,26.5,5,conservative,False,
44,26.5,5,conservative,False,
45,26.5,5,conservative,False,
46,26.5,5,conservative,False,
47,26.5,5,conservative,False,
48,26.5,5,conservative,False,
49,26.5,5,conservative,False,
50,26.5,5,conservative,False,
51,26.5,5,conservative,False,
52,26.5,5,conservative,False,
-52,27.5,5,conservative,False,
-51,27.5,5,conservative,False,
-50,27.5,5,conservative,False,
-49,27.5,5,conservative,False,
-48,27.5,5,conservative,False,
-47,27.5,5,conservative,False,
-46,27.5,5,conservative,True,0.372039246934
-45,27.5,5,conservative,True,0.387070453611
-44,27.5,5,conservative,True,0.382261836755
-43,27.5,5,conservative,True,0.389090256012
-42,27.5,5,conservative,True,0.380516592503
-41,27.5,5,conservative,True,0.401041050964
-40,27.5,5,conservative,True,0.411772795652
-39,27.5,5,conservative,True,0.422059013961
-38,27.5,5,conservative,True,0.427275264239
-37,27.5,5,conservative,True,0.424989948286
-36,27.5,5,conservative,True,0.419059995893
-35,27.5,5,conservative,True,0.424545942742
-34,27.5,5,conservative,True,0.421056432498
-33,27.5,5,conservative,True,0.425753545248
-32,27.5,5,conservative,True,0.422548852513
-31,27.5,5,conservative,True,0.415525618936
-30,27.5,5,conservative,True,0.418710996825
-29,27.5,5,conservative,True,0.413691848454
-28,27.5,5,conservative,True,0.410458875117
-27,27.5,5,conservative,True,0.410506041961
-26,27.5,5,conservative,True,0.407382888745
-25,27.5,5,conservative,True,0.401689521716
-24,27.5,5,conservative,True,0.393151611599
-23,27.5,5,conservative,True,0.387252627756
-22,27.5,5,conservative,True,0.378041433987
-21,27.5,5,conservative,True,0.371137952616
-20,27.5,5,conservative,True,0.355367313955
-19,27.5,5,conservative,True,0.339061187535
-18,27.5,5,conservative,True,0.324721224291
-17,27.5,5,conservative,True,0.307090250581
-16,27.5,5,conservative,True,0.288607293442
-15,27.5,5,conservative,True,0.267363603701
-14,27.5,5,conservative,True,0.248896162708
-13,27.5,5,conservative,True,0.222360227483
-12,27.5,5,conservative,True,0.202619538551
-11,27.5,5,conservative,True,0.187500613357
-10,27.5,5,conservative,True,0.167392318944
-9,27.5,5,conservative,True,0.149121843662
-8,27.5,5,conservative,True,0.134363039065
-7,27.5,5,conservative,True,0.119389226231
-6,27.5,5,conservative,True,0.10877132549
-5,27.5,5,conservative,True,0.101915434803
-4,27.5,5,conservative,True,0.0983689244115
-3,27.5,5,conservative,True,0.0883575653051
-2,27.5,5,conservative,True,0.0812411139819
-1,27.5,5,conservative,True,0.0751833112096
0,27.5,5,conservative,True,0.0751286791037
1,27.5,5,conservative,True,0.0691731577959
2,27.5,5,conservative,True,0.0679067827794
3,27.5,5,conservative,True,0.0614415662322
4,27.5,5,conservative,True,0.0569851401772
5,27.5,5,conservative,True,0.054872322281
6,27.5,5,conservative,True,0.055045947235
7,27.5,5,conservative,True,0.054358665911
8,27.5,5,conservative,True,0.0560494299274
9,27.5,5,conservative,True,0.0540531146323
10,27.5,5,conservative,True,0.0568042544855
11,27.5,5,conservative,True,0.0638159677163
12,27.5,5,conservative,True,0.0675870472885
13,27.5,5,conservative,True,0.079804497978
14,27.5,5,conservative,True,0.0935114634523
15,27.5,5,conservative,True,0.108075563809
16,27.5,5,conservative,True,0.128403375993
17,27.5,5,conservative,True,0.14204886158
18,27.5,5,conservative,True,0.160402179639
19,27.5,5,conservative,True,0.174452199531
20,27.5,5,conservative,True,0.184661804347
21,27.5,5,conservative,True,0.194052716009
22,27.5,5,conservative,True,0.209316031954
23,27.5,5,conservative,True,0.218538020042
24,27.5,5,conservative,True,0.226911891724
25,27.5,5,conservative,True,0.233483906533
26,27.5,5,conservative,True,0.240886555882
27,27.5,5,conservative,True,0.245954780257
28,27.5,5,conservative,True,0.252332370497
29,27.5,5,conservative,True,0.254658511074
30,27.5,5,conservative,True,0.267463895334
31,27.5,5,conservative,True,0.279892152703
32,27.5,5,conservative,True,0.289366414681
33,27.5,5,conservative,True,0.313536841309
34,27.5,5,conservative,True,0.323208468611
35,27.5,5,conservative,True,0.34125392607
36,27.5,5,conservative,True,0.355431159589
37,27.5,5,conservative,True,0.370750629179
38,27.5,5,conservative,True,0.376726080578
39,27.5,5,conservative,True,0.395221595272
40,27.5,5,conservative,False,
41,27.5,5,conservative,False,
42,27.5,5,conservative,False,
43,27.5,5,conservative,False,
44,27.5,5,conservative,False,
45,27.5,5,conservative,False,
46,27.5,5,conservative,False,
47,27.5,5,conservative,False,
48,27.5,5,conservative,False,
49,27.5,5,conservative,False,
50,27.5,5,conservative,False,
51,27.5,5,conservative,False,
52,27.5,5,conservative,False,
-52,28.5,5,conservative,False,
-51,28.5,5,conservative,False,
-50,28.5,5,conservative,False,
-49,28.5,5,conservative,False,
-48,28.5,5,conservative,False,
-47,28.5,5,conservative,False,
-46,28.5,5,conservative,False,
-45,28.5,5,conservative,True,0.393698321647
-44,28.5,5,conservative,True,0.392448052147
-43,28.5,5,conservative,True,0.409006428997
-42,28.5,5,conservative,True,0.406180748161
-41,28.5,5,conservative,True,0.411794479405
-40,28.5,5,conservative,True,0.435443302304
-39,28.5,5,conservative,True,0.447840062413
-38,28.5,5,conservative,True,0.461800601936
-37,28.5,5,conservative,True,0.456218283694
-36,28.5,5,conservative,True,0.453752878499
-35,28.5,5,conservative,True,0.446921190037
-34,28.5,5,conservative,True,0.439356722993
-33,28.5,5,conservative,True,0.445651596807
-32,28.5,5,conservative,True,0.43989929181
-31,28.5,5,conservative,True,0.428809218774
-30,28.5,5,conservative,True,0.426978983664
-29,28.5,5,conservative,True,0.409760028957
-28,28.5,5,conservative,True,0.41374205418
-27,28.5,5,conservative,True,0.410795388764
-26,28.5,5,conservative,True,0.407399956383
-25,28.5,5,conservative,True,0.401071678256
-24,28.5,5,conservative,True,0.392987578233
-23,28.5,5,conservative,True,0.378680289738
-22,28.5,5,conservative,True,0.374391825566
-21,28.5,5,conservative,True,0.370260995867
-20,28.5,5,conservative,True,0.352894936626
-19,28.5,5,conservative,True,0.34498823717
-18,28.5,5,conservative,True,0.322942835792
-17,28.5,5,conservative,True,0.3059724733
-16,28.5,5,conservative,True,0.291611435028
-15,28.5,5,conservative,True,0.268075127995
-14,28.5,5,conservative,True,0.243807687933
-13,28.5,5,conservative,True,0.223063173927
-12,28.5,5,conservative,True,0.206079124479
-11,28.5,5,conservative,True,0.186663098101
-10,28.5,5,conservative,True,0.165010632591
-9,28.5,5,conservative,True,0.144279225899
-8,28.5,5,conservative,True,0.127902804375
-7,28.5,5,conservative,True,0.113086969041
-6,28.5,5,conservative,True,0.102787757225
-5,28.5,5,conservative,True,0.0940763848252
-4,28.5,5,conservative,True,0.0903365444173
-3,28.5,5,conservative,True,0.0837407995149
-2,28.5,5,conservative,True,0.0765958669007
-1,28.5,5,conservative,True,0.0730309046078
0,28.5,5,conservative,True,0.0708527421925
1,28.5,5,conservative,True,0.0712870268669
2,28.5,5,conservative,True,0.0680901254951
3,28.5,5,conservative,True,0.0599423378277
4,28.5,5,conservative,True,0.0553402347548
5,28.5,5,conservative,True,0.0576938712884
6,28.5,5,conservative,True,0.0581370532263
7,28.5,5,conservative,True,0.0602683700205
8,28.5,5,conservative,True,0.0571918649916
9,28.5,5,conservative,True,0.0581069161495
10,28.5,5,conservative,True,0.0639515370029
11,28.5,5,conservative,True,0.07183018036
12,28.5,5,conservative,True,0.083344048052
13,28.5,5,conservative,True,0.0896395338832
14,28.5,5,conservative,True,0.106201454882
15,28.5,5,conservative,True,0.123118968826
16,28.5,5,conservative,True,0.141266593046
17,28.5,5,conservative,True,0.158905024067
18,28.5,5,conservative,True,0.175158860753
19,28.5,5,conservative,True,0.192539620523
20,28.5,5,conservative,True,0.20783802398
21,28.5,5,conservative,True,0.216270589823
22,28.5,5,conservative,True,0.225840359117
23,28.5,5,conservative,True,0.239039244139
24,28.5,5,conservative,True,0.247845978329
25,28.5,5,conservative,True,0.250250497136
26,28.5,5,conservative,True,0.259949693072
27,28.5,5,conservative,True,0.267676724225
28,28.5,5,conservative,True,0.27946146374
29,28.5,5,conservative,True,0.29107922618
30,28.5,5,conservative,True,0.300114080167
31,28.5,5,conservative,True,0.318604423444
32,28.5,5,conservative,True,0.343532969678
33,28.5,5,conservative,True,0.358774098406
34,28.5,5,conservative,True,0.37300098485
35,28.5,5,conservative,True,0.39544500619
36,28.5,5,conservative,True,0.419288518609
37,28.5,5,conservative,True,0.421118513639
38,28.5,5,conservative,False,
39,28.5,5,conservative,False,
40,28.5,5,conservative,False,
41,28.5,5,conservative,False,
42,28.5,5,conservative,False,
43,28.5,5,conservative,False,
44,28.5,5,conservative,False,
45,28.5,5,conservative,False,
46,28.5,5,conservative,False,
47,28.5,5,conservative,False,
48,28.5,5,conservative,False,
49,28.5,5,conservative,False,
50,28.5,5,conservative,False,
51,28.5,5,conservative,False,
52,28.5,5,conservative,False,
-52,29.5,5,conservative,False,
-51,29.5,5,conservative,False,
-50,29.5,5,conservative,False,
-49,29.5,5,conservative,False,
-48,29.5,5,conservative,False,
-47,29.5,5,conservative,False,
-46,29.5,5,conservative,False,
-45,29.5,5,conservative,True,0.384629620711
-44,29.5,5,conservative,True,0.407622647222
-43,29.5,5,conservative,True,0.423937964354
-42,29.5,5,conservative,True,0.430267385806
-41,29.5,5,conservative,True,0.436951654222
-40,29.5,5,conservative,True,0.446187745305
-39,29.5,5,conservative,True,0.474583701597
-38,29.5,5,conservative,True,0.490269851234
-37,29.5,5,conservative,True,0.487122675259
-36,29.5,5,conservative,True,0.47384944814
-35,29.5,5,conservative,True,0.462397872763
-34,29.5,5,conservative,True,0.458705976683
-33,29.5,5,conservative,True,0.446397068618
-32,29.5,5,conservative,True,0.444092744654
-31,29.5,5,conservative,True,0.432684575297
-30,29.5,5,conservative,True,0.431057293644
-29,29.5,5,conservative,True,0.430050480042
-28,29.5,5,conservative,True,0.419075749472
-27,29.5,5,conservative,True,0.410425970227
-26,29.5,5,conservative,True,0.402189717693
-25,29.5,5,conservative,True,0.396185609542
-24,29.5,5,conservative,True,0.381347821259
-23,29.5,5,conservative,True,0.381221098064
-22,29.5,5,conservative,True,0.36679612299
-21,29.5,5,conservative,True,0.36100081126
-20,29.5,5,conservative,True,0.35580054424
-19,29.5,5,conservative,True,0.336627094359
-18,29.5,5,conservative,True,0.320718049012
-17,29.5,5,conservative,True,0.304911304202
-16,29.5,5,conservative,True,0.287017240787
-15,29.5,5,conservative,True,0.266084386254
-14,29.5,5,conservative,True,0.240096901193
-13,29.5,5,conservative,True,0.220996840624
-12,29.5,5,conservative,True,0.209271502204
-11,29.5,5,conservative,True,0.1830851567
-10,29.5,5,conservative,True,0.162409065517
-9,29.5,5,conservative,True,0.141028780096
-8,29.5,5,conservative,True,0.120677727322
-7,29.5,5,conservative,True,0.108902254326
-6,29.5,5,conservative,True,0.10166053862
-5,29.5,5,conservative,True,0.0876024952962
-4,29.5,5,conservative,True,0.0806942855354
-3,29.5,5,conservative,True,0.0803402485702
-2,29.5,5,conservative,True,0.0704033581103
-1,29.5,5,conservative,True,0.0707649474668
0,29.5,5,conservative,True,0.0710215371953
1,29.5,5,conservative,True,0.0653486490634
2,29.5,5,conservative,True,0.0644108831849
3,29.5,5,conservative,True,0.063567611528
4,29.5,5,conservative,True,0.0593279757963
5,29.5,5,conservative,True,0.0600861902023
6,29.5,5,conservative,True,0.058261835891
7,29.5,5,conservative,True,0.0649705695655
8,29.5,5,conservative,True,0.0585285560482
9,29.5,5,conservative,True,0.0620164949232
10,29.5,5,conservative,True,0.0732512993742
11,29.5,5,conservative,True,0.0790775343195
12,29.5,5,conservative,True,0.0896635958549
13,29.5,5,conservative,True,0.0999810711211
14,29.5,5,conservative,True,0.118535131788
15,29.5,5,conservative,True,0.134962890759
16,29.5,5,conservative,True,0.153618042925
17,29.5,5,conservative,True,0.175361385848
18,29.5,5,conservative,True,0.18484707153
19,29.5,5,conservative,True,0.20485991112
20,29.5,5,conservative,True,0.222739461327
21,29.5,5,conservative,True,0.23452418134
22,29.5,5,conservative,True,0.241672391651
23,29.5,5,conservative,True,0.258382635306
24,29.5,5,conservative,True,0.267214422058
25,29.5,5,conservative,True,0.27499250747
26,29.5,5,conservative,True,0.285650424647
27,29.5,5,conservative,True,0.294409171635
28,29.5,5,conservative,True,0.317548993978
29,29.5,5,conservative,True,0.322940394115
30,29.5,5,conservative,True,0.338951254533
31,29.5,5,conservative,True,0.363475313058
32,29.5,5,conservative,True,0.384635828149
33,29.5,5,conservative,True,0.397717778232
34,29.5,5,conservative,True,0.419545411036
35,29.5,5,conservative,True,0.446888340923
36,29.5,5,conservative,False,
37,29.5,5,conservative,False,
38,29.5,5,conservative,False,
39,29.5,5,conservative,False,
40,29.5,5,conservative,False,
41,29.5,5,conservative,False,
42,29.5,5,conservative,False,
43,29.5,5,conservative,False,
44,29.5,5,conservative,False,
45,29.5,5,conservative,False,
46,29.5,5,conservative,False,
47,29.5,5,conservative,False,
48,29.5,5,conservative,False,
49,29.5,5,conservative,False,
50,29.5,5,conservative,False,
51,29.5,5,conservative,False,
52,29.5,5,conservative,False,
-52,30.5,5,conservative,False,
-51,30.5,5,conservative,False,
-50,30.5,5,conservative,False,
-49,30.5,5,conservative,False,
-48,30.5,5,conservative,False,
-47,30.5,5,conservative,False,
-46,30.5,5,conservative,False,
-45,30.5,5,conservative,False,
-44,30.5,5,conservative,True,0.39574876288
-43,30.5,5,conservative,True,0.425570025584
-42,30.5,5,conservative,True,0.455337077187
-41,30.5,5,conservative,True,0.465647895697
-40,30.5,5,conservative,True,0.490592713216
-39,30.5,5,conservative,True,0.504375659893
-38,30.5,5,conservative,True,0.509939187266
-37,30.5,5,conservative,True,0.520331812289
-36,30.5,5,conservative,True,0.504763282281
-35,30.5,5,conservative,True,0.486312954708
-34,30.5,5,conservative,True,0.475080741552
-33,30.5,5,conservative,True,0.464649461935
-32,30.5,5,conservative,True,0.449725590739
-31,30.5,5,conservative,True,0.435554054821
-30,30.5,5,conservative,True,0.433055415602
-29,30.5,5,conservative,True,0.425888368193
-28,30.5,5,conservative,True,0.419050353094
-27,30.5,5,conservative,True,0.402893273784
-26,30.5,5,conservative,True,0.401188990575
-25,30.5,5,conservative,True,0.385228519398
-24,30.5,5,conservative,True,0.380334026176
-23,30.5,5,conservative,True,0.369251500871
-22,30.5,5,conservative,True,0.362605540555
-21,30.5,5,conservative,True,0.358305509206
-20,30.5,5,conservative,True,0.347034813437
-19,30.5,5,conservative,True,0.3355103972
-18,30.5,5,conservative,True,0.318509767667
-17,30.5,5,conservative,True,0.303704879147
-16,30.5,5,conservative,True,0.283033680516
-15,30.5,5,conservative,True,0.262131770759
-14,30.5,5,conservative,True,0.242826181707
-13,30.5,5,conservative,True,0.224269846334
-12,30.5,5,conservative,True,0.204998216259
-11,30.5,5,conservative,True,0.186625821878
-10,30.5,5,conservative,True,0.16297440222
-9,30.5,5,conservative,True,0.139452369187
-8,30.5,5,conservative,True,0.12322355927
-7,30.5,5,conservative,True,0.107618486928
-6,30.5,5,conservative,True,0.0966211619293
-5,30.5,5,conservative,True,0.0834110620078
-4,30.5,5,conservative,True,0.0748153813474
-3,30.5,5,conservative,True,0.0688328255703
-2,30.5,5,conservative,True,0.063365379176
-1,30.5,5,conservative,True,0.062068725821
0,30.5,5,conservative,True,0.0642817644274
1,30.5,5,conservative,True,0.061193067506
2,30.5,5,conservative,True,0.0603386856206
3,30.5,5,conservative,True,0.0608830053721
4,30.5,5,conservative,True,0.0619250248565
5,30.5,5,conservative,True,0.0641893028584
6,30.5,5,conservative,True,0.0638549753996
7,30.5,5,conservative,True,0.0667565675744
8,30.5,5,conservative,True,0.0636412731875
9,30.5,5,conservative,True,0.0745166056938
10,30.5,5,conservative,True,0.084779469203
11,30.5,5,conservative,True,0.0886304695307
12,30.5,5,conservative,True,0.102186925884
13,30.5,5,conservative,True,0.111406266038
14,30.5,5,conservative,True,0.127715374401
15,30.5,5,conservative,True,0.147762106879
16,30.5,5,conservative,True,0.16816976701
17,30.5,5,conservative,True,0.191790281973
18,30.5,5,conservative,True,0.204408718595
19,30.5,5,conservative,True,0.217035723943
20,30.5,5,conservative,True,0.242803061312
21,30.5,5,conservative,True,0.254462498211
22,30.5,5,conservative,True,0.263636849597
23,30.5,5,conservative,True,0.278694427895
24,30.5,5,conservative,True,0.29311578441
25,30.5,5,conservative,True,0.300745327185
26,30.5,5,conservative,True,0.311866370373
27,30.5,5,conservative,True,0.332799476772
28,30.5,5,conservative,True,0.345292085876
29,30.5,5,conservative,True,0.352071801402
30,30.5,5,conservative,True,0.371674645165
31,30.5,5,conservative,True,0.392994972043
32,30.5,5,conservative,True,0.414219293512
33,30.5,5,conservative,True,0.433463190326
34,30.5,5,conservative,True,0.457350359823
35,30.5,5,conservative,False,
36,30.5,5,conservative,False,
37,30.5,5,conservative,False,
38,30.5,5,conservative,False,
39,30.5,5,conservative,False,
40,30.5,5,conservative,False,
41,30.5,5,conservative,False,
42,30.5,5,conservative,False,
43,30.5,5,conservative,False,
44,30.5,5,conservative,False,
45,30.5,5,conservative,False,
46,30.5,5,conservative,False,
47,30.5,5,conservative,False,
48,30.5,5,conservative,False,
49,30.5,5,conservative,False,
50,30.5,5,conservative,False,
51,30.5,5,conservative,False,
52,30.5,5,conservative,False,
-52,31.5,5,conservative,False,
-51,31.5,5,conservative,False,
-50,31.5,5,conservative,False,
-49,31.5,5,conservative,False,
-48,31.5,5,conservative,False,
-47,31.5,5,conservative,False,
-46,31.5,5,conservative,False,
-45,31.5,5,conservative,False,
-44,31.5,5,conservative,False,
-43,31.5,5,conservative,False,
-42,31.5,5,conservative,False,
-41,31.5,5,conservative,False,
-40,31.5,5,conservative,False,
-39,31.5,5,conservative,True,0.526350227344
-38,31.5,5,conservative,False,
-37,31.5,5,conservative,False,
-36,31.5,5,conservative,False,
-35,31.5,5,conservative,True,0.526152677426
-34,31.5,5,conservative,True,0.506620001275
-33,31.5,5,conservative,True,0.489734890739
-32,31.5,5,conservative,True,0.472920401773
-31,31.5,5,conservative,True,0.453087916511
-30,31.5,5,conservative,True,0.429086715036
-29,31.5,5,conservative,True,0.414074902092
-28,31.5,5,conservative,True,0.402000160688
-27,31.5,5,conservative,True,0.395015567718
-26,31.5,5,conservative,True,0.390725508834
-25,31.5,5,conservative,True,0.385574111979
-24,31.5,5,conservative,True,0.381490465344
-23,31.5,5,conservative,True,0.366459810206
-22,31.5,5,conservative,True,0.357766763151
-21,31.5,5,conservative,True,0.35307201282
-20,31.5,5,conservative,True,0.345451154846
-19,31.5,5,conservative,True,0.33209921674
-18,31.5,5,conservative,True,0.316871239137
-17,31.5,5,conservative,True,0.297471413157
-16,31.5,5,conservative,True,0.278898569659
-15,31.5,5,conservative,True,0.261500712432
-14,31.5,5,conservative,True,0.238348485185
-13,31.5,5,conservative,True,0.225897941108
-12,31.5,5,conservative,True,0.208087386459
-11,31.5,5,conservative,True,0.183850073897
-10,31.5,5,conservative,True,0.1618240532
-9,31.5,5,conservative,True,0.142131339544
-8,31.5,5,conservative,True,0.118979190702
-7,31.5,5,conservative,True,0.103832148662
-6,31.5,5,conservative,True,0.0934935054582
-5,31.5,5,conservative,True,0.0773720710919
-4,31.5,5,conservative,True,0.0710268058491
-3,31.5,5,conservative,True,0.0655458271172
-2,31.5,5,conservative,True,0.0611751823032
-1,31.5,5,conservative,True,0.0582511395307
0,31.5,5,conservative,True,0.0568733086647
1,31.5,5,conservative,True,0.0577712024297
2,31.5,5,conservative,True,0.0581126004838
3,31.5,5,conservative,True,0.0587152656923
4,31.5,5,conservative,True,0.0620183793387
5,31.5,5,conservative,True,0.0627897900695
6,31.5,5,conservative,True,0.0699756381623
7,31.5,5,conservative,True,0.0693732942415
8,31.5,5,conservative,True,0.0746441424747
9,31.5,5,conservative,True,0.0824261798216
10,31.5,5,conservative,True,0.0905730417027
11,31.5,5,conservative,True,0.0930161490843
12,31.5,5,conservative,True,0.10545074202
13,31.5,5,conservative,True,0.116689172199
14,31.5,5,conservative,True,0.134688752435
15,31.5,5,conservative,True,0.155707655206
16,31.5,5,conservative,True,0.174110275558
17,31.5,5,conservative,True,0.200818295738
18,31.5,5,conservative,True,0.219438395948
19,31.5,5,conservative,True,0.229092937138
20,31.5,5,conservative,True,0.256507064866
21,31.5,5,conservative,True,0.273800112886
22,31.5,5,conservative,True,0.288216336297
23,31.5,5,conservative,True,0.304213568423
24,31.5,5,conservative,True,0.318102997835
25,31.5,5,conservative,True,0.331364272335
26,31.5,5,conservative,True,0.33790304025
27,31.5,5,conservative,True,0.362999022474
28,31.5,5,conservative,True,0.376104588689
29,31.5,5,conservative,True,0.385350969043
30,31.5,5,conservative,True,0.39822105589
31,31.5,5,conservative,True,0.42610393647
32,31.5,5,conservative,True,0.450391952148
33,31.5,5,conservative,True,0.477509885722
34,31.5,5,conservative,False,
35,31.5,5,conservative,False,
36,31.5,5,conservative,False,
37,31.5,5,conservative,False,
38,31.5,5,conservative,False,
39,31.5,5,conservative,False,
40,31.5,5,conservative,False,
41,31.5,5,conservative,False,
42,31.5,5,conservative,False,
43,31.5,5,conservative,False,
44,31.5,5,conservative,False,
45,31.5,5,conservative,False,
46,31.5,5,conservative,False,
47,31.5,5,conservative,False,
48,31.5,5,conservative,False,
49,31.5,5,conservative,False,
50,31.5,5,conservative,False,
51,31.5,5,conservative,False,
52,31.5,5,conservative,False,
-52,32.5,5,conservative,False,
-51,32.5,5,conservative,False,
-50,32.5,5,conservative,False,
-49,32.5,5,conservative,False,
-48,32.5,5,conservative,False,
-47,32.5,5,conservative,False,
-46,32.5,5,conservative,False,
-45,32.5,5,conservative,False,
-44,32.5,5,conservative,False,
-43,32.5,5,conservative,False,
-42,32.5,5,conservative,False,
-41,32.5,5,conservative,False,
-40,32.5,5,conservative,False,
-39,32.5,5,conservative,False,
-38,32.5,5,conservative,False,
-37,32.5,5,conservative,False,
-36,32.5,5,conservative,False,
-35,32.5,5,conservative,False,
-34,32.5,5,conservative,True,0.531845157888
-33,32.5,5,conservative,True,0.515779801156
-32,32.5,5,conservative,True,0.493302934599
-31,32.5,5,conservative,True,0.46991339177
-30,32.5,5,conservative,True,0.445198379805
-29,32.5,5,conservative,True,0.427377343495
-28,32.5,5,conservative,True,0.415940832163
-27,32.5,5,conservative,True,0.399051485541
-26,32.5,5,conservative,True,0.381185418408
-25,32.5,5,conservative,True,0.370622496935
-24,32.5,5,conservative,True,0.366733988509
-23,32.5,5,conservative,True,0.356344205163
-22,32.5,5,conservative,True,0.35573292316
-21,32.5,5,conservative,True,0.34299888897
-20,32.5,5,conservative,True,0.331052578042
-19,32.5,5,conservative,True,0.320228851451
-18,32.5,5,conservative,True,0.300049362787
-17,32.5,5,conservative,True,0.293778661068
-16,32.5,5,conservative,True,0.283903932121
-15,32.5,5,conservative,True,0.258319328541
-14,32.5,5,conservative,True,0.239173486521
-13,32.5,5,conservative,True,0.22484895261
-12,32.5,5,conservative,True,0.207796469607
-11,32.5,5,conservative,True,0.185612516848
-10,32.5,5,conservative,True,0.159381952592
-9,32.5,5,conservative,True,0.142302133994
-8,32.5,5,conservative,True,0.117386363406
-7,32.5,5,conservative,True,0.0957843860882
-6,32.5,5,conservative,True,0.0868819037291
-5,32.5,5,conservative,True,0.0695026433961
-4,32.5,5,conservative,True,0.0685223318022
-3,32.5,5,conservative,True,0.0662185579738
-2,32.5,5,conservative,True,0.057025007496
-1,32.5,5,conservative,True,0.0567412581023
0,32.5,5,conservative,True,0.0548080075423
1,32.5,5,conservative,True,0.0537897939339
2,32.5,5,conservative,True,0.0566260590223
3,32.5,5,conservative,True,0.0568168896433
4,32.5,5,conservative,True,0.0608871529602
5,32.5,5,conservative,True,0.0662674463347
6,32.5,5,conservative,True,0.0724226675244
7,32.5,5,conservative,True,0.0724301905706
8,32.5,5,conservative,True,0.0707344357231
9,32.5,5,conservative,True,0.0816491911578
10,32.5,5,conservative,True,0.0891864247477
11,32.5,5,conservative,True,0.0922553735752
12,32.5,5,conservative,True,0.105696272195
13,32.5,5,conservative,True,0.118004213817
14,32.5,5,conservative,True,0.13407377883
15,32.5,5,conservative,True,0.151511598522
16,32.5,5,conservative,True,0.179004896523
17,32.5,5,conservative,True,0.206038178756
18,32.5,5,conservative,True,0.229790083653
19,32.5,5,conservative,True,0.249779512709
20,32.5,5,conservative,True,0.269068707231
21,32.5,5,conservative,True,0.287837595118
22,32.5,5,conservative,True,0.30857767587
23,32.5,5,conservative,True,0.326223101997
24,32.5,5,conservative,True,0.340860877571
25,32.5,5,conservative,True,0.355778465018
26,32.5,5,conservative,True,0.371602309206
27,32.5,5,conservative,True,0.390649251084
28,32.5,5,conservative,True,0.40695890094
29,32.5,5,conservative,True,0.41787801631
30,32.5,5,conservative,True,0.438661306523
31,32.5,5,conservative,True,0.457126229876
32,32.5,5,conservative,True,0.478697499602
33,32.5,5,conservative,False,
34,32.5,5,conservative,False,
35,32.5,5,conservative,False,
36,32.5,5,conservative,False,
37,32.5,5,conservative,False,
38,32.5,5,conservative,False,
39,32.5,5,conservative,False,
40,32.5,5,conservative,False,
41,32.5,5,conservative,False,
42,32.5,5,conservative,False,
43,32.5,5,conservative,False,
44,32.5,5,conservative,False,
45,32.5,5,conservative,False,
46,32.5,5,conservative,False,
47,32.5,5,conservative,False,
48,32.5,5,conservative,False,
49,32.5,5,conservative,False,
50,32.5,5,conservative,False,
51,32.5,5,conservative,False,
52,32.5,5,conservative,False,
-52,33.5,5,conservative,False,
-51,33.5,5,conservative,False,
-50,33.5,5,conservative,False,
-49,33.5,5,conservative,False,
-48,33.5,5,conservative,False,
-47,33.5,5,conservative,False,
-46,33.5,5,conservative,False,
-45,33.5,5,conservative,False,
-44,33.5,5,conservative,False,
-43,33.5,5,conservative,False,
-42,33.5,5,conservative,False,
-41,33.5,5,conservative,False,
-40,33.5,5,conservative,False,
-39,33.5,5,conservative,False,
-38,33.5,5,conservative,False,
-37,33.5,5,conservative,False,
-36,33.5,5,conservative,False,
-35,33.5,5,conservative,False,
-34,33.5,5,conservative,False,
-33,33.5,5,conservative,False,
-32,33.5,5,conservative,False,
-31,33.5,5,conservative,False,
-30,33.5,5,conservative,False,
-29,33.5,5,conservative,False,
-28,33.5,5,conservative,False,
-27,33.5,5,conservative,True,0.407404465001
-26,33.5,5,conservative,True,0.389449175698
-25,33.5,5,conservative,True,0.373749391526
-24,33.5,5,conservative,True,0.379976605727
-23,33.5,5,conservative,True,0.357632178758
-22,33.5,5,conservative,True,0.338969163314
-21,33.5,5,conservative,True,0.334730536951
-20,33.5,5,conservative,True,0.314042175775
-19,33.5,5,conservative,True,0.306525408731
-18,33.5,5,conservative,True,0.296088156229
-17,33.5,5,conservative,True,0.291181046467
-16,33.5,5,conservative,True,0.273347802703
-15,33.5,5,conservative,True,0.257880570767
-14,33.5,5,conservative,True,0.241596718088
-13,33.5,5,conservative,True,0.226304455886
-12,33.5,5,conservative,True,0.208115092455
-11,33.5,5,conservative,True,0.187866277195
-10,33.5,5,conservative,True,0.161407870819
-9,33.5,5,conservative,True,0.136931000343
-8,33.5,5,conservative,True,0.11886788211
-7,33.5,5,conservative,True,0.0901781260901
-6,33.5,5,conservative,True,0.0777691785615
-5,33.5,5,conservative,True,0.0706644858427
-4,33.5,5,conservative,True,0.0712790209845
-3,33.5,5,conservative,True,0.0642959285125
-2,33.5,5,conservative,True,0.0582993060578
-1,33.5,5,conservative,True,0.0567068365292
0,33.5,5,conservative,True,0.0536586415284
1,33.5,5,conservative,True,0.0515550831358
2,33.5,5,conservative,True,0.0577456549137
3,33.5,5,conservative,True,0.0543830076428
4,33.5,5,conservative,True,0.0708792121798
5,33.5,5,conservative,True,0.0738990346985
6,33.5,5,conservative,True,0.0781065075115
7,33.5,5,conservative,True,0.0716762572893
8,33.5,5,conservative,True,0.0744801835769
9,33.5,5,conservative,True,0.0788512784974
10,33.5,5,conservative,True,0.092335128345
11,33.5,5,conservative,True,0.0964835752123
12,33.5,5,conservative,True,0.107269319022
13,33.5,5,conservative,True,0.120073804237
14,33.5,5,conservative,True,0.138572603537
15,33.5,5,conservative,True,0.155210077425
16,33.5,5,conservative,True,0.184731922564
17,33.5,5,conservative,True,0.210807551564
18,33.5,5,conservative,True,0.227166901486
19,33.5,5,conservative,True,0.263412741599
20,33.5,5,conservative,True,0.290619604105
21,33.5,5,conservative,True,0.320223927104
22,33.5,5,conservative,True,0.325661364531
23,33.5,5,conservative,True,0.349039340567
24,33.5,5,conservative,True,0.361244310824
25,33.5,5,conservative,True,0.384925547769
26,33.5,5,conservative,True,0.401508248005
27,33.5,5,conservative,True,0.428488368881
28,33.5,5,conservative,True,0.428139430936
29,33.5,5,conservative,True,0.452942771961
30,33.5,5,conservative,True,0.459389476866
31,33.5,5,conservative,False,
32,33.5,5,conservative,False,
33,33.5,5,conservative,False,
34,33.5,5,conservative,False,
35,33.5,5,conservative,False,
36,33.5,5,conservative,False,
37,33.5,5,conservative,False,
38,33.5,5,conservative,False,
39,33.5,5,conservative,False,
40,33.5,5,conservative,False,
41,33.5,5,conservative,False,
42,33.5,5,conservative,False,
43,33.5,5,conservative,False,
44,33.5,5,conservative,False,
45,33.5,5,conservative,False,
46,33.5,5,conservative,False,
47,33.5,5,conservative,False,
48,33.5,5,conservative,False,
49,33.5,5,conservative,False,
50,33.5,5,conservative,False,
51,33.5,5,conservative,False,
52,33.5,5,conservative,False,
-52,-33.5,7.5,conservative,False,
-51,-33.5,7.5,conservative,False,
-50,-33.5,7.5,conservative,False,
-49,-33.5,7.5,conservative,False,
-48,-33.5,7.5,conservative,False,
-47,-33.5,7.5,conservative,True,0.489009442555
-46,-33.5,7.5,conservative,True,0.474384230084
-45,-33.5,7.5,conservative,True,0.446053080038
-44,-33.5,7.5,conservative,True,0.434190772882
-43,-33.5,7.5,conservative,True,0.418855911323
-42,-33.5,7.5,conservative,True,0.40782340916
-41,-33.5,7.5,conservative,True,0.396137540923
-40,-33.5,7.5,conservative,True,0.383183047279
-39,-33.5,7.5,conservative,True,0.354680563098
-38,-33.5,7.5,conservative,True,0.338261927653
-37,-33.5,7.5,conservative,True,0.331482580842
-36,-33.5,7.5,conservative,True,0.320630952326
-35,-33.5,7.5,conservative,True,0.313475576777
-34,-33.5,7.5,conservative,True,0.303651850647
-33,-33.5,7.5,conservative,True,0.298093928316
-32,-33.5,7.5,conservative,True,0.289798129836
-31,-33.5,7.5,conservative,True,0.283168415016
-30,-33.5,7.5,conservative,True,0.278097172899
-29,-33.5,7.5,conservative,True,0.277761850088
-28,-33.5,7.5,conservative,True,0.277832061427
-27,-33.5,7.5,conservative,True,0.281061722027
-26,-33.5,7.5,conservative,True,0.279126352557
-25,-33.5,7.5,conservative,True,0.278523585559
-24,-33.5,7.5,conservative,True,0.273980182816
-23,-33.5,7.5,conservative,True,0.269918786792
-22,-33.5,7.5,conservative,True,0.269349872764
-21,-33.5,7.5,conservative,True,0.272528011557
-20,-33.5,7.5,conservative,True,0.275803464039
-19,-33.5,7.5,conservative,True,0.272093849968
-18,-33.5,7.5,conservative,True,0.271787891755
-17,-33.5,7.5,conservative,True,0.269795126569
-16,-33.5,7.5,conservative,True,0.260344143282
-15,-33.5,7.5,conservative,True,0.257207024873
-14,-33.5,7.5,conservative,True,0.253069127865
-13,-33.5,7.5,conservative,True,0.245760272008
-12,-33.5,7.5,conservative,True,0.240895148241
-11,-33.5,7.5,conservative,True,0.232631693641
-10,-33.5,7.5,conservative,True,0.226860432373
-9,-33.5,7.5,conservative,True,0.218345704543
-8,-33.5,7.5,conservative,True,0.20994609736
-7,-33.5,7.5,conservative,True,0.202795350675
-6,-33.5,7.5,conservative,True,0.192544948922
-5,-33.5,7.5,conservative,True,0.18496983638
-4,-33.5,7.5,conservative,True,0.176190335797
-3,-33.5,7.5,conservative,True,0.169454036465
-2,-33.5,7.5,conservative,True,0.163232967276
-1,-33.5,7.5,conservative,True,0.160311456013
0,-33.5,7.5,conservative,True,0.155675875922
1,-33.5,7.5,conservative,True,0.151433083348
2,-33.5,7.5,conservative,True,0.146999997509
3,-33.5,7.5,conservative,True,0.147237102644
4,-33.5,7.5,conservative,True,0.147228526466
5,-33.5,7.5,conservative,True,0.148515383006
6,-33.5,7.5,conservative,True,0.147658598786
7,-33.5,7.5,conservative,True,0.151441067953
8,-33.5,7.5,conservative,True,0.154748283066
9,-33.5,7.5,conservative,True,0.160628581384
10,-33.5,7.5,conservative,True,0.16714326664
11,-33.5,7.5,conservative,True,0.173142054714
12,-33.5,7.5,conservative,True,0.181097893065
13,-33.5,7.5,conservative,True,0.186207389551
14,-33.5,7.5,conservative,True,0.199478163136
15,-33.5,7.5,conservative,True,0.210001913021
16,-33.5,7.5,conservative,True,0.22400998067
17,-33.5,7.5,conservative,True,0.243286009848
18,-33.5,7.5,conservative,True,0.253921187596
19,-33.5,7.5,conservative,True,0.267656098947
20,-33.5,7.5,conservative,True,0.276628292738
21,-33.5,7.5,conservative,True,0.291570542983
22,-33.5,7.5,conservative,True,0.305294284198
23,-33.5,7.5,conservative,True,0.316774319765
24,-33.5,7.5,conservative,True,0.328148953285
25,-33.5,7.5,conservative,True,0.336564756709
26,-33.5,7.5,conservative,True,0.347586471479
27,-33.5,7.5,conservative,True,0.355631419649
28,-33.5,7.5,conservative,True,0.361819363354
29,-33.5,7.5,conservative,True,0.365021223574
30,-33.5,7.5,conservative,True,0.369990398631
31,-33.5,7.5,conservative,True,0.374855990853
32,-33.5,7.5,conservative,True,0.378310265977
33,-33.5,7.5,conservative,True,0.384048672802
34,-33.5,7.5,conservative,True,0.392677454118
35,-33.5,7.5,conservative,True,0.396220357853
36,-33.5,7.5,conservative,True,0.399587375891
37,-33.5,7.5,conservative,True,0.401950034252
38,-33.5,7.5,conservative,True,0.402385594005
39,-33.5,7.5,conservative,True,0.39947783085
40,-33.5,7.5,conservative,True,0.39987265043
41,-33.5,7.5,conservative,False,
42,-33.5,7.5,conservative,False,
43,-33.5,7.5,conservative,False,
44,-33.5,7.5,conservative,False,
45,-33.5,7.5,conservative,False,
46,-33.5,7.5,conservative,False,
47,-33.5,7.5,conservative,False,
48,-33.5,7.5,conservative,False,
49,-33.5,7.5,conservative,False,
50,-33.5,7.5,conservative,False,
51,-33.5,7.5,conservative,False,
52,-33.5,7.5,conservative,False,
-52,-32.5,7.5,conservative,False,
-51,-32.5,7.5,conservative,False,
-50,-32.5,7.5,conservative,False,
-49,-32.5,7.5,conservative,False,
-48,-32.5,7.5,conservative,False,
-47,-32.5,7.5,conservative,True,0.459167803021
-46,-32.5,7.5,conservative,True,0.452957012097
-45,-32.5,7.5,conservative,True,0.431896137449
-44,-32.5,7.5,conservative,True,0.419794091739
-43,-32.5,7.5,conservative,True,0.410616687258
-42,-32.5,7.5,conservative,True,0.398232103658
-41,-32.5,7.5,conservative,True,0.383557860985
-40,-32.5,7.5,conservative,True,0.369239773672
-39,-32.5,7.5,conservative,True,0.350849557135
-38,-32.5,7.5,conservative,True,0.340037214011
-37,-32.5,7.5,conservative,True,0.331898984204
-36,-32.5,7.5,conservative,True,0.318915479236
-35,-32.5,7.5,conservative,True,0.309123435167
-34,-32.5,7.5,conservative,True,0.305289968218
-33,-32.5,7.5,conservative,True,0.298522409066
-32,-32.5,7.5,conservative,True,0.290824696627
-31,-32.5,7.5,conservative,True,0.286216292314
-30,-32.5,7.5,conservative,True,0.278418221685
-29,-32.5,7.5,conservative,True,0.271056634678
-28,-32.5,7.5,conservative,True,0.276555310877
-27,-32.5,7.5,conservative,True,0.277661576857
-26,-32.5,7.5,conservative,True,0.277703880721
-25,-32.5,7.5,conservative,True,0.280202168767
-24,-32.5,7.5,conservative,True,0.277426589722
-23,-32.5,7.5,conservative,True,0.275438003536
-22,-32.5,7.5,conservative,True,0.272011375109
-21,-32.5,7.5,conservative,True,0.271745742665
-20,-32.5,7.5,conservative,True,0.270060951841
-19,-32.5,7.5,conservative,True,0.268959210691
-18,-32.5,7.5,conservative,True,0.266973467014
-17,-32.5,7.5,conservative,True,0.263257088232
-16,-32.5,7.5,conservative,True,0.256307257654
-15,-32.5,7.5,conservative,True,0.252920011262
-14,-32.5,7.5,conservative,True,0.251668685154
-13,-32.5,7.5,conservative,True,0.244395053146
-12,-32.5,7.5,conservative,True,0.23713839686
-11,-32.5,7.5,conservative,True,0.229979801043
-10,-32.5,7.5,conservative,True,0.221687369681
-9,-32.5,7.5,conservative,True,0.214595487335
-8,-32.5,7.5,conservative,True,0.207575801684
-7,-32.5,7.5,conservative,True,0.19767915427
-6,-32.5,7.5,conservative,True,0.189422951245
-5,-32.5,7.5,conservative,True,0.181637552359
-4,-32.5,7.5,conservative,True,0.173143476516
-3,-32.5,7.5,conservative,True,0.167181500788
-2,-32.5,7.5,conservative,True,0.16289055469
-1,-32.5,7.5,conservative,True,0.15808628421
0,-32.5,7.5,conservative,True,0.154199921854
1,-32.5,7.5,conservative,True,0.148950609273
2,-32.5,7.5,conservative,True,0.147727452172
3,-32.5,7.5,conservative,True,0.145703565028
4,-32.5,7.5,conservative,True,0.143155308118
5,-32.5,7.5,conservative,True,0.14453639176
6,-32.5,7.5,conservative,True,0.145107356456
7,-32.5,7.5,conservative,True,0.148424976456
8,-32.5,7.5,conservative,True,0.15232510358
9,-32.5,7.5,conservative,True,0.156811049531
10,-32.5,7.5,conservative,True,0.163569022134
11,-32.5,7.5,conservative,True,0.172267050241
12,-32.5,7.5,conservative,True,0.177428994274
13,-32.5,7.5,conservative,True,0.184445191452
14,-32.5,7.5,conservative,True,0.193684086934
15,-32.5,7.5,conservative,True,0.203379636406
16,-32.5,7.5,conservative,True,0.215342554327
17,-32.5,7.5,conservative,True,0.232896384126
18,-32.5,7.5,conservative,True,0.243738861398
19,-32.5,7.5,conservative,True,0.255604623391
20,-32.5,7.5,conservative,True,0.269134590837
21,-32.5,7.5,conservative,True,0.285717791456
22,-32.5,7.5,conservative,True,0.298107609212
23,-32.5,7.5,conservative,True,0.307482478553
24,-32.5,7.5,conservative,True,0.315594729122
25,-32.5,7.5,conservative,True,0.322472875419
26,-32.5,7.5,conservative,True,0.329755110397
27,-32.5,7.5,conservative,True,0.337527479063
28,-32.5,7.5,conservative,True,0.349345749068
29,-32.5,7.5,conservative,True,0.356510207632
30,-32.5,7.5,conservative,True,0.355226076629
31,-32.5,7.5,conservative,True,0.362588335683
32,-32.5,7.5,conservative,True,0.365897112741
33,-32.5,7.5,conservative,True,0.373637440515
34,-32.5,7.5,conservative,True,0.378848011767
35,-32.5,7.5,conservative,True,0.382842452376
36,-32.5,7.5,conservative,True,0.384239100293
37,-32.5,7.5,conservative,True,0.390262071005
38,-32.5,7.5,conservative,True,0.390491329357
39,-32.5,7.5,conservative,True,0.387969185743
40,-32.5,7.5,conservative,True,0.385098195498
41,-32.5,7.5,conservative,True,0.374321877643
42,-32.5,7.5,conservative,False,
43,-32.5,7.5,conservative,False,
44,-32.5,7.5,conservative,False,
45,-32.5,7.5,conservative,False,
46,-32.5,7.5,conservative,False,
47,-32.5,7.5,conservative,False,
48,-32.5,7.5,conservative,False,
49,-32.5,7.5,conservative,False,
50,-32.5,7.5,conservative,False,
51,-32.5,7.5,conservative,False,
52,-32.5,7.5,conservative,False,
-52,-31.5,7.5,conservative,False,
-51,-31.5,7.5,conservative,False,
-50,-31.5,7.5,conservative,False,
-49,-31.5,7.5,conservative,False,
-48,-31.5,7.5,conservative,True,0.468152587189
-47,-31.5,7.5,conservative,True,0.45500600719
-46,-31.5,7.5,conservative,True,0.430809669237
-45,-31.5,7.5,conservative,True,0.405214132113
-44,-31.5,7.5,conservative,True,0.402807083289
-43,-31.5,7.5,conservative,True,0.396724793209
-42,-31.5,7.5,conservative,True,0.384551283438
-41,-31.5,7.5,conservative,True,0.372138641956
-40,-31.5,7.5,conservative,True,0.352268131057
-39,-31.5,7.5,conservative,True,0.339408915623
-38,-31.5,7.5,conservative,True,0.325687321317
-37,-31.5,7.5,conservative,True,0.321041777141
-36,-31.5,7.5,conservative,True,0.314105246247
-35,-31.5,7.5,conservative,True,0.308127251681
-34,-31.5,7.5,conservative,True,0.297864574363
-33,-31.5,7.5,conservative,True,0.291581526454
-32,-31.5,7.5,conservative,True,0.285338966593
-31,-31.5,7.5,conservative,True,0.278197695619
-30,-31.5,7.5,conservative,True,0.277553707861
-29,-31.5,7.5,conservative,True,0.276551878493
-28,-31.5,7.5,conservative,True,0.277138842683
-27,-31.5,7.5,conservative,True,0.278403991211
-26,-31.5,7.5,conservative,True,0.27329608336
-25,-31.5,7.5,conservative,True,0.274969153522
-24,-31.5,7.5,conservative,True,0.274034600868
-23,-31.5,7.5,conservative,True,0.273808331105
-22,-31.5,7.5,conservative,True,0.269316073012
-21,-31.5,7.5,conservative,True,0.265827648763
-20,-31.5,7.5,conservative,True,0.26485920246
-19,-31.5,7.5,conservative,True,0.263585958394
-18,-31.5,7.5,conservative,True,0.261154774521
-17,-31.5,7.5,conservative,True,0.255536181308
-16,-31.5,7.5,conservative,True,0.254637661251
-15,-31.5,7.5,conservative,True,0.249830601239
-14,-31.5,7.5,conservative,True,0.244866250436
-13,-31.5,7.5,conservative,True,0.239733304117
-12,-31.5,7.5,conservative,True,0.234224616471
-11,-31.5,7.5,conservative,True,0.226693264896
-10,-31.5,7.5,conservative,True,0.218590507842
-9,-31.5,7.5,conservative,True,0.212367163716
-8,-31.5,7.5,conservative,True,0.202247726816
-7,-31.5,7.5,conservative,True,0.195394167209
-6,-31.5,7.5,conservative,True,0.186557887665
-5,-31.5,7.5,conservative,True,0.180604259851
-4,-31.5,7.5,conservative,True,0.172885685432
-3,-31.5,7.5,conservative,True,0.167047020872
-2,-31.5,7.5,conservative,True,0.161461369705
-1,-31.5,7.5,conservative,True,0.156005569903
0,-31.5,7.5,conservative,True,0.149991353439
1,-31.5,7.5,conservative,True,0.148398533473
2,-31.5,7.5,conservative,True,0.14442801934
3,-31.5,7.5,conservative,True,0.141294669387
4,-31.5,7.5,conservative,True,0.138600330915
5,-31.5,7.5,conservative,True,0.139225567272
6,-31.5,7.5,conservative,True,0.140838445909
7,-31.5,7.5,conservative,True,0.144029453638
8,-31.5,7.5,conservative,True,0.146699331738
9,-31.5,7.5,conservative,True,0.150380740731
10,-31.5,7.5,conservative,True,0.158692149311
11,-31.5,7.5,conservative,True,0.165663023259
12,-31.5,7.5,conservative,True,0.171853156865
13,-31.5,7.5,conservative,True,0.179671873276
14,-31.5,7.5,conservative,True,0.187136346406
15,-31.5,7.5,conservative,True,0.20033034735
16,-31.5,7.5,conservative,True,0.209471218508
17,-31.5,7.5,conservative,True,0.221274416346
18,-31.5,7.5,conservative,True,0.233234351616
19,-31.5,7.5,conservative,True,0.247474411148
20,-31.5,7.5,conservative,True,0.25799033841
21,-31.5,7.5,conservative,True,0.272163291771
22,-31.5,7.5,conservative,True,0.285942314747
23,-31.5,7.5,conservative,True,0.295980013119
24,-31.5,7.5,conservative,True,0.304437869841
25,-31.5,7.5,conservative,True,0.309433326299
26,-31.5,7.5,conservative,True,0.314705373808
27,-31.5,7.5,conservative,True,0.322145826596
28,-31.5,7.5,conservative,True,0.331699384065
29,-31.5,7.5,conservative,True,0.343348811694
30,-31.5,7.5,conservative,True,0.344662477272
31,-31.5,7.5,conservative,True,0.348491699102
32,-31.5,7.5,conservative,True,0.35501390787
33,-31.5,7.5,conservative,True,0.359766201646
34,-31.5,7.5,conservative,True,0.365649687768
35,-31.5,7.5,conservative,True,0.369772355328
36,-31.5,7.5,conservative,True,0.367799901825
37,-31.5,7.5,conservative,True,0.374448831662
38,-31.5,7.5,conservative,True,0.378511304523
39,-31.5,7.5,conservative,True,0.377842830493
40,-31.5,7.5,conservative,True,0.380764311728
41,-31.5,7.5,conservative,True,0.366975387411
42,-31.5,7.5,conservative,True,0.363912135848
43,-31.5,7.5,conservative,False,
44,-31.5,7.5,conservative,False,
45,-31.5,7.5,conservative,False,
46,-31.5,7.5,conservative,False,
47,-31.5,7.5,conservative,False,
48,-31.5,7.5,conservative,False,
49,-31.5,7.5,conservative,False,
50,-31.5,7.5,conservative,False,
51,-31.5,7.5,conservative,False,
52,-31.5,7.5,conservative,False,
-52,-30.5,7.5,conservative,False,
-51,-30.5,7.5,conservative,False,
-50,-30.5,7.5,conservative,False,
-49,-30.5,7.5,conservative,True,0.449629302107
-48,-30.5,7.5,conservative,True,0.439793101174
-47,-30.5,7.5,conservative,True,0.425519853327
-46,-30.5,7.5,conservative,True,0.411785001674
-45,-30.5,7.5,conservative,True,0.40318060424
-44,-30.5,7.5,conservative,True,0.398079185203
-43,-30.5,7.5,conservative,True,0.391106922026
-42,-30.5,7.5,conservative,True,0.37622644113
-41,-30.5,7.5,conservative,True,0.359447868777
-40,-30.5,7.5,conservative,True,0.342847661356
-39,-30.5,7.5,conservative,True,0.329866497077
-38,-30.5,7.5,conservative,True,0.320780824547
-37,-30.5,7.5,conservative,True,0.312205184568
-36,-30.5,7.5,conservative,True,0.308333285354
-35,-30.5,7.5,conservative,True,0.302266875239
-34,-30.5,7.5,conservative,True,0.293094040703
-33,-30.5,7.5,conservative,True,0.285902211474
-32,-30.5,7.5,conservative,True,0.276786803916
-31,-30.5,7.5,conservative,True,0.272471114216
-30,-30.5,7.5,conservative,True,0.274577277308
-29,-30.5,7.5,conservative,True,0.276731418465
-28,-30.5,7.5,conservative,True,0.273223747263
-27,-30.5,7.5,conservative,True,0.269449381556
-26,-30.5,7.5,conservative,True,0.274164683677
-25,-30.5,7.5,conservative,True,0.272747705897
-24,-30.5,7.5,conservative,True,0.271378505062
-23,-30.5,7.5,conservative,True,0.269441052756
-22,-30.5,7.5,conservative,True,0.267500048022
-21,-30.5,7.5,conservative,True,0.265798404704
-20,-30.5,7.5,conservative,True,0.262254296346
-19,-30.5,7.5,conservative,True,0.256564047419
-18,-30.5,7.5,conservative,True,0.252822650835
-17,-30.5,7.5,conservative,True,0.249630399877
-16,-30.5,7.5,conservative,True,0.247290817246
-15,-30.5,7.5,conservative,True,0.245874871518
-14,-30.5,7.5,conservative,True,0.242251381368
-13,-30.5,7.5,conservative,True,0.239478785324
-12,-30.5,7.5,conservative,True,0.232225931613
-11,-30.5,7.5,conservative,True,0.224287005817
-10,-30.5,7.5,conservative,True,0.217382670622
-9,-30.5,7.5,conservative,True,0.21033846318
-8,-30.5,7.5,conservative,True,0.201741556038
-7,-30.5,7.5,conservative,True,0.192553049487
-6,-30.5,7.5,conservative,True,0.183833608579
-5,-30.5,7.5,conservative,True,0.176791924864
-4,-30.5,7.5,conservative,True,0.171382076224
-3,-30.5,7.5,conservative,True,0.165916764556
-2,-30.5,7.5,conservative,True,0.159662140957
-1,-30.5,7.5,conservative,True,0.154300998919
0,-30.5,7.5,conservative,True,0.147421293649
1,-30.5,7.5,conservative,True,0.143270418443
2,-30.5,7.5,conservative,True,0.140641630715
3,-30.5,7.5,conservative,True,0.137995464147
4,-30.5,7.5,conservative,True,0.135254009993
5,-30.5,7.5,conservative,True,0.136270730113
6,-30.5,7.5,conservative,True,0.137665300401
7,-30.5,7.5,conservative,True,0.139855765969
8,-30.5,7.5,conservative,True,0.14382724723
9,-30.5,7.5,conservative,True,0.149073162285
10,-30.5,7.5,conservative,True,0.155358640532
11,-30.5,7.5,conservative,True,0.158419263035
12,-30.5,7.5,conservative,True,0.164349243671
13,-30.5,7.5,conservative,True,0.172767627799
14,-30.5,7.5,conservative,True,0.183111521088
15,-30.5,7.5,conservative,True,0.193376542683
16,-30.5,7.5,conservative,True,0.202996168999
17,-30.5,7.5,conservative,True,0.211875185333
18,-30.5,7.5,conservative,True,0.224982668086
19,-30.5,7.5,conservative,True,0.23800466699
20,-30.5,7.5,conservative,True,0.247487319763
21,-30.5,7.5,conservative,True,0.258878933515
22,-30.5,7.5,conservative,True,0.272955256924
23,-30.5,7.5,conservative,True,0.281198509933
24,-30.5,7.5,conservative,True,0.290496711505
25,-30.5,7.5,conservative,True,0.299020447353
26,-30.5,7.5,conservative,True,0.301215854765
27,-30.5,7.5,conservative,True,0.306533408347
28,-30.5,7.5,conservative,True,0.314919065449
29,-30.5,7.5,conservative,True,0.327423775794
30,-30.5,7.5,conservative,True,0.331234826936
31,-30.5,7.5,conservative,True,0.338714252003
32,-30.5,7.5,conservative,True,0.341401351286
33,-30.5,7.5,conservative,True,0.347313461904
34,-30.5,7.5,conservative,True,0.352085309523
35,-30.5,7.5,conservative,True,0.354087381851
36,-30.5,7.5,conservative,True,0.353674389802
37,-30.5,7.5,conservative,True,0.356663573814
38,-30.5,7.5,conservative,True,0.363722237351
39,-30.5,7.5,conservative,True,0.366738001041
40,-30.5,7.5,conservative,True,0.373297285159
41,-30.5,7.5,conservative,True,0.363256754536
42,-30.5,7.5,conservative,True,0.356549446514
43,-30.5,7.5,conservative,True,0.350091031401
44,-30.5,7.5,conservative,False,
45,-30.5,7.5,conservative,False,
46,-30.5,7.5,conservative,False,
47,-30.5,7.5,conservative,False,
48,-30.5,7.5,conservative,False,
49,-30.5,7.5,conservative,False,
50,-30.5,7.5,conservative,False,
51,-30.5,7.5,conservative,False,
52,-30.5,7.5,conservative,False,
-52,-29.5,7.5,conservative,False,
-51,-29.5,7.5,conservative,False,
-50,-29.5,7.5,conservative,True,0.438821452372
-49,-29.5,7.5,conservative,True,0.438206580099
-48,-29.5,7.5,conservative,True,0.411769622823
-47,-29.5,7.5,conservative,True,0.399142345707
-46,-29.5,7.5,conservative,True,0.395068611188
-45,-29.5,7.5,conservative,True,0.382891514136
-44,-29.5,7.5,conservative,True,0.389598687785
-43,-29.5,7.5,conservative,True,0.379765762112
-42,-29.5,7.5,conservative,True,0.358111967995
-41,-29.5,7.5,conservative,True,0.342977937625
-40,-29.5,7.5,conservative,True,0.329136969129
-39,-29.5,7.5,conservative,True,0.321243214363
-38,-29.5,7.5,conservative,True,0.311793681118
-37,-29.5,7.5,conservative,True,0.305760956991
-36,-29.5,7.5,conservative,True,0.300111579427
-35,-29.5,7.5,conservative,True,0.292565473222
-34,-29.5,7.5,conservative,True,0.284273414245
-33,-29.5,7.5,conservative,True,0.277596990438
-32,-29.5,7.5,conservative,True,0.276682202425
-31,-29.5,7.5,conservative,True,0.273227526962
-30,-29.5,7.5,conservative,True,0.272880833891
-29,-29.5,7.5,conservative,True,0.271527491023
-28,-29.5,7.5,conservative,True,0.268473029276
-27,-29.5,7.5,conservative,True,0.266870553984
-26,-29.5,7.5,conservative,True,0.268259566303
-25,-29.5,7.5,conservative,True,0.265978605673
-24,-29.5,7.5,conservative,True,0.265537062169
-23,-29.5,7.5,conservative,True,0.266768345065
-22,-29.5,7.5,conservative,True,0.262555424943
-21,-29.5,7.5,conservative,True,0.262758155523
-20,-29.5,7.5,conservative,True,0.257134876323
-19,-29.5,7.5,conservative,True,0.25383412865
-18,-29.5,7.5,conservative,True,0.248577138674
-17,-29.5,7.5,conservative,True,0.247076987744
-16,-29.5,7.5,conservative,True,0.244424780151
-15,-29.5,7.5,conservative,True,0.244609814025
-14,-29.5,7.5,conservative,True,0.239214981568
-13,-29.5,7.5,conservative,True,0.233649726698
-12,-29.5,7.5,conservative,True,0.229799991971
-11,-29.5,7.5,conservative,True,0.221695706307
-10,-29.5,7.5,conservative,True,0.215991953565
-9,-29.5,7.5,conservative,True,0.208011955793
-8,-29.5,7.5,conservative,True,0.199856966852
-7,-29.5,7.5,conservative,True,0.189862157044
-6,-29.5,7.5,conservative,True,0.182116889681
-5,-29.5,7.5,conservative,True,0.17507149846
-4,-29.5,7.5,conservative,True,0.166879736921
-3,-29.5,7.5,conservative,True,0.161255466141
-2,-29.5,7.5,conservative,True,0.156613947422
-1,-29.5,7.5,conservative,True,0.151987947259
0,-29.5,7.5,conservative,True,0.144476794156
1,-29.5,7.5,conservative,True,0.14213322984
2,-29.5,7.5,conservative,True,0.139287910126
3,-29.5,7.5,conservative,True,0.136658022247
4,-29.5,7.5,conservative,True,0.135111817503
5,-29.5,7.5,conservative,True,0.134200880878
6,-29.5,7.5,conservative,True,0.134996259839
7,-29.5,7.5,conservative,True,0.1373549741
8,-29.5,7.5,conservative,True,0.141330672121
9,-29.5,7.5,conservative,True,0.145701959491
10,-29.5,7.5,conservative,True,0.150859961548
11,-29.5,7.5,conservative,True,0.155409384657
12,-29.5,7.5,conservative,True,0.159171895428
13,-29.5,7.5,conservative,True,0.167204301214
14,-29.5,7.5,conservative,True,0.174649336694
15,-29.5,7.5,conservative,True,0.186733962328
16,-29.5,7.5,conservative,True,0.195531027816
17,-29.5,7.5,conservative,True,0.205038957859
18,-29.5,7.5,conservative,True,0.218217499102
19,-29.5,7.5,conservative,True,0.227315499735
20,-29.5,7.5,conservative,True,0.239476335665
21,-29.5,7.5,conservative,True,0.250165969784
22,-29.5,7.5,conservative,True,0.259155095016
23,-29.5,7.5,conservative,True,0.268093134555
24,-29.5,7.5,conservative,True,0.275047420805
25,-29.5,7.5,conservative,True,0.282855605492
26,-29.5,7.5,conservative,True,0.286063659305
27,-29.5,7.5,conservative,True,0.294140681233
28,-29.5,7.5,conservative,True,0.298766014787
29,-29.5,7.5,conservative,True,0.308495070878
30,-29.5,7.5,conservative,True,0.315570768249
31,-29.5,7.5,conservative,True,0.322443769772
32,-29.5,7.5,conservative,True,0.322958528338
33,-29.5,7.5,conservative,True,0.329100367826
34,-29.5,7.5,conservative,True,0.3371153212
35,-29.5,7.5,conservative,True,0.341569215877
36,-29.5,7.5,conservative,True,0.343947598222
37,-29.5,7.5,conservative,True,0.347105285674
38,-29.5,7.5,conservative,True,0.347704660675
39,-29.5,7.5,conservative,True,0.354028121705
40,-29.5,7.5,conservative,True,0.351420875101
41,-29.5,7.5,conservative,True,0.354616748521
42,-29.5,7.5,conservative,True,0.350753070632
43,-29.5,7.5,conservative,True,0.348205822966
44,-29.5,7.5,conservative,True,0.342585955162
45,-29.5,7.5,conservative,True,0.335375473306
46,-29.5,7.5,conservative,False,
47,-29.5,7.5,conservative,False,
48,-29.5,7.5,conservative,False,
49,-29.5,7.5,conservative,False,
50,-29.5,7.5,conservative,False,
51,-29.5,7.5,conservative,False,
52,-29.5,7.5,conservative,False,
-52,-28.5,7.5,conservative,True,0.421404360255
-51,-28.5,7.5,conservative,True,0.418289800433
-50,-28.5,7.5,conservative,True,0.423054488666
-49,-28.5,7.5,conservative,True,0.418202040142
-48,-28.5,7.5,conservative,True,0.392735815802
-47,-28.5,7.5,conservative,True,0.385091438278
-46,-28.5,7.5,conservative,True,0.376301278454
-45,-28.5,7.5,conservative,True,0.372836768989
-44,-28.5,7.5,conservative,True,0.374432123369
-43,-28.5,7.5,conservative,True,0.356464320985
-42,-28.5,7.5,conservative,True,0.345444833338
-41,-28.5,7.5,conservative,True,0.332066334099
-40,-28.5,7.5,conservative,True,0.316632417136
-39,-28.5,7.5,conservative,True,0.310366146553
-38,-28.5,7.5,conservative,True,0.300614495205
-37,-28.5,7.5,conservative,True,0.295757638474
-36,-28.5,7.5,conservative,True,0.289241431737
-35,-28.5,7.5,conservative,True,0.28509737844
-34,-28.5,7.5,conservative,True,0.278110964227
-33,-28.5,7.5,conservative,True,0.274210320866
-32,-28.5,7.5,conservative,True,0.269884670916
-31,-28.5,7.5,conservative,True,0.267987331218
-30,-28.5,7.5,conservative,True,0.267545782351
-29,-28.5,7.5,conservative,True,0.268414099144
-28,-28.5,7.5,conservative,True,0.263687642721
-27,-28.5,7.5,conservative,True,0.265296064933
-26,-28.5,7.5,conservative,True,0.264097910326
-25,-28.5,7.5,conservative,True,0.262411624823
-24,-28.5,7.5,conservative,True,0.263101958264
-23,-28.5,7.5,conservative,True,0.261228894495
-22,-28.5,7.5,conservative,True,0.258727919131
-21,-28.5,7.5,conservative,True,0.255644410422
-20,-28.5,7.5,conservative,True,0.252147881748
-19,-28.5,7.5,conservative,True,0.249755898881
-18,-28.5,7.5,conservative,True,0.246216665245
-17,-28.5,7.5,conservative,True,0.245477232142
-16,-28.5,7.5,conservative,True,0.243196390616
-15,-28.5,7.5,conservative,True,0.242405349323
-14,-28.5,7.5,conservative,True,0.235708747976
-13,-28.5,7.5,conservative,True,0.230694954289
-12,-28.5,7.5,conservative,True,0.225554650971
-11,-28.5,7.5,conservative,True,0.219774680443
-10,-28.5,7.5,conservative,True,0.212062352231
-9,-28.5,7.5,conservative,True,0.202463499055
-8,-28.5,7.5,conservative,True,0.194657152653
-7,-28.5,7.5,conservative,True,0.186318300546
-6,-28.5,7.5,conservative,True,0.178247396963
-5,-28.5,7.5,conservative,True,0.170413843382
-4,-28.5,7.5,conservative,True,0.162038872981
-3,-28.5,7.5,conservative,True,0.15807973543
-2,-28.5,7.5,conservative,True,0.152061591214
-1,-28.5,7.5,conservative,True,0.146060685649
0,-28.5,7.5,conservative,True,0.143383870171
1,-28.5,7.5,conservative,True,0.139171669642
2,-28.5,7.5,conservative,True,0.136526672343
3,-28.5,7.5,conservative,True,0.134418506427
4,-28.5,7.5,conservative,True,0.132644581175
5,-28.5,7.5,conservative,True,0.131171088265
6,-28.5,7.5,conservative,True,0.133985049518
7,-28.5,7.5,conservative,True,0.134743987813
8,-28.5,7.5,conservative,True,0.136765445696
9,-28.5,7.5,conservative,True,0.141425646122
10,-28.5,7.5,conservative,True,0.145152431563
11,-28.5,7.5,conservative,True,0.149593940735
12,-28.5,7.5,conservative,True,0.15514232552
13,-28.5,7.5,conservative,True,0.161638180486
14,-28.5,7.5,conservative,True,0.166695469946
15,-28.5,7.5,conservative,True,0.175341709828
16,-28.5,7.5,conservative,True,0.187957102906
17,-28.5,7.5,conservative,True,0.195619658566
18,-28.5,7.5,conservative,True,0.208237465522
19,-28.5,7.5,conservative,True,0.217862262687
20,-28.5,7.5,conservative,True,0.228214075754
21,-28.5,7.5,conservative,True,0.238536609707
22,-28.5,7.5,conservative,True,0.246985010657
23,-28.5,7.5,conservative,True,0.253083656121
24,-28.5,7.5,conservative,True,0.263168765669
25,-28.5,7.5,conservative,True,0.268985540485
26,-28.5,7.5,conservative,True,0.273657663802
27,-28.5,7.5,conservative,True,0.282735382315
28,-28.5,7.5,conservative,True,0.288504216446
29,-28.5,7.5,conservative,True,0.294721261354
30,-28.5,7.5,conservative,True,0.302372026929
31,-28.5,7.5,conservative,True,0.305415958857
32,-28.5,7.5,conservative,True,0.307481991024
33,-28.5,7.5,conservative,True,0.316369257383
34,-28.5,7.5,conservative,True,0.317442009619
35,-28.5,7.5,conservative,True,0.324374862154
36,-28.5,7.5,conservative,True,0.327643141826
37,-28.5,7.5,conservative,True,0.329049955427
38,-28.5,7.5,conservative,True,0.333854141683
39,-28.5,7.5,conservative,True,0.337117763642
40,-28.5,7.5,conservative,True,0.341813231363
41,-28.5,7.5,conservative,True,0.348322235859
42,-28.5,7.5,conservative,True,0.339895906058
43,-28.5,7.5,conservative,True,0.336002753285
44,-28.5,7.5,conservative,True,0.337092545104
45,-28.5,7.5,conservative,True,0.326734055371
46,-28.5,7.5,conservative,True,0.327196561214
47,-28.5,7.5,conservative,False,
48,-28.5,7.5,conservative,False,
49,-28.5,7.5,conservative,False,
50,-28.5,7.5,conservative,False,
51,-28.5,7.5,conservative,False,
52,-28.5,7.5,conservative,False,
-52,-27.5,7.5,conservative,True,0.388739237729
-51,-27.5,7.5,conservative,True,0.398223406798
-50,-27.5,7.5,conservative,True,0.402441900479
-49,-27.5,7.5,conservative,True,0.387658088721
-48,-27.5,7.5,conservative,True,0.369462362608
-47,-27.5,7.5,conservative,True,0.366122242139
-46,-27.5,7.5,conservative,True,0.361356248853
-45,-27.5,7.5,conservative,True,0.362402305208
-44,-27.5,7.5,conservative,True,0.353780199572
-43,-27.5,7.5,conservative,True,0.336427050283
-42,-27.5,7.5,conservative,True,0.322970629767
-41,-27.5,7.5,conservative,True,0.308133417995
-40,-27.5,7.5,conservative,True,0.301318719993
-39,-27.5,7.5,conservative,True,0.299640838621
-38,-27.5,7.5,conservative,True,0.296785268788
-37,-27.5,7.5,conservative,True,0.291223290641
-36,-27.5,7.5,conservative,True,0.284311383888
-35,-27.5,7.5,conservative,True,0.276735538979
-34,-27.5,7.5,conservative,True,0.269873720442
-33,-27.5,7.5,conservative,True,0.263111403367
-32,-27.5,7.5,conservative,True,0.262603890513
-31,-27.5,7.5,conservative,True,0.262123668063
-30,-27.5,7.5,conservative,True,0.262816441635
-29,-27.5,7.5,conservative,True,0.258842998476
-28,-27.5,7.5,conservative,True,0.260966417365
-27,-27.5,7.5,conservative,True,0.258331666576
-26,-27.5,7.5,conservative,True,0.257493256645
-25,-27.5,7.5,conservative,True,0.258484051348
-24,-27.5,7.5,conservative,True,0.258144549074
-23,-27.5,7.5,conservative,True,0.257767225123
-22,-27.5,7.5,conservative,True,0.253536945843
-21,-27.5,7.5,conservative,True,0.249709756277
-20,-27.5,7.5,conservative,True,0.246850093048
-19,-27.5,7.5,conservative,True,0.245040763683
-18,-27.5,7.5,conservative,True,0.241143696252
-17,-27.5,7.5,conservative,True,0.239631957649
-16,-27.5,7.5,conservative,True,0.235695341472
-15,-27.5,7.5,conservative,True,0.232872513168
-14,-27.5,7.5,conservative,True,0.228843795
-13,-27.5,7.5,conservative,True,0.225099529053
-12,-27.5,7.5,conservative,True,0.219913085678
-11,-27.5,7.5,conservative,True,0.212672463028
-10,-27.5,7.5,conservative,True,0.206333191864
-9,-27.5,7.5,conservative,True,0.198297823029
-8,-27.5,7.5,conservative,True,0.189051414869
-7,-27.5,7.5,conservative,True,0.183130570704
-6,-27.5,7.5,conservative,True,0.173960550083
-5,-27.5,7.5,conservative,True,0.167673730602
-4,-27.5,7.5,conservative,True,0.15895018627
-3,-27.5,7.5,conservative,True,0.153726096771
-2,-27.5,7.5,conservative,True,0.148246191302
-1,-27.5,7.5,conservative,True,0.141616495014
0,-27.5,7.5,conservative,True,0.138933965882
1,-27.5,7.5,conservative,True,0.133780739186
2,-27.5,7.5,conservative,True,0.132882917104
3,-27.5,7.5,conservative,True,0.132438886645
4,-27.5,7.5,conservative,True,0.129568063364
5,-27.5,7.5,conservative,True,0.127962636785
6,-27.5,7.5,conservative,True,0.132365455137
7,-27.5,7.5,conservative,True,0.132167961114
8,-27.5,7.5,conservative,True,0.133597175289
9,-27.5,7.5,conservative,True,0.136986325852
10,-27.5,7.5,conservative,True,0.140474250519
11,-27.5,7.5,conservative,True,0.144786047412
12,-27.5,7.5,conservative,True,0.150156397858
13,-27.5,7.5,conservative,True,0.157608687318
14,-27.5,7.5,conservative,True,0.161199955736
15,-27.5,7.5,conservative,True,0.169243636137
16,-27.5,7.5,conservative,True,0.178830085655
17,-27.5,7.5,conservative,True,0.18770587267
18,-27.5,7.5,conservative,True,0.195252839236
19,-27.5,7.5,conservative,True,0.203592171785
20,-27.5,7.5,conservative,True,0.215072846525
21,-27.5,7.5,conservative,True,0.225659697071
22,-27.5,7.5,conservative,True,0.233171040227
23,-27.5,7.5,conservative,True,0.237192506855
24,-27.5,7.5,conservative,True,0.245969674709
25,-27.5,7.5,conservative,True,0.253938287564
26,-27.5,7.5,conservative,True,0.263089394103
27,-27.5,7.5,conservative,True,0.267804214369
28,-27.5,7.5,conservative,True,0.270197109965
29,-27.5,7.5,conservative,True,0.275836243836
30,-27.5,7.5,conservative,True,0.280170599501
31,-27.5,7.5,conservative,True,0.287324163572
32,-27.5,7.5,conservative,True,0.290087911043
33,-27.5,7.5,conservative,True,0.295990416015
34,-27.5,7.5,conservative,True,0.302699557262
35,-27.5,7.5,conservative,True,0.309097958859
36,-27.5,7.5,conservative,True,0.309230591803
37,-27.5,7.5,conservative,True,0.315182736774
38,-27.5,7.5,conservative,True,0.318941796827
39,-27.5,7.5,conservative,True,0.321976125412
40,-27.5,7.5,conservative,True,0.323492866063
41,-27.5,7.5,conservative,True,0.327493850792
42,-27.5,7.5,conservative,True,0.327822477438
43,-27.5,7.5,conservative,True,0.322335734489
44,-27.5,7.5,conservative,True,0.328101728194
45,-27.5,7.5,conservative,True,0.318719754044
46,-27.5,7.5,conservative,True,0.320172497927
47,-27.5,7.5,conservative,True,0.316849259034
48,-27.5,7.5,conservative,False,
49,-27.5,7.5,conservative,False,
50,-27.5,7.5,conservative,False,
51,-27.5,7.5,conservative,False,
52,-27.5,7.5,conservative,False,
-52,-26.5,7.5,conservative,False,
-51,-26.5,7.5,conservative,True,0.368342640553
-50,-26.5,7.5,conservative,True,0.366948978371
-49,-26.5,7.5,conservative,True,0.347802411692
-48,-26.5,7.5,conservative,True,0.340234399813
-47,-26.5,7.5,conservative,True,0.336209328681
-46,-26.5,7.5,conservative,True,0.34498146326
-45,-26.5,7.5,conservative,True,0.344605377713
-44,-26.5,7.5,conservative,True,0.336149018101
-43,-26.5,7.5,conservative,True,0.319925548386
-42,-26.5,7.5,conservative,True,0.308515151583
-41,-26.5,7.5,conservative,True,0.296011191487
-40,-26.5,7.5,conservative,True,0.292666784516
-39,-26.5,7.5,conservative,True,0.291393118068
-38,-26.5,7.5,conservative,True,0.2854063979
-37,-26.5,7.5,conservative,True,0.280664820069
-36,-26.5,7.5,conservative,True,0.273287859535
-35,-26.5,7.5,conservative,True,0.267819952223
-34,-26.5,7.5,conservative,True,0.262891478061
-33,-26.5,7.5,conservative,True,0.258043707649
-32,-26.5,7.5,conservative,True,0.25559620488
-31,-26.5,7.5,conservative,True,0.255143634945
-30,-26.5,7.5,conservative,True,0.253167599442
-29,-26.5,7.5,conservative,True,0.253464105629
-28,-26.5,7.5,conservative,True,0.252748263367
-27,-26.5,7.5,conservative,True,0.250984094947
-26,-26.5,7.5,conservative,True,0.250954710634
-25,-26.5,7.5,conservative,True,0.252072163451
-24,-26.5,7.5,conservative,True,0.251809139573
-23,-26.5,7.5,conservative,True,0.251511503096
-22,-26.5,7.5,conservative,True,0.249329351861
-21,-26.5,7.5,conservative,True,0.245283033517
-20,-26.5,7.5,conservative,True,0.243551912622
-19,-26.5,7.5,conservative,True,0.240255839984
-18,-26.5,7.5,conservative,True,0.237073193023
-17,-26.5,7.5,conservative,True,0.232670675354
-16,-26.5,7.5,conservative,True,0.231384386931
-15,-26.5,7.5,conservative,True,0.226966412112
-14,-26.5,7.5,conservative,True,0.222297692354
-13,-26.5,7.5,conservative,True,0.219121875195
-12,-26.5,7.5,conservative,True,0.211287490809
-11,-26.5,7.5,conservative,True,0.206497420211
-10,-26.5,7.5,conservative,True,0.200505342524
-9,-26.5,7.5,conservative,True,0.192838642812
-8,-26.5,7.5,conservative,True,0.185466546779
-7,-26.5,7.5,conservative,True,0.178659883526
-6,-26.5,7.5,conservative,True,0.170709629487
-5,-26.5,7.5,conservative,True,0.162554640551
-4,-26.5,7.5,conservative,True,0.156597121958
-3,-26.5,7.5,conservative,True,0.149672409875
-2,-26.5,7.5,conservative,True,0.145859720039
-1,-26.5,7.5,conservative,True,0.140944679991
0,-26.5,7.5,conservative,True,0.136146719551
1,-26.5,7.5,conservative,True,0.132634850161
2,-26.5,7.5,conservative,True,0.128750377771
3,-26.5,7.5,conservative,True,0.126335698704
4,-26.5,7.5,conservative,True,0.126147658413
5,-26.5,7.5,conservative,True,0.12568299074
6,-26.5,7.5,conservative,True,0.125832007149
7,-26.5,7.5,conservative,True,0.126534328026
8,-26.5,7.5,conservative,True,0.128819961027
9,-26.5,7.5,conservative,True,0.130221886233
10,-26.5,7.5,conservative,True,0.133873127501
11,-26.5,7.5,conservative,True,0.138858012879
12,-26.5,7.5,conservative,True,0.145289494568
13,-26.5,7.5,conservative,True,0.150511923417
14,-26.5,7.5,conservative,True,0.156386636017
15,-26.5,7.5,conservative,True,0.163125459626
16,-26.5,7.5,conservative,True,0.171433484183
17,-26.5,7.5,conservative,True,0.177102118933
18,-26.5,7.5,conservative,True,0.184540769901
19,-26.5,7.5,conservative,True,0.191451759974
20,-26.5,7.5,conservative,True,0.198935042746
21,-26.5,7.5,conservative,True,0.208754861762
22,-26.5,7.5,conservative,True,0.216678091628
23,-26.5,7.5,conservative,True,0.223891830611
24,-26.5,7.5,conservative,True,0.230367029173
25,-26.5,7.5,conservative,True,0.238635554593
26,-26.5,7.5,conservative,True,0.24277798127
27,-26.5,7.5,conservative,True,0.250177364918
28,-26.5,7.5,conservative,True,0.253703449109
29,-26.5,7.5,conservative,True,0.25589552536
30,-26.5,7.5,conservative,True,0.263867974491
31,-26.5,7.5,conservative,True,0.267666141524
32,-26.5,7.5,conservative,True,0.271242341473
33,-26.5,7.5,conservative,True,0.28226025242
34,-26.5,7.5,conservative,True,0.284882761848
35,-26.5,7.5,conservative,True,0.289260346565
36,-26.5,7.5,conservative,True,0.293605776319
37,-26.5,7.5,conservative,True,0.302085198435
38,-26.5,7.5,conservative,True,0.303455811844
39,-26.5,7.5,conservative,True,0.308010830749
40,-26.5,7.5,conservative,True,0.307530715143
41,-26.5,7.5,conservative,True,0.309241892171
42,-26.5,7.5,conservative,True,0.313952158614
43,-26.5,7.5,conservative,True,0.311559794285
44,-26.5,7.5,conservative,True,0.314648374553
45,-26.5,7.5,conservative,True,0.314274896584
46,-26.5,7.5,conservative,True,0.316546838316
47,-26.5,7.5,conservative,True,0.31152133271
48,-26.5,7.5,conservative,False,
49,-26.5,7.5,conservative,False,
50,-26.5,7.5,conservative,False,
51,-26.5,7.5,conservative,False,
52,-26.5,7.5,conservative,False,
-52,-25.5,7.5,conservative,False,
-51,-25.5,7.5,conservative,True,0.320765581177
-50,-25.5,7.5,conservative,True,0.326459854352
-49,-25.5,7.5,conservative,True,0.311027085072
-48,-25.5,7.5,conservative,True,0.30649659368
-47,-25.5,7.5,conservative,True,0.31661673236
-46,-25.5,7.5,conservative,True,0.318050588601
-45,-25.5,7.5,conservative,True,0.321272364662
-44,-25.5,7.5,conservative,True,0.315742890185
-43,-25.5,7.5,conservative,True,0.304386906312
-42,-25.5,7.5,conservative,True,0.29349074014
-41,-25.5,7.5,conservative,True,0.285015321223
-40,-25.5,7.5,conservative,True,0.28166615637
-39,-25.5,7.5,conservative,True,0.276676395507
-38,-25.5,7.5,conservative,True,0.270665855286
-37,-25.5,7.5,conservative,True,0.266536915209
-36,-25.5,7.5,conservative,True,0.261288220212
-35,-25.5,7.5,conservative,True,0.256925502562
-34,-25.5,7.5,conservative,True,0.253797050835
-33,-25.5,7.5,conservative,True,0.249272094093
-32,-25.5,7.5,conservative,True,0.247537548534
-31,-25.5,7.5,conservative,True,0.248146644654
-30,-25.5,7.5,conservative,True,0.247887673816
-29,-25.5,7.5,conservative,True,0.245574479659
-28,-25.5,7.5,conservative,True,0.245682127462
-27,-25.5,7.5,conservative,True,0.2431505229
-26,-25.5,7.5,conservative,True,0.244393594905
-25,-25.5,7.5,conservative,True,0.243391291942
-24,-25.5,7.5,conservative,True,0.245525869126
-23,-25.5,7.5,conservative,True,0.245530149701
-22,-25.5,7.5,conservative,True,0.241761902484
-21,-25.5,7.5,conservative,True,0.239322022419
-20,-25.5,7.5,conservative,True,0.23775384104
-19,-25.5,7.5,conservative,True,0.234541120602
-18,-25.5,7.5,conservative,True,0.230363175584
-17,-25.5,7.5,conservative,True,0.226161846919
-16,-25.5,7.5,conservative,True,0.224755794727
-15,-25.5,7.5,conservative,True,0.221383981461
-14,-25.5,7.5,conservative,True,0.217474275522
-13,-25.5,7.5,conservative,True,0.211700525156
-12,-25.5,7.5,conservative,True,0.206108289661
-11,-25.5,7.5,conservative,True,0.198994517682
-10,-25.5,7.5,conservative,True,0.193935009976
-9,-25.5,7.5,conservative,True,0.186289924559
-8,-25.5,7.5,conservative,True,0.178361067662
-7,-25.5,7.5,conservative,True,0.170744694479
-6,-25.5,7.5,conservative,True,0.16569915233
-5,-25.5,7.5,conservative,True,0.160630301229
-4,-25.5,7.5,conservative,True,0.155295026866
-3,-25.5,7.5,conservative,True,0.148697001898
-2,-25.5,7.5,conservative,True,0.143075109138
-1,-25.5,7.5,conservative,True,0.137261619669
0,-25.5,7.5,conservative,True,0.132017933114
1,-25.5,7.5,conservative,True,0.12714267732
2,-25.5,7.5,conservative,True,0.124618575422
3,-25.5,7.5,conservative,True,0.121548885941
4,-25.5,7.5,conservative,True,0.119649059363
5,-25.5,7.5,conservative,True,0.118676255178
6,-25.5,7.5,conservative,True,0.11894145357
7,-25.5,7.5,conservative,True,0.121055093152
8,-25.5,7.5,conservative,True,0.123179308607
9,-25.5,7.5,conservative,True,0.125677731777
10,-25.5,7.5,conservative,True,0.129026147469
11,-25.5,7.5,conservative,True,0.133638268625
12,-25.5,7.5,conservative,True,0.138485907053
13,-25.5,7.5,conservative,True,0.142786530742
14,-25.5,7.5,conservative,True,0.149924776495
15,-25.5,7.5,conservative,True,0.155148122743
16,-25.5,7.5,conservative,True,0.161447593246
17,-25.5,7.5,conservative,True,0.166672078089
18,-25.5,7.5,conservative,True,0.172557340903
19,-25.5,7.5,conservative,True,0.179338272858
20,-25.5,7.5,conservative,True,0.18608648785
21,-25.5,7.5,conservative,True,0.194527918873
22,-25.5,7.5,conservative,True,0.201684219598
23,-25.5,7.5,conservative,True,0.206824270887
24,-25.5,7.5,conservative,True,0.214935815966
25,-25.5,7.5,conservative,True,0.219619587143
26,-25.5,7.5,conservative,True,0.226458608521
27,-25.5,7.5,conservative,True,0.230211268862
28,-25.5,7.5,conservative,True,0.235496630157
29,-25.5,7.5,conservative,True,0.237094621861
30,-25.5,7.5,conservative,True,0.242313903464
31,-25.5,7.5,conservative,True,0.244589399574
32,-25.5,7.5,conservative,True,0.252166291004
33,-25.5,7.5,conservative,True,0.259926309202
34,-25.5,7.5,conservative,True,0.264047367744
35,-25.5,7.5,conservative,True,0.267059709614
36,-25.5,7.5,conservative,True,0.270264607198
37,-25.5,7.5,conservative,True,0.277933971691
38,-25.5,7.5,conservative,True,0.29009221427
39,-25.5,7.5,conservative,True,0.293414891404
40,-25.5,7.5,conservative,True,0.297558173597
41,-25.5,7.5,conservative,True,0.298491614336
42,-25.5,7.5,conservative,True,0.300062142878
43,-25.5,7.5,conservative,True,0.302524713093
44,-25.5,7.5,conservative,True,0.297314367375
45,-25.5,7.5,conservative,True,0.300371995091
46,-25.5,7.5,conservative,True,0.30724865898
47,-25.5,7.5,conservative,True,0.302094466321
48,-25.5,7.5,conservative,True,0.310495125902
49,-25.5,7.5,conservative,False,
50,-25.5,7.5,conservative,False,
51,-25.5,7.5,conservative,False,
52,-25.5,7.5,conservative,False,
-52,-24.5,7.5,conservative,True,0.28109723879
-51,-24.5,7.5,conservative,True,0.299805890515
-50,-24.5,7.5,conservative,True,0.294624613931
-49,-24.5,7.5,conservative,True,0.280323637591
-48,-24.5,7.5,conservative,True,0.288288699853
-47,-24.5,7.5,conservative,True,0.29684794199
-46,-24.5,7.5,conservative,True,0.300743959838
-45,-24.5,7.5,conservative,True,0.297028407809
-44,-24.5,7.5,conservative,True,0.284706433466
-43,-24.5,7.5,conservative,True,0.277533926267
-42,-24.5,7.5,conservative,True,0.277623055014
-41,-24.5,7.5,conservative,True,0.268957842616
-40,-24.5,7.5,conservative,True,0.263955470665
-39,-24.5,7.5,conservative,True,0.259021932519
-38,-24.5,7.5,conservative,True,0.25586107017
-37,-24.5,7.5,conservative,True,0.251139835842
-36,-24.5,7.5,conservative,True,0.249189545604
-35,-24.5,7.5,conservative,True,0.245961739814
-34,-24.5,7.5,conservative,True,0.242162808987
-33,-24.5,7.5,conservative,True,0.238010265848
-32,-24.5,7.5,conservative,True,0.238930979208
-31,-24.5,7.5,conservative,True,0.24074877552
-30,-24.5,7.5,conservative,True,0.241164999904
-29,-24.5,7.5,conservative,True,0.240648576255
-28,-24.5,7.5,conservative,True,0.239695947261
-27,-24.5,7.5,conservative,True,0.23900989861
-26,-24.5,7.5,conservative,True,0.236227772241
-25,-24.5,7.5,conservative,True,0.235714180057
-24,-24.5,7.5,conservative,True,0.23703227839
-23,-24.5,7.5,conservative,True,0.237479518346
-22,-24.5,7.5,conservative,True,0.236278482505
-21,-24.5,7.5,conservative,True,0.233052649762
-20,-24.5,7.5,conservative,True,0.232062532251
-19,-24.5,7.5,conservative,True,0.228375183059
-18,-24.5,7.5,conservative,True,0.222573020032
-17,-24.5,7.5,conservative,True,0.220284493383
-16,-24.5,7.5,conservative,True,0.219701594617
-15,-24.5,7.5,conservative,True,0.216242196657
-14,-24.5,7.5,conservative,True,0.210838626745
-13,-24.5,7.5,conservative,True,0.204641341163
-12,-24.5,7.5,conservative,True,0.200990028973
-11,-24.5,7.5,conservative,True,0.193291721193
-10,-24.5,7.5,conservative,True,0.187522479182
-9,-24.5,7.5,conservative,True,0.181387291743
-8,-24.5,7.5,conservative,True,0.171836129488
-7,-24.5,7.5,conservative,True,0.16624114863
-6,-24.5,7.5,conservative,True,0.160754110385
-5,-24.5,7.5,conservative,True,0.155458033468
-4,-24.5,7.5,conservative,True,0.149734880287
-3,-24.5,7.5,conservative,True,0.143248723402
-2,-24.5,7.5,conservative,True,0.138243717434
-1,-24.5,7.5,conservative,True,0.132841233911
0,-24.5,7.5,conservative,True,0.12587190274
1,-24.5,7.5,conservative,True,0.122680905264
2,-24.5,7.5,conservative,True,0.119656835512
3,-24.5,7.5,conservative,True,0.1151563437
4,-24.5,7.5,conservative,True,0.115169358474
5,-24.5,7.5,conservative,True,0.113724580976
6,-24.5,7.5,conservative,True,0.11308191533
7,-24.5,7.5,conservative,True,0.114979927191
8,-24.5,7.5,conservative,True,0.116399692326
9,-24.5,7.5,conservative,True,0.119632576458
10,-24.5,7.5,conservative,True,0.122514543051
11,-24.5,7.5,conservative,True,0.126886361047
12,-24.5,7.5,conservative,True,0.130700746948
13,-24.5,7.5,conservative,True,0.134025537816
14,-24.5,7.5,conservative,True,0.139928377907
15,-24.5,7.5,conservative,True,0.146321783288
16,-24.5,7.5,conservative,True,0.152871383122
17,-24.5,7.5,conservative,True,0.157595206333
18,-24.5,7.5,conservative,True,0.162471424724
19,-24.5,7.5,conservative,True,0.166536548243
20,-24.5,7.5,conservative,True,0.172742674055
21,-24.5,7.5,conservative,True,0.179183952196
22,-24.5,7.5,conservative,True,0.185709984943
23,-24.5,7.5,conservative,True,0.19073909379
24,-24.5,7.5,conservative,True,0.196058852505
25,-24.5,7.5,conservative,True,0.202079092719
26,-24.5,7.5,conservative,True,0.206125677502
27,-24.5,7.5,conservative,True,0.209392055714
28,-24.5,7.5,conservative,True,0.21338671261
29,-24.5,7.5,conservative,True,0.217876033952
30,-24.5,7.5,conservative,True,0.223747831564
31,-24.5,7.5,conservative,True,0.225025427315
32,-24.5,7.5,conservative,True,0.229942160503
33,-24.5,7.5,conservative,True,0.238416219337
34,-24.5,7.5,conservative,True,0.241787458367
35,-24.5,7.5,conservative,True,0.247281154982
36,-24.5,7.5,conservative,True,0.252265238403
37,-24.5,7.5,conservative,True,0.259188764161
38,-24.5,7.5,conservative,True,0.266368064395
39,-24.5,7.5,conservative,True,0.276245054904
40,-24.5,7.5,conservative,True,0.278979062822
41,-24.5,7.5,conservative,True,0.281773489491
42,-24.5,7.5,conservative,True,0.282932738921
43,-24.5,7.5,conservative,True,0.288205833045
44,-24.5,7.5,conservative,True,0.282356614362
45,-24.5,7.5,conservative,True,0.285043598995
46,-24.5,7.5,conservative,True,0.291233583231
47,-24.5,7.5,conservative,True,0.291313831547
48,-24.5,7.5,conservative,True,0.297018257596
49,-24.5,7.5,conservative,True,0.297076410519
50,-24.5,7.5,conservative,False,
51,-24.5,7.5,conservative,False,
52,-24.5,7.5,conservative,False,
-52,-23.5,7.5,conservative,True,0.253530660307
-51,-23.5,7.5,conservative,True,0.26279036168
-50,-23.5,7.5,conservative,True,0.263343663233
-49,-23.5,7.5,conservative,True,0.256405957804
-48,-23.5,7.5,conservative,True,0.267425502327
-47,-23.5,7.5,conservative,True,0.275794351975
-46,-23.5,7.5,conservative,True,0.270782298017
-45,-23.5,7.5,conservative,True,0.265787464237
-44,-23.5,7.5,conservative,True,0.260752516865
-43,-23.5,7.5,conservative,True,0.261540537599
-42,-23.5,7.5,conservative,True,0.254052279825
-41,-23.5,7.5,conservative,True,0.248642468364
-40,-23.5,7.5,conservative,True,0.24715067939
-39,-23.5,7.5,conservative,True,0.239880108987
-38,-23.5,7.5,conservative,True,0.242598328638
-37,-23.5,7.5,conservative,True,0.238431241116
-36,-23.5,7.5,conservative,True,0.235340009043
-35,-23.5,7.5,conservative,True,0.233841576453
-34,-23.5,7.5,conservative,True,0.231388635866
-33,-23.5,7.5,conservative,True,0.230992864761
-32,-23.5,7.5,conservative,True,0.229501067165
-31,-23.5,7.5,conservative,True,0.23035258886
-30,-23.5,7.5,conservative,True,0.230672839942
-29,-23.5,7.5,conservative,True,0.22951003066
-28,-23.5,7.5,conservative,True,0.23043840837
-27,-23.5,7.5,conservative,True,0.229013859293
-26,-23.5,7.5,conservative,True,0.23057220062
-25,-23.5,7.5,conservative,True,0.230202849918
-24,-23.5,7.5,conservative,True,0.229458036571
-23,-23.5,7.5,conservative,True,0.230887537315
-22,-23.5,7.5,conservative,True,0.228040594587
-21,-23.5,7.5,conservative,True,0.226137300515
-20,-23.5,7.5,conservative,True,0.224459272166
-19,-23.5,7.5,conservative,True,0.221360856702
-18,-23.5,7.5,conservative,True,0.217924136267
-17,-23.5,7.5,conservative,True,0.214284072595
-16,-23.5,7.5,conservative,True,0.21136513655
-15,-23.5,7.5,conservative,True,0.206757989393
-14,-23.5,7.5,conservative,True,0.202691267926
-13,-23.5,7.5,conservative,True,0.198537349484
-12,-23.5,7.5,conservative,True,0.194893996158
-11,-23.5,7.5,conservative,True,0.186801666814
-10,-23.5,7.5,conservative,True,0.181599958771
-9,-23.5,7.5,conservative,True,0.173058248554
-8,-23.5,7.5,conservative,True,0.166903613078
-7,-23.5,7.5,conservative,True,0.161795440954
-6,-23.5,7.5,conservative,True,0.155633286724
-5,-23.5,7.5,conservative,True,0.148785236528
-4,-23.5,7.5,conservative,True,0.144686475467
-3,-23.5,7.5,conservative,True,0.138181876343
-2,-23.5,7.5,conservative,True,0.13361727576
-1,-23.5,7.5,conservative,True,0.126505126845
0,-23.5,7.5,conservative,True,0.121356073363
1,-23.5,7.5,conservative,True,0.116767642717
2,-23.5,7.5,conservative,True,0.114520168201
3,-23.5,7.5,conservative,True,0.111677745842
4,-23.5,7.5,conservative,True,0.109892513722
5,-23.5,7.5,conservative,True,0.108243440286
6,-23.5,7.5,conservative,True,0.106014803608
7,-23.5,7.5,conservative,True,0.107621761461
8,-23.5,7.5,conservative,True,0.109194827504
9,-23.5,7.5,conservative,True,0.111006685162
10,-23.5,7.5,conservative,True,0.115150649417
11,-23.5,7.5,conservative,True,0.119334721305
12,-23.5,7.5,conservative,True,0.122579937348
13,-23.5,7.5,conservative,True,0.125194427817
14,-23.5,7.5,conservative,True,0.131052719039
15,-23.5,7.5,conservative,True,0.136233097562
16,-23.5,7.5,conservative,True,0.141424387893
17,-23.5,7.5,conservative,True,0.14668195153
18,-23.5,7.5,conservative,True,0.152095603932
19,-23.5,7.5,conservative,True,0.155491609884
20,-23.5,7.5,conservative,True,0.158904025481
21,-23.5,7.5,conservative,True,0.164051583494
22,-23.5,7.5,conservative,True,0.168803109399
23,-23.5,7.5,conservative,True,0.173195034284
24,-23.5,7.5,conservative,True,0.175043337775
25,-23.5,7.5,conservative,True,0.180866691398
26,-23.5,7.5,conservative,True,0.185397547514
27,-23.5,7.5,conservative,True,0.189068388977
28,-23.5,7.5,conservative,True,0.19158240032
29,-23.5,7.5,conservative,True,0.197724884534
30,-23.5,7.5,conservative,True,0.19996706874
31,-23.5,7.5,conservative,True,0.204155060574
32,-23.5,7.5,conservative,True,0.204549392244
33,-23.5,7.5,conservative,True,0.212837744429
34,-23.5,7.5,conservative,True,0.219678415706
35,-23.5,7.5,conservative,True,0.224752939466
36,-23.5,7.5,conservative,True,0.230687893897
37,-23.5,7.5,conservative,True,0.235124209566
38,-23.5,7.5,conservative,True,0.243465467742
39,-23.5,7.5,conservative,True,0.253690549218
40,-23.5,7.5,conservative,True,0.261576682922
41,-23.5,7.5,conservative,True,0.258599200539
42,-23.5,7.5,conservative,True,0.26908055114
43,-23.5,7.5,conservative,True,0.277367006746
44,-23.5,7.5,conservative,True,0.280161874172
45,-23.5,7.5,conservative,True,0.278629681156
46,-23.5,7.5,conservative,True,0.280417812849
47,-23.5,7.5,conservative,True,0.279198664838
48,-23.5,7.5,conservative,True,0.283856516333
49,-23.5,7.5,conservative,True,0.283478440992
50,-23.5,7.5,conservative,True,0.278776316776
51,-23.5,7.5,conservative,False,
52,-23.5,7.5,conservative,False,
-52,-22.5,7.5,conservative,True,0.224040857454
-51,-22.5,7.5,conservative,True,0.223595097104
-50,-22.5,7.5,conservative,True,0.227555416425
-49,-22.5,7.5,conservative,True,0.238076619981
-48,-22.5,7.5,conservative,True,0.241291010118
-47,-22.5,7.5,conservative,True,0.246053374617
-46,-22.5,7.5,conservative,True,0.244137967415
-45,-22.5,7.5,conservative,True,0.240611566607
-44,-22.5,7.5,conservative,True,0.237080106255
-43,-22.5,7.5,conservative,True,0.238498024105
-42,-22.5,7.5,conservative,True,0.227737434888
-41,-22.5,7.5,conservative,True,0.223734808835
-40,-22.5,7.5,conservative,True,0.22193528001
-39,-22.5,7.5,conservative,True,0.225653164116
-38,-22.5,7.5,conservative,True,0.223679673139
-37,-22.5,7.5,conservative,True,0.22161538597
-36,-22.5,7.5,conservative,True,0.220203702054
-35,-22.5,7.5,conservative,True,0.220039699036
-34,-22.5,7.5,conservative,True,0.21397416531
-33,-22.5,7.5,conservative,True,0.216155222766
-32,-22.5,7.5,conservative,True,0.216435795653
-31,-22.5,7.5,conservative,True,0.218451987724
-30,-22.5,7.5,conservative,True,0.218885236869
-29,-22.5,7.5,conservative,True,0.221150540099
-28,-22.5,7.5,conservative,True,0.222818791306
-27,-22.5,7.5,conservative,True,0.223779874078
-26,-22.5,7.5,conservative,True,0.222215532526
-25,-22.5,7.5,conservative,True,0.222646972679
-24,-22.5,7.5,conservative,True,0.222603482216
-23,-22.5,7.5,conservative,True,0.221383181846
-22,-22.5,7.5,conservative,True,0.220054195636
-21,-22.5,7.5,conservative,True,0.220773216844
-20,-22.5,7.5,conservative,True,0.217414964077
-19,-22.5,7.5,conservative,True,0.213599888552
-18,-22.5,7.5,conservative,True,0.211106373332
-17,-22.5,7.5,conservative,True,0.207452691072
-16,-22.5,7.5,conservative,True,0.204609307744
-15,-22.5,7.5,conservative,True,0.200754835914
-14,-22.5,7.5,conservative,True,0.197470948154
-13,-22.5,7.5,conservative,True,0.193782706447
-12,-22.5,7.5,conservative,True,0.187853742244
-11,-22.5,7.5,conservative,True,0.182029194561
-10,-22.5,7.5,conservative,True,0.173296757334
-9,-22.5,7.5,conservative,True,0.16687296959
-8,-22.5,7.5,conservative,True,0.161082341531
-7,-22.5,7.5,conservative,True,0.15539420931
-6,-22.5,7.5,conservative,True,0.150088944911
-5,-22.5,7.5,conservative,True,0.144748438229
-4,-22.5,7.5,conservative,True,0.140374522742
-3,-22.5,7.5,conservative,True,0.134091495116
-2,-22.5,7.5,conservative,True,0.1265876217
-1,-22.5,7.5,conservative,True,0.120049213171
0,-22.5,7.5,conservative,True,0.115098972242
1,-22.5,7.5,conservative,True,0.110208032184
2,-22.5,7.5,conservative,True,0.107934187656
3,-22.5,7.5,conservative,True,0.104989902577
4,-22.5,7.5,conservative,True,0.102820357662
5,-22.5,7.5,conservative,True,0.102300394246
6,-22.5,7.5,conservative,True,0.100604934682
7,-22.5,7.5,conservative,True,0.100420035047
8,-22.5,7.5,conservative,True,0.102599117885
9,-22.5,7.5,conservative,True,0.104638658729
10,-22.5,7.5,conservative,True,0.107112392275
11,-22.5,7.5,conservative,True,0.10911656694
12,-22.5,7.5,conservative,True,0.112298844414
13,-22.5,7.5,conservative,True,0.117477861114
14,-22.5,7.5,conservative,True,0.120646670488
15,-22.5,7.5,conservative,True,0.124812998946
16,-22.5,7.5,conservative,True,0.128889748796
17,-22.5,7.5,conservative,True,0.133873693096
18,-22.5,7.5,conservative,True,0.139347245786
19,-22.5,7.5,conservative,True,0.143040558451
20,-22.5,7.5,conservative,True,0.145741939947
21,-22.5,7.5,conservative,True,0.149332179715
22,-22.5,7.5,conservative,True,0.151083682909
23,-22.5,7.5,conservative,True,0.153513433036
24,-22.5,7.5,conservative,True,0.157437947044
25,-22.5,7.5,conservative,True,0.159836228854
26,-22.5,7.5,conservative,True,0.163590078856
27,-22.5,7.5,conservative,True,0.167360096166
28,-22.5,7.5,conservative,True,0.170492606662
29,-22.5,7.5,conservative,True,0.173190598586
30,-22.5,7.5,conservative,True,0.178908268751
31,-22.5,7.5,conservative,True,0.179106149947
32,-22.5,7.5,conservative,True,0.181953230996
33,-22.5,7.5,conservative,True,0.187111956793
34,-22.5,7.5,conservative,True,0.191341520927
35,-22.5,7.5,conservative,True,0.198479145103
36,-22.5,7.5,conservative,True,0.204885809696
37,-22.5,7.5,conservative,True,0.210410009725
38,-22.5,7.5,conservative,True,0.217679011143
39,-22.5,7.5,conservative,True,0.225965832302
40,-22.5,7.5,conservative,True,0.238304747672
41,-22.5,7.5,conservative,True,0.242261681104
42,-22.5,7.5,conservative,True,0.250603173998
43,-22.5,7.5,conservative,True,0.258880879096
44,-22.5,7.5,conservative,True,0.265289465449
45,-22.5,7.5,conservative,True,0.268853529423
46,-22.5,7.5,conservative,True,0.272930222876
47,-22.5,7.5,conservative,True,0.271747993485
48,-22.5,7.5,conservative,True,0.271263430304
49,-22.5,7.5,conservative,True,0.275393248634
50,-22.5,7.5,conservative,True,0.273679880101
51,-22.5,7.5,conservative,False,
52,-22.5,7.5,conservative,False,
-52,-21.5,7.5,conservative,True,0.196543994507
-51,-21.5,7.5,conservative,True,0.189638574918
-50,-21.5,7.5,conservative,True,0.193391086195
-49,-21.5,7.5,conservative,True,0.201830847993
-48,-21.5,7.5,conservative,True,0.210084053304
-47,-21.5,7.5,conservative,True,0.218457635529
-46,-21.5,7.5,conservative,True,0.218076004593
-45,-21.5,7.5,conservative,True,0.211986085977
-44,-21.5,7.5,conservative,True,0.20969828578
-43,-21.5,7.5,conservative,True,0.206621288595
-42,-21.5,7.5,conservative,True,0.201395009494
-41,-21.5,7.5,conservative,True,0.197791206883
-40,-21.5,7.5,conservative,True,0.197244192353
-39,-21.5,7.5,conservative,True,0.200374020138
-38,-21.5,7.5,conservative,True,0.20346169255
-37,-21.5,7.5,conservative,True,0.20371744516
-36,-21.5,7.5,conservative,True,0.200643440968
-35,-21.5,7.5,conservative,True,0.199764615931
-34,-21.5,7.5,conservative,True,0.197382801011
-33,-21.5,7.5,conservative,True,0.198733156375
-32,-21.5,7.5,conservative,True,0.20214588039
-31,-21.5,7.5,conservative,True,0.20406321042
-30,-21.5,7.5,conservative,True,0.208244425988
-29,-21.5,7.5,conservative,True,0.21033048375
-28,-21.5,7.5,conservative,True,0.213966218095
-27,-21.5,7.5,conservative,True,0.215249527672
-26,-21.5,7.5,conservative,True,0.21430031368
-25,-21.5,7.5,conservative,True,0.215331762758
-24,-21.5,7.5,conservative,True,0.213656916484
-23,-21.5,7.5,conservative,True,0.213900746456
-22,-21.5,7.5,conservative,True,0.212238628808
-21,-21.5,7.5,conservative,True,0.21321328474
-20,-21.5,7.5,conservative,True,0.210246915123
-19,-21.5,7.5,conservative,True,0.209044232438
-18,-21.5,7.5,conservative,True,0.204800259797
-17,-21.5,7.5,conservative,True,0.200051900651
-16,-21.5,7.5,conservative,True,0.197955453664
-15,-21.5,7.5,conservative,True,0.194825347576
-14,-21.5,7.5,conservative,True,0.190732867351
-13,-21.5,7.5,conservative,True,0.186849954557
-12,-21.5,7.5,conservative,True,0.182224976256
-11,-21.5,7.5,conservative,True,0.17494953434
-10,-21.5,7.5,conservative,True,0.16764791019
-9,-21.5,7.5,conservative,True,0.160856590105
-8,-21.5,7.5,conservative,True,0.155000954291
-7,-21.5,7.5,conservative,True,0.150083293476
-6,-21.5,7.5,conservative,True,0.143591774395
-5,-21.5,7.5,conservative,True,0.138696566217
-4,-21.5,7.5,conservative,True,0.13385766822
-3,-21.5,7.5,conservative,True,0.127018158485
-2,-21.5,7.5,conservative,True,0.119611381773
-1,-21.5,7.5,conservative,True,0.114506113787
0,-21.5,7.5,conservative,True,0.108255665373
1,-21.5,7.5,conservative,True,0.104027451611
2,-21.5,7.5,conservative,True,0.102035207532
3,-21.5,7.5,conservative,True,0.0992415986212
4,-21.5,7.5,conservative,True,0.0976313139932
5,-21.5,7.5,conservative,True,0.0959688530792
6,-21.5,7.5,conservative,True,0.0947183187682
7,-21.5,7.5,conservative,True,0.0941910225957
8,-21.5,7.5,conservative,True,0.0953965530439
9,-21.5,7.5,conservative,True,0.0957269674131
10,-21.5,7.5,conservative,True,0.0974448083175
11,-21.5,7.5,conservative,True,0.0989952599223
12,-21.5,7.5,conservative,True,0.100295522464
13,-21.5,7.5,conservative,True,0.104076678204
14,-21.5,7.5,conservative,True,0.106936495734
15,-21.5,7.5,conservative,True,0.110926115289
16,-21.5,7.5,conservative,True,0.115463038403
17,-21.5,7.5,conservative,True,0.120132769112
18,-21.5,7.5,conservative,True,0.125362642966
19,-21.5,7.5,conservative,True,0.128519423735
20,-21.5,7.5,conservative,True,0.130209669801
21,-21.5,7.5,conservative,True,0.131449198823
22,-21.5,7.5,conservative,True,0.135524609799
23,-21.5,7.5,conservative,True,0.133894071176
24,-21.5,7.5,conservative,True,0.136437704057
25,-21.5,7.5,conservative,True,0.137744371421
26,-21.5,7.5,conservative,True,0.139182830761
27,-21.5,7.5,conservative,True,0.14249816974
28,-21.5,7.5,conservative,True,0.150153753955
29,-21.5,7.5,conservative,True,0.152713298194
30,-21.5,7.5,conservative,True,0.151512142741
31,-21.5,7.5,conservative,True,0.15402199436
32,-21.5,7.5,conservative,True,0.1569682206
33,-21.5,7.5,conservative,True,0.162307196905
34,-21.5,7.5,conservative,True,0.165769518355
35,-21.5,7.5,conservative,True,0.172407489845
36,-21.5,7.5,conservative,True,0.180169012278
37,-21.5,7.5,conservative,True,0.183233300255
38,-21.5,7.5,conservative,True,0.192458939116
39,-21.5,7.5,conservative,True,0.202375033814
40,-21.5,7.5,conservative,True,0.206079247576
41,-21.5,7.5,conservative,True,0.214369518989
42,-21.5,7.5,conservative,True,0.224794507946
43,-21.5,7.5,conservative,True,0.233568080188
44,-21.5,7.5,conservative,True,0.242060334261
45,-21.5,7.5,conservative,True,0.251124086319
46,-21.5,7.5,conservative,True,0.255398412511
47,-21.5,7.5,conservative,True,0.259557357159
48,-21.5,7.5,conservative,True,0.257626269719
49,-21.5,7.5,conservative,True,0.263913568236
50,-21.5,7.5,conservative,True,0.259969585493
51,-21.5,7.5,conservative,True,0.252483802896
52,-21.5,7.5,conservative,False,
-52,-20.5,7.5,conservative,True,0.16260606106
-51,-20.5,7.5,conservative,True,0.159095261507
-50,-20.5,7.5,conservative,True,0.162250814568
-49,-20.5,7.5,conservative,True,0.173772937769
-48,-20.5,7.5,conservative,True,0.182442120206
-47,-20.5,7.5,conservative,True,0.188963150943
-46,-20.5,7.5,conservative,True,0.182889482734
-45,-20.5,7.5,conservative,True,0.18025706453
-44,-20.5,7.5,conservative,True,0.179641815477
-43,-20.5,7.5,conservative,True,0.172936192244
-42,-20.5,7.5,conservative,True,0.174862440308
-41,-20.5,7.5,conservative,True,0.172193912521
-40,-20.5,7.5,conservative,True,0.170889100536
-39,-20.5,7.5,conservative,True,0.175418497318
-38,-20.5,7.5,conservative,True,0.176864296271
-37,-20.5,7.5,conservative,True,0.179775949686
-36,-20.5,7.5,conservative,True,0.180427455169
-35,-20.5,7.5,conservative,True,0.182398944984
-34,-20.5,7.5,conservative,True,0.181050723602
-33,-20.5,7.5,conservative,True,0.182207376414
-32,-20.5,7.5,conservative,True,0.185824617321
-31,-20.5,7.5,conservative,True,0.18718169568
-30,-20.5,7.5,conservative,True,0.192938739651
-29,-20.5,7.5,conservative,True,0.196979080778
-28,-20.5,7.5,conservative,True,0.202736001191
-27,-20.5,7.5,conservative,True,0.204273489063
-26,-20.5,7.5,conservative,True,0.204859988488
-25,-20.5,7.5,conservative,True,0.206771238637
-24,-20.5,7.5,conservative,True,0.205639698308
-23,-20.5,7.5,conservative,True,0.20524682748
-22,-20.5,7.5,conservative,True,0.204628661328
-21,-20.5,7.5,conservative,True,0.205105188398
-20,-20.5,7.5,conservative,True,0.203864412053
-19,-20.5,7.5,conservative,True,0.202434948731
-18,-20.5,7.5,conservative,True,0.199113685126
-17,-20.5,7.5,conservative,True,0.194110441083
-16,-20.5,7.5,conservative,True,0.190541760031
-15,-20.5,7.5,conservative,True,0.189172437112
-14,-20.5,7.5,conservative,True,0.1844574958
-13,-20.5,7.5,conservative,True,0.179612861706
-12,-20.5,7.5,conservative,True,0.17508553086
-11,-20.5,7.5,conservative,True,0.168115440121
-10,-20.5,7.5,conservative,True,0.160239823861
-9,-20.5,7.5,conservative,True,0.153926296724
-8,-20.5,7.5,conservative,True,0.148504187616
-7,-20.5,7.5,conservative,True,0.142582370932
-6,-20.5,7.5,conservative,True,0.136824950531
-5,-20.5,7.5,conservative,True,0.132040695865
-4,-20.5,7.5,conservative,True,0.126132764825
-3,-20.5,7.5,conservative,True,0.119103437449
-2,-20.5,7.5,conservative,True,0.112955141867
-1,-20.5,7.5,conservative,True,0.107867028772
0,-20.5,7.5,conservative,True,0.103527359344
1,-20.5,7.5,conservative,True,0.0983774542394
2,-20.5,7.5,conservative,True,0.0952313470491
3,-20.5,7.5,conservative,True,0.0932322175756
4,-20.5,7.5,conservative,True,0.0904925563781
5,-20.5,7.5,conservative,True,0.088677917258
6,-20.5,7.5,conservative,True,0.0885889978599
7,-20.5,7.5,conservative,True,0.0860914123619
8,-20.5,7.5,conservative,True,0.0868589364117
9,-20.5,7.5,conservative,True,0.0863090185411
10,-20.5,7.5,conservative,True,0.0870597525066
11,-20.5,7.5,conservative,True,0.0884341446078
12,-20.5,7.5,conservative,True,0.0887697616931
13,-20.5,7.5,conservative,True,0.0919726305314
14,-20.5,7.5,conservative,True,0.0948158110194
15,-20.5,7.5,conservative,True,0.0974515852085
16,-20.5,7.5,conservative,True,0.103531843713
17,-20.5,7.5,conservative,True,0.105085461757
18,-20.5,7.5,conservative,True,0.108434343051
19,-20.5,7.5,conservative,True,0.112220776129
20,-20.5,7.5,conservative,True,0.113707496549
21,-20.5,7.5,conservative,True,0.117013391931
22,-20.5,7.5,conservative,True,0.117250838971
23,-20.5,7.5,conservative,True,0.11690213451
24,-20.5,7.5,conservative,True,0.117848253342
25,-20.5,7.5,conservative,True,0.115722502275
26,-20.5,7.5,conservative,True,0.117272624677
27,-20.5,7.5,conservative,True,0.121874801256
28,-20.5,7.5,conservative,True,0.126028609165
29,-20.5,7.5,conservative,True,0.126798635319
30,-20.5,7.5,conservative,True,0.128266240421
31,-20.5,7.5,conservative,True,0.12923860381
32,-20.5,7.5,conservative,True,0.131999837611
33,-20.5,7.5,conservative,True,0.136896399315
34,-20.5,7.5,conservative,True,0.140419302185
35,-20.5,7.5,conservative,True,0.145552688341
36,-20.5,7.5,conservative,True,0.150965062784
37,-20.5,7.5,conservative,True,0.156121933171
38,-20.5,7.5,conservative,True,0.160210888819
39,-20.5,7.5,conservative,True,0.170102815435
40,-20.5,7.5,conservative,True,0.181585524229
41,-20.5,7.5,conservative,True,0.18441018016
42,-20.5,7.5,conservative,True,0.194247114342
43,-20.5,7.5,conservative,True,0.201954675559
44,-20.5,7.5,conservative,True,0.211912638926
45,-20.5,7.5,conservative,True,0.228888283699
46,-20.5,7.5,conservative,True,0.231802545747
47,-20.5,7.5,conservative,True,0.232612581109
48,-20.5,7.5,conservative,True,0.238178889128
49,-20.5,7.5,conservative,True,0.238807059805
50,-20.5,7.5,conservative,True,0.24910923939
51,-20.5,7.5,conservative,True,0.241000833033
52,-20.5,7.5,conservative,True,0.241136466298
-52,-19.5,7.5,conservative,True,0.128327800403
-51,-19.5,7.5,conservative,True,0.116530067234
-50,-19.5,7.5,conservative,True,0.121521733027
-49,-19.5,7.5,conservative,True,0.132691621027
-48,-19.5,7.5,conservative,True,0.141783109452
-47,-19.5,7.5,conservative,True,0.147774127442
-46,-19.5,7.5,conservative,True,0.143818964707
-45,-19.5,7.5,conservative,True,0.146379825651
-44,-19.5,7.5,conservative,True,0.145295303693
-43,-19.5,7.5,conservative,True,0.145747087411
-42,-19.5,7.5,conservative,True,0.143291737948
-41,-19.5,7.5,conservative,True,0.142757350349
-40,-19.5,7.5,conservative,True,0.143514535967
-39,-19.5,7.5,conservative,True,0.145200947145
-38,-19.5,7.5,conservative,True,0.147764624251
-37,-19.5,7.5,conservative,True,0.155698976403
-36,-19.5,7.5,conservative,True,0.1584944492
-35,-19.5,7.5,conservative,True,0.159960212056
-34,-19.5,7.5,conservative,True,0.160436048753
-33,-19.5,7.5,conservative,True,0.163654770753
-32,-19.5,7.5,conservative,True,0.168056910502
-31,-19.5,7.5,conservative,True,0.173090222964
-30,-19.5,7.5,conservative,True,0.178806774716
-29,-19.5,7.5,conservative,True,0.184436655275
-28,-19.5,7.5,conservative,True,0.18881343252
-27,-19.5,7.5,conservative,True,0.192237693052
-26,-19.5,7.5,conservative,True,0.193682607208
-25,-19.5,7.5,conservative,True,0.195938367385
-24,-19.5,7.5,conservative,True,0.197945514235
-23,-19.5,7.5,conservative,True,0.197315967285
-22,-19.5,7.5,conservative,True,0.195113621906
-21,-19.5,7.5,conservative,True,0.195678083725
-20,-19.5,7.5,conservative,True,0.194756651424
-19,-19.5,7.5,conservative,True,0.193835823592
-18,-19.5,7.5,conservative,True,0.19036915709
-17,-19.5,7.5,conservative,True,0.187658336785
-16,-19.5,7.5,conservative,True,0.184621440518
-15,-19.5,7.5,conservative,True,0.182717559794
-14,-19.5,7.5,conservative,True,0.177836268541
-13,-19.5,7.5,conservative,True,0.172977911754
-12,-19.5,7.5,conservative,True,0.167963683596
-11,-19.5,7.5,conservative,True,0.160585686053
-10,-19.5,7.5,conservative,True,0.154117764598
-9,-19.5,7.5,conservative,True,0.148030974058
-8,-19.5,7.5,conservative,True,0.139731589015
-7,-19.5,7.5,conservative,True,0.134636312618
-6,-19.5,7.5,conservative,True,0.130294260067
-5,-19.5,7.5,conservative,True,0.124768637236
-4,-19.5,7.5,conservative,True,0.118564434197
-3,-19.5,7.5,conservative,True,0.110080154808
-2,-19.5,7.5,conservative,True,0.104845313844
-1,-19.5,7.5,conservative,True,0.100363251109
0,-19.5,7.5,conservative,True,0.0959101855408
1,-19.5,7.5,conservative,True,0.0907621589405
2,-19.5,7.5,conservative,True,0.0886866320781
3,-19.5,7.5,conservative,True,0.0858055668486
4,-19.5,7.5,conservative,True,0.0831241471503
5,-19.5,7.5,conservative,True,0.0806495182495
6,-19.5,7.5,conservative,True,0.0802132625248
7,-19.5,7.5,conservative,True,0.0791849016127
8,-19.5,7.5,conservative,True,0.0783314248406
9,-19.5,7.5,conservative,True,0.0774474173826
10,-19.5,7.5,conservative,True,0.0781430770088
11,-19.5,7.5,conservative,True,0.0773468807637
12,-19.5,7.5,conservative,True,0.0790451990519
13,-19.5,7.5,conservative,True,0.0798607886455
14,-19.5,7.5,conservative,True,0.0816167057196
15,-19.5,7.5,conservative,True,0.084879536378
16,-19.5,7.5,conservative,True,0.0879054454395
17,-19.5,7.5,conservative,True,0.090929862605
18,-19.5,7.5,conservative,True,0.0926306676219
19,-19.5,7.5,conservative,True,0.096521777926
20,-19.5,7.5,conservative,True,0.0978652972706
21,-19.5,7.5,conservative,True,0.0966147199492
22,-19.5,7.5,conservative,True,0.0974687945124
23,-19.5,7.5,conservative,True,0.0969762228084
24,-19.5,7.5,conservative,True,0.0978926503485
25,-19.5,7.5,conservative,True,0.0957094876876
26,-19.5,7.5,conservative,True,0.0973495253786
27,-19.5,7.5,conservative,True,0.0992242673356
28,-19.5,7.5,conservative,True,0.099255260749
29,-19.5,7.5,conservative,True,0.0957485976176
30,-19.5,7.5,conservative,True,0.0994214523323
31,-19.5,7.5,conservative,True,0.102460211442
32,-19.5,7.5,conservative,True,0.104069020386
33,-19.5,7.5,conservative,True,0.110699676717
34,-19.5,7.5,conservative,True,0.113984789263
35,-19.5,7.5,conservative,True,0.12164178532
36,-19.5,7.5,conservative,True,0.122578185161
37,-19.5,7.5,conservative,True,0.128093280793
38,-19.5,7.5,conservative,True,0.133214383174
39,-19.5,7.5,conservative,True,0.14213436638
40,-19.5,7.5,conservative,True,0.148086303083
41,-19.5,7.5,conservative,True,0.154776080931
42,-19.5,7.5,conservative,True,0.164113112535
43,-19.5,7.5,conservative,True,0.1692870882
44,-19.5,7.5,conservative,True,0.176619546507
45,-19.5,7.5,conservative,True,0.193505829135
46,-19.5,7.5,conservative,True,0.198474325987
47,-19.5,7.5,conservative,True,0.199700256575
48,-19.5,7.5,conservative,True,0.210042067189
49,-19.5,7.5,conservative,True,0.213656840826
50,-19.5,7.5,conservative,True,0.21356447028
51,-19.5,7.5,conservative,True,0.211120454962
52,-19.5,7.5,conservative,True,0.214129616663
-52,-18.5,7.5,conservative,True,0.0763978535872
-51,-18.5,7.5,conservative,True,0.0785576328188
-50,-18.5,7.5,conservative,True,0.0814220000842
-49,-18.5,7.5,conservative,True,0.0911464228726
-48,-18.5,7.5,conservative,True,0.100485527916
-47,-18.5,7.5,conservative,True,0.103393394696
-46,-18.5,7.5,conservative,True,0.105487934999
-45,-18.5,7.5,conservative,True,0.106689894471
-44,-18.5,7.5,conservative,True,0.112674045626
-43,-18.5,7.5,conservative,True,0.106960012119
-42,-18.5,7.5,conservative,True,0.107027670057
-41,-18.5,7.5,conservative,True,0.110787965845
-40,-18.5,7.5,conservative,True,0.116879677179
-39,-18.5,7.5,conservative,True,0.11895003901
-38,-18.5,7.5,conservative,True,0.124641155965
-37,-18.5,7.5,conservative,True,0.130386499043
-36,-18.5,7.5,conservative,True,0.132339580156
-35,-18.5,7.5,conservative,True,0.13654091756
-34,-18.5,7.5,conservative,True,0.139895199848
-33,-18.5,7.5,conservative,True,0.144246144781
-32,-18.5,7.5,conservative,True,0.150801237608
-31,-18.5,7.5,conservative,True,0.155795487303
-30,-18.5,7.5,conservative,True,0.16328343239
-29,-18.5,7.5,conservative,True,0.169657203613
-28,-18.5,7.5,conservative,True,0.175415932894
-27,-18.5,7.5,conservative,True,0.177087159286
-26,-18.5,7.5,conservative,True,0.179955560678
-25,-18.5,7.5,conservative,True,0.186003712397
-24,-18.5,7.5,conservative,True,0.185709133344
-23,-18.5,7.5,conservative,True,0.186178107087
-22,-18.5,7.5,conservative,True,0.186279345163
-21,-18.5,7.5,conservative,True,0.187638919648
-20,-18.5,7.5,conservative,True,0.185350079794
-19,-18.5,7.5,conservative,True,0.184543340077
-18,-18.5,7.5,conservative,True,0.181469128546
-17,-18.5,7.5,conservative,True,0.179182998073
-16,-18.5,7.5,conservative,True,0.176825468078
-15,-18.5,7.5,conservative,True,0.173194470266
-14,-18.5,7.5,conservative,True,0.167844479999
-13,-18.5,7.5,conservative,True,0.163632719158
-12,-18.5,7.5,conservative,True,0.158514449957
-11,-18.5,7.5,conservative,True,0.154002339579
-10,-18.5,7.5,conservative,True,0.146280770294
-9,-18.5,7.5,conservative,True,0.13982963526
-8,-18.5,7.5,conservative,True,0.132686152123
-7,-18.5,7.5,conservative,True,0.126548870027
-6,-18.5,7.5,conservative,True,0.122049923048
-5,-18.5,7.5,conservative,True,0.115288218784
-4,-18.5,7.5,conservative,True,0.109714175628
-3,-18.5,7.5,conservative,True,0.102979664748
-2,-18.5,7.5,conservative,True,0.0962577382446
-1,-18.5,7.5,conservative,True,0.0913766793599
0,-18.5,7.5,conservative,True,0.0891535605388
1,-18.5,7.5,conservative,True,0.0838487540197
2,-18.5,7.5,conservative,True,0.0799732013323
3,-18.5,7.5,conservative,True,0.0774444539495
4,-18.5,7.5,conservative,True,0.0745045485877
5,-18.5,7.5,conservative,True,0.0709473010347
6,-18.5,7.5,conservative,True,0.0717714347686
7,-18.5,7.5,conservative,True,0.0691462421738
8,-18.5,7.5,conservative,True,0.0665967967749
9,-18.5,7.5,conservative,True,0.0670248118521
10,-18.5,7.5,conservative,True,0.0663417291014
11,-18.5,7.5,conservative,True,0.0672422963769
12,-18.5,7.5,conservative,True,0.0663054171765
13,-18.5,7.5,conservative,True,0.0658470639891
14,-18.5,7.5,conservative,True,0.0671168239628
15,-18.5,7.5,conservative,True,0.0700366712169
16,-18.5,7.5,conservative,True,0.073437946915
17,-18.5,7.5,conservative,True,0.0733541486279
18,-18.5,7.5,conservative,True,0.0761044011042
19,-18.5,7.5,conservative,True,0.0776817616427
20,-18.5,7.5,conservative,True,0.0784672696021
21,-18.5,7.5,conservative,True,0.0764799917819
22,-18.5,7.5,conservative,True,0.0773255408477
23,-18.5,7.5,conservative,True,0.0751903876669
24,-18.5,7.5,conservative,True,0.0749963991687
25,-18.5,7.5,conservative,True,0.0743730348629
26,-18.5,7.5,conservative,True,0.07280824515
27,-18.5,7.5,conservative,True,0.0734818205961
28,-18.5,7.5,conservative,True,0.0725832405325
29,-18.5,7.5,conservative,True,0.0721894245459
30,-18.5,7.5,conservative,True,0.0735569890314
31,-18.5,7.5,conservative,True,0.0748016942944
32,-18.5,7.5,conservative,True,0.0777214139378
33,-18.5,7.5,conservative,True,0.0805826907926
34,-18.5,7.5,conservative,True,0.0812446039255
35,-18.5,7.5,conservative,True,0.0884556640695
36,-18.5,7.5,conservative,True,0.0909958425287
37,-18.5,7.5,conservative,True,0.0959007666359
38,-18.5,7.5,conservative,True,0.10274307479
39,-18.5,7.5,conservative,True,0.112620109593
40,-18.5,7.5,conservative,True,0.121368987062
41,-18.5,7.5,conservative,True,0.125550510175
42,-18.5,7.5,conservative,True,0.133987541885
43,-18.5,7.5,conservative,True,0.140515379247
44,-18.5,7.5,conservative,True,0.147857145434
45,-18.5,7.5,conservative,True,0.151910991152
46,-18.5,7.5,conservative,True,0.165155831035
47,-18.5,7.5,conservative,True,0.172364681285
48,-18.5,7.5,conservative,True,0.179971420663
49,-18.5,7.5,conservative,True,0.186581879375
50,-18.5,7.5,conservative,True,0.190366823835
51,-18.5,7.5,conservative,True,0.193164387497
52,-18.5,7.5,conservative,True,0.186183230776
-52,-17.5,7.5,conservative,True,0.0324549699407
-51,-17.5,7.5,conservative,True,0.040812119955
-50,-17.5,7.5,conservative,True,0.0452191915563
-49,-17.5,7.5,conservative,True,0.0489980004003
-48,-17.5,7.5,conservative,True,0.054312587324
-47,-17.5,7.5,conservative,True,0.0606205359229
-46,-17.5,7.5,conservative,True,0.0640480706084
-45,-17.5,7.5,conservative,True,0.0707871645914
-44,-17.5,7.5,conservative,True,0.0732935911231
-43,-17.5,7.5,conservative,True,0.072671999699
-42,-17.5,7.5,conservative,True,0.0747417475072
-41,-17.5,7.5,conservative,True,0.0776647686869
-40,-17.5,7.5,conservative,True,0.0847863158401
-39,-17.5,7.5,conservative,True,0.0895553407798
-38,-17.5,7.5,conservative,True,0.0941215439366
-37,-17.5,7.5,conservative,True,0.1003832914
-36,-17.5,7.5,conservative,True,0.107859834602
-35,-17.5,7.5,conservative,True,0.116362485965
-34,-17.5,7.5,conservative,True,0.119885908687
-33,-17.5,7.5,conservative,True,0.125165198488
-32,-17.5,7.5,conservative,True,0.131907062586
-31,-17.5,7.5,conservative,True,0.138479032042
-30,-17.5,7.5,conservative,True,0.146327412671
-29,-17.5,7.5,conservative,True,0.152514085094
-28,-17.5,7.5,conservative,True,0.158862330568
-27,-17.5,7.5,conservative,True,0.164367799128
-26,-17.5,7.5,conservative,True,0.169244516622
-25,-17.5,7.5,conservative,True,0.171659324533
-24,-17.5,7.5,conservative,True,0.174322475056
-23,-17.5,7.5,conservative,True,0.175446802857
-22,-17.5,7.5,conservative,True,0.177050997135
-21,-17.5,7.5,conservative,True,0.177647647576
-20,-17.5,7.5,conservative,True,0.177429470704
-19,-17.5,7.5,conservative,True,0.174437120513
-18,-17.5,7.5,conservative,True,0.174574886704
-17,-17.5,7.5,conservative,True,0.172022928905
-16,-17.5,7.5,conservative,True,0.169716450227
-15,-17.5,7.5,conservative,True,0.1644109481
-14,-17.5,7.5,conservative,True,0.159822838045
-13,-17.5,7.5,conservative,True,0.157637901506
-12,-17.5,7.5,conservative,True,0.152811784504
-11,-17.5,7.5,conservative,True,0.14417147044
-10,-17.5,7.5,conservative,True,0.138696430913
-9,-17.5,7.5,conservative,True,0.130954227413
-8,-17.5,7.5,conservative,True,0.124289122303
-7,-17.5,7.5,conservative,True,0.119179931846
-6,-17.5,7.5,conservative,True,0.111836939337
-5,-17.5,7.5,conservative,True,0.105921986311
-4,-17.5,7.5,conservative,True,0.10121676811
-3,-17.5,7.5,conservative,True,0.0970684040487
-2,-17.5,7.5,conservative,True,0.0899429070169
-1,-17.5,7.5,conservative,True,0.0854640975182
0,-17.5,7.5,conservative,True,0.0809822394985
1,-17.5,7.5,conservative,True,0.0763701047601
2,-17.5,7.5,conservative,True,0.0724885547221
3,-17.5,7.5,conservative,True,0.0684654241545
4,-17.5,7.5,conservative,True,0.0658217672137
5,-17.5,7.5,conservative,True,0.0628767987831
6,-17.5,7.5,conservative,True,0.0601354064553
7,-17.5,7.5,conservative,True,0.0582288797104
8,-17.5,7.5,conservative,True,0.0571181123795
9,-17.5,7.5,conservative,True,0.055946896622
10,-17.5,7.5,conservative,True,0.0569142566904
11,-17.5,7.5,conservative,True,0.0569044578176
12,-17.5,7.5,conservative,True,0.0548600194398
13,-17.5,7.5,conservative,True,0.052254025421
14,-17.5,7.5,conservative,True,0.054488836946
15,-17.5,7.5,conservative,True,0.0564412922857
16,-17.5,7.5,conservative,True,0.0556135954383
17,-17.5,7.5,conservative,True,0.056998628456
18,-17.5,7.5,conservative,True,0.0578128725581
19,-17.5,7.5,conservative,True,0.0602450700589
20,-17.5,7.5,conservative,True,0.0590204142405
21,-17.5,7.5,conservative,True,0.0598915369567
22,-17.5,7.5,conservative,True,0.057383545847
23,-17.5,7.5,conservative,True,0.0534612162
24,-17.5,7.5,conservative,True,0.052332278337
25,-17.5,7.5,conservative,True,0.0489422941823
26,-17.5,7.5,conservative,True,0.0483217787962
27,-17.5,7.5,conservative,True,0.0458376583832
28,-17.5,7.5,conservative,True,0.0472266512285
29,-17.5,7.5,conservative,True,0.0470604323336
30,-17.5,7.5,conservative,True,0.0454362353128
31,-17.5,7.5,conservative,True,0.046062775327
32,-17.5,7.5,conservative,True,0.0473944559721
33,-17.5,7.5,conservative,True,0.0496905726555
34,-17.5,7.5,conservative,True,0.0533284739226
35,-17.5,7.5,conservative,True,0.0549934532447
36,-17.5,7.5,conservative,True,0.0600494504662
37,-17.5,7.5,conservative,True,0.0664966950087
38,-17.5,7.5,conservative,True,0.0734641794738
39,-17.5,7.5,conservative,True,0.0770979539304
40,-17.5,7.5,conservative,True,0.0837248486266
41,-17.5,7.5,conservative,True,0.086692515355
42,-17.5,7.5,conservative,True,0.0970733509699
43,-17.5,7.5,conservative,True,0.102115990623
44,-17.5,7.5,conservative,True,0.110162701079
45,-17.5,7.5,conservative,True,0.11664218425
46,-17.5,7.5,conservative,True,0.127918598237
47,-17.5,7.5,conservative,True,0.138515250188
48,-17.5,7.5,conservative,True,0.149320483656
49,-17.5,7.5,conservative,True,0.15370413332
50,-17.5,7.5,conservative,True,0.164088785836
51,-17.5,7.5,conservative,True,0.169383696762
52,-17.5,7.5,conservative,True,0.163695854067
-52,-16.5,7.5,conservative,True,-0.00245564818428
-51,-16.5,7.5,conservative,True,-0.00229655759372
-50,-16.5,7.5,conservative,True,0.00183138952426
-49,-16.5,7.5,conservative,True,0.00871688415972
-48,-16.5,7.5,conservative,True,0.0140392355986
-47,-16.5,7.5,conservative,True,0.0238531946878
-46,-16.5,7.5,conservative,True,0.0308308832584
-45,-16.5,7.5,conservative,True,0.0348721997564
-44,-16.5,7.5,conservative,True,0.0367307158046
-43,-16.5,7.5,conservative,True,0.0394672381558
-42,-16.5,7.5,conservative,True,0.0420810815246
-41,-16.5,7.5,conservative,True,0.0453638384052
-40,-16.5,7.5,conservative,True,0.0566744881069
-39,-16.5,7.5,conservative,True,0.0615388662874
-38,-16.5,7.5,conservative,True,0.0672639577238
-37,-16.5,7.5,conservative,True,0.0762008198675
-36,-16.5,7.5,conservative,True,0.0845263311898
-35,-16.5,7.5,conservative,True,0.0942779995281
-34,-16.5,7.5,conservative,True,0.100627327969
-33,-16.5,7.5,conservative,True,0.106223792563
-32,-16.5,7.5,conservative,True,0.115676590635
-31,-16.5,7.5,conservative,True,0.12119229876
-30,-16.5,7.5,conservative,True,0.129837412417
-29,-16.5,7.5,conservative,True,0.138684793935
-28,-16.5,7.5,conservative,True,0.144382240225
-27,-16.5,7.5,conservative,True,0.151404200226
-26,-16.5,7.5,conservative,True,0.155889480333
-25,-16.5,7.5,conservative,True,0.159636948711
-24,-16.5,7.5,conservative,True,0.162362979996
-23,-16.5,7.5,conservative,True,0.165225043397
-22,-16.5,7.5,conservative,True,0.168273486367
-21,-16.5,7.5,conservative,True,0.16881761085
-20,-16.5,7.5,conservative,True,0.169224106566
-19,-16.5,7.5,conservative,True,0.167586411464
-18,-16.5,7.5,conservative,True,0.167076457881
-17,-16.5,7.5,conservative,True,0.164162316802
-16,-16.5,7.5,conservative,True,0.161836325742
-15,-16.5,7.5,conservative,True,0.157132789008
-14,-16.5,7.5,conservative,True,0.15308315777
-13,-16.5,7.5,conservative,True,0.149456203487
-12,-16.5,7.5,conservative,True,0.143340201981
-11,-16.5,7.5,conservative,True,0.136652288651
-10,-16.5,7.5,conservative,True,0.129193078158
-9,-16.5,7.5,conservative,True,0.124125425567
-8,-16.5,7.5,conservative,True,0.117039656272
-7,-16.5,7.5,conservative,True,0.111950397471
-6,-16.5,7.5,conservative,True,0.104887277267
-5,-16.5,7.5,conservative,True,0.0982426540469
-4,-16.5,7.5,conservative,True,0.0943759737168
-3,-16.5,7.5,conservative,True,0.0882046493402
-2,-16.5,7.5,conservative,True,0.0816416114045
-1,-16.5,7.5,conservative,True,0.0765041838583
0,-16.5,7.5,conservative,True,0.0702291331169
1,-16.5,7.5,conservative,True,0.0665075278108
2,-16.5,7.5,conservative,True,0.0618722249757
3,-16.5,7.5,conservative,True,0.0592209166303
4,-16.5,7.5,conservative,True,0.0560867170809
5,-16.5,7.5,conservative,True,0.0525753123611
6,-16.5,7.5,conservative,True,0.0499522295162
7,-16.5,7.5,conservative,True,0.0485096696782
8,-16.5,7.5,conservative,True,0.0468125811546
9,-16.5,7.5,conservative,True,0.0452513389619
10,-16.5,7.5,conservative,True,0.0436351514701
11,-16.5,7.5,conservative,True,0.0423890662655
12,-16.5,7.5,conservative,True,0.0422850260178
13,-16.5,7.5,conservative,True,0.0390745518081
14,-16.5,7.5,conservative,True,0.0394205997019
15,-16.5,7.5,conservative,True,0.0407339709879
16,-16.5,7.5,conservative,True,0.0393852428236
17,-16.5,7.5,conservative,True,0.0388783352493
18,-16.5,7.5,conservative,True,0.0389831260099
19,-16.5,7.5,conservative,True,0.0401345491379
20,-16.5,7.5,conservative,True,0.0400212374993
21,-16.5,7.5,conservative,True,0.0373804405631
22,-16.5,7.5,conservative,True,0.0349251941844
23,-16.5,7.5,conservative,True,0.0325098184476
24,-16.5,7.5,conservative,True,0.0294273542048
25,-16.5,7.5,conservative,True,0.0250527139898
26,-16.5,7.5,conservative,True,0.0220680901835
27,-16.5,7.5,conservative,True,0.0200269510003
28,-16.5,7.5,conservative,True,0.0199341451458
29,-16.5,7.5,conservative,True,0.0197163303981
30,-16.5,7.5,conservative,True,0.0206311970461
31,-16.5,7.5,conservative,True,0.0193332374639
32,-16.5,7.5,conservative,True,0.0189050840876
33,-16.5,7.5,conservative,True,0.0193012063006
34,-16.5,7.5,conservative,True,0.0213796362207
35,-16.5,7.5,conservative,True,0.0260206368825
36,-16.5,7.5,conservative,True,0.0264915480931
37,-16.5,7.5,conservative,True,0.0311906299226
38,-16.5,7.5,conservative,True,0.0391859686812
39,-16.5,7.5,conservative,True,0.042116319378
40,-16.5,7.5,conservative,True,0.0515395714175
41,-16.5,7.5,conservative,True,0.0560322942374
42,-16.5,7.5,conservative,True,0.0621561869539
43,-16.5,7.5,conservative,True,0.0687665777522
44,-16.5,7.5,conservative,True,0.0773311736827
45,-16.5,7.5,conservative,True,0.0836817812835
46,-16.5,7.5,conservative,True,0.096870606538
47,-16.5,7.5,conservative,True,0.10427124015
48,-16.5,7.5,conservative,True,0.111342171185
49,-16.5,7.5,conservative,True,0.11910229054
50,-16.5,7.5,conservative,True,0.135164431463
51,-16.5,7.5,conservative,True,0.140298642904
52,-16.5,7.5,conservative,True,0.132959380918
-52,-15.5,7.5,conservative,True,-0.0399175377003
-51,-15.5,7.5,conservative,True,-0.0403967339196
-50,-15.5,7.5,conservative,True,-0.0369011185828
-49,-15.5,7.5,conservative,True,-0.0319884686178
-48,-15.5,7.5,conservative,True,-0.0259677631425
-47,-15.5,7.5,conservative,True,-0.0176710111496
-46,-15.5,7.5,conservative,True,-0.00952307794699
-45,-15.5,7.5,conservative,True,-0.00273522628798
-44,-15.5,7.5,conservative,True,-0.00161618265281
-43,-15.5,7.5,conservative,True,0.00473985842416
-42,-15.5,7.5,conservative,True,0.0100092065252
-41,-15.5,7.5,conservative,True,0.0146854714679
-40,-15.5,7.5,conservative,True,0.0233624638648
-39,-15.5,7.5,conservative,True,0.0339953342139
-38,-15.5,7.5,conservative,True,0.0426416389486
-37,-15.5,7.5,conservative,True,0.0512063907412
-36,-15.5,7.5,conservative,True,0.0604327964916
-35,-15.5,7.5,conservative,True,0.0699994249875
-34,-15.5,7.5,conservative,True,0.0795334501662
-33,-15.5,7.5,conservative,True,0.0875065565753
-32,-15.5,7.5,conservative,True,0.0965763298897
-31,-15.5,7.5,conservative,True,0.104952555629
-30,-15.5,7.5,conservative,True,0.113970391553
-29,-15.5,7.5,conservative,True,0.121423183115
-28,-15.5,7.5,conservative,True,0.12852519677
-27,-15.5,7.5,conservative,True,0.134717205573
-26,-15.5,7.5,conservative,True,0.141326962889
-25,-15.5,7.5,conservative,True,0.146542704165
-24,-15.5,7.5,conservative,True,0.150750501604
-23,-15.5,7.5,conservative,True,0.154542332457
-22,-15.5,7.5,conservative,True,0.158907240266
-21,-15.5,7.5,conservative,True,0.159029995332
-20,-15.5,7.5,conservative,True,0.160466706175
-19,-15.5,7.5,conservative,True,0.158959791002
-18,-15.5,7.5,conservative,True,0.157461886347
-17,-15.5,7.5,conservative,True,0.156544553646
-16,-15.5,7.5,conservative,True,0.153100876884
-15,-15.5,7.5,conservative,True,0.150119208879
-14,-15.5,7.5,conservative,True,0.144985182677
-13,-15.5,7.5,conservative,True,0.14074190794
-12,-15.5,7.5,conservative,True,0.134953771781
-11,-15.5,7.5,conservative,True,0.128638084429
-10,-15.5,7.5,conservative,True,0.121474533775
-9,-15.5,7.5,conservative,True,0.116832895928
-8,-15.5,7.5,conservative,True,0.109160561668
-7,-15.5,7.5,conservative,True,0.104399412907
-6,-15.5,7.5,conservative,True,0.0979277385527
-5,-15.5,7.5,conservative,True,0.0907365159763
-4,-15.5,7.5,conservative,True,0.0865772503937
-3,-15.5,7.5,conservative,True,0.080137208799
-2,-15.5,7.5,conservative,True,0.0736946940765
-1,-15.5,7.5,conservative,True,0.0678262151181
0,-15.5,7.5,conservative,True,0.0616768328726
1,-15.5,7.5,conservative,True,0.0580787395099
2,-15.5,7.5,conservative,True,0.0534164554353
3,-15.5,7.5,conservative,True,0.0510244106482
4,-15.5,7.5,conservative,True,0.0464835661627
5,-15.5,7.5,conservative,True,0.0421187324541
6,-15.5,7.5,conservative,True,0.0406546834855
7,-15.5,7.5,conservative,True,0.0381370574268
8,-15.5,7.5,conservative,True,0.0362402536319
9,-15.5,7.5,conservative,True,0.0344576687335
10,-15.5,7.5,conservative,True,0.0307805392141
11,-15.5,7.5,conservative,True,0.0294746493019
12,-15.5,7.5,conservative,True,0.0294309804712
13,-15.5,7.5,conservative,True,0.0264204637003
14,-15.5,7.5,conservative,True,0.0251761596474
15,-15.5,7.5,conservative,True,0.0256762223733
16,-15.5,7.5,conservative,True,0.023718894691
17,-15.5,7.5,conservative,True,0.0232107284844
18,-15.5,7.5,conservative,True,0.0221694514939
19,-15.5,7.5,conservative,True,0.0200089843707
20,-15.5,7.5,conservative,True,0.0185255445739
21,-15.5,7.5,conservative,True,0.0149894997927
22,-15.5,7.5,conservative,True,0.0121516467163
23,-15.5,7.5,conservative,True,0.00753055908056
24,-15.5,7.5,conservative,True,0.00474581675266
25,-15.5,7.5,conservative,True,-0.000457075516251
26,-15.5,7.5,conservative,True,-0.000892932843879
27,-15.5,7.5,conservative,True,-0.00213745500623
28,-15.5,7.5,conservative,True,-0.00457655240966
29,-15.5,7.5,conservative,True,-0.00579671640323
30,-15.5,7.5,conservative,True,-0.00634011770407
31,-15.5,7.5,conservative,True,-0.00916724524613
32,-15.5,7.5,conservative,True,-0.0112268439077
33,-15.5,7.5,conservative,True,-0.0099313326078
34,-15.5,7.5,conservative,True,-0.00671265118637
35,-15.5,7.5,conservative,True,-0.00693839786366
36,-15.5,7.5,conservative,True,-0.00353934544295
37,-15.5,7.5,conservative,True,0.000957686702059
38,-15.5,7.5,conservative,True,0.00497471187434
39,-15.5,7.5,conservative,True,0.00854128887538
40,-15.5,7.5,conservative,True,0.0143783514494
41,-15.5,7.5,conservative,True,0.023607785987
42,-15.5,7.5,conservative,True,0.0318055850503
43,-15.5,7.5,conservative,True,0.0410928411947
44,-15.5,7.5,conservative,True,0.0457334366282
45,-15.5,7.5,conservative,True,0.0509046091547
46,-15.5,7.5,conservative,True,0.0636795878546
47,-15.5,7.5,conservative,True,0.0734806280697
48,-15.5,7.5,conservative,True,0.078175241249
49,-15.5,7.5,conservative,True,0.0858924840233
50,-15.5,7.5,conservative,True,0.0991220192642
51,-15.5,7.5,conservative,True,0.0971752614765
52,-15.5,7.5,conservative,True,0.106361815969
-52,-14.5,7.5,conservative,True,-0.0774748234781
-51,-14.5,7.5,conservative,True,-0.0788573263763
-50,-14.5,7.5,conservative,True,-0.0742917526566
-49,-14.5,7.5,conservative,True,-0.0648638649845
-48,-14.5,7.5,conservative,True,-0.0602578602751
-47,-14.5,7.5,conservative,True,-0.054096654582
-46,-14.5,7.5,conservative,True,-0.0447830588531
-45,-14.5,7.5,conservative,True,-0.0381404930165
-44,-14.5,7.5,conservative,True,-0.0331892140282
-43,-14.5,7.5,conservative,True,-0.0281566338448
-42,-14.5,7.5,conservative,True,-0.0203968222037
-41,-14.5,7.5,conservative,True,-0.0129324823042
-40,-14.5,7.5,conservative,True,-0.0042413397745
-39,-14.5,7.5,conservative,True,0.00490672951272
-38,-14.5,7.5,conservative,True,0.0133229191978
-37,-14.5,7.5,conservative,True,0.0248703881232
-36,-14.5,7.5,conservative,True,0.0355081279058
-35,-14.5,7.5,conservative,True,0.0456184401873
-34,-14.5,7.5,conservative,True,0.0554694283037
-33,-14.5,7.5,conservative,True,0.0659865931906
-32,-14.5,7.5,conservative,True,0.0768894328039
-31,-14.5,7.5,conservative,True,0.0864277597906
-30,-14.5,7.5,conservative,True,0.0951915038261
-29,-14.5,7.5,conservative,True,0.104167693556
-28,-14.5,7.5,conservative,True,0.113355181876
-27,-14.5,7.5,conservative,True,0.121031015048
-26,-14.5,7.5,conservative,True,0.127908797055
-25,-14.5,7.5,conservative,True,0.134075217546
-24,-14.5,7.5,conservative,True,0.13999435507
-23,-14.5,7.5,conservative,True,0.143664597845
-22,-14.5,7.5,conservative,True,0.148965173132
-21,-14.5,7.5,conservative,True,0.151279740666
-20,-14.5,7.5,conservative,True,0.152697037403
-19,-14.5,7.5,conservative,True,0.151868097918
-18,-14.5,7.5,conservative,True,0.149500088746
-17,-14.5,7.5,conservative,True,0.148238386607
-16,-14.5,7.5,conservative,True,0.145884428827
-15,-14.5,7.5,conservative,True,0.142563996385
-14,-14.5,7.5,conservative,True,0.138437201237
-13,-14.5,7.5,conservative,True,0.133135312107
-12,-14.5,7.5,conservative,True,0.127880387852
-11,-14.5,7.5,conservative,True,0.121161170185
-10,-14.5,7.5,conservative,True,0.114009875927
-9,-14.5,7.5,conservative,True,0.108739182415
-8,-14.5,7.5,conservative,True,0.102555743047
-7,-14.5,7.5,conservative,True,0.0958686782536
-6,-14.5,7.5,conservative,True,0.0900670488895
-5,-14.5,7.5,conservative,True,0.0840924070777
-4,-14.5,7.5,conservative,True,0.0772470034735
-3,-14.5,7.5,conservative,True,0.0723597050857
-2,-14.5,7.5,conservative,True,0.0656257176157
-1,-14.5,7.5,conservative,True,0.0607266175489
0,-14.5,7.5,conservative,True,0.0537462421469
1,-14.5,7.5,conservative,True,0.0491252016952
2,-14.5,7.5,conservative,True,0.0449061278474
3,-14.5,7.5,conservative,True,0.0412884013824
4,-14.5,7.5,conservative,True,0.0372508026499
5,-14.5,7.5,conservative,True,0.033366330996
6,-14.5,7.5,conservative,True,0.0309425594223
7,-14.5,7.5,conservative,True,0.0277522197889
8,-14.5,7.5,conservative,True,0.0233579363303
9,-14.5,7.5,conservative,True,0.0209601894704
10,-14.5,7.5,conservative,True,0.0179211628244
11,-14.5,7.5,conservative,True,0.0154289836815
12,-14.5,7.5,conservative,True,0.0131191852925
13,-14.5,7.5,conservative,True,0.0135151052707
14,-14.5,7.5,conservative,True,0.0131692993396
15,-14.5,7.5,conservative,True,0.00981669211041
16,-14.5,7.5,conservative,True,0.00879498081351
17,-14.5,7.5,conservative,True,0.0061555410528
18,-14.5,7.5,conservative,True,0.00320018178339
19,-14.5,7.5,conservative,True,0.00180652839004
20,-14.5,7.5,conservative,True,-0.00221652376264
21,-14.5,7.5,conservative,True,-0.00653816918882
22,-14.5,7.5,conservative,True,-0.00885972716391
23,-14.5,7.5,conservative,True,-0.0143022019778
24,-14.5,7.5,conservative,True,-0.0169506697401
25,-14.5,7.5,conservative,True,-0.0201194776091
26,-14.5,7.5,conservative,True,-0.0220048106173
27,-14.5,7.5,conservative,True,-0.0253948348054
28,-14.5,7.5,conservative,True,-0.0298482106829
29,-14.5,7.5,conservative,True,-0.0312944264925
30,-14.5,7.5,conservative,True,-0.0339550659897
31,-14.5,7.5,conservative,True,-0.0346017804419
32,-14.5,7.5,conservative,True,-0.0370671569313
33,-14.5,7.5,conservative,True,-0.0357895692467
34,-14.5,7.5,conservative,True,-0.0364450907563
35,-14.5,7.5,conservative,True,-0.0347813819317
36,-14.5,7.5,conservative,True,-0.0329736262922
37,-14.5,7.5,conservative,True,-0.0324443963529
38,-14.5,7.5,conservative,True,-0.0276995956016
39,-14.5,7.5,conservative,True,-0.024530603999
40,-14.5,7.5,conservative,True,-0.0171127943333
41,-14.5,7.5,conservative,True,-0.0119032653323
42,-14.5,7.5,conservative,True,-0.000204679707518
43,-14.5,7.5,conservative,True,0.00627535667861
44,-14.5,7.5,conservative,True,0.00730968420694
45,-14.5,7.5,conservative,True,0.0250009811377
46,-14.5,7.5,conservative,True,0.0305473054617
47,-14.5,7.5,conservative,True,0.0465429759702
48,-14.5,7.5,conservative,True,0.0535210828466
49,-14.5,7.5,conservative,True,0.0600958710033
50,-14.5,7.5,conservative,True,0.0662452742679
51,-14.5,7.5,conservative,True,0.0667093151913
52,-14.5,7.5,conservative,True,0.0649105178031
-52,-13.5,7.5,conservative,True,-0.113511184535
-51,-13.5,7.5,conservative,True,-0.110376448521
-50,-13.5,7.5,conservative,True,-0.10778018979
-49,-13.5,7.5,conservative,True,-0.101469088199
-48,-13.5,7.5,conservative,True,-0.0934956969649
-47,-13.5,7.5,conservative,True,-0.0848852800514
-46,-13.5,7.5,conservative,True,-0.0784722133996
-45,-13.5,7.5,conservative,True,-0.0716995794636
-44,-13.5,7.5,conservative,True,-0.0647178580092
-43,-13.5,7.5,conservative,True,-0.0578667094999
-42,-13.5,7.5,conservative,True,-0.0480207311656
-41,-13.5,7.5,conservative,True,-0.0417722465309
-40,-13.5,7.5,conservative,True,-0.0342009605796
-39,-13.5,7.5,conservative,True,-0.0236366309099
-38,-13.5,7.5,conservative,True,-0.0119114525106
-37,-13.5,7.5,conservative,True,-0.00103669696516
-36,-13.5,7.5,conservative,True,0.00990658462337
-35,-13.5,7.5,conservative,True,0.0233784051736
-34,-13.5,7.5,conservative,True,0.0343255586769
-33,-13.5,7.5,conservative,True,0.0465911515455
-32,-13.5,7.5,conservative,True,0.05754422926
-31,-13.5,7.5,conservative,True,0.0669558147254
-30,-13.5,7.5,conservative,True,0.0785121208803
-29,-13.5,7.5,conservative,True,0.0879417606183
-28,-13.5,7.5,conservative,True,0.098616200256
-27,-13.5,7.5,conservative,True,0.106820923559
-26,-13.5,7.5,conservative,True,0.112766008819
-25,-13.5,7.5,conservative,True,0.121496849375
-24,-13.5,7.5,conservative,True,0.129112341104
-23,-13.5,7.5,conservative,True,0.133716830358
-22,-13.5,7.5,conservative,True,0.140981764112
-21,-13.5,7.5,conservative,True,0.144310547505
-20,-13.5,7.5,conservative,True,0.145421889562
-19,-13.5,7.5,conservative,True,0.144187029623
-18,-13.5,7.5,conservative,True,0.141984329995
-17,-13.5,7.5,conservative,True,0.141691172754
-16,-13.5,7.5,conservative,True,0.140114799882
-15,-13.5,7.5,conservative,True,0.137148931411
-14,-13.5,7.5,conservative,True,0.132225609176
-13,-13.5,7.5,conservative,True,0.12608914605
-12,-13.5,7.5,conservative,True,0.119614121534
-11,-13.5,7.5,conservative,True,0.113266132931
-10,-13.5,7.5,conservative,True,0.106891673881
-9,-13.5,7.5,conservative,True,0.10108458532
-8,-13.5,7.5,conservative,True,0.0939936866209
-7,-13.5,7.5,conservative,True,0.0885704416444
-6,-13.5,7.5,conservative,True,0.0814176228449
-5,-13.5,7.5,conservative,True,0.0760781089706
-4,-13.5,7.5,conservative,True,0.0706294377852
-3,-13.5,7.5,conservative,True,0.0632859041174
-2,-13.5,7.5,conservative,True,0.0581090142458
-1,-13.5,7.5,conservative,True,0.0529030710924
0,-13.5,7.5,conservative,True,0.0452321761295
1,-13.5,7.5,conservative,True,0.0402140496987
2,-13.5,7.5,conservative,True,0.0344565844251
3,-13.5,7.5,conservative,True,0.0307062672806
4,-13.5,7.5,conservative,True,0.027501700225
5,-13.5,7.5,conservative,True,0.0256642305628
6,-13.5,7.5,conservative,True,0.0207512626558
7,-13.5,7.5,conservative,True,0.0167270061187
8,-13.5,7.5,conservative,True,0.0109979843928
9,-13.5,7.5,conservative,True,0.00880320275497
10,-13.5,7.5,conservative,True,0.00456468589715
11,-13.5,7.5,conservative,True,0.00235084435936
12,-13.5,7.5,conservative,True,0.000423256041478
13,-13.5,7.5,conservative,True,-0.0011734675595
14,-13.5,7.5,conservative,True,-0.00335203260696
15,-13.5,7.5,conservative,True,-0.00588648580889
16,-13.5,7.5,conservative,True,-0.00954343296315
17,-13.5,7.5,conservative,True,-0.0113883609242
18,-13.5,7.5,conservative,True,-0.0144590393977
19,-13.5,7.5,conservative,True,-0.0171806974248
20,-13.5,7.5,conservative,True,-0.0215242348509
21,-13.5,7.5,conservative,True,-0.0261910183666
22,-13.5,7.5,conservative,True,-0.0313064414831
23,-13.5,7.5,conservative,True,-0.0358748476848
24,-13.5,7.5,conservative,True,-0.0370611561426
25,-13.5,7.5,conservative,True,-0.0410705591711
26,-13.5,7.5,conservative,True,-0.0444145234965
27,-13.5,7.5,conservative,True,-0.0483050696222
28,-13.5,7.5,conservative,True,-0.0514752333173
29,-13.5,7.5,conservative,True,-0.0547391197092
30,-13.5,7.5,conservative,True,-0.0577295299237
31,-13.5,7.5,conservative,True,-0.0611928016594
32,-13.5,7.5,conservative,True,-0.0628709319234
33,-13.5,7.5,conservative,True,-0.0647177097653
34,-13.5,7.5,conservative,True,-0.0637584970472
35,-13.5,7.5,conservative,True,-0.0606568377557
36,-13.5,7.5,conservative,True,-0.059825768005
37,-13.5,7.5,conservative,True,-0.0609759042588
38,-13.5,7.5,conservative,True,-0.0571670798609
39,-13.5,7.5,conservative,True,-0.0547195799019
40,-13.5,7.5,conservative,True,-0.0488628259366
41,-13.5,7.5,conservative,True,-0.0421375021412
42,-13.5,7.5,conservative,True,-0.0332923190615
43,-13.5,7.5,conservative,True,-0.0276161648626
44,-13.5,7.5,conservative,True,-0.0238105290676
45,-13.5,7.5,conservative,True,-0.0118253827634
46,-13.5,7.5,conservative,True,0.00207639220231
47,-13.5,7.5,conservative,True,0.0125043383122
48,-13.5,7.5,conservative,True,0.0233199040101
49,-13.5,7.5,conservative,True,0.0305276031629
50,-13.5,7.5,conservative,True,0.0427465121775
51,-13.5,7.5,conservative,True,0.0428964563043
52,-13.5,7.5,conservative,True,0.040777543732
-52,-12.5,7.5,conservative,True,-0.14570210177
-51,-12.5,7.5,conservative,True,-0.135709207256
-50,-12.5,7.5,conservative,True,-0.135150505989
-49,-12.5,7.5,conservative,True,-0.128632905547
-48,-12.5,7.5,conservative,True,-0.118612662663
-47,-12.5,7.5,conservative,True,-0.109441021684
-46,-12.5,7.5,conservative,True,-0.107400395084
-45,-12.5,7.5,conservative,True,-0.0982824233382
-44,-12.5,7.5,conservative,True,-0.0906541791438
-43,-12.5,7.5,conservative,True,-0.0840156821935
-42,-12.5,7.5,conservative,True,-0.0752604157185
-41,-12.5,7.5,conservative,True,-0.0668078605406
-40,-12.5,7.5,conservative,True,-0.0582937751947
-39,-12.5,7.5,conservative,True,-0.0495332739353
-38,-12.5,7.5,conservative,True,-0.0361106473505
-37,-12.5,7.5,conservative,True,-0.0243264200089
-36,-12.5,7.5,conservative,True,-0.0131305339994
-35,-12.5,7.5,conservative,True,0.000256662707153
-34,-12.5,7.5,conservative,True,0.014500754268
-33,-12.5,7.5,conservative,True,0.0255856950473
-32,-12.5,7.5,conservative,True,0.0366599718036
-31,-12.5,7.5,conservative,True,0.049865144609
-30,-12.5,7.5,conservative,True,0.0623242991872
-29,-12.5,7.5,conservative,True,0.0731452986495
-28,-12.5,7.5,conservative,True,0.0840417712678
-27,-12.5,7.5,conservative,True,0.0954699587599
-26,-12.5,7.5,conservative,True,0.102834209124
-25,-12.5,7.5,conservative,True,0.111827100347
-24,-12.5,7.5,conservative,True,0.116492998151
-23,-12.5,7.5,conservative,True,0.122739570287
-22,-12.5,7.5,conservative,True,0.130100095617
-21,-12.5,7.5,conservative,True,0.134869955632
-20,-12.5,7.5,conservative,True,0.136717233934
-19,-12.5,7.5,conservative,True,0.136603268589
-18,-12.5,7.5,conservative,True,0.136032772141
-17,-12.5,7.5,conservative,True,0.135073971625
-16,-12.5,7.5,conservative,True,0.134013611657
-15,-12.5,7.5,conservative,True,0.129736088617
-14,-12.5,7.5,conservative,True,0.125835741033
-13,-12.5,7.5,conservative,True,0.118443709151
-12,-12.5,7.5,conservative,True,0.113114414676
-11,-12.5,7.5,conservative,True,0.106328014074
-10,-12.5,7.5,conservative,True,0.100153220326
-9,-12.5,7.5,conservative,True,0.0932888112002
-8,-12.5,7.5,conservative,True,0.0870120112904
-7,-12.5,7.5,conservative,True,0.0819151397548
-6,-12.5,7.5,conservative,True,0.0754475204759
-5,-12.5,7.5,conservative,True,0.0684518000426
-4,-12.5,7.5,conservative,True,0.0618753855232
-3,-12.5,7.5,conservative,True,0.0558147594273
-2,-12.5,7.5,conservative,True,0.0501370696566
-1,-12.5,7.5,conservative,True,0.0435971168861
0,-12.5,7.5,conservative,True,0.0384303862694
1,-12.5,7.5,conservative,True,0.0325468119452
2,-12.5,7.5,conservative,True,0.0273825400761
3,-12.5,7.5,conservative,True,0.0220853963597
4,-12.5,7.5,conservative,True,0.0182954942225
5,-12.5,7.5,conservative,True,0.0143483081679
6,-12.5,7.5,conservative,True,0.0102256293015
7,-12.5,7.5,conservative,True,0.00490070926513
8,-12.5,7.5,conservative,True,-0.000644885106438
9,-12.5,7.5,conservative,True,-0.00358414905119
10,-12.5,7.5,conservative,True,-0.00885696781397
11,-12.5,7.5,conservative,True,-0.0118315822919
12,-12.5,7.5,conservative,True,-0.0137303723302
13,-12.5,7.5,conservative,True,-0.0151385098502
14,-12.5,7.5,conservative,True,-0.0195196490109
15,-12.5,7.5,conservative,True,-0.0225458253164
16,-12.5,7.5,conservative,True,-0.0250728373971
17,-12.5,7.5,conservative,True,-0.028393669059
18,-12.5,7.5,conservative,True,-0.0316721029542
19,-12.5,7.5,conservative,True,-0.0349765040224
20,-12.5,7.5,conservative,True,-0.0413448223557
21,-12.5,7.5,conservative,True,-0.0464646296938
22,-12.5,7.5,conservative,True,-0.0517587774402
23,-12.5,7.5,conservative,True,-0.0553960384937
24,-12.5,7.5,conservative,True,-0.059642940436
25,-12.5,7.5,conservative,True,-0.0617272714526
26,-12.5,7.5,conservative,True,-0.0654737303704
27,-12.5,7.5,conservative,True,-0.068514699495
28,-12.5,7.5,conservative,True,-0.0746969419518
29,-12.5,7.5,conservative,True,-0.079178147502
30,-12.5,7.5,conservative,True,-0.0835014506861
31,-12.5,7.5,conservative,True,-0.0869711967909
32,-12.5,7.5,conservative,True,-0.0895887995473
33,-12.5,7.5,conservative,True,-0.0914045505315
34,-12.5,7.5,conservative,True,-0.0896713132995
35,-12.5,7.5,conservative,True,-0.0898737599072
36,-12.5,7.5,conservative,True,-0.0851862702795
37,-12.5,7.5,conservative,True,-0.0887904051916
38,-12.5,7.5,conservative,True,-0.0851609448969
39,-12.5,7.5,conservative,True,-0.0832403006538
40,-12.5,7.5,conservative,True,-0.0772146423651
41,-12.5,7.5,conservative,True,-0.0729980145004
42,-12.5,7.5,conservative,True,-0.0675454124557
43,-12.5,7.5,conservative,True,-0.0601537614893
44,-12.5,7.5,conservative,True,-0.054122997835
45,-12.5,7.5,conservative,True,-0.0434319221631
46,-12.5,7.5,conservative,True,-0.0319957294609
47,-12.5,7.5,conservative,True,-0.0201901407768
48,-12.5,7.5,conservative,True,-0.00619833157738
49,-12.5,7.5,conservative,True,0.000558644963316
50,-12.5,7.5,conservative,True,0.00715931186196
51,-12.5,7.5,conservative,True,0.0137538804405
52,-12.5,7.5,conservative,True,0.0118011954105
-52,-11.5,7.5,conservative,True,-0.170209752293
-51,-11.5,7.5,conservative,True,-0.163501838265
-50,-11.5,7.5,conservative,True,-0.159565459435
-49,-11.5,7.5,conservative,True,-0.152808284217
-48,-11.5,7.5,conservative,True,-0.139016669085
-47,-11.5,7.5,conservative,True,-0.136341227037
-46,-11.5,7.5,conservative,True,-0.129586873767
-45,-11.5,7.5,conservative,True,-0.123730280781
-44,-11.5,7.5,conservative,True,-0.11472239849
-43,-11.5,7.5,conservative,True,-0.109184364554
-42,-11.5,7.5,conservative,True,-0.0985912483452
-41,-11.5,7.5,conservative,True,-0.0894339687936
-40,-11.5,7.5,conservative,True,-0.0798074149232
-39,-11.5,7.5,conservative,True,-0.0706874719066
-38,-11.5,7.5,conservative,True,-0.0593984682725
-37,-11.5,7.5,conservative,True,-0.0463335785577
-36,-11.5,7.5,conservative,True,-0.03425662164
-35,-11.5,7.5,conservative,True,-0.0219193885818
-34,-11.5,7.5,conservative,True,-0.00738913300589
-33,-11.5,7.5,conservative,True,0.00668504410128
-32,-11.5,7.5,conservative,True,0.0185490014552
-31,-11.5,7.5,conservative,True,0.0315252997495
-30,-11.5,7.5,conservative,True,0.0458739476573
-29,-11.5,7.5,conservative,True,0.0582880056611
-28,-11.5,7.5,conservative,True,0.0697943815825
-27,-11.5,7.5,conservative,True,0.0812797942717
-26,-11.5,7.5,conservative,True,0.0914543591225
-25,-11.5,7.5,conservative,True,0.0992498052711
-24,-11.5,7.5,conservative,True,0.107739383107
-23,-11.5,7.5,conservative,True,0.113616785317
-22,-11.5,7.5,conservative,True,0.119513135196
-21,-11.5,7.5,conservative,True,0.125169947396
-20,-11.5,7.5,conservative,True,0.128082644959
-19,-11.5,7.5,conservative,True,0.131489631832
-18,-11.5,7.5,conservative,True,0.130957432653
-17,-11.5,7.5,conservative,True,0.130864674282
-16,-11.5,7.5,conservative,True,0.127067714729
-15,-11.5,7.5,conservative,True,0.122014495992
-14,-11.5,7.5,conservative,True,0.118112220445
-13,-11.5,7.5,conservative,True,0.111092787465
-12,-11.5,7.5,conservative,True,0.10688567547
-11,-11.5,7.5,conservative,True,0.0999655894014
-10,-11.5,7.5,conservative,True,0.0944244815249
-9,-11.5,7.5,conservative,True,0.0889972178316
-8,-11.5,7.5,conservative,True,0.0821380313273
-7,-11.5,7.5,conservative,True,0.0755339034461
-6,-11.5,7.5,conservative,True,0.0688670453359
-5,-11.5,7.5,conservative,True,0.0629250681557
-4,-11.5,7.5,conservative,True,0.0564138962498
-3,-11.5,7.5,conservative,True,0.0474368363188
-2,-11.5,7.5,conservative,True,0.0429184521189
-1,-11.5,7.5,conservative,True,0.0370942708772
0,-11.5,7.5,conservative,True,0.0310761083716
1,-11.5,7.5,conservative,True,0.0254329110589
2,-11.5,7.5,conservative,True,0.0187317268423
3,-11.5,7.5,conservative,True,0.0150964086399
4,-11.5,7.5,conservative,True,0.00921148961081
5,-11.5,7.5,conservative,True,0.00570975053639
6,-11.5,7.5,conservative,True,-0.000780677173068
7,-11.5,7.5,conservative,True,-0.00645186178948
8,-11.5,7.5,conservative,True,-0.0125363355419
9,-11.5,7.5,conservative,True,-0.0167199655759
10,-11.5,7.5,conservative,True,-0.0197552184742
11,-11.5,7.5,conservative,True,-0.0230495675171
12,-11.5,7.5,conservative,True,-0.0263759243059
13,-11.5,7.5,conservative,True,-0.0303490571326
14,-11.5,7.5,conservative,True,-0.034734927542
15,-11.5,7.5,conservative,True,-0.0389094561489
16,-11.5,7.5,conservative,True,-0.042299981961
17,-11.5,7.5,conservative,True,-0.0458813543155
18,-11.5,7.5,conservative,True,-0.0489590670046
19,-11.5,7.5,conservative,True,-0.0543744259231
20,-11.5,7.5,conservative,True,-0.0577716217491
21,-11.5,7.5,conservative,True,-0.0641272345619
22,-11.5,7.5,conservative,True,-0.070608680463
23,-11.5,7.5,conservative,True,-0.0755218440485
24,-11.5,7.5,conservative,True,-0.077731139642
25,-11.5,7.5,conservative,True,-0.0820722291069
26,-11.5,7.5,conservative,True,-0.0856889201943
27,-11.5,7.5,conservative,True,-0.0912037729753
28,-11.5,7.5,conservative,True,-0.0990431088857
29,-11.5,7.5,conservative,True,-0.102167287916
30,-11.5,7.5,conservative,True,-0.107801495404
31,-11.5,7.5,conservative,True,-0.109949573052
32,-11.5,7.5,conservative,True,-0.114085530521
33,-11.5,7.5,conservative,True,-0.117361911783
34,-11.5,7.5,conservative,True,-0.116166277935
35,-11.5,7.5,conservative,True,-0.114439121302
36,-11.5,7.5,conservative,True,-0.112655021868
37,-11.5,7.5,conservative,True,-0.113380982668
38,-11.5,7.5,conservative,True,-0.110780219133
39,-11.5,7.5,conservative,True,-0.106014556369
40,-11.5,7.5,conservative,True,-0.101799106468
41,-11.5,7.5,conservative,True,-0.100838343726
42,-11.5,7.5,conservative,True,-0.0957642159108
43,-11.5,7.5,conservative,True,-0.09134159416
44,-11.5,7.5,conservative,True,-0.0834495965218
45,-11.5,7.5,conservative,True,-0.0729908039845
46,-11.5,7.5,conservative,True,-0.0623287690186
47,-11.5,7.5,conservative,True,-0.0563949203993
48,-11.5,7.5,conservative,True,-0.0457701466313
49,-11.5,7.5,conservative,True,-0.0334983775253
50,-11.5,7.5,conservative,True,-0.0300728181037
51,-11.5,7.5,conservative,True,-0.0187873488188
52,-11.5,7.5,conservative,True,-0.0135722906047
-52,-10.5,7.5,conservative,True,-0.188573644366
-51,-10.5,7.5,conservative,True,-0.187465362573
-50,-10.5,7.5,conservative,True,-0.178801253588
-49,-10.5,7.5,conservative,True,-0.169407392677
-48,-10.5,7.5,conservative,True,-0.1623642094
-47,-10.5,7.5,conservative,True,-0.155218719284
-46,-10.5,7.5,conservative,True,-0.149911998946
-45,-10.5,7.5,conservative,True,-0.144238866578
-44,-10.5,7.5,conservative,True,-0.135813855769
-43,-10.5,7.5,conservative,True,-0.127415565016
-42,-10.5,7.5,conservative,True,-0.119044061681
-41,-10.5,7.5,conservative,True,-0.109015730246
-40,-10.5,7.5,conservative,True,-0.0999265453261
-39,-10.5,7.5,conservative,True,-0.0907874766695
-38,-10.5,7.5,conservative,True,-0.0802607570257
-37,-10.5,7.5,conservative,True,-0.0673365722782
-36,-10.5,7.5,conservative,True,-0.0534283503478
-35,-10.5,7.5,conservative,True,-0.0413208930326
-34,-10.5,7.5,conservative,True,-0.0277531253411
-33,-10.5,7.5,conservative,True,-0.0126479141233
-32,-10.5,7.5,conservative,True,0.00195135053643
-31,-10.5,7.5,conservative,True,0.016421590479
-30,-10.5,7.5,conservative,True,0.0288688670056
-29,-10.5,7.5,conservative,True,0.0416540898027
-28,-10.5,7.5,conservative,True,0.0560001597561
-27,-10.5,7.5,conservative,True,0.067521543997
-26,-10.5,7.5,conservative,True,0.0790613422827
-25,-10.5,7.5,conservative,True,0.0889229359449
-24,-10.5,7.5,conservative,True,0.0975518623645
-23,-10.5,7.5,conservative,True,0.103690384142
-22,-10.5,7.5,conservative,True,0.109604445079
-21,-10.5,7.5,conservative,True,0.115016414802
-20,-10.5,7.5,conservative,True,0.120389772314
-19,-10.5,7.5,conservative,True,0.123985254182
-18,-10.5,7.5,conservative,True,0.124831604319
-17,-10.5,7.5,conservative,True,0.123123529445
-16,-10.5,7.5,conservative,True,0.119055795434
-15,-10.5,7.5,conservative,True,0.116624931083
-14,-10.5,7.5,conservative,True,0.112085241232
-13,-10.5,7.5,conservative,True,0.106332792321
-12,-10.5,7.5,conservative,True,0.101107113214
-11,-10.5,7.5,conservative,True,0.0956946942962
-10,-10.5,7.5,conservative,True,0.0903065915707
-9,-10.5,7.5,conservative,True,0.0837980268497
-8,-10.5,7.5,conservative,True,0.0778402055535
-7,-10.5,7.5,conservative,True,0.0700687921113
-6,-10.5,7.5,conservative,True,0.0644279732633
-5,-10.5,7.5,conservative,True,0.0574422696952
-4,-10.5,7.5,conservative,True,0.0508716835873
-3,-10.5,7.5,conservative,True,0.0440268567766
-2,-10.5,7.5,conservative,True,0.0374414121238
-1,-10.5,7.5,conservative,True,0.031144406871
0,-10.5,7.5,conservative,True,0.0242826666008
1,-10.5,7.5,conservative,True,0.019456529055
2,-10.5,7.5,conservative,True,0.0127402694168
3,-10.5,7.5,conservative,True,0.00751866820626
4,-10.5,7.5,conservative,True,0.00144589426482
5,-10.5,7.5,conservative,True,-0.00578787862415
6,-10.5,7.5,conservative,True,-0.0127852225177
7,-10.5,7.5,conservative,True,-0.0184657622943
8,-10.5,7.5,conservative,True,-0.0239718830547
9,-10.5,7.5,conservative,True,-0.0288109904134
10,-10.5,7.5,conservative,True,-0.0331288526856
11,-10.5,7.5,conservative,True,-0.0374632837271
12,-10.5,7.5,conservative,True,-0.0411217338467
13,-10.5,7.5,conservative,True,-0.0455533596619
14,-10.5,7.5,conservative,True,-0.0494692076233
15,-10.5,7.5,conservative,True,-0.053957065753
16,-10.5,7.5,conservative,True,-0.0578085921773
17,-10.5,7.5,conservative,True,-0.0626673785926
18,-10.5,7.5,conservative,True,-0.0666824040332
19,-10.5,7.5,conservative,True,-0.070984898814
20,-10.5,7.5,conservative,True,-0.0746433026782
21,-10.5,7.5,conservative,True,-0.0821965167563
22,-10.5,7.5,conservative,True,-0.0867801917076
23,-10.5,7.5,conservative,True,-0.0917386419101
24,-10.5,7.5,conservative,True,-0.0967308224195
25,-10.5,7.5,conservative,True,-0.1029561206
26,-10.5,7.5,conservative,True,-0.106902795057
27,-10.5,7.5,conservative,True,-0.11205209982
28,-10.5,7.5,conservative,True,-0.117686104727
29,-10.5,7.5,conservative,True,-0.122164917034
30,-10.5,7.5,conservative,True,-0.127760605395
31,-10.5,7.5,conservative,True,-0.131151772427
32,-10.5,7.5,conservative,True,-0.134784385311
33,-10.5,7.5,conservative,True,-0.139544874882
34,-10.5,7.5,conservative,True,-0.138222821378
35,-10.5,7.5,conservative,True,-0.138700505204
36,-10.5,7.5,conservative,True,-0.138966238975
37,-10.5,7.5,conservative,True,-0.134823382876
38,-10.5,7.5,conservative,True,-0.134490117148
39,-10.5,7.5,conservative,True,-0.131202398819
40,-10.5,7.5,conservative,True,-0.129325416566
41,-10.5,7.5,conservative,True,-0.124855987925
42,-10.5,7.5,conservative,True,-0.121796879355
43,-10.5,7.5,conservative,True,-0.116553855856
44,-10.5,7.5,conservative,True,-0.109806763333
45,-10.5,7.5,conservative,True,-0.0989240890714
46,-10.5,7.5,conservative,True,-0.0907467002144
47,-10.5,7.5,conservative,True,-0.0848660977999
48,-10.5,7.5,conservative,True,-0.0759295421177
49,-10.5,7.5,conservative,True,-0.0642373447301
50,-10.5,7.5,conservative,True,-0.0584118804896
51,-10.5,7.5,conservative,True,-0.0433694075766
52,-10.5,7.5,conservative,True,-0.0443173439622
-52,-9.5,7.5,conservative,True,-0.209310313018
-51,-9.5,7.5,conservative,True,-0.200659422945
-50,-9.5,7.5,conservative,True,-0.198957642791
-49,-9.5,7.5,conservative,True,-0.186715091496
-48,-9.5,7.5,conservative,True,-0.17700884802
-47,-9.5,7.5,conservative,True,-0.171748101933
-46,-9.5,7.5,conservative,True,-0.166682858445
-45,-9.5,7.5,conservative,True,-0.160855142217
-44,-9.5,7.5,conservative,True,-0.151985665966
-43,-9.5,7.5,conservative,True,-0.144227630086
-42,-9.5,7.5,conservative,True,-0.135927007543
-41,-9.5,7.5,conservative,True,-0.127552965758
-40,-9.5,7.5,conservative,True,-0.116835015227
-39,-9.5,7.5,conservative,True,-0.108808023814
-38,-9.5,7.5,conservative,True,-0.0970146920171
-37,-9.5,7.5,conservative,True,-0.0850292806617
-36,-9.5,7.5,conservative,True,-0.0721865436373
-35,-9.5,7.5,conservative,True,-0.0594610691056
-34,-9.5,7.5,conservative,True,-0.0446893368801
-33,-9.5,7.5,conservative,True,-0.0306629527728
-32,-9.5,7.5,conservative,True,-0.0157618860707
-31,-9.5,7.5,conservative,True,-1.47626578741e-05
-30,-9.5,7.5,conservative,True,0.0131801774433
-29,-9.5,7.5,conservative,True,0.0281661649481
-28,-9.5,7.5,conservative,True,0.0419530601446
-27,-9.5,7.5,conservative,True,0.0543460531098
-26,-9.5,7.5,conservative,True,0.0672095954044
-25,-9.5,7.5,conservative,True,0.0770379472359
-24,-9.5,7.5,conservative,True,0.0866072771144
-23,-9.5,7.5,conservative,True,0.0933092402074
-22,-9.5,7.5,conservative,True,0.100955626532
-21,-9.5,7.5,conservative,True,0.10653422845
-20,-9.5,7.5,conservative,True,0.112944346
-19,-9.5,7.5,conservative,True,0.116161540801
-18,-9.5,7.5,conservative,True,0.117340594719
-17,-9.5,7.5,conservative,True,0.115876830196
-16,-9.5,7.5,conservative,True,0.112998464989
-15,-9.5,7.5,conservative,True,0.109956271011
-14,-9.5,7.5,conservative,True,0.106301931572
-13,-9.5,7.5,conservative,True,0.101076828931
-12,-9.5,7.5,conservative,True,0.0959740745191
-11,-9.5,7.5,conservative,True,0.0919161644995
-10,-9.5,7.5,conservative,True,0.0862905205593
-9,-9.5,7.5,conservative,True,0.0811389098421
-8,-9.5,7.5,conservative,True,0.0732751649808
-7,-9.5,7.5,conservative,True,0.0669525931021
-6,-9.5,7.5,conservative,True,0.0591684100072
-5,-9.5,7.5,conservative,True,0.0516789664801
-4,-9.5,7.5,conservative,True,0.0440848729883
-3,-9.5,7.5,conservative,True,0.0373700786049
-2,-9.5,7.5,conservative,True,0.0302845854085
-1,-9.5,7.5,conservative,True,0.0242612616718
0,-9.5,7.5,conservative,True,0.0188409812121
1,-9.5,7.5,conservative,True,0.012292110823
2,-9.5,7.5,conservative,True,0.00621116054727
3,-9.5,7.5,conservative,True,-0.000215010630373
4,-9.5,7.5,conservative,True,-0.00681204979678
5,-9.5,7.5,conservative,True,-0.014691209856
6,-9.5,7.5,conservative,True,-0.0212348762553
7,-9.5,7.5,conservative,True,-0.029025727385
8,-9.5,7.5,conservative,True,-0.0347563596895
9,-9.5,7.5,conservative,True,-0.0393577434991
10,-9.5,7.5,conservative,True,-0.0458664780938
11,-9.5,7.5,conservative,True,-0.0509795383544
12,-9.5,7.5,conservative,True,-0.0545869587136
13,-9.5,7.5,conservative,True,-0.06017701461
14,-9.5,7.5,conservative,True,-0.0645391341249
15,-9.5,7.5,conservative,True,-0.0692905289492
16,-9.5,7.5,conservative,True,-0.0732296375631
17,-9.5,7.5,conservative,True,-0.0777230834091
18,-9.5,7.5,conservative,True,-0.0830463364302
19,-9.5,7.5,conservative,True,-0.0870378119505
20,-9.5,7.5,conservative,True,-0.0919920399153
21,-9.5,7.5,conservative,True,-0.0973781520801
22,-9.5,7.5,conservative,True,-0.103442673256
23,-9.5,7.5,conservative,True,-0.108853783199
24,-9.5,7.5,conservative,True,-0.114447048994
25,-9.5,7.5,conservative,True,-0.119615599012
26,-9.5,7.5,conservative,True,-0.12628059983
27,-9.5,7.5,conservative,True,-0.130326631205
28,-9.5,7.5,conservative,True,-0.136847356978
29,-9.5,7.5,conservative,True,-0.142445262182
30,-9.5,7.5,conservative,True,-0.147527420337
31,-9.5,7.5,conservative,True,-0.149166118881
32,-9.5,7.5,conservative,True,-0.154216404561
33,-9.5,7.5,conservative,True,-0.156825039457
34,-9.5,7.5,conservative,True,-0.159296370656
35,-9.5,7.5,conservative,True,-0.161328872444
36,-9.5,7.5,conservative,True,-0.159896833131
37,-9.5,7.5,conservative,True,-0.158618435728
38,-9.5,7.5,conservative,True,-0.154855631911
39,-9.5,7.5,conservative,True,-0.155666390575
40,-9.5,7.5,conservative,True,-0.15299491528
41,-9.5,7.5,conservative,True,-0.148971725631
42,-9.5,7.5,conservative,True,-0.143570314835
43,-9.5,7.5,conservative,True,-0.139137584153
44,-9.5,7.5,conservative,True,-0.131830864445
45,-9.5,7.5,conservative,True,-0.121990923725
46,-9.5,7.5,conservative,True,-0.114715960066
47,-9.5,7.5,conservative,True,-0.107564753132
48,-9.5,7.5,conservative,True,-0.102021087822
49,-9.5,7.5,conservative,True,-0.0943449217883
50,-9.5,7.5,conservative,True,-0.0835982189714
51,-9.5,7.5,conservative,True,-0.073025478895
52,-9.5,7.5,conservative,True,-0.0653060628954
-52,-8.5,7.5,conservative,True,-0.225761367564
-51,-8.5,7.5,conservative,True,-0.214965816133
-50,-8.5,7.5,conservative,True,-0.210040682318
-49,-8.5,7.5,conservative,True,-0.197171869842
-48,-8.5,7.5,conservative,True,-0.190743279008
-47,-8.5,7.5,conservative,True,-0.183928746963
-46,-8.5,7.5,conservative,True,-0.18097187129
-45,-8.5,7.5,conservative,True,-0.17443096446
-44,-8.5,7.5,conservative,True,-0.166244519491
-43,-8.5,7.5,conservative,True,-0.157289088584
-42,-8.5,7.5,conservative,True,-0.149227376813
-41,-8.5,7.5,conservative,True,-0.142137232879
-40,-8.5,7.5,conservative,True,-0.132914521277
-39,-8.5,7.5,conservative,True,-0.123206402193
-38,-8.5,7.5,conservative,True,-0.111354380687
-37,-8.5,7.5,conservative,True,-0.0993950566916
-36,-8.5,7.5,conservative,True,-0.0872388041405
-35,-8.5,7.5,conservative,True,-0.0745046589501
-34,-8.5,7.5,conservative,True,-0.0601065060922
-33,-8.5,7.5,conservative,True,-0.0460218333653
-32,-8.5,7.5,conservative,True,-0.0310453138503
-31,-8.5,7.5,conservative,True,-0.0151281177939
-30,-8.5,7.5,conservative,True,-0.00111337930677
-29,-8.5,7.5,conservative,True,0.0151217397266
-28,-8.5,7.5,conservative,True,0.0291770497995
-27,-8.5,7.5,conservative,True,0.041519464405
-26,-8.5,7.5,conservative,True,0.0537309423122
-25,-8.5,7.5,conservative,True,0.0666107073124
-24,-8.5,7.5,conservative,True,0.0780014886841
-23,-8.5,7.5,conservative,True,0.0856047715918
-22,-8.5,7.5,conservative,True,0.0928435314706
-21,-8.5,7.5,conservative,True,0.100081983101
-20,-8.5,7.5,conservative,True,0.105723443716
-19,-8.5,7.5,conservative,True,0.109554987936
-18,-8.5,7.5,conservative,True,0.110083855628
-17,-8.5,7.5,conservative,True,0.108641184748
-16,-8.5,7.5,conservative,True,0.107158763587
-15,-8.5,7.5,conservative,True,0.105940099369
-14,-8.5,7.5,conservative,True,0.100951767985
-13,-8.5,7.5,conservative,True,0.0965408787314
-12,-8.5,7.5,conservative,True,0.0910933204242
-11,-8.5,7.5,conservative,True,0.0867889377134
-10,-8.5,7.5,conservative,True,0.0820262372473
-9,-8.5,7.5,conservative,True,0.0764300101956
-8,-8.5,7.5,conservative,True,0.0683879804303
-7,-8.5,7.5,conservative,True,0.0616932591371
-6,-8.5,7.5,conservative,True,0.0542499390428
-5,-8.5,7.5,conservative,True,0.0459899232532
-4,-8.5,7.5,conservative,True,0.0392574590684
-3,-8.5,7.5,conservative,True,0.0321605572966
-2,-8.5,7.5,conservative,True,0.0259079518923
-1,-8.5,7.5,conservative,True,0.0186492499081
0,-8.5,7.5,conservative,True,0.0114725988012
1,-8.5,7.5,conservative,True,0.00438017389693
2,-8.5,7.5,conservative,True,-0.000975161329004
3,-8.5,7.5,conservative,True,-0.00982791803735
4,-8.5,7.5,conservative,True,-0.0170702782591
5,-8.5,7.5,conservative,True,-0.0228061845341
6,-8.5,7.5,conservative,True,-0.0294378178805
7,-8.5,7.5,conservative,True,-0.036954302213
8,-8.5,7.5,conservative,True,-0.0446512065712
9,-8.5,7.5,conservative,True,-0.051538715452
10,-8.5,7.5,conservative,True,-0.0567018053471
11,-8.5,7.5,conservative,True,-0.0631450271948
12,-8.5,7.5,conservative,True,-0.067290451884
13,-8.5,7.5,conservative,True,-0.0729453529854
14,-8.5,7.5,conservative,True,-0.0784952939452
15,-8.5,7.5,conservative,True,-0.0836028353884
16,-8.5,7.5,conservative,True,-0.0879670179719
17,-8.5,7.5,conservative,True,-0.092567274387
18,-8.5,7.5,conservative,True,-0.0980971587563
19,-8.5,7.5,conservative,True,-0.103510740625
20,-8.5,7.5,conservative,True,-0.109185293886
21,-8.5,7.5,conservative,True,-0.113413022093
22,-8.5,7.5,conservative,True,-0.120703641357
23,-8.5,7.5,conservative,True,-0.124805313151
24,-8.5,7.5,conservative,True,-0.130487757331
25,-8.5,7.5,conservative,True,-0.137019500587
26,-8.5,7.5,conservative,True,-0.143602958055
27,-8.5,7.5,conservative,True,-0.148281184
28,-8.5,7.5,conservative,True,-0.155090275377
29,-8.5,7.5,conservative,True,-0.160342906069
30,-8.5,7.5,conservative,True,-0.164025545675
31,-8.5,7.5,conservative,True,-0.167792580632
32,-8.5,7.5,conservative,True,-0.170992796752
33,-8.5,7.5,conservative,True,-0.175931344526
34,-8.5,7.5,conservative,True,-0.178466657724
35,-8.5,7.5,conservative,True,-0.178339767593
36,-8.5,7.5,conservative,True,-0.178499452366
37,-8.5,7.5,conservative,True,-0.177964077806
38,-8.5,7.5,conservative,True,-0.175498565607
39,-8.5,7.5,conservative,True,-0.17332643723
40,-8.5,7.5,conservative,True,-0.17220122314
41,-8.5,7.5,conservative,True,-0.169911974597
42,-8.5,7.5,conservative,True,-0.16397309569
43,-8.5,7.5,conservative,True,-0.156063561863
44,-8.5,7.5,conservative,True,-0.155243109608
45,-8.5,7.5,conservative,True,-0.142732044849
46,-8.5,7.5,conservative,True,-0.135646686791
47,-8.5,7.5,conservative,True,-0.132255416741
48,-8.5,7.5,conservative,True,-0.121891094851
49,-8.5,7.5,conservative,True,-0.113417719807
50,-8.5,7.5,conservative,True,-0.102939623367
51,-8.5,7.5,conservative,True,-0.090421096268
52,-8.5,7.5,conservative,True,-0.08329989441
-52,-7.5,7.5,conservative,True,-0.231501259412
-51,-7.5,7.5,conservative,True,-0.227354091706
-50,-7.5,7.5,conservative,True,-0.218917189767
-49,-7.5,7.5,conservative,True,-0.207524473707
-48,-7.5,7.5,conservative,True,-0.201824891531
-47,-7.5,7.5,conservative,True,-0.195747420263
-46,-7.5,7.5,conservative,True,-0.191495247694
-45,-7.5,7.5,conservative,True,-0.18499453889
-44,-7.5,7.5,conservative,True,-0.177533195402
-43,-7.5,7.5,conservative,True,-0.170085620584
-42,-7.5,7.5,conservative,True,-0.16154432845
-41,-7.5,7.5,conservative,True,-0.153691062671
-40,-7.5,7.5,conservative,True,-0.145468609888
-39,-7.5,7.5,conservative,True,-0.134977542651
-38,-7.5,7.5,conservative,True,-0.124540458694
-37,-7.5,7.5,conservative,True,-0.112385374762
-36,-7.5,7.5,conservative,True,-0.101300700282
-35,-7.5,7.5,conservative,True,-0.0883436962414
-34,-7.5,7.5,conservative,True,-0.0735199343855
-33,-7.5,7.5,conservative,True,-0.0587077315084
-32,-7.5,7.5,conservative,True,-0.0431426884368
-31,-7.5,7.5,conservative,True,-0.0280041635573
-30,-7.5,7.5,conservative,True,-0.0141479159623
-29,-7.5,7.5,conservative,True,0.00171294666834
-28,-7.5,7.5,conservative,True,0.0164932286596
-27,-7.5,7.5,conservative,True,0.0300680572462
-26,-7.5,7.5,conservative,True,0.042802284819
-25,-7.5,7.5,conservative,True,0.0564532602236
-24,-7.5,7.5,conservative,True,0.0671793901262
-23,-7.5,7.5,conservative,True,0.0759819412582
-22,-7.5,7.5,conservative,True,0.0849174651949
-21,-7.5,7.5,conservative,True,0.0924045257271
-20,-7.5,7.5,conservative,True,0.0984602717154
-19,-7.5,7.5,conservative,True,0.103240213935
-18,-7.5,7.5,conservative,True,0.104337450342
-17,-7.5,7.5,conservative,True,0.103798546955
-16,-7.5,7.5,conservative,True,0.101885521741
-15,-7.5,7.5,conservative,True,0.100369092916
-14,-7.5,7.5,conservative,True,0.0965985894808
-13,-7.5,7.5,conservative,True,0.094037485923
-12,-7.5,7.5,conservative,True,0.0885756349233
-11,-7.5,7.5,conservative,True,0.0839969488748
-10,-7.5,7.5,conservative,True,0.0791623644448
-9,-7.5,7.5,conservative,True,0.0724015648843
-8,-7.5,7.5,conservative,True,0.0642470752784
-7,-7.5,7.5,conservative,True,0.057646644978
-6,-7.5,7.5,conservative,True,0.0508633904305
-5,-7.5,7.5,conservative,True,0.0429769472504
-4,-7.5,7.5,conservative,True,0.0343003115075
-3,-7.5,7.5,conservative,True,0.0268668335583
-2,-7.5,7.5,conservative,True,0.0187962617434
-1,-7.5,7.5,conservative,True,0.0132147550234
0,-7.5,7.5,conservative,True,0.00612588265394
1,-7.5,7.5,conservative,True,-0.00213944014743
2,-7.5,7.5,conservative,True,-0.00952031934614
3,-7.5,7.5,conservative,True,-0.0177401021021
4,-7.5,7.5,conservative,True,-0.0247892478106
5,-7.5,7.5,conservative,True,-0.0318163603457
6,-7.5,7.5,conservative,True,-0.0389769758777
7,-7.5,7.5,conservative,True,-0.0468046636222
8,-7.5,7.5,conservative,True,-0.0538956619377
9,-7.5,7.5,conservative,True,-0.0623966578717
10,-7.5,7.5,conservative,True,-0.0685732058818
11,-7.5,7.5,conservative,True,-0.07380975172
12,-7.5,7.5,conservative,True,-0.0794443752042
13,-7.5,7.5,conservative,True,-0.0841070203477
14,-7.5,7.5,conservative,True,-0.0904867168114
15,-7.5,7.5,conservative,True,-0.0972305770776
16,-7.5,7.5,conservative,True,-0.103576819192
17,-7.5,7.5,conservative,True,-0.108042323318
18,-7.5,7.5,conservative,True,-0.112188614668
19,-7.5,7.5,conservative,True,-0.118186236031
20,-7.5,7.5,conservative,True,-0.122535731675
21,-7.5,7.5,conservative,True,-0.127724173791
22,-7.5,7.5,conservative,True,-0.13541633993
23,-7.5,7.5,conservative,True,-0.140260090569
24,-7.5,7.5,conservative,True,-0.145786817408
25,-7.5,7.5,conservative,True,-0.151303245098
26,-7.5,7.5,conservative,True,-0.156793155385
27,-7.5,7.5,conservative,True,-0.162467738904
28,-7.5,7.5,conservative,True,-0.170447423619
29,-7.5,7.5,conservative,True,-0.175684069492
30,-7.5,7.5,conservative,True,-0.178825208416
31,-7.5,7.5,conservative,True,-0.181464507152
32,-7.5,7.5,conservative,True,-0.186836383549
33,-7.5,7.5,conservative,True,-0.191302427406
34,-7.5,7.5,conservative,True,-0.193924277706
35,-7.5,7.5,conservative,True,-0.193195491673
36,-7.5,7.5,conservative,True,-0.194182157503
37,-7.5,7.5,conservative,True,-0.194042106737
38,-7.5,7.5,conservative,True,-0.191929541246
39,-7.5,7.5,conservative,True,-0.191567032867
40,-7.5,7.5,conservative,True,-0.187101123392
41,-7.5,7.5,conservative,True,-0.186028799526
42,-7.5,7.5,conservative,True,-0.183006363452
43,-7.5,7.5,conservative,True,-0.177105661893
44,-7.5,7.5,conservative,True,-0.17016680645
45,-7.5,7.5,conservative,True,-0.163229512651
46,-7.5,7.5,conservative,True,-0.157397872784
47,-7.5,7.5,conservative,True,-0.15431253693
48,-7.5,7.5,conservative,True,-0.143909335716
49,-7.5,7.5,conservative,True,-0.134575961649
50,-7.5,7.5,conservative,True,-0.124595710988
51,-7.5,7.5,conservative,True,-0.108673228131
52,-7.5,7.5,conservative,True,-0.0921735856848
-52,-6.5,7.5,conservative,True,-0.23602248017
-51,-6.5,7.5,conservative,True,-0.236804626627
-50,-6.5,7.5,conservative,True,-0.223669843633
-49,-6.5,7.5,conservative,True,-0.214733899151
-48,-6.5,7.5,conservative,True,-0.208899085527
-47,-6.5,7.5,conservative,True,-0.203636710749
-46,-6.5,7.5,conservative,True,-0.200354686682
-45,-6.5,7.5,conservative,True,-0.195050273128
-44,-6.5,7.5,conservative,True,-0.188629303094
-43,-6.5,7.5,conservative,True,-0.181591338153
-42,-6.5,7.5,conservative,True,-0.172282020146
-41,-6.5,7.5,conservative,True,-0.163374665971
-40,-6.5,7.5,conservative,True,-0.155188713851
-39,-6.5,7.5,conservative,True,-0.145689737025
-38,-6.5,7.5,conservative,True,-0.136044782841
-37,-6.5,7.5,conservative,True,-0.125511502154
-36,-6.5,7.5,conservative,True,-0.112878688229
-35,-6.5,7.5,conservative,True,-0.0991498850677
-34,-6.5,7.5,conservative,True,-0.0852204717982
-33,-6.5,7.5,conservative,True,-0.0704205006854
-32,-6.5,7.5,conservative,True,-0.0548719678226
-31,-6.5,7.5,conservative,True,-0.0409197915424
-30,-6.5,7.5,conservative,True,-0.0249661518948
-29,-6.5,7.5,conservative,True,-0.00914658834853
-28,-6.5,7.5,conservative,True,0.00478285254696
-27,-6.5,7.5,conservative,True,0.0192689266378
-26,-6.5,7.5,conservative,True,0.0329370582794
-25,-6.5,7.5,conservative,True,0.045901058183
-24,-6.5,7.5,conservative,True,0.0574646307089
-23,-6.5,7.5,conservative,True,0.0683596643268
-22,-6.5,7.5,conservative,True,0.0780905849144
-21,-6.5,7.5,conservative,True,0.0854925284749
-20,-6.5,7.5,conservative,True,0.0910120670584
-19,-6.5,7.5,conservative,True,0.0969079726255
-18,-6.5,7.5,conservative,True,0.100654749206
-17,-6.5,7.5,conservative,True,0.101541454485
-16,-6.5,7.5,conservative,True,0.101038303512
-15,-6.5,7.5,conservative,True,0.0978811784105
-14,-6.5,7.5,conservative,True,0.0947338877297
-13,-6.5,7.5,conservative,True,0.0894069417824
-12,-6.5,7.5,conservative,True,0.0854537907581
-11,-6.5,7.5,conservative,True,0.0810777976988
-10,-6.5,7.5,conservative,True,0.0760203313751
-9,-6.5,7.5,conservative,True,0.0693315643074
-8,-6.5,7.5,conservative,True,0.0613511125145
-7,-6.5,7.5,conservative,True,0.0546473204851
-6,-6.5,7.5,conservative,True,0.0476705331379
-5,-6.5,7.5,conservative,True,0.0407164904089
-4,-6.5,7.5,conservative,True,0.0311016230011
-3,-6.5,7.5,conservative,True,0.02444804442
-2,-6.5,7.5,conservative,True,0.0154994980261
-1,-6.5,7.5,conservative,True,0.00832934903281
0,-6.5,7.5,conservative,True,0.00209359072386
1,-6.5,7.5,conservative,True,-0.00657455941319
2,-6.5,7.5,conservative,True,-0.0139924183014
3,-6.5,7.5,conservative,True,-0.0231572260159
4,-6.5,7.5,conservative,True,-0.030662742479
5,-6.5,7.5,conservative,True,-0.0378027987026
6,-6.5,7.5,conservative,True,-0.0465863235519
7,-6.5,7.5,conservative,True,-0.0551651001951
8,-6.5,7.5,conservative,True,-0.0638000052834
9,-6.5,7.5,conservative,True,-0.0706260974149
10,-6.5,7.5,conservative,True,-0.0771166388096
11,-6.5,7.5,conservative,True,-0.0829683249715
12,-6.5,7.5,conservative,True,-0.0876588874935
13,-6.5,7.5,conservative,True,-0.0953105176805
14,-6.5,7.5,conservative,True,-0.102994353531
15,-6.5,7.5,conservative,True,-0.109053931671
16,-6.5,7.5,conservative,True,-0.116060213511
17,-6.5,7.5,conservative,True,-0.120999680183
18,-6.5,7.5,conservative,True,-0.126606503164
19,-6.5,7.5,conservative,True,-0.129947353273
20,-6.5,7.5,conservative,True,-0.135332421695
21,-6.5,7.5,conservative,True,-0.143166917687
22,-6.5,7.5,conservative,True,-0.147015057395
23,-6.5,7.5,conservative,True,-0.151405837255
24,-6.5,7.5,conservative,True,-0.158768165491
25,-6.5,7.5,conservative,True,-0.164021783162
26,-6.5,7.5,conservative,True,-0.169795874547
27,-6.5,7.5,conservative,True,-0.175387161404
28,-6.5,7.5,conservative,True,-0.181161376995
29,-6.5,7.5,conservative,True,-0.186003078909
30,-6.5,7.5,conservative,True,-0.191677557082
31,-6.5,7.5,conservative,True,-0.19523435801
32,-6.5,7.5,conservative,True,-0.199578579711
33,-6.5,7.5,conservative,True,-0.202765816765
34,-6.5,7.5,conservative,True,-0.205808213586
35,-6.5,7.5,conservative,True,-0.206957235384
36,-6.5,7.5,conservative,True,-0.207823275337
37,-6.5,7.5,conservative,True,-0.20712568742
38,-6.5,7.5,conservative,True,-0.207528862177
39,-6.5,7.5,conservative,True,-0.204687485684
40,-6.5,7.5,conservative,True,-0.203976947489
41,-6.5,7.5,conservative,True,-0.202785087874
42,-6.5,7.5,conservative,True,-0.19910296169
43,-6.5,7.5,conservative,True,-0.192962085675
44,-6.5,7.5,conservative,True,-0.186476747604
45,-6.5,7.5,conservative,True,-0.183303170142
46,-6.5,7.5,conservative,True,-0.178389247001
47,-6.5,7.5,conservative,True,-0.17130618016
48,-6.5,7.5,conservative,True,-0.160111626991
49,-6.5,7.5,conservative,True,-0.150899490526
50,-6.5,7.5,conservative,True,-0.139622877088
51,-6.5,7.5,conservative,True,-0.126037518707
52,-6.5,7.5,conservative,True,-0.113508638444
-52,-5.5,7.5,conservative,True,-0.241444628217
-51,-5.5,7.5,conservative,True,-0.234767362001
-50,-5.5,7.5,conservative,True,-0.228561427864
-49,-5.5,7.5,conservative,True,-0.220849085601
-48,-5.5,7.5,conservative,True,-0.215463476185
-47,-5.5,7.5,conservative,True,-0.209580701431
-46,-5.5,7.5,conservative,True,-0.207424883137
-45,-5.5,7.5,conservative,True,-0.201764832432
-44,-5.5,7.5,conservative,True,-0.194360310793
-43,-5.5,7.5,conservative,True,-0.188759271066
-42,-5.5,7.5,conservative,True,-0.180730974027
-41,-5.5,7.5,conservative,True,-0.171108603983
-40,-5.5,7.5,conservative,True,-0.162292627747
-39,-5.5,7.5,conservative,True,-0.153497091865
-38,-5.5,7.5,conservative,True,-0.144929441889
-37,-5.5,7.5,conservative,True,-0.134239746643
-36,-5.5,7.5,conservative,True,-0.1228347292
-35,-5.5,7.5,conservative,True,-0.110254507538
-34,-5.5,7.5,conservative,True,-0.0977782675748
-33,-5.5,7.5,conservative,True,-0.0822077083676
-32,-5.5,7.5,conservative,True,-0.0656292305633
-31,-5.5,7.5,conservative,True,-0.0512211548341
-30,-5.5,7.5,conservative,True,-0.0355151710703
-29,-5.5,7.5,conservative,True,-0.0193397400925
-28,-5.5,7.5,conservative,True,-0.00507374199718
-27,-5.5,7.5,conservative,True,0.00864138652983
-26,-5.5,7.5,conservative,True,0.0232698153077
-25,-5.5,7.5,conservative,True,0.0375977408944
-24,-5.5,7.5,conservative,True,0.0491927536718
-23,-5.5,7.5,conservative,True,0.0612587854582
-22,-5.5,7.5,conservative,True,0.0714984910105
-21,-5.5,7.5,conservative,True,0.0802874020884
-20,-5.5,7.5,conservative,True,0.0870780542545
-19,-5.5,7.5,conservative,True,0.0914649329293
-18,-5.5,7.5,conservative,True,0.0969406708025
-17,-5.5,7.5,conservative,True,0.0983494822666
-16,-5.5,7.5,conservative,True,0.098765518183
-15,-5.5,7.5,conservative,True,0.0962054570953
-14,-5.5,7.5,conservative,True,0.0927802265266
-13,-5.5,7.5,conservative,True,0.0874272162556
-12,-5.5,7.5,conservative,True,0.0828336170756
-11,-5.5,7.5,conservative,True,0.0782147284037
-10,-5.5,7.5,conservative,True,0.0754128480474
-9,-5.5,7.5,conservative,True,0.0675711064754
-8,-5.5,7.5,conservative,True,0.0599611331119
-7,-5.5,7.5,conservative,True,0.0540750140672
-6,-5.5,7.5,conservative,True,0.0460794321019
-5,-5.5,7.5,conservative,True,0.0384980425156
-4,-5.5,7.5,conservative,True,0.0299682813971
-3,-5.5,7.5,conservative,True,0.0207072262645
-2,-5.5,7.5,conservative,True,0.0121098092832
-1,-5.5,7.5,conservative,True,0.00525859451754
0,-5.5,7.5,conservative,True,-0.00230676707442
1,-5.5,7.5,conservative,True,-0.0104306500416
2,-5.5,7.5,conservative,True,-0.0187222211112
3,-5.5,7.5,conservative,True,-0.0273237570682
4,-5.5,7.5,conservative,True,-0.0351831651816
5,-5.5,7.5,conservative,True,-0.0437341758011
6,-5.5,7.5,conservative,True,-0.0520535851566
7,-5.5,7.5,conservative,True,-0.0612453226169
8,-5.5,7.5,conservative,True,-0.0703674922624
9,-5.5,7.5,conservative,True,-0.0775726499106
10,-5.5,7.5,conservative,True,-0.0852638712265
11,-5.5,7.5,conservative,True,-0.0924645714875
12,-5.5,7.5,conservative,True,-0.0981333284711
13,-5.5,7.5,conservative,True,-0.103772064424
14,-5.5,7.5,conservative,True,-0.111403792105
15,-5.5,7.5,conservative,True,-0.118757926085
16,-5.5,7.5,conservative,True,-0.127896908346
17,-5.5,7.5,conservative,True,-0.132810567967
18,-5.5,7.5,conservative,True,-0.136708228139
19,-5.5,7.5,conservative,True,-0.142191603612
20,-5.5,7.5,conservative,True,-0.148247078967
21,-5.5,7.5,conservative,True,-0.153746681096
22,-5.5,7.5,conservative,True,-0.159353725058
23,-5.5,7.5,conservative,True,-0.162821430646
24,-5.5,7.5,conservative,True,-0.169634651893
25,-5.5,7.5,conservative,True,-0.174015798739
26,-5.5,7.5,conservative,True,-0.180359486437
27,-5.5,7.5,conservative,True,-0.185560843843
28,-5.5,7.5,conservative,True,-0.190791611368
29,-5.5,7.5,conservative,True,-0.195774663377
30,-5.5,7.5,conservative,True,-0.202014132114
31,-5.5,7.5,conservative,True,-0.205864109182
32,-5.5,7.5,conservative,True,-0.210457010396
33,-5.5,7.5,conservative,True,-0.214240291869
34,-5.5,7.5,conservative,True,-0.217601219325
35,-5.5,7.5,conservative,True,-0.218073523264
36,-5.5,7.5,conservative,True,-0.217968416978
37,-5.5,7.5,conservative,True,-0.218621014748
38,-5.5,7.5,conservative,True,-0.218622313657
39,-5.5,7.5,conservative,True,-0.216826080252
40,-5.5,7.5,conservative,True,-0.215366962299
41,-5.5,7.5,conservative,True,-0.213240998584
42,-5.5,7.5,conservative,True,-0.213313494433
43,-5.5,7.5,conservative,True,-0.207359777092
44,-5.5,7.5,conservative,True,-0.20262433546
45,-5.5,7.5,conservative,True,-0.199743019192
46,-5.5,7.5,conservative,True,-0.194382049498
47,-5.5,7.5,conservative,True,-0.186171396395
48,-5.5,7.5,conservative,True,-0.176772457144
49,-5.5,7.5,conservative,True,-0.167452592854
50,-5.5,7.5,conservative,True,-0.151564495266
51,-5.5,7.5,conservative,True,-0.139053436665
52,-5.5,7.5,conservative,True,-0.128686750209
-52,-4.5,7.5,conservative,True,-0.240111688347
-51,-4.5,7.5,conservative,True,-0.233587856752
-50,-4.5,7.5,conservative,True,-0.232018129048
-49,-4.5,7.5,conservative,True,-0.224440148829
-48,-4.5,7.5,conservative,True,-0.220445770503
-47,-4.5,7.5,conservative,True,-0.214615825416
-46,-4.5,7.5,conservative,True,-0.209220633943
-45,-4.5,7.5,conservative,True,-0.204278592158
-44,-4.5,7.5,conservative,True,-0.199318862479
-43,-4.5,7.5,conservative,True,-0.193928399677
-42,-4.5,7.5,conservative,True,-0.186847406726
-41,-4.5,7.5,conservative,True,-0.177615918859
-40,-4.5,7.5,conservative,True,-0.16968135012
-39,-4.5,7.5,conservative,True,-0.160965565242
-38,-4.5,7.5,conservative,True,-0.151073410832
-37,-4.5,7.5,conservative,True,-0.141385912544
-36,-4.5,7.5,conservative,True,-0.130763643961
-35,-4.5,7.5,conservative,True,-0.118996286715
-34,-4.5,7.5,conservative,True,-0.107239662314
-33,-4.5,7.5,conservative,True,-0.0923990493446
-32,-4.5,7.5,conservative,True,-0.0749814070865
-31,-4.5,7.5,conservative,True,-0.0592607789198
-30,-4.5,7.5,conservative,True,-0.043486526301
-29,-4.5,7.5,conservative,True,-0.0290926454222
-28,-4.5,7.5,conservative,True,-0.0137190912815
-27,-4.5,7.5,conservative,True,-0.000568020348032
-26,-4.5,7.5,conservative,True,0.0138766199309
-25,-4.5,7.5,conservative,True,0.0297767133064
-24,-4.5,7.5,conservative,True,0.0423704521101
-23,-4.5,7.5,conservative,True,0.0551276645325
-22,-4.5,7.5,conservative,True,0.0653413130702
-21,-4.5,7.5,conservative,True,0.0756638185412
-20,-4.5,7.5,conservative,True,0.0839281779011
-19,-4.5,7.5,conservative,True,0.0891265381376
-18,-4.5,7.5,conservative,True,0.0941043135075
-17,-4.5,7.5,conservative,True,0.0966656849154
-16,-4.5,7.5,conservative,True,0.0968655849616
-15,-4.5,7.5,conservative,True,0.0930750376485
-14,-4.5,7.5,conservative,True,0.0912907020304
-13,-4.5,7.5,conservative,True,0.0861014321391
-12,-4.5,7.5,conservative,True,0.0817149367126
-11,-4.5,7.5,conservative,True,0.077521284106
-10,-4.5,7.5,conservative,True,0.0730421534954
-9,-4.5,7.5,conservative,True,0.0659993125279
-8,-4.5,7.5,conservative,True,0.06019846389
-7,-4.5,7.5,conservative,True,0.0529242669208
-6,-4.5,7.5,conservative,True,0.0453953133977
-5,-4.5,7.5,conservative,True,0.0375686198428
-4,-4.5,7.5,conservative,True,0.0289304150855
-3,-4.5,7.5,conservative,True,0.0199977549669
-2,-4.5,7.5,conservative,True,0.0108385691639
-1,-4.5,7.5,conservative,True,0.00277455818951
0,-4.5,7.5,conservative,True,-0.00530742617139
1,-4.5,7.5,conservative,True,-0.0137929967413
2,-4.5,7.5,conservative,True,-0.0228071010054
3,-4.5,7.5,conservative,True,-0.0302023430204
4,-4.5,7.5,conservative,True,-0.0389578386948
5,-4.5,7.5,conservative,True,-0.0495978236443
6,-4.5,7.5,conservative,True,-0.0566004082428
7,-4.5,7.5,conservative,True,-0.065775287021
8,-4.5,7.5,conservative,True,-0.0752538760672
9,-4.5,7.5,conservative,True,-0.0838570191842
10,-4.5,7.5,conservative,True,-0.0912877563142
11,-4.5,7.5,conservative,True,-0.0990627235701
12,-4.5,7.5,conservative,True,-0.10577418055
13,-4.5,7.5,conservative,True,-0.112754476118
14,-4.5,7.5,conservative,True,-0.119767397806
15,-4.5,7.5,conservative,True,-0.127912605484
16,-4.5,7.5,conservative,True,-0.134653341836
17,-4.5,7.5,conservative,True,-0.141727627186
18,-4.5,7.5,conservative,True,-0.145893309239
19,-4.5,7.5,conservative,True,-0.151331063776
20,-4.5,7.5,conservative,True,-0.157902158733
21,-4.5,7.5,conservative,True,-0.163535105796
22,-4.5,7.5,conservative,True,-0.169011497383
23,-4.5,7.5,conservative,True,-0.174758481629
24,-4.5,7.5,conservative,True,-0.178770679837
25,-4.5,7.5,conservative,True,-0.184146964933
26,-4.5,7.5,conservative,True,-0.187801557037
27,-4.5,7.5,conservative,True,-0.195105003444
28,-4.5,7.5,conservative,True,-0.199630022885
29,-4.5,7.5,conservative,True,-0.205661779749
30,-4.5,7.5,conservative,True,-0.209807145784
31,-4.5,7.5,conservative,True,-0.215468577866
32,-4.5,7.5,conservative,True,-0.219325582037
33,-4.5,7.5,conservative,True,-0.222834592689
34,-4.5,7.5,conservative,True,-0.225543581805
35,-4.5,7.5,conservative,True,-0.226419089027
36,-4.5,7.5,conservative,True,-0.226855497073
37,-4.5,7.5,conservative,True,-0.227102136687
38,-4.5,7.5,conservative,True,-0.226705479071
39,-4.5,7.5,conservative,True,-0.227360308915
40,-4.5,7.5,conservative,True,-0.22629192756
41,-4.5,7.5,conservative,True,-0.224900648289
42,-4.5,7.5,conservative,True,-0.22303961313
43,-4.5,7.5,conservative,True,-0.219251652475
44,-4.5,7.5,conservative,True,-0.21543270267
45,-4.5,7.5,conservative,True,-0.212444439731
46,-4.5,7.5,conservative,True,-0.204507193653
47,-4.5,7.5,conservative,True,-0.197757715357
48,-4.5,7.5,conservative,True,-0.190073486185
49,-4.5,7.5,conservative,True,-0.17996454121
50,-4.5,7.5,conservative,True,-0.167675981385
51,-4.5,7.5,conservative,True,-0.158095407797
52,-4.5,7.5,conservative,True,-0.141414323839
-52,-3.5,7.5,conservative,True,-0.240034653267
-51,-3.5,7.5,conservative,True,-0.235587257039
-50,-3.5,7.5,conservative,True,-0.230772454529
-49,-3.5,7.5,conservative,True,-0.225983491479
-48,-3.5,7.5,conservative,True,-0.221118139531
-47,-3.5,7.5,conservative,True,-0.216074410002
-46,-3.5,7.5,conservative,True,-0.210981247926
-45,-3.5,7.5,conservative,True,-0.206616781161
-44,-3.5,7.5,conservative,True,-0.203694631271
-43,-3.5,7.5,conservative,True,-0.197156846934
-42,-3.5,7.5,conservative,True,-0.188546011841
-41,-3.5,7.5,conservative,True,-0.18240686066
-40,-3.5,7.5,conservative,True,-0.174450896975
-39,-3.5,7.5,conservative,True,-0.166576923958
-38,-3.5,7.5,conservative,True,-0.156490328238
-37,-3.5,7.5,conservative,True,-0.147646853461
-36,-3.5,7.5,conservative,True,-0.138177397563
-35,-3.5,7.5,conservative,True,-0.124701949011
-34,-3.5,7.5,conservative,True,-0.1125000996
-33,-3.5,7.5,conservative,True,-0.0978354814216
-32,-3.5,7.5,conservative,True,-0.0838140441232
-31,-3.5,7.5,conservative,True,-0.0680780143415
-30,-3.5,7.5,conservative,True,-0.051756592282
-29,-3.5,7.5,conservative,True,-0.0366538701389
-28,-3.5,7.5,conservative,True,-0.0214692590788
-27,-3.5,7.5,conservative,True,-0.00669915209979
-26,-3.5,7.5,conservative,True,0.008850453831
-25,-3.5,7.5,conservative,True,0.0245277014425
-24,-3.5,7.5,conservative,True,0.0357669883375
-23,-3.5,7.5,conservative,True,0.0501752862441
-22,-3.5,7.5,conservative,True,0.061435518086
-21,-3.5,7.5,conservative,True,0.0729758800856
-20,-3.5,7.5,conservative,True,0.0792378209353
-19,-3.5,7.5,conservative,True,0.0871714844997
-18,-3.5,7.5,conservative,True,0.092380131293
-17,-3.5,7.5,conservative,True,0.0947805560681
-16,-3.5,7.5,conservative,True,0.0931510599641
-15,-3.5,7.5,conservative,True,0.0922316191318
-14,-3.5,7.5,conservative,True,0.0903119499824
-13,-3.5,7.5,conservative,True,0.0864803854228
-12,-3.5,7.5,conservative,True,0.0827504380035
-11,-3.5,7.5,conservative,True,0.0782788999491
-10,-3.5,7.5,conservative,True,0.0728676725459
-9,-3.5,7.5,conservative,True,0.0670376692057
-8,-3.5,7.5,conservative,True,0.0594067898092
-7,-3.5,7.5,conservative,True,0.0525986421198
-6,-3.5,7.5,conservative,True,0.0448651897189
-5,-3.5,7.5,conservative,True,0.0368454714131
-4,-3.5,7.5,conservative,True,0.0274499801667
-3,-3.5,7.5,conservative,True,0.0185679339313
-2,-3.5,7.5,conservative,True,0.00904552290798
-1,-3.5,7.5,conservative,True,0.000350353452361
0,-3.5,7.5,conservative,True,-0.00804519847873
1,-3.5,7.5,conservative,True,-0.0167097774473
2,-3.5,7.5,conservative,True,-0.0249839496313
3,-3.5,7.5,conservative,True,-0.0340557953056
4,-3.5,7.5,conservative,True,-0.0428339404165
5,-3.5,7.5,conservative,True,-0.0534065089058
6,-3.5,7.5,conservative,True,-0.0618634795974
7,-3.5,7.5,conservative,True,-0.0708839346099
8,-3.5,7.5,conservative,True,-0.080715191098
9,-3.5,7.5,conservative,True,-0.08950074044
10,-3.5,7.5,conservative,True,-0.0974814360628
11,-3.5,7.5,conservative,True,-0.105477890543
12,-3.5,7.5,conservative,True,-0.11377071611
13,-3.5,7.5,conservative,True,-0.119235466775
14,-3.5,7.5,conservative,True,-0.128529862318
15,-3.5,7.5,conservative,True,-0.134663887403
16,-3.5,7.5,conservative,True,-0.14331669072
17,-3.5,7.5,conservative,True,-0.150567845857
18,-3.5,7.5,conservative,True,-0.155003582396
19,-3.5,7.5,conservative,True,-0.160195410501
20,-3.5,7.5,conservative,True,-0.166581777291
21,-3.5,7.5,conservative,True,-0.170690400265
22,-3.5,7.5,conservative,True,-0.176983400859
23,-3.5,7.5,conservative,True,-0.181411620863
24,-3.5,7.5,conservative,True,-0.185321736924
25,-3.5,7.5,conservative,True,-0.190067801553
26,-3.5,7.5,conservative,True,-0.195813930139
27,-3.5,7.5,conservative,True,-0.202893130352
28,-3.5,7.5,conservative,True,-0.208010417143
29,-3.5,7.5,conservative,True,-0.213995357581
30,-3.5,7.5,conservative,True,-0.218683870959
31,-3.5,7.5,conservative,True,-0.223862644043
32,-3.5,7.5,conservative,True,-0.22693731194
33,-3.5,7.5,conservative,True,-0.229643689127
34,-3.5,7.5,conservative,True,-0.231465488634
35,-3.5,7.5,conservative,True,-0.232104908539
36,-3.5,7.5,conservative,True,-0.233172534311
37,-3.5,7.5,conservative,True,-0.234863898738
38,-3.5,7.5,conservative,True,-0.234487596214
39,-3.5,7.5,conservative,True,-0.235616838741
40,-3.5,7.5,conservative,True,-0.235868625132
41,-3.5,7.5,conservative,True,-0.234090449711
42,-3.5,7.5,conservative,True,-0.23150108906
43,-3.5,7.5,conservative,True,-0.229240471902
44,-3.5,7.5,conservative,True,-0.225534375758
45,-3.5,7.5,conservative,True,-0.220152951512
46,-3.5,7.5,conservative,True,-0.21130052206
47,-3.5,7.5,conservative,True,-0.207128361009
48,-3.5,7.5,conservative,True,-0.199423464892
49,-3.5,7.5,conservative,True,-0.191265533442
50,-3.5,7.5,conservative,True,-0.180368040227
51,-3.5,7.5,conservative,True,-0.16849282107
52,-3.5,7.5,conservative,True,-0.158719651013
-52,-2.5,7.5,conservative,True,-0.237151224514
-51,-2.5,7.5,conservative,True,-0.237421822985
-50,-2.5,7.5,conservative,True,-0.228122620816
-49,-2.5,7.5,conservative,True,-0.224959829904
-48,-2.5,7.5,conservative,True,-0.220159437397
-47,-2.5,7.5,conservative,True,-0.215845628174
-46,-2.5,7.5,conservative,True,-0.212421673595
-45,-2.5,7.5,conservative,True,-0.208044189808
-44,-2.5,7.5,conservative,True,-0.205007119239
-43,-2.5,7.5,conservative,True,-0.199357561444
-42,-2.5,7.5,conservative,True,-0.192191478656
-41,-2.5,7.5,conservative,True,-0.185310661341
-40,-2.5,7.5,conservative,True,-0.178876473188
-39,-2.5,7.5,conservative,True,-0.170614390469
-38,-2.5,7.5,conservative,True,-0.160278763642
-37,-2.5,7.5,conservative,True,-0.150471197436
-36,-2.5,7.5,conservative,True,-0.14079029831
-35,-2.5,7.5,conservative,True,-0.129851744422
-34,-2.5,7.5,conservative,True,-0.116703427437
-33,-2.5,7.5,conservative,True,-0.104164011619
-32,-2.5,7.5,conservative,True,-0.0893561719624
-31,-2.5,7.5,conservative,True,-0.0735243902283
-30,-2.5,7.5,conservative,True,-0.0569508543612
-29,-2.5,7.5,conservative,True,-0.0423280859148
-28,-2.5,7.5,conservative,True,-0.0257659687943
-27,-2.5,7.5,conservative,True,-0.0096363433881
-26,-2.5,7.5,conservative,True,0.00544913003502
-25,-2.5,7.5,conservative,True,0.0204314368484
-24,-2.5,7.5,conservative,True,0.033641094136
-23,-2.5,7.5,conservative,True,0.0465547868055
-22,-2.5,7.5,conservative,True,0.0581625940844
-21,-2.5,7.5,conservative,True,0.067694912428
-20,-2.5,7.5,conservative,True,0.076810969235
-19,-2.5,7.5,conservative,True,0.0855241945525
-18,-2.5,7.5,conservative,True,0.090787109
-17,-2.5,7.5,conservative,True,0.0933203998669
-16,-2.5,7.5,conservative,True,0.093609056679
-15,-2.5,7.5,conservative,True,0.0925690143202
-14,-2.5,7.5,conservative,True,0.0917294434898
-13,-2.5,7.5,conservative,True,0.0884778367964
-12,-2.5,7.5,conservative,True,0.084022620412
-11,-2.5,7.5,conservative,True,0.0787274800167
-10,-2.5,7.5,conservative,True,0.0739824966725
-9,-2.5,7.5,conservative,True,0.0670919310127
-8,-2.5,7.5,conservative,True,0.060872593921
-7,-2.5,7.5,conservative,True,0.053829245885
-6,-2.5,7.5,conservative,True,0.0466761533788
-5,-2.5,7.5,conservative,True,0.0363894698766
-4,-2.5,7.5,conservative,True,0.0271318315097
-3,-2.5,7.5,conservative,True,0.0168156246663
-2,-2.5,7.5,conservative,True,0.00790623027974
-1,-2.5,7.5,conservative,True,0.00112656171596
0,-2.5,7.5,conservative,True,-0.00885205059919
1,-2.5,7.5,conservative,True,-0.0170692761095
2,-2.5,7.5,conservative,True,-0.0264442803322
3,-2.5,7.5,conservative,True,-0.0365234722775
4,-2.5,7.5,conservative,True,-0.0463258952278
5,-2.5,7.5,conservative,True,-0.0558541691397
6,-2.5,7.5,conservative,True,-0.0655760861463
7,-2.5,7.5,conservative,True,-0.074769460649
8,-2.5,7.5,conservative,True,-0.0852333397932
9,-2.5,7.5,conservative,True,-0.0942191743818
10,-2.5,7.5,conservative,True,-0.103245929488
11,-2.5,7.5,conservative,True,-0.111155349983
12,-2.5,7.5,conservative,True,-0.117230977535
13,-2.5,7.5,conservative,True,-0.124707170382
14,-2.5,7.5,conservative,True,-0.132401042713
15,-2.5,7.5,conservative,True,-0.141122254611
16,-2.5,7.5,conservative,True,-0.149211491353
17,-2.5,7.5,conservative,True,-0.155564340284
18,-2.5,7.5,conservative,True,-0.161394844431
19,-2.5,7.5,conservative,True,-0.166284845757
20,-2.5,7.5,conservative,True,-0.172009106173
21,-2.5,7.5,conservative,True,-0.176353502691
22,-2.5,7.5,conservative,True,-0.1820490079
23,-2.5,7.5,conservative,True,-0.187017266856
24,-2.5,7.5,conservative,True,-0.192724748256
25,-2.5,7.5,conservative,True,-0.196330490777
26,-2.5,7.5,conservative,True,-0.202048492492
27,-2.5,7.5,conservative,True,-0.206720251228
28,-2.5,7.5,conservative,True,-0.213502656157
29,-2.5,7.5,conservative,True,-0.218822701405
30,-2.5,7.5,conservative,True,-0.22348128912
31,-2.5,7.5,conservative,True,-0.229011132657
32,-2.5,7.5,conservative,True,-0.232359121317
33,-2.5,7.5,conservative,True,-0.233931126588
34,-2.5,7.5,conservative,True,-0.235232489414
35,-2.5,7.5,conservative,True,-0.236526585184
36,-2.5,7.5,conservative,True,-0.238494120099
37,-2.5,7.5,conservative,True,-0.239198382112
38,-2.5,7.5,conservative,True,-0.240265788844
39,-2.5,7.5,conservative,True,-0.241771371663
40,-2.5,7.5,conservative,True,-0.244280395191
41,-2.5,7.5,conservative,True,-0.24308089147
42,-2.5,7.5,conservative,True,-0.23921992735
43,-2.5,7.5,conservative,True,-0.237188281872
44,-2.5,7.5,conservative,True,-0.228690893473
45,-2.5,7.5,conservative,True,-0.226648764691
46,-2.5,7.5,conservative,True,-0.219386639018
47,-2.5,7.5,conservative,True,-0.216062074006
48,-2.5,7.5,conservative,True,-0.209237848838
49,-2.5,7.5,conservative,True,-0.199316053833
50,-2.5,7.5,conservative,True,-0.188662051929
51,-2.5,7.5,conservative,True,-0.178414098991
52,-2.5,7.5,conservative,True,-0.170208345894
-52,-1.5,7.5,conservative,True,-0.231942968968
-51,-1.5,7.5,conservative,True,-0.230791874995
-50,-1.5,7.5,conservative,True,-0.22298559676
-49,-1.5,7.5,conservative,True,-0.222030473581
-48,-1.5,7.5,conservative,True,-0.217114865758
-47,-1.5,7.5,conservative,True,-0.214347001662
-46,-1.5,7.5,conservative,True,-0.212397803417
-45,-1.5,7.5,conservative,True,-0.208284205471
-44,-1.5,7.5,conservative,True,-0.204497821837
-43,-1.5,7.5,conservative,True,-0.199291386907
-42,-1.5,7.5,conservative,True,-0.19285311893
-41,-1.5,7.5,conservative,True,-0.18578689932
-40,-1.5,7.5,conservative,True,-0.179706154346
-39,-1.5,7.5,conservative,True,-0.171697411139
-38,-1.5,7.5,conservative,True,-0.161840725294
-37,-1.5,7.5,conservative,True,-0.152814389365
-36,-1.5,7.5,conservative,True,-0.141667296341
-35,-1.5,7.5,conservative,True,-0.13100705959
-34,-1.5,7.5,conservative,True,-0.119174221384
-33,-1.5,7.5,conservative,True,-0.106770700939
-32,-1.5,7.5,conservative,True,-0.0918277839868
-31,-1.5,7.5,conservative,True,-0.0761847568742
-30,-1.5,7.5,conservative,True,-0.0606298999485
-29,-1.5,7.5,conservative,True,-0.0453749266317
-28,-1.5,7.5,conservative,True,-0.0291606308785
-27,-1.5,7.5,conservative,True,-0.0129328485305
-26,-1.5,7.5,conservative,True,0.00292524460036
-25,-1.5,7.5,conservative,True,0.0184883317533
-24,-1.5,7.5,conservative,True,0.0325737577701
-23,-1.5,7.5,conservative,True,0.0452487248571
-22,-1.5,7.5,conservative,True,0.0577617729931
-21,-1.5,7.5,conservative,True,0.0671136163532
-20,-1.5,7.5,conservative,True,0.076213968266
-19,-1.5,7.5,conservative,True,0.0843868367549
-18,-1.5,7.5,conservative,True,0.0902259032654
-17,-1.5,7.5,conservative,True,0.0931796674001
-16,-1.5,7.5,conservative,True,0.0931052464899
-15,-1.5,7.5,conservative,True,0.0926601870434
-14,-1.5,7.5,conservative,True,0.0922154776283
-13,-1.5,7.5,conservative,True,0.0902294193529
-12,-1.5,7.5,conservative,True,0.0859196480076
-11,-1.5,7.5,conservative,True,0.0822373902951
-10,-1.5,7.5,conservative,True,0.0762328655658
-9,-1.5,7.5,conservative,True,0.069532736129
-8,-1.5,7.5,conservative,True,0.0621238095161
-7,-1.5,7.5,conservative,True,0.0544664929582
-6,-1.5,7.5,conservative,True,0.0462349681087
-5,-1.5,7.5,conservative,True,0.0367445443064
-4,-1.5,7.5,conservative,True,0.0272452811921
-3,-1.5,7.5,conservative,True,0.0184469003159
-2,-1.5,7.5,conservative,True,0.00920414813397
-1,-1.5,7.5,conservative,True,0.000987959949831
0,-1.5,7.5,conservative,True,-0.00852099590878
1,-1.5,7.5,conservative,True,-0.0181039698616
2,-1.5,7.5,conservative,True,-0.0283448464184
3,-1.5,7.5,conservative,True,-0.0384048406957
4,-1.5,7.5,conservative,True,-0.0473745959935
5,-1.5,7.5,conservative,True,-0.0562442180124
6,-1.5,7.5,conservative,True,-0.0663307205677
7,-1.5,7.5,conservative,True,-0.0765476647425
8,-1.5,7.5,conservative,True,-0.0869494620333
9,-1.5,7.5,conservative,True,-0.0961914845077
10,-1.5,7.5,conservative,True,-0.105791858014
11,-1.5,7.5,conservative,True,-0.114392282811
12,-1.5,7.5,conservative,True,-0.121460161023
13,-1.5,7.5,conservative,True,-0.129765608603
14,-1.5,7.5,conservative,True,-0.137261286195
15,-1.5,7.5,conservative,True,-0.144929907464
16,-1.5,7.5,conservative,True,-0.152345458132
17,-1.5,7.5,conservative,True,-0.159894558584
18,-1.5,7.5,conservative,True,-0.166547526714
19,-1.5,7.5,conservative,True,-0.17110042599
20,-1.5,7.5,conservative,True,-0.175519560133
21,-1.5,7.5,conservative,True,-0.179765149094
22,-1.5,7.5,conservative,True,-0.186601984853
23,-1.5,7.5,conservative,True,-0.191577914679
24,-1.5,7.5,conservative,True,-0.196013456771
25,-1.5,7.5,conservative,True,-0.201539349285
26,-1.5,7.5,conservative,True,-0.206216764109
27,-1.5,7.5,conservative,True,-0.211006024859
28,-1.5,7.5,conservative,True,-0.216452728049
29,-1.5,7.5,conservative,True,-0.222043701746
30,-1.5,7.5,conservative,True,-0.227889673224
31,-1.5,7.5,conservative,True,-0.231917462369
32,-1.5,7.5,conservative,True,-0.23437826182
33,-1.5,7.5,conservative,True,-0.236785090427
34,-1.5,7.5,conservative,True,-0.238794371586
35,-1.5,7.5,conservative,True,-0.239060160667
36,-1.5,7.5,conservative,True,-0.243264274433
37,-1.5,7.5,conservative,True,-0.244626067144
38,-1.5,7.5,conservative,True,-0.244768711703
39,-1.5,7.5,conservative,True,-0.246130071637
40,-1.5,7.5,conservative,True,-0.247518608613
41,-1.5,7.5,conservative,True,-0.24730523391
42,-1.5,7.5,conservative,True,-0.244162294355
43,-1.5,7.5,conservative,True,-0.24138625522
44,-1.5,7.5,conservative,True,-0.235178131542
45,-1.5,7.5,conservative,True,-0.230317607962
46,-1.5,7.5,conservative,True,-0.225966215539
47,-1.5,7.5,conservative,True,-0.22182049556
48,-1.5,7.5,conservative,True,-0.212853885811
49,-1.5,7.5,conservative,True,-0.20403722454
50,-1.5,7.5,conservative,True,-0.196735197483
51,-1.5,7.5,conservative,True,-0.18286554815
52,-1.5,7.5,conservative,True,-0.175653439057
-52,-0.5,7.5,conservative,True,-0.223578829264
-51,-0.5,7.5,conservative,True,-0.221061904773
-50,-0.5,7.5,conservative,True,-0.21885668282
-49,-0.5,7.5,conservative,True,-0.217175823384
-48,-0.5,7.5,conservative,True,-0.21612360629
-47,-0.5,7.5,conservative,True,-0.212398624768
-46,-0.5,7.5,conservative,True,-0.210376690006
-45,-0.5,7.5,conservative,True,-0.208099297137
-44,-0.5,7.5,conservative,True,-0.204021482461
-43,-0.5,7.5,conservative,True,-0.197921301657
-42,-0.5,7.5,conservative,True,-0.192728996707
-41,-0.5,7.5,conservative,True,-0.185450205937
-40,-0.5,7.5,conservative,True,-0.178523740345
-39,-0.5,7.5,conservative,True,-0.170384043659
-38,-0.5,7.5,conservative,True,-0.161789279345
-37,-0.5,7.5,conservative,True,-0.152006270438
-36,-0.5,7.5,conservative,True,-0.142637839205
-35,-0.5,7.5,conservative,True,-0.131466948129
-34,-0.5,7.5,conservative,True,-0.119569672991
-33,-0.5,7.5,conservative,True,-0.107108003962
-32,-0.5,7.5,conservative,True,-0.09369096622
-31,-0.5,7.5,conservative,True,-0.0784525682294
-30,-0.5,7.5,conservative,True,-0.0616794209684
-29,-0.5,7.5,conservative,True,-0.0471468395414
-28,-0.5,7.5,conservative,True,-0.0300039605732
-27,-0.5,7.5,conservative,True,-0.0142955344318
-26,-0.5,7.5,conservative,True,0.00116893384608
-25,-0.5,7.5,conservative,True,0.0164554740122
-24,-0.5,7.5,conservative,True,0.0308897269459
-23,-0.5,7.5,conservative,True,0.0444241237891
-22,-0.5,7.5,conservative,True,0.0567844943596
-21,-0.5,7.5,conservative,True,0.0672303008497
-20,-0.5,7.5,conservative,True,0.0768465482237
-19,-0.5,7.5,conservative,True,0.0846308214415
-18,-0.5,7.5,conservative,True,0.0912192008567
-17,-0.5,7.5,conservative,True,0.0954595872816
-16,-0.5,7.5,conservative,True,0.0944423627368
-15,-0.5,7.5,conservative,True,0.0940378095403
-14,-0.5,7.5,conservative,True,0.0932085225079
-13,-0.5,7.5,conservative,True,0.091735700819
-12,-0.5,7.5,conservative,True,0.0883781086589
-11,-0.5,7.5,conservative,True,0.0836660312996
-10,-0.5,7.5,conservative,True,0.0778821672752
-9,-0.5,7.5,conservative,True,0.0722259274193
-8,-0.5,7.5,conservative,True,0.0632243960363
-7,-0.5,7.5,conservative,True,0.0549693737672
-6,-0.5,7.5,conservative,True,0.0462432262425
-5,-0.5,7.5,conservative,True,0.0378696217752
-4,-0.5,7.5,conservative,True,0.0297360950056
-3,-0.5,7.5,conservative,True,0.020410811478
-2,-0.5,7.5,conservative,True,0.01105792093
-1,-0.5,7.5,conservative,True,0.00127053781358
0,-0.5,7.5,conservative,True,-0.00719634222822
1,-0.5,7.5,conservative,True,-0.0174398851482
2,-0.5,7.5,conservative,True,-0.0278394671237
3,-0.5,7.5,conservative,True,-0.0376804979051
4,-0.5,7.5,conservative,True,-0.0487867524919
5,-0.5,7.5,conservative,True,-0.0563468569355
6,-0.5,7.5,conservative,True,-0.0665766584732
7,-0.5,7.5,conservative,True,-0.0772359958604
8,-0.5,7.5,conservative,True,-0.0878652427476
9,-0.5,7.5,conservative,True,-0.0983546173388
10,-0.5,7.5,conservative,True,-0.107403528877
11,-0.5,7.5,conservative,True,-0.117309006291
12,-0.5,7.5,conservative,True,-0.125930391667
13,-0.5,7.5,conservative,True,-0.133774596776
14,-0.5,7.5,conservative,True,-0.140158574491
15,-0.5,7.5,conservative,True,-0.147782790102
16,-0.5,7.5,conservative,True,-0.155475815672
17,-0.5,7.5,conservative,True,-0.161758669279
18,-0.5,7.5,conservative,True,-0.167268329782
19,-0.5,7.5,conservative,True,-0.173136429643
20,-0.5,7.5,conservative,True,-0.176572398942
21,-0.5,7.5,conservative,True,-0.181750204161
22,-0.5,7.5,conservative,True,-0.188253508555
23,-0.5,7.5,conservative,True,-0.194639878467
24,-0.5,7.5,conservative,True,-0.198766323987
25,-0.5,7.5,conservative,True,-0.204807127752
26,-0.5,7.5,conservative,True,-0.209134594532
27,-0.5,7.5,conservative,True,-0.214308108228
28,-0.5,7.5,conservative,True,-0.217959472581
29,-0.5,7.5,conservative,True,-0.224428178429
30,-0.5,7.5,conservative,True,-0.229017414637
31,-0.5,7.5,conservative,True,-0.232729125688
32,-0.5,7.5,conservative,True,-0.236331457875
33,-0.5,7.5,conservative,True,-0.238316748074
34,-0.5,7.5,conservative,True,-0.240512267604
35,-0.5,7.5,conservative,True,-0.24205583391
36,-0.5,7.5,conservative,True,-0.245263449173
37,-0.5,7.5,conservative,True,-0.247339025656
38,-0.5,7.5,conservative,True,-0.246869236759
39,-0.5,7.5,conservative,True,-0.24872171171
40,-0.5,7.5,conservative,True,-0.249539751093
41,-0.5,7.5,conservative,True,-0.249285635187
42,-0.5,7.5,conservative,True,-0.248597969236
43,-0.5,7.5,conservative,True,-0.245947323184
44,-0.5,7.5,conservative,True,-0.240668181008
45,-0.5,7.5,conservative,True,-0.23552740282
46,-0.5,7.5,conservative,True,-0.23082755881
47,-0.5,7.5,conservative,True,-0.224084469918
48,-0.5,7.5,conservative,True,-0.21958213782
49,-0.5,7.5,conservative,True,-0.213351951412
50,-0.5,7.5,conservative,True,-0.201189479657
51,-0.5,7.5,conservative,True,-0.18873935156
52,-0.5,7.5,conservative,True,-0.184174452886
-52,0.5,7.5,conservative,True,-0.216611113864
-51,0.5,7.5,conservative,True,-0.21327076767
-50,0.5,7.5,conservative,True,-0.210686332769
-49,0.5,7.5,conservative,True,-0.208619514743
-48,0.5,7.5,conservative,True,-0.211516544168
-47,0.5,7.5,conservative,True,-0.210407951013
-46,0.5,7.5,conservative,True,-0.208502144643
-45,0.5,7.5,conservative,True,-0.204194357964
-44,0.5,7.5,conservative,True,-0.200328240977
-43,0.5,7.5,conservative,True,-0.195106564091
-42,0.5,7.5,conservative,True,-0.188812483372
-41,0.5,7.5,conservative,True,-0.183367937929
-40,0.5,7.5,conservative,True,-0.175572136872
-39,0.5,7.5,conservative,True,-0.166927152681
-38,0.5,7.5,conservative,True,-0.158673372526
-37,0.5,7.5,conservative,True,-0.149888379621
-36,0.5,7.5,conservative,True,-0.140591027235
-35,0.5,7.5,conservative,True,-0.130357984779
-34,0.5,7.5,conservative,True,-0.118931125643
-33,0.5,7.5,conservative,True,-0.105754886321
-32,0.5,7.5,conservative,True,-0.0928173241485
-31,0.5,7.5,conservative,True,-0.0786316858864
-30,0.5,7.5,conservative,True,-0.0624114668481
-29,0.5,7.5,conservative,True,-0.0459122934488
-28,0.5,7.5,conservative,True,-0.0296029071308
-27,0.5,7.5,conservative,True,-0.0141896949002
-26,0.5,7.5,conservative,True,0.00203371973933
-25,0.5,7.5,conservative,True,0.0169665495025
-24,0.5,7.5,conservative,True,0.031917733965
-23,0.5,7.5,conservative,True,0.0462290966797
-22,0.5,7.5,conservative,True,0.0583012198101
-21,0.5,7.5,conservative,True,0.0690386147061
-20,0.5,7.5,conservative,True,0.078253663627
-19,0.5,7.5,conservative,True,0.0871404015315
-18,0.5,7.5,conservative,True,0.0934474291432
-17,0.5,7.5,conservative,True,0.0966135220169
-16,0.5,7.5,conservative,True,0.0971812461574
-15,0.5,7.5,conservative,True,0.0965296715477
-14,0.5,7.5,conservative,True,0.0955234743314
-13,0.5,7.5,conservative,True,0.0940703327739
-12,0.5,7.5,conservative,True,0.089939136818
-11,0.5,7.5,conservative,True,0.0855660549077
-10,0.5,7.5,conservative,True,0.08044701039
-9,0.5,7.5,conservative,True,0.0740905341842
-8,0.5,7.5,conservative,True,0.0669271711358
-7,0.5,7.5,conservative,True,0.0575927888977
-6,0.5,7.5,conservative,True,0.0495344816548
-5,0.5,7.5,conservative,True,0.040817498668
-4,0.5,7.5,conservative,True,0.0326232569462
-3,0.5,7.5,conservative,True,0.0241207633572
-2,0.5,7.5,conservative,True,0.0151657474578
-1,0.5,7.5,conservative,True,0.00438985338765
0,0.5,7.5,conservative,True,-0.00525830920596
1,0.5,7.5,conservative,True,-0.0159517036676
2,0.5,7.5,conservative,True,-0.0268200323989
3,0.5,7.5,conservative,True,-0.0366610269128
4,0.5,7.5,conservative,True,-0.047328346645
5,0.5,7.5,conservative,True,-0.0585573545641
6,0.5,7.5,conservative,True,-0.0676339343595
7,0.5,7.5,conservative,True,-0.0773695106786
8,0.5,7.5,conservative,True,-0.0881398045645
9,0.5,7.5,conservative,True,-0.097595315892
10,0.5,7.5,conservative,True,-0.107430519998
11,0.5,7.5,conservative,True,-0.117535301583
12,0.5,7.5,conservative,True,-0.125598650998
13,0.5,7.5,conservative,True,-0.133447419486
14,0.5,7.5,conservative,True,-0.140892213332
15,0.5,7.5,conservative,True,-0.148392223129
16,0.5,7.5,conservative,True,-0.154504695691
17,0.5,7.5,conservative,True,-0.162304503548
18,0.5,7.5,conservative,True,-0.168034446137
19,0.5,7.5,conservative,True,-0.172171254205
20,0.5,7.5,conservative,True,-0.17706381376
21,0.5,7.5,conservative,True,-0.182666881414
22,0.5,7.5,conservative,True,-0.189928302692
23,0.5,7.5,conservative,True,-0.194742849812
24,0.5,7.5,conservative,True,-0.201817001608
25,0.5,7.5,conservative,True,-0.20600357673
26,0.5,7.5,conservative,True,-0.210176342927
27,0.5,7.5,conservative,True,-0.214871839283
28,0.5,7.5,conservative,True,-0.218366351055
29,0.5,7.5,conservative,True,-0.222835960228
30,0.5,7.5,conservative,True,-0.228657130562
31,0.5,7.5,conservative,True,-0.230519709744
32,0.5,7.5,conservative,True,-0.235412850798
33,0.5,7.5,conservative,True,-0.237933275628
34,0.5,7.5,conservative,True,-0.239668275549
35,0.5,7.5,conservative,True,-0.243690262594
36,0.5,7.5,conservative,True,-0.246248899272
37,0.5,7.5,conservative,True,-0.248625157804
38,0.5,7.5,conservative,True,-0.248519922381
39,0.5,7.5,conservative,True,-0.249861235069
40,0.5,7.5,conservative,True,-0.251505731586
41,0.5,7.5,conservative,True,-0.249916441526
42,0.5,7.5,conservative,True,-0.246716868106
43,0.5,7.5,conservative,True,-0.24463733238
44,0.5,7.5,conservative,True,-0.242343207605
45,0.5,7.5,conservative,True,-0.238080288801
46,0.5,7.5,conservative,True,-0.232055854585
47,0.5,7.5,conservative,True,-0.230541587571
48,0.5,7.5,conservative,True,-0.222190468481
49,0.5,7.5,conservative,True,-0.214647078461
50,0.5,7.5,conservative,True,-0.20407327652
51,0.5,7.5,conservative,True,-0.194295386509
52,0.5,7.5,conservative,True,-0.186124825153
-52,1.5,7.5,conservative,True,-0.209123329452
-51,1.5,7.5,conservative,True,-0.206538510231
-50,1.5,7.5,conservative,True,-0.20298462436
-49,1.5,7.5,conservative,True,-0.203121329662
-48,1.5,7.5,conservative,True,-0.20563358228
-47,1.5,7.5,conservative,True,-0.204841439501
-46,1.5,7.5,conservative,True,-0.203051092243
-45,1.5,7.5,conservative,True,-0.19979264892
-44,1.5,7.5,conservative,True,-0.196342643064
-43,1.5,7.5,conservative,True,-0.192314119602
-42,1.5,7.5,conservative,True,-0.185971678217
-41,1.5,7.5,conservative,True,-0.17925170033
-40,1.5,7.5,conservative,True,-0.171012490282
-39,1.5,7.5,conservative,True,-0.16502850245
-38,1.5,7.5,conservative,True,-0.156138288198
-37,1.5,7.5,conservative,True,-0.146424017984
-36,1.5,7.5,conservative,True,-0.136693911897
-35,1.5,7.5,conservative,True,-0.126820077429
-34,1.5,7.5,conservative,True,-0.115374232134
-33,1.5,7.5,conservative,True,-0.102944383927
-32,1.5,7.5,conservative,True,-0.089446476354
-31,1.5,7.5,conservative,True,-0.0756681386427
-30,1.5,7.5,conservative,True,-0.0606309601725
-29,1.5,7.5,conservative,True,-0.0443420214807
-28,1.5,7.5,conservative,True,-0.0281240211557
-27,1.5,7.5,conservative,True,-0.0114629491066
-26,1.5,7.5,conservative,True,0.00329477208614
-25,1.5,7.5,conservative,True,0.0191757474518
-24,1.5,7.5,conservative,True,0.0354287188654
-23,1.5,7.5,conservative,True,0.048457189763
-22,1.5,7.5,conservative,True,0.061091884277
-21,1.5,7.5,conservative,True,0.0738113030057
-20,1.5,7.5,conservative,True,0.0831669855521
-19,1.5,7.5,conservative,True,0.0912353615777
-18,1.5,7.5,conservative,True,0.0956014685932
-17,1.5,7.5,conservative,True,0.0995445698422
-16,1.5,7.5,conservative,True,0.100764876293
-15,1.5,7.5,conservative,True,0.0999401124727
-14,1.5,7.5,conservative,True,0.0993622041821
-13,1.5,7.5,conservative,True,0.0966834771832
-12,1.5,7.5,conservative,True,0.0919667261242
-11,1.5,7.5,conservative,True,0.088614167082
-10,1.5,7.5,conservative,True,0.0826818090865
-9,1.5,7.5,conservative,True,0.0757353931292
-8,1.5,7.5,conservative,True,0.0690611664766
-7,1.5,7.5,conservative,True,0.0620464812409
-6,1.5,7.5,conservative,True,0.0537868081968
-5,1.5,7.5,conservative,True,0.0449498297073
-4,1.5,7.5,conservative,True,0.0362093356499
-3,1.5,7.5,conservative,True,0.0268220372628
-2,1.5,7.5,conservative,True,0.0180279709865
-1,1.5,7.5,conservative,True,0.00676612710762
0,1.5,7.5,conservative,True,-0.00238671353896
1,1.5,7.5,conservative,True,-0.0127923443017
2,1.5,7.5,conservative,True,-0.0251523304739
3,1.5,7.5,conservative,True,-0.0361757272139
4,1.5,7.5,conservative,True,-0.0464694852137
5,1.5,7.5,conservative,True,-0.0573025718264
6,1.5,7.5,conservative,True,-0.067643217521
7,1.5,7.5,conservative,True,-0.0769188275821
8,1.5,7.5,conservative,True,-0.0862873524388
9,1.5,7.5,conservative,True,-0.0965614567146
10,1.5,7.5,conservative,True,-0.106263274229
11,1.5,7.5,conservative,True,-0.114490456765
12,1.5,7.5,conservative,True,-0.1247475173
13,1.5,7.5,conservative,True,-0.131303438285
14,1.5,7.5,conservative,True,-0.13931418322
15,1.5,7.5,conservative,True,-0.14653557158
16,1.5,7.5,conservative,True,-0.15428191407
17,1.5,7.5,conservative,True,-0.159734555129
18,1.5,7.5,conservative,True,-0.166343375411
19,1.5,7.5,conservative,True,-0.171778712784
20,1.5,7.5,conservative,True,-0.175111778594
21,1.5,7.5,conservative,True,-0.18137683149
22,1.5,7.5,conservative,True,-0.187710192186
23,1.5,7.5,conservative,True,-0.192137037141
24,1.5,7.5,conservative,True,-0.200074935865
25,1.5,7.5,conservative,True,-0.203576990184
26,1.5,7.5,conservative,True,-0.209422196639
27,1.5,7.5,conservative,True,-0.213235361895
28,1.5,7.5,conservative,True,-0.217712059578
29,1.5,7.5,conservative,True,-0.220767819926
30,1.5,7.5,conservative,True,-0.225907632006
31,1.5,7.5,conservative,True,-0.22929425044
32,1.5,7.5,conservative,True,-0.232339598819
33,1.5,7.5,conservative,True,-0.235868118068
34,1.5,7.5,conservative,True,-0.237614737001
35,1.5,7.5,conservative,True,-0.240186569088
36,1.5,7.5,conservative,True,-0.244446380787
37,1.5,7.5,conservative,True,-0.248181541104
38,1.5,7.5,conservative,True,-0.24854311219
39,1.5,7.5,conservative,True,-0.249978924818
40,1.5,7.5,conservative,True,-0.248639909811
41,1.5,7.5,conservative,True,-0.246995321947
42,1.5,7.5,conservative,True,-0.246145198623
43,1.5,7.5,conservative,True,-0.244275834584
44,1.5,7.5,conservative,True,-0.238908238817
45,1.5,7.5,conservative,True,-0.237971042338
46,1.5,7.5,conservative,True,-0.234296709271
47,1.5,7.5,conservative,True,-0.228452568463
48,1.5,7.5,conservative,True,-0.220538844686
49,1.5,7.5,conservative,True,-0.217198243745
50,1.5,7.5,conservative,True,-0.206545717464
51,1.5,7.5,conservative,True,-0.197897405697
52,1.5,7.5,conservative,True,-0.185019720369
-52,2.5,7.5,conservative,True,-0.198735640176
-51,2.5,7.5,conservative,True,-0.196589726477
-50,2.5,7.5,conservative,True,-0.195285771513
-49,2.5,7.5,conservative,True,-0.197907036379
-48,2.5,7.5,conservative,True,-0.195104062944
-47,2.5,7.5,conservative,True,-0.197710162679
-46,2.5,7.5,conservative,True,-0.196508229577
-45,2.5,7.5,conservative,True,-0.193601069655
-44,2.5,7.5,conservative,True,-0.190782631087
-43,2.5,7.5,conservative,True,-0.185996317057
-42,2.5,7.5,conservative,True,-0.180405435118
-41,2.5,7.5,conservative,True,-0.174500127451
-40,2.5,7.5,conservative,True,-0.16734414603
-39,2.5,7.5,conservative,True,-0.160062256985
-38,2.5,7.5,conservative,True,-0.151571235279
-37,2.5,7.5,conservative,True,-0.141982844423
-36,2.5,7.5,conservative,True,-0.131885503204
-35,2.5,7.5,conservative,True,-0.122918909634
-34,2.5,7.5,conservative,True,-0.110840038791
-33,2.5,7.5,conservative,True,-0.0983387695406
-32,2.5,7.5,conservative,True,-0.0853400418049
-31,2.5,7.5,conservative,True,-0.0704622827989
-30,2.5,7.5,conservative,True,-0.0556133622689
-29,2.5,7.5,conservative,True,-0.0398050203773
-28,2.5,7.5,conservative,True,-0.0234536964494
-27,2.5,7.5,conservative,True,-0.00783664037093
-26,2.5,7.5,conservative,True,0.00690577772808
-25,2.5,7.5,conservative,True,0.0226040855508
-24,2.5,7.5,conservative,True,0.0385129968264
-23,2.5,7.5,conservative,True,0.0509679339463
-22,2.5,7.5,conservative,True,0.0643727191581
-21,2.5,7.5,conservative,True,0.0771386415044
-20,2.5,7.5,conservative,True,0.0868750362308
-19,2.5,7.5,conservative,True,0.0950260428734
-18,2.5,7.5,conservative,True,0.10132305592
-17,2.5,7.5,conservative,True,0.104633771313
-16,2.5,7.5,conservative,True,0.106044578956
-15,2.5,7.5,conservative,True,0.106343520735
-14,2.5,7.5,conservative,True,0.104750425058
-13,2.5,7.5,conservative,True,0.101661643073
-12,2.5,7.5,conservative,True,0.0977286146587
-11,2.5,7.5,conservative,True,0.0906664789266
-10,2.5,7.5,conservative,True,0.0856265089134
-9,2.5,7.5,conservative,True,0.0792248663209
-8,2.5,7.5,conservative,True,0.0717722656578
-7,2.5,7.5,conservative,True,0.0647233462101
-6,2.5,7.5,conservative,True,0.0567985643782
-5,2.5,7.5,conservative,True,0.0475282723188
-4,2.5,7.5,conservative,True,0.0390169559609
-3,2.5,7.5,conservative,True,0.0286613216972
-2,2.5,7.5,conservative,True,0.0202359140449
-1,2.5,7.5,conservative,True,0.0100156914864
0,2.5,7.5,conservative,True,1.33265132866e-05
1,2.5,7.5,conservative,True,-0.0103265360401
2,2.5,7.5,conservative,True,-0.0211189154268
3,2.5,7.5,conservative,True,-0.032079036059
4,2.5,7.5,conservative,True,-0.0451090512349
5,2.5,7.5,conservative,True,-0.0546115011834
6,2.5,7.5,conservative,True,-0.0657623954989
7,2.5,7.5,conservative,True,-0.0745860011589
8,2.5,7.5,conservative,True,-0.0841042761261
9,2.5,7.5,conservative,True,-0.0943208620265
10,2.5,7.5,conservative,True,-0.104018841574
11,2.5,7.5,conservative,True,-0.112021527919
12,2.5,7.5,conservative,True,-0.118978427897
13,2.5,7.5,conservative,True,-0.12751876593
14,2.5,7.5,conservative,True,-0.135924454692
15,2.5,7.5,conservative,True,-0.14427071237
16,2.5,7.5,conservative,True,-0.151948714118
17,2.5,7.5,conservative,True,-0.15845147377
18,2.5,7.5,conservative,True,-0.162835699315
19,2.5,7.5,conservative,True,-0.167808395011
20,2.5,7.5,conservative,True,-0.172457775101
21,2.5,7.5,conservative,True,-0.177046177289
22,2.5,7.5,conservative,True,-0.18415404423
23,2.5,7.5,conservative,True,-0.189408898397
24,2.5,7.5,conservative,True,-0.194128955997
25,2.5,7.5,conservative,True,-0.199518095768
26,2.5,7.5,conservative,True,-0.204955191995
27,2.5,7.5,conservative,True,-0.209038199842
28,2.5,7.5,conservative,True,-0.213437674968
29,2.5,7.5,conservative,True,-0.218288158018
30,2.5,7.5,conservative,True,-0.222480930739
31,2.5,7.5,conservative,True,-0.224878755156
32,2.5,7.5,conservative,True,-0.228582615924
33,2.5,7.5,conservative,True,-0.231643355873
34,2.5,7.5,conservative,True,-0.23496232094
35,2.5,7.5,conservative,True,-0.237559785893
36,2.5,7.5,conservative,True,-0.24104810893
37,2.5,7.5,conservative,True,-0.24372773421
38,2.5,7.5,conservative,True,-0.247314705647
39,2.5,7.5,conservative,True,-0.247886998103
40,2.5,7.5,conservative,True,-0.246538777634
41,2.5,7.5,conservative,True,-0.245603118663
42,2.5,7.5,conservative,True,-0.24418004767
43,2.5,7.5,conservative,True,-0.239207300045
44,2.5,7.5,conservative,True,-0.234675187484
45,2.5,7.5,conservative,True,-0.234327427343
46,2.5,7.5,conservative,True,-0.2325398916
47,2.5,7.5,conservative,True,-0.223997823546
48,2.5,7.5,conservative,True,-0.219900026981
49,2.5,7.5,conservative,True,-0.21372266599
50,2.5,7.5,conservative,True,-0.208547913059
51,2.5,7.5,conservative,True,-0.193379499216
52,2.5,7.5,conservative,True,-0.180439482372
-52,3.5,7.5,conservative,True,-0.185508009549
-51,3.5,7.5,conservative,True,-0.186613372557
-50,3.5,7.5,conservative,True,-0.185619216608
-49,3.5,7.5,conservative,True,-0.189539682745
-48,3.5,7.5,conservative,True,-0.188284875263
-47,3.5,7.5,conservative,True,-0.189441588313
-46,3.5,7.5,conservative,True,-0.187648018806
-45,3.5,7.5,conservative,True,-0.185975236012
-44,3.5,7.5,conservative,True,-0.182597976796
-43,3.5,7.5,conservative,True,-0.179671748754
-42,3.5,7.5,conservative,True,-0.173403953817
-41,3.5,7.5,conservative,True,-0.168498745416
-40,3.5,7.5,conservative,True,-0.162140015275
-39,3.5,7.5,conservative,True,-0.154159597324
-38,3.5,7.5,conservative,True,-0.146095680544
-37,3.5,7.5,conservative,True,-0.136803701548
-36,3.5,7.5,conservative,True,-0.127288016249
-35,3.5,7.5,conservative,True,-0.116501685969
-34,3.5,7.5,conservative,True,-0.105793998823
-33,3.5,7.5,conservative,True,-0.0925609917941
-32,3.5,7.5,conservative,True,-0.0779057869571
-31,3.5,7.5,conservative,True,-0.0637699180136
-30,3.5,7.5,conservative,True,-0.0493839490409
-29,3.5,7.5,conservative,True,-0.0333269339625
-28,3.5,7.5,conservative,True,-0.0179388169915
-27,3.5,7.5,conservative,True,-0.00101271603208
-26,3.5,7.5,conservative,True,0.0135216160561
-25,3.5,7.5,conservative,True,0.0281759566749
-24,3.5,7.5,conservative,True,0.0417120465788
-23,3.5,7.5,conservative,True,0.0558307611436
-22,3.5,7.5,conservative,True,0.0696006455881
-21,3.5,7.5,conservative,True,0.0826565705451
-20,3.5,7.5,conservative,True,0.0921240876919
-19,3.5,7.5,conservative,True,0.0994766609667
-18,3.5,7.5,conservative,True,0.104485650667
-17,3.5,7.5,conservative,True,0.108714427951
-16,3.5,7.5,conservative,True,0.110501978121
-15,3.5,7.5,conservative,True,0.110905573107
-14,3.5,7.5,conservative,True,0.109272892447
-13,3.5,7.5,conservative,True,0.105121505319
-12,3.5,7.5,conservative,True,0.101864010189
-11,3.5,7.5,conservative,True,0.0964171237244
-10,3.5,7.5,conservative,True,0.0885763579314
-9,3.5,7.5,conservative,True,0.0818360735231
-8,3.5,7.5,conservative,True,0.0765482436352
-7,3.5,7.5,conservative,True,0.0682548321976
-6,3.5,7.5,conservative,True,0.0593530620768
-5,3.5,7.5,conservative,True,0.0512177265979
-4,3.5,7.5,conservative,True,0.0411841759898
-3,3.5,7.5,conservative,True,0.0322552962383
-2,3.5,7.5,conservative,True,0.0229718909072
-1,3.5,7.5,conservative,True,0.0134719409664
0,3.5,7.5,conservative,True,0.00291927773497
1,3.5,7.5,conservative,True,-0.00724974665081
2,3.5,7.5,conservative,True,-0.0179286278595
3,3.5,7.5,conservative,True,-0.0292585519938
4,3.5,7.5,conservative,True,-0.0410259785235
5,3.5,7.5,conservative,True,-0.0510709265991
6,3.5,7.5,conservative,True,-0.0611704000044
7,3.5,7.5,conservative,True,-0.0698704961909
8,3.5,7.5,conservative,True,-0.0800307563509
9,3.5,7.5,conservative,True,-0.0904348230348
10,3.5,7.5,conservative,True,-0.0983083096978
11,3.5,7.5,conservative,True,-0.107807442223
12,3.5,7.5,conservative,True,-0.115060972766
13,3.5,7.5,conservative,True,-0.12372018197
14,3.5,7.5,conservative,True,-0.132507533103
15,3.5,7.5,conservative,True,-0.140837749572
16,3.5,7.5,conservative,True,-0.148789490266
17,3.5,7.5,conservative,True,-0.15287444545
18,3.5,7.5,conservative,True,-0.159275014888
19,3.5,7.5,conservative,True,-0.163803967292
20,3.5,7.5,conservative,True,-0.167710988035
21,3.5,7.5,conservative,True,-0.172804046487
22,3.5,7.5,conservative,True,-0.177852873156
23,3.5,7.5,conservative,True,-0.184529727191
24,3.5,7.5,conservative,True,-0.187792701433
25,3.5,7.5,conservative,True,-0.193142543168
26,3.5,7.5,conservative,True,-0.198858405975
27,3.5,7.5,conservative,True,-0.20403311753
28,3.5,7.5,conservative,True,-0.207500052652
29,3.5,7.5,conservative,True,-0.213468889247
30,3.5,7.5,conservative,True,-0.21637278521
31,3.5,7.5,conservative,True,-0.219301968842
32,3.5,7.5,conservative,True,-0.222320454896
33,3.5,7.5,conservative,True,-0.227478651967
34,3.5,7.5,conservative,True,-0.230721869986
35,3.5,7.5,conservative,True,-0.23413407399
36,3.5,7.5,conservative,True,-0.238090259036
37,3.5,7.5,conservative,True,-0.239300488456
38,3.5,7.5,conservative,True,-0.243656875705
39,3.5,7.5,conservative,True,-0.243005309601
40,3.5,7.5,conservative,True,-0.242581918184
41,3.5,7.5,conservative,True,-0.242683837218
42,3.5,7.5,conservative,True,-0.240703537524
43,3.5,7.5,conservative,True,-0.235127929544
44,3.5,7.5,conservative,True,-0.230598233169
45,3.5,7.5,conservative,True,-0.230680374084
46,3.5,7.5,conservative,True,-0.225554409305
47,3.5,7.5,conservative,True,-0.220139850434
48,3.5,7.5,conservative,True,-0.217713282707
49,3.5,7.5,conservative,True,-0.210995577292
50,3.5,7.5,conservative,True,-0.203968053215
51,3.5,7.5,conservative,True,-0.187081660995
52,3.5,7.5,conservative,True,-0.174349809422
-52,4.5,7.5,conservative,True,-0.171575339718
-51,4.5,7.5,conservative,True,-0.173969315748
-50,4.5,7.5,conservative,True,-0.179330781795
-49,4.5,7.5,conservative,True,-0.177226048359
-48,4.5,7.5,conservative,True,-0.178319428044
-47,4.5,7.5,conservative,True,-0.179215222987
-46,4.5,7.5,conservative,True,-0.177808503493
-45,4.5,7.5,conservative,True,-0.174815579481
-44,4.5,7.5,conservative,True,-0.172807176349
-43,4.5,7.5,conservative,True,-0.1701603534
-42,4.5,7.5,conservative,True,-0.166380928501
-41,4.5,7.5,conservative,True,-0.161079518977
-40,4.5,7.5,conservative,True,-0.153543643291
-39,4.5,7.5,conservative,True,-0.145415550481
-38,4.5,7.5,conservative,True,-0.137421470475
-37,4.5,7.5,conservative,True,-0.128867438516
-36,4.5,7.5,conservative,True,-0.119424503864
-35,4.5,7.5,conservative,True,-0.108667855863
-34,4.5,7.5,conservative,True,-0.0978147794912
-33,4.5,7.5,conservative,True,-0.0848738291231
-32,4.5,7.5,conservative,True,-0.0713212149909
-31,4.5,7.5,conservative,True,-0.0556804970714
-30,4.5,7.5,conservative,True,-0.0411681576858
-29,4.5,7.5,conservative,True,-0.0251211575884
-28,4.5,7.5,conservative,True,-0.0101329460614
-27,4.5,7.5,conservative,True,0.00444211455989
-26,4.5,7.5,conservative,True,0.0197097152778
-25,4.5,7.5,conservative,True,0.0341926267572
-24,4.5,7.5,conservative,True,0.0487560981698
-23,4.5,7.5,conservative,True,0.0624614673767
-22,4.5,7.5,conservative,True,0.0755230729027
-21,4.5,7.5,conservative,True,0.0883985080777
-20,4.5,7.5,conservative,True,0.0982762174998
-19,4.5,7.5,conservative,True,0.10437956894
-18,4.5,7.5,conservative,True,0.109139341755
-17,4.5,7.5,conservative,True,0.114868911237
-16,4.5,7.5,conservative,True,0.114779108838
-15,4.5,7.5,conservative,True,0.11393679318
-14,4.5,7.5,conservative,True,0.112514872065
-13,4.5,7.5,conservative,True,0.108888074918
-12,4.5,7.5,conservative,True,0.105263816874
-11,4.5,7.5,conservative,True,0.101757652969
-10,4.5,7.5,conservative,True,0.0951695169894
-9,4.5,7.5,conservative,True,0.0869240075001
-8,4.5,7.5,conservative,True,0.0799457429392
-7,4.5,7.5,conservative,True,0.0726714232118
-6,4.5,7.5,conservative,True,0.0639977870857
-5,4.5,7.5,conservative,True,0.0541586282184
-4,4.5,7.5,conservative,True,0.0446322964898
-3,4.5,7.5,conservative,True,0.035397733997
-2,4.5,7.5,conservative,True,0.0260600999048
-1,4.5,7.5,conservative,True,0.0166815623055
0,4.5,7.5,conservative,True,0.00692771582329
1,4.5,7.5,conservative,True,-0.00302899929368
2,4.5,7.5,conservative,True,-0.0137657603716
3,4.5,7.5,conservative,True,-0.0248010610343
4,4.5,7.5,conservative,True,-0.0348474308986
5,4.5,7.5,conservative,True,-0.0459819281709
6,4.5,7.5,conservative,True,-0.0554641964228
7,4.5,7.5,conservative,True,-0.0667647946362
8,4.5,7.5,conservative,True,-0.0764568766695
9,4.5,7.5,conservative,True,-0.0856031104023
10,4.5,7.5,conservative,True,-0.0950040765994
11,4.5,7.5,conservative,True,-0.10160882312
12,4.5,7.5,conservative,True,-0.11117922472
13,4.5,7.5,conservative,True,-0.118190944652
14,4.5,7.5,conservative,True,-0.127328615678
15,4.5,7.5,conservative,True,-0.134562203274
16,4.5,7.5,conservative,True,-0.142450255091
17,4.5,7.5,conservative,True,-0.148106813386
18,4.5,7.5,conservative,True,-0.152991619542
19,4.5,7.5,conservative,True,-0.157575184953
20,4.5,7.5,conservative,True,-0.161805671808
21,4.5,7.5,conservative,True,-0.16558167281
22,4.5,7.5,conservative,True,-0.171447654584
23,4.5,7.5,conservative,True,-0.175447606388
24,4.5,7.5,conservative,True,-0.181425549946
25,4.5,7.5,conservative,True,-0.186219580562
26,4.5,7.5,conservative,True,-0.191848247983
27,4.5,7.5,conservative,True,-0.195396768912
28,4.5,7.5,conservative,True,-0.201547845575
29,4.5,7.5,conservative,True,-0.20502903193
30,4.5,7.5,conservative,True,-0.210755937131
31,4.5,7.5,conservative,True,-0.213674287664
32,4.5,7.5,conservative,True,-0.216581849526
33,4.5,7.5,conservative,True,-0.222170743541
34,4.5,7.5,conservative,True,-0.225268593026
35,4.5,7.5,conservative,True,-0.228608804953
36,4.5,7.5,conservative,True,-0.23272372484
37,4.5,7.5,conservative,True,-0.236195148921
38,4.5,7.5,conservative,True,-0.237745811889
39,4.5,7.5,conservative,True,-0.239242030401
40,4.5,7.5,conservative,True,-0.236874766896
41,4.5,7.5,conservative,True,-0.238789008528
42,4.5,7.5,conservative,True,-0.234122504436
43,4.5,7.5,conservative,True,-0.228324095411
44,4.5,7.5,conservative,True,-0.2264815533
45,4.5,7.5,conservative,True,-0.223054632834
46,4.5,7.5,conservative,True,-0.21747889628
47,4.5,7.5,conservative,True,-0.21154243587
48,4.5,7.5,conservative,True,-0.211359698848
49,4.5,7.5,conservative,True,-0.200076536056
50,4.5,7.5,conservative,True,-0.195333972003
51,4.5,7.5,conservative,True,-0.177369838122
52,4.5,7.5,conservative,True,-0.16829835267
-52,5.5,7.5,conservative,True,-0.158712245571
-51,5.5,7.5,conservative,True,-0.163485128096
-50,5.5,7.5,conservative,True,-0.169211064854
-49,5.5,7.5,conservative,True,-0.169549092416
-48,5.5,7.5,conservative,True,-0.167666018262
-47,5.5,7.5,conservative,True,-0.165726615517
-46,5.5,7.5,conservative,True,-0.164419918263
-45,5.5,7.5,conservative,True,-0.162661007076
-44,5.5,7.5,conservative,True,-0.161106060711
-43,5.5,7.5,conservative,True,-0.157858670342
-42,5.5,7.5,conservative,True,-0.156194801085
-41,5.5,7.5,conservative,True,-0.149523416473
-40,5.5,7.5,conservative,True,-0.142639676669
-39,5.5,7.5,conservative,True,-0.135824970581
-38,5.5,7.5,conservative,True,-0.127790955408
-37,5.5,7.5,conservative,True,-0.118323915547
-36,5.5,7.5,conservative,True,-0.109436559557
-35,5.5,7.5,conservative,True,-0.0987574059358
-34,5.5,7.5,conservative,True,-0.0874582380524
-33,5.5,7.5,conservative,True,-0.0760966254463
-32,5.5,7.5,conservative,True,-0.0614093362891
-31,5.5,7.5,conservative,True,-0.0461384342427
-30,5.5,7.5,conservative,True,-0.0309075599419
-29,5.5,7.5,conservative,True,-0.0153013222252
-28,5.5,7.5,conservative,True,-0.00130342698644
-27,5.5,7.5,conservative,True,0.0134888482761
-26,5.5,7.5,conservative,True,0.028108243337
-25,5.5,7.5,conservative,True,0.0449134081412
-24,5.5,7.5,conservative,True,0.0577589411667
-23,5.5,7.5,conservative,True,0.071806368257
-22,5.5,7.5,conservative,True,0.0838162944271
-21,5.5,7.5,conservative,True,0.0950419221527
-20,5.5,7.5,conservative,True,0.106011193665
-19,5.5,7.5,conservative,True,0.111573727826
-18,5.5,7.5,conservative,True,0.116715719153
-17,5.5,7.5,conservative,True,0.118766056216
-16,5.5,7.5,conservative,True,0.120344976714
-15,5.5,7.5,conservative,True,0.120169972717
-14,5.5,7.5,conservative,True,0.118013503382
-13,5.5,7.5,conservative,True,0.114244609918
-12,5.5,7.5,conservative,True,0.110382486705
-11,5.5,7.5,conservative,True,0.105889262629
-10,5.5,7.5,conservative,True,0.0997997421001
-9,5.5,7.5,conservative,True,0.0927587886988
-8,5.5,7.5,conservative,True,0.0849613267733
-7,5.5,7.5,conservative,True,0.0755547618712
-6,5.5,7.5,conservative,True,0.0672947552958
-5,5.5,7.5,conservative,True,0.057884922976
-4,5.5,7.5,conservative,True,0.048447403068
-3,5.5,7.5,conservative,True,0.0391731191121
-2,5.5,7.5,conservative,True,0.0301457084126
-1,5.5,7.5,conservative,True,0.0203000018204
0,5.5,7.5,conservative,True,0.0110575999831
1,5.5,7.5,conservative,True,0.00124862682119
2,5.5,7.5,conservative,True,-0.00937743607307
3,5.5,7.5,conservative,True,-0.0198358779112
4,5.5,7.5,conservative,True,-0.0298834281381
5,5.5,7.5,conservative,True,-0.0402514119991
6,5.5,7.5,conservative,True,-0.0504182888369
7,5.5,7.5,conservative,True,-0.0616452739938
8,5.5,7.5,conservative,True,-0.0708745285423
9,5.5,7.5,conservative,True,-0.0797047183563
10,5.5,7.5,conservative,True,-0.0892850436688
11,5.5,7.5,conservative,True,-0.0967471033495
12,5.5,7.5,conservative,True,-0.103926868587
13,5.5,7.5,conservative,True,-0.112478521323
14,5.5,7.5,conservative,True,-0.12102307068
15,5.5,7.5,conservative,True,-0.127722044894
16,5.5,7.5,conservative,True,-0.135463417361
17,5.5,7.5,conservative,True,-0.14132960504
18,5.5,7.5,conservative,True,-0.146630417122
19,5.5,7.5,conservative,True,-0.148384355636
20,5.5,7.5,conservative,True,-0.153799259291
21,5.5,7.5,conservative,True,-0.157354078427
22,5.5,7.5,conservative,True,-0.161692631043
23,5.5,7.5,conservative,True,-0.165308011765
24,5.5,7.5,conservative,True,-0.17024060851
25,5.5,7.5,conservative,True,-0.175694539215
26,5.5,7.5,conservative,True,-0.181267693117
27,5.5,7.5,conservative,True,-0.187981086383
28,5.5,7.5,conservative,True,-0.191102183756
29,5.5,7.5,conservative,True,-0.195214924705
30,5.5,7.5,conservative,True,-0.199457635542
31,5.5,7.5,conservative,True,-0.20500065185
32,5.5,7.5,conservative,True,-0.210021496377
33,5.5,7.5,conservative,True,-0.213690711952
34,5.5,7.5,conservative,True,-0.21780781943
35,5.5,7.5,conservative,True,-0.22194208553
36,5.5,7.5,conservative,True,-0.226584488549
37,5.5,7.5,conservative,True,-0.228034762569
38,5.5,7.5,conservative,True,-0.231953982311
39,5.5,7.5,conservative,True,-0.231460281958
40,5.5,7.5,conservative,True,-0.231167808726
41,5.5,7.5,conservative,True,-0.231378561432
42,5.5,7.5,conservative,True,-0.225855098853
43,5.5,7.5,conservative,True,-0.221084537201
44,5.5,7.5,conservative,True,-0.217701960943
45,5.5,7.5,conservative,True,-0.212141291238
46,5.5,7.5,conservative,True,-0.209208697417
47,5.5,7.5,conservative,True,-0.202970640898
48,5.5,7.5,conservative,True,-0.20306300181
49,5.5,7.5,conservative,True,-0.191172667475
50,5.5,7.5,conservative,True,-0.180849489759
51,5.5,7.5,conservative,True,-0.167046426276
52,5.5,7.5,conservative,True,-0.153937893528
-52,6.5,7.5,conservative,True,-0.140487502083
-51,6.5,7.5,conservative,True,-0.144973326403
-50,6.5,7.5,conservative,True,-0.153251615897
-49,6.5,7.5,conservative,True,-0.15422767403
-48,6.5,7.5,conservative,True,-0.154606827942
-47,6.5,7.5,conservative,True,-0.153648715144
-46,6.5,7.5,conservative,True,-0.152402661918
-45,6.5,7.5,conservative,True,-0.150525548133
-44,6.5,7.5,conservative,True,-0.147925159524
-43,6.5,7.5,conservative,True,-0.145383434157
-42,6.5,7.5,conservative,True,-0.142188723213
-41,6.5,7.5,conservative,True,-0.138049491953
-40,6.5,7.5,conservative,True,-0.13059446342
-39,6.5,7.5,conservative,True,-0.122858767559
-38,6.5,7.5,conservative,True,-0.115970156488
-37,6.5,7.5,conservative,True,-0.107970430455
-36,6.5,7.5,conservative,True,-0.0983059453707
-35,6.5,7.5,conservative,True,-0.0863407324879
-34,6.5,7.5,conservative,True,-0.0745729731775
-33,6.5,7.5,conservative,True,-0.0631900502128
-32,6.5,7.5,conservative,True,-0.0494208811608
-31,6.5,7.5,conservative,True,-0.0352039772244
-30,6.5,7.5,conservative,True,-0.0177110310046
-29,6.5,7.5,conservative,True,-0.00122621991643
-28,6.5,7.5,conservative,True,0.0116309504407
-27,6.5,7.5,conservative,True,0.0278788461217
-26,6.5,7.5,conservative,True,0.0426318829641
-25,6.5,7.5,conservative,True,0.0567480259317
-24,6.5,7.5,conservative,True,0.069362262682
-23,6.5,7.5,conservative,True,0.0799666011387
-22,6.5,7.5,conservative,True,0.0915562625495
-21,6.5,7.5,conservative,True,0.1024857747
-20,6.5,7.5,conservative,True,0.112566167773
-19,6.5,7.5,conservative,True,0.119650001189
-18,6.5,7.5,conservative,True,0.124071081185
-17,6.5,7.5,conservative,True,0.126641259599
-16,6.5,7.5,conservative,True,0.126046628284
-15,6.5,7.5,conservative,True,0.124318993342
-14,6.5,7.5,conservative,True,0.122750111335
-13,6.5,7.5,conservative,True,0.118651648724
-12,6.5,7.5,conservative,True,0.114812751954
-11,6.5,7.5,conservative,True,0.109626884883
-10,6.5,7.5,conservative,True,0.103512495745
-9,6.5,7.5,conservative,True,0.0962108224527
-8,6.5,7.5,conservative,True,0.0882506524693
-7,6.5,7.5,conservative,True,0.0789322207025
-6,6.5,7.5,conservative,True,0.0707923304991
-5,6.5,7.5,conservative,True,0.0613312514085
-4,6.5,7.5,conservative,True,0.0519543619148
-3,6.5,7.5,conservative,True,0.0431914393373
-2,6.5,7.5,conservative,True,0.0340884962634
-1,6.5,7.5,conservative,True,0.0252955361342
0,6.5,7.5,conservative,True,0.0145294899671
1,6.5,7.5,conservative,True,0.00498973255875
2,6.5,7.5,conservative,True,-0.00457351239872
3,6.5,7.5,conservative,True,-0.0136889526529
4,6.5,7.5,conservative,True,-0.024795725413
5,6.5,7.5,conservative,True,-0.0363097255907
6,6.5,7.5,conservative,True,-0.0450648742541
7,6.5,7.5,conservative,True,-0.0550149287164
8,6.5,7.5,conservative,True,-0.0644299347001
9,6.5,7.5,conservative,True,-0.0739075990601
10,6.5,7.5,conservative,True,-0.0836323459795
11,6.5,7.5,conservative,True,-0.0919551731083
12,6.5,7.5,conservative,True,-0.0991853108746
13,6.5,7.5,conservative,True,-0.106974434138
14,6.5,7.5,conservative,True,-0.114283949585
15,6.5,7.5,conservative,True,-0.120585230871
16,6.5,7.5,conservative,True,-0.127230758249
17,6.5,7.5,conservative,True,-0.132995134122
18,6.5,7.5,conservative,True,-0.136849683708
19,6.5,7.5,conservative,True,-0.139649654148
20,6.5,7.5,conservative,True,-0.144792748681
21,6.5,7.5,conservative,True,-0.148006753034
22,6.5,7.5,conservative,True,-0.152130338775
23,6.5,7.5,conservative,True,-0.156592561597
24,6.5,7.5,conservative,True,-0.159689956916
25,6.5,7.5,conservative,True,-0.164206518388
26,6.5,7.5,conservative,True,-0.171239970982
27,6.5,7.5,conservative,True,-0.177434664244
28,6.5,7.5,conservative,True,-0.181872645759
29,6.5,7.5,conservative,True,-0.183766746764
30,6.5,7.5,conservative,True,-0.187504524435
31,6.5,7.5,conservative,True,-0.19279881643
32,6.5,7.5,conservative,True,-0.198931446475
33,6.5,7.5,conservative,True,-0.203909497095
34,6.5,7.5,conservative,True,-0.210401604578
35,6.5,7.5,conservative,True,-0.21320801421
36,6.5,7.5,conservative,True,-0.216290538124
37,6.5,7.5,conservative,True,-0.218602075601
38,6.5,7.5,conservative,True,-0.22163196307
39,6.5,7.5,conservative,True,-0.223585196313
40,6.5,7.5,conservative,True,-0.222852113729
41,6.5,7.5,conservative,True,-0.222027129003
42,6.5,7.5,conservative,True,-0.216660808891
43,6.5,7.5,conservative,True,-0.211969308224
44,6.5,7.5,conservative,True,-0.207533784044
45,6.5,7.5,conservative,True,-0.203223601535
46,6.5,7.5,conservative,True,-0.199945398521
47,6.5,7.5,conservative,True,-0.191584613884
48,6.5,7.5,conservative,True,-0.186335369735
49,6.5,7.5,conservative,True,-0.18006985847
50,6.5,7.5,conservative,True,-0.168900790601
51,6.5,7.5,conservative,True,-0.154703906901
52,6.5,7.5,conservative,True,-0.138145444169
-52,7.5,7.5,conservative,True,-0.120824971144
-51,7.5,7.5,conservative,True,-0.127411004116
-50,7.5,7.5,conservative,True,-0.135512345289
-49,7.5,7.5,conservative,True,-0.140061872988
-48,7.5,7.5,conservative,True,-0.141699033461
-47,7.5,7.5,conservative,True,-0.141702887773
-46,7.5,7.5,conservative,True,-0.138328542868
-45,7.5,7.5,conservative,True,-0.136641988774
-44,7.5,7.5,conservative,True,-0.1346090748
-43,7.5,7.5,conservative,True,-0.132147200597
-42,7.5,7.5,conservative,True,-0.12855209853
-41,7.5,7.5,conservative,True,-0.122660919926
-40,7.5,7.5,conservative,True,-0.116388117012
-39,7.5,7.5,conservative,True,-0.109514109352
-38,7.5,7.5,conservative,True,-0.100878994227
-37,7.5,7.5,conservative,True,-0.0927788160856
-36,7.5,7.5,conservative,True,-0.0825171845205
-35,7.5,7.5,conservative,True,-0.0725113440221
-34,7.5,7.5,conservative,True,-0.0606195248126
-33,7.5,7.5,conservative,True,-0.0461733851652
-32,7.5,7.5,conservative,True,-0.0351623003266
-31,7.5,7.5,conservative,True,-0.0200417343358
-30,7.5,7.5,conservative,True,-0.00334738614581
-29,7.5,7.5,conservative,True,0.0113755696028
-28,7.5,7.5,conservative,True,0.0267043246271
-27,7.5,7.5,conservative,True,0.0419431004224
-26,7.5,7.5,conservative,True,0.0548151926698
-25,7.5,7.5,conservative,True,0.067597775997
-24,7.5,7.5,conservative,True,0.0801437089387
-23,7.5,7.5,conservative,True,0.0911682484912
-22,7.5,7.5,conservative,True,0.103917174703
-21,7.5,7.5,conservative,True,0.113111967787
-20,7.5,7.5,conservative,True,0.121735119705
-19,7.5,7.5,conservative,True,0.127210511575
-18,7.5,7.5,conservative,True,0.130158646193
-17,7.5,7.5,conservative,True,0.133535084744
-16,7.5,7.5,conservative,True,0.132983882982
-15,7.5,7.5,conservative,True,0.13108948879
-14,7.5,7.5,conservative,True,0.128468723322
-13,7.5,7.5,conservative,True,0.124838729463
-12,7.5,7.5,conservative,True,0.119000047312
-11,7.5,7.5,conservative,True,0.113718319688
-10,7.5,7.5,conservative,True,0.108484776335
-9,7.5,7.5,conservative,True,0.100215119083
-8,7.5,7.5,conservative,True,0.0918353799769
-7,7.5,7.5,conservative,True,0.0837879193116
-6,7.5,7.5,conservative,True,0.0736069129978
-5,7.5,7.5,conservative,True,0.065163195004
-4,7.5,7.5,conservative,True,0.055878690408
-3,7.5,7.5,conservative,True,0.0470217782613
-2,7.5,7.5,conservative,True,0.0388808556005
-1,7.5,7.5,conservative,True,0.0278147094666
0,7.5,7.5,conservative,True,0.0190380774593
1,7.5,7.5,conservative,True,0.00975462296247
2,7.5,7.5,conservative,True,0.000748434626293
3,7.5,7.5,conservative,True,-0.00968800298682
4,7.5,7.5,conservative,True,-0.0193380585032
5,7.5,7.5,conservative,True,-0.0290066759489
6,7.5,7.5,conservative,True,-0.0395629432598
7,7.5,7.5,conservative,True,-0.0488305318871
8,7.5,7.5,conservative,True,-0.0577615138286
9,7.5,7.5,conservative,True,-0.0686457434152
10,7.5,7.5,conservative,True,-0.0771204019481
11,7.5,7.5,conservative,True,-0.084169029373
12,7.5,7.5,conservative,True,-0.0910494152878
13,7.5,7.5,conservative,True,-0.0992696476878
14,7.5,7.5,conservative,True,-0.10645805745
15,7.5,7.5,conservative,True,-0.113195591827
16,7.5,7.5,conservative,True,-0.11726140349
17,7.5,7.5,conservative,True,-0.121519584598
18,7.5,7.5,conservative,True,-0.125202990483
19,7.5,7.5,conservative,True,-0.128635559338
20,7.5,7.5,conservative,True,-0.133620459383
21,7.5,7.5,conservative,True,-0.13606319931
22,7.5,7.5,conservative,True,-0.141818592129
23,7.5,7.5,conservative,True,-0.145900539178
24,7.5,7.5,conservative,True,-0.149918939918
25,7.5,7.5,conservative,True,-0.154370982953
26,7.5,7.5,conservative,True,-0.1614134963
27,7.5,7.5,conservative,True,-0.164858720892
28,7.5,7.5,conservative,True,-0.169704351212
29,7.5,7.5,conservative,True,-0.173024024572
30,7.5,7.5,conservative,True,-0.176913674325
31,7.5,7.5,conservative,True,-0.181798556693
32,7.5,7.5,conservative,True,-0.187590828496
33,7.5,7.5,conservative,True,-0.192815560504
34,7.5,7.5,conservative,True,-0.199222370709
35,7.5,7.5,conservative,True,-0.201956258741
36,7.5,7.5,conservative,True,-0.205586705127
37,7.5,7.5,conservative,True,-0.208102714388
38,7.5,7.5,conservative,True,-0.21050575945
39,7.5,7.5,conservative,True,-0.211635075396
40,7.5,7.5,conservative,True,-0.21236576554
41,7.5,7.5,conservative,True,-0.210458139035
42,7.5,7.5,conservative,True,-0.206204394036
43,7.5,7.5,conservative,True,-0.200206506303
44,7.5,7.5,conservative,True,-0.19706320412
45,7.5,7.5,conservative,True,-0.190265734168
46,7.5,7.5,conservative,True,-0.188874796594
47,7.5,7.5,conservative,True,-0.179002950245
48,7.5,7.5,conservative,True,-0.169051694055
49,7.5,7.5,conservative,True,-0.154702290377
50,7.5,7.5,conservative,True,-0.14815676542
51,7.5,7.5,conservative,True,-0.135222597679
52,7.5,7.5,conservative,True,-0.120610322081
-52,8.5,7.5,conservative,True,-0.0994631396912
-51,8.5,7.5,conservative,True,-0.106985125573
-50,8.5,7.5,conservative,True,-0.120642685003
-49,8.5,7.5,conservative,True,-0.124465249958
-48,8.5,7.5,conservative,True,-0.128600849958
-47,8.5,7.5,conservative,True,-0.125508141563
-46,8.5,7.5,conservative,True,-0.125097501554
-45,8.5,7.5,conservative,True,-0.120549981073
-44,8.5,7.5,conservative,True,-0.118713183852
-43,8.5,7.5,conservative,True,-0.115499912598
-42,8.5,7.5,conservative,True,-0.112488069574
-41,8.5,7.5,conservative,True,-0.109079633298
-40,8.5,7.5,conservative,True,-0.101682975612
-39,8.5,7.5,conservative,True,-0.092587997281
-38,8.5,7.5,conservative,True,-0.0836699964551
-37,8.5,7.5,conservative,True,-0.076559968994
-36,8.5,7.5,conservative,True,-0.0658562023686
-35,8.5,7.5,conservative,True,-0.0559995971726
-34,8.5,7.5,conservative,True,-0.043220720167
-33,8.5,7.5,conservative,True,-0.0312635051288
-32,8.5,7.5,conservative,True,-0.0179846991864
-31,8.5,7.5,conservative,True,-0.00339943064512
-30,8.5,7.5,conservative,True,0.0120527221028
-29,8.5,7.5,conservative,True,0.0269360270229
-28,8.5,7.5,conservative,True,0.0431543176786
-27,8.5,7.5,conservative,True,0.0571164742952
-26,8.5,7.5,conservative,True,0.0695826519021
-25,8.5,7.5,conservative,True,0.0829516519995
-24,8.5,7.5,conservative,True,0.0939587608735
-23,8.5,7.5,conservative,True,0.105420604547
-22,8.5,7.5,conservative,True,0.115098090081
-21,8.5,7.5,conservative,True,0.124678348106
-20,8.5,7.5,conservative,True,0.132903512672
-19,8.5,7.5,conservative,True,0.136165500314
-18,8.5,7.5,conservative,True,0.139207352182
-17,8.5,7.5,conservative,True,0.141076656335
-16,8.5,7.5,conservative,True,0.139118145223
-15,8.5,7.5,conservative,True,0.138048168488
-14,8.5,7.5,conservative,True,0.135143078026
-13,8.5,7.5,conservative,True,0.130322779941
-12,8.5,7.5,conservative,True,0.126017812766
-11,8.5,7.5,conservative,True,0.120108849023
-10,8.5,7.5,conservative,True,0.113385153483
-9,8.5,7.5,conservative,True,0.104767950076
-8,8.5,7.5,conservative,True,0.0963370476276
-7,8.5,7.5,conservative,True,0.0873599638586
-6,8.5,7.5,conservative,True,0.0791474977281
-5,8.5,7.5,conservative,True,0.0704173663499
-4,8.5,7.5,conservative,True,0.0613163977307
-3,8.5,7.5,conservative,True,0.0522516722006
-2,8.5,7.5,conservative,True,0.0433962196348
-1,8.5,7.5,conservative,True,0.0327053346142
0,8.5,7.5,conservative,True,0.0226573918809
1,8.5,7.5,conservative,True,0.0146494385442
2,8.5,7.5,conservative,True,0.0065347001467
3,8.5,7.5,conservative,True,-0.00460470408143
4,8.5,7.5,conservative,True,-0.0138578272176
5,8.5,7.5,conservative,True,-0.0239175592222
6,8.5,7.5,conservative,True,-0.0332895219024
7,8.5,7.5,conservative,True,-0.0424329121811
8,8.5,7.5,conservative,True,-0.0522322798796
9,8.5,7.5,conservative,True,-0.058949918815
10,8.5,7.5,conservative,True,-0.0687278298918
11,8.5,7.5,conservative,True,-0.0764786579575
12,8.5,7.5,conservative,True,-0.0830643751203
13,8.5,7.5,conservative,True,-0.0897989249781
14,8.5,7.5,conservative,True,-0.0958435165402
15,8.5,7.5,conservative,True,-0.10419781129
16,8.5,7.5,conservative,True,-0.107283116562
17,8.5,7.5,conservative,True,-0.110043971675
18,8.5,7.5,conservative,True,-0.115190798987
19,8.5,7.5,conservative,True,-0.117757321777
20,8.5,7.5,conservative,True,-0.12121416107
21,8.5,7.5,conservative,True,-0.123382618615
22,8.5,7.5,conservative,True,-0.128302646771
23,8.5,7.5,conservative,True,-0.133169397331
24,8.5,7.5,conservative,True,-0.139140287515
25,8.5,7.5,conservative,True,-0.143425189179
26,8.5,7.5,conservative,True,-0.148412461498
27,8.5,7.5,conservative,True,-0.152589612515
28,8.5,7.5,conservative,True,-0.155588408881
29,8.5,7.5,conservative,True,-0.159383642323
30,8.5,7.5,conservative,True,-0.163685500188
31,8.5,7.5,conservative,True,-0.168396188062
32,8.5,7.5,conservative,True,-0.175273247635
33,8.5,7.5,conservative,True,-0.180484459716
34,8.5,7.5,conservative,True,-0.185545825763
35,8.5,7.5,conservative,True,-0.189862415705
36,8.5,7.5,conservative,True,-0.192755226542
37,8.5,7.5,conservative,True,-0.196108708902
38,8.5,7.5,conservative,True,-0.196882436151
39,8.5,7.5,conservative,True,-0.197054241886
40,8.5,7.5,conservative,True,-0.195795634788
41,8.5,7.5,conservative,True,-0.194681584164
42,8.5,7.5,conservative,True,-0.19521097173
43,8.5,7.5,conservative,True,-0.189092902632
44,8.5,7.5,conservative,True,-0.185137726366
45,8.5,7.5,conservative,True,-0.175263712808
46,8.5,7.5,conservative,True,-0.166657757436
47,8.5,7.5,conservative,True,-0.160397011879
48,8.5,7.5,conservative,True,-0.14909303292
49,8.5,7.5,conservative,True,-0.136033925429
50,8.5,7.5,conservative,True,-0.11934998593
51,8.5,7.5,conservative,True,-0.112540512026
52,8.5,7.5,conservative,True,-0.095224308228
-52,9.5,7.5,conservative,True,-0.0781829958472
-51,9.5,7.5,conservative,True,-0.086732552117
-50,9.5,7.5,conservative,True,-0.0983716878103
-49,9.5,7.5,conservative,True,-0.104214321609
-48,9.5,7.5,conservative,True,-0.107620039307
-47,9.5,7.5,conservative,True,-0.108053693409
-46,9.5,7.5,conservative,True,-0.108467211992
-45,9.5,7.5,conservative,True,-0.104833792862
-44,9.5,7.5,conservative,True,-0.101860369205
-43,9.5,7.5,conservative,True,-0.0981211619549
-42,9.5,7.5,conservative,True,-0.094035220951
-41,9.5,7.5,conservative,True,-0.0882548332135
-40,9.5,7.5,conservative,True,-0.0840442490433
-39,9.5,7.5,conservative,True,-0.0752925042262
-38,9.5,7.5,conservative,True,-0.0662281707396
-37,9.5,7.5,conservative,True,-0.0583013041885
-36,9.5,7.5,conservative,True,-0.0474302987428
-35,9.5,7.5,conservative,True,-0.03521376582
-34,9.5,7.5,conservative,True,-0.0237554074574
-33,9.5,7.5,conservative,True,-0.0123233008948
-32,9.5,7.5,conservative,True,0.000755836696693
-31,9.5,7.5,conservative,True,0.0136623212546
-30,9.5,7.5,conservative,True,0.0289263012269
-29,9.5,7.5,conservative,True,0.0456480423549
-28,9.5,7.5,conservative,True,0.0599812768847
-27,9.5,7.5,conservative,True,0.0733412868976
-26,9.5,7.5,conservative,True,0.0871699908222
-25,9.5,7.5,conservative,True,0.0983812973998
-24,9.5,7.5,conservative,True,0.109483623444
-23,9.5,7.5,conservative,True,0.119347922139
-22,9.5,7.5,conservative,True,0.12965114339
-21,9.5,7.5,conservative,True,0.136638021756
-20,9.5,7.5,conservative,True,0.145364747757
-19,9.5,7.5,conservative,True,0.147815471198
-18,9.5,7.5,conservative,True,0.149806284742
-17,9.5,7.5,conservative,True,0.150678006018
-16,9.5,7.5,conservative,True,0.149190670405
-15,9.5,7.5,conservative,True,0.146334449665
-14,9.5,7.5,conservative,True,0.142048099295
-13,9.5,7.5,conservative,True,0.137307865373
-12,9.5,7.5,conservative,True,0.131292458661
-11,9.5,7.5,conservative,True,0.124008218399
-10,9.5,7.5,conservative,True,0.119186230753
-9,9.5,7.5,conservative,True,0.109193087413
-8,9.5,7.5,conservative,True,0.100101478235
-7,9.5,7.5,conservative,True,0.0926918915314
-6,9.5,7.5,conservative,True,0.0841191443813
-5,9.5,7.5,conservative,True,0.0750114802914
-4,9.5,7.5,conservative,True,0.0659009863232
-3,9.5,7.5,conservative,True,0.0572735351084
-2,9.5,7.5,conservative,True,0.0477214507714
-1,9.5,7.5,conservative,True,0.03822683042
0,9.5,7.5,conservative,True,0.0283533097427
1,9.5,7.5,conservative,True,0.0182112603109
2,9.5,7.5,conservative,True,0.00958561409243
3,9.5,7.5,conservative,True,0.000412873585202
4,9.5,7.5,conservative,True,-0.00747792174228
5,9.5,7.5,conservative,True,-0.017539266928
6,9.5,7.5,conservative,True,-0.026759020476
7,9.5,7.5,conservative,True,-0.0367387814353
8,9.5,7.5,conservative,True,-0.0456192461738
9,9.5,7.5,conservative,True,-0.0547127912246
10,9.5,7.5,conservative,True,-0.0617028201785
11,9.5,7.5,conservative,True,-0.0693402163304
12,9.5,7.5,conservative,True,-0.0753446939882
13,9.5,7.5,conservative,True,-0.0817422864443
14,9.5,7.5,conservative,True,-0.0864098259668
15,9.5,7.5,conservative,True,-0.0934700080258
16,9.5,7.5,conservative,True,-0.0976014265676
17,9.5,7.5,conservative,True,-0.100031520942
18,9.5,7.5,conservative,True,-0.103499982256
19,9.5,7.5,conservative,True,-0.106082391254
20,9.5,7.5,conservative,True,-0.110944417181
21,9.5,7.5,conservative,True,-0.112903563427
22,9.5,7.5,conservative,True,-0.117427816162
23,9.5,7.5,conservative,True,-0.119400362658
24,9.5,7.5,conservative,True,-0.125299474972
25,9.5,7.5,conservative,True,-0.128727092311
26,9.5,7.5,conservative,True,-0.133090828019
27,9.5,7.5,conservative,True,-0.13779261684
28,9.5,7.5,conservative,True,-0.140231853678
29,9.5,7.5,conservative,True,-0.144769114019
30,9.5,7.5,conservative,True,-0.150893342446
31,9.5,7.5,conservative,True,-0.155913154085
32,9.5,7.5,conservative,True,-0.161960414809
33,9.5,7.5,conservative,True,-0.167491651077
34,9.5,7.5,conservative,True,-0.172074241144
35,9.5,7.5,conservative,True,-0.176900702145
36,9.5,7.5,conservative,True,-0.178458149353
37,9.5,7.5,conservative,True,-0.181026086484
38,9.5,7.5,conservative,True,-0.184187247175
39,9.5,7.5,conservative,True,-0.18477605316
40,9.5,7.5,conservative,True,-0.18320120859
41,9.5,7.5,conservative,True,-0.180378686727
42,9.5,7.5,conservative,True,-0.178607163702
43,9.5,7.5,conservative,True,-0.174356355214
44,9.5,7.5,conservative,True,-0.165838722751
45,9.5,7.5,conservative,True,-0.158162836195
46,9.5,7.5,conservative,True,-0.150853563548
47,9.5,7.5,conservative,True,-0.1421091964
48,9.5,7.5,conservative,True,-0.126173262076
49,9.5,7.5,conservative,True,-0.109877624959
50,9.5,7.5,conservative,True,-0.0947000042181
51,9.5,7.5,conservative,True,-0.0854290896489
52,9.5,7.5,conservative,True,-0.0684960019263
-52,10.5,7.5,conservative,True,-0.0511549705841
-51,10.5,7.5,conservative,True,-0.0560936400931
-50,10.5,7.5,conservative,True,-0.0746409867177
-49,10.5,7.5,conservative,True,-0.0860089037644
-48,10.5,7.5,conservative,True,-0.0862708303425
-47,10.5,7.5,conservative,True,-0.0859586512895
-46,10.5,7.5,conservative,True,-0.088877607655
-45,10.5,7.5,conservative,True,-0.0884844070727
-44,10.5,7.5,conservative,True,-0.0859973532954
-43,10.5,7.5,conservative,True,-0.0797033970993
-42,10.5,7.5,conservative,True,-0.0735078651325
-41,10.5,7.5,conservative,True,-0.0681675669405
-40,10.5,7.5,conservative,True,-0.0626267920191
-39,10.5,7.5,conservative,True,-0.0555993047211
-38,10.5,7.5,conservative,True,-0.0474869742085
-37,10.5,7.5,conservative,True,-0.0356435339094
-36,10.5,7.5,conservative,True,-0.0257713679598
-35,10.5,7.5,conservative,True,-0.0148900014506
-34,10.5,7.5,conservative,True,-0.00250606788974
-33,10.5,7.5,conservative,True,0.00864778092885
-32,10.5,7.5,conservative,True,0.021529496282
-31,10.5,7.5,conservative,True,0.0345399351191
-30,10.5,7.5,conservative,True,0.0501370486253
-29,10.5,7.5,conservative,True,0.0654616303084
-28,10.5,7.5,conservative,True,0.0774884433685
-27,10.5,7.5,conservative,True,0.0899796611373
-26,10.5,7.5,conservative,True,0.103298359527
-25,10.5,7.5,conservative,True,0.115882258523
-24,10.5,7.5,conservative,True,0.126200503268
-23,10.5,7.5,conservative,True,0.135371009106
-22,10.5,7.5,conservative,True,0.142406672095
-21,10.5,7.5,conservative,True,0.151440976269
-20,10.5,7.5,conservative,True,0.158916248496
-19,10.5,7.5,conservative,True,0.160712723331
-18,10.5,7.5,conservative,True,0.161831193254
-17,10.5,7.5,conservative,True,0.160247528208
-16,10.5,7.5,conservative,True,0.157425800437
-15,10.5,7.5,conservative,True,0.154921461429
-14,10.5,7.5,conservative,True,0.15002674059
-13,10.5,7.5,conservative,True,0.145858044759
-12,10.5,7.5,conservative,True,0.137295002813
-11,10.5,7.5,conservative,True,0.129458055979
-10,10.5,7.5,conservative,True,0.122858635848
-9,10.5,7.5,conservative,True,0.113579946549
-8,10.5,7.5,conservative,True,0.104748083774
-7,10.5,7.5,conservative,True,0.0962998906434
-6,10.5,7.5,conservative,True,0.0875696885315
-5,10.5,7.5,conservative,True,0.078825631833
-4,10.5,7.5,conservative,True,0.0711167233178
-3,10.5,7.5,conservative,True,0.0615761838926
-2,10.5,7.5,conservative,True,0.0515080497526
-1,10.5,7.5,conservative,True,0.0435813001789
0,10.5,7.5,conservative,True,0.0330351660245
1,10.5,7.5,conservative,True,0.0226213556344
2,10.5,7.5,conservative,True,0.0143136043619
3,10.5,7.5,conservative,True,0.0062438773721
4,10.5,7.5,conservative,True,-0.00306774346586
5,10.5,7.5,conservative,True,-0.0110690126207
6,10.5,7.5,conservative,True,-0.0201852960627
7,10.5,7.5,conservative,True,-0.0316579523872
8,10.5,7.5,conservative,True,-0.0392105191747
9,10.5,7.5,conservative,True,-0.0474398233874
10,10.5,7.5,conservative,True,-0.0533320686006
11,10.5,7.5,conservative,True,-0.061307447114
12,10.5,7.5,conservative,True,-0.0667955098371
13,10.5,7.5,conservative,True,-0.0722150598035
14,10.5,7.5,conservative,True,-0.076193586488
15,10.5,7.5,conservative,True,-0.0817957582974
16,10.5,7.5,conservative,True,-0.086776167008
17,10.5,7.5,conservative,True,-0.0895103237468
18,10.5,7.5,conservative,True,-0.0927211623373
19,10.5,7.5,conservative,True,-0.0956866350845
20,10.5,7.5,conservative,True,-0.0975834288833
21,10.5,7.5,conservative,True,-0.0969374134059
22,10.5,7.5,conservative,True,-0.102400309551
23,10.5,7.5,conservative,True,-0.106601749288
24,10.5,7.5,conservative,True,-0.109593371099
25,10.5,7.5,conservative,True,-0.112945282738
26,10.5,7.5,conservative,True,-0.117625358835
27,10.5,7.5,conservative,True,-0.121440660787
28,10.5,7.5,conservative,True,-0.125149647108
29,10.5,7.5,conservative,True,-0.128088302808
30,10.5,7.5,conservative,True,-0.134936208018
31,10.5,7.5,conservative,True,-0.139515697174
32,10.5,7.5,conservative,True,-0.146039646344
33,10.5,7.5,conservative,True,-0.152029147872
34,10.5,7.5,conservative,True,-0.155427211214
35,10.5,7.5,conservative,True,-0.160457929959
36,10.5,7.5,conservative,True,-0.164989900885
37,10.5,7.5,conservative,True,-0.165879750436
38,10.5,7.5,conservative,True,-0.16887800159
39,10.5,7.5,conservative,True,-0.168035895721
40,10.5,7.5,conservative,True,-0.16686028598
41,10.5,7.5,conservative,True,-0.164452247744
42,10.5,7.5,conservative,True,-0.162434899902
43,10.5,7.5,conservative,True,-0.155193685794
44,10.5,7.5,conservative,True,-0.149099428293
45,10.5,7.5,conservative,True,-0.139078895713
46,10.5,7.5,conservative,True,-0.129838851917
47,10.5,7.5,conservative,True,-0.118817932848
48,10.5,7.5,conservative,True,-0.102923785351
49,10.5,7.5,conservative,True,-0.0856787506043
50,10.5,7.5,conservative,True,-0.0616235144545
51,10.5,7.5,conservative,True,-0.0549901150297
52,10.5,7.5,conservative,True,-0.0380881716373
-52,11.5,7.5,conservative,True,-0.0228663225904
-51,11.5,7.5,conservative,True,-0.0299773746872
-50,11.5,7.5,conservative,True,-0.0484007421253
-49,11.5,7.5,conservative,True,-0.0581376266681
-48,11.5,7.5,conservative,True,-0.0604827046186
-47,11.5,7.5,conservative,True,-0.0610150503137
-46,11.5,7.5,conservative,True,-0.0652043434621
-45,11.5,7.5,conservative,True,-0.0665552079077
-44,11.5,7.5,conservative,True,-0.0639116077918
-43,11.5,7.5,conservative,True,-0.0573696781321
-42,11.5,7.5,conservative,True,-0.0503979553547
-41,11.5,7.5,conservative,True,-0.0448901044405
-40,11.5,7.5,conservative,True,-0.0394138603781
-39,11.5,7.5,conservative,True,-0.0335320601349
-38,11.5,7.5,conservative,True,-0.0246936421962
-37,11.5,7.5,conservative,True,-0.0158520780517
-36,11.5,7.5,conservative,True,-0.00429707929403
-35,11.5,7.5,conservative,True,0.00606673322838
-34,11.5,7.5,conservative,True,0.018168765517
-33,11.5,7.5,conservative,True,0.0308566332919
-32,11.5,7.5,conservative,True,0.0452373394164
-31,11.5,7.5,conservative,True,0.057901298399
-30,11.5,7.5,conservative,True,0.0715542790703
-29,11.5,7.5,conservative,True,0.0850616176749
-28,11.5,7.5,conservative,True,0.0976065427561
-27,11.5,7.5,conservative,True,0.107660705479
-26,11.5,7.5,conservative,True,0.11983430113
-25,11.5,7.5,conservative,True,0.133115075486
-24,11.5,7.5,conservative,True,0.14288871839
-23,11.5,7.5,conservative,True,0.151172283374
-22,11.5,7.5,conservative,True,0.156846023606
-21,11.5,7.5,conservative,True,0.163972561544
-20,11.5,7.5,conservative,True,0.169851999127
-19,11.5,7.5,conservative,True,0.172641281208
-18,11.5,7.5,conservative,True,0.173825199867
-17,11.5,7.5,conservative,True,0.171001930495
-16,11.5,7.5,conservative,True,0.166812678965
-15,11.5,7.5,conservative,True,0.16407916685
-14,11.5,7.5,conservative,True,0.158759010222
-13,11.5,7.5,conservative,True,0.151542694598
-12,11.5,7.5,conservative,True,0.14191319125
-11,11.5,7.5,conservative,True,0.134358458825
-10,11.5,7.5,conservative,True,0.127802394318
-9,11.5,7.5,conservative,True,0.118383937063
-8,11.5,7.5,conservative,True,0.10946894179
-7,11.5,7.5,conservative,True,0.101126829892
-6,11.5,7.5,conservative,True,0.0919337197668
-5,11.5,7.5,conservative,True,0.0827387258882
-4,11.5,7.5,conservative,True,0.0750983732034
-3,11.5,7.5,conservative,True,0.0658188988939
-2,11.5,7.5,conservative,True,0.0573075279548
-1,11.5,7.5,conservative,True,0.048231032608
0,11.5,7.5,conservative,True,0.0386261567423
1,11.5,7.5,conservative,True,0.0276536807041
2,11.5,7.5,conservative,True,0.0195155061402
3,11.5,7.5,conservative,True,0.0111636024867
4,11.5,7.5,conservative,True,0.00203181156641
5,11.5,7.5,conservative,True,-0.00601456068195
6,11.5,7.5,conservative,True,-0.0139586650914
7,11.5,7.5,conservative,True,-0.0244504671165
8,11.5,7.5,conservative,True,-0.0319797928899
9,11.5,7.5,conservative,True,-0.0386924952368
10,11.5,7.5,conservative,True,-0.0447762613061
11,11.5,7.5,conservative,True,-0.0525753448543
12,11.5,7.5,conservative,True,-0.0573256440798
13,11.5,7.5,conservative,True,-0.0618328699304
14,11.5,7.5,conservative,True,-0.0667844109814
15,11.5,7.5,conservative,True,-0.0717537874419
16,11.5,7.5,conservative,True,-0.0740698220732
17,11.5,7.5,conservative,True,-0.0773005185697
18,11.5,7.5,conservative,True,-0.0798837324192
19,11.5,7.5,conservative,True,-0.0808737767894
20,11.5,7.5,conservative,True,-0.0842506609752
21,11.5,7.5,conservative,True,-0.0860450078839
22,11.5,7.5,conservative,True,-0.0865924328782
23,11.5,7.5,conservative,True,-0.0894704366335
24,11.5,7.5,conservative,True,-0.0948618349005
25,11.5,7.5,conservative,True,-0.0966338207407
26,11.5,7.5,conservative,True,-0.0997299971431
27,11.5,7.5,conservative,True,-0.105102152535
28,11.5,7.5,conservative,True,-0.108337243122
29,11.5,7.5,conservative,True,-0.112307841485
30,11.5,7.5,conservative,True,-0.117977376767
31,11.5,7.5,conservative,True,-0.124228320254
32,11.5,7.5,conservative,True,-0.1290233428
33,11.5,7.5,conservative,True,-0.135551626675
34,11.5,7.5,conservative,True,-0.139721755601
35,11.5,7.5,conservative,True,-0.14230694722
36,11.5,7.5,conservative,True,-0.144733939657
37,11.5,7.5,conservative,True,-0.148692322567
38,11.5,7.5,conservative,True,-0.151308519285
39,11.5,7.5,conservative,True,-0.150259946863
40,11.5,7.5,conservative,True,-0.150997179713
41,11.5,7.5,conservative,True,-0.145736309721
42,11.5,7.5,conservative,True,-0.141078859233
43,11.5,7.5,conservative,True,-0.136306610883
44,11.5,7.5,conservative,True,-0.129218171768
45,11.5,7.5,conservative,True,-0.118815553135
46,11.5,7.5,conservative,True,-0.102173722336
47,11.5,7.5,conservative,True,-0.0943957581982
48,11.5,7.5,conservative,True,-0.0734226559777
49,11.5,7.5,conservative,True,-0.0553929027145
50,11.5,7.5,conservative,True,-0.0384606304555
51,11.5,7.5,conservative,True,-0.0253059981659
52,11.5,7.5,conservative,True,-0.00388000669874
-52,12.5,7.5,conservative,True,0.00883818573691
-51,12.5,7.5,conservative,True,-0.0023045579448
-50,12.5,7.5,conservative,True,-0.0169903668368
-49,12.5,7.5,conservative,True,-0.0338422021443
-48,12.5,7.5,conservative,True,-0.0344762629498
-47,12.5,7.5,conservative,True,-0.0372142981563
-46,12.5,7.5,conservative,True,-0.0401921279999
-45,12.5,7.5,conservative,True,-0.0385852979471
-44,12.5,7.5,conservative,True,-0.039706643016
-43,12.5,7.5,conservative,True,-0.0348059263378
-42,12.5,7.5,conservative,True,-0.0291228281818
-41,12.5,7.5,conservative,True,-0.0230221112924
-40,12.5,7.5,conservative,True,-0.0144690419143
-39,12.5,7.5,conservative,True,-0.00661249808992
-38,12.5,7.5,conservative,True,0.000496242091319
-37,12.5,7.5,conservative,True,0.00958454699891
-36,12.5,7.5,conservative,True,0.0209650070209
-35,12.5,7.5,conservative,True,0.0297075234072
-34,12.5,7.5,conservative,True,0.0405568205367
-33,12.5,7.5,conservative,True,0.0531092531192
-32,12.5,7.5,conservative,True,0.0676919397006
-31,12.5,7.5,conservative,True,0.0801873416998
-30,12.5,7.5,conservative,True,0.0928101760312
-29,12.5,7.5,conservative,True,0.105926814817
-28,12.5,7.5,conservative,True,0.117095392748
-27,12.5,7.5,conservative,True,0.1269757481
-26,12.5,7.5,conservative,True,0.138802109031
-25,12.5,7.5,conservative,True,0.149111355772
-24,12.5,7.5,conservative,True,0.155970272661
-23,12.5,7.5,conservative,True,0.164788979871
-22,12.5,7.5,conservative,True,0.170150885687
-21,12.5,7.5,conservative,True,0.177007639913
-20,12.5,7.5,conservative,True,0.183002290697
-19,12.5,7.5,conservative,True,0.18527182239
-18,12.5,7.5,conservative,True,0.18234260187
-17,12.5,7.5,conservative,True,0.178527491062
-16,12.5,7.5,conservative,True,0.17371819232
-15,12.5,7.5,conservative,True,0.168757428025
-14,12.5,7.5,conservative,True,0.163003999939
-13,12.5,7.5,conservative,True,0.155436326672
-12,12.5,7.5,conservative,True,0.149501153518
-11,12.5,7.5,conservative,True,0.139108328414
-10,12.5,7.5,conservative,True,0.131473960563
-9,12.5,7.5,conservative,True,0.122342273945
-8,12.5,7.5,conservative,True,0.113737625781
-7,12.5,7.5,conservative,True,0.104655856935
-6,12.5,7.5,conservative,True,0.0946505934302
-5,12.5,7.5,conservative,True,0.0872415371818
-4,12.5,7.5,conservative,True,0.0787435166645
-3,12.5,7.5,conservative,True,0.0703576070503
-2,12.5,7.5,conservative,True,0.0607677110959
-1,12.5,7.5,conservative,True,0.0502200899678
0,12.5,7.5,conservative,True,0.041404892085
1,12.5,7.5,conservative,True,0.0327296536435
2,12.5,7.5,conservative,True,0.0242145431079
3,12.5,7.5,conservative,True,0.015428802822
4,12.5,7.5,conservative,True,0.00779926363118
5,12.5,7.5,conservative,True,-5.24886434408e-05
6,12.5,7.5,conservative,True,-0.00792621773039
7,12.5,7.5,conservative,True,-0.0152476891706
8,12.5,7.5,conservative,True,-0.0228532908155
9,12.5,7.5,conservative,True,-0.0304134602145
10,12.5,7.5,conservative,True,-0.0368907990182
11,12.5,7.5,conservative,True,-0.0444669630416
12,12.5,7.5,conservative,True,-0.0495266284051
13,12.5,7.5,conservative,True,-0.053005634906
14,12.5,7.5,conservative,True,-0.0564993953416
15,12.5,7.5,conservative,True,-0.0601353537201
16,12.5,7.5,conservative,True,-0.0634100045574
17,12.5,7.5,conservative,True,-0.0643757430317
18,12.5,7.5,conservative,True,-0.0657969227635
19,12.5,7.5,conservative,True,-0.0682263364156
20,12.5,7.5,conservative,True,-0.0703787877824
21,12.5,7.5,conservative,True,-0.0694395226953
22,12.5,7.5,conservative,True,-0.0710826239685
23,12.5,7.5,conservative,True,-0.0729952956719
24,12.5,7.5,conservative,True,-0.0773791025967
25,12.5,7.5,conservative,True,-0.0797614400261
26,12.5,7.5,conservative,True,-0.0831815807268
27,12.5,7.5,conservative,True,-0.0877809861299
28,12.5,7.5,conservative,True,-0.0904435090166
29,12.5,7.5,conservative,True,-0.0933925339275
30,12.5,7.5,conservative,True,-0.0992145463827
31,12.5,7.5,conservative,True,-0.104637170278
32,12.5,7.5,conservative,True,-0.111081768574
33,12.5,7.5,conservative,True,-0.114525595694
34,12.5,7.5,conservative,True,-0.119470708221
35,12.5,7.5,conservative,True,-0.122906873642
36,12.5,7.5,conservative,True,-0.127563501787
37,12.5,7.5,conservative,True,-0.129920540449
38,12.5,7.5,conservative,True,-0.132464613996
39,12.5,7.5,conservative,True,-0.129205947198
40,12.5,7.5,conservative,True,-0.127040794256
41,12.5,7.5,conservative,True,-0.122636984248
42,12.5,7.5,conservative,True,-0.117706636279
43,12.5,7.5,conservative,True,-0.116430253769
44,12.5,7.5,conservative,True,-0.103894400509
45,12.5,7.5,conservative,True,-0.0916535597524
46,12.5,7.5,conservative,True,-0.0800276049766
47,12.5,7.5,conservative,True,-0.0645579777399
48,12.5,7.5,conservative,True,-0.0529617585269
49,12.5,7.5,conservative,True,-0.0279330734859
50,12.5,7.5,conservative,True,-0.00132583131077
51,12.5,7.5,conservative,True,0.0194877482958
52,12.5,7.5,conservative,True,0.0252800596069
-52,13.5,7.5,conservative,True,0.0397238042977
-51,13.5,7.5,conservative,True,0.032368252637
-50,13.5,7.5,conservative,True,0.0219714469247
-49,13.5,7.5,conservative,True,0.00135209741892
-48,13.5,7.5,conservative,True,-0.0078281479836
-47,13.5,7.5,conservative,True,-0.00912523156771
-46,13.5,7.5,conservative,True,-0.0100708810357
-45,13.5,7.5,conservative,True,-0.0111599292667
-44,13.5,7.5,conservative,True,-0.0122881050517
-43,13.5,7.5,conservative,True,-0.00650288069588
-42,13.5,7.5,conservative,True,-0.000731562036922
-41,13.5,7.5,conservative,True,0.00244402752363
-40,13.5,7.5,conservative,True,0.0126952382074
-39,13.5,7.5,conservative,True,0.020491213653
-38,13.5,7.5,conservative,True,0.0283732951587
-37,13.5,7.5,conservative,True,0.0390946542308
-36,13.5,7.5,conservative,True,0.0457680982535
-35,13.5,7.5,conservative,True,0.0561207706535
-34,13.5,7.5,conservative,True,0.065421948459
-33,13.5,7.5,conservative,True,0.0778607775641
-32,13.5,7.5,conservative,True,0.0918277599508
-31,13.5,7.5,conservative,True,0.103684108632
-30,13.5,7.5,conservative,True,0.116606820818
-29,13.5,7.5,conservative,True,0.127011865213
-28,13.5,7.5,conservative,True,0.139758853844
-27,13.5,7.5,conservative,True,0.148879984491
-26,13.5,7.5,conservative,True,0.15749847213
-25,13.5,7.5,conservative,True,0.164866587578
-24,13.5,7.5,conservative,True,0.173852990551
-23,13.5,7.5,conservative,True,0.181660557101
-22,13.5,7.5,conservative,True,0.187265714532
-21,13.5,7.5,conservative,True,0.192682051347
-20,13.5,7.5,conservative,True,0.194066964799
-19,13.5,7.5,conservative,True,0.194815262148
-18,13.5,7.5,conservative,True,0.19236608285
-17,13.5,7.5,conservative,True,0.187807529702
-16,13.5,7.5,conservative,True,0.183395315718
-15,13.5,7.5,conservative,True,0.176233274689
-14,13.5,7.5,conservative,True,0.169774219762
-13,13.5,7.5,conservative,True,0.160777280692
-12,13.5,7.5,conservative,True,0.154493268371
-11,13.5,7.5,conservative,True,0.146795207448
-10,13.5,7.5,conservative,True,0.135296998827
-9,13.5,7.5,conservative,True,0.12543296095
-8,13.5,7.5,conservative,True,0.114764650651
-7,13.5,7.5,conservative,True,0.107669792623
-6,13.5,7.5,conservative,True,0.0985737897448
-5,13.5,7.5,conservative,True,0.0903298682017
-4,13.5,7.5,conservative,True,0.0811679432831
-3,13.5,7.5,conservative,True,0.070895071197
-2,13.5,7.5,conservative,True,0.0623524771368
-1,13.5,7.5,conservative,True,0.0530255522179
0,13.5,7.5,conservative,True,0.0456485369997
1,13.5,7.5,conservative,True,0.0368548000896
2,13.5,7.5,conservative,True,0.029091648631
3,13.5,7.5,conservative,True,0.0199062406884
4,13.5,7.5,conservative,True,0.0125448300278
5,13.5,7.5,conservative,True,0.00545229530498
6,13.5,7.5,conservative,True,-0.00146337332046
7,13.5,7.5,conservative,True,-0.00903685153966
8,13.5,7.5,conservative,True,-0.0156238778253
9,13.5,7.5,conservative,True,-0.0241295735183
10,13.5,7.5,conservative,True,-0.0299401982301
11,13.5,7.5,conservative,True,-0.0351278494277
12,13.5,7.5,conservative,True,-0.0400101318316
13,13.5,7.5,conservative,True,-0.0432657123649
14,13.5,7.5,conservative,True,-0.0464798546527
15,13.5,7.5,conservative,True,-0.050360059384
16,13.5,7.5,conservative,True,-0.0521166902032
17,13.5,7.5,conservative,True,-0.051367287451
18,13.5,7.5,conservative,True,-0.052864043056
19,13.5,7.5,conservative,True,-0.0550811431558
20,13.5,7.5,conservative,True,-0.0537421424174
21,13.5,7.5,conservative,True,-0.0538539233799
22,13.5,7.5,conservative,True,-0.0555287660208
23,13.5,7.5,conservative,True,-0.0577313024433
24,13.5,7.5,conservative,True,-0.0596595095176
25,13.5,7.5,conservative,True,-0.0625366063608
26,13.5,7.5,conservative,True,-0.0671567615965
27,13.5,7.5,conservative,True,-0.0701730566178
28,13.5,7.5,conservative,True,-0.0719228494156
29,13.5,7.5,conservative,True,-0.0762415040241
30,13.5,7.5,conservative,True,-0.0816780898192
31,13.5,7.5,conservative,True,-0.0859943713712
32,13.5,7.5,conservative,True,-0.0910433569955
33,13.5,7.5,conservative,True,-0.0972974856087
34,13.5,7.5,conservative,True,-0.102942402387
35,13.5,7.5,conservative,True,-0.104642480317
36,13.5,7.5,conservative,True,-0.105923859969
37,13.5,7.5,conservative,True,-0.106325546839
38,13.5,7.5,conservative,True,-0.107093897194
39,13.5,7.5,conservative,True,-0.103355403949
40,13.5,7.5,conservative,True,-0.103905744478
41,13.5,7.5,conservative,True,-0.103150003703
42,13.5,7.5,conservative,True,-0.10001177684
43,13.5,7.5,conservative,True,-0.0880741359798
44,13.5,7.5,conservative,True,-0.0778310761835
45,13.5,7.5,conservative,True,-0.0654298973433
46,13.5,7.5,conservative,True,-0.0496562592312
47,13.5,7.5,conservative,True,-0.0332416442982
48,13.5,7.5,conservative,True,-0.0171320040158
49,13.5,7.5,conservative,True,0.0111921291406
50,13.5,7.5,conservative,True,0.0429976406075
51,13.5,7.5,conservative,True,0.0610697225052
52,13.5,7.5,conservative,True,0.0720153058949
-52,14.5,7.5,conservative,True,0.0703601636036
-51,14.5,7.5,conservative,True,0.0675707574182
-50,14.5,7.5,conservative,True,0.0570299073161
-49,14.5,7.5,conservative,True,0.0398094762965
-48,14.5,7.5,conservative,True,0.0274322535504
-47,14.5,7.5,conservative,True,0.0199350890031
-46,14.5,7.5,conservative,True,0.0212275285127
-45,14.5,7.5,conservative,True,0.0236742783201
-44,14.5,7.5,conservative,True,0.024949126975
-43,14.5,7.5,conservative,True,0.0256758983936
-42,14.5,7.5,conservative,True,0.0302452354411
-41,14.5,7.5,conservative,True,0.0358668729845
-40,14.5,7.5,conservative,True,0.0421434692084
-39,14.5,7.5,conservative,True,0.0474695915055
-38,14.5,7.5,conservative,True,0.0568286715429
-37,14.5,7.5,conservative,True,0.0659184652442
-36,14.5,7.5,conservative,True,0.0739392133184
-35,14.5,7.5,conservative,True,0.0852191300182
-34,14.5,7.5,conservative,True,0.0936763014231
-33,14.5,7.5,conservative,True,0.105102667397
-32,14.5,7.5,conservative,True,0.116376677691
-31,14.5,7.5,conservative,True,0.129606326943
-30,14.5,7.5,conservative,True,0.143079748505
-29,14.5,7.5,conservative,True,0.15312935087
-28,14.5,7.5,conservative,True,0.161562746394
-27,14.5,7.5,conservative,True,0.170461609659
-26,14.5,7.5,conservative,True,0.178077386238
-25,14.5,7.5,conservative,True,0.184352822148
-24,14.5,7.5,conservative,True,0.19237113646
-23,14.5,7.5,conservative,True,0.199393996822
-22,14.5,7.5,conservative,True,0.203262872839
-21,14.5,7.5,conservative,True,0.205632950979
-20,14.5,7.5,conservative,True,0.206114257073
-19,14.5,7.5,conservative,True,0.203576644051
-18,14.5,7.5,conservative,True,0.200310578247
-17,14.5,7.5,conservative,True,0.196788528138
-16,14.5,7.5,conservative,True,0.191128037929
-15,14.5,7.5,conservative,True,0.184270307354
-14,14.5,7.5,conservative,True,0.177492303818
-13,14.5,7.5,conservative,True,0.167044149502
-12,14.5,7.5,conservative,True,0.157563965196
-11,14.5,7.5,conservative,True,0.150651673565
-10,14.5,7.5,conservative,True,0.139322557937
-9,14.5,7.5,conservative,True,0.128459428137
-8,14.5,7.5,conservative,True,0.121051006093
-7,14.5,7.5,conservative,True,0.109603002289
-6,14.5,7.5,conservative,True,0.100985269432
-5,14.5,7.5,conservative,True,0.0916180055576
-4,14.5,7.5,conservative,True,0.081372356844
-3,14.5,7.5,conservative,True,0.0729629312474
-2,14.5,7.5,conservative,True,0.0638624983187
-1,14.5,7.5,conservative,True,0.0552242995751
0,14.5,7.5,conservative,True,0.0474733621647
1,14.5,7.5,conservative,True,0.0405388645316
2,14.5,7.5,conservative,True,0.0339914358004
3,14.5,7.5,conservative,True,0.0257144559079
4,14.5,7.5,conservative,True,0.018324905418
5,14.5,7.5,conservative,True,0.0108766201925
6,14.5,7.5,conservative,True,0.00370785957585
7,14.5,7.5,conservative,True,-0.00268127161742
8,14.5,7.5,conservative,True,-0.00774349840701
9,14.5,7.5,conservative,True,-0.0149596306656
10,14.5,7.5,conservative,True,-0.0202513793947
11,14.5,7.5,conservative,True,-0.0264523903085
12,14.5,7.5,conservative,True,-0.0313745442268
13,14.5,7.5,conservative,True,-0.0344562958493
14,14.5,7.5,conservative,True,-0.0365702643967
15,14.5,7.5,conservative,True,-0.0393598469601
16,14.5,7.5,conservative,True,-0.0407564324609
17,14.5,7.5,conservative,True,-0.040734696714
18,14.5,7.5,conservative,True,-0.0412415755123
19,14.5,7.5,conservative,True,-0.0400500726621
20,14.5,7.5,conservative,True,-0.0397886296235
21,14.5,7.5,conservative,True,-0.0413475448036
22,14.5,7.5,conservative,True,-0.0393144004655
23,14.5,7.5,conservative,True,-0.0416397793111
24,14.5,7.5,conservative,True,-0.0438399238962
25,14.5,7.5,conservative,True,-0.0450022944994
26,14.5,7.5,conservative,True,-0.0489143773427
27,14.5,7.5,conservative,True,-0.0526107145157
28,14.5,7.5,conservative,True,-0.0549718444214
29,14.5,7.5,conservative,True,-0.0595987379013
30,14.5,7.5,conservative,True,-0.062431757296
31,14.5,7.5,conservative,True,-0.0665096921775
32,14.5,7.5,conservative,True,-0.0711955972361
33,14.5,7.5,conservative,True,-0.0770164017676
34,14.5,7.5,conservative,True,-0.0804157006122
35,14.5,7.5,conservative,True,-0.0846218166132
36,14.5,7.5,conservative,True,-0.0838654971083
37,14.5,7.5,conservative,True,-0.0825760526491
38,14.5,7.5,conservative,True,-0.0831044547561
39,14.5,7.5,conservative,True,-0.0837460701658
40,14.5,7.5,conservative,True,-0.0828708532609
41,14.5,7.5,conservative,True,-0.0761761174975
42,14.5,7.5,conservative,True,-0.0690717479081
43,14.5,7.5,conservative,True,-0.0577775702632
44,14.5,7.5,conservative,True,-0.0447639447706
45,14.5,7.5,conservative,True,-0.0343971216563
46,14.5,7.5,conservative,True,-0.0184324096071
47,14.5,7.5,conservative,True,0.000843918923633
48,14.5,7.5,conservative,True,0.0209275642722
49,14.5,7.5,conservative,True,0.0528694163812
50,14.5,7.5,conservative,True,0.0818499489311
51,14.5,7.5,conservative,True,0.0942664079007
52,14.5,7.5,conservative,True,0.12911487849
-52,15.5,7.5,conservative,True,0.112021011077
-51,15.5,7.5,conservative,True,0.103653307067
-50,15.5,7.5,conservative,True,0.0849503661769
-49,15.5,7.5,conservative,True,0.080814887882
-48,15.5,7.5,conservative,True,0.0660997903934
-47,15.5,7.5,conservative,True,0.06011485542
-46,15.5,7.5,conservative,True,0.0555504547011
-45,15.5,7.5,conservative,True,0.0550276884713
-44,15.5,7.5,conservative,True,0.0596919146407
-43,15.5,7.5,conservative,True,0.0596969346485
-42,15.5,7.5,conservative,True,0.0635115692835
-41,15.5,7.5,conservative,True,0.0659969978997
-40,15.5,7.5,conservative,True,0.0736747458551
-39,15.5,7.5,conservative,True,0.0797468239984
-38,15.5,7.5,conservative,True,0.0870943107639
-37,15.5,7.5,conservative,True,0.0978928227427
-36,15.5,7.5,conservative,True,0.104534576678
-35,15.5,7.5,conservative,True,0.114770944505
-34,15.5,7.5,conservative,True,0.124686442254
-33,15.5,7.5,conservative,True,0.134975531091
-32,15.5,7.5,conservative,True,0.143674437031
-31,15.5,7.5,conservative,True,0.156604289266
-30,15.5,7.5,conservative,True,0.166464484501
-29,15.5,7.5,conservative,True,0.177186029574
-28,15.5,7.5,conservative,True,0.185254711789
-27,15.5,7.5,conservative,True,0.193027305851
-26,15.5,7.5,conservative,True,0.197451801979
-25,15.5,7.5,conservative,True,0.202303394288
-24,15.5,7.5,conservative,True,0.208900899976
-23,15.5,7.5,conservative,True,0.215541060032
-22,15.5,7.5,conservative,True,0.219960806668
-21,15.5,7.5,conservative,True,0.221087077309
-20,15.5,7.5,conservative,True,0.218960036462
-19,15.5,7.5,conservative,True,0.214603372176
-18,15.5,7.5,conservative,True,0.21085627516
-17,15.5,7.5,conservative,True,0.206506432808
-16,15.5,7.5,conservative,True,0.199302657172
-15,15.5,7.5,conservative,True,0.190467563871
-14,15.5,7.5,conservative,True,0.183589569284
-13,15.5,7.5,conservative,True,0.173067723907
-12,15.5,7.5,conservative,True,0.163913070094
-11,15.5,7.5,conservative,True,0.15388502929
-10,15.5,7.5,conservative,True,0.145857589792
-9,15.5,7.5,conservative,True,0.13427548086
-8,15.5,7.5,conservative,True,0.123443391731
-7,15.5,7.5,conservative,True,0.112206367422
-6,15.5,7.5,conservative,True,0.102942737276
-5,15.5,7.5,conservative,True,0.0944179009955
-4,15.5,7.5,conservative,True,0.0836026271132
-3,15.5,7.5,conservative,True,0.075339368475
-2,15.5,7.5,conservative,True,0.0664883741178
-1,15.5,7.5,conservative,True,0.0579959335768
0,15.5,7.5,conservative,True,0.0510098380912
1,15.5,7.5,conservative,True,0.0426272814203
2,15.5,7.5,conservative,True,0.0356390962945
3,15.5,7.5,conservative,True,0.0284796735271
4,15.5,7.5,conservative,True,0.0220647291028
5,15.5,7.5,conservative,True,0.0145958905214
6,15.5,7.5,conservative,True,0.00880080793703
7,15.5,7.5,conservative,True,0.00345965845401
8,15.5,7.5,conservative,True,-0.00197155192572
9,15.5,7.5,conservative,True,-0.00865198585875
10,15.5,7.5,conservative,True,-0.0117906898135
11,15.5,7.5,conservative,True,-0.0177338056017
12,15.5,7.5,conservative,True,-0.0224528225269
13,15.5,7.5,conservative,True,-0.0232451963206
14,15.5,7.5,conservative,True,-0.0266865923005
15,15.5,7.5,conservative,True,-0.0287812980963
16,15.5,7.5,conservative,True,-0.0305908466305
17,15.5,7.5,conservative,True,-0.0286984265267
18,15.5,7.5,conservative,True,-0.0278758901206
19,15.5,7.5,conservative,True,-0.0265945884889
20,15.5,7.5,conservative,True,-0.0268591518024
21,15.5,7.5,conservative,True,-0.0253699086172
22,15.5,7.5,conservative,True,-0.0267696890004
23,15.5,7.5,conservative,True,-0.0263044445476
24,15.5,7.5,conservative,True,-0.0271200640546
25,15.5,7.5,conservative,True,-0.0282996787607
26,15.5,7.5,conservative,True,-0.0323834466065
27,15.5,7.5,conservative,True,-0.0341310808559
28,15.5,7.5,conservative,True,-0.0364779434879
29,15.5,7.5,conservative,True,-0.0407150266118
30,15.5,7.5,conservative,True,-0.0447729097681
31,15.5,7.5,conservative,True,-0.0486675641057
32,15.5,7.5,conservative,True,-0.0515319001371
33,15.5,7.5,conservative,True,-0.0567693125432
34,15.5,7.5,conservative,True,-0.060186128789
35,15.5,7.5,conservative,True,-0.060536441608
36,15.5,7.5,conservative,True,-0.0596196104852
37,15.5,7.5,conservative,True,-0.0594820360163
38,15.5,7.5,conservative,True,-0.0575259266915
39,15.5,7.5,conservative,True,-0.0558563052356
40,15.5,7.5,conservative,True,-0.0542914543862
41,15.5,7.5,conservative,True,-0.0457612474185
42,15.5,7.5,conservative,True,-0.0389740258976
43,15.5,7.5,conservative,True,-0.0271500767102
44,15.5,7.5,conservative,True,-0.0146250869845
45,15.5,7.5,conservative,True,0.00100335098917
46,15.5,7.5,conservative,True,0.0160037448136
47,15.5,7.5,conservative,True,0.033409544963
48,15.5,7.5,conservative,True,0.0668801660264
49,15.5,7.5,conservative,True,0.0870041560081
50,15.5,7.5,conservative,True,0.112382695175
51,15.5,7.5,conservative,True,0.153126621187
52,15.5,7.5,conservative,True,0.17002190512
-52,16.5,7.5,conservative,True,0.141441789696
-51,16.5,7.5,conservative,True,0.140955149941
-50,16.5,7.5,conservative,True,0.121400094501
-49,16.5,7.5,conservative,True,0.112716110047
-48,16.5,7.5,conservative,True,0.104334830935
-47,16.5,7.5,conservative,True,0.0952690694881
-46,16.5,7.5,conservative,True,0.0915034919016
-45,16.5,7.5,conservative,True,0.0859507208759
-44,16.5,7.5,conservative,True,0.0915691810421
-43,16.5,7.5,conservative,True,0.0991519869965
-42,16.5,7.5,conservative,True,0.0982663675972
-41,16.5,7.5,conservative,True,0.0977748071128
-40,16.5,7.5,conservative,True,0.104082055575
-39,16.5,7.5,conservative,True,0.111929059252
-38,16.5,7.5,conservative,True,0.11852540152
-37,16.5,7.5,conservative,True,0.125285488452
-36,16.5,7.5,conservative,True,0.132637778971
-35,16.5,7.5,conservative,True,0.1419350243
-34,16.5,7.5,conservative,True,0.151103166829
-33,16.5,7.5,conservative,True,0.158567629206
-32,16.5,7.5,conservative,True,0.170425479665
-31,16.5,7.5,conservative,True,0.182771756343
-30,16.5,7.5,conservative,True,0.19073285391
-29,16.5,7.5,conservative,True,0.201837145562
-28,16.5,7.5,conservative,True,0.209439616565
-27,16.5,7.5,conservative,True,0.21468395288
-26,16.5,7.5,conservative,True,0.217657749985
-25,16.5,7.5,conservative,True,0.223520241383
-24,16.5,7.5,conservative,True,0.227708578823
-23,16.5,7.5,conservative,True,0.233188067927
-22,16.5,7.5,conservative,True,0.234242987224
-21,16.5,7.5,conservative,True,0.232873510965
-20,16.5,7.5,conservative,True,0.231168851279
-19,16.5,7.5,conservative,True,0.227778478364
-18,16.5,7.5,conservative,True,0.222223239797
-17,16.5,7.5,conservative,True,0.217733354079
-16,16.5,7.5,conservative,True,0.209039552113
-15,16.5,7.5,conservative,True,0.19898438652
-14,16.5,7.5,conservative,True,0.188614888191
-13,16.5,7.5,conservative,True,0.17945472901
-12,16.5,7.5,conservative,True,0.1702469374
-11,16.5,7.5,conservative,True,0.158363257061
-10,16.5,7.5,conservative,True,0.148629192819
-9,16.5,7.5,conservative,True,0.13795723357
-8,16.5,7.5,conservative,True,0.126046667761
-7,16.5,7.5,conservative,True,0.115192461582
-6,16.5,7.5,conservative,True,0.105036854331
-5,16.5,7.5,conservative,True,0.0965957463566
-4,16.5,7.5,conservative,True,0.0848884700707
-3,16.5,7.5,conservative,True,0.0767561619399
-2,16.5,7.5,conservative,True,0.0686132462997
-1,16.5,7.5,conservative,True,0.0615312853284
0,16.5,7.5,conservative,True,0.0529274777286
1,16.5,7.5,conservative,True,0.0462298704962
2,16.5,7.5,conservative,True,0.0392747824938
3,16.5,7.5,conservative,True,0.0315386322351
4,16.5,7.5,conservative,True,0.0230423448259
5,16.5,7.5,conservative,True,0.0176667841351
6,16.5,7.5,conservative,True,0.0143111974775
7,16.5,7.5,conservative,True,0.00832604211631
8,16.5,7.5,conservative,True,0.00458558813029
9,16.5,7.5,conservative,True,-0.00200587755701
10,16.5,7.5,conservative,True,-0.00722517050523
11,16.5,7.5,conservative,True,-0.0104477014833
12,16.5,7.5,conservative,True,-0.0149433759522
13,16.5,7.5,conservative,True,-0.0163131303372
14,16.5,7.5,conservative,True,-0.0161278806061
15,16.5,7.5,conservative,True,-0.0168042772544
16,16.5,7.5,conservative,True,-0.0151632182487
17,16.5,7.5,conservative,True,-0.0139013901787
18,16.5,7.5,conservative,True,-0.0122702770528
19,16.5,7.5,conservative,True,-0.0125683912644
20,16.5,7.5,conservative,True,-0.0123555772731
21,16.5,7.5,conservative,True,-0.0128831213072
22,16.5,7.5,conservative,True,-0.0112371370509
23,16.5,7.5,conservative,True,-0.00878601245831
24,16.5,7.5,conservative,True,-0.00896604912486
25,16.5,7.5,conservative,True,-0.0118858496029
26,16.5,7.5,conservative,True,-0.0125794598551
27,16.5,7.5,conservative,True,-0.0149203581171
28,16.5,7.5,conservative,True,-0.0186172389734
29,16.5,7.5,conservative,True,-0.0203909003466
30,16.5,7.5,conservative,True,-0.023548698371
31,16.5,7.5,conservative,True,-0.0281572803756
32,16.5,7.5,conservative,True,-0.0282945911951
33,16.5,7.5,conservative,True,-0.0326267595332
34,16.5,7.5,conservative,True,-0.0383086497214
35,16.5,7.5,conservative,True,-0.0374098225837
36,16.5,7.5,conservative,True,-0.0354213424812
37,16.5,7.5,conservative,True,-0.0331973415399
38,16.5,7.5,conservative,True,-0.0332153053446
39,16.5,7.5,conservative,True,-0.0281194433467
40,16.5,7.5,conservative,True,-0.019820909001
41,16.5,7.5,conservative,True,-0.0133841622325
42,16.5,7.5,conservative,True,-0.00762732077804
43,16.5,7.5,conservative,True,0.00761813967706
44,16.5,7.5,conservative,True,0.0164565965157
45,16.5,7.5,conservative,True,0.0319709106936
46,16.5,7.5,conservative,True,0.0539362929889
47,16.5,7.5,conservative,True,0.0774583375921
48,16.5,7.5,conservative,True,0.101383217326
49,16.5,7.5,conservative,True,0.125834843464
50,16.5,7.5,conservative,True,0.154246383083
51,16.5,7.5,conservative,True,0.19183471392
52,16.5,7.5,conservative,True,0.21782784362
-52,17.5,7.5,conservative,True,0.181021259213
-51,17.5,7.5,conservative,True,0.17239810325
-50,17.5,7.5,conservative,True,0.157680792283
-49,17.5,7.5,conservative,True,0.143612930226
-48,17.5,7.5,conservative,True,0.13749556856
-47,17.5,7.5,conservative,True,0.134646453604
-46,17.5,7.5,conservative,True,0.12742450483
-45,17.5,7.5,conservative,True,0.127940308103
-44,17.5,7.5,conservative,True,0.128178356929
-43,17.5,7.5,conservative,True,0.132546016099
-42,17.5,7.5,conservative,True,0.133365084232
-41,17.5,7.5,conservative,True,0.129396073127
-40,17.5,7.5,conservative,True,0.133526232456
-39,17.5,7.5,conservative,True,0.140848727914
-38,17.5,7.5,conservative,True,0.149346319396
-37,17.5,7.5,conservative,True,0.154682829349
-36,17.5,7.5,conservative,True,0.162080259356
-35,17.5,7.5,conservative,True,0.169313542576
-34,17.5,7.5,conservative,True,0.177718008384
-33,17.5,7.5,conservative,True,0.1858941684
-32,17.5,7.5,conservative,True,0.194195443237
-31,17.5,7.5,conservative,True,0.20726097002
-30,17.5,7.5,conservative,True,0.21527991762
-29,17.5,7.5,conservative,True,0.222018658556
-28,17.5,7.5,conservative,True,0.229480629838
-27,17.5,7.5,conservative,True,0.235191970814
-26,17.5,7.5,conservative,True,0.239540078801
-25,17.5,7.5,conservative,True,0.242040241132
-24,17.5,7.5,conservative,True,0.24742696985
-23,17.5,7.5,conservative,True,0.24793211893
-22,17.5,7.5,conservative,True,0.24800523726
-21,17.5,7.5,conservative,True,0.245275006764
-20,17.5,7.5,conservative,True,0.245419989584
-19,17.5,7.5,conservative,True,0.242671515885
-18,17.5,7.5,conservative,True,0.234682986787
-17,17.5,7.5,conservative,True,0.227668592926
-16,17.5,7.5,conservative,True,0.218610071499
-15,17.5,7.5,conservative,True,0.207647940105
-14,17.5,7.5,conservative,True,0.195091114871
-13,17.5,7.5,conservative,True,0.184529015027
-12,17.5,7.5,conservative,True,0.174429331868
-11,17.5,7.5,conservative,True,0.163120048094
-10,17.5,7.5,conservative,True,0.151802575857
-9,17.5,7.5,conservative,True,0.139081442245
-8,17.5,7.5,conservative,True,0.127385136633
-7,17.5,7.5,conservative,True,0.117480921931
-6,17.5,7.5,conservative,True,0.106246541329
-5,17.5,7.5,conservative,True,0.0966734984772
-4,17.5,7.5,conservative,True,0.0880410024667
-3,17.5,7.5,conservative,True,0.0792049268193
-2,17.5,7.5,conservative,True,0.0706326428762
-1,17.5,7.5,conservative,True,0.0631763778076
0,17.5,7.5,conservative,True,0.0559634889814
1,17.5,7.5,conservative,True,0.0498124824173
2,17.5,7.5,conservative,True,0.0414977850446
3,17.5,7.5,conservative,True,0.036892148589
4,17.5,7.5,conservative,True,0.029167519769
5,17.5,7.5,conservative,True,0.0232217810537
6,17.5,7.5,conservative,True,0.0168761098735
7,17.5,7.5,conservative,True,0.0129110901276
8,17.5,7.5,conservative,True,0.00924203128074
9,17.5,7.5,conservative,True,0.00448152635966
10,17.5,7.5,conservative,True,-0.000604838602782
11,17.5,7.5,conservative,True,-0.00330492942757
12,17.5,7.5,conservative,True,-0.00459060564573
13,17.5,7.5,conservative,True,-0.00560886893455
14,17.5,7.5,conservative,True,-0.00462374755554
15,17.5,7.5,conservative,True,-0.00445106440023
16,17.5,7.5,conservative,True,-0.00326110181339
17,17.5,7.5,conservative,True,-0.000884142151598
18,17.5,7.5,conservative,True,-0.00176808740785
19,17.5,7.5,conservative,True,8.30300274763e-05
20,17.5,7.5,conservative,True,0.00330989595944
21,17.5,7.5,conservative,True,0.00158999481943
22,17.5,7.5,conservative,True,0.00571700448955
23,17.5,7.5,conservative,True,0.00814541008166
24,17.5,7.5,conservative,True,0.00817108893378
25,17.5,7.5,conservative,True,0.00966751981386
26,17.5,7.5,conservative,True,0.0104109757792
27,17.5,7.5,conservative,True,0.00454327051445
28,17.5,7.5,conservative,True,0.00184750733059
29,17.5,7.5,conservative,True,0.000681900378937
30,17.5,7.5,conservative,True,0.0015755244438
31,17.5,7.5,conservative,True,-0.0016434365358
32,17.5,7.5,conservative,True,-0.00431461256073
33,17.5,7.5,conservative,True,-0.00689635988693
34,17.5,7.5,conservative,True,-0.0105240239059
35,17.5,7.5,conservative,True,-0.00877072426809
36,17.5,7.5,conservative,True,-0.00758742192036
37,17.5,7.5,conservative,True,-0.00566648011633
38,17.5,7.5,conservative,True,-0.00217548143192
39,17.5,7.5,conservative,True,0.00309207635252
40,17.5,7.5,conservative,True,0.010015796303
41,17.5,7.5,conservative,True,0.016602105801
42,17.5,7.5,conservative,True,0.025919585169
43,17.5,7.5,conservative,True,0.038737967715
44,17.5,7.5,conservative,True,0.0507103284333
45,17.5,7.5,conservative,True,0.069920249867
46,17.5,7.5,conservative,True,0.0935169137345
47,17.5,7.5,conservative,True,0.116466455761
48,17.5,7.5,conservative,True,0.143325386035
49,17.5,7.5,conservative,True,0.171924029423
50,17.5,7.5,conservative,True,0.196915497822
51,17.5,7.5,conservative,True,0.239872520193
52,17.5,7.5,conservative,True,0.270018363965
-52,18.5,7.5,conservative,True,0.222611791581
-51,18.5,7.5,conservative,True,0.207762680025
-50,18.5,7.5,conservative,True,0.182725857625
-49,18.5,7.5,conservative,True,0.174612898416
-48,18.5,7.5,conservative,True,0.170696262964
-47,18.5,7.5,conservative,True,0.168321318641
-46,18.5,7.5,conservative,True,0.162646764708
-45,18.5,7.5,conservative,True,0.165206737141
-44,18.5,7.5,conservative,True,0.167517234819
-43,18.5,7.5,conservative,True,0.168773328957
-42,18.5,7.5,conservative,True,0.168314351813
-41,18.5,7.5,conservative,True,0.166671829168
-40,18.5,7.5,conservative,True,0.16756456349
-39,18.5,7.5,conservative,True,0.173865409764
-38,18.5,7.5,conservative,True,0.17699033475
-37,18.5,7.5,conservative,True,0.185925465871
-36,18.5,7.5,conservative,True,0.191887415912
-35,18.5,7.5,conservative,True,0.199677792066
-34,18.5,7.5,conservative,True,0.206360804655
-33,18.5,7.5,conservative,True,0.211475995958
-32,18.5,7.5,conservative,True,0.21698710764
-31,18.5,7.5,conservative,True,0.229113066138
-30,18.5,7.5,conservative,True,0.237316316678
-29,18.5,7.5,conservative,True,0.245143761197
-28,18.5,7.5,conservative,True,0.251107131217
-27,18.5,7.5,conservative,True,0.254720438088
-26,18.5,7.5,conservative,True,0.260142031812
-25,18.5,7.5,conservative,True,0.262775706821
-24,18.5,7.5,conservative,True,0.265777094729
-23,18.5,7.5,conservative,True,0.265033663354
-22,18.5,7.5,conservative,True,0.262979029381
-21,18.5,7.5,conservative,True,0.259090695604
-20,18.5,7.5,conservative,True,0.256706404007
-19,18.5,7.5,conservative,True,0.250019527777
-18,18.5,7.5,conservative,True,0.242798692115
-17,18.5,7.5,conservative,True,0.233852848731
-16,18.5,7.5,conservative,True,0.226281980263
-15,18.5,7.5,conservative,True,0.214959609786
-14,18.5,7.5,conservative,True,0.200964596762
-13,18.5,7.5,conservative,True,0.190026460462
-12,18.5,7.5,conservative,True,0.17917582778
-11,18.5,7.5,conservative,True,0.166498234402
-10,18.5,7.5,conservative,True,0.155766851388
-9,18.5,7.5,conservative,True,0.144551474372
-8,18.5,7.5,conservative,True,0.132568197008
-7,18.5,7.5,conservative,True,0.119627190801
-6,18.5,7.5,conservative,True,0.107972473057
-5,18.5,7.5,conservative,True,0.0972741215621
-4,18.5,7.5,conservative,True,0.0882983955933
-3,18.5,7.5,conservative,True,0.0799723722867
-2,18.5,7.5,conservative,True,0.0719396384103
-1,18.5,7.5,conservative,True,0.0641246453408
0,18.5,7.5,conservative,True,0.0569735028462
1,18.5,7.5,conservative,True,0.048589730713
2,18.5,7.5,conservative,True,0.0435919653818
3,18.5,7.5,conservative,True,0.0391002317218
4,18.5,7.5,conservative,True,0.0347497004541
5,18.5,7.5,conservative,True,0.0295196175718
6,18.5,7.5,conservative,True,0.0242956377692
7,18.5,7.5,conservative,True,0.0181450923096
8,18.5,7.5,conservative,True,0.0135804245389
9,18.5,7.5,conservative,True,0.0111878817702
10,18.5,7.5,conservative,True,0.0077288435688
11,18.5,7.5,conservative,True,0.00531098682587
12,18.5,7.5,conservative,True,0.00515262790764
13,18.5,7.5,conservative,True,0.00515086583416
14,18.5,7.5,conservative,True,0.00594943507865
15,18.5,7.5,conservative,True,0.00595991993019
16,18.5,7.5,conservative,True,0.00833139084055
17,18.5,7.5,conservative,True,0.00898399925321
18,18.5,7.5,conservative,True,0.0115165830448
19,18.5,7.5,conservative,True,0.0141526806166
20,18.5,7.5,conservative,True,0.0148660626758
21,18.5,7.5,conservative,True,0.0169447742206
22,18.5,7.5,conservative,True,0.0198031854324
23,18.5,7.5,conservative,True,0.0244509598564
24,18.5,7.5,conservative,True,0.0256915288781
25,18.5,7.5,conservative,True,0.0252017103973
26,18.5,7.5,conservative,True,0.0284252849197
27,18.5,7.5,conservative,True,0.0261714464138
28,18.5,7.5,conservative,True,0.0225989820617
29,18.5,7.5,conservative,True,0.0244172602396
30,18.5,7.5,conservative,True,0.0234898028056
31,18.5,7.5,conservative,True,0.0247146821469
32,18.5,7.5,conservative,True,0.0200802027807
33,18.5,7.5,conservative,True,0.0162883951984
34,18.5,7.5,conservative,True,0.0158019876401
35,18.5,7.5,conservative,True,0.0156818844333
36,18.5,7.5,conservative,True,0.0191061455786
37,18.5,7.5,conservative,True,0.0219366658173
38,18.5,7.5,conservative,True,0.0212145639049
39,18.5,7.5,conservative,True,0.0289536579997
40,18.5,7.5,conservative,True,0.0389887395401
41,18.5,7.5,conservative,True,0.0493720053753
42,18.5,7.5,conservative,True,0.0571766823497
43,18.5,7.5,conservative,True,0.069066152254
44,18.5,7.5,conservative,True,0.091686239044
45,18.5,7.5,conservative,True,0.107649666082
46,18.5,7.5,conservative,True,0.126433389799
47,18.5,7.5,conservative,True,0.154417379839
48,18.5,7.5,conservative,True,0.182445609958
49,18.5,7.5,conservative,True,0.218616856881
50,18.5,7.5,conservative,True,0.2502945796
51,18.5,7.5,conservative,True,0.271040199398
52,18.5,7.5,conservative,True,0.308573758537
-52,19.5,7.5,conservative,True,0.236081478007
-51,19.5,7.5,conservative,True,0.236331010847
-50,19.5,7.5,conservative,True,0.224321273748
-49,19.5,7.5,conservative,True,0.216222545668
-48,19.5,7.5,conservative,True,0.205287455899
-47,19.5,7.5,conservative,True,0.203413293621
-46,19.5,7.5,conservative,True,0.196522219958
-45,19.5,7.5,conservative,True,0.198146320891
-44,19.5,7.5,conservative,True,0.194932923026
-43,19.5,7.5,conservative,True,0.199013877619
-42,19.5,7.5,conservative,True,0.199223232683
-41,19.5,7.5,conservative,True,0.199856807475
-40,19.5,7.5,conservative,True,0.200885323732
-39,19.5,7.5,conservative,True,0.201700984615
-38,19.5,7.5,conservative,True,0.205178794799
-37,19.5,7.5,conservative,True,0.21327599869
-36,19.5,7.5,conservative,True,0.218628082109
-35,19.5,7.5,conservative,True,0.224630609295
-34,19.5,7.5,conservative,True,0.232607834172
-33,19.5,7.5,conservative,True,0.237049208853
-32,19.5,7.5,conservative,True,0.243125862117
-31,19.5,7.5,conservative,True,0.250863029119
-30,19.5,7.5,conservative,True,0.257695777561
-29,19.5,7.5,conservative,True,0.263755013144
-28,19.5,7.5,conservative,True,0.26916828752
-27,19.5,7.5,conservative,True,0.275049302672
-26,19.5,7.5,conservative,True,0.278163517164
-25,19.5,7.5,conservative,True,0.284029270012
-24,19.5,7.5,conservative,True,0.282225935574
-23,19.5,7.5,conservative,True,0.280317276024
-22,19.5,7.5,conservative,True,0.278192120594
-21,19.5,7.5,conservative,True,0.272052181029
-20,19.5,7.5,conservative,True,0.266132512302
-19,19.5,7.5,conservative,True,0.260295275065
-18,19.5,7.5,conservative,True,0.252990922156
-17,19.5,7.5,conservative,True,0.24440279634
-16,19.5,7.5,conservative,True,0.233313890152
-15,19.5,7.5,conservative,True,0.2201547735
-14,19.5,7.5,conservative,True,0.207421561102
-13,19.5,7.5,conservative,True,0.193740363649
-12,19.5,7.5,conservative,True,0.184478882718
-11,19.5,7.5,conservative,True,0.171131654523
-10,19.5,7.5,conservative,True,0.158673803478
-9,19.5,7.5,conservative,True,0.147688284917
-8,19.5,7.5,conservative,True,0.135781985528
-7,19.5,7.5,conservative,True,0.123090798475
-6,19.5,7.5,conservative,True,0.111044867847
-5,19.5,7.5,conservative,True,0.100751544391
-4,19.5,7.5,conservative,True,0.0887711623699
-3,19.5,7.5,conservative,True,0.0806097900768
-2,19.5,7.5,conservative,True,0.0716503766408
-1,19.5,7.5,conservative,True,0.0656529074529
0,19.5,7.5,conservative,True,0.0578220151576
1,19.5,7.5,conservative,True,0.0533846064191
2,19.5,7.5,conservative,True,0.0484502447116
3,19.5,7.5,conservative,True,0.0436450800659
4,19.5,7.5,conservative,True,0.038310845465
5,19.5,7.5,conservative,True,0.0339234617411
6,19.5,7.5,conservative,True,0.0285700575333
7,19.5,7.5,conservative,True,0.0251955450155
8,19.5,7.5,conservative,True,0.0223530142423
9,19.5,7.5,conservative,True,0.0188726592008
10,19.5,7.5,conservative,True,0.0148687092439
11,19.5,7.5,conservative,True,0.013898629451
12,19.5,7.5,conservative,True,0.0134767027871
13,19.5,7.5,conservative,True,0.0150142782503
14,19.5,7.5,conservative,True,0.0154117548666
15,19.5,7.5,conservative,True,0.0164235821521
16,19.5,7.5,conservative,True,0.0192706849678
17,19.5,7.5,conservative,True,0.0202724798878
18,19.5,7.5,conservative,True,0.0236640628601
19,19.5,7.5,conservative,True,0.0263307630348
20,19.5,7.5,conservative,True,0.0311333423775
21,19.5,7.5,conservative,True,0.0322969874252
22,19.5,7.5,conservative,True,0.0379194677769
23,19.5,7.5,conservative,True,0.0402464600675
24,19.5,7.5,conservative,True,0.0417103634927
25,19.5,7.5,conservative,True,0.0452056231309
26,19.5,7.5,conservative,True,0.0462717189505
27,19.5,7.5,conservative,True,0.0460811815094
28,19.5,7.5,conservative,True,0.0450354221442
29,19.5,7.5,conservative,True,0.0481111165611
30,19.5,7.5,conservative,True,0.0468149842333
31,19.5,7.5,conservative,True,0.045306701398
32,19.5,7.5,conservative,True,0.0439547205781
33,19.5,7.5,conservative,True,0.0399055790526
34,19.5,7.5,conservative,True,0.0388924819682
35,19.5,7.5,conservative,True,0.0417795704273
36,19.5,7.5,conservative,True,0.0456503878154
37,19.5,7.5,conservative,True,0.047280798216
38,19.5,7.5,conservative,True,0.0510767475161
39,19.5,7.5,conservative,True,0.0598372989993
40,19.5,7.5,conservative,True,0.0683669385526
41,19.5,7.5,conservative,True,0.0821283509409
42,19.5,7.5,conservative,True,0.0889337276477
43,19.5,7.5,conservative,True,0.109046691954
44,19.5,7.5,conservative,True,0.126521326761
45,19.5,7.5,conservative,True,0.145425943156
46,19.5,7.5,conservative,True,0.16745659516
47,19.5,7.5,conservative,True,0.198811103303
48,19.5,7.5,conservative,True,0.224122260499
49,19.5,7.5,conservative,True,0.253496826326
50,19.5,7.5,conservative,True,0.277605271947
51,19.5,7.5,conservative,True,0.306299453912
52,19.5,7.5,conservative,True,0.34112166143
-52,20.5,7.5,conservative,True,0.2658492041
-51,20.5,7.5,conservative,True,0.244918386811
-50,20.5,7.5,conservative,True,0.249160683699
-49,20.5,7.5,conservative,True,0.245772138877
-48,20.5,7.5,conservative,True,0.238705827238
-47,20.5,7.5,conservative,True,0.23878090507
-46,20.5,7.5,conservative,True,0.230661340655
-45,20.5,7.5,conservative,True,0.226270773287
-44,20.5,7.5,conservative,True,0.230467130684
-43,20.5,7.5,conservative,True,0.226134980125
-42,20.5,7.5,conservative,True,0.227451370671
-41,20.5,7.5,conservative,True,0.229769268445
-40,20.5,7.5,conservative,True,0.227791446263
-39,20.5,7.5,conservative,True,0.229503746361
-38,20.5,7.5,conservative,True,0.230065843471
-37,20.5,7.5,conservative,True,0.238111745069
-36,20.5,7.5,conservative,True,0.244926871728
-35,20.5,7.5,conservative,True,0.249658504146
-34,20.5,7.5,conservative,True,0.255647198681
-33,20.5,7.5,conservative,True,0.262678589994
-32,20.5,7.5,conservative,True,0.265686953345
-31,20.5,7.5,conservative,True,0.271647679467
-30,20.5,7.5,conservative,True,0.275544217243
-29,20.5,7.5,conservative,True,0.280561104266
-28,20.5,7.5,conservative,True,0.284453725632
-27,20.5,7.5,conservative,True,0.293025632778
-26,20.5,7.5,conservative,True,0.297962863817
-25,20.5,7.5,conservative,True,0.298544040092
-24,20.5,7.5,conservative,True,0.298564470012
-23,20.5,7.5,conservative,True,0.294500885354
-22,20.5,7.5,conservative,True,0.289729271265
-21,20.5,7.5,conservative,True,0.282054046666
-20,20.5,7.5,conservative,True,0.274790911605
-19,20.5,7.5,conservative,True,0.268992767073
-18,20.5,7.5,conservative,True,0.261180999528
-17,20.5,7.5,conservative,True,0.252189859566
-16,20.5,7.5,conservative,True,0.239278975516
-15,20.5,7.5,conservative,True,0.225919020489
-14,20.5,7.5,conservative,True,0.212316775246
-13,20.5,7.5,conservative,True,0.199960757043
-12,20.5,7.5,conservative,True,0.185958654449
-11,20.5,7.5,conservative,True,0.174987494914
-10,20.5,7.5,conservative,True,0.162571707302
-9,20.5,7.5,conservative,True,0.150752918923
-8,20.5,7.5,conservative,True,0.136296763051
-7,20.5,7.5,conservative,True,0.124602367751
-6,20.5,7.5,conservative,True,0.112833526412
-5,20.5,7.5,conservative,True,0.103084228931
-4,20.5,7.5,conservative,True,0.0919494209959
-3,20.5,7.5,conservative,True,0.0840372602749
-2,20.5,7.5,conservative,True,0.0761538762933
-1,20.5,7.5,conservative,True,0.0697966668622
0,20.5,7.5,conservative,True,0.0621255319238
1,20.5,7.5,conservative,True,0.0573735328871
2,20.5,7.5,conservative,True,0.0514931343906
3,20.5,7.5,conservative,True,0.0462534492305
4,20.5,7.5,conservative,True,0.043453684401
5,20.5,7.5,conservative,True,0.0391706895453
6,20.5,7.5,conservative,True,0.0326992388691
7,20.5,7.5,conservative,True,0.0309006228915
8,20.5,7.5,conservative,True,0.0266116682297
9,20.5,7.5,conservative,True,0.0256532014361
10,20.5,7.5,conservative,True,0.02231868575
11,20.5,7.5,conservative,True,0.0200567919635
12,20.5,7.5,conservative,True,0.0221523450733
13,20.5,7.5,conservative,True,0.0231324070046
14,20.5,7.5,conservative,True,0.0258422255306
15,20.5,7.5,conservative,True,0.0268494863733
16,20.5,7.5,conservative,True,0.0305105983378
17,20.5,7.5,conservative,True,0.0303957620611
18,20.5,7.5,conservative,True,0.035003117301
19,20.5,7.5,conservative,True,0.0387487199025
20,20.5,7.5,conservative,True,0.0423812793892
21,20.5,7.5,conservative,True,0.0479856986426
22,20.5,7.5,conservative,True,0.0529233574062
23,20.5,7.5,conservative,True,0.0552949997809
24,20.5,7.5,conservative,True,0.0598384521453
25,20.5,7.5,conservative,True,0.0635741399173
26,20.5,7.5,conservative,True,0.0643491350557
27,20.5,7.5,conservative,True,0.0656403762947
28,20.5,7.5,conservative,True,0.0678745682413
29,20.5,7.5,conservative,True,0.068642953723
30,20.5,7.5,conservative,True,0.06845130436
31,20.5,7.5,conservative,True,0.0664954029928
32,20.5,7.5,conservative,True,0.0647439605864
33,20.5,7.5,conservative,True,0.0640346220943
34,20.5,7.5,conservative,True,0.0664825588321
35,20.5,7.5,conservative,True,0.0693647221067
36,20.5,7.5,conservative,True,0.0722635586412
37,20.5,7.5,conservative,True,0.0742190571474
38,20.5,7.5,conservative,True,0.0794713716485
39,20.5,7.5,conservative,True,0.0876930094993
40,20.5,7.5,conservative,True,0.0966224906058
41,20.5,7.5,conservative,True,0.110635887778
42,20.5,7.5,conservative,True,0.120413630971
43,20.5,7.5,conservative,True,0.141000408598
44,20.5,7.5,conservative,True,0.164711675807
45,20.5,7.5,conservative,True,0.179993190002
46,20.5,7.5,conservative,True,0.198775425974
47,20.5,7.5,conservative,True,0.227194710167
48,20.5,7.5,conservative,True,0.253112587696
49,20.5,7.5,conservative,True,0.29159923371
50,20.5,7.5,conservative,True,0.316506817489
51,20.5,7.5,conservative,True,0.344779838652
52,20.5,7.5,conservative,True,0.37628350175
-52,21.5,7.5,conservative,True,0.280785135122
-51,21.5,7.5,conservative,True,0.267242431908
-50,21.5,7.5,conservative,True,0.261652107288
-49,21.5,7.5,conservative,True,0.262812510595
-48,21.5,7.5,conservative,True,0.269694342848
-47,21.5,7.5,conservative,True,0.259937767526
-46,21.5,7.5,conservative,True,0.26532369633
-45,21.5,7.5,conservative,True,0.2524559251
-44,21.5,7.5,conservative,True,0.252050565629
-43,21.5,7.5,conservative,True,0.251565430248
-42,21.5,7.5,conservative,True,0.254810945034
-41,21.5,7.5,conservative,True,0.25402485687
-40,21.5,7.5,conservative,True,0.254549928958
-39,21.5,7.5,conservative,True,0.259491917285
-38,21.5,7.5,conservative,True,0.25914593034
-37,21.5,7.5,conservative,True,0.258428956096
-36,21.5,7.5,conservative,True,0.267901611552
-35,21.5,7.5,conservative,True,0.274229949065
-34,21.5,7.5,conservative,True,0.281108397655
-33,21.5,7.5,conservative,True,0.283132138261
-32,21.5,7.5,conservative,True,0.288745295979
-31,21.5,7.5,conservative,True,0.291963063202
-30,21.5,7.5,conservative,True,0.295354918633
-29,21.5,7.5,conservative,True,0.300335114724
-28,21.5,7.5,conservative,True,0.307280793152
-27,21.5,7.5,conservative,True,0.310375493944
-26,21.5,7.5,conservative,True,0.310885927914
-25,21.5,7.5,conservative,True,0.312625603293
-24,21.5,7.5,conservative,True,0.311237062328
-23,21.5,7.5,conservative,True,0.305926200711
-22,21.5,7.5,conservative,True,0.300830528887
-21,21.5,7.5,conservative,True,0.293741530603
-20,21.5,7.5,conservative,True,0.283446682625
-19,21.5,7.5,conservative,True,0.2761678947
-18,21.5,7.5,conservative,True,0.266662086388
-17,21.5,7.5,conservative,True,0.256178554161
-16,21.5,7.5,conservative,True,0.243901694054
-15,21.5,7.5,conservative,True,0.233670349526
-14,21.5,7.5,conservative,True,0.218978941416
-13,21.5,7.5,conservative,True,0.205951927117
-12,21.5,7.5,conservative,True,0.192173160788
-11,21.5,7.5,conservative,True,0.177092248502
-10,21.5,7.5,conservative,True,0.164705919997
-9,21.5,7.5,conservative,True,0.151795175045
-8,21.5,7.5,conservative,True,0.139055967382
-7,21.5,7.5,conservative,True,0.126690423999
-6,21.5,7.5,conservative,True,0.113335430346
-5,21.5,7.5,conservative,True,0.102760878018
-4,21.5,7.5,conservative,True,0.093586552798
-3,21.5,7.5,conservative,True,0.0851603348237
-2,21.5,7.5,conservative,True,0.077535445082
-1,21.5,7.5,conservative,True,0.0719674624617
0,21.5,7.5,conservative,True,0.0674189610396
1,21.5,7.5,conservative,True,0.0603476681662
2,21.5,7.5,conservative,True,0.0537879899799
3,21.5,7.5,conservative,True,0.0498767184278
4,21.5,7.5,conservative,True,0.0467450854158
5,21.5,7.5,conservative,True,0.0412522722785
6,21.5,7.5,conservative,True,0.0369219674682
7,21.5,7.5,conservative,True,0.034537942768
8,21.5,7.5,conservative,True,0.0303810504244
9,21.5,7.5,conservative,True,0.0294131444949
10,21.5,7.5,conservative,True,0.0275274126674
11,21.5,7.5,conservative,True,0.0288762527192
12,21.5,7.5,conservative,True,0.0297733102492
13,21.5,7.5,conservative,True,0.0325492252822
14,21.5,7.5,conservative,True,0.0363443434617
15,21.5,7.5,conservative,True,0.0386366442202
16,21.5,7.5,conservative,True,0.0390828217807
17,21.5,7.5,conservative,True,0.0416537562693
18,21.5,7.5,conservative,True,0.0460099369874
19,21.5,7.5,conservative,True,0.0517108324918
20,21.5,7.5,conservative,True,0.0575525132651
21,21.5,7.5,conservative,True,0.0600488488432
22,21.5,7.5,conservative,True,0.0666471514642
23,21.5,7.5,conservative,True,0.0706102568631
24,21.5,7.5,conservative,True,0.0740811646901
25,21.5,7.5,conservative,True,0.078391214684
26,21.5,7.5,conservative,True,0.082477599828
27,21.5,7.5,conservative,True,0.0857984384253
28,21.5,7.5,conservative,True,0.0854096240602
29,21.5,7.5,conservative,True,0.0898199849081
30,21.5,7.5,conservative,True,0.0870300001923
31,21.5,7.5,conservative,True,0.0868003765935
32,21.5,7.5,conservative,True,0.0869077393408
33,21.5,7.5,conservative,True,0.0872501159943
34,21.5,7.5,conservative,True,0.0901130128753
35,21.5,7.5,conservative,True,0.0922514319291
36,21.5,7.5,conservative,True,0.0920660593079
37,21.5,7.5,conservative,True,0.0962608194189
38,21.5,7.5,conservative,True,0.104966847436
39,21.5,7.5,conservative,True,0.118258020583
40,21.5,7.5,conservative,True,0.125718786446
41,21.5,7.5,conservative,True,0.140649797553
42,21.5,7.5,conservative,True,0.158606018418
43,21.5,7.5,conservative,True,0.175863052791
44,21.5,7.5,conservative,True,0.195510250136
45,21.5,7.5,conservative,True,0.219902462084
46,21.5,7.5,conservative,True,0.23479682934
47,21.5,7.5,conservative,True,0.255431775821
48,21.5,7.5,conservative,True,0.281187346144
49,21.5,7.5,conservative,True,0.324709081538
50,21.5,7.5,conservative,True,0.344338114482
51,21.5,7.5,conservative,True,0.371114994959
52,21.5,7.5,conservative,True,0.399662465408
-52,22.5,7.5,conservative,True,0.292559996281
-51,22.5,7.5,conservative,True,0.280021975757
-50,22.5,7.5,conservative,True,0.276810034745
-49,22.5,7.5,conservative,True,0.275567026702
-48,22.5,7.5,conservative,True,0.29071594405
-47,22.5,7.5,conservative,True,0.283998954874
-46,22.5,7.5,conservative,True,0.284171761228
-45,22.5,7.5,conservative,True,0.278559454902
-44,22.5,7.5,conservative,True,0.277011141482
-43,22.5,7.5,conservative,True,0.276930150625
-42,22.5,7.5,conservative,True,0.277491443204
-41,22.5,7.5,conservative,True,0.281294114077
-40,22.5,7.5,conservative,True,0.280832239207
-39,22.5,7.5,conservative,True,0.287069249009
-38,22.5,7.5,conservative,True,0.287233760261
-37,22.5,7.5,conservative,True,0.290391366098
-36,22.5,7.5,conservative,True,0.295145152388
-35,22.5,7.5,conservative,True,0.298734648415
-34,22.5,7.5,conservative,True,0.301460250419
-33,22.5,7.5,conservative,True,0.304351720983
-32,22.5,7.5,conservative,True,0.307883445578
-31,22.5,7.5,conservative,True,0.312707217818
-30,22.5,7.5,conservative,True,0.314559226682
-29,22.5,7.5,conservative,True,0.317316604788
-28,22.5,7.5,conservative,True,0.322897490632
-27,22.5,7.5,conservative,True,0.324435554304
-26,22.5,7.5,conservative,True,0.325989357784
-25,22.5,7.5,conservative,True,0.324783569181
-24,22.5,7.5,conservative,True,0.322405867324
-23,22.5,7.5,conservative,True,0.317471468824
-22,22.5,7.5,conservative,True,0.312220103449
-21,22.5,7.5,conservative,True,0.303275444181
-20,22.5,7.5,conservative,True,0.293704956629
-19,22.5,7.5,conservative,True,0.281174695963
-18,22.5,7.5,conservative,True,0.271641423757
-17,22.5,7.5,conservative,True,0.259511535525
-16,22.5,7.5,conservative,True,0.247997605339
-15,22.5,7.5,conservative,True,0.236402292825
-14,22.5,7.5,conservative,True,0.22412953148
-13,22.5,7.5,conservative,True,0.207369294417
-12,22.5,7.5,conservative,True,0.194322125624
-11,22.5,7.5,conservative,True,0.178611728783
-10,22.5,7.5,conservative,True,0.163000388757
-9,22.5,7.5,conservative,True,0.151271996113
-8,22.5,7.5,conservative,True,0.140187321606
-7,22.5,7.5,conservative,True,0.128317944207
-6,22.5,7.5,conservative,True,0.115483226617
-5,22.5,7.5,conservative,True,0.103739817084
-4,22.5,7.5,conservative,True,0.0964036975388
-3,22.5,7.5,conservative,True,0.0870558224173
-2,22.5,7.5,conservative,True,0.0783241585803
-1,22.5,7.5,conservative,True,0.0746314483887
0,22.5,7.5,conservative,True,0.0694878951781
1,22.5,7.5,conservative,True,0.0617874264253
2,22.5,7.5,conservative,True,0.0550688290415
3,22.5,7.5,conservative,True,0.0516621361874
4,22.5,7.5,conservative,True,0.0481832269165
5,22.5,7.5,conservative,True,0.0442301837563
6,22.5,7.5,conservative,True,0.0427875519349
7,22.5,7.5,conservative,True,0.0377183805379
8,22.5,7.5,conservative,True,0.0363350350969
9,22.5,7.5,conservative,True,0.0358395781446
10,22.5,7.5,conservative,True,0.034969587416
11,22.5,7.5,conservative,True,0.0371900111617
12,22.5,7.5,conservative,True,0.0389048522279
13,22.5,7.5,conservative,True,0.0426958092844
14,22.5,7.5,conservative,True,0.044277095698
15,22.5,7.5,conservative,True,0.0455044407312
16,22.5,7.5,conservative,True,0.0509046020904
17,22.5,7.5,conservative,True,0.0544775678393
18,22.5,7.5,conservative,True,0.0600896345743
19,22.5,7.5,conservative,True,0.0660466377219
20,22.5,7.5,conservative,True,0.0708957916849
21,22.5,7.5,conservative,True,0.0769856912131
22,22.5,7.5,conservative,True,0.080630824566
23,22.5,7.5,conservative,True,0.0844253248851
24,22.5,7.5,conservative,True,0.0910716940282
25,22.5,7.5,conservative,True,0.0965264151489
26,22.5,7.5,conservative,True,0.0988497645091
27,22.5,7.5,conservative,True,0.102810166522
28,22.5,7.5,conservative,True,0.101877145676
29,22.5,7.5,conservative,True,0.105517609548
30,22.5,7.5,conservative,True,0.105642271087
31,22.5,7.5,conservative,True,0.107730870144
32,22.5,7.5,conservative,True,0.110192817263
33,22.5,7.5,conservative,True,0.11110534282
34,22.5,7.5,conservative,True,0.113113807205
35,22.5,7.5,conservative,True,0.116023189352
36,22.5,7.5,conservative,True,0.120338360063
37,22.5,7.5,conservative,True,0.12429984022
38,22.5,7.5,conservative,True,0.134693295911
39,22.5,7.5,conservative,True,0.146064646945
40,22.5,7.5,conservative,True,0.156903966443
41,22.5,7.5,conservative,True,0.176830448109
42,22.5,7.5,conservative,True,0.192086292899
43,22.5,7.5,conservative,True,0.209604563013
44,22.5,7.5,conservative,True,0.230166497526
45,22.5,7.5,conservative,True,0.250086513004
46,22.5,7.5,conservative,True,0.26462445378
47,22.5,7.5,conservative,True,0.287393808217
48,22.5,7.5,conservative,True,0.31578337542
49,22.5,7.5,conservative,True,0.348544965217
50,22.5,7.5,conservative,True,0.375242768604
51,22.5,7.5,conservative,True,0.394872183667
52,22.5,7.5,conservative,False,
-52,23.5,7.5,conservative,True,0.306751670404
-51,23.5,7.5,conservative,True,0.297469673217
-50,23.5,7.5,conservative,True,0.286700280361
-49,23.5,7.5,conservative,True,0.289190810491
-48,23.5,7.5,conservative,True,0.295694761435
-47,23.5,7.5,conservative,True,0.297561994241
-46,23.5,7.5,conservative,True,0.296181869356
-45,23.5,7.5,conservative,True,0.297814392757
-44,23.5,7.5,conservative,True,0.295998091618
-43,23.5,7.5,conservative,True,0.298789786621
-42,23.5,7.5,conservative,True,0.299315626889
-41,23.5,7.5,conservative,True,0.304378433716
-40,23.5,7.5,conservative,True,0.298999307005
-39,23.5,7.5,conservative,True,0.302709880133
-38,23.5,7.5,conservative,True,0.306831563272
-37,23.5,7.5,conservative,True,0.312622563168
-36,23.5,7.5,conservative,True,0.313392670942
-35,23.5,7.5,conservative,True,0.321202480826
-34,23.5,7.5,conservative,True,0.323451785391
-33,23.5,7.5,conservative,True,0.324711163412
-32,23.5,7.5,conservative,True,0.328548694784
-31,23.5,7.5,conservative,True,0.331291469507
-30,23.5,7.5,conservative,True,0.33570295562
-29,23.5,7.5,conservative,True,0.33515688386
-28,23.5,7.5,conservative,True,0.3399599472
-27,23.5,7.5,conservative,True,0.340037853297
-26,23.5,7.5,conservative,True,0.339758868601
-25,23.5,7.5,conservative,True,0.339609095866
-24,23.5,7.5,conservative,True,0.334613958062
-23,23.5,7.5,conservative,True,0.327354875153
-22,23.5,7.5,conservative,True,0.319172614193
-21,23.5,7.5,conservative,True,0.308543658386
-20,23.5,7.5,conservative,True,0.299741405556
-19,23.5,7.5,conservative,True,0.288879150951
-18,23.5,7.5,conservative,True,0.278223342941
-17,23.5,7.5,conservative,True,0.263202895062
-16,23.5,7.5,conservative,True,0.248991488995
-15,23.5,7.5,conservative,True,0.236425379378
-14,23.5,7.5,conservative,True,0.223739728541
-13,23.5,7.5,conservative,True,0.209205964736
-12,23.5,7.5,conservative,True,0.194738371444
-11,23.5,7.5,conservative,True,0.179149919984
-10,23.5,7.5,conservative,True,0.165429692062
-9,23.5,7.5,conservative,True,0.152015824204
-8,23.5,7.5,conservative,True,0.140164631228
-7,23.5,7.5,conservative,True,0.128596614366
-6,23.5,7.5,conservative,True,0.117141706419
-5,23.5,7.5,conservative,True,0.107238008841
-4,23.5,7.5,conservative,True,0.0976639896343
-3,23.5,7.5,conservative,True,0.0889437191925
-2,23.5,7.5,conservative,True,0.0822678820136
-1,23.5,7.5,conservative,True,0.0758222306492
0,23.5,7.5,conservative,True,0.0697207932586
1,23.5,7.5,conservative,True,0.0639181618969
2,23.5,7.5,conservative,True,0.0569117716297
3,23.5,7.5,conservative,True,0.0529644817539
4,23.5,7.5,conservative,True,0.0498377904463
5,23.5,7.5,conservative,True,0.0464869514504
6,23.5,7.5,conservative,True,0.0434066716905
7,23.5,7.5,conservative,True,0.0423229410211
8,23.5,7.5,conservative,True,0.0417882192447
9,23.5,7.5,conservative,True,0.0402721067807
10,23.5,7.5,conservative,True,0.0407710839327
11,23.5,7.5,conservative,True,0.0432314393473
12,23.5,7.5,conservative,True,0.0452307610679
13,23.5,7.5,conservative,True,0.0494570072086
14,23.5,7.5,conservative,True,0.0521858784916
15,23.5,7.5,conservative,True,0.0559672649498
16,23.5,7.5,conservative,True,0.0615950414779
17,23.5,7.5,conservative,True,0.0685444228605
18,23.5,7.5,conservative,True,0.0734852532141
19,23.5,7.5,conservative,True,0.0802153814743
20,23.5,7.5,conservative,True,0.084076053948
21,23.5,7.5,conservative,True,0.0897055336564
22,23.5,7.5,conservative,True,0.0959570762904
23,23.5,7.5,conservative,True,0.101765015653
24,23.5,7.5,conservative,True,0.108069745097
25,23.5,7.5,conservative,True,0.11509691483
26,23.5,7.5,conservative,True,0.115954919819
27,23.5,7.5,conservative,True,0.119879237681
28,23.5,7.5,conservative,True,0.121019857842
29,23.5,7.5,conservative,True,0.124929414815
30,23.5,7.5,conservative,True,0.128580847687
31,23.5,7.5,conservative,True,0.131637219577
32,23.5,7.5,conservative,True,0.131019750447
33,23.5,7.5,conservative,True,0.134927547917
34,23.5,7.5,conservative,True,0.136324618181
35,23.5,7.5,conservative,True,0.138415724597
36,23.5,7.5,conservative,True,0.148036627384
37,23.5,7.5,conservative,True,0.15460622116
38,23.5,7.5,conservative,True,0.164248309146
39,23.5,7.5,conservative,True,0.172092605751
40,23.5,7.5,conservative,True,0.189256746554
41,23.5,7.5,conservative,True,0.205989007163
42,23.5,7.5,conservative,True,0.223550854415
43,23.5,7.5,conservative,True,0.243214877498
44,23.5,7.5,conservative,True,0.25991602239
45,23.5,7.5,conservative,True,0.277949339176
46,23.5,7.5,conservative,True,0.293419336061
47,23.5,7.5,conservative,True,0.315261774475
48,23.5,7.5,conservative,True,0.342829406492
49,23.5,7.5,conservative,True,0.371855904161
50,23.5,7.5,conservative,True,0.405770699652
51,23.5,7.5,conservative,True,0.422843075407
52,23.5,7.5,conservative,False,
-52,24.5,7.5,conservative,True,0.320545551193
-51,24.5,7.5,conservative,True,0.316762763702
-50,24.5,7.5,conservative,True,0.303034506315
-49,24.5,7.5,conservative,True,0.303729006261
-48,24.5,7.5,conservative,True,0.309567308097
-47,24.5,7.5,conservative,True,0.310141349019
-46,24.5,7.5,conservative,True,0.314537683687
-45,24.5,7.5,conservative,True,0.311633581334
-44,24.5,7.5,conservative,True,0.313637872245
-43,24.5,7.5,conservative,True,0.314599486435
-42,24.5,7.5,conservative,True,0.316800065768
-41,24.5,7.5,conservative,True,0.319712481414
-40,24.5,7.5,conservative,True,0.324397583378
-39,24.5,7.5,conservative,True,0.32052438013
-38,24.5,7.5,conservative,True,0.326368066618
-37,24.5,7.5,conservative,True,0.32554477669
-36,24.5,7.5,conservative,True,0.329377928066
-35,24.5,7.5,conservative,True,0.335888538102
-34,24.5,7.5,conservative,True,0.34195982662
-33,24.5,7.5,conservative,True,0.343855412896
-32,24.5,7.5,conservative,True,0.346182271566
-31,24.5,7.5,conservative,True,0.353625448048
-30,24.5,7.5,conservative,True,0.352501349122
-29,24.5,7.5,conservative,True,0.351849533309
-28,24.5,7.5,conservative,True,0.355147793117
-27,24.5,7.5,conservative,True,0.35281653839
-26,24.5,7.5,conservative,True,0.349778602761
-25,24.5,7.5,conservative,True,0.345787091249
-24,24.5,7.5,conservative,True,0.340643075871
-23,24.5,7.5,conservative,True,0.335452736743
-22,24.5,7.5,conservative,True,0.326013990412
-21,24.5,7.5,conservative,True,0.316676830763
-20,24.5,7.5,conservative,True,0.306599988446
-19,24.5,7.5,conservative,True,0.295459678618
-18,24.5,7.5,conservative,True,0.279893754521
-17,24.5,7.5,conservative,True,0.265851161241
-16,24.5,7.5,conservative,True,0.253509336687
-15,24.5,7.5,conservative,True,0.239972770148
-14,24.5,7.5,conservative,True,0.223996129718
-13,24.5,7.5,conservative,True,0.210025017261
-12,24.5,7.5,conservative,True,0.19478733266
-11,24.5,7.5,conservative,True,0.180514267587
-10,24.5,7.5,conservative,True,0.165753098305
-9,24.5,7.5,conservative,True,0.154082710379
-8,24.5,7.5,conservative,True,0.141428800001
-7,24.5,7.5,conservative,True,0.129647876812
-6,24.5,7.5,conservative,True,0.117757351295
-5,24.5,7.5,conservative,True,0.109146058761
-4,24.5,7.5,conservative,True,0.0987740710315
-3,24.5,7.5,conservative,True,0.0901702368234
-2,24.5,7.5,conservative,True,0.083134766808
-1,24.5,7.5,conservative,True,0.0769738154489
0,24.5,7.5,conservative,True,0.0725593681032
1,24.5,7.5,conservative,True,0.0655245484638
2,24.5,7.5,conservative,True,0.0603935728716
3,24.5,7.5,conservative,True,0.0548061536953
4,24.5,7.5,conservative,True,0.0504142917952
5,24.5,7.5,conservative,True,0.0494197743961
6,24.5,7.5,conservative,True,0.0473605354658
7,24.5,7.5,conservative,True,0.0461845100895
8,24.5,7.5,conservative,True,0.0468304926434
9,24.5,7.5,conservative,True,0.0463767097611
10,24.5,7.5,conservative,True,0.0467568728913
11,24.5,7.5,conservative,True,0.0483585777815
12,24.5,7.5,conservative,True,0.0509591319794
13,24.5,7.5,conservative,True,0.0572529215467
14,24.5,7.5,conservative,True,0.0599659065661
15,24.5,7.5,conservative,True,0.0659533566296
16,24.5,7.5,conservative,True,0.0728040457404
17,24.5,7.5,conservative,True,0.0793690633438
18,24.5,7.5,conservative,True,0.0868393152867
19,24.5,7.5,conservative,True,0.0931280233808
20,24.5,7.5,conservative,True,0.098308480133
21,24.5,7.5,conservative,True,0.104542017504
22,24.5,7.5,conservative,True,0.114495792922
23,24.5,7.5,conservative,True,0.117905855665
24,24.5,7.5,conservative,True,0.122060757821
25,24.5,7.5,conservative,True,0.126302578438
26,24.5,7.5,conservative,True,0.13193272935
27,24.5,7.5,conservative,True,0.13709702872
28,24.5,7.5,conservative,True,0.143203223936
29,24.5,7.5,conservative,True,0.146896326906
30,24.5,7.5,conservative,True,0.148670440117
31,24.5,7.5,conservative,True,0.152869086508
32,24.5,7.5,conservative,True,0.15224334746
33,24.5,7.5,conservative,True,0.15796676666
34,24.5,7.5,conservative,True,0.157349478113
35,24.5,7.5,conservative,True,0.168710117196
36,24.5,7.5,conservative,True,0.174854143546
37,24.5,7.5,conservative,True,0.182134209787
38,24.5,7.5,conservative,True,0.190974188509
39,24.5,7.5,conservative,True,0.206250593046
40,24.5,7.5,conservative,True,0.223125693655
41,24.5,7.5,conservative,True,0.238744583912
42,24.5,7.5,conservative,True,0.258695847897
43,24.5,7.5,conservative,True,0.274321323456
44,24.5,7.5,conservative,True,0.284171063884
45,24.5,7.5,conservative,True,0.301268724024
46,24.5,7.5,conservative,True,0.321778428338
47,24.5,7.5,conservative,True,0.343075968874
48,24.5,7.5,conservative,True,0.377425600302
49,24.5,7.5,conservative,True,0.402776946719
50,24.5,7.5,conservative,True,0.425406726356
51,24.5,7.5,conservative,False,
52,24.5,7.5,conservative,False,
-52,25.5,7.5,conservative,True,0.327884663134
-51,25.5,7.5,conservative,True,0.325067092084
-50,25.5,7.5,conservative,True,0.320187572286
-49,25.5,7.5,conservative,True,0.314691274224
-48,25.5,7.5,conservative,True,0.318328663657
-47,25.5,7.5,conservative,True,0.320613541031
-46,25.5,7.5,conservative,True,0.323114443939
-45,25.5,7.5,conservative,True,0.327916898641
-44,25.5,7.5,conservative,True,0.325190216503
-43,25.5,7.5,conservative,True,0.329245845189
-42,25.5,7.5,conservative,True,0.330079893862
-41,25.5,7.5,conservative,True,0.330600659993
-40,25.5,7.5,conservative,True,0.334689438879
-39,25.5,7.5,conservative,True,0.334772474687
-38,25.5,7.5,conservative,True,0.337552540776
-37,25.5,7.5,conservative,True,0.340825246541
-36,25.5,7.5,conservative,True,0.344035934078
-35,25.5,7.5,conservative,True,0.347931521236
-34,25.5,7.5,conservative,True,0.353890507487
-33,25.5,7.5,conservative,True,0.353825243409
-32,25.5,7.5,conservative,True,0.356422288049
-31,25.5,7.5,conservative,True,0.361660651393
-30,25.5,7.5,conservative,True,0.364085322591
-29,25.5,7.5,conservative,True,0.361424943037
-28,25.5,7.5,conservative,True,0.363503441109
-27,25.5,7.5,conservative,True,0.360302537584
-26,25.5,7.5,conservative,True,0.354967618169
-25,25.5,7.5,conservative,True,0.350783090925
-24,25.5,7.5,conservative,True,0.347253844158
-23,25.5,7.5,conservative,True,0.338528410088
-22,25.5,7.5,conservative,True,0.333320790935
-21,25.5,7.5,conservative,True,0.32186336487
-20,25.5,7.5,conservative,True,0.312122325669
-19,25.5,7.5,conservative,True,0.297676572405
-18,25.5,7.5,conservative,True,0.284809276086
-17,25.5,7.5,conservative,True,0.268318638506
-16,25.5,7.5,conservative,True,0.25534125992
-15,25.5,7.5,conservative,True,0.241911392684
-14,25.5,7.5,conservative,True,0.227458435464
-13,25.5,7.5,conservative,True,0.211514767484
-12,25.5,7.5,conservative,True,0.198123722553
-11,25.5,7.5,conservative,True,0.184708499216
-10,25.5,7.5,conservative,True,0.168246848725
-9,25.5,7.5,conservative,True,0.155223151824
-8,25.5,7.5,conservative,True,0.142679138289
-7,25.5,7.5,conservative,True,0.128637192148
-6,25.5,7.5,conservative,True,0.118311097394
-5,25.5,7.5,conservative,True,0.108545316512
-4,25.5,7.5,conservative,True,0.0988472103691
-3,25.5,7.5,conservative,True,0.089472908875
-2,25.5,7.5,conservative,True,0.0848574979708
-1,25.5,7.5,conservative,True,0.078518214649
0,25.5,7.5,conservative,True,0.0732743633868
1,25.5,7.5,conservative,True,0.0680709817853
2,25.5,7.5,conservative,True,0.0616538503719
3,25.5,7.5,conservative,True,0.0580549481097
4,25.5,7.5,conservative,True,0.0528894796342
5,25.5,7.5,conservative,True,0.0523870572817
6,25.5,7.5,conservative,True,0.049119773845
7,25.5,7.5,conservative,True,0.0509645290474
8,25.5,7.5,conservative,True,0.0526193572279
9,25.5,7.5,conservative,True,0.0525440333634
10,25.5,7.5,conservative,True,0.0532306359066
11,25.5,7.5,conservative,True,0.0560682722045
12,25.5,7.5,conservative,True,0.0604724825794
13,25.5,7.5,conservative,True,0.0661571787358
14,25.5,7.5,conservative,True,0.0700003845757
15,25.5,7.5,conservative,True,0.0761975908987
16,25.5,7.5,conservative,True,0.0849526025843
17,25.5,7.5,conservative,True,0.0930113167756
18,25.5,7.5,conservative,True,0.0977402903939
19,25.5,7.5,conservative,True,0.106043234893
20,25.5,7.5,conservative,True,0.111733057315
21,25.5,7.5,conservative,True,0.121585661168
22,25.5,7.5,conservative,True,0.129433271368
23,25.5,7.5,conservative,True,0.134326491522
24,25.5,7.5,conservative,True,0.141494366816
25,25.5,7.5,conservative,True,0.143589563968
26,25.5,7.5,conservative,True,0.149279824038
27,25.5,7.5,conservative,True,0.156068523747
28,25.5,7.5,conservative,True,0.163145591672
29,25.5,7.5,conservative,True,0.166667902539
30,25.5,7.5,conservative,True,0.17463228339
31,25.5,7.5,conservative,True,0.179185204315
32,25.5,7.5,conservative,True,0.178672517806
33,25.5,7.5,conservative,True,0.184512357214
34,25.5,7.5,conservative,True,0.18561825098
35,25.5,7.5,conservative,True,0.193691870359
36,25.5,7.5,conservative,True,0.202165121033
37,25.5,7.5,conservative,True,0.212659239205
38,25.5,7.5,conservative,True,0.224770850842
39,25.5,7.5,conservative,True,0.239001877472
40,25.5,7.5,conservative,True,0.252828759853
41,25.5,7.5,conservative,True,0.265020133231
42,25.5,7.5,conservative,True,0.282264562554
43,25.5,7.5,conservative,True,0.298308561389
44,25.5,7.5,conservative,True,0.312609659373
45,25.5,7.5,conservative,True,0.327091334739
46,25.5,7.5,conservative,True,0.344983661979
47,25.5,7.5,conservative,True,0.373965780243
48,25.5,7.5,conservative,True,0.402843766583
49,25.5,7.5,conservative,True,0.427246760497
50,25.5,7.5,conservative,True,0.43861426033
51,25.5,7.5,conservative,False,
52,25.5,7.5,conservative,False,
-52,26.5,7.5,conservative,True,0.34529719054
-51,26.5,7.5,conservative,True,0.342516731749
-50,26.5,7.5,conservative,True,0.329605587765
-49,26.5,7.5,conservative,True,0.325345046946
-48,26.5,7.5,conservative,True,0.330925721155
-47,26.5,7.5,conservative,True,0.331515408467
-46,26.5,7.5,conservative,True,0.332939576459
-45,26.5,7.5,conservative,True,0.337195872782
-44,26.5,7.5,conservative,True,0.339280670128
-43,26.5,7.5,conservative,True,0.345636077495
-42,26.5,7.5,conservative,True,0.340959662743
-41,26.5,7.5,conservative,True,0.340345181282
-40,26.5,7.5,conservative,True,0.344762187697
-39,26.5,7.5,conservative,True,0.351008169375
-38,26.5,7.5,conservative,True,0.35312737346
-37,26.5,7.5,conservative,True,0.359057940553
-36,26.5,7.5,conservative,True,0.363391371731
-35,26.5,7.5,conservative,True,0.36412958569
-34,26.5,7.5,conservative,True,0.366170873506
-33,26.5,7.5,conservative,True,0.368077787832
-32,26.5,7.5,conservative,True,0.369115626923
-31,26.5,7.5,conservative,True,0.370216073951
-30,26.5,7.5,conservative,True,0.368295937049
-29,26.5,7.5,conservative,True,0.368307750283
-28,26.5,7.5,conservative,True,0.367607578081
-27,26.5,7.5,conservative,True,0.366179096979
-26,26.5,7.5,conservative,True,0.363330044746
-25,26.5,7.5,conservative,True,0.356920591236
-24,26.5,7.5,conservative,True,0.353600233452
-23,26.5,7.5,conservative,True,0.344100174435
-22,26.5,7.5,conservative,True,0.338216115916
-21,26.5,7.5,conservative,True,0.326805420422
-20,26.5,7.5,conservative,True,0.313979767509
-19,26.5,7.5,conservative,True,0.301177978385
-18,26.5,7.5,conservative,True,0.288269771975
-17,26.5,7.5,conservative,True,0.272912179345
-16,26.5,7.5,conservative,True,0.260780784325
-15,26.5,7.5,conservative,True,0.245328692185
-14,26.5,7.5,conservative,True,0.227475805095
-13,26.5,7.5,conservative,True,0.213909873603
-12,26.5,7.5,conservative,True,0.199825680759
-11,26.5,7.5,conservative,True,0.184904182562
-10,26.5,7.5,conservative,True,0.171012209635
-9,26.5,7.5,conservative,True,0.158032481284
-8,26.5,7.5,conservative,True,0.145074575928
-7,26.5,7.5,conservative,True,0.130868882156
-6,26.5,7.5,conservative,True,0.116396497825
-5,26.5,7.5,conservative,True,0.106161638319
-4,26.5,7.5,conservative,True,0.0976525123449
-3,26.5,7.5,conservative,True,0.0917856731566
-2,26.5,7.5,conservative,True,0.0843823739255
-1,26.5,7.5,conservative,True,0.0805306265669
0,26.5,7.5,conservative,True,0.0730918956443
1,26.5,7.5,conservative,True,0.0705772865554
2,26.5,7.5,conservative,True,0.0661771369327
3,26.5,7.5,conservative,True,0.0604932072549
4,26.5,7.5,conservative,True,0.0567179442523
5,26.5,7.5,conservative,True,0.055988007645
6,26.5,7.5,conservative,True,0.0552050042606
7,26.5,7.5,conservative,True,0.0547654214844
8,26.5,7.5,conservative,True,0.055544250841
9,26.5,7.5,conservative,True,0.0565409539627
10,26.5,7.5,conservative,True,0.0599095649701
11,26.5,7.5,conservative,True,0.0637310575931
12,26.5,7.5,conservative,True,0.068196572442
13,26.5,7.5,conservative,True,0.0744001857257
14,26.5,7.5,conservative,True,0.0806824063709
15,26.5,7.5,conservative,True,0.0883049938088
16,26.5,7.5,conservative,True,0.0936798541392
17,26.5,7.5,conservative,True,0.102176641677
18,26.5,7.5,conservative,True,0.108292705211
19,26.5,7.5,conservative,True,0.115368209788
20,26.5,7.5,conservative,True,0.121330302323
21,26.5,7.5,conservative,True,0.13486298742
22,26.5,7.5,conservative,True,0.144948505938
23,26.5,7.5,conservative,True,0.150001444414
24,26.5,7.5,conservative,True,0.159358008983
25,26.5,7.5,conservative,True,0.162407423529
26,26.5,7.5,conservative,True,0.169865135791
27,26.5,7.5,conservative,True,0.175494731108
28,26.5,7.5,conservative,True,0.182022273967
29,26.5,7.5,conservative,True,0.187069028172
30,26.5,7.5,conservative,True,0.194253779054
31,26.5,7.5,conservative,True,0.199842923869
32,26.5,7.5,conservative,True,0.203943586827
33,26.5,7.5,conservative,True,0.21001659377
34,26.5,7.5,conservative,True,0.209729510296
35,26.5,7.5,conservative,True,0.21816931628
36,26.5,7.5,conservative,True,0.228198536357
37,26.5,7.5,conservative,True,0.239368538745
38,26.5,7.5,conservative,True,0.254148280518
39,26.5,7.5,conservative,True,0.266186819292
40,26.5,7.5,conservative,True,0.280531518939
41,26.5,7.5,conservative,True,0.29538487469
42,26.5,7.5,conservative,True,0.309504559018
43,26.5,7.5,conservative,True,0.3249103154
44,26.5,7.5,conservative,True,0.341155819445
45,26.5,7.5,conservative,True,0.351535105358
46,26.5,7.5,conservative,True,0.371549138858
47,26.5,7.5,conservative,True,0.398532716873
48,26.5,7.5,conservative,True,0.416982629785
49,26.5,7.5,conservative,True,0.446400269106
50,26.5,7.5,conservative,False,
51,26.5,7.5,conservative,False,
52,26.5,7.5,conservative,False,
-52,27.5,7.5,conservative,True,0.347523747741
-51,27.5,7.5,conservative,True,0.354692136542
-50,27.5,7.5,conservative,True,0.33751566281
-49,27.5,7.5,conservative,True,0.331251268064
-48,27.5,7.5,conservative,True,0.338693769562
-47,27.5,7.5,conservative,True,0.332157270428
-46,27.5,7.5,conservative,True,0.346014591584
-45,27.5,7.5,conservative,True,0.351754393336
-44,27.5,7.5,conservative,True,0.349464705307
-43,27.5,7.5,conservative,True,0.354758699616
-42,27.5,7.5,conservative,True,0.352355903738
-41,27.5,7.5,conservative,True,0.352686125111
-40,27.5,7.5,conservative,True,0.354429299246
-39,27.5,7.5,conservative,True,0.363556785562
-38,27.5,7.5,conservative,True,0.366372675195
-37,27.5,7.5,conservative,True,0.373169547778
-36,27.5,7.5,conservative,True,0.369536207023
-35,27.5,7.5,conservative,True,0.374683134019
-34,27.5,7.5,conservative,True,0.37573980621
-33,27.5,7.5,conservative,True,0.382307704478
-32,27.5,7.5,conservative,True,0.381208133558
-31,27.5,7.5,conservative,True,0.383055275451
-30,27.5,7.5,conservative,True,0.381463472787
-29,27.5,7.5,conservative,True,0.377633861915
-28,27.5,7.5,conservative,True,0.37478191003
-27,27.5,7.5,conservative,True,0.371953979687
-26,27.5,7.5,conservative,True,0.36877478159
-25,27.5,7.5,conservative,True,0.362489803696
-24,27.5,7.5,conservative,True,0.358539725001
-23,27.5,7.5,conservative,True,0.352493936844
-22,27.5,7.5,conservative,True,0.342917804257
-21,27.5,7.5,conservative,True,0.332484121886
-20,27.5,7.5,conservative,True,0.31871869246
-19,27.5,7.5,conservative,True,0.304926980778
-18,27.5,7.5,conservative,True,0.28931226396
-17,27.5,7.5,conservative,True,0.275433600937
-16,27.5,7.5,conservative,True,0.263100871216
-15,27.5,7.5,conservative,True,0.246490587703
-14,27.5,7.5,conservative,True,0.228871745527
-13,27.5,7.5,conservative,True,0.212642267122
-12,27.5,7.5,conservative,True,0.200852650089
-11,27.5,7.5,conservative,True,0.186972641819
-10,27.5,7.5,conservative,True,0.170421760226
-9,27.5,7.5,conservative,True,0.157365743254
-8,27.5,7.5,conservative,True,0.141502051126
-7,27.5,7.5,conservative,True,0.131890990712
-6,27.5,7.5,conservative,True,0.119911318446
-5,27.5,7.5,conservative,True,0.10670828043
-4,27.5,7.5,conservative,True,0.0977142400425
-3,27.5,7.5,conservative,True,0.091605037378
-2,27.5,7.5,conservative,True,0.0848760918678
-1,27.5,7.5,conservative,True,0.0784293694674
0,27.5,7.5,conservative,True,0.0743502540383
1,27.5,7.5,conservative,True,0.0731249788883
2,27.5,7.5,conservative,True,0.0680397421395
3,27.5,7.5,conservative,True,0.0636934035008
4,27.5,7.5,conservative,True,0.0599166812696
5,27.5,7.5,conservative,True,0.0578357408452
6,27.5,7.5,conservative,True,0.0584209558169
7,27.5,7.5,conservative,True,0.0595288377395
8,27.5,7.5,conservative,True,0.0598902522086
9,27.5,7.5,conservative,True,0.0594690455186
10,27.5,7.5,conservative,True,0.0626700341007
11,27.5,7.5,conservative,True,0.06768020033
12,27.5,7.5,conservative,True,0.0747857941099
13,27.5,7.5,conservative,True,0.0820799638702
14,27.5,7.5,conservative,True,0.0899824574507
15,27.5,7.5,conservative,True,0.0954089582008
16,27.5,7.5,conservative,True,0.103981168491
17,27.5,7.5,conservative,True,0.111245253641
18,27.5,7.5,conservative,True,0.119726472831
19,27.5,7.5,conservative,True,0.129048038139
20,27.5,7.5,conservative,True,0.137861966989
21,27.5,7.5,conservative,True,0.149704376193
22,27.5,7.5,conservative,True,0.161085008145
23,27.5,7.5,conservative,True,0.165963433582
24,27.5,7.5,conservative,True,0.173819479233
25,27.5,7.5,conservative,True,0.183912035413
26,27.5,7.5,conservative,True,0.191991648943
27,27.5,7.5,conservative,True,0.195262465673
28,27.5,7.5,conservative,True,0.201213846227
29,27.5,7.5,conservative,True,0.210014106253
30,27.5,7.5,conservative,True,0.218603197545
31,27.5,7.5,conservative,True,0.223871907121
32,27.5,7.5,conservative,True,0.228648677947
33,27.5,7.5,conservative,True,0.234767455231
34,27.5,7.5,conservative,True,0.239616991915
35,27.5,7.5,conservative,True,0.246722727491
36,27.5,7.5,conservative,True,0.259478910186
37,27.5,7.5,conservative,True,0.267630597407
38,27.5,7.5,conservative,True,0.283921717051
39,27.5,7.5,conservative,True,0.297141031828
40,27.5,7.5,conservative,True,0.309421327535
41,27.5,7.5,conservative,True,0.322411153272
42,27.5,7.5,conservative,True,0.33159312956
43,27.5,7.5,conservative,True,0.34331286075
44,27.5,7.5,conservative,True,0.360297336801
45,27.5,7.5,conservative,True,0.377885380147
46,27.5,7.5,conservative,True,0.396764642749
47,27.5,7.5,conservative,True,0.421353550061
48,27.5,7.5,conservative,True,0.444667627948
49,27.5,7.5,conservative,True,0.456209917169
50,27.5,7.5,conservative,False,
51,27.5,7.5,conservative,False,
52,27.5,7.5,conservative,False,
-52,28.5,7.5,conservative,True,0.350600747933
-51,28.5,7.5,conservative,True,0.354530567452
-50,28.5,7.5,conservative,True,0.356623611944
-49,28.5,7.5,conservative,True,0.336508989746
-48,28.5,7.5,conservative,True,0.336846516129
-47,28.5,7.5,conservative,True,0.332661126936
-46,28.5,7.5,conservative,True,0.350722351239
-45,28.5,7.5,conservative,True,0.353752024012
-44,28.5,7.5,conservative,True,0.355392003379
-43,28.5,7.5,conservative,True,0.360852850489
-42,28.5,7.5,conservative,True,0.361317143716
-41,28.5,7.5,conservative,True,0.361056282254
-40,28.5,7.5,conservative,True,0.370068764524
-39,28.5,7.5,conservative,True,0.368659042963
-38,28.5,7.5,conservative,True,0.379747976404
-37,28.5,7.5,conservative,True,0.381292699373
-36,28.5,7.5,conservative,True,0.384064566463
-35,28.5,7.5,conservative,True,0.388435069747
-34,28.5,7.5,conservative,True,0.387017437597
-33,28.5,7.5,conservative,True,0.387427969377
-32,28.5,7.5,conservative,True,0.389013705689
-31,28.5,7.5,conservative,True,0.391568175539
-30,28.5,7.5,conservative,True,0.389227914463
-29,28.5,7.5,conservative,True,0.387623357232
-28,28.5,7.5,conservative,True,0.381111406918
-27,28.5,7.5,conservative,True,0.378635267178
-26,28.5,7.5,conservative,True,0.376565508818
-25,28.5,7.5,conservative,True,0.36806311944
-24,28.5,7.5,conservative,True,0.357424261912
-23,28.5,7.5,conservative,True,0.353625153446
-22,28.5,7.5,conservative,True,0.344186871406
-21,28.5,7.5,conservative,True,0.337847015871
-20,28.5,7.5,conservative,True,0.320951294595
-19,28.5,7.5,conservative,True,0.305780406761
-18,28.5,7.5,conservative,True,0.29204012693
-17,28.5,7.5,conservative,True,0.277649681017
-16,28.5,7.5,conservative,True,0.262834352732
-15,28.5,7.5,conservative,True,0.248035588776
-14,28.5,7.5,conservative,True,0.229976773274
-13,28.5,7.5,conservative,True,0.214013695098
-12,28.5,7.5,conservative,True,0.198154430158
-11,28.5,7.5,conservative,True,0.185765102015
-10,28.5,7.5,conservative,True,0.172350123088
-9,28.5,7.5,conservative,True,0.158266128015
-8,28.5,7.5,conservative,True,0.143907927069
-7,28.5,7.5,conservative,True,0.129477961209
-6,28.5,7.5,conservative,True,0.119869905329
-5,28.5,7.5,conservative,True,0.109947532177
-4,28.5,7.5,conservative,True,0.0994404378845
-3,28.5,7.5,conservative,True,0.0939205651695
-2,28.5,7.5,conservative,True,0.0861199499803
-1,28.5,7.5,conservative,True,0.0799547167114
0,28.5,7.5,conservative,True,0.0752979133326
1,28.5,7.5,conservative,True,0.0700387417691
2,28.5,7.5,conservative,True,0.0695663432963
3,28.5,7.5,conservative,True,0.064348871525
4,28.5,7.5,conservative,True,0.0607171891275
5,28.5,7.5,conservative,True,0.0596718512091
6,28.5,7.5,conservative,True,0.0568281714998
7,28.5,7.5,conservative,True,0.0600203703208
8,28.5,7.5,conservative,True,0.0597507247527
9,28.5,7.5,conservative,True,0.0621949213954
10,28.5,7.5,conservative,True,0.0653467655677
11,28.5,7.5,conservative,True,0.0751492022058
12,28.5,7.5,conservative,True,0.0828891418009
13,28.5,7.5,conservative,True,0.0900490196717
14,28.5,7.5,conservative,True,0.0964832362531
15,28.5,7.5,conservative,True,0.103320177164
16,28.5,7.5,conservative,True,0.113210337192
17,28.5,7.5,conservative,True,0.121846013346
18,28.5,7.5,conservative,True,0.130114038662
19,28.5,7.5,conservative,True,0.14056270714
20,28.5,7.5,conservative,True,0.151868799885
21,28.5,7.5,conservative,True,0.163266039727
22,28.5,7.5,conservative,True,0.176631240272
23,28.5,7.5,conservative,True,0.184121475997
24,28.5,7.5,conservative,True,0.193731807573
25,28.5,7.5,conservative,True,0.204557755942
26,28.5,7.5,conservative,True,0.210502771177
27,28.5,7.5,conservative,True,0.213264191987
28,28.5,7.5,conservative,True,0.22025698273
29,28.5,7.5,conservative,True,0.232401353949
30,28.5,7.5,conservative,True,0.23949935047
31,28.5,7.5,conservative,True,0.246589889538
32,28.5,7.5,conservative,True,0.253500063738
33,28.5,7.5,conservative,True,0.259414623202
34,28.5,7.5,conservative,True,0.26479207777
35,28.5,7.5,conservative,True,0.272752935394
36,28.5,7.5,conservative,True,0.285850239018
37,28.5,7.5,conservative,True,0.298700929308
38,28.5,7.5,conservative,True,0.317473738762
39,28.5,7.5,conservative,True,0.320917220737
40,28.5,7.5,conservative,True,0.331495965306
41,28.5,7.5,conservative,True,0.343023613446
42,28.5,7.5,conservative,True,0.35470342127
43,28.5,7.5,conservative,True,0.369079548475
44,28.5,7.5,conservative,True,0.391208542269
45,28.5,7.5,conservative,True,0.40793420751
46,28.5,7.5,conservative,True,0.4301212569
47,28.5,7.5,conservative,True,0.449080526576
48,28.5,7.5,conservative,True,0.45873286972
49,28.5,7.5,conservative,False,
50,28.5,7.5,conservative,False,
51,28.5,7.5,conservative,False,
52,28.5,7.5,conservative,False,
-52,29.5,7.5,conservative,False,
-51,29.5,7.5,conservative,True,0.350046705454
-50,29.5,7.5,conservative,True,0.359175750054
-49,29.5,7.5,conservative,True,0.350329473253
-48,29.5,7.5,conservative,True,0.33877228738
-47,29.5,7.5,conservative,True,0.348391539025
-46,29.5,7.5,conservative,True,0.350506067924
-45,29.5,7.5,conservative,True,0.362553395522
-44,29.5,7.5,conservative,True,0.370932698945
-43,29.5,7.5,conservative,True,0.369271200295
-42,29.5,7.5,conservative,True,0.371704291847
-41,29.5,7.5,conservative,True,0.375205464315
-40,29.5,7.5,conservative,True,0.376132851895
-39,29.5,7.5,conservative,True,0.381949982581
-38,29.5,7.5,conservative,True,0.391453140861
-37,29.5,7.5,conservative,True,0.394174264013
-36,29.5,7.5,conservative,True,0.387726131849
-35,29.5,7.5,conservative,True,0.395200687273
-34,29.5,7.5,conservative,True,0.397125203687
-33,29.5,7.5,conservative,True,0.397095667372
-32,29.5,7.5,conservative,True,0.395425623204
-31,29.5,7.5,conservative,True,0.39665952705
-30,29.5,7.5,conservative,True,0.397214509839
-29,29.5,7.5,conservative,True,0.390284793476
-28,29.5,7.5,conservative,True,0.388350518915
-27,29.5,7.5,conservative,True,0.38463619943
-26,29.5,7.5,conservative,True,0.377323696781
-25,29.5,7.5,conservative,True,0.37301078543
-24,29.5,7.5,conservative,True,0.363101275405
-23,29.5,7.5,conservative,True,0.353561737162
-22,29.5,7.5,conservative,True,0.34445251727
-21,29.5,7.5,conservative,True,0.335889577796
-20,29.5,7.5,conservative,True,0.323169146722
-19,29.5,7.5,conservative,True,0.308528612732
-18,29.5,7.5,conservative,True,0.297811328041
-17,29.5,7.5,conservative,True,0.280051936334
-16,29.5,7.5,conservative,True,0.262944946686
-15,29.5,7.5,conservative,True,0.246715902691
-14,29.5,7.5,conservative,True,0.231190528051
-13,29.5,7.5,conservative,True,0.215089225139
-12,29.5,7.5,conservative,True,0.202127466991
-11,29.5,7.5,conservative,True,0.186384847806
-10,29.5,7.5,conservative,True,0.171827239485
-9,29.5,7.5,conservative,True,0.15803902997
-8,29.5,7.5,conservative,True,0.144221581726
-7,29.5,7.5,conservative,True,0.128161484494
-6,29.5,7.5,conservative,True,0.122403854765
-5,29.5,7.5,conservative,True,0.110300605363
-4,29.5,7.5,conservative,True,0.102849770717
-3,29.5,7.5,conservative,True,0.0946018162584
-2,29.5,7.5,conservative,True,0.0852402828914
-1,29.5,7.5,conservative,True,0.0793106700875
0,29.5,7.5,conservative,True,0.0757006623343
1,29.5,7.5,conservative,True,0.0711039635246
2,29.5,7.5,conservative,True,0.0676201644371
3,29.5,7.5,conservative,True,0.064404981992
4,29.5,7.5,conservative,True,0.0634715990505
5,29.5,7.5,conservative,True,0.0615101723829
6,29.5,7.5,conservative,True,0.0609344742184
7,29.5,7.5,conservative,True,0.0616156993196
8,29.5,7.5,conservative,True,0.0640219873019
9,29.5,7.5,conservative,True,0.0679014184467
10,29.5,7.5,conservative,True,0.0743579848443
11,29.5,7.5,conservative,True,0.0811965883117
12,29.5,7.5,conservative,True,0.0866517374761
13,29.5,7.5,conservative,True,0.0945081560712
14,29.5,7.5,conservative,True,0.101148896186
15,29.5,7.5,conservative,True,0.111530743429
16,29.5,7.5,conservative,True,0.122507921189
17,29.5,7.5,conservative,True,0.13051831196
18,29.5,7.5,conservative,True,0.139905407164
19,29.5,7.5,conservative,True,0.153920574474
20,29.5,7.5,conservative,True,0.163038860232
21,29.5,7.5,conservative,True,0.179091609828
22,29.5,7.5,conservative,True,0.189084689221
23,29.5,7.5,conservative,True,0.201756961901
24,29.5,7.5,conservative,True,0.210194259232
25,29.5,7.5,conservative,True,0.218097159043
26,29.5,7.5,conservative,True,0.224307312144
27,29.5,7.5,conservative,True,0.232083049298
28,29.5,7.5,conservative,True,0.243759232636
29,29.5,7.5,conservative,True,0.254149377429
30,29.5,7.5,conservative,True,0.259657014969
31,29.5,7.5,conservative,True,0.265010490506
32,29.5,7.5,conservative,True,0.274483954886
33,29.5,7.5,conservative,True,0.280558605698
34,29.5,7.5,conservative,True,0.287714460295
35,29.5,7.5,conservative,True,0.295382199207
36,29.5,7.5,conservative,True,0.310103477253
37,29.5,7.5,conservative,True,0.319590656026
38,29.5,7.5,conservative,True,0.337563636761
39,29.5,7.5,conservative,True,0.344905036777
40,29.5,7.5,conservative,True,0.353798059147
41,29.5,7.5,conservative,True,0.372673629903
42,29.5,7.5,conservative,True,0.384837193582
43,29.5,7.5,conservative,True,0.396841175765
44,29.5,7.5,conservative,True,0.414309379866
45,29.5,7.5,conservative,True,0.427260439838
46,29.5,7.5,conservative,True,0.450646186094
47,29.5,7.5,conservative,False,
48,29.5,7.5,conservative,False,
49,29.5,7.5,conservative,False,
50,29.5,7.5,conservative,False,
51,29.5,7.5,conservative,False,
52,29.5,7.5,conservative,False,
-52,30.5,7.5,conservative,False,
-51,30.5,7.5,conservative,False,
-50,30.5,7.5,conservative,False,
-49,30.5,7.5,conservative,True,0.36943331901
-48,30.5,7.5,conservative,True,0.360758236384
-47,30.5,7.5,conservative,True,0.352437252141
-46,30.5,7.5,conservative,True,0.355122367376
-45,30.5,7.5,conservative,True,0.368178561054
-44,30.5,7.5,conservative,True,0.383460851885
-43,30.5,7.5,conservative,True,0.386217380426
-42,30.5,7.5,conservative,True,0.384695741179
-41,30.5,7.5,conservative,True,0.389018532714
-40,30.5,7.5,conservative,True,0.391428953701
-39,30.5,7.5,conservative,True,0.390063392673
-38,30.5,7.5,conservative,True,0.39056194933
-37,30.5,7.5,conservative,True,0.402681818375
-36,30.5,7.5,conservative,True,0.395948997636
-35,30.5,7.5,conservative,True,0.401128144714
-34,30.5,7.5,conservative,True,0.403311868468
-33,30.5,7.5,conservative,True,0.401185189666
-32,30.5,7.5,conservative,True,0.403817989742
-31,30.5,7.5,conservative,True,0.401153940673
-30,30.5,7.5,conservative,True,0.400056318973
-29,30.5,7.5,conservative,True,0.397739716025
-28,30.5,7.5,conservative,True,0.395836703195
-27,30.5,7.5,conservative,True,0.38711138325
-26,30.5,7.5,conservative,True,0.382854177047
-25,30.5,7.5,conservative,True,0.377694552754
-24,30.5,7.5,conservative,True,0.366406864561
-23,30.5,7.5,conservative,True,0.354524782663
-22,30.5,7.5,conservative,True,0.348451041926
-21,30.5,7.5,conservative,True,0.335920246461
-20,30.5,7.5,conservative,True,0.32394486068
-19,30.5,7.5,conservative,True,0.308964104326
-18,30.5,7.5,conservative,True,0.29406141477
-17,30.5,7.5,conservative,True,0.280888579352
-16,30.5,7.5,conservative,True,0.264751075916
-15,30.5,7.5,conservative,True,0.248814346896
-14,30.5,7.5,conservative,True,0.232717547784
-13,30.5,7.5,conservative,True,0.213312770585
-12,30.5,7.5,conservative,True,0.202555140552
-11,30.5,7.5,conservative,True,0.185805519281
-10,30.5,7.5,conservative,True,0.172286285788
-9,30.5,7.5,conservative,True,0.15702176754
-8,30.5,7.5,conservative,True,0.14358094518
-7,30.5,7.5,conservative,True,0.132434178927
-6,30.5,7.5,conservative,True,0.121451869492
-5,30.5,7.5,conservative,True,0.114004845398
-4,30.5,7.5,conservative,True,0.103702177397
-3,30.5,7.5,conservative,True,0.0957763648334
-2,30.5,7.5,conservative,True,0.0875249268708
-1,30.5,7.5,conservative,True,0.0799403373741
0,30.5,7.5,conservative,True,0.0779568257495
1,30.5,7.5,conservative,True,0.0716626028794
2,30.5,7.5,conservative,True,0.0690529775327
3,30.5,7.5,conservative,True,0.0638488724672
4,30.5,7.5,conservative,True,0.0647727253838
5,30.5,7.5,conservative,True,0.06518915277
6,30.5,7.5,conservative,True,0.0646903392559
7,30.5,7.5,conservative,True,0.0666527107269
8,30.5,7.5,conservative,True,0.0675524330567
9,30.5,7.5,conservative,True,0.0699702003597
10,30.5,7.5,conservative,True,0.0792795005079
11,30.5,7.5,conservative,True,0.0816838137072
12,30.5,7.5,conservative,True,0.0900282061602
13,30.5,7.5,conservative,True,0.0959987089871
14,30.5,7.5,conservative,True,0.105315867946
15,30.5,7.5,conservative,True,0.116484984687
16,30.5,7.5,conservative,True,0.125942445761
17,30.5,7.5,conservative,True,0.138863578303
18,30.5,7.5,conservative,True,0.14914248584
19,30.5,7.5,conservative,True,0.165174178193
20,30.5,7.5,conservative,True,0.179248119834
21,30.5,7.5,conservative,True,0.1889914025
22,30.5,7.5,conservative,True,0.20702798883
23,30.5,7.5,conservative,True,0.217869159888
24,30.5,7.5,conservative,True,0.228227011107
25,30.5,7.5,conservative,True,0.238374799804
26,30.5,7.5,conservative,True,0.24560506278
27,30.5,7.5,conservative,True,0.252971858581
28,30.5,7.5,conservative,True,0.265031237276
29,30.5,7.5,conservative,True,0.274305099715
30,30.5,7.5,conservative,True,0.27915341475
31,30.5,7.5,conservative,True,0.288054360977
32,30.5,7.5,conservative,True,0.294919985857
33,30.5,7.5,conservative,True,0.304323134994
34,30.5,7.5,conservative,True,0.309402473824
35,30.5,7.5,conservative,True,0.3199994147
36,30.5,7.5,conservative,True,0.329211082681
37,30.5,7.5,conservative,True,0.347644122106
38,30.5,7.5,conservative,True,0.35731486984
39,30.5,7.5,conservative,True,0.369094326928
40,30.5,7.5,conservative,True,0.385914530824
41,30.5,7.5,conservative,True,0.394081952324
42,30.5,7.5,conservative,True,0.405962947759
43,30.5,7.5,conservative,True,0.421203671889
44,30.5,7.5,conservative,True,0.435092497255
45,30.5,7.5,conservative,True,0.454958190929
46,30.5,7.5,conservative,True,0.461025205296
47,30.5,7.5,conservative,False,
48,30.5,7.5,conservative,False,
49,30.5,7.5,conservative,False,
50,30.5,7.5,conservative,False,
51,30.5,7.5,conservative,False,
52,30.5,7.5,conservative,False,
-52,31.5,7.5,conservative,False,
-51,31.5,7.5,conservative,False,
-50,31.5,7.5,conservative,True,0.355514239139
-49,31.5,7.5,conservative,True,0.368377281195
-48,31.5,7.5,conservative,True,0.372689322175
-47,31.5,7.5,conservative,True,0.375479940319
-46,31.5,7.5,conservative,True,0.366077999672
-45,31.5,7.5,conservative,True,0.373725126099
-44,31.5,7.5,conservative,True,0.390600180922
-43,31.5,7.5,conservative,True,0.399380573038
-42,31.5,7.5,conservative,True,0.401057248977
-41,31.5,7.5,conservative,True,0.398064545454
-40,31.5,7.5,conservative,True,0.403503120298
-39,31.5,7.5,conservative,True,0.405461745919
-38,31.5,7.5,conservative,True,0.405072016392
-37,31.5,7.5,conservative,True,0.412579432213
-36,31.5,7.5,conservative,True,0.405411454712
-35,31.5,7.5,conservative,True,0.403416888606
-34,31.5,7.5,conservative,True,0.407672788584
-33,31.5,7.5,conservative,True,0.407876368726
-32,31.5,7.5,conservative,True,0.412800076885
-31,31.5,7.5,conservative,True,0.414929304924
-30,31.5,7.5,conservative,True,0.410649210354
-29,31.5,7.5,conservative,True,0.403749257647
-28,31.5,7.5,conservative,True,0.400702543605
-27,31.5,7.5,conservative,True,0.39381602568
-26,31.5,7.5,conservative,True,0.392312396873
-25,31.5,7.5,conservative,True,0.381097928924
-24,31.5,7.5,conservative,True,0.37285937935
-23,31.5,7.5,conservative,True,0.361743633366
-22,31.5,7.5,conservative,True,0.344906581315
-21,31.5,7.5,conservative,True,0.333628541506
-20,31.5,7.5,conservative,True,0.320470159487
-19,31.5,7.5,conservative,True,0.307483875079
-18,31.5,7.5,conservative,True,0.294291703232
-17,31.5,7.5,conservative,True,0.283091803495
-16,31.5,7.5,conservative,True,0.262013650065
-15,31.5,7.5,conservative,True,0.246593808295
-14,31.5,7.5,conservative,True,0.231409740738
-13,31.5,7.5,conservative,True,0.211481303614
-12,31.5,7.5,conservative,True,0.199589253443
-11,31.5,7.5,conservative,True,0.18386042825
-10,31.5,7.5,conservative,True,0.1687160403
-9,31.5,7.5,conservative,True,0.155537576782
-8,31.5,7.5,conservative,True,0.145387053863
-7,31.5,7.5,conservative,True,0.133148590059
-6,31.5,7.5,conservative,True,0.124475211317
-5,31.5,7.5,conservative,True,0.114829073366
-4,31.5,7.5,conservative,True,0.105123162014
-3,31.5,7.5,conservative,True,0.0967051399233
-2,31.5,7.5,conservative,True,0.0889597576753
-1,31.5,7.5,conservative,True,0.0823905519717
0,31.5,7.5,conservative,True,0.0756011329646
1,31.5,7.5,conservative,True,0.0706999231885
2,31.5,7.5,conservative,True,0.0684884033664
3,31.5,7.5,conservative,True,0.065828101858
4,31.5,7.5,conservative,True,0.0646515466464
5,31.5,7.5,conservative,True,0.068074453601
6,31.5,7.5,conservative,True,0.0682062083819
7,31.5,7.5,conservative,True,0.0689043791973
8,31.5,7.5,conservative,True,0.070647973184
9,31.5,7.5,conservative,True,0.0747724448352
10,31.5,7.5,conservative,True,0.0820250677417
11,31.5,7.5,conservative,True,0.0884180026343
12,31.5,7.5,conservative,True,0.0980043698206
13,31.5,7.5,conservative,True,0.100337815689
14,31.5,7.5,conservative,True,0.111567188857
15,31.5,7.5,conservative,True,0.124248865622
16,31.5,7.5,conservative,True,0.134991814124
17,31.5,7.5,conservative,True,0.148201553485
18,31.5,7.5,conservative,True,0.160392505957
19,31.5,7.5,conservative,True,0.174850592001
20,31.5,7.5,conservative,True,0.188136285737
21,31.5,7.5,conservative,True,0.202758128808
22,31.5,7.5,conservative,True,0.222112773541
23,31.5,7.5,conservative,True,0.234337457789
24,31.5,7.5,conservative,True,0.247096274244
25,31.5,7.5,conservative,True,0.260048736781
26,31.5,7.5,conservative,True,0.266719399233
27,31.5,7.5,conservative,True,0.273959158693
28,31.5,7.5,conservative,True,0.283099443383
29,31.5,7.5,conservative,True,0.291002681762
30,31.5,7.5,conservative,True,0.297900647609
31,31.5,7.5,conservative,True,0.306087119051
32,31.5,7.5,conservative,True,0.316413609109
33,31.5,7.5,conservative,True,0.328275993476
34,31.5,7.5,conservative,True,0.334755729865
35,31.5,7.5,conservative,True,0.346077249388
36,31.5,7.5,conservative,True,0.360494606021
37,31.5,7.5,conservative,True,0.373252566598
38,31.5,7.5,conservative,True,0.384700278087
39,31.5,7.5,conservative,True,0.396360070757
40,31.5,7.5,conservative,True,0.411630619208
41,31.5,7.5,conservative,True,0.413916167656
42,31.5,7.5,conservative,True,0.430833976297
43,31.5,7.5,conservative,True,0.442100438391
44,31.5,7.5,conservative,True,0.457626659088
45,31.5,7.5,conservative,True,0.474678945296
46,31.5,7.5,conservative,False,
47,31.5,7.5,conservative,False,
48,31.5,7.5,conservative,False,
49,31.5,7.5,conservative,False,
50,31.5,7.5,conservative,False,
51,31.5,7.5,conservative,False,
52,31.5,7.5,conservative,False,
-52,32.5,7.5,conservative,False,
-51,32.5,7.5,conservative,False,
-50,32.5,7.5,conservative,False,
-49,32.5,7.5,conservative,True,0.361585220929
-48,32.5,7.5,conservative,True,0.380000662442
-47,32.5,7.5,conservative,True,0.380777772282
-46,32.5,7.5,conservative,True,0.385820428723
-45,32.5,7.5,conservative,True,0.380426447503
-44,32.5,7.5,conservative,True,0.391700771597
-43,32.5,7.5,conservative,True,0.407166016
-42,32.5,7.5,conservative,True,0.414202171257
-41,32.5,7.5,conservative,True,0.414843394632
-40,32.5,7.5,conservative,True,0.417697533309
-39,32.5,7.5,conservative,True,0.417810428316
-38,32.5,7.5,conservative,True,0.418316945056
-37,32.5,7.5,conservative,True,0.423611123781
-36,32.5,7.5,conservative,True,0.419300037527
-35,32.5,7.5,conservative,True,0.421561053835
-34,32.5,7.5,conservative,True,0.42761727221
-33,32.5,7.5,conservative,True,0.420849478252
-32,32.5,7.5,conservative,True,0.418666901087
-31,32.5,7.5,conservative,True,0.424363333659
-30,32.5,7.5,conservative,True,0.421345077463
-29,32.5,7.5,conservative,True,0.418380522281
-28,32.5,7.5,conservative,True,0.40777714571
-27,32.5,7.5,conservative,True,0.400708676946
-26,32.5,7.5,conservative,True,0.390507630359
-25,32.5,7.5,conservative,True,0.388386894689
-24,32.5,7.5,conservative,True,0.379086176821
-23,32.5,7.5,conservative,True,0.365936396839
-22,32.5,7.5,conservative,True,0.351697068207
-21,32.5,7.5,conservative,True,0.33549127109
-20,32.5,7.5,conservative,True,0.316842407818
-19,32.5,7.5,conservative,True,0.307340675056
-18,32.5,7.5,conservative,True,0.294880868491
-17,32.5,7.5,conservative,True,0.279353080842
-16,32.5,7.5,conservative,True,0.264287770466
-15,32.5,7.5,conservative,True,0.245178898585
-14,32.5,7.5,conservative,True,0.226542051926
-13,32.5,7.5,conservative,True,0.208384612325
-12,32.5,7.5,conservative,True,0.195518878148
-11,32.5,7.5,conservative,True,0.181397823101
-10,32.5,7.5,conservative,True,0.167283643172
-9,32.5,7.5,conservative,True,0.153395734077
-8,32.5,7.5,conservative,True,0.142744093107
-7,32.5,7.5,conservative,True,0.131171003162
-6,32.5,7.5,conservative,True,0.122827791794
-5,32.5,7.5,conservative,True,0.114163939369
-4,32.5,7.5,conservative,True,0.102298466393
-3,32.5,7.5,conservative,True,0.0972517992076
-2,32.5,7.5,conservative,True,0.0895864995258
-1,32.5,7.5,conservative,True,0.0815921958063
0,32.5,7.5,conservative,True,0.0740624788005
1,32.5,7.5,conservative,True,0.0709075875389
2,32.5,7.5,conservative,True,0.068281074764
3,32.5,7.5,conservative,True,0.0682132587102
4,32.5,7.5,conservative,True,0.0679255937953
5,32.5,7.5,conservative,True,0.0693181671871
6,32.5,7.5,conservative,True,0.068599866854
7,32.5,7.5,conservative,True,0.0711830784641
8,32.5,7.5,conservative,True,0.0753985848245
9,32.5,7.5,conservative,True,0.0804497735146
10,32.5,7.5,conservative,True,0.0847446200127
11,32.5,7.5,conservative,True,0.0930783003225
12,32.5,7.5,conservative,True,0.0990859384691
13,32.5,7.5,conservative,True,0.106612252681
14,32.5,7.5,conservative,True,0.115467810789
15,32.5,7.5,conservative,True,0.133939816268
16,32.5,7.5,conservative,True,0.142356081272
17,32.5,7.5,conservative,True,0.155372181013
18,32.5,7.5,conservative,True,0.16956994013
19,32.5,7.5,conservative,True,0.187174903558
20,32.5,7.5,conservative,True,0.201616016812
21,32.5,7.5,conservative,True,0.217413303284
22,32.5,7.5,conservative,True,0.231223909616
23,32.5,7.5,conservative,True,0.247138154189
24,32.5,7.5,conservative,True,0.257377408901
25,32.5,7.5,conservative,True,0.271595742631
26,32.5,7.5,conservative,True,0.282717369869
27,32.5,7.5,conservative,True,0.291091087166
28,32.5,7.5,conservative,True,0.300881086229
29,32.5,7.5,conservative,True,0.308506868246
30,32.5,7.5,conservative,True,0.317072581607
31,32.5,7.5,conservative,True,0.325360000792
32,32.5,7.5,conservative,True,0.340448708622
33,32.5,7.5,conservative,True,0.349119284475
34,32.5,7.5,conservative,True,0.353981301252
35,32.5,7.5,conservative,True,0.373453161176
36,32.5,7.5,conservative,True,0.39032427489
37,32.5,7.5,conservative,True,0.396736279419
38,32.5,7.5,conservative,True,0.413275298029
39,32.5,7.5,conservative,True,0.426434171228
40,32.5,7.5,conservative,True,0.434168684039
41,32.5,7.5,conservative,True,0.44017673307
42,32.5,7.5,conservative,True,0.453966131969
43,32.5,7.5,conservative,True,0.467759940154
44,32.5,7.5,conservative,True,0.480624605732
45,32.5,7.5,conservative,False,
46,32.5,7.5,conservative,False,
47,32.5,7.5,conservative,False,
48,32.5,7.5,conservative,False,
49,32.5,7.5,conservative,False,
50,32.5,7.5,conservative,False,
51,32.5,7.5,conservative,False,
52,32.5,7.5,conservative,False,
-52,33.5,7.5,conservative,False,
-51,33.5,7.5,conservative,False,
-50,33.5,7.5,conservative,False,
-49,33.5,7.5,conservative,True,0.361309287773
-48,33.5,7.5,conservative,True,0.376008036323
-47,33.5,7.5,conservative,True,0.394179555097
-46,33.5,7.5,conservative,True,0.395711001872
-45,33.5,7.5,conservative,True,0.390732459303
-44,33.5,7.5,conservative,True,0.401641808575
-43,33.5,7.5,conservative,True,0.408608621907
-42,33.5,7.5,conservative,True,0.41903632011
-41,33.5,7.5,conservative,True,0.423862909508
-40,33.5,7.5,conservative,True,0.426229958006
-39,33.5,7.5,conservative,True,0.428273951864
-38,33.5,7.5,conservative,True,0.422014049172
-37,33.5,7.5,conservative,True,0.426528662066
-36,33.5,7.5,conservative,True,0.427860659609
-35,33.5,7.5,conservative,True,0.427657032157
-34,33.5,7.5,conservative,True,0.433255242136
-33,33.5,7.5,conservative,True,0.434127607259
-32,33.5,7.5,conservative,True,0.431461547578
-31,33.5,7.5,conservative,True,0.423886882245
-30,33.5,7.5,conservative,True,0.427086122948
-29,33.5,7.5,conservative,True,0.414369302984
-28,33.5,7.5,conservative,True,0.40436617091
-27,33.5,7.5,conservative,True,0.39760360934
-26,33.5,7.5,conservative,True,0.394629823681
-25,33.5,7.5,conservative,True,0.389062474713
-24,33.5,7.5,conservative,True,0.380085162957
-23,33.5,7.5,conservative,True,0.362724716163
-22,33.5,7.5,conservative,True,0.349684946988
-21,33.5,7.5,conservative,True,0.335119721969
-20,33.5,7.5,conservative,True,0.320276396336
-19,33.5,7.5,conservative,True,0.309533021719
-18,33.5,7.5,conservative,True,0.294275840245
-17,33.5,7.5,conservative,True,0.282592414982
-16,33.5,7.5,conservative,True,0.263944767136
-15,33.5,7.5,conservative,True,0.242903445213
-14,33.5,7.5,conservative,True,0.226078765268
-13,33.5,7.5,conservative,True,0.204971006365
-12,33.5,7.5,conservative,True,0.192700315493
-11,33.5,7.5,conservative,True,0.176879721283
-10,33.5,7.5,conservative,True,0.163213563482
-9,33.5,7.5,conservative,True,0.153143612647
-8,33.5,7.5,conservative,True,0.138056023315
-7,33.5,7.5,conservative,True,0.127397742721
-6,33.5,7.5,conservative,True,0.119055294256
-5,33.5,7.5,conservative,True,0.109550441236
-4,33.5,7.5,conservative,True,0.101781960769
-3,33.5,7.5,conservative,True,0.0948777675895
-2,33.5,7.5,conservative,True,0.0887036196872
-1,33.5,7.5,conservative,True,0.0815589020869
0,33.5,7.5,conservative,True,0.0765715869325
1,33.5,7.5,conservative,True,0.0733267736797
2,33.5,7.5,conservative,True,0.0702158375749
3,33.5,7.5,conservative,True,0.0693997748837
4,33.5,7.5,conservative,True,0.0709136746171
5,33.5,7.5,conservative,True,0.0691303574945
6,33.5,7.5,conservative,True,0.0694956209013
7,33.5,7.5,conservative,True,0.0736254765582
8,33.5,7.5,conservative,True,0.0744856403097
9,33.5,7.5,conservative,True,0.0810880945366
10,33.5,7.5,conservative,True,0.0883671235492
11,33.5,7.5,conservative,True,0.09676997757
12,33.5,7.5,conservative,True,0.10188661988
13,33.5,7.5,conservative,True,0.1109480656
14,33.5,7.5,conservative,True,0.126310960533
15,33.5,7.5,conservative,True,0.138048353734
16,33.5,7.5,conservative,True,0.153352577506
17,33.5,7.5,conservative,True,0.166794545611
18,33.5,7.5,conservative,True,0.179727802382
19,33.5,7.5,conservative,True,0.197082662005
20,33.5,7.5,conservative,True,0.215325528733
21,33.5,7.5,conservative,True,0.229270782443
22,33.5,7.5,conservative,True,0.247894690286
23,33.5,7.5,conservative,True,0.258366465552
24,33.5,7.5,conservative,True,0.270324231891
25,33.5,7.5,conservative,True,0.285244696579
26,33.5,7.5,conservative,True,0.294643043659
27,33.5,7.5,conservative,True,0.302086606056
28,33.5,7.5,conservative,True,0.316307069465
29,33.5,7.5,conservative,True,0.326044364556
30,33.5,7.5,conservative,True,0.337032919306
31,33.5,7.5,conservative,True,0.348201560024
32,33.5,7.5,conservative,True,0.371084753299
33,33.5,7.5,conservative,True,0.380568446633
34,33.5,7.5,conservative,True,0.386150773148
35,33.5,7.5,conservative,True,0.404101479441
36,33.5,7.5,conservative,True,0.415763173329
37,33.5,7.5,conservative,True,0.43363554391
38,33.5,7.5,conservative,True,0.442635209652
39,33.5,7.5,conservative,True,0.460745161854
40,33.5,7.5,conservative,True,0.462298884696
41,33.5,7.5,conservative,True,0.467410008567
42,33.5,7.5,conservative,True,0.479637361581
43,33.5,7.5,conservative,True,0.490231245853
44,33.5,7.5,conservative,True,0.491458630027
45,33.5,7.5,conservative,False,
46,33.5,7.5,conservative,False,
47,33.5,7.5,conservative,False,
48,33.5,7.5,conservative,False,
49,33.5,7.5,conservative,False,
50,33.5,7.5,conservative,False,
51,33.5,7.5,conservative,False,
52,33.5,7.5,conservative,False,
-52,-33.5,10,conservative,True,0.427983833095
-51,-33.5,10,conservative,True,0.407988112586
-50,-33.5,10,conservative,True,0.397585121099
-49,-33.5,10,conservative,True,0.399253678599
-48,-33.5,10,conservative,True,0.39353958831
-47,-33.5,10,conservative,True,0.382654220269
-46,-33.5,10,conservative,True,0.373320057695
-45,-33.5,10,conservative,True,0.357085293887
-44,-33.5,10,conservative,True,0.338863949155
-43,-33.5,10,conservative,True,0.327144248349
-42,-33.5,10,conservative,True,0.323265624958
-41,-33.5,10,conservative,True,0.318611070225
-40,-33.5,10,conservative,True,0.312488829837
-39,-33.5,10,conservative,True,0.30447195421
-38,-33.5,10,conservative,True,0.298989597182
-37,-33.5,10,conservative,True,0.292755824121
-36,-33.5,10,conservative,True,0.285439483374
-35,-33.5,10,conservative,True,0.286737142598
-34,-33.5,10,conservative,True,0.284465271642
-33,-33.5,10,conservative,True,0.284358605281
-32,-33.5,10,conservative,True,0.282864331178
-31,-33.5,10,conservative,True,0.279500717903
-30,-33.5,10,conservative,True,0.280234268593
-29,-33.5,10,conservative,True,0.275465596387
-28,-33.5,10,conservative,True,0.27172182492
-27,-33.5,10,conservative,True,0.268998748026
-26,-33.5,10,conservative,True,0.265603315895
-25,-33.5,10,conservative,True,0.26292354119
-24,-33.5,10,conservative,True,0.258096659058
-23,-33.5,10,conservative,True,0.252446736363
-22,-33.5,10,conservative,True,0.24931032994
-21,-33.5,10,conservative,True,0.245836920434
-20,-33.5,10,conservative,True,0.244462339507
-19,-33.5,10,conservative,True,0.24424655034
-18,-33.5,10,conservative,True,0.240672424143
-17,-33.5,10,conservative,True,0.23720400559
-16,-33.5,10,conservative,True,0.23257438764
-15,-33.5,10,conservative,True,0.229069194512
-14,-33.5,10,conservative,True,0.225596609917
-13,-33.5,10,conservative,True,0.220664071771
-12,-33.5,10,conservative,True,0.21461501758
-11,-33.5,10,conservative,True,0.209249738684
-10,-33.5,10,conservative,True,0.201770615251
-9,-33.5,10,conservative,True,0.198106233596
-8,-33.5,10,conservative,True,0.193250392852
-7,-33.5,10,conservative,True,0.186970119816
-6,-33.5,10,conservative,True,0.18242181647
-5,-33.5,10,conservative,True,0.177693664175
-4,-33.5,10,conservative,True,0.172277884023
-3,-33.5,10,conservative,True,0.167317728204
-2,-33.5,10,conservative,True,0.165529279802
-1,-33.5,10,conservative,True,0.162267334542
0,-33.5,10,conservative,True,0.159351433305
1,-33.5,10,conservative,True,0.157807217075
2,-33.5,10,conservative,True,0.15527583463
3,-33.5,10,conservative,True,0.154355482443
4,-33.5,10,conservative,True,0.155229102969
5,-33.5,10,conservative,True,0.15441652352
6,-33.5,10,conservative,True,0.153629788871
7,-33.5,10,conservative,True,0.153003075085
8,-33.5,10,conservative,True,0.154103074514
9,-33.5,10,conservative,True,0.155919530697
10,-33.5,10,conservative,True,0.158882411264
11,-33.5,10,conservative,True,0.163695207418
12,-33.5,10,conservative,True,0.167929998695
13,-33.5,10,conservative,True,0.17264680314
14,-33.5,10,conservative,True,0.178525168454
15,-33.5,10,conservative,True,0.185254113091
16,-33.5,10,conservative,True,0.19249468398
17,-33.5,10,conservative,True,0.197706125764
18,-33.5,10,conservative,True,0.206018268806
19,-33.5,10,conservative,True,0.212637301179
20,-33.5,10,conservative,True,0.219750118297
21,-33.5,10,conservative,True,0.228021365979
22,-33.5,10,conservative,True,0.239306044461
23,-33.5,10,conservative,True,0.24776016881
24,-33.5,10,conservative,True,0.257594249773
25,-33.5,10,conservative,True,0.267809080862
26,-33.5,10,conservative,True,0.278990644917
27,-33.5,10,conservative,True,0.289775860775
28,-33.5,10,conservative,True,0.29814474225
29,-33.5,10,conservative,True,0.30553705061
30,-33.5,10,conservative,True,0.31158852236
31,-33.5,10,conservative,True,0.314513562743
32,-33.5,10,conservative,True,0.318106177647
33,-33.5,10,conservative,True,0.328240809298
34,-33.5,10,conservative,True,0.333553509244
35,-33.5,10,conservative,True,0.329865883654
36,-33.5,10,conservative,True,0.329752051065
37,-33.5,10,conservative,True,0.328316779307
38,-33.5,10,conservative,True,0.32995658912
39,-33.5,10,conservative,True,0.33222635151
40,-33.5,10,conservative,True,0.33091759131
41,-33.5,10,conservative,True,0.324882637312
42,-33.5,10,conservative,True,0.327505886704
43,-33.5,10,conservative,True,0.327413061482
44,-33.5,10,conservative,True,0.325888558174
45,-33.5,10,conservative,True,0.328864645284
46,-33.5,10,conservative,True,0.325434434993
47,-33.5,10,conservative,True,0.317869161088
48,-33.5,10,conservative,True,0.311784108767
49,-33.5,10,conservative,True,0.316751482038
50,-33.5,10,conservative,False,
51,-33.5,10,conservative,False,
52,-33.5,10,conservative,False,
-52,-32.5,10,conservative,True,0.417296533579
-51,-32.5,10,conservative,True,0.391283955179
-50,-32.5,10,conservative,True,0.385132991705
-49,-32.5,10,conservative,True,0.377954014521
-48,-32.5,10,conservative,True,0.379194060813
-47,-32.5,10,conservative,True,0.369099074303
-46,-32.5,10,conservative,True,0.354756214312
-45,-32.5,10,conservative,True,0.3404136532
-44,-32.5,10,conservative,True,0.322114423457
-43,-32.5,10,conservative,True,0.31537482065
-42,-32.5,10,conservative,True,0.30916599827
-41,-32.5,10,conservative,True,0.307917223567
-40,-32.5,10,conservative,True,0.302246626115
-39,-32.5,10,conservative,True,0.296122303134
-38,-32.5,10,conservative,True,0.291870429002
-37,-32.5,10,conservative,True,0.286988042575
-36,-32.5,10,conservative,True,0.281650472543
-35,-32.5,10,conservative,True,0.280815497816
-34,-32.5,10,conservative,True,0.279173606736
-33,-32.5,10,conservative,True,0.276933869493
-32,-32.5,10,conservative,True,0.275037151728
-31,-32.5,10,conservative,True,0.273076447704
-30,-32.5,10,conservative,True,0.271906530056
-29,-32.5,10,conservative,True,0.269563652699
-28,-32.5,10,conservative,True,0.266837870167
-27,-32.5,10,conservative,True,0.264274927311
-26,-32.5,10,conservative,True,0.261426888233
-25,-32.5,10,conservative,True,0.258683915265
-24,-32.5,10,conservative,True,0.252533524352
-23,-32.5,10,conservative,True,0.248697895475
-22,-32.5,10,conservative,True,0.244781967239
-21,-32.5,10,conservative,True,0.242601650344
-20,-32.5,10,conservative,True,0.241691470195
-19,-32.5,10,conservative,True,0.240289163627
-18,-32.5,10,conservative,True,0.236439919696
-17,-32.5,10,conservative,True,0.231002550445
-16,-32.5,10,conservative,True,0.227000138046
-15,-32.5,10,conservative,True,0.223306579532
-14,-32.5,10,conservative,True,0.219505447029
-13,-32.5,10,conservative,True,0.213610655446
-12,-32.5,10,conservative,True,0.208588841879
-11,-32.5,10,conservative,True,0.203753991291
-10,-32.5,10,conservative,True,0.197338488464
-9,-32.5,10,conservative,True,0.193502108178
-8,-32.5,10,conservative,True,0.18975357471
-7,-32.5,10,conservative,True,0.185086232301
-6,-32.5,10,conservative,True,0.179625275783
-5,-32.5,10,conservative,True,0.174731517563
-4,-32.5,10,conservative,True,0.169418571002
-3,-32.5,10,conservative,True,0.166402635853
-2,-32.5,10,conservative,True,0.162292573168
-1,-32.5,10,conservative,True,0.158770417832
0,-32.5,10,conservative,True,0.15559367286
1,-32.5,10,conservative,True,0.153052660402
2,-32.5,10,conservative,True,0.151773866948
3,-32.5,10,conservative,True,0.151927288508
4,-32.5,10,conservative,True,0.151517391927
5,-32.5,10,conservative,True,0.150145950268
6,-32.5,10,conservative,True,0.150627524383
7,-32.5,10,conservative,True,0.150607808328
8,-32.5,10,conservative,True,0.152023509131
9,-32.5,10,conservative,True,0.153186032505
10,-32.5,10,conservative,True,0.156599310607
11,-32.5,10,conservative,True,0.159890386696
12,-32.5,10,conservative,True,0.16376663835
13,-32.5,10,conservative,True,0.169247426374
14,-32.5,10,conservative,True,0.175415227321
15,-32.5,10,conservative,True,0.181415184285
16,-32.5,10,conservative,True,0.186476835182
17,-32.5,10,conservative,True,0.190638723066
18,-32.5,10,conservative,True,0.196160151396
19,-32.5,10,conservative,True,0.202788904766
20,-32.5,10,conservative,True,0.210360832357
21,-32.5,10,conservative,True,0.218774505643
22,-32.5,10,conservative,True,0.230728893753
23,-32.5,10,conservative,True,0.239899616079
24,-32.5,10,conservative,True,0.248324334222
25,-32.5,10,conservative,True,0.256664708413
26,-32.5,10,conservative,True,0.266627947475
27,-32.5,10,conservative,True,0.276700854864
28,-32.5,10,conservative,True,0.284555037718
29,-32.5,10,conservative,True,0.293533113229
30,-32.5,10,conservative,True,0.298296346454
31,-32.5,10,conservative,True,0.30254051186
32,-32.5,10,conservative,True,0.305705088554
33,-32.5,10,conservative,True,0.313545216948
34,-32.5,10,conservative,True,0.319359657637
35,-32.5,10,conservative,True,0.317098949945
36,-32.5,10,conservative,True,0.319593446241
37,-32.5,10,conservative,True,0.318310487987
38,-32.5,10,conservative,True,0.320266854947
39,-32.5,10,conservative,True,0.322270163032
40,-32.5,10,conservative,True,0.320045518854
41,-32.5,10,conservative,True,0.316455478783
42,-32.5,10,conservative,True,0.313928476164
43,-32.5,10,conservative,True,0.316104409201
44,-32.5,10,conservative,True,0.319038731177
45,-32.5,10,conservative,True,0.322038691605
46,-32.5,10,conservative,True,0.319585569508
47,-32.5,10,conservative,True,0.313449597593
48,-32.5,10,conservative,True,0.311782163213
49,-32.5,10,conservative,True,0.312984477841
50,-32.5,10,conservative,True,0.305547035536
51,-32.5,10,conservative,True,0.305397286318
52,-32.5,10,conservative,False,
-52,-31.5,10,conservative,True,0.383108203359
-51,-31.5,10,conservative,True,0.371486831889
-50,-31.5,10,conservative,True,0.359007226677
-49,-31.5,10,conservative,True,0.356256633355
-48,-31.5,10,conservative,True,0.361934471191
-47,-31.5,10,conservative,True,0.347681337002
-46,-31.5,10,conservative,True,0.333111326313
-45,-31.5,10,conservative,True,0.322252536562
-44,-31.5,10,conservative,True,0.311845832659
-43,-31.5,10,conservative,True,0.306160645557
-42,-31.5,10,conservative,True,0.302112238065
-41,-31.5,10,conservative,True,0.3034369945
-40,-31.5,10,conservative,True,0.293367687583
-39,-31.5,10,conservative,True,0.287398078283
-38,-31.5,10,conservative,True,0.282594092682
-37,-31.5,10,conservative,True,0.279462743734
-36,-31.5,10,conservative,True,0.273324163303
-35,-31.5,10,conservative,True,0.276160820474
-34,-31.5,10,conservative,True,0.27440293631
-33,-31.5,10,conservative,True,0.272404714386
-32,-31.5,10,conservative,True,0.268157161685
-31,-31.5,10,conservative,True,0.267278684405
-30,-31.5,10,conservative,True,0.264354889276
-29,-31.5,10,conservative,True,0.262859399224
-28,-31.5,10,conservative,True,0.260935684205
-27,-31.5,10,conservative,True,0.257845578424
-26,-31.5,10,conservative,True,0.256473889213
-25,-31.5,10,conservative,True,0.250896357537
-24,-31.5,10,conservative,True,0.247855947069
-23,-31.5,10,conservative,True,0.244285354353
-22,-31.5,10,conservative,True,0.242845039993
-21,-31.5,10,conservative,True,0.2403120188
-20,-31.5,10,conservative,True,0.240541864902
-19,-31.5,10,conservative,True,0.235949928974
-18,-31.5,10,conservative,True,0.232191086736
-17,-31.5,10,conservative,True,0.227816525592
-16,-31.5,10,conservative,True,0.222978274769
-15,-31.5,10,conservative,True,0.220646453306
-14,-31.5,10,conservative,True,0.214947295915
-13,-31.5,10,conservative,True,0.208524360333
-12,-31.5,10,conservative,True,0.20297851512
-11,-31.5,10,conservative,True,0.197937407454
-10,-31.5,10,conservative,True,0.194850256103
-9,-31.5,10,conservative,True,0.18911532572
-8,-31.5,10,conservative,True,0.184696236864
-7,-31.5,10,conservative,True,0.181773434308
-6,-31.5,10,conservative,True,0.176211271107
-5,-31.5,10,conservative,True,0.171413894335
-4,-31.5,10,conservative,True,0.168784590791
-3,-31.5,10,conservative,True,0.164789914213
-2,-31.5,10,conservative,True,0.161277759051
-1,-31.5,10,conservative,True,0.157211368258
0,-31.5,10,conservative,True,0.154704554091
1,-31.5,10,conservative,True,0.151560739171
2,-31.5,10,conservative,True,0.148380701606
3,-31.5,10,conservative,True,0.147806366545
4,-31.5,10,conservative,True,0.147483171789
5,-31.5,10,conservative,True,0.14525621879
6,-31.5,10,conservative,True,0.145535161512
7,-31.5,10,conservative,True,0.145174601421
8,-31.5,10,conservative,True,0.146798915574
9,-31.5,10,conservative,True,0.148976170889
10,-31.5,10,conservative,True,0.152123528889
11,-31.5,10,conservative,True,0.155774477204
12,-31.5,10,conservative,True,0.158840726278
13,-31.5,10,conservative,True,0.164307988244
14,-31.5,10,conservative,True,0.17019605907
15,-31.5,10,conservative,True,0.174516351355
16,-31.5,10,conservative,True,0.180709647638
17,-31.5,10,conservative,True,0.184034112756
18,-31.5,10,conservative,True,0.188744071493
19,-31.5,10,conservative,True,0.193689333553
20,-31.5,10,conservative,True,0.20144899383
21,-31.5,10,conservative,True,0.209821131644
22,-31.5,10,conservative,True,0.218334247693
23,-31.5,10,conservative,True,0.228988016305
24,-31.5,10,conservative,True,0.237317049173
25,-31.5,10,conservative,True,0.244733284912
26,-31.5,10,conservative,True,0.252606179706
27,-31.5,10,conservative,True,0.261318734221
28,-31.5,10,conservative,True,0.270198463799
29,-31.5,10,conservative,True,0.277500554476
30,-31.5,10,conservative,True,0.285671855385
31,-31.5,10,conservative,True,0.289789538461
32,-31.5,10,conservative,True,0.293374051164
33,-31.5,10,conservative,True,0.295777358623
34,-31.5,10,conservative,True,0.305807034916
35,-31.5,10,conservative,True,0.306105289767
36,-31.5,10,conservative,True,0.305869463981
37,-31.5,10,conservative,True,0.307189967941
38,-31.5,10,conservative,True,0.308386064113
39,-31.5,10,conservative,True,0.309366403641
40,-31.5,10,conservative,True,0.309490752175
41,-31.5,10,conservative,True,0.305857226245
42,-31.5,10,conservative,True,0.303427042562
43,-31.5,10,conservative,True,0.305893407558
44,-31.5,10,conservative,True,0.307714299032
45,-31.5,10,conservative,True,0.314250402138
46,-31.5,10,conservative,True,0.312343102982
47,-31.5,10,conservative,True,0.314062835457
48,-31.5,10,conservative,True,0.307841183552
49,-31.5,10,conservative,True,0.307493664954
50,-31.5,10,conservative,True,0.312384355463
51,-31.5,10,conservative,True,0.297709869929
52,-31.5,10,conservative,False,
-52,-30.5,10,conservative,True,0.345019178994
-51,-30.5,10,conservative,True,0.340282216969
-50,-30.5,10,conservative,True,0.334121562773
-49,-30.5,10,conservative,True,0.349856030436
-48,-30.5,10,conservative,True,0.336918965582
-47,-30.5,10,conservative,True,0.322206818145
-46,-30.5,10,conservative,True,0.312006179592
-45,-30.5,10,conservative,True,0.297471594999
-44,-30.5,10,conservative,True,0.2953658812
-43,-30.5,10,conservative,True,0.292377522511
-42,-30.5,10,conservative,True,0.296687063454
-41,-30.5,10,conservative,True,0.290345419406
-40,-30.5,10,conservative,True,0.282724344754
-39,-30.5,10,conservative,True,0.275856813151
-38,-30.5,10,conservative,True,0.270330677925
-37,-30.5,10,conservative,True,0.267607792309
-36,-30.5,10,conservative,True,0.266362110154
-35,-30.5,10,conservative,True,0.267574868007
-34,-30.5,10,conservative,True,0.265108893562
-33,-30.5,10,conservative,True,0.263329627438
-32,-30.5,10,conservative,True,0.263379340683
-31,-30.5,10,conservative,True,0.261090360187
-30,-30.5,10,conservative,True,0.258037597711
-29,-30.5,10,conservative,True,0.255371976662
-28,-30.5,10,conservative,True,0.25312064569
-27,-30.5,10,conservative,True,0.250579313773
-26,-30.5,10,conservative,True,0.250757565942
-25,-30.5,10,conservative,True,0.244439283288
-24,-30.5,10,conservative,True,0.242353004907
-23,-30.5,10,conservative,True,0.23899645343
-22,-30.5,10,conservative,True,0.236254217536
-21,-30.5,10,conservative,True,0.235636891116
-20,-30.5,10,conservative,True,0.233254520889
-19,-30.5,10,conservative,True,0.232537593962
-18,-30.5,10,conservative,True,0.227442930169
-17,-30.5,10,conservative,True,0.222460647772
-16,-30.5,10,conservative,True,0.219178371623
-15,-30.5,10,conservative,True,0.214746760372
-14,-30.5,10,conservative,True,0.211450467441
-13,-30.5,10,conservative,True,0.204536704099
-12,-30.5,10,conservative,True,0.198773957013
-11,-30.5,10,conservative,True,0.194470359793
-10,-30.5,10,conservative,True,0.188880417981
-9,-30.5,10,conservative,True,0.183522225735
-8,-30.5,10,conservative,True,0.179847939502
-7,-30.5,10,conservative,True,0.176796407553
-6,-30.5,10,conservative,True,0.17257175058
-5,-30.5,10,conservative,True,0.169258569903
-4,-30.5,10,conservative,True,0.165734584242
-3,-30.5,10,conservative,True,0.162703079058
-2,-30.5,10,conservative,True,0.158593314211
-1,-30.5,10,conservative,True,0.154984456322
0,-30.5,10,conservative,True,0.150529928026
1,-30.5,10,conservative,True,0.147273550004
2,-30.5,10,conservative,True,0.145980230532
3,-30.5,10,conservative,True,0.141825253372
4,-30.5,10,conservative,True,0.141928099559
5,-30.5,10,conservative,True,0.139823826334
6,-30.5,10,conservative,True,0.139623460978
7,-30.5,10,conservative,True,0.141816095205
8,-30.5,10,conservative,True,0.143385082507
9,-30.5,10,conservative,True,0.145268905344
10,-30.5,10,conservative,True,0.148292176339
11,-30.5,10,conservative,True,0.152270955192
12,-30.5,10,conservative,True,0.154296434721
13,-30.5,10,conservative,True,0.158209633637
14,-30.5,10,conservative,True,0.162511635575
15,-30.5,10,conservative,True,0.16899167053
16,-30.5,10,conservative,True,0.173535433415
17,-30.5,10,conservative,True,0.177722501373
18,-30.5,10,conservative,True,0.183623876017
19,-30.5,10,conservative,True,0.187102330588
20,-30.5,10,conservative,True,0.193847844697
21,-30.5,10,conservative,True,0.202359709943
22,-30.5,10,conservative,True,0.209267860614
23,-30.5,10,conservative,True,0.216220178153
24,-30.5,10,conservative,True,0.223801400441
25,-30.5,10,conservative,True,0.230907446242
26,-30.5,10,conservative,True,0.241382679745
27,-30.5,10,conservative,True,0.249177389661
28,-30.5,10,conservative,True,0.256182010321
29,-30.5,10,conservative,True,0.263295595049
30,-30.5,10,conservative,True,0.270903849528
31,-30.5,10,conservative,True,0.274340709978
32,-30.5,10,conservative,True,0.277380973693
33,-30.5,10,conservative,True,0.282272911571
34,-30.5,10,conservative,True,0.285770077714
35,-30.5,10,conservative,True,0.290868771204
36,-30.5,10,conservative,True,0.29281183674
37,-30.5,10,conservative,True,0.292055390154
38,-30.5,10,conservative,True,0.293102953835
39,-30.5,10,conservative,True,0.295443048426
40,-30.5,10,conservative,True,0.29897031544
41,-30.5,10,conservative,True,0.299467314801
42,-30.5,10,conservative,True,0.295448982228
43,-30.5,10,conservative,True,0.295894309208
44,-30.5,10,conservative,True,0.296720114893
45,-30.5,10,conservative,True,0.299539251053
46,-30.5,10,conservative,True,0.304051240583
47,-30.5,10,conservative,True,0.297604915302
48,-30.5,10,conservative,True,0.302215183054
49,-30.5,10,conservative,True,0.300858195671
50,-30.5,10,conservative,True,0.309064450497
51,-30.5,10,conservative,True,0.29979872747
52,-30.5,10,conservative,True,0.290791237977
-52,-29.5,10,conservative,True,0.328942558164
-51,-29.5,10,conservative,True,0.321720443935
-50,-29.5,10,conservative,True,0.325182229225
-49,-29.5,10,conservative,True,0.326161695496
-48,-29.5,10,conservative,True,0.317775681695
-47,-29.5,10,conservative,True,0.302078689842
-46,-29.5,10,conservative,True,0.293798386557
-45,-29.5,10,conservative,True,0.282622142301
-44,-29.5,10,conservative,True,0.28174729732
-43,-29.5,10,conservative,True,0.278243125399
-42,-29.5,10,conservative,True,0.277124984069
-41,-29.5,10,conservative,True,0.271914635542
-40,-29.5,10,conservative,True,0.271018460191
-39,-29.5,10,conservative,True,0.263304650086
-38,-29.5,10,conservative,True,0.260768597926
-37,-29.5,10,conservative,True,0.258545510378
-36,-29.5,10,conservative,True,0.255753889644
-35,-29.5,10,conservative,True,0.256767424394
-34,-29.5,10,conservative,True,0.255303136116
-33,-29.5,10,conservative,True,0.255364319312
-32,-29.5,10,conservative,True,0.255533067183
-31,-29.5,10,conservative,True,0.253498850914
-30,-29.5,10,conservative,True,0.253070353059
-29,-29.5,10,conservative,True,0.251585831683
-28,-29.5,10,conservative,True,0.248874310703
-27,-29.5,10,conservative,True,0.246468735552
-26,-29.5,10,conservative,True,0.243007920202
-25,-29.5,10,conservative,True,0.239625239463
-24,-29.5,10,conservative,True,0.236439259927
-23,-29.5,10,conservative,True,0.234557082507
-22,-29.5,10,conservative,True,0.231549117987
-21,-29.5,10,conservative,True,0.229847908337
-20,-29.5,10,conservative,True,0.229853870455
-19,-29.5,10,conservative,True,0.226853912533
-18,-29.5,10,conservative,True,0.224211897054
-17,-29.5,10,conservative,True,0.219914443052
-16,-29.5,10,conservative,True,0.215490221145
-15,-29.5,10,conservative,True,0.21101110205
-14,-29.5,10,conservative,True,0.206058496128
-13,-29.5,10,conservative,True,0.201019855978
-12,-29.5,10,conservative,True,0.19559166696
-11,-29.5,10,conservative,True,0.190756164652
-10,-29.5,10,conservative,True,0.185617940493
-9,-29.5,10,conservative,True,0.179674325911
-8,-29.5,10,conservative,True,0.176817704686
-7,-29.5,10,conservative,True,0.173494215576
-6,-29.5,10,conservative,True,0.168417479386
-5,-29.5,10,conservative,True,0.163912984664
-4,-29.5,10,conservative,True,0.159861403014
-3,-29.5,10,conservative,True,0.157012792637
-2,-29.5,10,conservative,True,0.153888804521
-1,-29.5,10,conservative,True,0.150264217104
0,-29.5,10,conservative,True,0.146503846644
1,-29.5,10,conservative,True,0.143480477311
2,-29.5,10,conservative,True,0.14073124959
3,-29.5,10,conservative,True,0.138663067621
4,-29.5,10,conservative,True,0.137003034941
5,-29.5,10,conservative,True,0.135989917826
6,-29.5,10,conservative,True,0.135763098233
7,-29.5,10,conservative,True,0.136334207008
8,-29.5,10,conservative,True,0.138867785144
9,-29.5,10,conservative,True,0.140442596718
10,-29.5,10,conservative,True,0.14122128871
11,-29.5,10,conservative,True,0.146205733937
12,-29.5,10,conservative,True,0.147534610414
13,-29.5,10,conservative,True,0.151391995102
14,-29.5,10,conservative,True,0.155726003076
15,-29.5,10,conservative,True,0.161405544861
16,-29.5,10,conservative,True,0.166638029908
17,-29.5,10,conservative,True,0.171688913322
18,-29.5,10,conservative,True,0.175677833895
19,-29.5,10,conservative,True,0.179057970956
20,-29.5,10,conservative,True,0.185002715333
21,-29.5,10,conservative,True,0.192413204186
22,-29.5,10,conservative,True,0.199645448705
23,-29.5,10,conservative,True,0.206459052151
24,-29.5,10,conservative,True,0.211238573862
25,-29.5,10,conservative,True,0.218592320751
26,-29.5,10,conservative,True,0.226278535539
27,-29.5,10,conservative,True,0.234279480027
28,-29.5,10,conservative,True,0.241799069709
29,-29.5,10,conservative,True,0.25100998441
30,-29.5,10,conservative,True,0.255232715399
31,-29.5,10,conservative,True,0.259461729138
32,-29.5,10,conservative,True,0.263986775226
33,-29.5,10,conservative,True,0.264917053784
34,-29.5,10,conservative,True,0.2696952679
35,-29.5,10,conservative,True,0.277551005589
36,-29.5,10,conservative,True,0.277387482023
37,-29.5,10,conservative,True,0.278616767165
38,-29.5,10,conservative,True,0.279011180909
39,-29.5,10,conservative,True,0.281094703051
40,-29.5,10,conservative,True,0.28323390356
41,-29.5,10,conservative,True,0.285499657764
42,-29.5,10,conservative,True,0.285202060643
43,-29.5,10,conservative,True,0.285936575599
44,-29.5,10,conservative,True,0.285207510247
45,-29.5,10,conservative,True,0.287284802694
46,-29.5,10,conservative,True,0.290319062128
47,-29.5,10,conservative,True,0.291436010702
48,-29.5,10,conservative,True,0.288721665596
49,-29.5,10,conservative,True,0.295237796564
50,-29.5,10,conservative,True,0.293707534928
51,-29.5,10,conservative,True,0.298328717853
52,-29.5,10,conservative,True,0.288972227423
-52,-28.5,10,conservative,True,0.300731858581
-51,-28.5,10,conservative,True,0.308441211424
-50,-28.5,10,conservative,True,0.306844306747
-49,-28.5,10,conservative,True,0.307528429909
-48,-28.5,10,conservative,True,0.293926409927
-47,-28.5,10,conservative,True,0.279619353728
-46,-28.5,10,conservative,True,0.271618453242
-45,-28.5,10,conservative,True,0.269999364427
-44,-28.5,10,conservative,True,0.266626494556
-43,-28.5,10,conservative,True,0.264175272014
-42,-28.5,10,conservative,True,0.260346499489
-41,-28.5,10,conservative,True,0.25833175636
-40,-28.5,10,conservative,True,0.253702163361
-39,-28.5,10,conservative,True,0.251991487816
-38,-28.5,10,conservative,True,0.24841838353
-37,-28.5,10,conservative,True,0.247288997936
-36,-28.5,10,conservative,True,0.247065463506
-35,-28.5,10,conservative,True,0.248525608556
-34,-28.5,10,conservative,True,0.249237101017
-33,-28.5,10,conservative,True,0.247810162746
-32,-28.5,10,conservative,True,0.244671467063
-31,-28.5,10,conservative,True,0.244616646675
-30,-28.5,10,conservative,True,0.245173735581
-29,-28.5,10,conservative,True,0.241124552169
-28,-28.5,10,conservative,True,0.240706015878
-27,-28.5,10,conservative,True,0.238933064058
-26,-28.5,10,conservative,True,0.238662201387
-25,-28.5,10,conservative,True,0.234523593125
-24,-28.5,10,conservative,True,0.232725055788
-23,-28.5,10,conservative,True,0.228996448581
-22,-28.5,10,conservative,True,0.227007242794
-21,-28.5,10,conservative,True,0.225524843878
-20,-28.5,10,conservative,True,0.223734497336
-19,-28.5,10,conservative,True,0.222715064034
-18,-28.5,10,conservative,True,0.219405425022
-17,-28.5,10,conservative,True,0.213714411294
-16,-28.5,10,conservative,True,0.209727522905
-15,-28.5,10,conservative,True,0.205611806244
-14,-28.5,10,conservative,True,0.201396173438
-13,-28.5,10,conservative,True,0.196249068257
-12,-28.5,10,conservative,True,0.192457043955
-11,-28.5,10,conservative,True,0.187005361986
-10,-28.5,10,conservative,True,0.181219294866
-9,-28.5,10,conservative,True,0.177366299746
-8,-28.5,10,conservative,True,0.17394024178
-7,-28.5,10,conservative,True,0.168867823143
-6,-28.5,10,conservative,True,0.163972123946
-5,-28.5,10,conservative,True,0.160393624773
-4,-28.5,10,conservative,True,0.155851078491
-3,-28.5,10,conservative,True,0.15161764079
-2,-28.5,10,conservative,True,0.148785986147
-1,-28.5,10,conservative,True,0.145545594499
0,-28.5,10,conservative,True,0.142899118304
1,-28.5,10,conservative,True,0.14009684398
2,-28.5,10,conservative,True,0.136603983418
3,-28.5,10,conservative,True,0.13447100841
4,-28.5,10,conservative,True,0.133508881546
5,-28.5,10,conservative,True,0.1320273778
6,-28.5,10,conservative,True,0.13084997706
7,-28.5,10,conservative,True,0.131823920088
8,-28.5,10,conservative,True,0.133277558233
9,-28.5,10,conservative,True,0.133503423811
10,-28.5,10,conservative,True,0.135083713168
11,-28.5,10,conservative,True,0.138399003151
12,-28.5,10,conservative,True,0.142531665215
13,-28.5,10,conservative,True,0.144342690627
14,-28.5,10,conservative,True,0.148307547115
15,-28.5,10,conservative,True,0.152809760677
16,-28.5,10,conservative,True,0.158014061158
17,-28.5,10,conservative,True,0.162557606665
18,-28.5,10,conservative,True,0.166790432156
19,-28.5,10,conservative,True,0.171501978431
20,-28.5,10,conservative,True,0.177944225856
21,-28.5,10,conservative,True,0.182859247966
22,-28.5,10,conservative,True,0.188588977452
23,-28.5,10,conservative,True,0.193233929541
24,-28.5,10,conservative,True,0.19785690479
25,-28.5,10,conservative,True,0.205081540793
26,-28.5,10,conservative,True,0.212285907115
27,-28.5,10,conservative,True,0.219107538332
28,-28.5,10,conservative,True,0.22696421137
29,-28.5,10,conservative,True,0.233305106131
30,-28.5,10,conservative,True,0.237533661087
31,-28.5,10,conservative,True,0.242500278127
32,-28.5,10,conservative,True,0.247186393921
33,-28.5,10,conservative,True,0.250192001444
34,-28.5,10,conservative,True,0.253913938606
35,-28.5,10,conservative,True,0.25533369814
36,-28.5,10,conservative,True,0.263223458276
37,-28.5,10,conservative,True,0.261834242835
38,-28.5,10,conservative,True,0.264253901941
39,-28.5,10,conservative,True,0.267392728652
40,-28.5,10,conservative,True,0.270009979908
41,-28.5,10,conservative,True,0.269271658818
42,-28.5,10,conservative,True,0.274455635883
43,-28.5,10,conservative,True,0.276758819977
44,-28.5,10,conservative,True,0.279429752396
45,-28.5,10,conservative,True,0.277675617285
46,-28.5,10,conservative,True,0.284927802201
47,-28.5,10,conservative,True,0.284418203584
48,-28.5,10,conservative,True,0.27882645403
49,-28.5,10,conservative,True,0.286626696426
50,-28.5,10,conservative,True,0.288760974997
51,-28.5,10,conservative,True,0.292097253828
52,-28.5,10,conservative,True,0.288780065937
-52,-27.5,10,conservative,True,0.279046812812
-51,-27.5,10,conservative,True,0.292107406526
-50,-27.5,10,conservative,True,0.29030193387
-49,-27.5,10,conservative,True,0.281791149066
-48,-27.5,10,conservative,True,0.266281243596
-47,-27.5,10,conservative,True,0.259460361284
-46,-27.5,10,conservative,True,0.256262282995
-45,-27.5,10,conservative,True,0.251615513936
-44,-27.5,10,conservative,True,0.249296455122
-43,-27.5,10,conservative,True,0.242844617146
-42,-27.5,10,conservative,True,0.240053418414
-41,-27.5,10,conservative,True,0.240077768923
-40,-27.5,10,conservative,True,0.239027383775
-39,-27.5,10,conservative,True,0.23677080424
-38,-27.5,10,conservative,True,0.234543786696
-37,-27.5,10,conservative,True,0.237518402214
-36,-27.5,10,conservative,True,0.235774843652
-35,-27.5,10,conservative,True,0.235738596978
-34,-27.5,10,conservative,True,0.235320992122
-33,-27.5,10,conservative,True,0.234894086482
-32,-27.5,10,conservative,True,0.234903055223
-31,-27.5,10,conservative,True,0.234432654229
-30,-27.5,10,conservative,True,0.234694678997
-29,-27.5,10,conservative,True,0.23659061179
-28,-27.5,10,conservative,True,0.23540146518
-27,-27.5,10,conservative,True,0.232256496076
-26,-27.5,10,conservative,True,0.231600658869
-25,-27.5,10,conservative,True,0.229052124362
-24,-27.5,10,conservative,True,0.228188506642
-23,-27.5,10,conservative,True,0.224443727079
-22,-27.5,10,conservative,True,0.222082993912
-21,-27.5,10,conservative,True,0.220021408181
-20,-27.5,10,conservative,True,0.218601917989
-19,-27.5,10,conservative,True,0.216338840435
-18,-27.5,10,conservative,True,0.213112412534
-17,-27.5,10,conservative,True,0.210245138383
-16,-27.5,10,conservative,True,0.207101858844
-15,-27.5,10,conservative,True,0.202046489142
-14,-27.5,10,conservative,True,0.197064601154
-13,-27.5,10,conservative,True,0.19260901108
-12,-27.5,10,conservative,True,0.188002136293
-11,-27.5,10,conservative,True,0.183083389441
-10,-27.5,10,conservative,True,0.178199104586
-9,-27.5,10,conservative,True,0.174119823161
-8,-27.5,10,conservative,True,0.170091813724
-7,-27.5,10,conservative,True,0.164776837351
-6,-27.5,10,conservative,True,0.160590011007
-5,-27.5,10,conservative,True,0.156574535741
-4,-27.5,10,conservative,True,0.151797283318
-3,-27.5,10,conservative,True,0.147439199318
-2,-27.5,10,conservative,True,0.143288179141
-1,-27.5,10,conservative,True,0.140177166398
0,-27.5,10,conservative,True,0.13772797156
1,-27.5,10,conservative,True,0.133812143581
2,-27.5,10,conservative,True,0.130709740029
3,-27.5,10,conservative,True,0.128461676087
4,-27.5,10,conservative,True,0.127296182313
5,-27.5,10,conservative,True,0.127863179821
6,-27.5,10,conservative,True,0.126680471596
7,-27.5,10,conservative,True,0.127238531579
8,-27.5,10,conservative,True,0.127547472409
9,-27.5,10,conservative,True,0.127756160159
10,-27.5,10,conservative,True,0.129068239486
11,-27.5,10,conservative,True,0.131951654069
12,-27.5,10,conservative,True,0.133691427848
13,-27.5,10,conservative,True,0.137948037328
14,-27.5,10,conservative,True,0.141361522438
15,-27.5,10,conservative,True,0.145398162544
16,-27.5,10,conservative,True,0.148831023879
17,-27.5,10,conservative,True,0.152321794114
18,-27.5,10,conservative,True,0.15603667471
19,-27.5,10,conservative,True,0.162163121102
20,-27.5,10,conservative,True,0.167902971505
21,-27.5,10,conservative,True,0.173614138232
22,-27.5,10,conservative,True,0.177519331342
23,-27.5,10,conservative,True,0.181039821927
24,-27.5,10,conservative,True,0.186680453677
25,-27.5,10,conservative,True,0.191587044025
26,-27.5,10,conservative,True,0.198995655343
27,-27.5,10,conservative,True,0.20369174818
28,-27.5,10,conservative,True,0.210190301963
29,-27.5,10,conservative,True,0.215564398483
30,-27.5,10,conservative,True,0.222091134424
31,-27.5,10,conservative,True,0.225214041279
32,-27.5,10,conservative,True,0.230276536263
33,-27.5,10,conservative,True,0.231960511177
34,-27.5,10,conservative,True,0.235735451853
35,-27.5,10,conservative,True,0.236850981945
36,-27.5,10,conservative,True,0.240155517724
37,-27.5,10,conservative,True,0.241175831932
38,-27.5,10,conservative,True,0.247951566561
39,-27.5,10,conservative,True,0.250407304319
40,-27.5,10,conservative,True,0.250947738893
41,-27.5,10,conservative,True,0.257082089827
42,-27.5,10,conservative,True,0.259444998553
43,-27.5,10,conservative,True,0.265635842161
44,-27.5,10,conservative,True,0.264421803436
45,-27.5,10,conservative,True,0.269016284668
46,-27.5,10,conservative,True,0.269602553583
47,-27.5,10,conservative,True,0.278297952539
48,-27.5,10,conservative,True,0.273965985619
49,-27.5,10,conservative,True,0.276968514427
50,-27.5,10,conservative,True,0.276533554941
51,-27.5,10,conservative,True,0.280562712574
52,-27.5,10,conservative,True,0.286227767627
-52,-26.5,10,conservative,True,0.265909734687
-51,-26.5,10,conservative,True,0.269372833139
-50,-26.5,10,conservative,True,0.260632773948
-49,-26.5,10,conservative,True,0.254243489729
-48,-26.5,10,conservative,True,0.245435689922
-47,-26.5,10,conservative,True,0.240669918259
-46,-26.5,10,conservative,True,0.233012019861
-45,-26.5,10,conservative,True,0.22908714033
-44,-26.5,10,conservative,True,0.226788487704
-43,-26.5,10,conservative,True,0.224788993778
-42,-26.5,10,conservative,True,0.223476243159
-41,-26.5,10,conservative,True,0.220570117646
-40,-26.5,10,conservative,True,0.220523586798
-39,-26.5,10,conservative,True,0.218112958306
-38,-26.5,10,conservative,True,0.21871001598
-37,-26.5,10,conservative,True,0.219061074674
-36,-26.5,10,conservative,True,0.220171389984
-35,-26.5,10,conservative,True,0.221665728967
-34,-26.5,10,conservative,True,0.221077291065
-33,-26.5,10,conservative,True,0.221752764008
-32,-26.5,10,conservative,True,0.222389547146
-31,-26.5,10,conservative,True,0.223891241595
-30,-26.5,10,conservative,True,0.223945583611
-29,-26.5,10,conservative,True,0.226017251565
-28,-26.5,10,conservative,True,0.226010234408
-27,-26.5,10,conservative,True,0.224386115185
-26,-26.5,10,conservative,True,0.224372276457
-25,-26.5,10,conservative,True,0.223724690567
-24,-26.5,10,conservative,True,0.222185448269
-23,-26.5,10,conservative,True,0.218071716448
-22,-26.5,10,conservative,True,0.217680030576
-21,-26.5,10,conservative,True,0.215816543795
-20,-26.5,10,conservative,True,0.214375423603
-19,-26.5,10,conservative,True,0.211999249191
-18,-26.5,10,conservative,True,0.209119464719
-17,-26.5,10,conservative,True,0.205763091296
-16,-26.5,10,conservative,True,0.201229435904
-15,-26.5,10,conservative,True,0.197756255022
-14,-26.5,10,conservative,True,0.193897955003
-13,-26.5,10,conservative,True,0.187234968072
-12,-26.5,10,conservative,True,0.183810507162
-11,-26.5,10,conservative,True,0.179505417655
-10,-26.5,10,conservative,True,0.175497891051
-9,-26.5,10,conservative,True,0.169735859588
-8,-26.5,10,conservative,True,0.166497329403
-7,-26.5,10,conservative,True,0.161121424191
-6,-26.5,10,conservative,True,0.156010865468
-5,-26.5,10,conservative,True,0.151011951761
-4,-26.5,10,conservative,True,0.145487195344
-3,-26.5,10,conservative,True,0.14270336754
-2,-26.5,10,conservative,True,0.138298579481
-1,-26.5,10,conservative,True,0.135189202037
0,-26.5,10,conservative,True,0.132664315728
1,-26.5,10,conservative,True,0.128851235373
2,-26.5,10,conservative,True,0.127117151368
3,-26.5,10,conservative,True,0.124924124275
4,-26.5,10,conservative,True,0.122503308121
5,-26.5,10,conservative,True,0.122341487541
6,-26.5,10,conservative,True,0.12217615357
7,-26.5,10,conservative,True,0.121124643457
8,-26.5,10,conservative,True,0.121497152952
9,-26.5,10,conservative,True,0.121903666597
10,-26.5,10,conservative,True,0.122269924237
11,-26.5,10,conservative,True,0.12305663231
12,-26.5,10,conservative,True,0.125288827012
13,-26.5,10,conservative,True,0.127989685863
14,-26.5,10,conservative,True,0.131110767915
15,-26.5,10,conservative,True,0.134889187894
16,-26.5,10,conservative,True,0.138886003005
17,-26.5,10,conservative,True,0.143301598736
18,-26.5,10,conservative,True,0.146496011496
19,-26.5,10,conservative,True,0.150652716164
20,-26.5,10,conservative,True,0.156012081824
21,-26.5,10,conservative,True,0.161904749086
22,-26.5,10,conservative,True,0.167284909848
23,-26.5,10,conservative,True,0.171388389635
24,-26.5,10,conservative,True,0.173777824612
25,-26.5,10,conservative,True,0.177110513177
26,-26.5,10,conservative,True,0.182988067253
27,-26.5,10,conservative,True,0.190030463424
28,-26.5,10,conservative,True,0.192358694687
29,-26.5,10,conservative,True,0.197986065996
30,-26.5,10,conservative,True,0.202229879713
31,-26.5,10,conservative,True,0.207332775715
32,-26.5,10,conservative,True,0.211347011158
33,-26.5,10,conservative,True,0.215481539628
34,-26.5,10,conservative,True,0.21723824096
35,-26.5,10,conservative,True,0.22115953317
36,-26.5,10,conservative,True,0.221264359502
37,-26.5,10,conservative,True,0.221633163935
38,-26.5,10,conservative,True,0.231377865188
39,-26.5,10,conservative,True,0.229895797476
40,-26.5,10,conservative,True,0.233211534535
41,-26.5,10,conservative,True,0.234531610089
42,-26.5,10,conservative,True,0.236837433726
43,-26.5,10,conservative,True,0.245280402877
44,-26.5,10,conservative,True,0.250864108669
45,-26.5,10,conservative,True,0.252000196674
46,-26.5,10,conservative,True,0.255821003475
47,-26.5,10,conservative,True,0.260742650929
48,-26.5,10,conservative,True,0.268311047556
49,-26.5,10,conservative,True,0.267227519538
50,-26.5,10,conservative,True,0.267756059308
51,-26.5,10,conservative,True,0.268634349426
52,-26.5,10,conservative,True,0.278605162849
-52,-25.5,10,conservative,True,0.243231674835
-51,-25.5,10,conservative,True,0.244383578662
-50,-25.5,10,conservative,True,0.238564794346
-49,-25.5,10,conservative,True,0.228889419939
-48,-25.5,10,conservative,True,0.221243688453
-47,-25.5,10,conservative,True,0.216091789769
-46,-25.5,10,conservative,True,0.206935443177
-45,-25.5,10,conservative,True,0.206230931056
-44,-25.5,10,conservative,True,0.202915633571
-43,-25.5,10,conservative,True,0.204440364842
-42,-25.5,10,conservative,True,0.203324421667
-41,-25.5,10,conservative,True,0.202562856109
-40,-25.5,10,conservative,True,0.202642200132
-39,-25.5,10,conservative,True,0.198690004436
-38,-25.5,10,conservative,True,0.198059417263
-37,-25.5,10,conservative,True,0.201647894218
-36,-25.5,10,conservative,True,0.203605973959
-35,-25.5,10,conservative,True,0.207388028187
-34,-25.5,10,conservative,True,0.20864353471
-33,-25.5,10,conservative,True,0.209867747958
-32,-25.5,10,conservative,True,0.21079080139
-31,-25.5,10,conservative,True,0.211416634462
-30,-25.5,10,conservative,True,0.213388413798
-29,-25.5,10,conservative,True,0.21440306488
-28,-25.5,10,conservative,True,0.215499090404
-27,-25.5,10,conservative,True,0.21551272022
-26,-25.5,10,conservative,True,0.217119922486
-25,-25.5,10,conservative,True,0.217116251319
-24,-25.5,10,conservative,True,0.2154878985
-23,-25.5,10,conservative,True,0.213215669532
-22,-25.5,10,conservative,True,0.212138251287
-21,-25.5,10,conservative,True,0.210523645029
-20,-25.5,10,conservative,True,0.210280526034
-19,-25.5,10,conservative,True,0.206832716055
-18,-25.5,10,conservative,True,0.204855089383
-17,-25.5,10,conservative,True,0.201474489956
-16,-25.5,10,conservative,True,0.195978099726
-15,-25.5,10,conservative,True,0.193662650292
-14,-25.5,10,conservative,True,0.189619066059
-13,-25.5,10,conservative,True,0.183396111061
-12,-25.5,10,conservative,True,0.17925665566
-11,-25.5,10,conservative,True,0.175246431825
-10,-25.5,10,conservative,True,0.170459944073
-9,-25.5,10,conservative,True,0.165735715467
-8,-25.5,10,conservative,True,0.161306945444
-7,-25.5,10,conservative,True,0.156787469884
-6,-25.5,10,conservative,True,0.150445149924
-5,-25.5,10,conservative,True,0.146166430884
-4,-25.5,10,conservative,True,0.14077393054
-3,-25.5,10,conservative,True,0.1370425999
-2,-25.5,10,conservative,True,0.133218288947
-1,-25.5,10,conservative,True,0.12996438022
0,-25.5,10,conservative,True,0.127087787943
1,-25.5,10,conservative,True,0.124913215373
2,-25.5,10,conservative,True,0.121763611377
3,-25.5,10,conservative,True,0.119983062584
4,-25.5,10,conservative,True,0.117545618583
5,-25.5,10,conservative,True,0.117030985046
6,-25.5,10,conservative,True,0.116067472414
7,-25.5,10,conservative,True,0.115075244066
8,-25.5,10,conservative,True,0.115132210022
9,-25.5,10,conservative,True,0.114987742357
10,-25.5,10,conservative,True,0.116122307835
11,-25.5,10,conservative,True,0.11566427301
12,-25.5,10,conservative,True,0.11738232818
13,-25.5,10,conservative,True,0.119682182132
14,-25.5,10,conservative,True,0.122562098657
15,-25.5,10,conservative,True,0.124451532675
16,-25.5,10,conservative,True,0.128492885973
17,-25.5,10,conservative,True,0.132351356398
18,-25.5,10,conservative,True,0.135186178023
19,-25.5,10,conservative,True,0.138996126555
20,-25.5,10,conservative,True,0.144418039417
21,-25.5,10,conservative,True,0.15075082188
22,-25.5,10,conservative,True,0.153996186241
23,-25.5,10,conservative,True,0.158499007099
24,-25.5,10,conservative,True,0.160593167735
25,-25.5,10,conservative,True,0.165378552111
26,-25.5,10,conservative,True,0.168636174614
27,-25.5,10,conservative,True,0.172771583871
28,-25.5,10,conservative,True,0.174942228835
29,-25.5,10,conservative,True,0.180792488104
30,-25.5,10,conservative,True,0.182924349307
31,-25.5,10,conservative,True,0.189776058002
32,-25.5,10,conservative,True,0.193357234879
33,-25.5,10,conservative,True,0.19737333921
34,-25.5,10,conservative,True,0.19870249307
35,-25.5,10,conservative,True,0.202138372999
36,-25.5,10,conservative,True,0.202830218578
37,-25.5,10,conservative,True,0.203748639971
38,-25.5,10,conservative,True,0.206929992732
39,-25.5,10,conservative,True,0.209787144754
40,-25.5,10,conservative,True,0.21329159835
41,-25.5,10,conservative,True,0.21602210826
42,-25.5,10,conservative,True,0.218286377385
43,-25.5,10,conservative,True,0.22114461059
44,-25.5,10,conservative,True,0.228975210235
45,-25.5,10,conservative,True,0.233879280128
46,-25.5,10,conservative,True,0.236315924891
47,-25.5,10,conservative,True,0.24441663484
48,-25.5,10,conservative,True,0.250006492336
49,-25.5,10,conservative,True,0.255947533255
50,-25.5,10,conservative,True,0.252808205206
51,-25.5,10,conservative,True,0.261257025415
52,-25.5,10,conservative,True,0.257603997496
-52,-24.5,10,conservative,True,0.21511041816
-51,-24.5,10,conservative,True,0.212124331806
-50,-24.5,10,conservative,True,0.205610498607
-49,-24.5,10,conservative,True,0.194507163258
-48,-24.5,10,conservative,True,0.191219697597
-47,-24.5,10,conservative,True,0.183704603925
-46,-24.5,10,conservative,True,0.176611615231
-45,-24.5,10,conservative,True,0.181126519612
-44,-24.5,10,conservative,True,0.181865016378
-43,-24.5,10,conservative,True,0.181680287688
-42,-24.5,10,conservative,True,0.180276751036
-41,-24.5,10,conservative,True,0.180485682896
-40,-24.5,10,conservative,True,0.180747624583
-39,-24.5,10,conservative,True,0.180058755383
-38,-24.5,10,conservative,True,0.180733402408
-37,-24.5,10,conservative,True,0.182619937316
-36,-24.5,10,conservative,True,0.186574121154
-35,-24.5,10,conservative,True,0.189715350771
-34,-24.5,10,conservative,True,0.192435441016
-33,-24.5,10,conservative,True,0.196611512129
-32,-24.5,10,conservative,True,0.198710719988
-31,-24.5,10,conservative,True,0.201298470753
-30,-24.5,10,conservative,True,0.203982950855
-29,-24.5,10,conservative,True,0.20392004118
-28,-24.5,10,conservative,True,0.20597997323
-27,-24.5,10,conservative,True,0.206417147441
-26,-24.5,10,conservative,True,0.208292278236
-25,-24.5,10,conservative,True,0.208919608416
-24,-24.5,10,conservative,True,0.208584322419
-23,-24.5,10,conservative,True,0.206791313657
-22,-24.5,10,conservative,True,0.205575387656
-21,-24.5,10,conservative,True,0.204889779332
-20,-24.5,10,conservative,True,0.202926882718
-19,-24.5,10,conservative,True,0.200872685378
-18,-24.5,10,conservative,True,0.198787156088
-17,-24.5,10,conservative,True,0.196539603087
-16,-24.5,10,conservative,True,0.192213553413
-15,-24.5,10,conservative,True,0.18885498123
-14,-24.5,10,conservative,True,0.184944731406
-13,-24.5,10,conservative,True,0.1787564343
-12,-24.5,10,conservative,True,0.174852560251
-11,-24.5,10,conservative,True,0.170350750584
-10,-24.5,10,conservative,True,0.165457923442
-9,-24.5,10,conservative,True,0.161423437768
-8,-24.5,10,conservative,True,0.157116963511
-7,-24.5,10,conservative,True,0.151705437508
-6,-24.5,10,conservative,True,0.14513459987
-5,-24.5,10,conservative,True,0.140962196632
-4,-24.5,10,conservative,True,0.135328144042
-3,-24.5,10,conservative,True,0.131214425774
-2,-24.5,10,conservative,True,0.127052043294
-1,-24.5,10,conservative,True,0.123358327546
0,-24.5,10,conservative,True,0.121692649383
1,-24.5,10,conservative,True,0.118641250854
2,-24.5,10,conservative,True,0.116003512902
3,-24.5,10,conservative,True,0.114668901751
4,-24.5,10,conservative,True,0.11273998188
5,-24.5,10,conservative,True,0.110886116826
6,-24.5,10,conservative,True,0.109616162765
7,-24.5,10,conservative,True,0.109444506551
8,-24.5,10,conservative,True,0.108451086592
9,-24.5,10,conservative,True,0.109302620208
10,-24.5,10,conservative,True,0.108671977051
11,-24.5,10,conservative,True,0.108982335382
12,-24.5,10,conservative,True,0.10921855514
13,-24.5,10,conservative,True,0.111203254799
14,-24.5,10,conservative,True,0.113089078199
15,-24.5,10,conservative,True,0.115334541477
16,-24.5,10,conservative,True,0.118185113641
17,-24.5,10,conservative,True,0.121325359036
18,-24.5,10,conservative,True,0.124311442132
19,-24.5,10,conservative,True,0.126831762885
20,-24.5,10,conservative,True,0.132173789478
21,-24.5,10,conservative,True,0.135971788867
22,-24.5,10,conservative,True,0.139514908769
23,-24.5,10,conservative,True,0.144412241933
24,-24.5,10,conservative,True,0.147641680806
25,-24.5,10,conservative,True,0.151467647117
26,-24.5,10,conservative,True,0.155116762307
27,-24.5,10,conservative,True,0.157675729334
28,-24.5,10,conservative,True,0.159755475954
29,-24.5,10,conservative,True,0.161011491541
30,-24.5,10,conservative,True,0.163933877076
31,-24.5,10,conservative,True,0.167592168671
32,-24.5,10,conservative,True,0.172743016278
33,-24.5,10,conservative,True,0.177819178317
34,-24.5,10,conservative,True,0.177337200916
35,-24.5,10,conservative,True,0.1833477146
36,-24.5,10,conservative,True,0.186907566582
37,-24.5,10,conservative,True,0.185670256526
38,-24.5,10,conservative,True,0.188261697841
39,-24.5,10,conservative,True,0.190407495075
40,-24.5,10,conservative,True,0.190183141024
41,-24.5,10,conservative,True,0.194623885764
42,-24.5,10,conservative,True,0.197154486199
43,-24.5,10,conservative,True,0.20294635292
44,-24.5,10,conservative,True,0.208994839378
45,-24.5,10,conservative,True,0.210592551283
46,-24.5,10,conservative,True,0.213412121191
47,-24.5,10,conservative,True,0.218487157164
48,-24.5,10,conservative,True,0.228690257037
49,-24.5,10,conservative,True,0.23330815985
50,-24.5,10,conservative,True,0.236641938388
51,-24.5,10,conservative,True,0.242117682357
52,-24.5,10,conservative,True,0.240387262723
-52,-23.5,10,conservative,True,0.183410663086
-51,-23.5,10,conservative,True,0.176057449205
-50,-23.5,10,conservative,True,0.172292134285
-49,-23.5,10,conservative,True,0.163505486577
-48,-23.5,10,conservative,True,0.164116606997
-47,-23.5,10,conservative,True,0.155823984267
-46,-23.5,10,conservative,True,0.152515182088
-45,-23.5,10,conservative,True,0.151476520892
-44,-23.5,10,conservative,True,0.152436844168
-43,-23.5,10,conservative,True,0.153549251288
-42,-23.5,10,conservative,True,0.154332125213
-41,-23.5,10,conservative,True,0.158187791146
-40,-23.5,10,conservative,True,0.160778352649
-39,-23.5,10,conservative,True,0.161345365065
-38,-23.5,10,conservative,True,0.162252267948
-37,-23.5,10,conservative,True,0.165005320009
-36,-23.5,10,conservative,True,0.169283384372
-35,-23.5,10,conservative,True,0.17084342751
-34,-23.5,10,conservative,True,0.177093943018
-33,-23.5,10,conservative,True,0.181354869923
-32,-23.5,10,conservative,True,0.18592670831
-31,-23.5,10,conservative,True,0.187549628602
-30,-23.5,10,conservative,True,0.190693903898
-29,-23.5,10,conservative,True,0.192264166486
-28,-23.5,10,conservative,True,0.194220687987
-27,-23.5,10,conservative,True,0.196365741307
-26,-23.5,10,conservative,True,0.198274891009
-25,-23.5,10,conservative,True,0.197746462016
-24,-23.5,10,conservative,True,0.197898128253
-23,-23.5,10,conservative,True,0.199452484445
-22,-23.5,10,conservative,True,0.198422473572
-21,-23.5,10,conservative,True,0.198491704505
-20,-23.5,10,conservative,True,0.197178910575
-19,-23.5,10,conservative,True,0.194946011139
-18,-23.5,10,conservative,True,0.191838121825
-17,-23.5,10,conservative,True,0.189375783145
-16,-23.5,10,conservative,True,0.186329268171
-15,-23.5,10,conservative,True,0.181942915382
-14,-23.5,10,conservative,True,0.178055637767
-13,-23.5,10,conservative,True,0.174181714649
-12,-23.5,10,conservative,True,0.169146139531
-11,-23.5,10,conservative,True,0.164567317043
-10,-23.5,10,conservative,True,0.159841749145
-9,-23.5,10,conservative,True,0.156708300831
-8,-23.5,10,conservative,True,0.15118914853
-7,-23.5,10,conservative,True,0.145821156009
-6,-23.5,10,conservative,True,0.141517693036
-5,-23.5,10,conservative,True,0.13387192982
-4,-23.5,10,conservative,True,0.128837692571
-3,-23.5,10,conservative,True,0.124876479244
-2,-23.5,10,conservative,True,0.121597090195
-1,-23.5,10,conservative,True,0.118177504901
0,-23.5,10,conservative,True,0.114938729686
1,-23.5,10,conservative,True,0.112761570182
2,-23.5,10,conservative,True,0.109915535717
3,-23.5,10,conservative,True,0.108415728585
4,-23.5,10,conservative,True,0.105438138098
5,-23.5,10,conservative,True,0.10375310594
6,-23.5,10,conservative,True,0.102418524583
7,-23.5,10,conservative,True,0.101608682762
8,-23.5,10,conservative,True,0.100774681596
9,-23.5,10,conservative,True,0.100800596255
10,-23.5,10,conservative,True,0.100820860995
11,-23.5,10,conservative,True,0.101704587982
12,-23.5,10,conservative,True,0.102072726501
13,-23.5,10,conservative,True,0.103306709639
14,-23.5,10,conservative,True,0.10408028415
15,-23.5,10,conservative,True,0.105266634078
16,-23.5,10,conservative,True,0.107432517737
17,-23.5,10,conservative,True,0.109873579322
18,-23.5,10,conservative,True,0.11224138643
19,-23.5,10,conservative,True,0.115052409281
20,-23.5,10,conservative,True,0.118602475383
21,-23.5,10,conservative,True,0.121235507204
22,-23.5,10,conservative,True,0.125420315498
23,-23.5,10,conservative,True,0.129474214594
24,-23.5,10,conservative,True,0.131700441097
25,-23.5,10,conservative,True,0.135561949134
26,-23.5,10,conservative,True,0.137291674076
27,-23.5,10,conservative,True,0.138905024877
28,-23.5,10,conservative,True,0.142083881559
29,-23.5,10,conservative,True,0.144157882905
30,-23.5,10,conservative,True,0.146600820767
31,-23.5,10,conservative,True,0.148707616941
32,-23.5,10,conservative,True,0.149765694488
33,-23.5,10,conservative,True,0.154279137004
34,-23.5,10,conservative,True,0.156472765354
35,-23.5,10,conservative,True,0.159992532937
36,-23.5,10,conservative,True,0.161469159498
37,-23.5,10,conservative,True,0.162340139956
38,-23.5,10,conservative,True,0.167348821194
39,-23.5,10,conservative,True,0.169948657189
40,-23.5,10,conservative,True,0.169490131864
41,-23.5,10,conservative,True,0.173160143317
42,-23.5,10,conservative,True,0.174895766929
43,-23.5,10,conservative,True,0.179616630923
44,-23.5,10,conservative,True,0.186842898183
45,-23.5,10,conservative,True,0.190840388315
46,-23.5,10,conservative,True,0.194391785414
47,-23.5,10,conservative,True,0.195429530224
48,-23.5,10,conservative,True,0.206387184085
49,-23.5,10,conservative,True,0.215785224505
50,-23.5,10,conservative,True,0.221320222295
51,-23.5,10,conservative,True,0.228742467621
52,-23.5,10,conservative,True,0.225892991186
-52,-22.5,10,conservative,True,0.148509186446
-51,-22.5,10,conservative,True,0.139710628378
-50,-22.5,10,conservative,True,0.134855587724
-49,-22.5,10,conservative,True,0.13119782043
-48,-22.5,10,conservative,True,0.130137644992
-47,-22.5,10,conservative,True,0.126453871923
-46,-22.5,10,conservative,True,0.122912022078
-45,-22.5,10,conservative,True,0.124028374617
-44,-22.5,10,conservative,True,0.126395488519
-43,-22.5,10,conservative,True,0.128242740601
-42,-22.5,10,conservative,True,0.131557278095
-41,-22.5,10,conservative,True,0.133358273989
-40,-22.5,10,conservative,True,0.136664605408
-39,-22.5,10,conservative,True,0.137117105657
-38,-22.5,10,conservative,True,0.141721142677
-37,-22.5,10,conservative,True,0.146324786491
-36,-22.5,10,conservative,True,0.151418504112
-35,-22.5,10,conservative,True,0.156955506116
-34,-22.5,10,conservative,True,0.161800650914
-33,-22.5,10,conservative,True,0.167275882231
-32,-22.5,10,conservative,True,0.172405066916
-31,-22.5,10,conservative,True,0.173870923237
-30,-22.5,10,conservative,True,0.176845555685
-29,-22.5,10,conservative,True,0.18159022635
-28,-22.5,10,conservative,True,0.18377792641
-27,-22.5,10,conservative,True,0.185695627066
-26,-22.5,10,conservative,True,0.187751688331
-25,-22.5,10,conservative,True,0.189111269562
-24,-22.5,10,conservative,True,0.189482189619
-23,-22.5,10,conservative,True,0.190903528344
-22,-22.5,10,conservative,True,0.190539550487
-21,-22.5,10,conservative,True,0.191198153034
-20,-22.5,10,conservative,True,0.190575713881
-19,-22.5,10,conservative,True,0.188718608676
-18,-22.5,10,conservative,True,0.186002133435
-17,-22.5,10,conservative,True,0.182839643128
-16,-22.5,10,conservative,True,0.180177641879
-15,-22.5,10,conservative,True,0.176174551329
-14,-22.5,10,conservative,True,0.172692139314
-13,-22.5,10,conservative,True,0.168384037079
-12,-22.5,10,conservative,True,0.163123202591
-11,-22.5,10,conservative,True,0.158568403428
-10,-22.5,10,conservative,True,0.154236230285
-9,-22.5,10,conservative,True,0.149562769851
-8,-22.5,10,conservative,True,0.144842286212
-7,-22.5,10,conservative,True,0.139946941304
-6,-22.5,10,conservative,True,0.134715066087
-5,-22.5,10,conservative,True,0.12897578577
-4,-22.5,10,conservative,True,0.124095815672
-3,-22.5,10,conservative,True,0.119916746289
-2,-22.5,10,conservative,True,0.116385199856
-1,-22.5,10,conservative,True,0.112613163231
0,-22.5,10,conservative,True,0.108794619913
1,-22.5,10,conservative,True,0.105911918158
2,-22.5,10,conservative,True,0.103756278514
3,-22.5,10,conservative,True,0.101579307434
4,-22.5,10,conservative,True,0.0979858669537
5,-22.5,10,conservative,True,0.0956063520154
6,-22.5,10,conservative,True,0.0937990998406
7,-22.5,10,conservative,True,0.0933922505831
8,-22.5,10,conservative,True,0.0930647870522
9,-22.5,10,conservative,True,0.0929467315487
10,-22.5,10,conservative,True,0.0925062128287
11,-22.5,10,conservative,True,0.0921584370058
12,-22.5,10,conservative,True,0.0937354537969
13,-22.5,10,conservative,True,0.0938639463327
14,-22.5,10,conservative,True,0.0941758548369
15,-22.5,10,conservative,True,0.0952688906475
16,-22.5,10,conservative,True,0.0956933372742
17,-22.5,10,conservative,True,0.0969907041582
18,-22.5,10,conservative,True,0.0988325953297
19,-22.5,10,conservative,True,0.104417262119
20,-22.5,10,conservative,True,0.105278473704
21,-22.5,10,conservative,True,0.108070205059
22,-22.5,10,conservative,True,0.110898254264
23,-22.5,10,conservative,True,0.113647254573
24,-22.5,10,conservative,True,0.116443542065
25,-22.5,10,conservative,True,0.117279919894
26,-22.5,10,conservative,True,0.119802539006
27,-22.5,10,conservative,True,0.121699101997
28,-22.5,10,conservative,True,0.124328324356
29,-22.5,10,conservative,True,0.123983111227
30,-22.5,10,conservative,True,0.126121093666
31,-22.5,10,conservative,True,0.127765917215
32,-22.5,10,conservative,True,0.128144089275
33,-22.5,10,conservative,True,0.131702075309
34,-22.5,10,conservative,True,0.134586812551
35,-22.5,10,conservative,True,0.137623655304
36,-22.5,10,conservative,True,0.13802483133
37,-22.5,10,conservative,True,0.139841725357
38,-22.5,10,conservative,True,0.141774330353
39,-22.5,10,conservative,True,0.144408297936
40,-22.5,10,conservative,True,0.145833504917
41,-22.5,10,conservative,True,0.147894654846
42,-22.5,10,conservative,True,0.150042489788
43,-22.5,10,conservative,True,0.155851753641
44,-22.5,10,conservative,True,0.161524585743
45,-22.5,10,conservative,True,0.165158932291
46,-22.5,10,conservative,True,0.171600891497
47,-22.5,10,conservative,True,0.175300623906
48,-22.5,10,conservative,True,0.185551122016
49,-22.5,10,conservative,True,0.191428600679
50,-22.5,10,conservative,True,0.198756075354
51,-22.5,10,conservative,True,0.204075499304
52,-22.5,10,conservative,True,0.213839971451
-52,-21.5,10,conservative,True,0.114029642165
-51,-21.5,10,conservative,True,0.104261680142
-50,-21.5,10,conservative,True,0.0996299770718
-49,-21.5,10,conservative,True,0.102614409499
-48,-21.5,10,conservative,True,0.101576803719
-47,-21.5,10,conservative,True,0.0961154581673
-46,-21.5,10,conservative,True,0.0961420656047
-45,-21.5,10,conservative,True,0.0959195530039
-44,-21.5,10,conservative,True,0.100241895551
-43,-21.5,10,conservative,True,0.103595066748
-42,-21.5,10,conservative,True,0.108643244043
-41,-21.5,10,conservative,True,0.111304433192
-40,-21.5,10,conservative,True,0.114596016601
-39,-21.5,10,conservative,True,0.117009297994
-38,-21.5,10,conservative,True,0.123372553938
-37,-21.5,10,conservative,True,0.129513853058
-36,-21.5,10,conservative,True,0.135881769727
-35,-21.5,10,conservative,True,0.142229973314
-34,-21.5,10,conservative,True,0.147505867834
-33,-21.5,10,conservative,True,0.153645340281
-32,-21.5,10,conservative,True,0.158650739435
-31,-21.5,10,conservative,True,0.16105329191
-30,-21.5,10,conservative,True,0.165401783678
-29,-21.5,10,conservative,True,0.169889963898
-28,-21.5,10,conservative,True,0.172625651958
-27,-21.5,10,conservative,True,0.175152861865
-26,-21.5,10,conservative,True,0.177883794738
-25,-21.5,10,conservative,True,0.1791953778
-24,-21.5,10,conservative,True,0.18209377312
-23,-21.5,10,conservative,True,0.183019787621
-22,-21.5,10,conservative,True,0.182393487914
-21,-21.5,10,conservative,True,0.183844475743
-20,-21.5,10,conservative,True,0.183637568763
-19,-21.5,10,conservative,True,0.182720854386
-18,-21.5,10,conservative,True,0.179867894384
-17,-21.5,10,conservative,True,0.178024636301
-16,-21.5,10,conservative,True,0.174621013455
-15,-21.5,10,conservative,True,0.171590820077
-14,-21.5,10,conservative,True,0.166717566529
-13,-21.5,10,conservative,True,0.162300334672
-12,-21.5,10,conservative,True,0.157470263191
-11,-21.5,10,conservative,True,0.152147156512
-10,-21.5,10,conservative,True,0.148339641983
-9,-21.5,10,conservative,True,0.143202987821
-8,-21.5,10,conservative,True,0.139318341705
-7,-21.5,10,conservative,True,0.135351303388
-6,-21.5,10,conservative,True,0.130098522729
-5,-21.5,10,conservative,True,0.124262323197
-4,-21.5,10,conservative,True,0.118473115356
-3,-21.5,10,conservative,True,0.113644290522
-2,-21.5,10,conservative,True,0.108884477639
-1,-21.5,10,conservative,True,0.105748049499
0,-21.5,10,conservative,True,0.102469650047
1,-21.5,10,conservative,True,0.0996976541906
2,-21.5,10,conservative,True,0.096295293125
3,-21.5,10,conservative,True,0.0929225872085
4,-21.5,10,conservative,True,0.0905958194142
5,-21.5,10,conservative,True,0.0882822048141
6,-21.5,10,conservative,True,0.0864145209198
7,-21.5,10,conservative,True,0.0857775451064
8,-21.5,10,conservative,True,0.0849085396872
9,-21.5,10,conservative,True,0.0842752471603
10,-21.5,10,conservative,True,0.0840396427041
11,-21.5,10,conservative,True,0.0836112262216
12,-21.5,10,conservative,True,0.0826799721345
13,-21.5,10,conservative,True,0.0831207184464
14,-21.5,10,conservative,True,0.0842026415801
15,-21.5,10,conservative,True,0.0836104802201
16,-21.5,10,conservative,True,0.084023396195
17,-21.5,10,conservative,True,0.0852360590868
18,-21.5,10,conservative,True,0.0875266898539
19,-21.5,10,conservative,True,0.0881128216629
20,-21.5,10,conservative,True,0.0911380197655
21,-21.5,10,conservative,True,0.0925479664805
22,-21.5,10,conservative,True,0.0939091135537
23,-21.5,10,conservative,True,0.0957829338895
24,-21.5,10,conservative,True,0.0995468436177
25,-21.5,10,conservative,True,0.100361960844
26,-21.5,10,conservative,True,0.101716780076
27,-21.5,10,conservative,True,0.102363934793
28,-21.5,10,conservative,True,0.102345769374
29,-21.5,10,conservative,True,0.10397593518
30,-21.5,10,conservative,True,0.103290444029
31,-21.5,10,conservative,True,0.105767984341
32,-21.5,10,conservative,True,0.107809980571
33,-21.5,10,conservative,True,0.107265568818
34,-21.5,10,conservative,True,0.110275651308
35,-21.5,10,conservative,True,0.113835701831
36,-21.5,10,conservative,True,0.112458012095
37,-21.5,10,conservative,True,0.114510202868
38,-21.5,10,conservative,True,0.115604869895
39,-21.5,10,conservative,True,0.117485094471
40,-21.5,10,conservative,True,0.122249757875
41,-21.5,10,conservative,True,0.126085398201
42,-21.5,10,conservative,True,0.126969399668
43,-21.5,10,conservative,True,0.130578603767
44,-21.5,10,conservative,True,0.139698300971
45,-21.5,10,conservative,True,0.143210841076
46,-21.5,10,conservative,True,0.146494853386
47,-21.5,10,conservative,True,0.152744677611
48,-21.5,10,conservative,True,0.157957374199
49,-21.5,10,conservative,True,0.162463117779
50,-21.5,10,conservative,True,0.176378536956
51,-21.5,10,conservative,True,0.185322070065
52,-21.5,10,conservative,True,0.188656129339
-52,-20.5,10,conservative,True,0.0754099472135
-51,-20.5,10,conservative,True,0.0715358125849
-50,-20.5,10,conservative,True,0.0691226449591
-49,-20.5,10,conservative,True,0.0703114301591
-48,-20.5,10,conservative,True,0.066257372037
-47,-20.5,10,conservative,True,0.0647441165962
-46,-20.5,10,conservative,True,0.0638550994279
-45,-20.5,10,conservative,True,0.0666238284893
-44,-20.5,10,conservative,True,0.0728514451859
-43,-20.5,10,conservative,True,0.0785268888319
-42,-20.5,10,conservative,True,0.0825780988929
-41,-20.5,10,conservative,True,0.0864566011159
-40,-20.5,10,conservative,True,0.0925102539859
-39,-20.5,10,conservative,True,0.0972689045541
-38,-20.5,10,conservative,True,0.104491435171
-37,-20.5,10,conservative,True,0.111593933213
-36,-20.5,10,conservative,True,0.118281081551
-35,-20.5,10,conservative,True,0.125248383157
-34,-20.5,10,conservative,True,0.130578739824
-33,-20.5,10,conservative,True,0.13793031212
-32,-20.5,10,conservative,True,0.142976290241
-31,-20.5,10,conservative,True,0.147586236381
-30,-20.5,10,conservative,True,0.15285722879
-29,-20.5,10,conservative,True,0.156560008601
-28,-20.5,10,conservative,True,0.15983188282
-27,-20.5,10,conservative,True,0.162918178986
-26,-20.5,10,conservative,True,0.167616937806
-25,-20.5,10,conservative,True,0.170358860888
-24,-20.5,10,conservative,True,0.173241779704
-23,-20.5,10,conservative,True,0.174092543954
-22,-20.5,10,conservative,True,0.175863180954
-21,-20.5,10,conservative,True,0.176188106082
-20,-20.5,10,conservative,True,0.176993785511
-19,-20.5,10,conservative,True,0.174962926571
-18,-20.5,10,conservative,True,0.17297330012
-17,-20.5,10,conservative,True,0.171202859588
-16,-20.5,10,conservative,True,0.168465226487
-15,-20.5,10,conservative,True,0.164836110377
-14,-20.5,10,conservative,True,0.161746638245
-13,-20.5,10,conservative,True,0.155990085668
-12,-20.5,10,conservative,True,0.151621870001
-11,-20.5,10,conservative,True,0.147522327024
-10,-20.5,10,conservative,True,0.141852710228
-9,-20.5,10,conservative,True,0.138639685505
-8,-20.5,10,conservative,True,0.13355903941
-7,-20.5,10,conservative,True,0.129153120464
-6,-20.5,10,conservative,True,0.124988144639
-5,-20.5,10,conservative,True,0.118083151683
-4,-20.5,10,conservative,True,0.112172944973
-3,-20.5,10,conservative,True,0.108130799784
-2,-20.5,10,conservative,True,0.102949236581
-1,-20.5,10,conservative,True,0.0991111069746
0,-20.5,10,conservative,True,0.096027977469
1,-20.5,10,conservative,True,0.0932540406778
2,-20.5,10,conservative,True,0.0889129963388
3,-20.5,10,conservative,True,0.0862312573628
4,-20.5,10,conservative,True,0.0832936495576
5,-20.5,10,conservative,True,0.0801554057312
6,-20.5,10,conservative,True,0.0781874514959
7,-20.5,10,conservative,True,0.0767557735802
8,-20.5,10,conservative,True,0.0753050508745
9,-20.5,10,conservative,True,0.07565887476
10,-20.5,10,conservative,True,0.0747749003055
11,-20.5,10,conservative,True,0.0742344762659
12,-20.5,10,conservative,True,0.0733751231818
13,-20.5,10,conservative,True,0.0727490825608
14,-20.5,10,conservative,True,0.0723919305187
15,-20.5,10,conservative,True,0.0728000894325
16,-20.5,10,conservative,True,0.0729512521061
17,-20.5,10,conservative,True,0.0731464145084
18,-20.5,10,conservative,True,0.0738142233343
19,-20.5,10,conservative,True,0.0748907027982
20,-20.5,10,conservative,True,0.0752400398103
21,-20.5,10,conservative,True,0.0759943502752
22,-20.5,10,conservative,True,0.077143067799
23,-20.5,10,conservative,True,0.0796331109813
24,-20.5,10,conservative,True,0.0809766102087
25,-20.5,10,conservative,True,0.0832073363687
26,-20.5,10,conservative,True,0.0836809994417
27,-20.5,10,conservative,True,0.0840190445559
28,-20.5,10,conservative,True,0.0837382694845
29,-20.5,10,conservative,True,0.083525794134
30,-20.5,10,conservative,True,0.0840785947992
31,-20.5,10,conservative,True,0.0816709861206
32,-20.5,10,conservative,True,0.083549853678
33,-20.5,10,conservative,True,0.0870889791284
34,-20.5,10,conservative,True,0.085515329702
35,-20.5,10,conservative,True,0.0876493648832
36,-20.5,10,conservative,True,0.0877097017586
37,-20.5,10,conservative,True,0.0889717127212
38,-20.5,10,conservative,True,0.0928200512535
39,-20.5,10,conservative,True,0.0924604777706
40,-20.5,10,conservative,True,0.096812921998
41,-20.5,10,conservative,True,0.100061897383
42,-20.5,10,conservative,True,0.103379916958
43,-20.5,10,conservative,True,0.107582226252
44,-20.5,10,conservative,True,0.111681948573
45,-20.5,10,conservative,True,0.118159444685
46,-20.5,10,conservative,True,0.122666104328
47,-20.5,10,conservative,True,0.128341638586
48,-20.5,10,conservative,True,0.131720857033
49,-20.5,10,conservative,True,0.141315394154
50,-20.5,10,conservative,True,0.147365233447
51,-20.5,10,conservative,True,0.161910824505
52,-20.5,10,conservative,True,0.165331560408
-52,-19.5,10,conservative,True,0.0411185528385
-51,-19.5,10,conservative,True,0.0395420925921
-50,-19.5,10,conservative,True,0.03726143447
-49,-19.5,10,conservative,True,0.0354713288002
-48,-19.5,10,conservative,True,0.0359984446223
-47,-19.5,10,conservative,True,0.0354468528176
-46,-19.5,10,conservative,True,0.0377749676515
-45,-19.5,10,conservative,True,0.0426837478389
-44,-19.5,10,conservative,True,0.0482153051056
-43,-19.5,10,conservative,True,0.0541504530634
-42,-19.5,10,conservative,True,0.0601298695078
-41,-19.5,10,conservative,True,0.0646865218169
-40,-19.5,10,conservative,True,0.0711717511059
-39,-19.5,10,conservative,True,0.0769325354752
-38,-19.5,10,conservative,True,0.0829645551466
-37,-19.5,10,conservative,True,0.091322901765
-36,-19.5,10,conservative,True,0.0988153021043
-35,-19.5,10,conservative,True,0.106089369879
-34,-19.5,10,conservative,True,0.113637915902
-33,-19.5,10,conservative,True,0.121034874115
-32,-19.5,10,conservative,True,0.127320906535
-31,-19.5,10,conservative,True,0.133226180401
-30,-19.5,10,conservative,True,0.13920448329
-29,-19.5,10,conservative,True,0.143453883272
-28,-19.5,10,conservative,True,0.148610961764
-27,-19.5,10,conservative,True,0.152437023355
-26,-19.5,10,conservative,True,0.157652340888
-25,-19.5,10,conservative,True,0.161094339473
-24,-19.5,10,conservative,True,0.164761595053
-23,-19.5,10,conservative,True,0.166859859959
-22,-19.5,10,conservative,True,0.168326912921
-21,-19.5,10,conservative,True,0.169630149012
-20,-19.5,10,conservative,True,0.169467415733
-19,-19.5,10,conservative,True,0.167851703661
-18,-19.5,10,conservative,True,0.166716046896
-17,-19.5,10,conservative,True,0.165837140379
-16,-19.5,10,conservative,True,0.162851051038
-15,-19.5,10,conservative,True,0.158440048878
-14,-19.5,10,conservative,True,0.155751309692
-13,-19.5,10,conservative,True,0.151065428517
-12,-19.5,10,conservative,True,0.146216828968
-11,-19.5,10,conservative,True,0.141726040168
-10,-19.5,10,conservative,True,0.136812390053
-9,-19.5,10,conservative,True,0.132748275294
-8,-19.5,10,conservative,True,0.128137318079
-7,-19.5,10,conservative,True,0.122894841253
-6,-19.5,10,conservative,True,0.117790277279
-5,-19.5,10,conservative,True,0.112175594009
-4,-19.5,10,conservative,True,0.106042046337
-3,-19.5,10,conservative,True,0.101435211003
-2,-19.5,10,conservative,True,0.0970952249137
-1,-19.5,10,conservative,True,0.0922280023642
0,-19.5,10,conservative,True,0.0889223716705
1,-19.5,10,conservative,True,0.0862915182373
2,-19.5,10,conservative,True,0.0817534250982
3,-19.5,10,conservative,True,0.0783278455872
4,-19.5,10,conservative,True,0.0752759788131
5,-19.5,10,conservative,True,0.0723750041008
6,-19.5,10,conservative,True,0.0700076370725
7,-19.5,10,conservative,True,0.0678797593641
8,-19.5,10,conservative,True,0.0664807935932
9,-19.5,10,conservative,True,0.0646309949928
10,-19.5,10,conservative,True,0.0638915493369
11,-19.5,10,conservative,True,0.0638539811679
12,-19.5,10,conservative,True,0.061813746596
13,-19.5,10,conservative,True,0.0606648290644
14,-19.5,10,conservative,True,0.0607108721807
15,-19.5,10,conservative,True,0.0606832405666
16,-19.5,10,conservative,True,0.0608153571688
17,-19.5,10,conservative,True,0.0608320796415
18,-19.5,10,conservative,True,0.0594306763675
19,-19.5,10,conservative,True,0.0607282082782
20,-19.5,10,conservative,True,0.0597013888855
21,-19.5,10,conservative,True,0.0606753203082
22,-19.5,10,conservative,True,0.06048642942
23,-19.5,10,conservative,True,0.0632278868388
24,-19.5,10,conservative,True,0.0654684662647
25,-19.5,10,conservative,True,0.0651201446627
26,-19.5,10,conservative,True,0.0647657239858
27,-19.5,10,conservative,True,0.0642484770788
28,-19.5,10,conservative,True,0.0623619443053
29,-19.5,10,conservative,True,0.0624138653429
30,-19.5,10,conservative,True,0.061960575646
31,-19.5,10,conservative,True,0.06120086128
32,-19.5,10,conservative,True,0.0615017861669
33,-19.5,10,conservative,True,0.0647391093024
34,-19.5,10,conservative,True,0.0640643488522
35,-19.5,10,conservative,True,0.0636962051428
36,-19.5,10,conservative,True,0.0642252572625
37,-19.5,10,conservative,True,0.0644363214789
38,-19.5,10,conservative,True,0.0677906164324
39,-19.5,10,conservative,True,0.0681939597541
40,-19.5,10,conservative,True,0.0718476423395
41,-19.5,10,conservative,True,0.0736471422482
42,-19.5,10,conservative,True,0.077918749257
43,-19.5,10,conservative,True,0.0793413966851
44,-19.5,10,conservative,True,0.0866306754254
45,-19.5,10,conservative,True,0.092491301867
46,-19.5,10,conservative,True,0.0947595659924
47,-19.5,10,conservative,True,0.104008387771
48,-19.5,10,conservative,True,0.108355566897
49,-19.5,10,conservative,True,0.114501077872
50,-19.5,10,conservative,True,0.125170096807
51,-19.5,10,conservative,True,0.130948736785
52,-19.5,10,conservative,True,0.136736211555
-52,-18.5,10,conservative,True,0.00705324010025
-51,-18.5,10,conservative,True,0.00911525606046
-50,-18.5,10,conservative,True,0.00746710538574
-49,-18.5,10,conservative,True,0.008571416849
-48,-18.5,10,conservative,True,0.00628919843084
-47,-18.5,10,conservative,True,0.00982624762002
-46,-18.5,10,conservative,True,0.0126677340725
-45,-18.5,10,conservative,True,0.0184346508527
-44,-18.5,10,conservative,True,0.0239509446231
-43,-18.5,10,conservative,True,0.0315246350592
-42,-18.5,10,conservative,True,0.0370083067124
-41,-18.5,10,conservative,True,0.0427658836798
-40,-18.5,10,conservative,True,0.0496405889609
-39,-18.5,10,conservative,True,0.0556040728172
-38,-18.5,10,conservative,True,0.0632696335787
-37,-18.5,10,conservative,True,0.0720058580798
-36,-18.5,10,conservative,True,0.0786158662424
-35,-18.5,10,conservative,True,0.0878609811201
-34,-18.5,10,conservative,True,0.0970476486544
-33,-18.5,10,conservative,True,0.104402311051
-32,-18.5,10,conservative,True,0.110488704802
-31,-18.5,10,conservative,True,0.117436829883
-30,-18.5,10,conservative,True,0.125275992382
-29,-18.5,10,conservative,True,0.131018884702
-28,-18.5,10,conservative,True,0.136204618969
-27,-18.5,10,conservative,True,0.141255781235
-26,-18.5,10,conservative,True,0.146909345979
-25,-18.5,10,conservative,True,0.150880417177
-24,-18.5,10,conservative,True,0.155043423801
-23,-18.5,10,conservative,True,0.158475799454
-22,-18.5,10,conservative,True,0.160412069582
-21,-18.5,10,conservative,True,0.162223624522
-20,-18.5,10,conservative,True,0.162485064992
-19,-18.5,10,conservative,True,0.162376777049
-18,-18.5,10,conservative,True,0.160873007056
-17,-18.5,10,conservative,True,0.159540712714
-16,-18.5,10,conservative,True,0.156767672787
-15,-18.5,10,conservative,True,0.15279361955
-14,-18.5,10,conservative,True,0.149066879378
-13,-18.5,10,conservative,True,0.1443215656
-12,-18.5,10,conservative,True,0.140257308613
-11,-18.5,10,conservative,True,0.1363131397
-10,-18.5,10,conservative,True,0.131406174201
-9,-18.5,10,conservative,True,0.12720897177
-8,-18.5,10,conservative,True,0.122256653592
-7,-18.5,10,conservative,True,0.116736070108
-6,-18.5,10,conservative,True,0.110848003049
-5,-18.5,10,conservative,True,0.105457157045
-4,-18.5,10,conservative,True,0.0997083902361
-3,-18.5,10,conservative,True,0.0939561126245
-2,-18.5,10,conservative,True,0.0907069313933
-1,-18.5,10,conservative,True,0.0858561677178
0,-18.5,10,conservative,True,0.0822760674386
1,-18.5,10,conservative,True,0.0789140596985
2,-18.5,10,conservative,True,0.0743353195137
3,-18.5,10,conservative,True,0.0709353710377
4,-18.5,10,conservative,True,0.0674636680232
5,-18.5,10,conservative,True,0.0648707656125
6,-18.5,10,conservative,True,0.0614045305244
7,-18.5,10,conservative,True,0.0594282365679
8,-18.5,10,conservative,True,0.0577705999961
9,-18.5,10,conservative,True,0.0555542370103
10,-18.5,10,conservative,True,0.0543001795387
11,-18.5,10,conservative,True,0.0533415993923
12,-18.5,10,conservative,True,0.051553548647
13,-18.5,10,conservative,True,0.0495664219851
14,-18.5,10,conservative,True,0.0483053363888
15,-18.5,10,conservative,True,0.0478589554441
16,-18.5,10,conservative,True,0.0477437927812
17,-18.5,10,conservative,True,0.0471325894307
18,-18.5,10,conservative,True,0.0457212244628
19,-18.5,10,conservative,True,0.0450143117372
20,-18.5,10,conservative,True,0.0448266581931
21,-18.5,10,conservative,True,0.0450715461917
22,-18.5,10,conservative,True,0.0461793375271
23,-18.5,10,conservative,True,0.0460178839348
24,-18.5,10,conservative,True,0.0462894682047
25,-18.5,10,conservative,True,0.0464245490778
26,-18.5,10,conservative,True,0.044592844494
27,-18.5,10,conservative,True,0.0447777499896
28,-18.5,10,conservative,True,0.042942090495
29,-18.5,10,conservative,True,0.0435209992156
30,-18.5,10,conservative,True,0.0405093122299
31,-18.5,10,conservative,True,0.0396108030974
32,-18.5,10,conservative,True,0.040553990781
33,-18.5,10,conservative,True,0.0405339768636
34,-18.5,10,conservative,True,0.0397351954465
35,-18.5,10,conservative,True,0.0385369274712
36,-18.5,10,conservative,True,0.0401272121519
37,-18.5,10,conservative,True,0.0399626814269
38,-18.5,10,conservative,True,0.0435488320239
39,-18.5,10,conservative,True,0.0454041639887
40,-18.5,10,conservative,True,0.0457788415087
41,-18.5,10,conservative,True,0.0481353548241
42,-18.5,10,conservative,True,0.0491766171396
43,-18.5,10,conservative,True,0.0553392416132
44,-18.5,10,conservative,True,0.0561880967396
45,-18.5,10,conservative,True,0.0651241783168
46,-18.5,10,conservative,True,0.068421879538
47,-18.5,10,conservative,True,0.0766450279081
48,-18.5,10,conservative,True,0.0807753760595
49,-18.5,10,conservative,True,0.0873697291572
50,-18.5,10,conservative,True,0.100487038889
51,-18.5,10,conservative,True,0.110236865876
52,-18.5,10,conservative,True,0.112082088484
-52,-17.5,10,conservative,True,-0.0213837165843
-51,-17.5,10,conservative,True,-0.0170240814796
-50,-17.5,10,conservative,True,-0.0175210289602
-49,-17.5,10,conservative,True,-0.0175523277577
-48,-17.5,10,conservative,True,-0.0166027652112
-47,-17.5,10,conservative,True,-0.0135316617712
-46,-17.5,10,conservative,True,-0.00959196447407
-45,-17.5,10,conservative,True,-0.0016814032234
-44,-17.5,10,conservative,True,0.00138548549397
-43,-17.5,10,conservative,True,0.00864574993771
-42,-17.5,10,conservative,True,0.0165719338918
-41,-17.5,10,conservative,True,0.0229108744685
-40,-17.5,10,conservative,True,0.0313934652295
-39,-17.5,10,conservative,True,0.0370062070857
-38,-17.5,10,conservative,True,0.0442810887559
-37,-17.5,10,conservative,True,0.052609574411
-36,-17.5,10,conservative,True,0.0604111369699
-35,-17.5,10,conservative,True,0.0698544801607
-34,-17.5,10,conservative,True,0.0786334382456
-33,-17.5,10,conservative,True,0.087333805
-32,-17.5,10,conservative,True,0.0963495958762
-31,-17.5,10,conservative,True,0.102957986972
-30,-17.5,10,conservative,True,0.111728578546
-29,-17.5,10,conservative,True,0.11840149774
-28,-17.5,10,conservative,True,0.124733783675
-27,-17.5,10,conservative,True,0.130816900808
-26,-17.5,10,conservative,True,0.136596762772
-25,-17.5,10,conservative,True,0.141780224004
-24,-17.5,10,conservative,True,0.145974989836
-23,-17.5,10,conservative,True,0.148246373854
-22,-17.5,10,conservative,True,0.150499949566
-21,-17.5,10,conservative,True,0.152425185263
-20,-17.5,10,conservative,True,0.153073091335
-19,-17.5,10,conservative,True,0.154527041164
-18,-17.5,10,conservative,True,0.155011651949
-17,-17.5,10,conservative,True,0.152740306145
-16,-17.5,10,conservative,True,0.14982265236
-15,-17.5,10,conservative,True,0.146819224584
-14,-17.5,10,conservative,True,0.142070568265
-13,-17.5,10,conservative,True,0.138242845537
-12,-17.5,10,conservative,True,0.134953234452
-11,-17.5,10,conservative,True,0.130551295775
-10,-17.5,10,conservative,True,0.125970012382
-9,-17.5,10,conservative,True,0.121861290655
-8,-17.5,10,conservative,True,0.116653693366
-7,-17.5,10,conservative,True,0.110818718226
-6,-17.5,10,conservative,True,0.104094851739
-5,-17.5,10,conservative,True,0.099255707366
-4,-17.5,10,conservative,True,0.0933800041294
-3,-17.5,10,conservative,True,0.0879798116474
-2,-17.5,10,conservative,True,0.0835407026741
-1,-17.5,10,conservative,True,0.0794934584982
0,-17.5,10,conservative,True,0.0745185707069
1,-17.5,10,conservative,True,0.0712875869414
2,-17.5,10,conservative,True,0.0675532071183
3,-17.5,10,conservative,True,0.0635799096167
4,-17.5,10,conservative,True,0.0595549876823
5,-17.5,10,conservative,True,0.0558450429754
6,-17.5,10,conservative,True,0.0530721686682
7,-17.5,10,conservative,True,0.050485486945
8,-17.5,10,conservative,True,0.0484003808072
9,-17.5,10,conservative,True,0.0466708769387
10,-17.5,10,conservative,True,0.0442866894914
11,-17.5,10,conservative,True,0.0419969595974
12,-17.5,10,conservative,True,0.0405702604147
13,-17.5,10,conservative,True,0.0377754314372
14,-17.5,10,conservative,True,0.0367457590127
15,-17.5,10,conservative,True,0.0356771814033
16,-17.5,10,conservative,True,0.0333722474354
17,-17.5,10,conservative,True,0.0339886432327
18,-17.5,10,conservative,True,0.0314287574558
19,-17.5,10,conservative,True,0.0301795094627
20,-17.5,10,conservative,True,0.0295703021194
21,-17.5,10,conservative,True,0.0302589207245
22,-17.5,10,conservative,True,0.0296983914174
23,-17.5,10,conservative,True,0.0280256370262
24,-17.5,10,conservative,True,0.0275820457026
25,-17.5,10,conservative,True,0.027414062
26,-17.5,10,conservative,True,0.0270083907179
27,-17.5,10,conservative,True,0.0245885888365
28,-17.5,10,conservative,True,0.0228213801268
29,-17.5,10,conservative,True,0.0219234740704
30,-17.5,10,conservative,True,0.0186536956557
31,-17.5,10,conservative,True,0.0178920000394
32,-17.5,10,conservative,True,0.0180878583775
33,-17.5,10,conservative,True,0.0176092915428
34,-17.5,10,conservative,True,0.0159842767858
35,-17.5,10,conservative,True,0.0170207389495
36,-17.5,10,conservative,True,0.0138668122361
37,-17.5,10,conservative,True,0.0163401465437
38,-17.5,10,conservative,True,0.0176700628697
39,-17.5,10,conservative,True,0.0195986173049
40,-17.5,10,conservative,True,0.0221672243036
41,-17.5,10,conservative,True,0.021568628975
42,-17.5,10,conservative,True,0.0245412225484
43,-17.5,10,conservative,True,0.0265085319891
44,-17.5,10,conservative,True,0.031830484317
45,-17.5,10,conservative,True,0.0344830184073
46,-17.5,10,conservative,True,0.0429645585168
47,-17.5,10,conservative,True,0.0491825542284
48,-17.5,10,conservative,True,0.0511021916664
49,-17.5,10,conservative,True,0.0604631164653
50,-17.5,10,conservative,True,0.0696917702219
51,-17.5,10,conservative,True,0.0794905670445
52,-17.5,10,conservative,True,0.0885895503657
-52,-16.5,10,conservative,True,-0.0458369169988
-51,-16.5,10,conservative,True,-0.0444209661632
-50,-16.5,10,conservative,True,-0.0400468352985
-49,-16.5,10,conservative,True,-0.0410008796275
-48,-16.5,10,conservative,True,-0.038735725326
-47,-16.5,10,conservative,True,-0.0361778935736
-46,-16.5,10,conservative,True,-0.0313316891135
-45,-16.5,10,conservative,True,-0.0243321142274
-44,-16.5,10,conservative,True,-0.0191309451387
-43,-16.5,10,conservative,True,-0.011346834925
-42,-16.5,10,conservative,True,-0.00339067162119
-41,-16.5,10,conservative,True,0.00564951213006
-40,-16.5,10,conservative,True,0.0123655258687
-39,-16.5,10,conservative,True,0.0190644856346
-38,-16.5,10,conservative,True,0.0263925097781
-37,-16.5,10,conservative,True,0.0359628339085
-36,-16.5,10,conservative,True,0.0434956741408
-35,-16.5,10,conservative,True,0.0525051971597
-34,-16.5,10,conservative,True,0.0634165998611
-33,-16.5,10,conservative,True,0.0714897860142
-32,-16.5,10,conservative,True,0.0806974416045
-31,-16.5,10,conservative,True,0.0891071935341
-30,-16.5,10,conservative,True,0.0977947038962
-29,-16.5,10,conservative,True,0.104976786129
-28,-16.5,10,conservative,True,0.112971402487
-27,-16.5,10,conservative,True,0.119322349427
-26,-16.5,10,conservative,True,0.126198631649
-25,-16.5,10,conservative,True,0.132043530998
-24,-16.5,10,conservative,True,0.13695884993
-23,-16.5,10,conservative,True,0.139703789193
-22,-16.5,10,conservative,True,0.142297584264
-21,-16.5,10,conservative,True,0.143996948137
-20,-16.5,10,conservative,True,0.145234013511
-19,-16.5,10,conservative,True,0.146831669729
-18,-16.5,10,conservative,True,0.147350736614
-17,-16.5,10,conservative,True,0.146336166371
-16,-16.5,10,conservative,True,0.142801029987
-15,-16.5,10,conservative,True,0.140991730498
-14,-16.5,10,conservative,True,0.136897370804
-13,-16.5,10,conservative,True,0.132995096335
-12,-16.5,10,conservative,True,0.129412497041
-11,-16.5,10,conservative,True,0.125773288599
-10,-16.5,10,conservative,True,0.120730615738
-9,-16.5,10,conservative,True,0.116660645189
-8,-16.5,10,conservative,True,0.111298653947
-7,-16.5,10,conservative,True,0.104193804776
-6,-16.5,10,conservative,True,0.098823503085
-5,-16.5,10,conservative,True,0.0929327158858
-4,-16.5,10,conservative,True,0.0877029621752
-3,-16.5,10,conservative,True,0.0826202116299
-2,-16.5,10,conservative,True,0.0784219305723
-1,-16.5,10,conservative,True,0.0736840178995
0,-16.5,10,conservative,True,0.0688866985422
1,-16.5,10,conservative,True,0.0649119561746
2,-16.5,10,conservative,True,0.0597310171209
3,-16.5,10,conservative,True,0.0563073914435
4,-16.5,10,conservative,True,0.0519849717839
5,-16.5,10,conservative,True,0.0481093469848
6,-16.5,10,conservative,True,0.0446974989845
7,-16.5,10,conservative,True,0.0407553823127
8,-16.5,10,conservative,True,0.0387631252211
9,-16.5,10,conservative,True,0.0368542591934
10,-16.5,10,conservative,True,0.0339279102183
11,-16.5,10,conservative,True,0.0317753771679
12,-16.5,10,conservative,True,0.0291673949865
13,-16.5,10,conservative,True,0.0265850148331
14,-16.5,10,conservative,True,0.0249463851862
15,-16.5,10,conservative,True,0.0231962343099
16,-16.5,10,conservative,True,0.0212816953571
17,-16.5,10,conservative,True,0.0202845083943
18,-16.5,10,conservative,True,0.0169432543691
19,-16.5,10,conservative,True,0.0157784040199
20,-16.5,10,conservative,True,0.0151899777613
21,-16.5,10,conservative,True,0.0143030658682
22,-16.5,10,conservative,True,0.013004489821
23,-16.5,10,conservative,True,0.0107503732726
24,-16.5,10,conservative,True,0.0104063761187
25,-16.5,10,conservative,True,0.00838754272105
26,-16.5,10,conservative,True,0.00624206684044
27,-16.5,10,conservative,True,0.00458498029667
28,-16.5,10,conservative,True,0.00119248350183
29,-16.5,10,conservative,True,-0.000480832993468
30,-16.5,10,conservative,True,-0.00272144890565
31,-16.5,10,conservative,True,-0.00380755100719
32,-16.5,10,conservative,True,-0.00441680014024
33,-16.5,10,conservative,True,-0.00684519585047
34,-16.5,10,conservative,True,-0.00778402309466
35,-16.5,10,conservative,True,-0.00681659214035
36,-16.5,10,conservative,True,-0.00833920882493
37,-16.5,10,conservative,True,-0.00736632921516
38,-16.5,10,conservative,True,-0.00654387074594
39,-16.5,10,conservative,True,-0.00434239166478
40,-16.5,10,conservative,True,-0.00210975505526
41,-16.5,10,conservative,True,-0.00293735311335
42,-16.5,10,conservative,True,-0.00147556612481
43,-16.5,10,conservative,True,0.00160587811835
44,-16.5,10,conservative,True,0.00328850713712
45,-16.5,10,conservative,True,0.00802593152019
46,-16.5,10,conservative,True,0.0129443466452
47,-16.5,10,conservative,True,0.0203499589224
48,-16.5,10,conservative,True,0.0267232302342
49,-16.5,10,conservative,True,0.0347203155929
50,-16.5,10,conservative,True,0.0392515430492
51,-16.5,10,conservative,True,0.0498124656398
52,-16.5,10,conservative,True,0.0605409528772
-52,-15.5,10,conservative,True,-0.0673055916794
-51,-15.5,10,conservative,True,-0.0636584109935
-50,-15.5,10,conservative,True,-0.0648608899071
-49,-15.5,10,conservative,True,-0.0632596192408
-48,-15.5,10,conservative,True,-0.0591451346983
-47,-15.5,10,conservative,True,-0.0558036663223
-46,-15.5,10,conservative,True,-0.0502822077942
-45,-15.5,10,conservative,True,-0.0424965193128
-44,-15.5,10,conservative,True,-0.0366221506205
-43,-15.5,10,conservative,True,-0.0301538414769
-42,-15.5,10,conservative,True,-0.0208198002899
-41,-15.5,10,conservative,True,-0.0139036506086
-40,-15.5,10,conservative,True,-0.00503488449129
-39,-15.5,10,conservative,True,0.00240576322114
-38,-15.5,10,conservative,True,0.00962093919573
-37,-15.5,10,conservative,True,0.018390341793
-36,-15.5,10,conservative,True,0.0267643389245
-35,-15.5,10,conservative,True,0.0365590823606
-34,-15.5,10,conservative,True,0.0467820024633
-33,-15.5,10,conservative,True,0.057778266417
-32,-15.5,10,conservative,True,0.0654143916449
-31,-15.5,10,conservative,True,0.0749115157441
-30,-15.5,10,conservative,True,0.0849405498989
-29,-15.5,10,conservative,True,0.0928443777198
-28,-15.5,10,conservative,True,0.0996821474771
-27,-15.5,10,conservative,True,0.108474259359
-26,-15.5,10,conservative,True,0.114873049197
-25,-15.5,10,conservative,True,0.121807520666
-24,-15.5,10,conservative,True,0.126690106763
-23,-15.5,10,conservative,True,0.130360609808
-22,-15.5,10,conservative,True,0.134005516853
-21,-15.5,10,conservative,True,0.135920445529
-20,-15.5,10,conservative,True,0.137967488498
-19,-15.5,10,conservative,True,0.138029197304
-18,-15.5,10,conservative,True,0.138372186268
-17,-15.5,10,conservative,True,0.13920009691
-16,-15.5,10,conservative,True,0.137105003861
-15,-15.5,10,conservative,True,0.135015147372
-14,-15.5,10,conservative,True,0.130790087316
-13,-15.5,10,conservative,True,0.126780139483
-12,-15.5,10,conservative,True,0.124201387036
-11,-15.5,10,conservative,True,0.119487748746
-10,-15.5,10,conservative,True,0.115872018959
-9,-15.5,10,conservative,True,0.111247079689
-8,-15.5,10,conservative,True,0.104995488677
-7,-15.5,10,conservative,True,0.0993932356555
-6,-15.5,10,conservative,True,0.0937234179543
-5,-15.5,10,conservative,True,0.0875285605874
-4,-15.5,10,conservative,True,0.0834415030986
-3,-15.5,10,conservative,True,0.0774327046399
-2,-15.5,10,conservative,True,0.072971224221
-1,-15.5,10,conservative,True,0.0685405604927
0,-15.5,10,conservative,True,0.0628869240361
1,-15.5,10,conservative,True,0.0574257405563
2,-15.5,10,conservative,True,0.0532831071027
3,-15.5,10,conservative,True,0.0484796025596
4,-15.5,10,conservative,True,0.0445255433257
5,-15.5,10,conservative,True,0.039967677151
6,-15.5,10,conservative,True,0.0355555746348
7,-15.5,10,conservative,True,0.0315731615697
8,-15.5,10,conservative,True,0.0286500942264
9,-15.5,10,conservative,True,0.0261289464198
10,-15.5,10,conservative,True,0.0230418933168
11,-15.5,10,conservative,True,0.0203214119886
12,-15.5,10,conservative,True,0.0175732649097
13,-15.5,10,conservative,True,0.014591114077
14,-15.5,10,conservative,True,0.0134163588497
15,-15.5,10,conservative,True,0.0106319615083
16,-15.5,10,conservative,True,0.00818565564674
17,-15.5,10,conservative,True,0.0063127460414
18,-15.5,10,conservative,True,0.00293547401503
19,-15.5,10,conservative,True,0.00144830295748
20,-15.5,10,conservative,True,-0.000409293539995
21,-15.5,10,conservative,True,-0.00165396222572
22,-15.5,10,conservative,True,-0.00358840399419
23,-15.5,10,conservative,True,-0.00572034645837
24,-15.5,10,conservative,True,-0.00721098403566
25,-15.5,10,conservative,True,-0.0100444150337
26,-15.5,10,conservative,True,-0.0146042424863
27,-15.5,10,conservative,True,-0.0160504959184
28,-15.5,10,conservative,True,-0.0186975748446
29,-15.5,10,conservative,True,-0.0204431235186
30,-15.5,10,conservative,True,-0.0216997021559
31,-15.5,10,conservative,True,-0.0242386660266
32,-15.5,10,conservative,True,-0.0263935149935
33,-15.5,10,conservative,True,-0.0273289555922
34,-15.5,10,conservative,True,-0.0287470436878
35,-15.5,10,conservative,True,-0.0298263105759
36,-15.5,10,conservative,True,-0.0310044721697
37,-15.5,10,conservative,True,-0.0326342152628
38,-15.5,10,conservative,True,-0.0305282334273
39,-15.5,10,conservative,True,-0.0303292607402
40,-15.5,10,conservative,True,-0.0290056670963
41,-15.5,10,conservative,True,-0.0270258684252
42,-15.5,10,conservative,True,-0.0254546268197
43,-15.5,10,conservative,True,-0.0223986813859
44,-15.5,10,conservative,True,-0.0219785222699
45,-15.5,10,conservative,True,-0.0158201755831
46,-15.5,10,conservative,True,-0.0119599236178
47,-15.5,10,conservative,True,-0.00443550941002
48,-15.5,10,conservative,True,0.000377108166932
49,-15.5,10,conservative,True,0.00571827897591
50,-15.5,10,conservative,True,0.00907959298791
51,-15.5,10,conservative,True,0.0200417257107
52,-15.5,10,conservative,True,0.0300380670611
-52,-14.5,10,conservative,True,-0.0888825792101
-51,-14.5,10,conservative,True,-0.0881781965447
-50,-14.5,10,conservative,True,-0.0828710363812
-49,-14.5,10,conservative,True,-0.0810380765862
-48,-14.5,10,conservative,True,-0.077478014881
-47,-14.5,10,conservative,True,-0.0731146741368
-46,-14.5,10,conservative,True,-0.0677214447907
-45,-14.5,10,conservative,True,-0.0605294075075
-44,-14.5,10,conservative,True,-0.0530716445077
-43,-14.5,10,conservative,True,-0.0458346897335
-42,-14.5,10,conservative,True,-0.038074089001
-41,-14.5,10,conservative,True,-0.0306328025188
-40,-14.5,10,conservative,True,-0.0212836753127
-39,-14.5,10,conservative,True,-0.0133395682284
-38,-14.5,10,conservative,True,-0.00570032330722
-37,-14.5,10,conservative,True,0.00311549776639
-36,-14.5,10,conservative,True,0.0122415107421
-35,-14.5,10,conservative,True,0.0227115542249
-34,-14.5,10,conservative,True,0.0312624803135
-33,-14.5,10,conservative,True,0.0414602892972
-32,-14.5,10,conservative,True,0.0507384051728
-31,-14.5,10,conservative,True,0.060649287126
-30,-14.5,10,conservative,True,0.0714011649193
-29,-14.5,10,conservative,True,0.0805833426474
-28,-14.5,10,conservative,True,0.0886208218299
-27,-14.5,10,conservative,True,0.0973260033477
-26,-14.5,10,conservative,True,0.103819301059
-25,-14.5,10,conservative,True,0.110404733769
-24,-14.5,10,conservative,True,0.116254736152
-23,-14.5,10,conservative,True,0.12050803123
-22,-14.5,10,conservative,True,0.125998544193
-21,-14.5,10,conservative,True,0.129285243089
-20,-14.5,10,conservative,True,0.13016502625
-19,-14.5,10,conservative,True,0.129830766195
-18,-14.5,10,conservative,True,0.130437618615
-17,-14.5,10,conservative,True,0.13189837359
-16,-14.5,10,conservative,True,0.130653944319
-15,-14.5,10,conservative,True,0.127699597641
-14,-14.5,10,conservative,True,0.125131356288
-13,-14.5,10,conservative,True,0.121849077232
-12,-14.5,10,conservative,True,0.11896407778
-11,-14.5,10,conservative,True,0.114254487122
-10,-14.5,10,conservative,True,0.110162207575
-9,-14.5,10,conservative,True,0.106380600406
-8,-14.5,10,conservative,True,0.100265457979
-7,-14.5,10,conservative,True,0.0942391499376
-6,-14.5,10,conservative,True,0.0884675198771
-5,-14.5,10,conservative,True,0.0820830944129
-4,-14.5,10,conservative,True,0.0778633632287
-3,-14.5,10,conservative,True,0.0717206414191
-2,-14.5,10,conservative,True,0.0662737351721
-1,-14.5,10,conservative,True,0.0612316107708
0,-14.5,10,conservative,True,0.0564397327935
1,-14.5,10,conservative,True,0.0507334922987
2,-14.5,10,conservative,True,0.0448822502966
3,-14.5,10,conservative,True,0.0403662193684
4,-14.5,10,conservative,True,0.0369982245822
5,-14.5,10,conservative,True,0.0324598709628
6,-14.5,10,conservative,True,0.0279580158362
7,-14.5,10,conservative,True,0.0232966041078
8,-14.5,10,conservative,True,0.0196884380716
9,-14.5,10,conservative,True,0.0157896643064
10,-14.5,10,conservative,True,0.0134159941791
11,-14.5,10,conservative,True,0.00983457500467
12,-14.5,10,conservative,True,0.00687902048405
13,-14.5,10,conservative,True,0.00312364249345
14,-14.5,10,conservative,True,0.00078323210315
15,-14.5,10,conservative,True,-0.00240693684177
16,-14.5,10,conservative,True,-0.00469474172072
17,-14.5,10,conservative,True,-0.00804600834118
18,-14.5,10,conservative,True,-0.0107061819839
19,-14.5,10,conservative,True,-0.0128573970039
20,-14.5,10,conservative,True,-0.016078129484
21,-14.5,10,conservative,True,-0.0175090010012
22,-14.5,10,conservative,True,-0.0193965470191
23,-14.5,10,conservative,True,-0.0228049280248
24,-14.5,10,conservative,True,-0.0258223643681
25,-14.5,10,conservative,True,-0.0282860960283
26,-14.5,10,conservative,True,-0.031872715856
27,-14.5,10,conservative,True,-0.0349575669745
28,-14.5,10,conservative,True,-0.0389669826568
29,-14.5,10,conservative,True,-0.0402789670857
30,-14.5,10,conservative,True,-0.0422920988969
31,-14.5,10,conservative,True,-0.0444445571811
32,-14.5,10,conservative,True,-0.0473695064307
33,-14.5,10,conservative,True,-0.0495659167781
34,-14.5,10,conservative,True,-0.0505945344262
35,-14.5,10,conservative,True,-0.0505580766173
36,-14.5,10,conservative,True,-0.052519463232
37,-14.5,10,conservative,True,-0.0556979803697
38,-14.5,10,conservative,True,-0.0550943042108
39,-14.5,10,conservative,True,-0.0530399864922
40,-14.5,10,conservative,True,-0.0521445565951
41,-14.5,10,conservative,True,-0.0485004359002
42,-14.5,10,conservative,True,-0.0506540280572
43,-14.5,10,conservative,True,-0.0449042128758
44,-14.5,10,conservative,True,-0.042965190614
45,-14.5,10,conservative,True,-0.0405231200329
46,-14.5,10,conservative,True,-0.0346193349686
47,-14.5,10,conservative,True,-0.0297819823014
48,-14.5,10,conservative,True,-0.022749546497
49,-14.5,10,conservative,True,-0.0218269541114
50,-14.5,10,conservative,True,-0.0151803530473
51,-14.5,10,conservative,True,-0.00912912239472
52,-14.5,10,conservative,True,0.00101066817096
-52,-13.5,10,conservative,True,-0.111468763984
-51,-13.5,10,conservative,True,-0.10546353251
-50,-13.5,10,conservative,True,-0.101822341309
-49,-13.5,10,conservative,True,-0.0981502163954
-48,-13.5,10,conservative,True,-0.0936341138743
-47,-13.5,10,conservative,True,-0.088836321099
-46,-13.5,10,conservative,True,-0.0827557656779
-45,-13.5,10,conservative,True,-0.0762252566731
-44,-13.5,10,conservative,True,-0.068888466901
-43,-13.5,10,conservative,True,-0.061860350541
-42,-13.5,10,conservative,True,-0.0544379500596
-41,-13.5,10,conservative,True,-0.0451439557286
-40,-13.5,10,conservative,True,-0.0363213972108
-39,-13.5,10,conservative,True,-0.0284719440112
-38,-13.5,10,conservative,True,-0.0195108581886
-37,-13.5,10,conservative,True,-0.0111549348533
-36,-13.5,10,conservative,True,-0.0014546212863
-35,-13.5,10,conservative,True,0.008097488447
-34,-13.5,10,conservative,True,0.0170925303649
-33,-13.5,10,conservative,True,0.0278027318692
-32,-13.5,10,conservative,True,0.0382665478209
-31,-13.5,10,conservative,True,0.0478215927591
-30,-13.5,10,conservative,True,0.0580055636625
-29,-13.5,10,conservative,True,0.0668348201777
-28,-13.5,10,conservative,True,0.0764615453796
-27,-13.5,10,conservative,True,0.0855770751052
-26,-13.5,10,conservative,True,0.0938056178742
-25,-13.5,10,conservative,True,0.100677719542
-24,-13.5,10,conservative,True,0.106933082274
-23,-13.5,10,conservative,True,0.112069246565
-22,-13.5,10,conservative,True,0.1170488105
-21,-13.5,10,conservative,True,0.120715469179
-20,-13.5,10,conservative,True,0.122817942242
-19,-13.5,10,conservative,True,0.123497315568
-18,-13.5,10,conservative,True,0.122967634252
-17,-13.5,10,conservative,True,0.123676544424
-16,-13.5,10,conservative,True,0.123244370253
-15,-13.5,10,conservative,True,0.12158822534
-14,-13.5,10,conservative,True,0.119772049322
-13,-13.5,10,conservative,True,0.116843441127
-12,-13.5,10,conservative,True,0.113147532491
-11,-13.5,10,conservative,True,0.108316742658
-10,-13.5,10,conservative,True,0.104380307556
-9,-13.5,10,conservative,True,0.0994800034721
-8,-13.5,10,conservative,True,0.0938296701543
-7,-13.5,10,conservative,True,0.088559132253
-6,-13.5,10,conservative,True,0.082546147196
-5,-13.5,10,conservative,True,0.0765102024129
-4,-13.5,10,conservative,True,0.072020264524
-3,-13.5,10,conservative,True,0.065404298178
-2,-13.5,10,conservative,True,0.0603078368705
-1,-13.5,10,conservative,True,0.054332047927
0,-13.5,10,conservative,True,0.0494981600794
1,-13.5,10,conservative,True,0.0431790622831
2,-13.5,10,conservative,True,0.0369535430343
3,-13.5,10,conservative,True,0.0324315083746
4,-13.5,10,conservative,True,0.0278883637734
5,-13.5,10,conservative,True,0.023312140567
6,-13.5,10,conservative,True,0.0188890054186
7,-13.5,10,conservative,True,0.0148701166557
8,-13.5,10,conservative,True,0.0113189655044
9,-13.5,10,conservative,True,0.00610242931849
10,-13.5,10,conservative,True,0.00190440421507
11,-13.5,10,conservative,True,-0.000974816891341
12,-13.5,10,conservative,True,-0.00412798764123
13,-13.5,10,conservative,True,-0.00847453347691
14,-13.5,10,conservative,True,-0.0117839324898
15,-13.5,10,conservative,True,-0.0153247248367
16,-13.5,10,conservative,True,-0.0184687043406
17,-13.5,10,conservative,True,-0.0225186324462
18,-13.5,10,conservative,True,-0.0239424504139
19,-13.5,10,conservative,True,-0.0279558548162
20,-13.5,10,conservative,True,-0.0306124012067
21,-13.5,10,conservative,True,-0.0340125452067
22,-13.5,10,conservative,True,-0.0362117770104
23,-13.5,10,conservative,True,-0.0406519898831
24,-13.5,10,conservative,True,-0.0427727362141
25,-13.5,10,conservative,True,-0.0460164075133
26,-13.5,10,conservative,True,-0.0494990930268
27,-13.5,10,conservative,True,-0.0540758479824
28,-13.5,10,conservative,True,-0.0577799412782
29,-13.5,10,conservative,True,-0.0602372733624
30,-13.5,10,conservative,True,-0.0627227526549
31,-13.5,10,conservative,True,-0.0655400692207
32,-13.5,10,conservative,True,-0.0666744455455
33,-13.5,10,conservative,True,-0.0696855227716
34,-13.5,10,conservative,True,-0.0703827875914
35,-13.5,10,conservative,True,-0.0719860114307
36,-13.5,10,conservative,True,-0.0733031082217
37,-13.5,10,conservative,True,-0.0753624659256
38,-13.5,10,conservative,True,-0.0770975275097
39,-13.5,10,conservative,True,-0.0744208728424
40,-13.5,10,conservative,True,-0.0740215914979
41,-13.5,10,conservative,True,-0.069937970504
42,-13.5,10,conservative,True,-0.0702316687835
43,-13.5,10,conservative,True,-0.0692959794541
44,-13.5,10,conservative,True,-0.0677759888102
45,-13.5,10,conservative,True,-0.0631315682619
46,-13.5,10,conservative,True,-0.0615838107197
47,-13.5,10,conservative,True,-0.0549719517589
48,-13.5,10,conservative,True,-0.0481407498056
49,-13.5,10,conservative,True,-0.0472611312371
50,-13.5,10,conservative,True,-0.0379407601886
51,-13.5,10,conservative,True,-0.029176566788
52,-13.5,10,conservative,True,-0.0221328068601
-52,-12.5,10,conservative,True,-0.126392137665
-51,-12.5,10,conservative,True,-0.121611073333
-50,-12.5,10,conservative,True,-0.117520684676
-49,-12.5,10,conservative,True,-0.112603026284
-48,-12.5,10,conservative,True,-0.10832113457
-47,-12.5,10,conservative,True,-0.101411094684
-46,-12.5,10,conservative,True,-0.0964852912909
-45,-12.5,10,conservative,True,-0.0906474640857
-44,-12.5,10,conservative,True,-0.0847025501078
-43,-12.5,10,conservative,True,-0.0762737488017
-42,-12.5,10,conservative,True,-0.0677912030745
-41,-12.5,10,conservative,True,-0.0594791048622
-40,-12.5,10,conservative,True,-0.0505688407473
-39,-12.5,10,conservative,True,-0.0423152414598
-38,-12.5,10,conservative,True,-0.0332337457246
-37,-12.5,10,conservative,True,-0.0253251774471
-36,-12.5,10,conservative,True,-0.0151294359551
-35,-12.5,10,conservative,True,-0.006219680725
-34,-12.5,10,conservative,True,0.00349399027058
-33,-12.5,10,conservative,True,0.0146765467437
-32,-12.5,10,conservative,True,0.0250917291942
-31,-12.5,10,conservative,True,0.0346911862742
-30,-12.5,10,conservative,True,0.0455973962787
-29,-12.5,10,conservative,True,0.0553823995802
-28,-12.5,10,conservative,True,0.0640815511601
-27,-12.5,10,conservative,True,0.0749188580956
-26,-12.5,10,conservative,True,0.0834600398943
-25,-12.5,10,conservative,True,0.0917818574123
-24,-12.5,10,conservative,True,0.0969513160499
-23,-12.5,10,conservative,True,0.102853646098
-22,-12.5,10,conservative,True,0.107373845096
-21,-12.5,10,conservative,True,0.111298095668
-20,-12.5,10,conservative,True,0.115051608058
-19,-12.5,10,conservative,True,0.116439111154
-18,-12.5,10,conservative,True,0.117106708762
-17,-12.5,10,conservative,True,0.117545545917
-16,-12.5,10,conservative,True,0.117539183864
-15,-12.5,10,conservative,True,0.116219800873
-14,-12.5,10,conservative,True,0.114515630426
-13,-12.5,10,conservative,True,0.111735125827
-12,-12.5,10,conservative,True,0.109231617366
-11,-12.5,10,conservative,True,0.104039666183
-10,-12.5,10,conservative,True,0.0984466845076
-9,-12.5,10,conservative,True,0.0938072172156
-8,-12.5,10,conservative,True,0.0882892915117
-7,-12.5,10,conservative,True,0.0829407207712
-6,-12.5,10,conservative,True,0.0770894416163
-5,-12.5,10,conservative,True,0.0719848527163
-4,-12.5,10,conservative,True,0.0656222358986
-3,-12.5,10,conservative,True,0.0596176875373
-2,-12.5,10,conservative,True,0.0546358382459
-1,-12.5,10,conservative,True,0.0478780521794
0,-12.5,10,conservative,True,0.0423538809746
1,-12.5,10,conservative,True,0.0363525858513
2,-12.5,10,conservative,True,0.0301363336463
3,-12.5,10,conservative,True,0.0252973500057
4,-12.5,10,conservative,True,0.0199917400399
5,-12.5,10,conservative,True,0.0150986166671
6,-12.5,10,conservative,True,0.0102660481737
7,-12.5,10,conservative,True,0.00542397591703
8,-12.5,10,conservative,True,0.00177920138218
9,-12.5,10,conservative,True,-0.00203512584741
10,-12.5,10,conservative,True,-0.00629037866913
11,-12.5,10,conservative,True,-0.0109312847543
12,-12.5,10,conservative,True,-0.0147273316342
13,-12.5,10,conservative,True,-0.0190038461568
14,-12.5,10,conservative,True,-0.0221826321795
15,-12.5,10,conservative,True,-0.0277273328176
16,-12.5,10,conservative,True,-0.0317252518499
17,-12.5,10,conservative,True,-0.0350403889215
18,-12.5,10,conservative,True,-0.0379814291133
19,-12.5,10,conservative,True,-0.0409958890473
20,-12.5,10,conservative,True,-0.0448674528903
21,-12.5,10,conservative,True,-0.0486434614443
22,-12.5,10,conservative,True,-0.0518069990995
23,-12.5,10,conservative,True,-0.0553442738441
24,-12.5,10,conservative,True,-0.0594759061607
25,-12.5,10,conservative,True,-0.062433603936
26,-12.5,10,conservative,True,-0.0667815124133
27,-12.5,10,conservative,True,-0.0699930669629
28,-12.5,10,conservative,True,-0.0744027262014
29,-12.5,10,conservative,True,-0.077909449238
30,-12.5,10,conservative,True,-0.0812880211809
31,-12.5,10,conservative,True,-0.0835254348838
32,-12.5,10,conservative,True,-0.0855097015149
33,-12.5,10,conservative,True,-0.0890781379362
34,-12.5,10,conservative,True,-0.0901235198324
35,-12.5,10,conservative,True,-0.0913465325115
36,-12.5,10,conservative,True,-0.0933586218774
37,-12.5,10,conservative,True,-0.0932756848666
38,-12.5,10,conservative,True,-0.0957547703003
39,-12.5,10,conservative,True,-0.0962101483373
40,-12.5,10,conservative,True,-0.0939409042994
41,-12.5,10,conservative,True,-0.092494258422
42,-12.5,10,conservative,True,-0.0900521954155
43,-12.5,10,conservative,True,-0.0913213431734
44,-12.5,10,conservative,True,-0.089756472853
45,-12.5,10,conservative,True,-0.0857368645118
46,-12.5,10,conservative,True,-0.0816596829226
47,-12.5,10,conservative,True,-0.0773240494414
48,-12.5,10,conservative,True,-0.0729942909162
49,-12.5,10,conservative,True,-0.0697745366704
50,-12.5,10,conservative,True,-0.0618834589017
51,-12.5,10,conservative,True,-0.0527968357371
52,-12.5,10,conservative,True,-0.0474473056441
-52,-11.5,10,conservative,True,-0.140137434156
-51,-11.5,10,conservative,True,-0.137373664527
-50,-11.5,10,conservative,True,-0.131460088793
-49,-11.5,10,conservative,True,-0.125976458386
-48,-11.5,10,conservative,True,-0.12120598891
-47,-11.5,10,conservative,True,-0.114275146821
-46,-11.5,10,conservative,True,-0.108968311328
-45,-11.5,10,conservative,True,-0.10390765543
-44,-11.5,10,conservative,True,-0.0979992160866
-43,-11.5,10,conservative,True,-0.0879422511991
-42,-11.5,10,conservative,True,-0.0794744047609
-41,-11.5,10,conservative,True,-0.0723831849859
-40,-11.5,10,conservative,True,-0.0646922569532
-39,-11.5,10,conservative,True,-0.0553070582472
-38,-11.5,10,conservative,True,-0.0471555490767
-37,-11.5,10,conservative,True,-0.0373686568599
-36,-11.5,10,conservative,True,-0.0278773343573
-35,-11.5,10,conservative,True,-0.0179715028736
-34,-11.5,10,conservative,True,-0.00859903205079
-33,-11.5,10,conservative,True,0.0017370706089
-32,-11.5,10,conservative,True,0.0122604286586
-31,-11.5,10,conservative,True,0.022799312983
-30,-11.5,10,conservative,True,0.0331734167402
-29,-11.5,10,conservative,True,0.0432276224792
-28,-11.5,10,conservative,True,0.0527210090313
-27,-11.5,10,conservative,True,0.0633053077042
-26,-11.5,10,conservative,True,0.071709193675
-25,-11.5,10,conservative,True,0.081250479978
-24,-11.5,10,conservative,True,0.088287519281
-23,-11.5,10,conservative,True,0.0934609042356
-22,-11.5,10,conservative,True,0.0989961128433
-21,-11.5,10,conservative,True,0.103423344914
-20,-11.5,10,conservative,True,0.107262772779
-19,-11.5,10,conservative,True,0.109763926431
-18,-11.5,10,conservative,True,0.111065700105
-17,-11.5,10,conservative,True,0.112853654833
-16,-11.5,10,conservative,True,0.112994142981
-15,-11.5,10,conservative,True,0.111725921076
-14,-11.5,10,conservative,True,0.10963253933
-13,-11.5,10,conservative,True,0.107522866119
-12,-11.5,10,conservative,True,0.103861588578
-11,-11.5,10,conservative,True,0.0985547772585
-10,-11.5,10,conservative,True,0.0939517193728
-9,-11.5,10,conservative,True,0.0890523100203
-8,-11.5,10,conservative,True,0.0832091486461
-7,-11.5,10,conservative,True,0.0773470507092
-6,-11.5,10,conservative,True,0.0720802791942
-5,-11.5,10,conservative,True,0.0669777167608
-4,-11.5,10,conservative,True,0.0604248197879
-3,-11.5,10,conservative,True,0.0543851198741
-2,-11.5,10,conservative,True,0.049004855828
-1,-11.5,10,conservative,True,0.0426826834197
0,-11.5,10,conservative,True,0.0358992805515
1,-11.5,10,conservative,True,0.029799395885
2,-11.5,10,conservative,True,0.0245462832526
3,-11.5,10,conservative,True,0.0182495908257
4,-11.5,10,conservative,True,0.0133044903071
5,-11.5,10,conservative,True,0.0080497505982
6,-11.5,10,conservative,True,0.0033810888331
7,-11.5,10,conservative,True,-0.00186367534584
8,-11.5,10,conservative,True,-0.00695110867957
9,-11.5,10,conservative,True,-0.0115841018577
10,-11.5,10,conservative,True,-0.0145835452133
11,-11.5,10,conservative,True,-0.0193557414997
12,-11.5,10,conservative,True,-0.0252213612854
13,-11.5,10,conservative,True,-0.0304987274997
14,-11.5,10,conservative,True,-0.0347234266159
15,-11.5,10,conservative,True,-0.0394461162233
16,-11.5,10,conservative,True,-0.0440223315126
17,-11.5,10,conservative,True,-0.0472518072865
18,-11.5,10,conservative,True,-0.0505823867863
19,-11.5,10,conservative,True,-0.0550777350826
20,-11.5,10,conservative,True,-0.0591945516046
21,-11.5,10,conservative,True,-0.0623249012856
22,-11.5,10,conservative,True,-0.066875067223
23,-11.5,10,conservative,True,-0.0705521480818
24,-11.5,10,conservative,True,-0.0743067914894
25,-11.5,10,conservative,True,-0.0781876334373
26,-11.5,10,conservative,True,-0.0826901914434
27,-11.5,10,conservative,True,-0.0860831942754
28,-11.5,10,conservative,True,-0.0900774961069
29,-11.5,10,conservative,True,-0.0930127295377
30,-11.5,10,conservative,True,-0.0965765988847
31,-11.5,10,conservative,True,-0.0997129091569
32,-11.5,10,conservative,True,-0.100962111946
33,-11.5,10,conservative,True,-0.104266302009
34,-11.5,10,conservative,True,-0.106262426322
35,-11.5,10,conservative,True,-0.107554881062
36,-11.5,10,conservative,True,-0.110412734785
37,-11.5,10,conservative,True,-0.111322237221
38,-11.5,10,conservative,True,-0.113427006894
39,-11.5,10,conservative,True,-0.112751689602
40,-11.5,10,conservative,True,-0.112273208932
41,-11.5,10,conservative,True,-0.109715855178
42,-11.5,10,conservative,True,-0.111043712159
43,-11.5,10,conservative,True,-0.109730517066
44,-11.5,10,conservative,True,-0.108085888014
45,-11.5,10,conservative,True,-0.105936651835
46,-11.5,10,conservative,True,-0.100893977319
47,-11.5,10,conservative,True,-0.095037937808
48,-11.5,10,conservative,True,-0.094579845762
49,-11.5,10,conservative,True,-0.0890084213653
50,-11.5,10,conservative,True,-0.0808711992469
51,-11.5,10,conservative,True,-0.071071204524
52,-11.5,10,conservative,True,-0.0646161937352
-52,-10.5,10,conservative,True,-0.152889809553
-51,-10.5,10,conservative,True,-0.15056261497
-50,-10.5,10,conservative,True,-0.145001096404
-49,-10.5,10,conservative,True,-0.138784239788
-48,-10.5,10,conservative,True,-0.133719003404
-47,-10.5,10,conservative,True,-0.127587364043
-46,-10.5,10,conservative,True,-0.12113521091
-45,-10.5,10,conservative,True,-0.114605922869
-44,-10.5,10,conservative,True,-0.107913199195
-43,-10.5,10,conservative,True,-0.0990566393194
-42,-10.5,10,conservative,True,-0.0910400652493
-41,-10.5,10,conservative,True,-0.083906258021
-40,-10.5,10,conservative,True,-0.0759831263023
-39,-10.5,10,conservative,True,-0.0668473363277
-38,-10.5,10,conservative,True,-0.0587885482071
-37,-10.5,10,conservative,True,-0.0491815659004
-36,-10.5,10,conservative,True,-0.0400564165243
-35,-10.5,10,conservative,True,-0.0296921001963
-34,-10.5,10,conservative,True,-0.0201571726659
-33,-10.5,10,conservative,True,-0.00973524731956
-32,-10.5,10,conservative,True,8.75939182692e-05
-31,-10.5,10,conservative,True,0.0103412382096
-30,-10.5,10,conservative,True,0.0209517663165
-29,-10.5,10,conservative,True,0.0318838141031
-28,-10.5,10,conservative,True,0.0421074605773
-27,-10.5,10,conservative,True,0.0517872166827
-26,-10.5,10,conservative,True,0.0614411296369
-25,-10.5,10,conservative,True,0.0704089907976
-24,-10.5,10,conservative,True,0.0788599437627
-23,-10.5,10,conservative,True,0.0859414668271
-22,-10.5,10,conservative,True,0.0910185190947
-21,-10.5,10,conservative,True,0.0962197911588
-20,-10.5,10,conservative,True,0.10035295757
-19,-10.5,10,conservative,True,0.103418472339
-18,-10.5,10,conservative,True,0.106086505969
-17,-10.5,10,conservative,True,0.106801486503
-16,-10.5,10,conservative,True,0.107024637101
-15,-10.5,10,conservative,True,0.106515271878
-14,-10.5,10,conservative,True,0.105555072469
-13,-10.5,10,conservative,True,0.103151017701
-12,-10.5,10,conservative,True,0.0992916479025
-11,-10.5,10,conservative,True,0.0949003385735
-10,-10.5,10,conservative,True,0.0898065016174
-9,-10.5,10,conservative,True,0.0851360710111
-8,-10.5,10,conservative,True,0.0786926862633
-7,-10.5,10,conservative,True,0.0728167651475
-6,-10.5,10,conservative,True,0.0674088336113
-5,-10.5,10,conservative,True,0.06210089189
-4,-10.5,10,conservative,True,0.0553015336869
-3,-10.5,10,conservative,True,0.0489649239985
-2,-10.5,10,conservative,True,0.0430829152138
-1,-10.5,10,conservative,True,0.0365779482821
0,-10.5,10,conservative,True,0.030381318666
1,-10.5,10,conservative,True,0.0238573987911
2,-10.5,10,conservative,True,0.0176710192001
3,-10.5,10,conservative,True,0.0124532110308
4,-10.5,10,conservative,True,0.00686624712357
5,-10.5,10,conservative,True,0.00113036575512
6,-10.5,10,conservative,True,-0.0043356669884
7,-10.5,10,conservative,True,-0.00878452777086
8,-10.5,10,conservative,True,-0.0142123966454
9,-10.5,10,conservative,True,-0.019121726955
10,-10.5,10,conservative,True,-0.0229154933269
11,-10.5,10,conservative,True,-0.0284963068566
12,-10.5,10,conservative,True,-0.0348809695999
13,-10.5,10,conservative,True,-0.0403937451947
14,-10.5,10,conservative,True,-0.0451772305927
15,-10.5,10,conservative,True,-0.0491813189025
16,-10.5,10,conservative,True,-0.0546731071568
17,-10.5,10,conservative,True,-0.0583364776292
18,-10.5,10,conservative,True,-0.0626983567875
19,-10.5,10,conservative,True,-0.0674872068434
20,-10.5,10,conservative,True,-0.0725864773443
21,-10.5,10,conservative,True,-0.0764305007704
22,-10.5,10,conservative,True,-0.0807615010712
23,-10.5,10,conservative,True,-0.0852576219716
24,-10.5,10,conservative,True,-0.0888312770649
25,-10.5,10,conservative,True,-0.0934757939229
26,-10.5,10,conservative,True,-0.0962220311502
27,-10.5,10,conservative,True,-0.101140310457
28,-10.5,10,conservative,True,-0.105432412445
29,-10.5,10,conservative,True,-0.107269813082
30,-10.5,10,conservative,True,-0.11080955852
31,-10.5,10,conservative,True,-0.113949290468
32,-10.5,10,conservative,True,-0.114916842893
33,-10.5,10,conservative,True,-0.11812657177
34,-10.5,10,conservative,True,-0.121255583497
35,-10.5,10,conservative,True,-0.122712143884
36,-10.5,10,conservative,True,-0.124871729953
37,-10.5,10,conservative,True,-0.126633945949
38,-10.5,10,conservative,True,-0.12937048564
39,-10.5,10,conservative,True,-0.128245736431
40,-10.5,10,conservative,True,-0.127879383162
41,-10.5,10,conservative,True,-0.127471236142
42,-10.5,10,conservative,True,-0.126286561511
43,-10.5,10,conservative,True,-0.126381102786
44,-10.5,10,conservative,True,-0.123525116801
45,-10.5,10,conservative,True,-0.120943582485
46,-10.5,10,conservative,True,-0.119478902876
47,-10.5,10,conservative,True,-0.114994694279
48,-10.5,10,conservative,True,-0.113313153524
49,-10.5,10,conservative,True,-0.109092478524
50,-10.5,10,conservative,True,-0.100315452674
51,-10.5,10,conservative,True,-0.0917148111832
52,-10.5,10,conservative,True,-0.0864186795174
-52,-9.5,10,conservative,True,-0.162076631302
-51,-9.5,10,conservative,True,-0.160897630457
-50,-9.5,10,conservative,True,-0.15647688064
-49,-9.5,10,conservative,True,-0.14941684304
-48,-9.5,10,conservative,True,-0.144532175531
-47,-9.5,10,conservative,True,-0.136276859994
-46,-9.5,10,conservative,True,-0.130623011307
-45,-9.5,10,conservative,True,-0.12394632665
-44,-9.5,10,conservative,True,-0.117258008482
-43,-9.5,10,conservative,True,-0.109833533368
-42,-9.5,10,conservative,True,-0.101619918734
-41,-9.5,10,conservative,True,-0.0948211357945
-40,-9.5,10,conservative,True,-0.0863612964893
-39,-9.5,10,conservative,True,-0.0775735477893
-38,-9.5,10,conservative,True,-0.0691564685955
-37,-9.5,10,conservative,True,-0.0598511629268
-36,-9.5,10,conservative,True,-0.0506063588765
-35,-9.5,10,conservative,True,-0.0411835617413
-34,-9.5,10,conservative,True,-0.0306423284804
-33,-9.5,10,conservative,True,-0.0200611794836
-32,-9.5,10,conservative,True,-0.0101634615303
-31,-9.5,10,conservative,True,-9.38961081343e-05
-30,-9.5,10,conservative,True,0.0106575926844
-29,-9.5,10,conservative,True,0.0219218390708
-28,-9.5,10,conservative,True,0.0322135625122
-27,-9.5,10,conservative,True,0.0423307397336
-26,-9.5,10,conservative,True,0.0516313305602
-25,-9.5,10,conservative,True,0.0611375506012
-24,-9.5,10,conservative,True,0.0704391574646
-23,-9.5,10,conservative,True,0.0779575884981
-22,-9.5,10,conservative,True,0.0842227730575
-21,-9.5,10,conservative,True,0.0899935072056
-20,-9.5,10,conservative,True,0.0941748769614
-19,-9.5,10,conservative,True,0.0981553604895
-18,-9.5,10,conservative,True,0.100712194203
-17,-9.5,10,conservative,True,0.101535329745
-16,-9.5,10,conservative,True,0.101692449758
-15,-9.5,10,conservative,True,0.101407003594
-14,-9.5,10,conservative,True,0.100138235943
-13,-9.5,10,conservative,True,0.0981615361545
-12,-9.5,10,conservative,True,0.0947880993367
-11,-9.5,10,conservative,True,0.0912128806877
-10,-9.5,10,conservative,True,0.0862035776489
-9,-9.5,10,conservative,True,0.080012486618
-8,-9.5,10,conservative,True,0.0744772179674
-7,-9.5,10,conservative,True,0.0689060751838
-6,-9.5,10,conservative,True,0.0633821698297
-5,-9.5,10,conservative,True,0.0576433527043
-4,-9.5,10,conservative,True,0.051336608419
-3,-9.5,10,conservative,True,0.044842298085
-2,-9.5,10,conservative,True,0.0385958193733
-1,-9.5,10,conservative,True,0.031606815203
0,-9.5,10,conservative,True,0.0251904045692
1,-9.5,10,conservative,True,0.0187647138386
2,-9.5,10,conservative,True,0.0122412116156
3,-9.5,10,conservative,True,0.00734916347666
4,-9.5,10,conservative,True,0.00114453720257
5,-9.5,10,conservative,True,-0.00506681198893
6,-9.5,10,conservative,True,-0.0102539219694
7,-9.5,10,conservative,True,-0.0159241322552
8,-9.5,10,conservative,True,-0.0214003975863
9,-9.5,10,conservative,True,-0.0263485626453
10,-9.5,10,conservative,True,-0.0307222860859
11,-9.5,10,conservative,True,-0.0376124337856
12,-9.5,10,conservative,True,-0.0437097634965
13,-9.5,10,conservative,True,-0.0494369078339
14,-9.5,10,conservative,True,-0.0550360883336
15,-9.5,10,conservative,True,-0.0599728615346
16,-9.5,10,conservative,True,-0.0639129702669
17,-9.5,10,conservative,True,-0.068758458658
18,-9.5,10,conservative,True,-0.0733642041277
19,-9.5,10,conservative,True,-0.0785409676374
20,-9.5,10,conservative,True,-0.08482940093
21,-9.5,10,conservative,True,-0.0888568025321
22,-9.5,10,conservative,True,-0.0931048190993
23,-9.5,10,conservative,True,-0.0972951983952
24,-9.5,10,conservative,True,-0.102228248813
25,-9.5,10,conservative,True,-0.106980509073
26,-9.5,10,conservative,True,-0.109612881138
27,-9.5,10,conservative,True,-0.114731834226
28,-9.5,10,conservative,True,-0.118011142137
29,-9.5,10,conservative,True,-0.120758044084
30,-9.5,10,conservative,True,-0.124439202155
31,-9.5,10,conservative,True,-0.126748035855
32,-9.5,10,conservative,True,-0.128830999912
33,-9.5,10,conservative,True,-0.13215734805
34,-9.5,10,conservative,True,-0.134817064094
35,-9.5,10,conservative,True,-0.138411977497
36,-9.5,10,conservative,True,-0.139761480346
37,-9.5,10,conservative,True,-0.141966172289
38,-9.5,10,conservative,True,-0.143412934139
39,-9.5,10,conservative,True,-0.143013620164
40,-9.5,10,conservative,True,-0.14204792123
41,-9.5,10,conservative,True,-0.142469176297
42,-9.5,10,conservative,True,-0.142738775359
43,-9.5,10,conservative,True,-0.140510692072
44,-9.5,10,conservative,True,-0.137407147056
45,-9.5,10,conservative,True,-0.13720534473
46,-9.5,10,conservative,True,-0.134739958384
47,-9.5,10,conservative,True,-0.132807520118
48,-9.5,10,conservative,True,-0.125883025398
49,-9.5,10,conservative,True,-0.127419975769
50,-9.5,10,conservative,True,-0.11727365179
51,-9.5,10,conservative,True,-0.108315754328
52,-9.5,10,conservative,True,-0.105283889594
-52,-8.5,10,conservative,True,-0.171923764469
-51,-8.5,10,conservative,True,-0.169781566125
-50,-8.5,10,conservative,True,-0.166822160418
-49,-8.5,10,conservative,True,-0.157096835554
-48,-8.5,10,conservative,True,-0.150974239278
-47,-8.5,10,conservative,True,-0.145271958509
-46,-8.5,10,conservative,True,-0.139792083775
-45,-8.5,10,conservative,True,-0.133324953144
-44,-8.5,10,conservative,True,-0.12594235226
-43,-8.5,10,conservative,True,-0.119825123964
-42,-8.5,10,conservative,True,-0.11189968785
-41,-8.5,10,conservative,True,-0.102941502574
-40,-8.5,10,conservative,True,-0.0957509665853
-39,-8.5,10,conservative,True,-0.0868063613159
-38,-8.5,10,conservative,True,-0.0792628197415
-37,-8.5,10,conservative,True,-0.0705003194981
-36,-8.5,10,conservative,True,-0.0603778909225
-35,-8.5,10,conservative,True,-0.0504028942237
-34,-8.5,10,conservative,True,-0.0390860945451
-33,-8.5,10,conservative,True,-0.0295386314473
-32,-8.5,10,conservative,True,-0.0189419988824
-31,-8.5,10,conservative,True,-0.00795838819451
-30,-8.5,10,conservative,True,0.00156145818519
-29,-8.5,10,conservative,True,0.0130900537176
-28,-8.5,10,conservative,True,0.0238994114714
-27,-8.5,10,conservative,True,0.0343983760793
-26,-8.5,10,conservative,True,0.0439981038195
-25,-8.5,10,conservative,True,0.0537860087188
-24,-8.5,10,conservative,True,0.0632996629157
-23,-8.5,10,conservative,True,0.0712512215939
-22,-8.5,10,conservative,True,0.0776707000347
-21,-8.5,10,conservative,True,0.0834630790445
-20,-8.5,10,conservative,True,0.0887024782322
-19,-8.5,10,conservative,True,0.0926381343478
-18,-8.5,10,conservative,True,0.0951257214716
-17,-8.5,10,conservative,True,0.097387442639
-16,-8.5,10,conservative,True,0.0975532161523
-15,-8.5,10,conservative,True,0.0970620873653
-14,-8.5,10,conservative,True,0.0961942928909
-13,-8.5,10,conservative,True,0.0941711717317
-12,-8.5,10,conservative,True,0.0913525730556
-11,-8.5,10,conservative,True,0.0875618508824
-10,-8.5,10,conservative,True,0.0823454575332
-9,-8.5,10,conservative,True,0.0764192253168
-8,-8.5,10,conservative,True,0.0706296360007
-7,-8.5,10,conservative,True,0.0649055886965
-6,-8.5,10,conservative,True,0.0593559859672
-5,-8.5,10,conservative,True,0.0536744507711
-4,-8.5,10,conservative,True,0.04648633471
-3,-8.5,10,conservative,True,0.0401316672938
-2,-8.5,10,conservative,True,0.0344363543422
-1,-8.5,10,conservative,True,0.0287446347513
0,-8.5,10,conservative,True,0.0218335704653
1,-8.5,10,conservative,True,0.013755947019
2,-8.5,10,conservative,True,0.00761631362199
3,-8.5,10,conservative,True,0.000969675327576
4,-8.5,10,conservative,True,-0.00568150096368
5,-8.5,10,conservative,True,-0.0103938103743
6,-8.5,10,conservative,True,-0.0165794660577
7,-8.5,10,conservative,True,-0.022196001522
8,-8.5,10,conservative,True,-0.0285594583485
9,-8.5,10,conservative,True,-0.033925242832
10,-8.5,10,conservative,True,-0.0397126257714
11,-8.5,10,conservative,True,-0.0459276653986
12,-8.5,10,conservative,True,-0.0521103032997
13,-8.5,10,conservative,True,-0.0575515846988
14,-8.5,10,conservative,True,-0.0627921813465
15,-8.5,10,conservative,True,-0.0681882352482
16,-8.5,10,conservative,True,-0.0738055162115
17,-8.5,10,conservative,True,-0.0787983713557
18,-8.5,10,conservative,True,-0.0839671859168
19,-8.5,10,conservative,True,-0.0897934302565
20,-8.5,10,conservative,True,-0.0957241937881
21,-8.5,10,conservative,True,-0.100861182962
22,-8.5,10,conservative,True,-0.104937045807
23,-8.5,10,conservative,True,-0.110310072649
24,-8.5,10,conservative,True,-0.114324755575
25,-8.5,10,conservative,True,-0.118574649169
26,-8.5,10,conservative,True,-0.122406646138
27,-8.5,10,conservative,True,-0.127538653866
28,-8.5,10,conservative,True,-0.130505411193
29,-8.5,10,conservative,True,-0.133468672915
30,-8.5,10,conservative,True,-0.136065298317
31,-8.5,10,conservative,True,-0.139625298162
32,-8.5,10,conservative,True,-0.142122033161
33,-8.5,10,conservative,True,-0.145226903301
34,-8.5,10,conservative,True,-0.147460532859
35,-8.5,10,conservative,True,-0.150247084924
36,-8.5,10,conservative,True,-0.152159220925
37,-8.5,10,conservative,True,-0.153907562135
38,-8.5,10,conservative,True,-0.156154420259
39,-8.5,10,conservative,True,-0.156514405014
40,-8.5,10,conservative,True,-0.156734222713
41,-8.5,10,conservative,True,-0.156491298955
42,-8.5,10,conservative,True,-0.155712280831
43,-8.5,10,conservative,True,-0.152683316069
44,-8.5,10,conservative,True,-0.151669283202
45,-8.5,10,conservative,True,-0.150848740218
46,-8.5,10,conservative,True,-0.151927609083
47,-8.5,10,conservative,True,-0.147166444318
48,-8.5,10,conservative,True,-0.144071616576
49,-8.5,10,conservative,True,-0.140872042211
50,-8.5,10,conservative,True,-0.132327250387
51,-8.5,10,conservative,True,-0.125759154276
52,-8.5,10,conservative,True,-0.120273698128
-52,-7.5,10,conservative,True,-0.181160906092
-51,-7.5,10,conservative,True,-0.177110973529
-50,-7.5,10,conservative,True,-0.170833417391
-49,-7.5,10,conservative,True,-0.164947831283
-48,-7.5,10,conservative,True,-0.159770990491
-47,-7.5,10,conservative,True,-0.153781097855
-46,-7.5,10,conservative,True,-0.14717198421
-45,-7.5,10,conservative,True,-0.139855712801
-44,-7.5,10,conservative,True,-0.134837811854
-43,-7.5,10,conservative,True,-0.128053576249
-42,-7.5,10,conservative,True,-0.119964594447
-41,-7.5,10,conservative,True,-0.112378992912
-40,-7.5,10,conservative,True,-0.104557088608
-39,-7.5,10,conservative,True,-0.0961225582175
-38,-7.5,10,conservative,True,-0.0868558600788
-37,-7.5,10,conservative,True,-0.0771712711342
-36,-7.5,10,conservative,True,-0.0673842227842
-35,-7.5,10,conservative,True,-0.0586140176099
-34,-7.5,10,conservative,True,-0.047484621168
-33,-7.5,10,conservative,True,-0.0381744471282
-32,-7.5,10,conservative,True,-0.027169949104
-31,-7.5,10,conservative,True,-0.016866738835
-30,-7.5,10,conservative,True,-0.00513513981614
-29,-7.5,10,conservative,True,0.00516272457887
-28,-7.5,10,conservative,True,0.0160270578092
-27,-7.5,10,conservative,True,0.0280362925116
-26,-7.5,10,conservative,True,0.0385248761924
-25,-7.5,10,conservative,True,0.0478725658589
-24,-7.5,10,conservative,True,0.0575808641095
-23,-7.5,10,conservative,True,0.0656705473917
-22,-7.5,10,conservative,True,0.0718468506416
-21,-7.5,10,conservative,True,0.077805993832
-20,-7.5,10,conservative,True,0.0839387752393
-19,-7.5,10,conservative,True,0.0867411243111
-18,-7.5,10,conservative,True,0.0900380350666
-17,-7.5,10,conservative,True,0.092354296384
-16,-7.5,10,conservative,True,0.0938372991709
-15,-7.5,10,conservative,True,0.0944766843536
-14,-7.5,10,conservative,True,0.0931857556585
-13,-7.5,10,conservative,True,0.0912769539651
-12,-7.5,10,conservative,True,0.0883318098651
-11,-7.5,10,conservative,True,0.0830053991046
-10,-7.5,10,conservative,True,0.0794520655569
-9,-7.5,10,conservative,True,0.0734157185734
-8,-7.5,10,conservative,True,0.0672992191331
-7,-7.5,10,conservative,True,0.0605212576132
-6,-7.5,10,conservative,True,0.0553020087862
-5,-7.5,10,conservative,True,0.0497054239163
-4,-7.5,10,conservative,True,0.0433337042283
-3,-7.5,10,conservative,True,0.0373764436336
-2,-7.5,10,conservative,True,0.0311020379992
-1,-7.5,10,conservative,True,0.0262697908328
0,-7.5,10,conservative,True,0.0180465866568
1,-7.5,10,conservative,True,0.0104546952969
2,-7.5,10,conservative,True,0.00326263993455
3,-7.5,10,conservative,True,-0.00476173429085
4,-7.5,10,conservative,True,-0.0120500687116
5,-7.5,10,conservative,True,-0.017117819043
6,-7.5,10,conservative,True,-0.0228923799202
7,-7.5,10,conservative,True,-0.0288876741409
8,-7.5,10,conservative,True,-0.0351395028044
9,-7.5,10,conservative,True,-0.0424336916766
10,-7.5,10,conservative,True,-0.0481335792521
11,-7.5,10,conservative,True,-0.0533252748923
12,-7.5,10,conservative,True,-0.0586976078727
13,-7.5,10,conservative,True,-0.065536792544
14,-7.5,10,conservative,True,-0.070949731635
15,-7.5,10,conservative,True,-0.0756508175149
16,-7.5,10,conservative,True,-0.0816227536265
17,-7.5,10,conservative,True,-0.0876921099215
18,-7.5,10,conservative,True,-0.0933518595689
19,-7.5,10,conservative,True,-0.0990149637769
20,-7.5,10,conservative,True,-0.105404728507
21,-7.5,10,conservative,True,-0.111625765946
22,-7.5,10,conservative,True,-0.116775722785
23,-7.5,10,conservative,True,-0.120903186203
24,-7.5,10,conservative,True,-0.126020797659
25,-7.5,10,conservative,True,-0.12951625307
26,-7.5,10,conservative,True,-0.134437317141
27,-7.5,10,conservative,True,-0.13791616166
28,-7.5,10,conservative,True,-0.141467429462
29,-7.5,10,conservative,True,-0.144095040155
30,-7.5,10,conservative,True,-0.148497460283
31,-7.5,10,conservative,True,-0.151359044304
32,-7.5,10,conservative,True,-0.153804184157
33,-7.5,10,conservative,True,-0.156482269537
34,-7.5,10,conservative,True,-0.159593494425
35,-7.5,10,conservative,True,-0.162583700845
36,-7.5,10,conservative,True,-0.162230444749
37,-7.5,10,conservative,True,-0.16514549517
38,-7.5,10,conservative,True,-0.165960985239
39,-7.5,10,conservative,True,-0.168497804522
40,-7.5,10,conservative,True,-0.169337072567
41,-7.5,10,conservative,True,-0.168765208185
42,-7.5,10,conservative,True,-0.167226657684
43,-7.5,10,conservative,True,-0.166009698382
44,-7.5,10,conservative,True,-0.164079842648
45,-7.5,10,conservative,True,-0.164199435088
46,-7.5,10,conservative,True,-0.162055912429
47,-7.5,10,conservative,True,-0.161233107084
48,-7.5,10,conservative,True,-0.1559271639
49,-7.5,10,conservative,True,-0.151211614131
50,-7.5,10,conservative,True,-0.14455686984
51,-7.5,10,conservative,True,-0.140857455686
52,-7.5,10,conservative,True,-0.135318660838
-52,-6.5,10,conservative,True,-0.184579067638
-51,-6.5,10,conservative,True,-0.181940761354
-50,-6.5,10,conservative,True,-0.175695296912
-49,-6.5,10,conservative,True,-0.170831062871
-48,-6.5,10,conservative,True,-0.165903446845
-47,-6.5,10,conservative,True,-0.159897920944
-46,-6.5,10,conservative,True,-0.153054880936
-45,-6.5,10,conservative,True,-0.147583968581
-44,-6.5,10,conservative,True,-0.14136157935
-43,-6.5,10,conservative,True,-0.13510531717
-42,-6.5,10,conservative,True,-0.126845270296
-41,-6.5,10,conservative,True,-0.119649764356
-40,-6.5,10,conservative,True,-0.1114821234
-39,-6.5,10,conservative,True,-0.103071544854
-38,-6.5,10,conservative,True,-0.0940040577749
-37,-6.5,10,conservative,True,-0.0844860022915
-36,-6.5,10,conservative,True,-0.075537748661
-35,-6.5,10,conservative,True,-0.0652750804006
-34,-6.5,10,conservative,True,-0.0555152234736
-33,-6.5,10,conservative,True,-0.0452974391461
-32,-6.5,10,conservative,True,-0.0355675959011
-31,-6.5,10,conservative,True,-0.0237582314541
-30,-6.5,10,conservative,True,-0.0111353277816
-29,-6.5,10,conservative,True,-0.00109167700442
-28,-6.5,10,conservative,True,0.00918305296129
-27,-6.5,10,conservative,True,0.0208056158311
-26,-6.5,10,conservative,True,0.0322228232994
-25,-6.5,10,conservative,True,0.0424720778052
-24,-6.5,10,conservative,True,0.0518600233515
-23,-6.5,10,conservative,True,0.0606189498001
-22,-6.5,10,conservative,True,0.067670317366
-21,-6.5,10,conservative,True,0.0735878722484
-20,-6.5,10,conservative,True,0.0782024307454
-19,-6.5,10,conservative,True,0.0828124911683
-18,-6.5,10,conservative,True,0.0858154185193
-17,-6.5,10,conservative,True,0.0882414629471
-16,-6.5,10,conservative,True,0.0910695720042
-15,-6.5,10,conservative,True,0.0912338147269
-14,-6.5,10,conservative,True,0.0901447602641
-13,-6.5,10,conservative,True,0.0876974204824
-12,-6.5,10,conservative,True,0.0847826779944
-11,-6.5,10,conservative,True,0.0809480821449
-10,-6.5,10,conservative,True,0.0771328749555
-9,-6.5,10,conservative,True,0.0713907410532
-8,-6.5,10,conservative,True,0.0642834484869
-7,-6.5,10,conservative,True,0.0581852873089
-6,-6.5,10,conservative,True,0.0523265448098
-5,-6.5,10,conservative,True,0.0465235956579
-4,-6.5,10,conservative,True,0.0401680373144
-3,-6.5,10,conservative,True,0.034002959707
-2,-6.5,10,conservative,True,0.0280527629658
-1,-6.5,10,conservative,True,0.0215118788934
0,-6.5,10,conservative,True,0.0139475582815
1,-6.5,10,conservative,True,0.00531744350756
2,-6.5,10,conservative,True,-0.00123891310346
3,-6.5,10,conservative,True,-0.00908273170137
4,-6.5,10,conservative,True,-0.0158658241319
5,-6.5,10,conservative,True,-0.0223438867433
6,-6.5,10,conservative,True,-0.0280264247604
7,-6.5,10,conservative,True,-0.0336654699734
8,-6.5,10,conservative,True,-0.0407241081038
9,-6.5,10,conservative,True,-0.0475406136331
10,-6.5,10,conservative,True,-0.0540808874218
11,-6.5,10,conservative,True,-0.0593879467242
12,-6.5,10,conservative,True,-0.065412528337
13,-6.5,10,conservative,True,-0.072196311895
14,-6.5,10,conservative,True,-0.0785915939693
15,-6.5,10,conservative,True,-0.0841528560984
16,-6.5,10,conservative,True,-0.09008527509
17,-6.5,10,conservative,True,-0.0962160208586
18,-6.5,10,conservative,True,-0.101443041525
19,-6.5,10,conservative,True,-0.107640446127
20,-6.5,10,conservative,True,-0.114411038454
21,-6.5,10,conservative,True,-0.121018555752
22,-6.5,10,conservative,True,-0.125585407713
23,-6.5,10,conservative,True,-0.130901476509
24,-6.5,10,conservative,True,-0.135324727379
25,-6.5,10,conservative,True,-0.139865242
26,-6.5,10,conservative,True,-0.144027999045
27,-6.5,10,conservative,True,-0.147658953491
28,-6.5,10,conservative,True,-0.151472937407
29,-6.5,10,conservative,True,-0.155309858865
30,-6.5,10,conservative,True,-0.158002249462
31,-6.5,10,conservative,True,-0.160974348736
32,-6.5,10,conservative,True,-0.164669103981
33,-6.5,10,conservative,True,-0.167879722633
34,-6.5,10,conservative,True,-0.170527587548
35,-6.5,10,conservative,True,-0.172428256498
36,-6.5,10,conservative,True,-0.173955764206
37,-6.5,10,conservative,True,-0.175414818885
38,-6.5,10,conservative,True,-0.177725943511
39,-6.5,10,conservative,True,-0.17908750668
40,-6.5,10,conservative,True,-0.178299921711
41,-6.5,10,conservative,True,-0.177821068644
42,-6.5,10,conservative,True,-0.176253385162
43,-6.5,10,conservative,True,-0.177003620753
44,-6.5,10,conservative,True,-0.177464784759
45,-6.5,10,conservative,True,-0.173749521946
46,-6.5,10,conservative,True,-0.17265384014
47,-6.5,10,conservative,True,-0.172426972175
48,-6.5,10,conservative,True,-0.16783886884
49,-6.5,10,conservative,True,-0.162907540347
50,-6.5,10,conservative,True,-0.15748078315
51,-6.5,10,conservative,True,-0.154591924708
52,-6.5,10,conservative,True,-0.150977262848
-52,-5.5,10,conservative,True,-0.187692765423
-51,-5.5,10,conservative,True,-0.185386086784
-50,-5.5,10,conservative,True,-0.181774536362
-49,-5.5,10,conservative,True,-0.176541458492
-48,-5.5,10,conservative,True,-0.170931661352
-47,-5.5,10,conservative,True,-0.164218572113
-46,-5.5,10,conservative,True,-0.158690096163
-45,-5.5,10,conservative,True,-0.153737784279
-44,-5.5,10,conservative,True,-0.147722637352
-43,-5.5,10,conservative,True,-0.140033627362
-42,-5.5,10,conservative,True,-0.132621801353
-41,-5.5,10,conservative,True,-0.12517288333
-40,-5.5,10,conservative,True,-0.117411885825
-39,-5.5,10,conservative,True,-0.10913025474
-38,-5.5,10,conservative,True,-0.0998059921898
-37,-5.5,10,conservative,True,-0.0907834775904
-36,-5.5,10,conservative,True,-0.0814231411359
-35,-5.5,10,conservative,True,-0.0720890556759
-34,-5.5,10,conservative,True,-0.0614929605476
-33,-5.5,10,conservative,True,-0.0516715097672
-32,-5.5,10,conservative,True,-0.0409314619238
-31,-5.5,10,conservative,True,-0.0294947061052
-30,-5.5,10,conservative,True,-0.0179173507987
-29,-5.5,10,conservative,True,-0.00685349196975
-28,-5.5,10,conservative,True,0.00438356281316
-27,-5.5,10,conservative,True,0.0155251916293
-26,-5.5,10,conservative,True,0.0271904871474
-25,-5.5,10,conservative,True,0.0371707972489
-24,-5.5,10,conservative,True,0.0468022153234
-23,-5.5,10,conservative,True,0.0563604650026
-22,-5.5,10,conservative,True,0.0631543558218
-21,-5.5,10,conservative,True,0.0684975408272
-20,-5.5,10,conservative,True,0.0743159572354
-19,-5.5,10,conservative,True,0.0802539247712
-18,-5.5,10,conservative,True,0.0833939552426
-17,-5.5,10,conservative,True,0.0860474675363
-16,-5.5,10,conservative,True,0.0875709407086
-15,-5.5,10,conservative,True,0.0885162554094
-14,-5.5,10,conservative,True,0.0872780203272
-13,-5.5,10,conservative,True,0.0853108965773
-12,-5.5,10,conservative,True,0.0820672869076
-11,-5.5,10,conservative,True,0.0788900681165
-10,-5.5,10,conservative,True,0.0742392348181
-9,-5.5,10,conservative,True,0.0692685592261
-8,-5.5,10,conservative,True,0.0622678024236
-7,-5.5,10,conservative,True,0.0556293044395
-6,-5.5,10,conservative,True,0.0503882663921
-5,-5.5,10,conservative,True,0.0447777675952
-4,-5.5,10,conservative,True,0.0382498651968
-3,-5.5,10,conservative,True,0.031719711404
-2,-5.5,10,conservative,True,0.0245743024767
-1,-5.5,10,conservative,True,0.0178849119811
0,-5.5,10,conservative,True,0.0111904181298
1,-5.5,10,conservative,True,0.00264472327357
2,-5.5,10,conservative,True,-0.00462912099656
3,-5.5,10,conservative,True,-0.0122463344888
4,-5.5,10,conservative,True,-0.0197725479599
5,-5.5,10,conservative,True,-0.0259401715565
6,-5.5,10,conservative,True,-0.0330722668511
7,-5.5,10,conservative,True,-0.0393182962008
8,-5.5,10,conservative,True,-0.0450708105165
9,-5.5,10,conservative,True,-0.0529397125249
10,-5.5,10,conservative,True,-0.0599422166701
11,-5.5,10,conservative,True,-0.0655629299718
12,-5.5,10,conservative,True,-0.0720337356689
13,-5.5,10,conservative,True,-0.0781388989045
14,-5.5,10,conservative,True,-0.0850063575543
15,-5.5,10,conservative,True,-0.0913653463243
16,-5.5,10,conservative,True,-0.0976518392202
17,-5.5,10,conservative,True,-0.103707775428
18,-5.5,10,conservative,True,-0.10889790067
19,-5.5,10,conservative,True,-0.115689992644
20,-5.5,10,conservative,True,-0.12214762165
21,-5.5,10,conservative,True,-0.127573803634
22,-5.5,10,conservative,True,-0.134129183661
23,-5.5,10,conservative,True,-0.138126553815
24,-5.5,10,conservative,True,-0.143138833483
25,-5.5,10,conservative,True,-0.147866652347
26,-5.5,10,conservative,True,-0.153079018589
27,-5.5,10,conservative,True,-0.157160843403
28,-5.5,10,conservative,True,-0.160064235404
29,-5.5,10,conservative,True,-0.164180231107
30,-5.5,10,conservative,True,-0.166732557446
31,-5.5,10,conservative,True,-0.169234826958
32,-5.5,10,conservative,True,-0.173798046835
33,-5.5,10,conservative,True,-0.176687482958
34,-5.5,10,conservative,True,-0.179021972145
35,-5.5,10,conservative,True,-0.181009419234
36,-5.5,10,conservative,True,-0.183198371767
37,-5.5,10,conservative,True,-0.184516496729
38,-5.5,10,conservative,True,-0.186176656459
39,-5.5,10,conservative,True,-0.187944753886
40,-5.5,10,conservative,True,-0.187165974765
41,-5.5,10,conservative,True,-0.187037593988
42,-5.5,10,conservative,True,-0.187059776756
43,-5.5,10,conservative,True,-0.18665101494
44,-5.5,10,conservative,True,-0.185412230401
45,-5.5,10,conservative,True,-0.185675771574
46,-5.5,10,conservative,True,-0.184971577304
47,-5.5,10,conservative,True,-0.181400793067
48,-5.5,10,conservative,True,-0.175381273713
49,-5.5,10,conservative,True,-0.173201028952
50,-5.5,10,conservative,True,-0.169387092996
51,-5.5,10,conservative,True,-0.166793277876
52,-5.5,10,conservative,True,-0.163393876049
-52,-4.5,10,conservative,True,-0.191235056741
-51,-4.5,10,conservative,True,-0.188597540983
-50,-4.5,10,conservative,True,-0.184671427301
-49,-4.5,10,conservative,True,-0.180887023949
-48,-4.5,10,conservative,True,-0.175733484665
-47,-4.5,10,conservative,True,-0.168568631931
-46,-4.5,10,conservative,True,-0.16202792377
-45,-4.5,10,conservative,True,-0.157270673029
-44,-4.5,10,conservative,True,-0.151505715738
-43,-4.5,10,conservative,True,-0.143758853092
-42,-4.5,10,conservative,True,-0.137176020987
-41,-4.5,10,conservative,True,-0.129805171609
-40,-4.5,10,conservative,True,-0.121223954428
-39,-4.5,10,conservative,True,-0.113624798547
-38,-4.5,10,conservative,True,-0.10489704679
-37,-4.5,10,conservative,True,-0.0959333925184
-36,-4.5,10,conservative,True,-0.0862943015021
-35,-4.5,10,conservative,True,-0.0766684131895
-34,-4.5,10,conservative,True,-0.066617475411
-33,-4.5,10,conservative,True,-0.0572281513824
-32,-4.5,10,conservative,True,-0.0463415356564
-31,-4.5,10,conservative,True,-0.0340706003245
-30,-4.5,10,conservative,True,-0.0221474444973
-29,-4.5,10,conservative,True,-0.0117134443149
-28,-4.5,10,conservative,True,0.000626815090044
-27,-4.5,10,conservative,True,0.0119948140788
-26,-4.5,10,conservative,True,0.0225287367996
-25,-4.5,10,conservative,True,0.0328843839207
-24,-4.5,10,conservative,True,0.0430371171729
-23,-4.5,10,conservative,True,0.0524437718818
-22,-4.5,10,conservative,True,0.0599340165157
-21,-4.5,10,conservative,True,0.0658408609054
-20,-4.5,10,conservative,True,0.0713417843947
-19,-4.5,10,conservative,True,0.0772164257664
-18,-4.5,10,conservative,True,0.0810496384858
-17,-4.5,10,conservative,True,0.0839865992706
-16,-4.5,10,conservative,True,0.0861084470085
-15,-4.5,10,conservative,True,0.0866732824461
-14,-4.5,10,conservative,True,0.0854703697218
-13,-4.5,10,conservative,True,0.0832335826429
-12,-4.5,10,conservative,True,0.07998643865
-11,-4.5,10,conservative,True,0.0763197473142
-10,-4.5,10,conservative,True,0.072049794488
-9,-4.5,10,conservative,True,0.0659232252489
-8,-4.5,10,conservative,True,0.0607703943863
-7,-4.5,10,conservative,True,0.0541113343433
-6,-4.5,10,conservative,True,0.0486049850495
-5,-4.5,10,conservative,True,0.0435228660174
-4,-4.5,10,conservative,True,0.0357567879538
-3,-4.5,10,conservative,True,0.028582651494
-2,-4.5,10,conservative,True,0.0216694369101
-1,-4.5,10,conservative,True,0.0147430831823
0,-4.5,10,conservative,True,0.00787682390346
1,-4.5,10,conservative,True,4.05500364012e-05
2,-4.5,10,conservative,True,-0.007218094597
3,-4.5,10,conservative,True,-0.0149581277584
4,-4.5,10,conservative,True,-0.0219733733404
5,-4.5,10,conservative,True,-0.0286326647419
6,-4.5,10,conservative,True,-0.0368392380401
7,-4.5,10,conservative,True,-0.0436306426705
8,-4.5,10,conservative,True,-0.0506561305345
9,-4.5,10,conservative,True,-0.0567445735774
10,-4.5,10,conservative,True,-0.0645405379188
11,-4.5,10,conservative,True,-0.0709830598351
12,-4.5,10,conservative,True,-0.0773052798481
13,-4.5,10,conservative,True,-0.0837932373364
14,-4.5,10,conservative,True,-0.0911604769982
15,-4.5,10,conservative,True,-0.09711565623
16,-4.5,10,conservative,True,-0.103900311829
17,-4.5,10,conservative,True,-0.109506251215
18,-4.5,10,conservative,True,-0.115166411594
19,-4.5,10,conservative,True,-0.121781076443
20,-4.5,10,conservative,True,-0.127536289187
21,-4.5,10,conservative,True,-0.133691856229
22,-4.5,10,conservative,True,-0.140320962554
23,-4.5,10,conservative,True,-0.145653696089
24,-4.5,10,conservative,True,-0.149790684019
25,-4.5,10,conservative,True,-0.155053426925
26,-4.5,10,conservative,True,-0.161299386884
27,-4.5,10,conservative,True,-0.165150478152
28,-4.5,10,conservative,True,-0.168182315396
29,-4.5,10,conservative,True,-0.17158330098
30,-4.5,10,conservative,True,-0.17390614451
31,-4.5,10,conservative,True,-0.176700817888
32,-4.5,10,conservative,True,-0.180551180999
33,-4.5,10,conservative,True,-0.183344218929
34,-4.5,10,conservative,True,-0.185376093005
35,-4.5,10,conservative,True,-0.188180208885
36,-4.5,10,conservative,True,-0.190571582857
37,-4.5,10,conservative,True,-0.193223313218
38,-4.5,10,conservative,True,-0.194765988546
39,-4.5,10,conservative,True,-0.193817067146
40,-4.5,10,conservative,True,-0.193884649054
41,-4.5,10,conservative,True,-0.194439615068
42,-4.5,10,conservative,True,-0.192555209545
43,-4.5,10,conservative,True,-0.192583575074
44,-4.5,10,conservative,True,-0.191426602236
45,-4.5,10,conservative,True,-0.193238080515
46,-4.5,10,conservative,True,-0.191244925385
47,-4.5,10,conservative,True,-0.190929660656
48,-4.5,10,conservative,True,-0.184706174043
49,-4.5,10,conservative,True,-0.181462905705
50,-4.5,10,conservative,True,-0.179235590513
51,-4.5,10,conservative,True,-0.175550963826
52,-4.5,10,conservative,True,-0.175106631253
-52,-3.5,10,conservative,True,-0.192808570531
-51,-3.5,10,conservative,True,-0.191391226486
-50,-3.5,10,conservative,True,-0.187823607947
-49,-3.5,10,conservative,True,-0.183742355765
-48,-3.5,10,conservative,True,-0.177851225677
-47,-3.5,10,conservative,True,-0.171190397691
-46,-3.5,10,conservative,True,-0.165017527193
-45,-3.5,10,conservative,True,-0.159514877561
-44,-3.5,10,conservative,True,-0.153986818383
-43,-3.5,10,conservative,True,-0.146938646137
-42,-3.5,10,conservative,True,-0.140529428083
-41,-3.5,10,conservative,True,-0.133516438934
-40,-3.5,10,conservative,True,-0.125589043321
-39,-3.5,10,conservative,True,-0.117585179102
-38,-3.5,10,conservative,True,-0.108969972725
-37,-3.5,10,conservative,True,-0.0988437895314
-36,-3.5,10,conservative,True,-0.0902257120499
-35,-3.5,10,conservative,True,-0.0809338949707
-34,-3.5,10,conservative,True,-0.0705152912688
-33,-3.5,10,conservative,True,-0.060097592561
-32,-3.5,10,conservative,True,-0.04991232574
-31,-3.5,10,conservative,True,-0.0378836677912
-30,-3.5,10,conservative,True,-0.0262819509265
-29,-3.5,10,conservative,True,-0.0148478298506
-28,-3.5,10,conservative,True,-0.00338602268432
-27,-3.5,10,conservative,True,0.00836365230091
-26,-3.5,10,conservative,True,0.0193527467886
-25,-3.5,10,conservative,True,0.0292514504102
-24,-3.5,10,conservative,True,0.0402061429104
-23,-3.5,10,conservative,True,0.0494464842269
-22,-3.5,10,conservative,True,0.0580353302424
-21,-3.5,10,conservative,True,0.0638198723052
-20,-3.5,10,conservative,True,0.068963534384
-19,-3.5,10,conservative,True,0.0742157831139
-18,-3.5,10,conservative,True,0.0795266204779
-17,-3.5,10,conservative,True,0.0822837520124
-16,-3.5,10,conservative,True,0.0846630149194
-15,-3.5,10,conservative,True,0.0843375586387
-14,-3.5,10,conservative,True,0.0838332086431
-13,-3.5,10,conservative,True,0.0826544413909
-12,-3.5,10,conservative,True,0.07878777283
-11,-3.5,10,conservative,True,0.0743534686357
-10,-3.5,10,conservative,True,0.0699005648353
-9,-3.5,10,conservative,True,0.0651364886166
-8,-3.5,10,conservative,True,0.0583162360816
-7,-3.5,10,conservative,True,0.0524665599802
-6,-3.5,10,conservative,True,0.0469169929716
-5,-3.5,10,conservative,True,0.0411781997634
-4,-3.5,10,conservative,True,0.03409809751
-3,-3.5,10,conservative,True,0.0261720492635
-2,-3.5,10,conservative,True,0.0188197112936
-1,-3.5,10,conservative,True,0.0125305686922
0,-3.5,10,conservative,True,0.004883812325
1,-3.5,10,conservative,True,-0.00220942903985
2,-3.5,10,conservative,True,-0.00979573696743
3,-3.5,10,conservative,True,-0.0184251855009
4,-3.5,10,conservative,True,-0.0246832814927
5,-3.5,10,conservative,True,-0.0322141719474
6,-3.5,10,conservative,True,-0.0397023534399
7,-3.5,10,conservative,True,-0.0469702679283
8,-3.5,10,conservative,True,-0.0544655542205
9,-3.5,10,conservative,True,-0.0617689287578
10,-3.5,10,conservative,True,-0.0686510557568
11,-3.5,10,conservative,True,-0.0763698410438
12,-3.5,10,conservative,True,-0.0824890296148
13,-3.5,10,conservative,True,-0.088108552979
14,-3.5,10,conservative,True,-0.0958073184228
15,-3.5,10,conservative,True,-0.102421279243
16,-3.5,10,conservative,True,-0.108823530387
17,-3.5,10,conservative,True,-0.114720477569
18,-3.5,10,conservative,True,-0.121347604121
19,-3.5,10,conservative,True,-0.127891916437
20,-3.5,10,conservative,True,-0.13351380113
21,-3.5,10,conservative,True,-0.140090646606
22,-3.5,10,conservative,True,-0.14627657519
23,-3.5,10,conservative,True,-0.150981151775
24,-3.5,10,conservative,True,-0.156183456502
25,-3.5,10,conservative,True,-0.161485632039
26,-3.5,10,conservative,True,-0.166072387685
27,-3.5,10,conservative,True,-0.170780846226
28,-3.5,10,conservative,True,-0.174264931466
29,-3.5,10,conservative,True,-0.178002922103
30,-3.5,10,conservative,True,-0.181045133156
31,-3.5,10,conservative,True,-0.184235948762
32,-3.5,10,conservative,True,-0.186599173218
33,-3.5,10,conservative,True,-0.189604596031
34,-3.5,10,conservative,True,-0.192624957726
35,-3.5,10,conservative,True,-0.19464684687
36,-3.5,10,conservative,True,-0.197049500479
37,-3.5,10,conservative,True,-0.199460934193
38,-3.5,10,conservative,True,-0.200469371462
39,-3.5,10,conservative,True,-0.199943485973
40,-3.5,10,conservative,True,-0.199953325736
41,-3.5,10,conservative,True,-0.200155055492
42,-3.5,10,conservative,True,-0.199854156212
43,-3.5,10,conservative,True,-0.197604521715
44,-3.5,10,conservative,True,-0.198245257463
45,-3.5,10,conservative,True,-0.197244471961
46,-3.5,10,conservative,True,-0.197633256221
47,-3.5,10,conservative,True,-0.195774842484
48,-3.5,10,conservative,True,-0.193415212376
49,-3.5,10,conservative,True,-0.188791896481
50,-3.5,10,conservative,True,-0.189690744865
51,-3.5,10,conservative,True,-0.183855498903
52,-3.5,10,conservative,True,-0.181647057747
-52,-2.5,10,conservative,True,-0.19510573078
-51,-2.5,10,conservative,True,-0.191397562772
-50,-2.5,10,conservative,True,-0.18884312916
-49,-2.5,10,conservative,True,-0.184802525657
-48,-2.5,10,conservative,True,-0.179324826308
-47,-2.5,10,conservative,True,-0.173617587593
-46,-2.5,10,conservative,True,-0.166992707879
-45,-2.5,10,conservative,True,-0.161780199536
-44,-2.5,10,conservative,True,-0.154677388572
-43,-2.5,10,conservative,True,-0.148262821521
-42,-2.5,10,conservative,True,-0.142863025075
-41,-2.5,10,conservative,True,-0.136565335718
-40,-2.5,10,conservative,True,-0.128798763368
-39,-2.5,10,conservative,True,-0.119688961484
-38,-2.5,10,conservative,True,-0.111374594774
-37,-2.5,10,conservative,True,-0.101795937627
-36,-2.5,10,conservative,True,-0.0922114601594
-35,-2.5,10,conservative,True,-0.0829575997908
-34,-2.5,10,conservative,True,-0.0730808945606
-33,-2.5,10,conservative,True,-0.0629836906785
-32,-2.5,10,conservative,True,-0.0518447338745
-31,-2.5,10,conservative,True,-0.0412361093421
-30,-2.5,10,conservative,True,-0.0291174515013
-29,-2.5,10,conservative,True,-0.0174666963902
-28,-2.5,10,conservative,True,-0.00650844937519
-27,-2.5,10,conservative,True,0.00563284757411
-26,-2.5,10,conservative,True,0.016414209319
-25,-2.5,10,conservative,True,0.0272096209033
-24,-2.5,10,conservative,True,0.0368603386771
-23,-2.5,10,conservative,True,0.047448977399
-22,-2.5,10,conservative,True,0.0552887133663
-21,-2.5,10,conservative,True,0.0621061328588
-20,-2.5,10,conservative,True,0.067691871419
-19,-2.5,10,conservative,True,0.0725827981453
-18,-2.5,10,conservative,True,0.0788197339306
-17,-2.5,10,conservative,True,0.081491709114
-16,-2.5,10,conservative,True,0.0839625206789
-15,-2.5,10,conservative,True,0.0836800975688
-14,-2.5,10,conservative,True,0.0833705748691
-13,-2.5,10,conservative,True,0.0821059861688
-12,-2.5,10,conservative,True,0.0784041588787
-11,-2.5,10,conservative,True,0.0739054382826
-10,-2.5,10,conservative,True,0.0686447574325
-9,-2.5,10,conservative,True,0.0635757106523
-8,-2.5,10,conservative,True,0.0585071616368
-7,-2.5,10,conservative,True,0.0514011099045
-6,-2.5,10,conservative,True,0.045483729883
-5,-2.5,10,conservative,True,0.0390956336626
-4,-2.5,10,conservative,True,0.0320325702828
-3,-2.5,10,conservative,True,0.024584655258
-2,-2.5,10,conservative,True,0.0175466549754
-1,-2.5,10,conservative,True,0.0104901344475
0,-2.5,10,conservative,True,0.00289746677762
1,-2.5,10,conservative,True,-0.00449312423151
2,-2.5,10,conservative,True,-0.0125690693393
3,-2.5,10,conservative,True,-0.020946051559
4,-2.5,10,conservative,True,-0.027421501974
5,-2.5,10,conservative,True,-0.0348308047669
6,-2.5,10,conservative,True,-0.0423690481134
7,-2.5,10,conservative,True,-0.0498622054617
8,-2.5,10,conservative,True,-0.0571289366435
9,-2.5,10,conservative,True,-0.0654689529784
10,-2.5,10,conservative,True,-0.0724442482668
11,-2.5,10,conservative,True,-0.0795605352997
12,-2.5,10,conservative,True,-0.0858899509758
13,-2.5,10,conservative,True,-0.0927547266481
14,-2.5,10,conservative,True,-0.0985468638448
15,-2.5,10,conservative,True,-0.107015247443
16,-2.5,10,conservative,True,-0.112592076485
17,-2.5,10,conservative,True,-0.119783144378
18,-2.5,10,conservative,True,-0.126091559491
19,-2.5,10,conservative,True,-0.13168783667
20,-2.5,10,conservative,True,-0.138137371566
21,-2.5,10,conservative,True,-0.144737013733
22,-2.5,10,conservative,True,-0.150303362963
23,-2.5,10,conservative,True,-0.1553708959
24,-2.5,10,conservative,True,-0.161950496424
25,-2.5,10,conservative,True,-0.165728922091
26,-2.5,10,conservative,True,-0.170235032468
27,-2.5,10,conservative,True,-0.174786301715
28,-2.5,10,conservative,True,-0.179332784534
29,-2.5,10,conservative,True,-0.183315775266
30,-2.5,10,conservative,True,-0.186345176866
31,-2.5,10,conservative,True,-0.189044090103
32,-2.5,10,conservative,True,-0.191108580774
33,-2.5,10,conservative,True,-0.19399398756
34,-2.5,10,conservative,True,-0.197323977659
35,-2.5,10,conservative,True,-0.200255560394
36,-2.5,10,conservative,True,-0.202192399462
37,-2.5,10,conservative,True,-0.204141825937
38,-2.5,10,conservative,True,-0.204541841342
39,-2.5,10,conservative,True,-0.205368282424
40,-2.5,10,conservative,True,-0.204408676915
41,-2.5,10,conservative,True,-0.205012646257
42,-2.5,10,conservative,True,-0.205760201981
43,-2.5,10,conservative,True,-0.203265766033
44,-2.5,10,conservative,True,-0.202843397016
45,-2.5,10,conservative,True,-0.202810290737
46,-2.5,10,conservative,True,-0.202092642152
47,-2.5,10,conservative,True,-0.199445301015
48,-2.5,10,conservative,True,-0.200451334529
49,-2.5,10,conservative,True,-0.19692325797
50,-2.5,10,conservative,True,-0.194559596578
51,-2.5,10,conservative,True,-0.189260952118
52,-2.5,10,conservative,True,-0.186337966575
-52,-1.5,10,conservative,True,-0.195626269418
-51,-1.5,10,conservative,True,-0.190838737992
-50,-1.5,10,conservative,True,-0.188170069369
-49,-1.5,10,conservative,True,-0.185867699133
-48,-1.5,10,conservative,True,-0.179356292398
-47,-1.5,10,conservative,True,-0.173608693027
-46,-1.5,10,conservative,True,-0.168881804166
-45,-1.5,10,conservative,True,-0.162694202136
-44,-1.5,10,conservative,True,-0.155657454668
-43,-1.5,10,conservative,True,-0.149639610204
-42,-1.5,10,conservative,True,-0.143959703817
-41,-1.5,10,conservative,True,-0.137467160115
-40,-1.5,10,conservative,True,-0.130702319702
-39,-1.5,10,conservative,True,-0.122458131303
-38,-1.5,10,conservative,True,-0.11383487386
-37,-1.5,10,conservative,True,-0.103605077886
-36,-1.5,10,conservative,True,-0.0947184019403
-35,-1.5,10,conservative,True,-0.0844306132407
-34,-1.5,10,conservative,True,-0.0743830660154
-33,-1.5,10,conservative,True,-0.0638145935528
-32,-1.5,10,conservative,True,-0.0531666271674
-31,-1.5,10,conservative,True,-0.0423096703108
-30,-1.5,10,conservative,True,-0.0306846680599
-29,-1.5,10,conservative,True,-0.0188323186068
-28,-1.5,10,conservative,True,-0.00768709315436
-27,-1.5,10,conservative,True,0.00362316977049
-26,-1.5,10,conservative,True,0.0151986512254
-25,-1.5,10,conservative,True,0.0263677464588
-24,-1.5,10,conservative,True,0.0370984177784
-23,-1.5,10,conservative,True,0.046370920634
-22,-1.5,10,conservative,True,0.0543711114203
-21,-1.5,10,conservative,True,0.0619174960038
-20,-1.5,10,conservative,True,0.0670444022759
-19,-1.5,10,conservative,True,0.0723026328697
-18,-1.5,10,conservative,True,0.078636350876
-17,-1.5,10,conservative,True,0.0810283506042
-16,-1.5,10,conservative,True,0.0832781962958
-15,-1.5,10,conservative,True,0.0828199302533
-14,-1.5,10,conservative,True,0.082941378448
-13,-1.5,10,conservative,True,0.0811624729653
-12,-1.5,10,conservative,True,0.0787169854369
-11,-1.5,10,conservative,True,0.0737369552444
-10,-1.5,10,conservative,True,0.0693231648317
-9,-1.5,10,conservative,True,0.0636396491618
-8,-1.5,10,conservative,True,0.0584311702265
-7,-1.5,10,conservative,True,0.0514629019723
-6,-1.5,10,conservative,True,0.044446796317
-5,-1.5,10,conservative,True,0.0382740788832
-4,-1.5,10,conservative,True,0.0320820794329
-3,-1.5,10,conservative,True,0.0247819679403
-2,-1.5,10,conservative,True,0.0168714543299
-1,-1.5,10,conservative,True,0.00980721464554
0,-1.5,10,conservative,True,0.00212506620106
1,-1.5,10,conservative,True,-0.00560786078391
2,-1.5,10,conservative,True,-0.0135759145082
3,-1.5,10,conservative,True,-0.0219365585707
4,-1.5,10,conservative,True,-0.029075066608
5,-1.5,10,conservative,True,-0.0363157837054
6,-1.5,10,conservative,True,-0.0442594293552
7,-1.5,10,conservative,True,-0.0515282544157
8,-1.5,10,conservative,True,-0.0583902611783
9,-1.5,10,conservative,True,-0.067746517578
10,-1.5,10,conservative,True,-0.0746899279355
11,-1.5,10,conservative,True,-0.0817962627464
12,-1.5,10,conservative,True,-0.0887046281291
13,-1.5,10,conservative,True,-0.0961947115926
14,-1.5,10,conservative,True,-0.102096336871
15,-1.5,10,conservative,True,-0.10813649478
16,-1.5,10,conservative,True,-0.11564206506
17,-1.5,10,conservative,True,-0.122623620173
18,-1.5,10,conservative,True,-0.129092766292
19,-1.5,10,conservative,True,-0.134957640867
20,-1.5,10,conservative,True,-0.141213358645
21,-1.5,10,conservative,True,-0.147368954839
22,-1.5,10,conservative,True,-0.154110325458
23,-1.5,10,conservative,True,-0.159806338369
24,-1.5,10,conservative,True,-0.164301740604
25,-1.5,10,conservative,True,-0.168937252132
26,-1.5,10,conservative,True,-0.172909192404
27,-1.5,10,conservative,True,-0.177633544766
28,-1.5,10,conservative,True,-0.18328752294
29,-1.5,10,conservative,True,-0.1867828133
30,-1.5,10,conservative,True,-0.189835285048
31,-1.5,10,conservative,True,-0.192700052286
32,-1.5,10,conservative,True,-0.195905624186
33,-1.5,10,conservative,True,-0.197908850919
34,-1.5,10,conservative,True,-0.201384088289
35,-1.5,10,conservative,True,-0.203861193739
36,-1.5,10,conservative,True,-0.206582169392
37,-1.5,10,conservative,True,-0.208637494695
38,-1.5,10,conservative,True,-0.208882624839
39,-1.5,10,conservative,True,-0.207972698583
40,-1.5,10,conservative,True,-0.207348503571
41,-1.5,10,conservative,True,-0.209083325215
42,-1.5,10,conservative,True,-0.208787045308
43,-1.5,10,conservative,True,-0.20731008357
44,-1.5,10,conservative,True,-0.206661591027
45,-1.5,10,conservative,True,-0.207363625828
46,-1.5,10,conservative,True,-0.2066504763
47,-1.5,10,conservative,True,-0.20414141853
48,-1.5,10,conservative,True,-0.204174537211
49,-1.5,10,conservative,True,-0.202880515473
50,-1.5,10,conservative,True,-0.198777860061
51,-1.5,10,conservative,True,-0.193769912309
52,-1.5,10,conservative,True,-0.190504489138
-52,-0.5,10,conservative,True,-0.194274640223
-51,-0.5,10,conservative,True,-0.192026957398
-50,-0.5,10,conservative,True,-0.187271264416
-49,-0.5,10,conservative,True,-0.183811482569
-48,-0.5,10,conservative,True,-0.178835802035
-47,-0.5,10,conservative,True,-0.17293966608
-46,-0.5,10,conservative,True,-0.168038534827
-45,-0.5,10,conservative,True,-0.162861015089
-44,-0.5,10,conservative,True,-0.157415494707
-43,-0.5,10,conservative,True,-0.150628996842
-42,-0.5,10,conservative,True,-0.143489061318
-41,-0.5,10,conservative,True,-0.137276471382
-40,-0.5,10,conservative,True,-0.130984304498
-39,-0.5,10,conservative,True,-0.12255436803
-38,-0.5,10,conservative,True,-0.114246514974
-37,-0.5,10,conservative,True,-0.105371887178
-36,-0.5,10,conservative,True,-0.0951569642678
-35,-0.5,10,conservative,True,-0.0853511053899
-34,-0.5,10,conservative,True,-0.0747277868336
-33,-0.5,10,conservative,True,-0.064475799959
-32,-0.5,10,conservative,True,-0.0533180245877
-31,-0.5,10,conservative,True,-0.0429281413198
-30,-0.5,10,conservative,True,-0.0308425825823
-29,-0.5,10,conservative,True,-0.0190073849102
-28,-0.5,10,conservative,True,-0.00818305500308
-27,-0.5,10,conservative,True,0.00336106828313
-26,-0.5,10,conservative,True,0.0152355038782
-25,-0.5,10,conservative,True,0.0264238749332
-24,-0.5,10,conservative,True,0.0362271467215
-23,-0.5,10,conservative,True,0.0462328490759
-22,-0.5,10,conservative,True,0.0549288008573
-21,-0.5,10,conservative,True,0.0616760450506
-20,-0.5,10,conservative,True,0.0679191949272
-19,-0.5,10,conservative,True,0.0728440830098
-18,-0.5,10,conservative,True,0.0784533976883
-17,-0.5,10,conservative,True,0.0818434122279
-16,-0.5,10,conservative,True,0.0832115399842
-15,-0.5,10,conservative,True,0.0835204417839
-14,-0.5,10,conservative,True,0.0829728034296
-13,-0.5,10,conservative,True,0.0812516056259
-12,-0.5,10,conservative,True,0.0788882108919
-11,-0.5,10,conservative,True,0.075248467765
-10,-0.5,10,conservative,True,0.069851409694
-9,-0.5,10,conservative,True,0.0641501275929
-8,-0.5,10,conservative,True,0.0583056402853
-7,-0.5,10,conservative,True,0.0518021525581
-6,-0.5,10,conservative,True,0.0453768850529
-5,-0.5,10,conservative,True,0.0390730758841
-4,-0.5,10,conservative,True,0.0316110107848
-3,-0.5,10,conservative,True,0.024313043546
-2,-0.5,10,conservative,True,0.0167537530071
-1,-0.5,10,conservative,True,0.00942699699678
0,-0.5,10,conservative,True,0.00153854728526
1,-0.5,10,conservative,True,-0.00622060929552
2,-0.5,10,conservative,True,-0.0135648233825
3,-0.5,10,conservative,True,-0.0214537283693
4,-0.5,10,conservative,True,-0.0299412779402
5,-0.5,10,conservative,True,-0.0377791543746
6,-0.5,10,conservative,True,-0.0449557009728
7,-0.5,10,conservative,True,-0.0531340683459
8,-0.5,10,conservative,True,-0.0609690526022
9,-0.5,10,conservative,True,-0.0684459585297
10,-0.5,10,conservative,True,-0.076001003681
11,-0.5,10,conservative,True,-0.0834295083024
12,-0.5,10,conservative,True,-0.0907234070551
13,-0.5,10,conservative,True,-0.0980447302302
14,-0.5,10,conservative,True,-0.104390687878
15,-0.5,10,conservative,True,-0.110451508767
16,-0.5,10,conservative,True,-0.11761209765
17,-0.5,10,conservative,True,-0.124360254423
18,-0.5,10,conservative,True,-0.13181370912
19,-0.5,10,conservative,True,-0.136889165226
20,-0.5,10,conservative,True,-0.14287286248
21,-0.5,10,conservative,True,-0.149137754865
22,-0.5,10,conservative,True,-0.155601219215
23,-0.5,10,conservative,True,-0.161094192236
24,-0.5,10,conservative,True,-0.166759376264
25,-0.5,10,conservative,True,-0.170751352132
26,-0.5,10,conservative,True,-0.175309619889
27,-0.5,10,conservative,True,-0.180429995314
28,-0.5,10,conservative,True,-0.183920437167
29,-0.5,10,conservative,True,-0.188066895431
30,-0.5,10,conservative,True,-0.192273383106
31,-0.5,10,conservative,True,-0.195773880562
32,-0.5,10,conservative,True,-0.199622496326
33,-0.5,10,conservative,True,-0.202299065928
34,-0.5,10,conservative,True,-0.204834251173
35,-0.5,10,conservative,True,-0.207927240201
36,-0.5,10,conservative,True,-0.210069862989
37,-0.5,10,conservative,True,-0.211117811004
38,-0.5,10,conservative,True,-0.211183634577
39,-0.5,10,conservative,True,-0.211285742957
40,-0.5,10,conservative,True,-0.209972357486
41,-0.5,10,conservative,True,-0.210930202348
42,-0.5,10,conservative,True,-0.211683157003
43,-0.5,10,conservative,True,-0.210231386393
44,-0.5,10,conservative,True,-0.209780526381
45,-0.5,10,conservative,True,-0.211818358874
46,-0.5,10,conservative,True,-0.21004810025
47,-0.5,10,conservative,True,-0.20863330879
48,-0.5,10,conservative,True,-0.205516670096
49,-0.5,10,conservative,True,-0.20432778091
50,-0.5,10,conservative,True,-0.200217711971
51,-0.5,10,conservative,True,-0.195904007668
52,-0.5,10,conservative,True,-0.195146332645
-52,0.5,10,conservative,True,-0.191041047368
-51,0.5,10,conservative,True,-0.189639127447
-50,0.5,10,conservative,True,-0.185787590076
-49,0.5,10,conservative,True,-0.181022496587
-48,0.5,10,conservative,True,-0.176968540649
-47,0.5,10,conservative,True,-0.1715963031
-46,0.5,10,conservative,True,-0.166239836062
-45,0.5,10,conservative,True,-0.160577864997
-44,0.5,10,conservative,True,-0.155603635383
-43,0.5,10,conservative,True,-0.149338728794
-42,0.5,10,conservative,True,-0.142460992268
-41,0.5,10,conservative,True,-0.136025860829
-40,0.5,10,conservative,True,-0.129674745983
-39,0.5,10,conservative,True,-0.121198107885
-38,0.5,10,conservative,True,-0.113188766247
-37,0.5,10,conservative,True,-0.105029060001
-36,0.5,10,conservative,True,-0.0949389831776
-35,0.5,10,conservative,True,-0.0849713401154
-34,0.5,10,conservative,True,-0.0749758946267
-33,0.5,10,conservative,True,-0.0635309020774
-32,0.5,10,conservative,True,-0.0526371777975
-31,0.5,10,conservative,True,-0.0416172211547
-30,0.5,10,conservative,True,-0.0302649231238
-29,0.5,10,conservative,True,-0.0180952764247
-28,0.5,10,conservative,True,-0.00712065698703
-27,0.5,10,conservative,True,0.00445450380835
-26,0.5,10,conservative,True,0.0161323747134
-25,0.5,10,conservative,True,0.0271918484672
-24,0.5,10,conservative,True,0.0373361363221
-23,0.5,10,conservative,True,0.0464388266022
-22,0.5,10,conservative,True,0.055556836335
-21,0.5,10,conservative,True,0.0626878602183
-20,0.5,10,conservative,True,0.069167709935
-19,0.5,10,conservative,True,0.0737943575522
-18,0.5,10,conservative,True,0.0791985894661
-17,0.5,10,conservative,True,0.0822437551818
-16,0.5,10,conservative,True,0.084590144936
-15,0.5,10,conservative,True,0.0846849771412
-14,0.5,10,conservative,True,0.0848669739941
-13,0.5,10,conservative,True,0.0818948968187
-12,0.5,10,conservative,True,0.0801441415044
-11,0.5,10,conservative,True,0.0752699131165
-10,0.5,10,conservative,True,0.0707287626828
-9,0.5,10,conservative,True,0.0650847255604
-8,0.5,10,conservative,True,0.0590299159018
-7,0.5,10,conservative,True,0.0529753024669
-6,0.5,10,conservative,True,0.0461598760365
-5,0.5,10,conservative,True,0.0395932811357
-4,0.5,10,conservative,True,0.0321367004129
-3,0.5,10,conservative,True,0.0252997614186
-2,0.5,10,conservative,True,0.0177340604936
-1,0.5,10,conservative,True,0.00952172046849
0,0.5,10,conservative,True,0.00193567717628
1,0.5,10,conservative,True,-0.00635006378646
2,0.5,10,conservative,True,-0.0141791347742
3,0.5,10,conservative,True,-0.021633405411
4,0.5,10,conservative,True,-0.0308245072228
5,0.5,10,conservative,True,-0.0374312685075
6,0.5,10,conservative,True,-0.045255429976
7,0.5,10,conservative,True,-0.0533998112022
8,0.5,10,conservative,True,-0.0607695015956
9,0.5,10,conservative,True,-0.0696020576625
10,0.5,10,conservative,True,-0.0769545436846
11,0.5,10,conservative,True,-0.0850822584533
12,0.5,10,conservative,True,-0.0910756812707
13,0.5,10,conservative,True,-0.0985289155854
14,0.5,10,conservative,True,-0.104234468154
15,0.5,10,conservative,True,-0.111043906978
16,0.5,10,conservative,True,-0.117745170507
17,0.5,10,conservative,True,-0.125031631991
18,0.5,10,conservative,True,-0.131790403887
19,0.5,10,conservative,True,-0.138007100064
20,0.5,10,conservative,True,-0.143683147159
21,0.5,10,conservative,True,-0.150014562979
22,0.5,10,conservative,True,-0.156050412522
23,0.5,10,conservative,True,-0.162236854022
24,0.5,10,conservative,True,-0.167684451772
25,0.5,10,conservative,True,-0.170916514189
26,0.5,10,conservative,True,-0.176708318019
27,0.5,10,conservative,True,-0.181095299815
28,0.5,10,conservative,True,-0.184240692079
29,0.5,10,conservative,True,-0.18809943437
30,0.5,10,conservative,True,-0.192537258509
31,0.5,10,conservative,True,-0.196800306216
32,0.5,10,conservative,True,-0.200375304563
33,0.5,10,conservative,True,-0.204646384781
34,0.5,10,conservative,True,-0.206110238733
35,0.5,10,conservative,True,-0.208805409298
36,0.5,10,conservative,True,-0.210321058455
37,0.5,10,conservative,True,-0.212058586304
38,0.5,10,conservative,True,-0.212301358325
39,0.5,10,conservative,True,-0.211661790148
40,0.5,10,conservative,True,-0.212192633634
41,0.5,10,conservative,True,-0.212021943249
42,0.5,10,conservative,True,-0.213687505706
43,0.5,10,conservative,True,-0.211960279329
44,0.5,10,conservative,True,-0.213183351952
45,0.5,10,conservative,True,-0.213486712758
46,0.5,10,conservative,True,-0.211672052434
47,0.5,10,conservative,True,-0.211379232008
48,0.5,10,conservative,True,-0.206894248342
49,0.5,10,conservative,True,-0.203696452171
50,0.5,10,conservative,True,-0.200445626777
51,0.5,10,conservative,True,-0.198250946525
52,0.5,10,conservative,True,-0.193007856801
-52,1.5,10,conservative,True,-0.187934838903
-51,1.5,10,conservative,True,-0.185212091772
-50,1.5,10,conservative,True,-0.180284801
-49,1.5,10,conservative,True,-0.176501919188
-48,1.5,10,conservative,True,-0.172821157333
-47,1.5,10,conservative,True,-0.168564369262
-46,1.5,10,conservative,True,-0.163787165281
-45,1.5,10,conservative,True,-0.158457051583
-44,1.5,10,conservative,True,-0.153005828901
-43,1.5,10,conservative,True,-0.14708664359
-42,1.5,10,conservative,True,-0.140500624947
-41,1.5,10,conservative,True,-0.133806987825
-40,1.5,10,conservative,True,-0.12762016091
-39,1.5,10,conservative,True,-0.120448513752
-38,1.5,10,conservative,True,-0.111985723686
-37,1.5,10,conservative,True,-0.103937976351
-36,1.5,10,conservative,True,-0.093172185143
-35,1.5,10,conservative,True,-0.0832612579717
-34,1.5,10,conservative,True,-0.0725544982871
-33,1.5,10,conservative,True,-0.0623857342621
-32,1.5,10,conservative,True,-0.0520562986113
-31,1.5,10,conservative,True,-0.0403451378063
-30,1.5,10,conservative,True,-0.028452537352
-29,1.5,10,conservative,True,-0.0157243015234
-28,1.5,10,conservative,True,-0.0045608088601
-27,1.5,10,conservative,True,0.00660298660972
-26,1.5,10,conservative,True,0.0185811100468
-25,1.5,10,conservative,True,0.0293453257862
-24,1.5,10,conservative,True,0.0391223711549
-23,1.5,10,conservative,True,0.0488684053617
-22,1.5,10,conservative,True,0.0568203889006
-21,1.5,10,conservative,True,0.065520494423
-20,1.5,10,conservative,True,0.070651162694
-19,1.5,10,conservative,True,0.0758768313583
-18,1.5,10,conservative,True,0.0810209516892
-17,1.5,10,conservative,True,0.0842029809069
-16,1.5,10,conservative,True,0.0861686507812
-15,1.5,10,conservative,True,0.0864600382172
-14,1.5,10,conservative,True,0.0857435037173
-13,1.5,10,conservative,True,0.0842303334846
-12,1.5,10,conservative,True,0.0802986923698
-11,1.5,10,conservative,True,0.0774995943758
-10,1.5,10,conservative,True,0.0726097239111
-9,1.5,10,conservative,True,0.0669043069207
-8,1.5,10,conservative,True,0.0600409973245
-7,1.5,10,conservative,True,0.0532739135029
-6,1.5,10,conservative,True,0.0472407505157
-5,1.5,10,conservative,True,0.0402093694095
-4,1.5,10,conservative,True,0.0334192423805
-3,1.5,10,conservative,True,0.0261714559305
-2,1.5,10,conservative,True,0.0192715832683
-1,1.5,10,conservative,True,0.0105451483312
0,1.5,10,conservative,True,0.00218799493112
1,1.5,10,conservative,True,-0.00553806144727
2,1.5,10,conservative,True,-0.0136990573463
3,1.5,10,conservative,True,-0.021955988186
4,1.5,10,conservative,True,-0.0301805568752
5,1.5,10,conservative,True,-0.0371133549337
6,1.5,10,conservative,True,-0.0455182954059
7,1.5,10,conservative,True,-0.0543608559682
8,1.5,10,conservative,True,-0.0614134547938
9,1.5,10,conservative,True,-0.0697033571643
10,1.5,10,conservative,True,-0.0770045856502
11,1.5,10,conservative,True,-0.0851584972067
12,1.5,10,conservative,True,-0.0916760573379
13,1.5,10,conservative,True,-0.0986092657489
14,1.5,10,conservative,True,-0.105274165215
15,1.5,10,conservative,True,-0.110846537881
16,1.5,10,conservative,True,-0.11846491758
17,1.5,10,conservative,True,-0.125178549033
18,1.5,10,conservative,True,-0.131569803107
19,1.5,10,conservative,True,-0.138584032083
20,1.5,10,conservative,True,-0.144636811319
21,1.5,10,conservative,True,-0.150856156973
22,1.5,10,conservative,True,-0.15648485972
23,1.5,10,conservative,True,-0.161610395184
24,1.5,10,conservative,True,-0.167248366708
25,1.5,10,conservative,True,-0.1712589886
26,1.5,10,conservative,True,-0.174458680325
27,1.5,10,conservative,True,-0.179870444218
28,1.5,10,conservative,True,-0.183457451402
29,1.5,10,conservative,True,-0.188487658846
30,1.5,10,conservative,True,-0.193616292982
31,1.5,10,conservative,True,-0.19703485325
32,1.5,10,conservative,True,-0.200840514704
33,1.5,10,conservative,True,-0.203942504648
34,1.5,10,conservative,True,-0.206664646816
35,1.5,10,conservative,True,-0.209034846581
36,1.5,10,conservative,True,-0.208787487782
37,1.5,10,conservative,True,-0.21051325398
38,1.5,10,conservative,True,-0.212369145776
39,1.5,10,conservative,True,-0.211668367334
40,1.5,10,conservative,True,-0.21120871781
41,1.5,10,conservative,True,-0.212270513074
42,1.5,10,conservative,True,-0.213903465396
43,1.5,10,conservative,True,-0.213752801372
44,1.5,10,conservative,True,-0.214040488287
45,1.5,10,conservative,True,-0.215067147187
46,1.5,10,conservative,True,-0.212159446679
47,1.5,10,conservative,True,-0.209297149559
48,1.5,10,conservative,True,-0.204516727011
49,1.5,10,conservative,True,-0.200667466354
50,1.5,10,conservative,True,-0.199285137254
51,1.5,10,conservative,True,-0.197837995816
52,1.5,10,conservative,True,-0.19191121396
-52,2.5,10,conservative,True,-0.18517189189
-51,2.5,10,conservative,True,-0.179261455311
-50,2.5,10,conservative,True,-0.177076628338
-49,2.5,10,conservative,True,-0.17383175811
-48,2.5,10,conservative,True,-0.17008807047
-47,2.5,10,conservative,True,-0.164301225006
-46,2.5,10,conservative,True,-0.161617284864
-45,2.5,10,conservative,True,-0.154709550774
-44,2.5,10,conservative,True,-0.149875330968
-43,2.5,10,conservative,True,-0.143927924331
-42,2.5,10,conservative,True,-0.137376691096
-41,2.5,10,conservative,True,-0.131372040869
-40,2.5,10,conservative,True,-0.124916324282
-39,2.5,10,conservative,True,-0.11691153861
-38,2.5,10,conservative,True,-0.109072569574
-37,2.5,10,conservative,True,-0.100519077149
-36,2.5,10,conservative,True,-0.0910066044525
-35,2.5,10,conservative,True,-0.0804345630507
-34,2.5,10,conservative,True,-0.0695548566858
-33,2.5,10,conservative,True,-0.0593019641562
-32,2.5,10,conservative,True,-0.048680360788
-31,2.5,10,conservative,True,-0.0375049082401
-30,2.5,10,conservative,True,-0.0250352820459
-29,2.5,10,conservative,True,-0.012639626653
-28,2.5,10,conservative,True,-0.00146548151967
-27,2.5,10,conservative,True,0.0104221828839
-26,2.5,10,conservative,True,0.0217977055665
-25,2.5,10,conservative,True,0.0323854741224
-24,2.5,10,conservative,True,0.0425347486965
-23,2.5,10,conservative,True,0.052504404812
-22,2.5,10,conservative,True,0.0613383895636
-21,2.5,10,conservative,True,0.0681309689054
-20,2.5,10,conservative,True,0.0734432173429
-19,2.5,10,conservative,True,0.0791376624943
-18,2.5,10,conservative,True,0.083543091056
-17,2.5,10,conservative,True,0.0868042404403
-16,2.5,10,conservative,True,0.0899269180968
-15,2.5,10,conservative,True,0.0901448221924
-14,2.5,10,conservative,True,0.08883120674
-13,2.5,10,conservative,True,0.0865528006537
-12,2.5,10,conservative,True,0.0831091223649
-11,2.5,10,conservative,True,0.078766206755
-10,2.5,10,conservative,True,0.0745424287961
-9,2.5,10,conservative,True,0.0685244394876
-8,2.5,10,conservative,True,0.0627588757189
-7,2.5,10,conservative,True,0.0565073842733
-6,2.5,10,conservative,True,0.0496567735007
-5,2.5,10,conservative,True,0.042659537655
-4,2.5,10,conservative,True,0.0347400891132
-3,2.5,10,conservative,True,0.0270576606098
-2,2.5,10,conservative,True,0.0196886326569
-1,2.5,10,conservative,True,0.0114522029274
0,2.5,10,conservative,True,0.00387386311292
1,2.5,10,conservative,True,-0.00402152131252
2,2.5,10,conservative,True,-0.0126499135546
3,2.5,10,conservative,True,-0.0208884858262
4,2.5,10,conservative,True,-0.028552139528
5,2.5,10,conservative,True,-0.0373210427509
6,2.5,10,conservative,True,-0.044591081995
7,2.5,10,conservative,True,-0.0519983844812
8,2.5,10,conservative,True,-0.0614820854854
9,2.5,10,conservative,True,-0.0687726635359
10,2.5,10,conservative,True,-0.0760677769217
11,2.5,10,conservative,True,-0.0835281273437
12,2.5,10,conservative,True,-0.0900696541095
13,2.5,10,conservative,True,-0.0979374566416
14,2.5,10,conservative,True,-0.104420797347
15,2.5,10,conservative,True,-0.110815918754
16,2.5,10,conservative,True,-0.117803255646
17,2.5,10,conservative,True,-0.124655338636
18,2.5,10,conservative,True,-0.129968689191
19,2.5,10,conservative,True,-0.136267295545
20,2.5,10,conservative,True,-0.142899250495
21,2.5,10,conservative,True,-0.149907379817
22,2.5,10,conservative,True,-0.155064067421
23,2.5,10,conservative,True,-0.160161099119
24,2.5,10,conservative,True,-0.165633299899
25,2.5,10,conservative,True,-0.169371718254
26,2.5,10,conservative,True,-0.173923920629
27,2.5,10,conservative,True,-0.178042333055
28,2.5,10,conservative,True,-0.181814267428
29,2.5,10,conservative,True,-0.186911947519
30,2.5,10,conservative,True,-0.191468881266
31,2.5,10,conservative,True,-0.196543084806
32,2.5,10,conservative,True,-0.200070175297
33,2.5,10,conservative,True,-0.203170451346
34,2.5,10,conservative,True,-0.203952329311
35,2.5,10,conservative,True,-0.207293478157
36,2.5,10,conservative,True,-0.2078503911
37,2.5,10,conservative,True,-0.208748209986
38,2.5,10,conservative,True,-0.210029980839
39,2.5,10,conservative,True,-0.210409232089
40,2.5,10,conservative,True,-0.211000337454
41,2.5,10,conservative,True,-0.212725951021
42,2.5,10,conservative,True,-0.212963185657
43,2.5,10,conservative,True,-0.213560368944
44,2.5,10,conservative,True,-0.213276187755
45,2.5,10,conservative,True,-0.212087618587
46,2.5,10,conservative,True,-0.210137988946
47,2.5,10,conservative,True,-0.207633894227
48,2.5,10,conservative,True,-0.203001662442
49,2.5,10,conservative,True,-0.197599283667
50,2.5,10,conservative,True,-0.195850913783
51,2.5,10,conservative,True,-0.192780478567
52,2.5,10,conservative,True,-0.190914345859
-52,3.5,10,conservative,True,-0.178578683321
-51,3.5,10,conservative,True,-0.174889575818
-50,3.5,10,conservative,True,-0.172452168958
-49,3.5,10,conservative,True,-0.169401354487
-48,3.5,10,conservative,True,-0.165490894335
-47,3.5,10,conservative,True,-0.161752186288
-46,3.5,10,conservative,True,-0.15663345582
-45,3.5,10,conservative,True,-0.150667965858
-44,3.5,10,conservative,True,-0.146453910551
-43,3.5,10,conservative,True,-0.139223954257
-42,3.5,10,conservative,True,-0.133135227266
-41,3.5,10,conservative,True,-0.127564538174
-40,3.5,10,conservative,True,-0.121026116419
-39,3.5,10,conservative,True,-0.11252630578
-38,3.5,10,conservative,True,-0.105203494061
-37,3.5,10,conservative,True,-0.0957134974284
-36,3.5,10,conservative,True,-0.0865678615378
-35,3.5,10,conservative,True,-0.0766684352174
-34,3.5,10,conservative,True,-0.0661096135317
-33,3.5,10,conservative,True,-0.0548505276325
-32,3.5,10,conservative,True,-0.043837578732
-31,3.5,10,conservative,True,-0.0328176425605
-30,3.5,10,conservative,True,-0.0204979214995
-29,3.5,10,conservative,True,-0.00987771431019
-28,3.5,10,conservative,True,0.00275825977059
-27,3.5,10,conservative,True,0.0151291349469
-26,3.5,10,conservative,True,0.026339740241
-25,3.5,10,conservative,True,0.0382890546131
-24,3.5,10,conservative,True,0.0478488001425
-23,3.5,10,conservative,True,0.0575244951087
-22,3.5,10,conservative,True,0.0662132702168
-21,3.5,10,conservative,True,0.0722919644855
-20,3.5,10,conservative,True,0.0782431260892
-19,3.5,10,conservative,True,0.0837410675118
-18,3.5,10,conservative,True,0.0872913549718
-17,3.5,10,conservative,True,0.090554869599
-16,3.5,10,conservative,True,0.0927808097344
-15,3.5,10,conservative,True,0.093525049896
-14,3.5,10,conservative,True,0.0927533880198
-13,3.5,10,conservative,True,0.0902414560569
-12,3.5,10,conservative,True,0.086432170459
-11,3.5,10,conservative,True,0.080963335248
-10,3.5,10,conservative,True,0.0766247285972
-9,3.5,10,conservative,True,0.0715174227215
-8,3.5,10,conservative,True,0.065058316344
-7,3.5,10,conservative,True,0.0591764356649
-6,3.5,10,conservative,True,0.0515279194472
-5,3.5,10,conservative,True,0.0440860441432
-4,3.5,10,conservative,True,0.0360701240921
-3,3.5,10,conservative,True,0.0285938404041
-2,3.5,10,conservative,True,0.0210682072084
-1,3.5,10,conservative,True,0.0137724593298
0,3.5,10,conservative,True,0.00545798842958
1,3.5,10,conservative,True,-0.00329111104159
2,3.5,10,conservative,True,-0.0108417663567
3,3.5,10,conservative,True,-0.0186664075484
4,3.5,10,conservative,True,-0.0274662078927
5,3.5,10,conservative,True,-0.0353413635854
6,3.5,10,conservative,True,-0.0427480501473
7,3.5,10,conservative,True,-0.0498403130409
8,3.5,10,conservative,True,-0.0584534389808
9,3.5,10,conservative,True,-0.0675051565198
10,3.5,10,conservative,True,-0.0745357761762
11,3.5,10,conservative,True,-0.0811957182119
12,3.5,10,conservative,True,-0.0886572245536
13,3.5,10,conservative,True,-0.0960815020284
14,3.5,10,conservative,True,-0.103138593082
15,3.5,10,conservative,True,-0.109587420463
16,3.5,10,conservative,True,-0.116010173784
17,3.5,10,conservative,True,-0.121984752169
18,3.5,10,conservative,True,-0.12758202978
19,3.5,10,conservative,True,-0.134901015857
20,3.5,10,conservative,True,-0.139957738184
21,3.5,10,conservative,True,-0.146785277327
22,3.5,10,conservative,True,-0.152503788955
23,3.5,10,conservative,True,-0.157955806703
24,3.5,10,conservative,True,-0.161823930129
25,3.5,10,conservative,True,-0.16763879799
26,3.5,10,conservative,True,-0.171884437192
27,3.5,10,conservative,True,-0.175552484717
28,3.5,10,conservative,True,-0.180464242668
29,3.5,10,conservative,True,-0.184551846661
30,3.5,10,conservative,True,-0.188665359936
31,3.5,10,conservative,True,-0.193319035614
32,3.5,10,conservative,True,-0.197210773551
33,3.5,10,conservative,True,-0.199434992164
34,3.5,10,conservative,True,-0.200739274339
35,3.5,10,conservative,True,-0.203039592472
36,3.5,10,conservative,True,-0.203757452911
37,3.5,10,conservative,True,-0.20537796225
38,3.5,10,conservative,True,-0.208105315729
39,3.5,10,conservative,True,-0.207672949534
40,3.5,10,conservative,True,-0.207700861475
41,3.5,10,conservative,True,-0.209618906338
42,3.5,10,conservative,True,-0.209877368754
43,3.5,10,conservative,True,-0.211781709926
44,3.5,10,conservative,True,-0.211492964884
45,3.5,10,conservative,True,-0.209056320265
46,3.5,10,conservative,True,-0.208214440053
47,3.5,10,conservative,True,-0.204492848744
48,3.5,10,conservative,True,-0.200209789344
49,3.5,10,conservative,True,-0.194354029179
50,3.5,10,conservative,True,-0.191165222445
51,3.5,10,conservative,True,-0.188636620489
52,3.5,10,conservative,True,-0.182607416694
-52,4.5,10,conservative,True,-0.170087603551
-51,4.5,10,conservative,True,-0.169604853732
-50,4.5,10,conservative,True,-0.166090461499
-49,4.5,10,conservative,True,-0.163628652612
-48,4.5,10,conservative,True,-0.159944753831
-47,4.5,10,conservative,True,-0.155197399245
-46,4.5,10,conservative,True,-0.150616821851
-45,4.5,10,conservative,True,-0.144920367376
-44,4.5,10,conservative,True,-0.139986404152
-43,4.5,10,conservative,True,-0.134932190275
-42,4.5,10,conservative,True,-0.12844652709
-41,4.5,10,conservative,True,-0.122301561974
-40,4.5,10,conservative,True,-0.114539398127
-39,4.5,10,conservative,True,-0.10786107711
-38,4.5,10,conservative,True,-0.0996819040574
-37,4.5,10,conservative,True,-0.0906626387326
-36,4.5,10,conservative,True,-0.0810389434696
-35,4.5,10,conservative,True,-0.070845122979
-34,4.5,10,conservative,True,-0.0604536209145
-33,4.5,10,conservative,True,-0.0496516563839
-32,4.5,10,conservative,True,-0.0385524725979
-31,4.5,10,conservative,True,-0.0274874315873
-30,4.5,10,conservative,True,-0.0159434462937
-29,4.5,10,conservative,True,-0.00330820482513
-28,4.5,10,conservative,True,0.00843660368355
-27,4.5,10,conservative,True,0.0200100614153
-26,4.5,10,conservative,True,0.0322047033064
-25,4.5,10,conservative,True,0.0432297839423
-24,4.5,10,conservative,True,0.0532012101933
-23,4.5,10,conservative,True,0.0629961557845
-22,4.5,10,conservative,True,0.0712902659189
-21,4.5,10,conservative,True,0.0781329193518
-20,4.5,10,conservative,True,0.084159290235
-19,4.5,10,conservative,True,0.088935457164
-18,4.5,10,conservative,True,0.0916028050411
-17,4.5,10,conservative,True,0.0958701419945
-16,4.5,10,conservative,True,0.0969129132719
-15,4.5,10,conservative,True,0.0979964002005
-14,4.5,10,conservative,True,0.0972354759023
-13,4.5,10,conservative,True,0.0929679794089
-12,4.5,10,conservative,True,0.0900371864134
-11,4.5,10,conservative,True,0.085066217385
-10,4.5,10,conservative,True,0.079865217444
-9,4.5,10,conservative,True,0.0745187423167
-8,4.5,10,conservative,True,0.0677969797552
-7,4.5,10,conservative,True,0.0619536552258
-6,4.5,10,conservative,True,0.0543324905465
-5,4.5,10,conservative,True,0.0459729080886
-4,4.5,10,conservative,True,0.0382351122996
-3,4.5,10,conservative,True,0.0310557840647
-2,4.5,10,conservative,True,0.0234976944207
-1,4.5,10,conservative,True,0.0150098643754
0,4.5,10,conservative,True,0.00670319872068
1,4.5,10,conservative,True,-0.00107101642893
2,4.5,10,conservative,True,-0.00914060680449
3,4.5,10,conservative,True,-0.0170808366646
4,4.5,10,conservative,True,-0.0257240694463
5,4.5,10,conservative,True,-0.0331483954335
6,4.5,10,conservative,True,-0.0411061373681
7,4.5,10,conservative,True,-0.0484736280219
8,4.5,10,conservative,True,-0.0567831036161
9,4.5,10,conservative,True,-0.0646933941043
10,4.5,10,conservative,True,-0.072498786279
11,4.5,10,conservative,True,-0.0796745607367
12,4.5,10,conservative,True,-0.0868909584369
13,4.5,10,conservative,True,-0.0942558626734
14,4.5,10,conservative,True,-0.101790388422
15,4.5,10,conservative,True,-0.108094777098
16,4.5,10,conservative,True,-0.113692031462
17,4.5,10,conservative,True,-0.1187614667
18,4.5,10,conservative,True,-0.124425348412
19,4.5,10,conservative,True,-0.130489057016
20,4.5,10,conservative,True,-0.136608298706
21,4.5,10,conservative,True,-0.143033513589
22,4.5,10,conservative,True,-0.148934881023
23,4.5,10,conservative,True,-0.154451291551
24,4.5,10,conservative,True,-0.158904732705
25,4.5,10,conservative,True,-0.163041771939
26,4.5,10,conservative,True,-0.167760820894
27,4.5,10,conservative,True,-0.172173618404
28,4.5,10,conservative,True,-0.176947712793
29,4.5,10,conservative,True,-0.181115826888
30,4.5,10,conservative,True,-0.185524006172
31,4.5,10,conservative,True,-0.188837651969
32,4.5,10,conservative,True,-0.192168842358
33,4.5,10,conservative,True,-0.194974798931
34,4.5,10,conservative,True,-0.196740703644
35,4.5,10,conservative,True,-0.198028955498
36,4.5,10,conservative,True,-0.200236508502
37,4.5,10,conservative,True,-0.201593199638
38,4.5,10,conservative,True,-0.202542360239
39,4.5,10,conservative,True,-0.204296407598
40,4.5,10,conservative,True,-0.205636361197
41,4.5,10,conservative,True,-0.206334680906
42,4.5,10,conservative,True,-0.206022450302
43,4.5,10,conservative,True,-0.208396927157
44,4.5,10,conservative,True,-0.208341464622
45,4.5,10,conservative,True,-0.205815987612
46,4.5,10,conservative,True,-0.205378118117
47,4.5,10,conservative,True,-0.201508497789
48,4.5,10,conservative,True,-0.195376098063
49,4.5,10,conservative,True,-0.189404230752
50,4.5,10,conservative,True,-0.188789585835
51,4.5,10,conservative,True,-0.18549250064
52,4.5,10,conservative,True,-0.174488389577
-52,5.5,10,conservative,True,-0.159110691555
-51,5.5,10,conservative,True,-0.158866924484
-50,5.5,10,conservative,True,-0.15840065669
-49,5.5,10,conservative,True,-0.155452142604
-48,5.5,10,conservative,True,-0.154136620899
-47,5.5,10,conservative,True,-0.150415873075
-46,5.5,10,conservative,True,-0.144414312844
-45,5.5,10,conservative,True,-0.138803717399
-44,5.5,10,conservative,True,-0.13323190088
-43,5.5,10,conservative,True,-0.127997435966
-42,5.5,10,conservative,True,-0.122000508888
-41,5.5,10,conservative,True,-0.115351029129
-40,5.5,10,conservative,True,-0.10785761502
-39,5.5,10,conservative,True,-0.100674839029
-38,5.5,10,conservative,True,-0.0921530752566
-37,5.5,10,conservative,True,-0.0836342002077
-36,5.5,10,conservative,True,-0.0741364353401
-35,5.5,10,conservative,True,-0.0643908671171
-34,5.5,10,conservative,True,-0.0541986081315
-33,5.5,10,conservative,True,-0.0443838600858
-32,5.5,10,conservative,True,-0.0319331836803
-31,5.5,10,conservative,True,-0.0195964176959
-30,5.5,10,conservative,True,-0.00867907532116
-29,5.5,10,conservative,True,0.00256349101
-28,5.5,10,conservative,True,0.0150661761997
-27,5.5,10,conservative,True,0.0270354911443
-26,5.5,10,conservative,True,0.0383572738605
-25,5.5,10,conservative,True,0.0497183232581
-24,5.5,10,conservative,True,0.0595370405407
-23,5.5,10,conservative,True,0.0699837631976
-22,5.5,10,conservative,True,0.0784580514935
-21,5.5,10,conservative,True,0.0841133297368
-20,5.5,10,conservative,True,0.0891717238539
-19,5.5,10,conservative,True,0.0937121586421
-18,5.5,10,conservative,True,0.0970779837232
-17,5.5,10,conservative,True,0.0999238092282
-16,5.5,10,conservative,True,0.102802647773
-15,5.5,10,conservative,True,0.102850308576
-14,5.5,10,conservative,True,0.101043231161
-13,5.5,10,conservative,True,0.0978558948924
-12,5.5,10,conservative,True,0.0941126156725
-11,5.5,10,conservative,True,0.0897092089129
-10,5.5,10,conservative,True,0.084596416148
-9,5.5,10,conservative,True,0.0782642752955
-8,5.5,10,conservative,True,0.0728114072424
-7,5.5,10,conservative,True,0.0649198062936
-6,5.5,10,conservative,True,0.0582711315395
-5,5.5,10,conservative,True,0.0494349109998
-4,5.5,10,conservative,True,0.0418474723036
-3,5.5,10,conservative,True,0.0346719995436
-2,5.5,10,conservative,True,0.0266602507689
-1,5.5,10,conservative,True,0.0179931547926
0,5.5,10,conservative,True,0.00911319394053
1,5.5,10,conservative,True,0.00157172320463
2,5.5,10,conservative,True,-0.00656664098488
3,5.5,10,conservative,True,-0.0147142260998
4,5.5,10,conservative,True,-0.0233718366922
5,5.5,10,conservative,True,-0.0310758246333
6,5.5,10,conservative,True,-0.0394486984342
7,5.5,10,conservative,True,-0.0464639073981
8,5.5,10,conservative,True,-0.053941925243
9,5.5,10,conservative,True,-0.0618519513203
10,5.5,10,conservative,True,-0.0690116139797
11,5.5,10,conservative,True,-0.0767032002582
12,5.5,10,conservative,True,-0.0841148332869
13,5.5,10,conservative,True,-0.0906999205558
14,5.5,10,conservative,True,-0.0972093633673
15,5.5,10,conservative,True,-0.103281936179
16,5.5,10,conservative,True,-0.109613949226
17,5.5,10,conservative,True,-0.115175426985
18,5.5,10,conservative,True,-0.120416705359
19,5.5,10,conservative,True,-0.126135992327
20,5.5,10,conservative,True,-0.131993614751
21,5.5,10,conservative,True,-0.138124319941
22,5.5,10,conservative,True,-0.143851416488
23,5.5,10,conservative,True,-0.14895777459
24,5.5,10,conservative,True,-0.154870978265
25,5.5,10,conservative,True,-0.159464967119
26,5.5,10,conservative,True,-0.162565329697
27,5.5,10,conservative,True,-0.167711732482
28,5.5,10,conservative,True,-0.172047802843
29,5.5,10,conservative,True,-0.176662424792
30,5.5,10,conservative,True,-0.180068373762
31,5.5,10,conservative,True,-0.183611194868
32,5.5,10,conservative,True,-0.186756982343
33,5.5,10,conservative,True,-0.189806881554
34,5.5,10,conservative,True,-0.191651032716
35,5.5,10,conservative,True,-0.193250262791
36,5.5,10,conservative,True,-0.194193782675
37,5.5,10,conservative,True,-0.196552899112
38,5.5,10,conservative,True,-0.197742264463
39,5.5,10,conservative,True,-0.198391532581
40,5.5,10,conservative,True,-0.200053465169
41,5.5,10,conservative,True,-0.202030987972
42,5.5,10,conservative,True,-0.201170695699
43,5.5,10,conservative,True,-0.202510105105
44,5.5,10,conservative,True,-0.201591047499
45,5.5,10,conservative,True,-0.199088963055
46,5.5,10,conservative,True,-0.201418769714
47,5.5,10,conservative,True,-0.197396036312
48,5.5,10,conservative,True,-0.190552345284
49,5.5,10,conservative,True,-0.185496408411
50,5.5,10,conservative,True,-0.184087492627
51,5.5,10,conservative,True,-0.178564720018
52,5.5,10,conservative,True,-0.166188247198
-52,6.5,10,conservative,True,-0.150407346201
-51,6.5,10,conservative,True,-0.149094819453
-50,6.5,10,conservative,True,-0.149182102156
-49,6.5,10,conservative,True,-0.148412607417
-48,6.5,10,conservative,True,-0.145942054952
-47,6.5,10,conservative,True,-0.143374611083
-46,6.5,10,conservative,True,-0.137824574324
-45,6.5,10,conservative,True,-0.131530325475
-44,6.5,10,conservative,True,-0.126231235008
-43,6.5,10,conservative,True,-0.119915407901
-42,6.5,10,conservative,True,-0.114113361919
-41,6.5,10,conservative,True,-0.107650942671
-40,6.5,10,conservative,True,-0.0999323754738
-39,6.5,10,conservative,True,-0.0916825576996
-38,6.5,10,conservative,True,-0.0843693298489
-37,6.5,10,conservative,True,-0.0755581311664
-36,6.5,10,conservative,True,-0.0658404042457
-35,6.5,10,conservative,True,-0.0566589891966
-34,6.5,10,conservative,True,-0.0460353751386
-33,6.5,10,conservative,True,-0.0351622560119
-32,6.5,10,conservative,True,-0.0243886198158
-31,6.5,10,conservative,True,-0.0133208519498
-30,6.5,10,conservative,True,-0.000946080033279
-29,6.5,10,conservative,True,0.0100474757813
-28,6.5,10,conservative,True,0.0223219830244
-27,6.5,10,conservative,True,0.0347461687544
-26,6.5,10,conservative,True,0.0455682424183
-25,6.5,10,conservative,True,0.0560231644597
-24,6.5,10,conservative,True,0.0675628817261
-23,6.5,10,conservative,True,0.0771364882019
-22,6.5,10,conservative,True,0.0849943860885
-21,6.5,10,conservative,True,0.0919811784734
-20,6.5,10,conservative,True,0.09621010974
-19,6.5,10,conservative,True,0.10002618703
-18,6.5,10,conservative,True,0.103154467895
-17,6.5,10,conservative,True,0.106257632469
-16,6.5,10,conservative,True,0.107586553927
-15,6.5,10,conservative,True,0.107896596192
-14,6.5,10,conservative,True,0.104863141965
-13,6.5,10,conservative,True,0.102385733602
-12,6.5,10,conservative,True,0.0983107968176
-11,6.5,10,conservative,True,0.0935287229083
-10,6.5,10,conservative,True,0.088502489406
-9,6.5,10,conservative,True,0.0835801539948
-8,6.5,10,conservative,True,0.0764820051175
-7,6.5,10,conservative,True,0.0701089601232
-6,6.5,10,conservative,True,0.0625674104837
-5,6.5,10,conservative,True,0.0544846043434
-4,6.5,10,conservative,True,0.0462151588151
-3,6.5,10,conservative,True,0.0380502268449
-2,6.5,10,conservative,True,0.0297054179595
-1,6.5,10,conservative,True,0.0214853833851
0,6.5,10,conservative,True,0.0136714059028
1,6.5,10,conservative,True,0.00453279578446
2,6.5,10,conservative,True,-0.00334583192017
3,6.5,10,conservative,True,-0.0121236168227
4,6.5,10,conservative,True,-0.0204067805032
5,6.5,10,conservative,True,-0.0281389462401
6,6.5,10,conservative,True,-0.035756776577
7,6.5,10,conservative,True,-0.0436851671382
8,6.5,10,conservative,True,-0.050788746441
9,6.5,10,conservative,True,-0.0581454272916
10,6.5,10,conservative,True,-0.065707738643
11,6.5,10,conservative,True,-0.0728361640366
12,6.5,10,conservative,True,-0.0799098639847
13,6.5,10,conservative,True,-0.0866512847235
14,6.5,10,conservative,True,-0.0920988760698
15,6.5,10,conservative,True,-0.0990439285218
16,6.5,10,conservative,True,-0.103899670931
17,6.5,10,conservative,True,-0.109868943852
18,6.5,10,conservative,True,-0.114775660992
19,6.5,10,conservative,True,-0.120849362934
20,6.5,10,conservative,True,-0.127325562161
21,6.5,10,conservative,True,-0.133746059736
22,6.5,10,conservative,True,-0.139289311351
23,6.5,10,conservative,True,-0.14333011012
24,6.5,10,conservative,True,-0.14692867327
25,6.5,10,conservative,True,-0.153396580129
26,6.5,10,conservative,True,-0.156788243978
27,6.5,10,conservative,True,-0.161540559678
28,6.5,10,conservative,True,-0.165154311319
29,6.5,10,conservative,True,-0.170052798357
30,6.5,10,conservative,True,-0.173822505894
31,6.5,10,conservative,True,-0.177375236191
32,6.5,10,conservative,True,-0.180025391676
33,6.5,10,conservative,True,-0.182777843404
34,6.5,10,conservative,True,-0.18505337107
35,6.5,10,conservative,True,-0.186293499037
36,6.5,10,conservative,True,-0.187121579562
37,6.5,10,conservative,True,-0.18949242744
38,6.5,10,conservative,True,-0.190897864505
39,6.5,10,conservative,True,-0.193580906283
40,6.5,10,conservative,True,-0.194138598545
41,6.5,10,conservative,True,-0.194600526648
42,6.5,10,conservative,True,-0.195846870129
43,6.5,10,conservative,True,-0.195542598264
44,6.5,10,conservative,True,-0.196280034803
45,6.5,10,conservative,True,-0.193888338842
46,6.5,10,conservative,True,-0.195467281188
47,6.5,10,conservative,True,-0.19050016085
48,6.5,10,conservative,True,-0.182432004381
49,6.5,10,conservative,True,-0.181164753773
50,6.5,10,conservative,True,-0.172613297641
51,6.5,10,conservative,True,-0.171487115432
52,6.5,10,conservative,True,-0.163449393405
-52,7.5,10,conservative,True,-0.142345287461
-51,7.5,10,conservative,True,-0.140153027546
-50,7.5,10,conservative,True,-0.138299307187
-49,7.5,10,conservative,True,-0.138467724061
-48,7.5,10,conservative,True,-0.136458071074
-47,7.5,10,conservative,True,-0.133742564153
-46,7.5,10,conservative,True,-0.129268219685
-45,7.5,10,conservative,True,-0.123104343868
-44,7.5,10,conservative,True,-0.117204815716
-43,7.5,10,conservative,True,-0.111707605355
-42,7.5,10,conservative,True,-0.106122628852
-41,7.5,10,conservative,True,-0.0986971089757
-40,7.5,10,conservative,True,-0.0913373903153
-39,7.5,10,conservative,True,-0.0828923591873
-38,7.5,10,conservative,True,-0.0758002552806
-37,7.5,10,conservative,True,-0.0668570238545
-36,7.5,10,conservative,True,-0.0572394051011
-35,7.5,10,conservative,True,-0.0465555984509
-34,7.5,10,conservative,True,-0.0360944349569
-33,7.5,10,conservative,True,-0.0262298471941
-32,7.5,10,conservative,True,-0.0155239401514
-31,7.5,10,conservative,True,-0.00411206369016
-30,7.5,10,conservative,True,0.00829515908951
-29,7.5,10,conservative,True,0.0199940888461
-28,7.5,10,conservative,True,0.0315770161552
-27,7.5,10,conservative,True,0.043632779764
-26,7.5,10,conservative,True,0.0536468316904
-25,7.5,10,conservative,True,0.06543817908
-24,7.5,10,conservative,True,0.0757367866122
-23,7.5,10,conservative,True,0.0841109329455
-22,7.5,10,conservative,True,0.0926377513536
-21,7.5,10,conservative,True,0.0987589139497
-20,7.5,10,conservative,True,0.104268427602
-19,7.5,10,conservative,True,0.107999874174
-18,7.5,10,conservative,True,0.109677067739
-17,7.5,10,conservative,True,0.111718903305
-16,7.5,10,conservative,True,0.113930920582
-15,7.5,10,conservative,True,0.11444870751
-14,7.5,10,conservative,True,0.110581417648
-13,7.5,10,conservative,True,0.107327097014
-12,7.5,10,conservative,True,0.102195698283
-11,7.5,10,conservative,True,0.0983737677013
-10,7.5,10,conservative,True,0.0934294383427
-9,7.5,10,conservative,True,0.0871204432245
-8,7.5,10,conservative,True,0.0809803453719
-7,7.5,10,conservative,True,0.0734188750315
-6,7.5,10,conservative,True,0.0656877814377
-5,7.5,10,conservative,True,0.0584931747195
-4,7.5,10,conservative,True,0.0494495857819
-3,7.5,10,conservative,True,0.0408879584429
-2,7.5,10,conservative,True,0.0327507501242
-1,7.5,10,conservative,True,0.0247960373797
0,7.5,10,conservative,True,0.0167328893548
1,7.5,10,conservative,True,0.00842954620496
2,7.5,10,conservative,True,-0.00134204181948
3,7.5,10,conservative,True,-0.00862552733416
4,7.5,10,conservative,True,-0.0169019567955
5,7.5,10,conservative,True,-0.0243984528932
6,7.5,10,conservative,True,-0.0325542962487
7,7.5,10,conservative,True,-0.0395578559712
8,7.5,10,conservative,True,-0.0467606067538
9,7.5,10,conservative,True,-0.0538257423416
10,7.5,10,conservative,True,-0.0607291410403
11,7.5,10,conservative,True,-0.0676145714303
12,7.5,10,conservative,True,-0.0748309425796
13,7.5,10,conservative,True,-0.0812559339535
14,7.5,10,conservative,True,-0.086155386423
15,7.5,10,conservative,True,-0.0929934706559
16,7.5,10,conservative,True,-0.0979077514347
17,7.5,10,conservative,True,-0.103390054238
18,7.5,10,conservative,True,-0.108711141768
19,7.5,10,conservative,True,-0.114246987537
20,7.5,10,conservative,True,-0.120611467218
21,7.5,10,conservative,True,-0.12721308983
22,7.5,10,conservative,True,-0.130668121085
23,7.5,10,conservative,True,-0.136087946929
24,7.5,10,conservative,True,-0.139786232302
25,7.5,10,conservative,True,-0.144053510259
26,7.5,10,conservative,True,-0.149820886391
27,7.5,10,conservative,True,-0.15404683648
28,7.5,10,conservative,True,-0.157596075439
29,7.5,10,conservative,True,-0.161936214354
30,7.5,10,conservative,True,-0.165886214916
31,7.5,10,conservative,True,-0.168666511003
32,7.5,10,conservative,True,-0.172726542456
33,7.5,10,conservative,True,-0.174130920594
34,7.5,10,conservative,True,-0.176509561957
35,7.5,10,conservative,True,-0.176814873555
36,7.5,10,conservative,True,-0.178148943118
37,7.5,10,conservative,True,-0.18108250841
38,7.5,10,conservative,True,-0.183074122995
39,7.5,10,conservative,True,-0.186135711196
40,7.5,10,conservative,True,-0.185976281941
41,7.5,10,conservative,True,-0.187097960188
42,7.5,10,conservative,True,-0.187137670954
43,7.5,10,conservative,True,-0.188430902633
44,7.5,10,conservative,True,-0.187131341509
45,7.5,10,conservative,True,-0.187383282452
46,7.5,10,conservative,True,-0.185243805181
47,7.5,10,conservative,True,-0.179589222327
48,7.5,10,conservative,True,-0.176305523916
49,7.5,10,conservative,True,-0.171803525543
50,7.5,10,conservative,True,-0.163694642016
51,7.5,10,conservative,True,-0.161725190714
52,7.5,10,conservative,True,-0.155538141326
-52,8.5,10,conservative,True,-0.127583824608
-51,8.5,10,conservative,True,-0.126231329902
-50,8.5,10,conservative,True,-0.126466643558
-49,8.5,10,conservative,True,-0.126704237762
-48,8.5,10,conservative,True,-0.123489545755
-47,8.5,10,conservative,True,-0.120986659671
-46,8.5,10,conservative,True,-0.118200086425
-45,8.5,10,conservative,True,-0.111782348088
-44,8.5,10,conservative,True,-0.107118315185
-43,8.5,10,conservative,True,-0.101814793254
-42,8.5,10,conservative,True,-0.0950000057931
-41,8.5,10,conservative,True,-0.0883220849717
-40,8.5,10,conservative,True,-0.0814655392739
-39,8.5,10,conservative,True,-0.0742199908895
-38,8.5,10,conservative,True,-0.0658696666599
-37,8.5,10,conservative,True,-0.0573397513142
-36,8.5,10,conservative,True,-0.0472982540212
-35,8.5,10,conservative,True,-0.035357051997
-34,8.5,10,conservative,True,-0.0252722931082
-33,8.5,10,conservative,True,-0.014817629143
-32,8.5,10,conservative,True,-0.00419127066813
-31,8.5,10,conservative,True,0.00677118679522
-30,8.5,10,conservative,True,0.018546318891
-29,8.5,10,conservative,True,0.0305524585214
-28,8.5,10,conservative,True,0.0417750434249
-27,8.5,10,conservative,True,0.053513610794
-26,8.5,10,conservative,True,0.0637279252883
-25,8.5,10,conservative,True,0.0756907921553
-24,8.5,10,conservative,True,0.0853233448335
-23,8.5,10,conservative,True,0.0941051411957
-22,8.5,10,conservative,True,0.101934217146
-21,8.5,10,conservative,True,0.106449179771
-20,8.5,10,conservative,True,0.1110215219
-19,8.5,10,conservative,True,0.115103612191
-18,8.5,10,conservative,True,0.117215596418
-17,8.5,10,conservative,True,0.118128090461
-16,8.5,10,conservative,True,0.119973096043
-15,8.5,10,conservative,True,0.120491468458
-14,8.5,10,conservative,True,0.117613044281
-13,8.5,10,conservative,True,0.113210777231
-12,8.5,10,conservative,True,0.108234854273
-11,8.5,10,conservative,True,0.102880722722
-10,8.5,10,conservative,True,0.096698997266
-9,8.5,10,conservative,True,0.0906678544044
-8,8.5,10,conservative,True,0.0840014567054
-7,8.5,10,conservative,True,0.0774485201455
-6,8.5,10,conservative,True,0.0692924607648
-5,8.5,10,conservative,True,0.0617058274551
-4,8.5,10,conservative,True,0.0529352609459
-3,8.5,10,conservative,True,0.0450520800805
-2,8.5,10,conservative,True,0.0360137312449
-1,8.5,10,conservative,True,0.0283862073425
0,8.5,10,conservative,True,0.0200680907347
1,8.5,10,conservative,True,0.0112257975246
2,8.5,10,conservative,True,0.00214704810895
3,8.5,10,conservative,True,-0.00536138553366
4,8.5,10,conservative,True,-0.0126772491913
5,8.5,10,conservative,True,-0.0211662785891
6,8.5,10,conservative,True,-0.0280236660691
7,8.5,10,conservative,True,-0.0342896883459
8,8.5,10,conservative,True,-0.0415976244304
9,8.5,10,conservative,True,-0.0483022774705
10,8.5,10,conservative,True,-0.0555687806381
11,8.5,10,conservative,True,-0.0624666028651
12,8.5,10,conservative,True,-0.0684721988981
13,8.5,10,conservative,True,-0.0746048532713
14,8.5,10,conservative,True,-0.0805257567365
15,8.5,10,conservative,True,-0.0866356976803
16,8.5,10,conservative,True,-0.0917457901475
17,8.5,10,conservative,True,-0.0969100424294
18,8.5,10,conservative,True,-0.103412940222
19,8.5,10,conservative,True,-0.107558519628
20,8.5,10,conservative,True,-0.113914819301
21,8.5,10,conservative,True,-0.119802682105
22,8.5,10,conservative,True,-0.123724432276
23,8.5,10,conservative,True,-0.12787423336
24,8.5,10,conservative,True,-0.131944350579
25,8.5,10,conservative,True,-0.135971924678
26,8.5,10,conservative,True,-0.140310290241
27,8.5,10,conservative,True,-0.145371102551
28,8.5,10,conservative,True,-0.149572846657
29,8.5,10,conservative,True,-0.153214677536
30,8.5,10,conservative,True,-0.156164523841
31,8.5,10,conservative,True,-0.16032009276
32,8.5,10,conservative,True,-0.163533969458
33,8.5,10,conservative,True,-0.165228090049
34,8.5,10,conservative,True,-0.167029775195
35,8.5,10,conservative,True,-0.168962772062
36,8.5,10,conservative,True,-0.170158061882
37,8.5,10,conservative,True,-0.171516092398
38,8.5,10,conservative,True,-0.173269489701
39,8.5,10,conservative,True,-0.175754486047
40,8.5,10,conservative,True,-0.177369278349
41,8.5,10,conservative,True,-0.177421202178
42,8.5,10,conservative,True,-0.178253670057
43,8.5,10,conservative,True,-0.178783629144
44,8.5,10,conservative,True,-0.178433085652
45,8.5,10,conservative,True,-0.177778206317
46,8.5,10,conservative,True,-0.175313029003
47,8.5,10,conservative,True,-0.172189848828
48,8.5,10,conservative,True,-0.164900317075
49,8.5,10,conservative,True,-0.15964104577
50,8.5,10,conservative,True,-0.151692624239
51,8.5,10,conservative,True,-0.149781772838
52,8.5,10,conservative,True,-0.142357963364
-52,9.5,10,conservative,True,-0.115267589805
-51,9.5,10,conservative,True,-0.116891907671
-50,9.5,10,conservative,True,-0.113564233454
-49,9.5,10,conservative,True,-0.114367530201
-48,9.5,10,conservative,True,-0.111461983651
-47,9.5,10,conservative,True,-0.109017684798
-46,9.5,10,conservative,True,-0.106287546291
-45,9.5,10,conservative,True,-0.101998487582
-44,9.5,10,conservative,True,-0.0960039914767
-43,9.5,10,conservative,True,-0.089499265509
-42,9.5,10,conservative,True,-0.0841440954273
-41,9.5,10,conservative,True,-0.07668153168
-40,9.5,10,conservative,True,-0.0692972322796
-39,9.5,10,conservative,True,-0.062694731259
-38,9.5,10,conservative,True,-0.0548992068328
-37,9.5,10,conservative,True,-0.0462937978951
-36,9.5,10,conservative,True,-0.0354175716214
-35,9.5,10,conservative,True,-0.024917545606
-34,9.5,10,conservative,True,-0.0139384735041
-33,9.5,10,conservative,True,-0.0034787736188
-32,9.5,10,conservative,True,0.00762053071778
-31,9.5,10,conservative,True,0.0180293248426
-30,9.5,10,conservative,True,0.0296667172759
-29,9.5,10,conservative,True,0.0413482021866
-28,9.5,10,conservative,True,0.0534509905012
-27,9.5,10,conservative,True,0.0643184971513
-26,9.5,10,conservative,True,0.0749229837555
-25,9.5,10,conservative,True,0.0858757957352
-24,9.5,10,conservative,True,0.094316499454
-23,9.5,10,conservative,True,0.102889424744
-22,9.5,10,conservative,True,0.1102292108
-21,9.5,10,conservative,True,0.115954140774
-20,9.5,10,conservative,True,0.120219581597
-19,9.5,10,conservative,True,0.12237840521
-18,9.5,10,conservative,True,0.124924993181
-17,9.5,10,conservative,True,0.125011826041
-16,9.5,10,conservative,True,0.126003282319
-15,9.5,10,conservative,True,0.125877509148
-14,9.5,10,conservative,True,0.122659879486
-13,9.5,10,conservative,True,0.118850226898
-12,9.5,10,conservative,True,0.114346691018
-11,9.5,10,conservative,True,0.107879761925
-10,9.5,10,conservative,True,0.10138624289
-9,9.5,10,conservative,True,0.0946810384044
-8,9.5,10,conservative,True,0.0885224317141
-7,9.5,10,conservative,True,0.0815346988036
-6,9.5,10,conservative,True,0.0734585618518
-5,9.5,10,conservative,True,0.0646637478553
-4,9.5,10,conservative,True,0.0563154558526
-3,9.5,10,conservative,True,0.0473629992642
-2,9.5,10,conservative,True,0.0401371380527
-1,9.5,10,conservative,True,0.0314275221159
0,9.5,10,conservative,True,0.0233408985796
1,9.5,10,conservative,True,0.0145212141851
2,9.5,10,conservative,True,0.00670959736777
3,9.5,10,conservative,True,-0.000527123569616
4,9.5,10,conservative,True,-0.00833725442372
5,9.5,10,conservative,True,-0.0155931351743
6,9.5,10,conservative,True,-0.0244696748162
7,9.5,10,conservative,True,-0.0297417436688
8,9.5,10,conservative,True,-0.0362163542487
9,9.5,10,conservative,True,-0.0437128935203
10,9.5,10,conservative,True,-0.0504763753354
11,9.5,10,conservative,True,-0.0557389234265
12,9.5,10,conservative,True,-0.0622787600897
13,9.5,10,conservative,True,-0.0681301327866
14,9.5,10,conservative,True,-0.0740894853794
15,9.5,10,conservative,True,-0.0795464109086
16,9.5,10,conservative,True,-0.0854504353063
17,9.5,10,conservative,True,-0.0904769049544
18,9.5,10,conservative,True,-0.0962648828822
19,9.5,10,conservative,True,-0.101750946357
20,9.5,10,conservative,True,-0.10671228056
21,9.5,10,conservative,True,-0.111433641263
22,9.5,10,conservative,True,-0.115829076403
23,9.5,10,conservative,True,-0.119513572422
24,9.5,10,conservative,True,-0.12440832091
25,9.5,10,conservative,True,-0.127279449756
26,9.5,10,conservative,True,-0.131315719481
27,9.5,10,conservative,True,-0.13573871364
28,9.5,10,conservative,True,-0.139072678647
29,9.5,10,conservative,True,-0.143125669176
30,9.5,10,conservative,True,-0.147287664714
31,9.5,10,conservative,True,-0.15105075065
32,9.5,10,conservative,True,-0.154266309942
33,9.5,10,conservative,True,-0.155269641417
34,9.5,10,conservative,True,-0.154939700707
35,9.5,10,conservative,True,-0.15768160719
36,9.5,10,conservative,True,-0.15959256518
37,9.5,10,conservative,True,-0.160575594828
38,9.5,10,conservative,True,-0.163287546686
39,9.5,10,conservative,True,-0.165315834533
40,9.5,10,conservative,True,-0.165475833315
41,9.5,10,conservative,True,-0.166843329507
42,9.5,10,conservative,True,-0.166792819575
43,9.5,10,conservative,True,-0.166941737802
44,9.5,10,conservative,True,-0.165984276804
45,9.5,10,conservative,True,-0.164065176076
46,9.5,10,conservative,True,-0.159769246629
47,9.5,10,conservative,True,-0.157033035508
48,9.5,10,conservative,True,-0.151394845143
49,9.5,10,conservative,True,-0.146485127837
50,9.5,10,conservative,True,-0.139597066872
51,9.5,10,conservative,True,-0.134007988762
52,9.5,10,conservative,True,-0.128946297108
-52,10.5,10,conservative,True,-0.101435013748
-51,10.5,10,conservative,True,-0.104780943317
-50,10.5,10,conservative,True,-0.101088578225
-49,10.5,10,conservative,True,-0.100199784793
-48,10.5,10,conservative,True,-0.0960232066765
-47,10.5,10,conservative,True,-0.0950527845452
-46,10.5,10,conservative,True,-0.0914170806698
-45,10.5,10,conservative,True,-0.0879841278339
-44,10.5,10,conservative,True,-0.0833144597865
-43,10.5,10,conservative,True,-0.0764793698417
-42,10.5,10,conservative,True,-0.0703658746344
-41,10.5,10,conservative,True,-0.0645171262266
-40,10.5,10,conservative,True,-0.0576231141768
-39,10.5,10,conservative,True,-0.0497016850665
-38,10.5,10,conservative,True,-0.0411150485281
-37,10.5,10,conservative,True,-0.0312528176203
-36,10.5,10,conservative,True,-0.0225138848059
-35,10.5,10,conservative,True,-0.0111833642027
-34,10.5,10,conservative,True,-0.00078700057315
-33,10.5,10,conservative,True,0.00993998817679
-32,10.5,10,conservative,True,0.0196352440505
-31,10.5,10,conservative,True,0.0311159965744
-30,10.5,10,conservative,True,0.043240643268
-29,10.5,10,conservative,True,0.0542598580299
-28,10.5,10,conservative,True,0.0656657316887
-27,10.5,10,conservative,True,0.0769887461237
-26,10.5,10,conservative,True,0.087260314696
-25,10.5,10,conservative,True,0.0974112088114
-24,10.5,10,conservative,True,0.106186702757
-23,10.5,10,conservative,True,0.11421497648
-22,10.5,10,conservative,True,0.120668592398
-21,10.5,10,conservative,True,0.126204581351
-20,10.5,10,conservative,True,0.130075145858
-19,10.5,10,conservative,True,0.13157181284
-18,10.5,10,conservative,True,0.132638309692
-17,10.5,10,conservative,True,0.133085085027
-16,10.5,10,conservative,True,0.132489683915
-15,10.5,10,conservative,True,0.132155988477
-14,10.5,10,conservative,True,0.128837974106
-13,10.5,10,conservative,True,0.124134604715
-12,10.5,10,conservative,True,0.118810050223
-11,10.5,10,conservative,True,0.113408362375
-10,10.5,10,conservative,True,0.106028519336
-9,10.5,10,conservative,True,0.0995359941336
-8,10.5,10,conservative,True,0.092558554331
-7,10.5,10,conservative,True,0.0854743047327
-6,10.5,10,conservative,True,0.0773523162413
-5,10.5,10,conservative,True,0.0693450869775
-4,10.5,10,conservative,True,0.059430444041
-3,10.5,10,conservative,True,0.0516382354484
-2,10.5,10,conservative,True,0.0437566405972
-1,10.5,10,conservative,True,0.0358467115692
0,10.5,10,conservative,True,0.0275513925901
1,10.5,10,conservative,True,0.0190178604733
2,10.5,10,conservative,True,0.0109328270941
3,10.5,10,conservative,True,0.00251390517126
4,10.5,10,conservative,True,-0.00450817432207
5,10.5,10,conservative,True,-0.0114491424691
6,10.5,10,conservative,True,-0.0189044819978
7,10.5,10,conservative,True,-0.0250479146431
8,10.5,10,conservative,True,-0.0321377093867
9,10.5,10,conservative,True,-0.0383906984977
10,10.5,10,conservative,True,-0.0448331943164
11,10.5,10,conservative,True,-0.0497922254098
12,10.5,10,conservative,True,-0.0552817577667
13,10.5,10,conservative,True,-0.0614689764314
14,10.5,10,conservative,True,-0.0666843974566
15,10.5,10,conservative,True,-0.0724854129622
16,10.5,10,conservative,True,-0.0781488029637
17,10.5,10,conservative,True,-0.0840360406717
18,10.5,10,conservative,True,-0.0892086222243
19,10.5,10,conservative,True,-0.0934670616218
20,10.5,10,conservative,True,-0.0989542169465
21,10.5,10,conservative,True,-0.10234705163
22,10.5,10,conservative,True,-0.105760676903
23,10.5,10,conservative,True,-0.109266959651
24,10.5,10,conservative,True,-0.11404579374
25,10.5,10,conservative,True,-0.117451204724
26,10.5,10,conservative,True,-0.120028589463
27,10.5,10,conservative,True,-0.123908469064
28,10.5,10,conservative,True,-0.127048690667
29,10.5,10,conservative,True,-0.131950781256
30,10.5,10,conservative,True,-0.136236681772
31,10.5,10,conservative,True,-0.1409984056
32,10.5,10,conservative,True,-0.143887326672
33,10.5,10,conservative,True,-0.143096999402
34,10.5,10,conservative,True,-0.144140243462
35,10.5,10,conservative,True,-0.146607090369
36,10.5,10,conservative,True,-0.148464957579
37,10.5,10,conservative,True,-0.150861903873
38,10.5,10,conservative,True,-0.152559562576
39,10.5,10,conservative,True,-0.152416351542
40,10.5,10,conservative,True,-0.153801496608
41,10.5,10,conservative,True,-0.153571483029
42,10.5,10,conservative,True,-0.155398200623
43,10.5,10,conservative,True,-0.153318758621
44,10.5,10,conservative,True,-0.151537225295
45,10.5,10,conservative,True,-0.150112485006
46,10.5,10,conservative,True,-0.144553784322
47,10.5,10,conservative,True,-0.140477236906
48,10.5,10,conservative,True,-0.137150401433
49,10.5,10,conservative,True,-0.131348500818
50,10.5,10,conservative,True,-0.127301768778
51,10.5,10,conservative,True,-0.115801751904
52,10.5,10,conservative,True,-0.109762343716
-52,11.5,10,conservative,True,-0.0872715292188
-51,11.5,10,conservative,True,-0.0907110240875
-50,11.5,10,conservative,True,-0.0871095001775
-49,11.5,10,conservative,True,-0.0846365045056
-48,11.5,10,conservative,True,-0.0809156583818
-47,11.5,10,conservative,True,-0.0798163949874
-46,11.5,10,conservative,True,-0.0758826161984
-45,11.5,10,conservative,True,-0.0727391799708
-44,11.5,10,conservative,True,-0.065916273935
-43,11.5,10,conservative,True,-0.0606052215897
-42,11.5,10,conservative,True,-0.0554893341492
-41,11.5,10,conservative,True,-0.0490202537827
-40,11.5,10,conservative,True,-0.0421518465065
-39,11.5,10,conservative,True,-0.0355955422194
-38,11.5,10,conservative,True,-0.027081294685
-37,11.5,10,conservative,True,-0.0176852666205
-36,11.5,10,conservative,True,-0.00845653302798
-35,11.5,10,conservative,True,0.00247323160149
-34,11.5,10,conservative,True,0.0145358243754
-33,11.5,10,conservative,True,0.0242736856997
-32,11.5,10,conservative,True,0.0341307352553
-31,11.5,10,conservative,True,0.0459143599967
-30,11.5,10,conservative,True,0.058384979789
-29,11.5,10,conservative,True,0.0691039324441
-28,11.5,10,conservative,True,0.0795853480126
-27,11.5,10,conservative,True,0.0901412102524
-26,11.5,10,conservative,True,0.10102559778
-25,11.5,10,conservative,True,0.110380287435
-24,11.5,10,conservative,True,0.118834714956
-23,11.5,10,conservative,True,0.1250644909
-22,11.5,10,conservative,True,0.13100415618
-21,11.5,10,conservative,True,0.135455151156
-20,11.5,10,conservative,True,0.139168781194
-19,11.5,10,conservative,True,0.140938809361
-18,11.5,10,conservative,True,0.141600280569
-17,11.5,10,conservative,True,0.14158342974
-16,11.5,10,conservative,True,0.140232345476
-15,11.5,10,conservative,True,0.138239558153
-14,11.5,10,conservative,True,0.13389864777
-13,11.5,10,conservative,True,0.129307143692
-12,11.5,10,conservative,True,0.123431827857
-11,11.5,10,conservative,True,0.117632011451
-10,11.5,10,conservative,True,0.110955019724
-9,11.5,10,conservative,True,0.103527999865
-8,11.5,10,conservative,True,0.0958609902227
-7,11.5,10,conservative,True,0.0894925898207
-6,11.5,10,conservative,True,0.0806891013094
-5,11.5,10,conservative,True,0.0721960500036
-4,11.5,10,conservative,True,0.0641458478401
-3,11.5,10,conservative,True,0.0552953533841
-2,11.5,10,conservative,True,0.0474957645254
-1,11.5,10,conservative,True,0.0395688276142
0,11.5,10,conservative,True,0.0310357469483
1,11.5,10,conservative,True,0.0231531636963
2,11.5,10,conservative,True,0.0147116672259
3,11.5,10,conservative,True,0.00662960133142
4,11.5,10,conservative,True,-0.000153835054923
5,11.5,10,conservative,True,-0.00672533842749
6,11.5,10,conservative,True,-0.0140748954982
7,11.5,10,conservative,True,-0.0192976503315
8,11.5,10,conservative,True,-0.0261084218479
9,11.5,10,conservative,True,-0.0330364719912
10,11.5,10,conservative,True,-0.0385120553643
11,11.5,10,conservative,True,-0.0429120561547
12,11.5,10,conservative,True,-0.0489068472008
13,11.5,10,conservative,True,-0.053294059684
14,11.5,10,conservative,True,-0.059534131414
15,11.5,10,conservative,True,-0.0650589470083
16,11.5,10,conservative,True,-0.0702508884629
17,11.5,10,conservative,True,-0.0755996030292
18,11.5,10,conservative,True,-0.0800113296755
19,11.5,10,conservative,True,-0.0849415966484
20,11.5,10,conservative,True,-0.0880835611535
21,11.5,10,conservative,True,-0.0908055104437
22,11.5,10,conservative,True,-0.0964290447995
23,11.5,10,conservative,True,-0.100293904486
24,11.5,10,conservative,True,-0.10310781832
25,11.5,10,conservative,True,-0.105513335021
26,11.5,10,conservative,True,-0.109104104222
27,11.5,10,conservative,True,-0.112847637151
28,11.5,10,conservative,True,-0.114870374914
29,11.5,10,conservative,True,-0.119561173993
30,11.5,10,conservative,True,-0.122692167093
31,11.5,10,conservative,True,-0.12643601592
32,11.5,10,conservative,True,-0.128779026273
33,11.5,10,conservative,True,-0.13082701324
34,11.5,10,conservative,True,-0.131363677244
35,11.5,10,conservative,True,-0.132416281237
36,11.5,10,conservative,True,-0.135649411447
37,11.5,10,conservative,True,-0.136937783453
38,11.5,10,conservative,True,-0.138385046563
39,11.5,10,conservative,True,-0.140883394091
40,11.5,10,conservative,True,-0.141105107205
41,11.5,10,conservative,True,-0.14112787323
42,11.5,10,conservative,True,-0.139333308173
43,11.5,10,conservative,True,-0.138658372707
44,11.5,10,conservative,True,-0.135669135901
45,11.5,10,conservative,True,-0.132711990489
46,11.5,10,conservative,True,-0.128002140843
47,11.5,10,conservative,True,-0.12738549577
48,11.5,10,conservative,True,-0.122253746628
49,11.5,10,conservative,True,-0.118082832052
50,11.5,10,conservative,True,-0.10662986872
51,11.5,10,conservative,True,-0.0988072351558
52,11.5,10,conservative,True,-0.0895850604301
-52,12.5,10,conservative,True,-0.0729602826435
-51,12.5,10,conservative,True,-0.0747059948461
-50,12.5,10,conservative,True,-0.0725787762655
-49,12.5,10,conservative,True,-0.0710400315621
-48,12.5,10,conservative,True,-0.0644054096653
-47,12.5,10,conservative,True,-0.0610129569811
-46,12.5,10,conservative,True,-0.0572615289954
-45,12.5,10,conservative,True,-0.0553155312735
-44,12.5,10,conservative,True,-0.0514365090816
-43,12.5,10,conservative,True,-0.0445356012829
-42,12.5,10,conservative,True,-0.0377819899057
-41,12.5,10,conservative,True,-0.0324583634435
-40,12.5,10,conservative,True,-0.0261790937318
-39,12.5,10,conservative,True,-0.0175677621055
-38,12.5,10,conservative,True,-0.00935531306284
-37,12.5,10,conservative,True,-0.00140524487408
-36,12.5,10,conservative,True,0.00872404841018
-35,12.5,10,conservative,True,0.0193277190068
-34,12.5,10,conservative,True,0.0306092403202
-33,12.5,10,conservative,True,0.039762447833
-32,12.5,10,conservative,True,0.0507816389541
-31,12.5,10,conservative,True,0.0623639641812
-30,12.5,10,conservative,True,0.0727288764096
-29,12.5,10,conservative,True,0.0838452341206
-28,12.5,10,conservative,True,0.0950212535029
-27,12.5,10,conservative,True,0.104617854332
-26,12.5,10,conservative,True,0.114010852887
-25,12.5,10,conservative,True,0.121709206608
-24,12.5,10,conservative,True,0.129519661426
-23,12.5,10,conservative,True,0.135840399762
-22,12.5,10,conservative,True,0.142272951218
-21,12.5,10,conservative,True,0.145743623862
-20,12.5,10,conservative,True,0.148645844219
-19,12.5,10,conservative,True,0.14998229881
-18,12.5,10,conservative,True,0.149978046858
-17,12.5,10,conservative,True,0.148453718466
-16,12.5,10,conservative,True,0.14858200067
-15,12.5,10,conservative,True,0.145233228488
-14,12.5,10,conservative,True,0.140785343599
-13,12.5,10,conservative,True,0.136304817404
-12,12.5,10,conservative,True,0.129444000109
-11,12.5,10,conservative,True,0.121837688367
-10,12.5,10,conservative,True,0.115365963722
-9,12.5,10,conservative,True,0.10862586304
-8,12.5,10,conservative,True,0.100762227777
-7,12.5,10,conservative,True,0.0927581513232
-6,12.5,10,conservative,True,0.084941635238
-5,12.5,10,conservative,True,0.0759947963659
-4,12.5,10,conservative,True,0.0671584789526
-3,12.5,10,conservative,True,0.0592988770402
-2,12.5,10,conservative,True,0.0512886230302
-1,12.5,10,conservative,True,0.0436273135792
0,12.5,10,conservative,True,0.0351777206387
1,12.5,10,conservative,True,0.0275074002368
2,12.5,10,conservative,True,0.0202572361378
3,12.5,10,conservative,True,0.012565231401
4,12.5,10,conservative,True,0.00509592860787
5,12.5,10,conservative,True,-0.000794977373998
6,12.5,10,conservative,True,-0.00805892353027
7,12.5,10,conservative,True,-0.014223881828
8,12.5,10,conservative,True,-0.0199085380691
9,12.5,10,conservative,True,-0.0264181567438
10,12.5,10,conservative,True,-0.0312043109961
11,12.5,10,conservative,True,-0.0363964258688
12,12.5,10,conservative,True,-0.041486034332
13,12.5,10,conservative,True,-0.0464559808756
14,12.5,10,conservative,True,-0.0519822287401
15,12.5,10,conservative,True,-0.0567426677925
16,12.5,10,conservative,True,-0.0620773426942
17,12.5,10,conservative,True,-0.0654896743754
18,12.5,10,conservative,True,-0.0700329237083
19,12.5,10,conservative,True,-0.072862352316
20,12.5,10,conservative,True,-0.0768166896003
21,12.5,10,conservative,True,-0.0805712893797
22,12.5,10,conservative,True,-0.0838912143147
23,12.5,10,conservative,True,-0.0880103476128
24,12.5,10,conservative,True,-0.0914272217287
25,12.5,10,conservative,True,-0.0941084444619
26,12.5,10,conservative,True,-0.0973886214166
27,12.5,10,conservative,True,-0.099657325291
28,12.5,10,conservative,True,-0.102886083221
29,12.5,10,conservative,True,-0.10615832901
30,12.5,10,conservative,True,-0.108742250332
31,12.5,10,conservative,True,-0.111601454197
32,12.5,10,conservative,True,-0.114084826636
33,12.5,10,conservative,True,-0.116081339008
34,12.5,10,conservative,True,-0.115919762023
35,12.5,10,conservative,True,-0.116793125851
36,12.5,10,conservative,True,-0.1192363716
37,12.5,10,conservative,True,-0.121283699878
38,12.5,10,conservative,True,-0.123974838087
39,12.5,10,conservative,True,-0.125146599831
40,12.5,10,conservative,True,-0.124819583953
41,12.5,10,conservative,True,-0.125336999414
42,12.5,10,conservative,True,-0.123884729239
43,12.5,10,conservative,True,-0.122563549881
44,12.5,10,conservative,True,-0.117748580773
45,12.5,10,conservative,True,-0.117533823582
46,12.5,10,conservative,True,-0.114361272554
47,12.5,10,conservative,True,-0.109731790223
48,12.5,10,conservative,True,-0.104412237968
49,12.5,10,conservative,True,-0.0963285700727
50,12.5,10,conservative,True,-0.0878423321676
51,12.5,10,conservative,True,-0.0746565964012
52,12.5,10,conservative,True,-0.0655790112997
-52,13.5,10,conservative,True,-0.0532989414922
-51,13.5,10,conservative,True,-0.0566700801508
-50,13.5,10,conservative,True,-0.0558615150846
-49,13.5,10,conservative,True,-0.0545287012878
-48,13.5,10,conservative,True,-0.0487676178203
-47,13.5,10,conservative,True,-0.0420984052181
-46,13.5,10,conservative,True,-0.0401608844387
-45,13.5,10,conservative,True,-0.0361594899253
-44,13.5,10,conservative,True,-0.0328690530812
-43,13.5,10,conservative,True,-0.0295735778729
-42,13.5,10,conservative,True,-0.0208457943237
-41,13.5,10,conservative,True,-0.0151573307962
-40,13.5,10,conservative,True,-0.00785425200504
-39,13.5,10,conservative,True,-0.000184331881323
-38,13.5,10,conservative,True,0.00822334409398
-37,13.5,10,conservative,True,0.0180628389573
-36,13.5,10,conservative,True,0.02714960412
-35,13.5,10,conservative,True,0.0360689485518
-34,13.5,10,conservative,True,0.0465147446859
-33,13.5,10,conservative,True,0.0571951163539
-32,13.5,10,conservative,True,0.0676230780541
-31,13.5,10,conservative,True,0.0788641464937
-30,13.5,10,conservative,True,0.0904929730578
-29,13.5,10,conservative,True,0.10073444099
-28,13.5,10,conservative,True,0.111010171147
-27,13.5,10,conservative,True,0.120170660167
-26,13.5,10,conservative,True,0.128329814841
-25,13.5,10,conservative,True,0.136740699083
-24,13.5,10,conservative,True,0.143163388697
-23,13.5,10,conservative,True,0.148624109177
-22,13.5,10,conservative,True,0.152856720068
-21,13.5,10,conservative,True,0.154875370872
-20,13.5,10,conservative,True,0.157123189928
-19,13.5,10,conservative,True,0.158737439196
-18,13.5,10,conservative,True,0.157546560248
-17,13.5,10,conservative,True,0.156357978001
-16,13.5,10,conservative,True,0.155095781142
-15,13.5,10,conservative,True,0.151533419921
-14,13.5,10,conservative,True,0.146910790312
-13,13.5,10,conservative,True,0.141612929701
-12,13.5,10,conservative,True,0.134643529006
-11,13.5,10,conservative,True,0.127436628051
-10,13.5,10,conservative,True,0.121045931499
-9,13.5,10,conservative,True,0.114995157279
-8,13.5,10,conservative,True,0.106343684895
-7,13.5,10,conservative,True,0.0981895248641
-6,13.5,10,conservative,True,0.0898126285469
-5,13.5,10,conservative,True,0.0805625569557
-4,13.5,10,conservative,True,0.0722170727749
-3,13.5,10,conservative,True,0.0633941808003
-2,13.5,10,conservative,True,0.05515519754
-1,13.5,10,conservative,True,0.047410120414
0,13.5,10,conservative,True,0.0400184148732
1,13.5,10,conservative,True,0.0328890257613
2,13.5,10,conservative,True,0.0248657933628
3,13.5,10,conservative,True,0.0167035330042
4,13.5,10,conservative,True,0.00924805410657
5,13.5,10,conservative,True,0.00323560832356
6,13.5,10,conservative,True,-0.00317986949266
7,13.5,10,conservative,True,-0.00838038051907
8,13.5,10,conservative,True,-0.0138312953041
9,13.5,10,conservative,True,-0.0187108456068
10,13.5,10,conservative,True,-0.0249521661994
11,13.5,10,conservative,True,-0.0286464204464
12,13.5,10,conservative,True,-0.0341547437142
13,13.5,10,conservative,True,-0.0385973451865
14,13.5,10,conservative,True,-0.0423636624289
15,13.5,10,conservative,True,-0.0480940913544
16,13.5,10,conservative,True,-0.052916581793
17,13.5,10,conservative,True,-0.0555832277978
18,13.5,10,conservative,True,-0.0594318531702
19,13.5,10,conservative,True,-0.061199007291
20,13.5,10,conservative,True,-0.0651780841945
21,13.5,10,conservative,True,-0.0699451861125
22,13.5,10,conservative,True,-0.072150914022
23,13.5,10,conservative,True,-0.0756489502888
24,13.5,10,conservative,True,-0.079617629242
25,13.5,10,conservative,True,-0.0822478785809
26,13.5,10,conservative,True,-0.0839616378192
27,13.5,10,conservative,True,-0.0849456246653
28,13.5,10,conservative,True,-0.0879746515537
29,13.5,10,conservative,True,-0.0913342064055
30,13.5,10,conservative,True,-0.0935266601568
31,13.5,10,conservative,True,-0.0959827981698
32,13.5,10,conservative,True,-0.0985763582319
33,13.5,10,conservative,True,-0.0985994766988
34,13.5,10,conservative,True,-0.101247721859
35,13.5,10,conservative,True,-0.102316421569
36,13.5,10,conservative,True,-0.103078295129
37,13.5,10,conservative,True,-0.104993576532
38,13.5,10,conservative,True,-0.105771600026
39,13.5,10,conservative,True,-0.10762751961
40,13.5,10,conservative,True,-0.107241928128
41,13.5,10,conservative,True,-0.106120755709
42,13.5,10,conservative,True,-0.104903957171
43,13.5,10,conservative,True,-0.105085054727
44,13.5,10,conservative,True,-0.0995845055796
45,13.5,10,conservative,True,-0.0974574640885
46,13.5,10,conservative,True,-0.0954122403141
47,13.5,10,conservative,True,-0.0866358125056
48,13.5,10,conservative,True,-0.0810658812649
49,13.5,10,conservative,True,-0.0743235276775
50,13.5,10,conservative,True,-0.0628716005969
51,13.5,10,conservative,True,-0.0504357244316
52,13.5,10,conservative,True,-0.0353375871471
-52,14.5,10,conservative,True,-0.0323185506756
-51,14.5,10,conservative,True,-0.0323309503157
-50,14.5,10,conservative,True,-0.0347322461024
-49,14.5,10,conservative,True,-0.0351685445601
-48,14.5,10,conservative,True,-0.0301640996094
-47,14.5,10,conservative,True,-0.0242756460876
-46,14.5,10,conservative,True,-0.0222128767764
-45,14.5,10,conservative,True,-0.017057716451
-44,14.5,10,conservative,True,-0.0135617047642
-43,14.5,10,conservative,True,-0.00820837850109
-42,14.5,10,conservative,True,-0.00177949666879
-41,14.5,10,conservative,True,0.00306791969582
-40,14.5,10,conservative,True,0.011218394399
-39,14.5,10,conservative,True,0.0189360288862
-38,14.5,10,conservative,True,0.0268251349277
-37,14.5,10,conservative,True,0.0367459920096
-36,14.5,10,conservative,True,0.0461843135979
-35,14.5,10,conservative,True,0.0556129080578
-34,14.5,10,conservative,True,0.0662827444608
-33,14.5,10,conservative,True,0.0750835922729
-32,14.5,10,conservative,True,0.0861169682445
-31,14.5,10,conservative,True,0.096645526974
-30,14.5,10,conservative,True,0.107116090001
-29,14.5,10,conservative,True,0.118113332129
-28,14.5,10,conservative,True,0.127935280011
-27,14.5,10,conservative,True,0.135957490741
-26,14.5,10,conservative,True,0.143452008574
-25,14.5,10,conservative,True,0.150169250303
-24,14.5,10,conservative,True,0.157047974258
-23,14.5,10,conservative,True,0.16241906845
-22,14.5,10,conservative,True,0.164396279101
-21,14.5,10,conservative,True,0.166172981975
-20,14.5,10,conservative,True,0.167093691988
-19,14.5,10,conservative,True,0.167589340976
-18,14.5,10,conservative,True,0.166130748457
-17,14.5,10,conservative,True,0.164960177506
-16,14.5,10,conservative,True,0.16187142193
-15,14.5,10,conservative,True,0.158561802751
-14,14.5,10,conservative,True,0.153074239886
-13,14.5,10,conservative,True,0.147070745908
-12,14.5,10,conservative,True,0.140409301348
-11,14.5,10,conservative,True,0.133285036791
-10,14.5,10,conservative,True,0.126673886167
-9,14.5,10,conservative,True,0.118404996624
-8,14.5,10,conservative,True,0.110409037249
-7,14.5,10,conservative,True,0.103328044335
-6,14.5,10,conservative,True,0.0947603948984
-5,14.5,10,conservative,True,0.0862108619218
-4,14.5,10,conservative,True,0.0770164236313
-3,14.5,10,conservative,True,0.0680065425206
-2,14.5,10,conservative,True,0.0594244281641
-1,14.5,10,conservative,True,0.0518351537091
0,14.5,10,conservative,True,0.0441318057744
1,14.5,10,conservative,True,0.0371629017709
2,14.5,10,conservative,True,0.0301447734354
3,14.5,10,conservative,True,0.0224683178194
4,14.5,10,conservative,True,0.0146488447083
5,14.5,10,conservative,True,0.00807102208816
6,14.5,10,conservative,True,0.00266285946473
7,14.5,10,conservative,True,-0.0019182707876
8,14.5,10,conservative,True,-0.00730523145263
9,14.5,10,conservative,True,-0.0121240950026
10,14.5,10,conservative,True,-0.0168052335475
11,14.5,10,conservative,True,-0.0235868937904
12,14.5,10,conservative,True,-0.0261383260749
13,14.5,10,conservative,True,-0.0300534163455
14,14.5,10,conservative,True,-0.0351051517493
15,14.5,10,conservative,True,-0.0381121942236
16,14.5,10,conservative,True,-0.0422473124397
17,14.5,10,conservative,True,-0.0459776683258
18,14.5,10,conservative,True,-0.0485479398804
19,14.5,10,conservative,True,-0.0514885762293
20,14.5,10,conservative,True,-0.0542959804144
21,14.5,10,conservative,True,-0.0577727046674
22,14.5,10,conservative,True,-0.0597229159471
23,14.5,10,conservative,True,-0.062471404919
24,14.5,10,conservative,True,-0.0651973475343
25,14.5,10,conservative,True,-0.0690602472877
26,14.5,10,conservative,True,-0.0688324314703
27,14.5,10,conservative,True,-0.0706708955949
28,14.5,10,conservative,True,-0.0730620708033
29,14.5,10,conservative,True,-0.076338887692
30,14.5,10,conservative,True,-0.0773770030071
31,14.5,10,conservative,True,-0.0799879597971
32,14.5,10,conservative,True,-0.0823039744218
33,14.5,10,conservative,True,-0.0846142252788
34,14.5,10,conservative,True,-0.0848042452431
35,14.5,10,conservative,True,-0.0868409414066
36,14.5,10,conservative,True,-0.087722172399
37,14.5,10,conservative,True,-0.087933679067
38,14.5,10,conservative,True,-0.0886909920615
39,14.5,10,conservative,True,-0.0898808326558
40,14.5,10,conservative,True,-0.0886676630846
41,14.5,10,conservative,True,-0.0878595085453
42,14.5,10,conservative,True,-0.0855385776759
43,14.5,10,conservative,True,-0.0833178565489
44,14.5,10,conservative,True,-0.0792899615983
45,14.5,10,conservative,True,-0.0759221750883
46,14.5,10,conservative,True,-0.0681757913901
47,14.5,10,conservative,True,-0.0672107300529
48,14.5,10,conservative,True,-0.0562908924092
49,14.5,10,conservative,True,-0.0473550171461
50,14.5,10,conservative,True,-0.0336283293096
51,14.5,10,conservative,True,-0.0219236570918
52,14.5,10,conservative,True,-0.003010803105
-52,15.5,10,conservative,True,-0.00755872226937
-51,15.5,10,conservative,True,-0.00928945317189
-50,15.5,10,conservative,True,-0.00972703574498
-49,15.5,10,conservative,True,-0.00565368817901
-48,15.5,10,conservative,True,-0.00810242304594
-47,15.5,10,conservative,True,-0.00501681372698
-46,15.5,10,conservative,True,-0.00362306321125
-45,15.5,10,conservative,True,0.00260511154309
-44,15.5,10,conservative,True,0.00822298369531
-43,15.5,10,conservative,True,0.0134645681166
-42,15.5,10,conservative,True,0.0181125801032
-41,15.5,10,conservative,True,0.023442898339
-40,15.5,10,conservative,True,0.030709308515
-39,15.5,10,conservative,True,0.0394967224145
-38,15.5,10,conservative,True,0.0468529168968
-37,15.5,10,conservative,True,0.0565252947429
-36,15.5,10,conservative,True,0.0669063554305
-35,15.5,10,conservative,True,0.0778165400752
-34,15.5,10,conservative,True,0.0861234198567
-33,15.5,10,conservative,True,0.0959685116126
-32,15.5,10,conservative,True,0.104680685638
-31,15.5,10,conservative,True,0.114545482475
-30,15.5,10,conservative,True,0.123889648424
-29,15.5,10,conservative,True,0.134714905149
-28,15.5,10,conservative,True,0.145066900329
-27,15.5,10,conservative,True,0.151462273531
-26,15.5,10,conservative,True,0.157047497601
-25,15.5,10,conservative,True,0.16454792338
-24,15.5,10,conservative,True,0.171337208498
-23,15.5,10,conservative,True,0.174509052572
-22,15.5,10,conservative,True,0.177064676017
-21,15.5,10,conservative,True,0.177885108977
-20,15.5,10,conservative,True,0.177692816798
-19,15.5,10,conservative,True,0.176404687959
-18,15.5,10,conservative,True,0.174823178823
-17,15.5,10,conservative,True,0.17346292128
-16,15.5,10,conservative,True,0.170744186082
-15,15.5,10,conservative,True,0.165657476915
-14,15.5,10,conservative,True,0.159334692936
-13,15.5,10,conservative,True,0.152779768965
-12,15.5,10,conservative,True,0.146102493727
-11,15.5,10,conservative,True,0.139153093354
-10,15.5,10,conservative,True,0.131622206968
-9,15.5,10,conservative,True,0.122467448417
-8,15.5,10,conservative,True,0.115321793249
-7,15.5,10,conservative,True,0.107199832335
-6,15.5,10,conservative,True,0.0993724374641
-5,15.5,10,conservative,True,0.0902071897892
-4,15.5,10,conservative,True,0.0808253781018
-3,15.5,10,conservative,True,0.0720778925273
-2,15.5,10,conservative,True,0.0639460063452
-1,15.5,10,conservative,True,0.0564501896914
0,15.5,10,conservative,True,0.0487179737424
1,15.5,10,conservative,True,0.0429094195945
2,15.5,10,conservative,True,0.0346787018333
3,15.5,10,conservative,True,0.0270772304227
4,15.5,10,conservative,True,0.0201213882585
5,15.5,10,conservative,True,0.0140446495706
6,15.5,10,conservative,True,0.00840880194525
7,15.5,10,conservative,True,0.00365080964979
8,15.5,10,conservative,True,-0.00139048782955
9,15.5,10,conservative,True,-0.00654673722262
10,15.5,10,conservative,True,-0.0112692284746
11,15.5,10,conservative,True,-0.0146909447218
12,15.5,10,conservative,True,-0.0186769450989
13,15.5,10,conservative,True,-0.0207075578732
14,15.5,10,conservative,True,-0.0250314253794
15,15.5,10,conservative,True,-0.0292700933923
16,15.5,10,conservative,True,-0.0324969651772
17,15.5,10,conservative,True,-0.034787645462
18,15.5,10,conservative,True,-0.0377813962143
19,15.5,10,conservative,True,-0.0400643534988
20,15.5,10,conservative,True,-0.0425554013108
21,15.5,10,conservative,True,-0.0450940265608
22,15.5,10,conservative,True,-0.0464991118909
23,15.5,10,conservative,True,-0.049337622021
24,15.5,10,conservative,True,-0.0514203167409
25,15.5,10,conservative,True,-0.0530321455244
26,15.5,10,conservative,True,-0.0544061566872
27,15.5,10,conservative,True,-0.0549046605812
28,15.5,10,conservative,True,-0.0570720030145
29,15.5,10,conservative,True,-0.0596499913363
30,15.5,10,conservative,True,-0.060756997486
31,15.5,10,conservative,True,-0.0632803992934
32,15.5,10,conservative,True,-0.0653526717141
33,15.5,10,conservative,True,-0.0658549894684
34,15.5,10,conservative,True,-0.0674287506834
35,15.5,10,conservative,True,-0.068412524493
36,15.5,10,conservative,True,-0.0698244056571
37,15.5,10,conservative,True,-0.071045132541
38,15.5,10,conservative,True,-0.0719537878953
39,15.5,10,conservative,True,-0.0706851951498
40,15.5,10,conservative,True,-0.0698027674109
41,15.5,10,conservative,True,-0.0672971432376
42,15.5,10,conservative,True,-0.0651509435709
43,15.5,10,conservative,True,-0.0637153610458
44,15.5,10,conservative,True,-0.0556665123443
45,15.5,10,conservative,True,-0.0507368111619
46,15.5,10,conservative,True,-0.0443706683771
47,15.5,10,conservative,True,-0.0422556451074
48,15.5,10,conservative,True,-0.0292790016384
49,15.5,10,conservative,True,-0.0174676856449
50,15.5,10,conservative,True,-0.00728472726001
51,15.5,10,conservative,True,0.00875280442737
52,15.5,10,conservative,True,0.0226288955021
-52,16.5,10,conservative,True,0.0132873110576
-51,16.5,10,conservative,True,0.0171316943782
-50,16.5,10,conservative,True,0.0174146380957
-49,16.5,10,conservative,True,0.0194450465965
-48,16.5,10,conservative,True,0.0169548948813
-47,16.5,10,conservative,True,0.0169539281552
-46,16.5,10,conservative,True,0.0192809051531
-45,16.5,10,conservative,True,0.0229747826997
-44,16.5,10,conservative,True,0.0307994452662
-43,16.5,10,conservative,True,0.0355161577999
-42,16.5,10,conservative,True,0.0411124806995
-41,16.5,10,conservative,True,0.0454864411581
-40,16.5,10,conservative,True,0.0529613782743
-39,16.5,10,conservative,True,0.0603802172255
-38,16.5,10,conservative,True,0.067454077527
-37,16.5,10,conservative,True,0.0773483206137
-36,16.5,10,conservative,True,0.0874151334155
-35,16.5,10,conservative,True,0.097894025195
-34,16.5,10,conservative,True,0.107182878675
-33,16.5,10,conservative,True,0.116818948875
-32,16.5,10,conservative,True,0.125316662723
-31,16.5,10,conservative,True,0.134290695146
-30,16.5,10,conservative,True,0.142813667901
-29,16.5,10,conservative,True,0.152022121785
-28,16.5,10,conservative,True,0.160221936276
-27,16.5,10,conservative,True,0.166179096121
-26,16.5,10,conservative,True,0.172345414035
-25,16.5,10,conservative,True,0.177881163253
-24,16.5,10,conservative,True,0.183261040075
-23,16.5,10,conservative,True,0.187833419467
-22,16.5,10,conservative,True,0.190250236363
-21,16.5,10,conservative,True,0.188690872349
-20,16.5,10,conservative,True,0.186429300818
-19,16.5,10,conservative,True,0.185596383915
-18,16.5,10,conservative,True,0.183976332996
-17,16.5,10,conservative,True,0.182282557478
-16,16.5,10,conservative,True,0.178433911353
-15,16.5,10,conservative,True,0.173498428891
-14,16.5,10,conservative,True,0.165474851967
-13,16.5,10,conservative,True,0.158882082564
-12,16.5,10,conservative,True,0.150582844668
-11,16.5,10,conservative,True,0.143513076993
-10,16.5,10,conservative,True,0.134851964311
-9,16.5,10,conservative,True,0.126839168846
-8,16.5,10,conservative,True,0.119080370254
-7,16.5,10,conservative,True,0.110479709431
-6,16.5,10,conservative,True,0.102685786683
-5,16.5,10,conservative,True,0.0941047791196
-4,16.5,10,conservative,True,0.0857395346248
-3,16.5,10,conservative,True,0.0763971655941
-2,16.5,10,conservative,True,0.0681973563638
-1,16.5,10,conservative,True,0.0614227028309
0,16.5,10,conservative,True,0.0539268930472
1,16.5,10,conservative,True,0.0468578607188
2,16.5,10,conservative,True,0.0392845188897
3,16.5,10,conservative,True,0.0310916317932
4,16.5,10,conservative,True,0.0249520021466
5,16.5,10,conservative,True,0.0196635210678
6,16.5,10,conservative,True,0.0137899838501
7,16.5,10,conservative,True,0.00905232680756
8,16.5,10,conservative,True,0.00472324912195
9,16.5,10,conservative,True,0.000849718649271
10,16.5,10,conservative,True,-0.00358813838321
11,16.5,10,conservative,True,-0.0068900290579
12,16.5,10,conservative,True,-0.00997284392935
13,16.5,10,conservative,True,-0.0128981178358
14,16.5,10,conservative,True,-0.0167963871011
15,16.5,10,conservative,True,-0.0194516161692
16,16.5,10,conservative,True,-0.0228400625916
17,16.5,10,conservative,True,-0.0252523219755
18,16.5,10,conservative,True,-0.0259967168497
19,16.5,10,conservative,True,-0.0292233036999
20,16.5,10,conservative,True,-0.0306697067769
21,16.5,10,conservative,True,-0.0319846855553
22,16.5,10,conservative,True,-0.0338086937349
23,16.5,10,conservative,True,-0.0356880382924
24,16.5,10,conservative,True,-0.0368699681239
25,16.5,10,conservative,True,-0.0371554406654
26,16.5,10,conservative,True,-0.0384364887807
27,16.5,10,conservative,True,-0.0390531243315
28,16.5,10,conservative,True,-0.0399566049792
29,16.5,10,conservative,True,-0.0437267871448
30,16.5,10,conservative,True,-0.043575836867
31,16.5,10,conservative,True,-0.0461725736081
32,16.5,10,conservative,True,-0.0459386014402
33,16.5,10,conservative,True,-0.0479722593047
34,16.5,10,conservative,True,-0.04919810639
35,16.5,10,conservative,True,-0.0489121501862
36,16.5,10,conservative,True,-0.0489509152241
37,16.5,10,conservative,True,-0.0489282751709
38,16.5,10,conservative,True,-0.0508015782856
39,16.5,10,conservative,True,-0.0523852701388
40,16.5,10,conservative,True,-0.0491018570127
41,16.5,10,conservative,True,-0.0462777187987
42,16.5,10,conservative,True,-0.0425346400822
43,16.5,10,conservative,True,-0.0378848635408
44,16.5,10,conservative,True,-0.0319579887255
45,16.5,10,conservative,True,-0.0251399537486
46,16.5,10,conservative,True,-0.0215517584194
47,16.5,10,conservative,True,-0.0141981838905
48,16.5,10,conservative,True,-0.000906332636283
49,16.5,10,conservative,True,0.011626773051
50,16.5,10,conservative,True,0.0223836084569
51,16.5,10,conservative,True,0.0377490093101
52,16.5,10,conservative,True,0.0525994864367
-52,17.5,10,conservative,True,0.0477491438615
-51,17.5,10,conservative,True,0.0435276928554
-50,17.5,10,conservative,True,0.0438149704824
-49,17.5,10,conservative,True,0.04391957238
-48,17.5,10,conservative,True,0.0458747846081
-47,17.5,10,conservative,True,0.0410505920886
-46,17.5,10,conservative,True,0.0432522324691
-45,17.5,10,conservative,True,0.0474006767368
-44,17.5,10,conservative,True,0.0515333259605
-43,17.5,10,conservative,True,0.0566015242858
-42,17.5,10,conservative,True,0.0625428639906
-41,17.5,10,conservative,True,0.0693463989925
-40,17.5,10,conservative,True,0.0762957992918
-39,17.5,10,conservative,True,0.0836459905253
-38,17.5,10,conservative,True,0.0907560138405
-37,17.5,10,conservative,True,0.0993671834207
-36,17.5,10,conservative,True,0.109770080227
-35,17.5,10,conservative,True,0.118122172936
-34,17.5,10,conservative,True,0.128321910463
-33,17.5,10,conservative,True,0.136412975984
-32,17.5,10,conservative,True,0.144927614581
-31,17.5,10,conservative,True,0.152617436147
-30,17.5,10,conservative,True,0.160289452906
-29,17.5,10,conservative,True,0.169099216578
-28,17.5,10,conservative,True,0.174903928309
-27,17.5,10,conservative,True,0.180653511482
-26,17.5,10,conservative,True,0.185559974366
-25,17.5,10,conservative,True,0.191494926653
-24,17.5,10,conservative,True,0.196374753415
-23,17.5,10,conservative,True,0.198394539018
-22,17.5,10,conservative,True,0.200078690012
-21,17.5,10,conservative,True,0.198729590647
-20,17.5,10,conservative,True,0.195857598103
-19,17.5,10,conservative,True,0.194405024419
-18,17.5,10,conservative,True,0.192848717007
-17,17.5,10,conservative,True,0.188571378551
-16,17.5,10,conservative,True,0.183172823829
-15,17.5,10,conservative,True,0.177848566111
-14,17.5,10,conservative,True,0.17055191971
-13,17.5,10,conservative,True,0.162561426223
-12,17.5,10,conservative,True,0.154821431522
-11,17.5,10,conservative,True,0.146707979193
-10,17.5,10,conservative,True,0.139390432308
-9,17.5,10,conservative,True,0.130839976896
-8,17.5,10,conservative,True,0.12220397337
-7,17.5,10,conservative,True,0.114203295552
-6,17.5,10,conservative,True,0.106652214997
-5,17.5,10,conservative,True,0.0972803920662
-4,17.5,10,conservative,True,0.0903351024576
-3,17.5,10,conservative,True,0.0813558995815
-2,17.5,10,conservative,True,0.072716968311
-1,17.5,10,conservative,True,0.0650035634093
0,17.5,10,conservative,True,0.0575745547405
1,17.5,10,conservative,True,0.049186580629
2,17.5,10,conservative,True,0.0423064185625
3,17.5,10,conservative,True,0.0360538725053
4,17.5,10,conservative,True,0.0305461905462
5,17.5,10,conservative,True,0.024997605338
6,17.5,10,conservative,True,0.0191941713791
7,17.5,10,conservative,True,0.0144699659072
8,17.5,10,conservative,True,0.0114861116363
9,17.5,10,conservative,True,0.00802496571165
10,17.5,10,conservative,True,0.00300833701627
11,17.5,10,conservative,True,-0.000332768190901
12,17.5,10,conservative,True,-0.00270348830609
13,17.5,10,conservative,True,-0.00434051068469
14,17.5,10,conservative,True,-0.00738716595444
15,17.5,10,conservative,True,-0.00946136748152
16,17.5,10,conservative,True,-0.0129472147823
17,17.5,10,conservative,True,-0.01459261718
18,17.5,10,conservative,True,-0.0157805750915
19,17.5,10,conservative,True,-0.0170381650661
20,17.5,10,conservative,True,-0.0190221889919
21,17.5,10,conservative,True,-0.0195748520747
22,17.5,10,conservative,True,-0.0208185374897
23,17.5,10,conservative,True,-0.0212133258995
24,17.5,10,conservative,True,-0.0204676901967
25,17.5,10,conservative,True,-0.0212630983466
26,17.5,10,conservative,True,-0.0233838972695
27,17.5,10,conservative,True,-0.0238689018784
28,17.5,10,conservative,True,-0.0241272543371
29,17.5,10,conservative,True,-0.0249793140185
30,17.5,10,conservative,True,-0.026315606301
31,17.5,10,conservative,True,-0.0264315187525
32,17.5,10,conservative,True,-0.0276925134487
33,17.5,10,conservative,True,-0.0296965615847
34,17.5,10,conservative,True,-0.0286440669073
35,17.5,10,conservative,True,-0.0290299654023
36,17.5,10,conservative,True,-0.0298861701901
37,17.5,10,conservative,True,-0.0296264386994
38,17.5,10,conservative,True,-0.0309226540619
39,17.5,10,conservative,True,-0.0309634913816
40,17.5,10,conservative,True,-0.0278796227898
41,17.5,10,conservative,True,-0.0208162625817
42,17.5,10,conservative,True,-0.0155760331762
43,17.5,10,conservative,True,-0.0118513372253
44,17.5,10,conservative,True,-0.00895406759229
45,17.5,10,conservative,True,-0.00207987453312
46,17.5,10,conservative,True,0.00590600763334
47,17.5,10,conservative,True,0.0155851389363
48,17.5,10,conservative,True,0.0280989252317
49,17.5,10,conservative,True,0.0430891244906
50,17.5,10,conservative,True,0.0520974998052
51,17.5,10,conservative,True,0.0639047899548
52,17.5,10,conservative,True,0.0894935474402
-52,18.5,10,conservative,True,0.0850060251143
-51,18.5,10,conservative,True,0.0753936857765
-50,18.5,10,conservative,True,0.0700944528266
-49,18.5,10,conservative,True,0.0710490230778
-48,18.5,10,conservative,True,0.0748025703843
-47,18.5,10,conservative,True,0.070337590278
-46,18.5,10,conservative,True,0.0676609163351
-45,18.5,10,conservative,True,0.0731530614937
-44,18.5,10,conservative,True,0.0773227799569
-43,18.5,10,conservative,True,0.0811582644965
-42,18.5,10,conservative,True,0.087090249373
-41,18.5,10,conservative,True,0.0946836081781
-40,18.5,10,conservative,True,0.102134981071
-39,18.5,10,conservative,True,0.109814595915
-38,18.5,10,conservative,True,0.11600215124
-37,18.5,10,conservative,True,0.123603446206
-36,18.5,10,conservative,True,0.13239494039
-35,18.5,10,conservative,True,0.140649088829
-34,18.5,10,conservative,True,0.150120482199
-33,18.5,10,conservative,True,0.158159163909
-32,18.5,10,conservative,True,0.16507118002
-31,18.5,10,conservative,True,0.171416412
-30,18.5,10,conservative,True,0.178261507625
-29,18.5,10,conservative,True,0.184999380527
-28,18.5,10,conservative,True,0.190750273696
-27,18.5,10,conservative,True,0.196580894501
-26,18.5,10,conservative,True,0.200463820242
-25,18.5,10,conservative,True,0.205455742537
-24,18.5,10,conservative,True,0.208334317581
-23,18.5,10,conservative,True,0.210011404454
-22,18.5,10,conservative,True,0.210685329973
-21,18.5,10,conservative,True,0.209030753174
-20,18.5,10,conservative,True,0.206480506267
-19,18.5,10,conservative,True,0.203956892123
-18,18.5,10,conservative,True,0.201320371972
-17,18.5,10,conservative,True,0.19677497792
-16,18.5,10,conservative,True,0.189939234468
-15,18.5,10,conservative,True,0.183081684349
-14,18.5,10,conservative,True,0.176137862341
-13,18.5,10,conservative,True,0.168329442568
-12,18.5,10,conservative,True,0.159831572659
-11,18.5,10,conservative,True,0.151864327484
-10,18.5,10,conservative,True,0.143389159627
-9,18.5,10,conservative,True,0.133969313821
-8,18.5,10,conservative,True,0.124984906646
-7,18.5,10,conservative,True,0.117165019346
-6,18.5,10,conservative,True,0.109361705065
-5,18.5,10,conservative,True,0.10120584946
-4,18.5,10,conservative,True,0.0939337584374
-3,18.5,10,conservative,True,0.0854379125845
-2,18.5,10,conservative,True,0.0765293485387
-1,18.5,10,conservative,True,0.0686011846971
0,18.5,10,conservative,True,0.0613637723865
1,18.5,10,conservative,True,0.0533551937184
2,18.5,10,conservative,True,0.0466821324998
3,18.5,10,conservative,True,0.0407833740954
4,18.5,10,conservative,True,0.0348761132248
5,18.5,10,conservative,True,0.0293260828319
6,18.5,10,conservative,True,0.0239450642855
7,18.5,10,conservative,True,0.020977756971
8,18.5,10,conservative,True,0.0169488026046
9,18.5,10,conservative,True,0.0125805578825
10,18.5,10,conservative,True,0.00958380469299
11,18.5,10,conservative,True,0.00732562268604
12,18.5,10,conservative,True,0.00437008781958
13,18.5,10,conservative,True,0.00359971546296
14,18.5,10,conservative,True,0.0017500987185
15,18.5,10,conservative,True,-0.00114837680858
16,18.5,10,conservative,True,-0.00339416438174
17,18.5,10,conservative,True,-0.00356212930563
18,18.5,10,conservative,True,-0.00495470536679
19,18.5,10,conservative,True,-0.00487874696386
20,18.5,10,conservative,True,-0.00653109175234
21,18.5,10,conservative,True,-0.00631641925807
22,18.5,10,conservative,True,-0.00722260904611
23,18.5,10,conservative,True,-0.00691397208209
24,18.5,10,conservative,True,-0.00582997473864
25,18.5,10,conservative,True,-0.00663467552151
26,18.5,10,conservative,True,-0.00714141753507
27,18.5,10,conservative,True,-0.0071053420772
28,18.5,10,conservative,True,-0.00770631473816
29,18.5,10,conservative,True,-0.00714458772935
30,18.5,10,conservative,True,-0.00861348454986
31,18.5,10,conservative,True,-0.00589767600571
32,18.5,10,conservative,True,-0.00807610484636
33,18.5,10,conservative,True,-0.00978842883011
34,18.5,10,conservative,True,-0.0095973007117
35,18.5,10,conservative,True,-0.00871714086456
36,18.5,10,conservative,True,-0.00829179697512
37,18.5,10,conservative,True,-0.00718848384338
38,18.5,10,conservative,True,-0.00778137281486
39,18.5,10,conservative,True,-0.00578919303966
40,18.5,10,conservative,True,-0.00206104613783
41,18.5,10,conservative,True,0.00332832898573
42,18.5,10,conservative,True,0.00460077777541
43,18.5,10,conservative,True,0.00925363025444
44,18.5,10,conservative,True,0.0162383808274
45,18.5,10,conservative,True,0.0256021854863
46,18.5,10,conservative,True,0.0363283558377
47,18.5,10,conservative,True,0.0461652323038
48,18.5,10,conservative,True,0.0602508347813
49,18.5,10,conservative,True,0.0709586099989
50,18.5,10,conservative,True,0.0844649505232
51,18.5,10,conservative,True,0.0986029943781
52,18.5,10,conservative,True,0.125202483649
-52,19.5,10,conservative,True,0.117687230762
-51,19.5,10,conservative,True,0.106949561674
-50,19.5,10,conservative,True,0.105514538723
-49,19.5,10,conservative,True,0.0993134550158
-48,19.5,10,conservative,True,0.10353939608
-47,19.5,10,conservative,True,0.103060078459
-46,19.5,10,conservative,True,0.100153728523
-45,19.5,10,conservative,True,0.101202345124
-44,19.5,10,conservative,True,0.105361856659
-43,19.5,10,conservative,True,0.112529850893
-42,19.5,10,conservative,True,0.116099730918
-41,19.5,10,conservative,True,0.120961341689
-40,19.5,10,conservative,True,0.127176544627
-39,19.5,10,conservative,True,0.134191361475
-38,19.5,10,conservative,True,0.140955110344
-37,19.5,10,conservative,True,0.148474772497
-36,19.5,10,conservative,True,0.158259612817
-35,19.5,10,conservative,True,0.164427019809
-34,19.5,10,conservative,True,0.171146953615
-33,19.5,10,conservative,True,0.179964655568
-32,19.5,10,conservative,True,0.187199010337
-31,19.5,10,conservative,True,0.192686164861
-30,19.5,10,conservative,True,0.197899873977
-29,19.5,10,conservative,True,0.202971604134
-28,19.5,10,conservative,True,0.207572350738
-27,19.5,10,conservative,True,0.211923175064
-26,19.5,10,conservative,True,0.214695770516
-25,19.5,10,conservative,True,0.219613265563
-24,19.5,10,conservative,True,0.22188187306
-23,19.5,10,conservative,True,0.221095936466
-22,19.5,10,conservative,True,0.219127540276
-21,19.5,10,conservative,True,0.217332671678
-20,19.5,10,conservative,True,0.215091640401
-19,19.5,10,conservative,True,0.211639793016
-18,19.5,10,conservative,True,0.207679921281
-17,19.5,10,conservative,True,0.202929730467
-16,19.5,10,conservative,True,0.195933198886
-15,19.5,10,conservative,True,0.189227814951
-14,19.5,10,conservative,True,0.180138116098
-13,19.5,10,conservative,True,0.172122486363
-12,19.5,10,conservative,True,0.163891358763
-11,19.5,10,conservative,True,0.155146375172
-10,19.5,10,conservative,True,0.146347416182
-9,19.5,10,conservative,True,0.136003285754
-8,19.5,10,conservative,True,0.12822518161
-7,19.5,10,conservative,True,0.12045408637
-6,19.5,10,conservative,True,0.112981825182
-5,19.5,10,conservative,True,0.105087101407
-4,19.5,10,conservative,True,0.0954907462181
-3,19.5,10,conservative,True,0.0878913114607
-2,19.5,10,conservative,True,0.0802900862506
-1,19.5,10,conservative,True,0.0725493317154
0,19.5,10,conservative,True,0.0647751153622
1,19.5,10,conservative,True,0.0579891472721
2,19.5,10,conservative,True,0.0516794997533
3,19.5,10,conservative,True,0.0449830556983
4,19.5,10,conservative,True,0.0395951338407
5,19.5,10,conservative,True,0.0337494579568
6,19.5,10,conservative,True,0.0299632047758
7,19.5,10,conservative,True,0.0261088045757
8,19.5,10,conservative,True,0.0227569561891
9,19.5,10,conservative,True,0.0195790324319
10,19.5,10,conservative,True,0.0172813491648
11,19.5,10,conservative,True,0.0138155804726
12,19.5,10,conservative,True,0.012165416052
13,19.5,10,conservative,True,0.0109977628696
14,19.5,10,conservative,True,0.00909262544918
15,19.5,10,conservative,True,0.00736689228364
16,19.5,10,conservative,True,0.00686739261359
17,19.5,10,conservative,True,0.0063882244031
18,19.5,10,conservative,True,0.00626886611663
19,19.5,10,conservative,True,0.0057199338599
20,19.5,10,conservative,True,0.00644348754176
21,19.5,10,conservative,True,0.00849840821981
22,19.5,10,conservative,True,0.00766012498363
23,19.5,10,conservative,True,0.00807191440562
24,19.5,10,conservative,True,0.00977350779539
25,19.5,10,conservative,True,0.00977553983768
26,19.5,10,conservative,True,0.00777383492732
27,19.5,10,conservative,True,0.00880933420634
28,19.5,10,conservative,True,0.00911703506336
29,19.5,10,conservative,True,0.00864758005391
30,19.5,10,conservative,True,0.00819906841593
31,19.5,10,conservative,True,0.0111034419806
32,19.5,10,conservative,True,0.0102415092612
33,19.5,10,conservative,True,0.0103752469103
34,19.5,10,conservative,True,0.0106322152458
35,19.5,10,conservative,True,0.011620321688
36,19.5,10,conservative,True,0.0130715031591
37,19.5,10,conservative,True,0.0148756553976
38,19.5,10,conservative,True,0.0150781005582
39,19.5,10,conservative,True,0.0168173068498
40,19.5,10,conservative,True,0.0200942367076
41,19.5,10,conservative,True,0.0246415235274
42,19.5,10,conservative,True,0.0303473728347
43,19.5,10,conservative,True,0.033234330031
44,19.5,10,conservative,True,0.0437689785582
45,19.5,10,conservative,True,0.0550635633434
46,19.5,10,conservative,True,0.0662530524109
47,19.5,10,conservative,True,0.0737563601573
48,19.5,10,conservative,True,0.0862562242157
49,19.5,10,conservative,True,0.102749520626
50,19.5,10,conservative,True,0.117057644328
51,19.5,10,conservative,True,0.139539807741
52,19.5,10,conservative,True,0.155524546311
-52,20.5,10,conservative,True,0.152230398782
-51,20.5,10,conservative,True,0.140551258889
-50,20.5,10,conservative,True,0.13470476661
-49,20.5,10,conservative,True,0.133785576243
-48,20.5,10,conservative,True,0.129929773392
-47,20.5,10,conservative,True,0.133052277241
-46,20.5,10,conservative,True,0.13436204864
-45,20.5,10,conservative,True,0.131127376051
-44,20.5,10,conservative,True,0.134055158194
-43,20.5,10,conservative,True,0.1364937397
-42,20.5,10,conservative,True,0.145164277256
-41,20.5,10,conservative,True,0.148178467178
-40,20.5,10,conservative,True,0.153955460025
-39,20.5,10,conservative,True,0.160591584429
-38,20.5,10,conservative,True,0.165813072406
-37,20.5,10,conservative,True,0.172425492518
-36,20.5,10,conservative,True,0.18120563725
-35,20.5,10,conservative,True,0.189700305239
-34,20.5,10,conservative,True,0.195641863415
-33,20.5,10,conservative,True,0.202066854168
-32,20.5,10,conservative,True,0.209824680729
-31,20.5,10,conservative,True,0.214024374293
-30,20.5,10,conservative,True,0.217049072562
-29,20.5,10,conservative,True,0.221606106953
-28,20.5,10,conservative,True,0.223511232164
-27,20.5,10,conservative,True,0.22611927709
-26,20.5,10,conservative,True,0.228439159038
-25,20.5,10,conservative,True,0.22959886905
-24,20.5,10,conservative,True,0.232797928222
-23,20.5,10,conservative,True,0.232381427083
-22,20.5,10,conservative,True,0.229716190379
-21,20.5,10,conservative,True,0.227190650492
-20,20.5,10,conservative,True,0.223920331227
-19,20.5,10,conservative,True,0.219405483446
-18,20.5,10,conservative,True,0.213197647738
-17,20.5,10,conservative,True,0.20791355821
-16,20.5,10,conservative,True,0.200623204342
-15,20.5,10,conservative,True,0.193278974459
-14,20.5,10,conservative,True,0.185512693008
-13,20.5,10,conservative,True,0.176497694967
-12,20.5,10,conservative,True,0.167689987533
-11,20.5,10,conservative,True,0.158966910013
-10,20.5,10,conservative,True,0.149539722377
-9,20.5,10,conservative,True,0.1393952575
-8,20.5,10,conservative,True,0.131476352906
-7,20.5,10,conservative,True,0.123421995967
-6,20.5,10,conservative,True,0.116783373305
-5,20.5,10,conservative,True,0.108198000508
-4,20.5,10,conservative,True,0.0991731562038
-3,20.5,10,conservative,True,0.0907255425347
-2,20.5,10,conservative,True,0.0834036582524
-1,20.5,10,conservative,True,0.0755178287372
0,20.5,10,conservative,True,0.0677412879744
1,20.5,10,conservative,True,0.0598391208581
2,20.5,10,conservative,True,0.0546185449542
3,20.5,10,conservative,True,0.0484557802752
4,20.5,10,conservative,True,0.0439395014432
5,20.5,10,conservative,True,0.0392800307519
6,20.5,10,conservative,True,0.0346816813263
7,20.5,10,conservative,True,0.0299907551081
8,20.5,10,conservative,True,0.0275003207292
9,20.5,10,conservative,True,0.0270012085938
10,20.5,10,conservative,True,0.0240614787655
11,20.5,10,conservative,True,0.0217192631663
12,20.5,10,conservative,True,0.0206039140217
13,20.5,10,conservative,True,0.0188500444774
14,20.5,10,conservative,True,0.017434997314
15,20.5,10,conservative,True,0.0161728976949
16,20.5,10,conservative,True,0.0151664111277
17,20.5,10,conservative,True,0.0163051900863
18,20.5,10,conservative,True,0.0173341105622
19,20.5,10,conservative,True,0.0186962023198
20,20.5,10,conservative,True,0.0208272382522
21,20.5,10,conservative,True,0.021645385476
22,20.5,10,conservative,True,0.0211547626587
23,20.5,10,conservative,True,0.0224198436789
24,20.5,10,conservative,True,0.0232039592268
25,20.5,10,conservative,True,0.0228585674833
26,20.5,10,conservative,True,0.024303806716
27,20.5,10,conservative,True,0.0256786306756
28,20.5,10,conservative,True,0.0253000323579
29,20.5,10,conservative,True,0.0254159465337
30,20.5,10,conservative,True,0.0282698366557
31,20.5,10,conservative,True,0.0282856459407
32,20.5,10,conservative,True,0.0291957445481
33,20.5,10,conservative,True,0.0282700229949
34,20.5,10,conservative,True,0.033968722189
35,20.5,10,conservative,True,0.0351854714871
36,20.5,10,conservative,True,0.0371565153145
37,20.5,10,conservative,True,0.0378216083956
38,20.5,10,conservative,True,0.038147304863
39,20.5,10,conservative,True,0.0418300295121
40,20.5,10,conservative,True,0.0473705429025
41,20.5,10,conservative,True,0.0521818406023
42,20.5,10,conservative,True,0.0565372232628
43,20.5,10,conservative,True,0.0626301529614
44,20.5,10,conservative,True,0.0746894508569
45,20.5,10,conservative,True,0.0825022764262
46,20.5,10,conservative,True,0.0977988345186
47,20.5,10,conservative,True,0.104745855297
48,20.5,10,conservative,True,0.116788852487
49,20.5,10,conservative,True,0.137678718303
50,20.5,10,conservative,True,0.154800498489
51,20.5,10,conservative,True,0.171428587429
52,20.5,10,conservative,True,0.192778615925
-52,21.5,10,conservative,True,0.177051896403
-51,21.5,10,conservative,True,0.177987980582
-50,21.5,10,conservative,True,0.16570931562
-49,21.5,10,conservative,True,0.168196913207
-48,21.5,10,conservative,True,0.163364192006
-47,21.5,10,conservative,True,0.163815396378
-46,21.5,10,conservative,True,0.163630109022
-45,21.5,10,conservative,True,0.162574614115
-44,21.5,10,conservative,True,0.162089542263
-43,21.5,10,conservative,True,0.164184315965
-42,21.5,10,conservative,True,0.170010377401
-41,21.5,10,conservative,True,0.176308314695
-40,21.5,10,conservative,True,0.18077265259
-39,21.5,10,conservative,True,0.185485288707
-38,21.5,10,conservative,True,0.190262069761
-37,21.5,10,conservative,True,0.195552020661
-36,21.5,10,conservative,True,0.201802231347
-35,21.5,10,conservative,True,0.209590083574
-34,21.5,10,conservative,True,0.215931608119
-33,21.5,10,conservative,True,0.223615071157
-32,21.5,10,conservative,True,0.227952924515
-31,21.5,10,conservative,True,0.231122487166
-30,21.5,10,conservative,True,0.236658678685
-29,21.5,10,conservative,True,0.238831186134
-28,21.5,10,conservative,True,0.241009976556
-27,21.5,10,conservative,True,0.241609878785
-26,21.5,10,conservative,True,0.241967971029
-25,21.5,10,conservative,True,0.241840480981
-24,21.5,10,conservative,True,0.242890840452
-23,21.5,10,conservative,True,0.241682357022
-22,21.5,10,conservative,True,0.238758222238
-21,21.5,10,conservative,True,0.235425802659
-20,21.5,10,conservative,True,0.232609527061
-19,21.5,10,conservative,True,0.227124015993
-18,21.5,10,conservative,True,0.22134375383
-17,21.5,10,conservative,True,0.215467473045
-16,21.5,10,conservative,True,0.207809948792
-15,21.5,10,conservative,True,0.199450850876
-14,21.5,10,conservative,True,0.191498589502
-13,21.5,10,conservative,True,0.18202057319
-12,21.5,10,conservative,True,0.172173851937
-11,21.5,10,conservative,True,0.162293631783
-10,21.5,10,conservative,True,0.153646447611
-9,21.5,10,conservative,True,0.143094458786
-8,21.5,10,conservative,True,0.1349805238
-7,21.5,10,conservative,True,0.126704715767
-6,21.5,10,conservative,True,0.118444518948
-5,21.5,10,conservative,True,0.110037946362
-4,21.5,10,conservative,True,0.101378777329
-3,21.5,10,conservative,True,0.0932748543394
-2,21.5,10,conservative,True,0.0858766134886
-1,21.5,10,conservative,True,0.0776824085669
0,21.5,10,conservative,True,0.0709039448675
1,21.5,10,conservative,True,0.0636617330279
2,21.5,10,conservative,True,0.0566806854946
3,21.5,10,conservative,True,0.0509273384779
4,21.5,10,conservative,True,0.0465263894038
5,21.5,10,conservative,True,0.0415707743108
6,21.5,10,conservative,True,0.038805054846
7,21.5,10,conservative,True,0.0343516948865
8,21.5,10,conservative,True,0.0327771548934
9,21.5,10,conservative,True,0.0306398978971
10,21.5,10,conservative,True,0.0296347199859
11,21.5,10,conservative,True,0.0271022456959
12,21.5,10,conservative,True,0.0269048452449
13,21.5,10,conservative,True,0.0253171485823
14,21.5,10,conservative,True,0.0249740909901
15,21.5,10,conservative,True,0.0251136392424
16,21.5,10,conservative,True,0.0246918331897
17,21.5,10,conservative,True,0.0275788663232
18,21.5,10,conservative,True,0.0290770707692
19,21.5,10,conservative,True,0.031949429132
20,21.5,10,conservative,True,0.0337108300203
21,21.5,10,conservative,True,0.0352898606255
22,21.5,10,conservative,True,0.0341845649269
23,21.5,10,conservative,True,0.0357551221996
24,21.5,10,conservative,True,0.0371811911861
25,21.5,10,conservative,True,0.0384174447336
26,21.5,10,conservative,True,0.0396949112117
27,21.5,10,conservative,True,0.0422341402953
28,21.5,10,conservative,True,0.0423793156276
29,21.5,10,conservative,True,0.0431161227926
30,21.5,10,conservative,True,0.046419192704
31,21.5,10,conservative,True,0.0463584204007
32,21.5,10,conservative,True,0.0478416995424
33,21.5,10,conservative,True,0.0501791660629
34,21.5,10,conservative,True,0.0554970273302
35,21.5,10,conservative,True,0.0582403155005
36,21.5,10,conservative,True,0.0591198096628
37,21.5,10,conservative,True,0.0615464163352
38,21.5,10,conservative,True,0.0641641507473
39,21.5,10,conservative,True,0.0658947874361
40,21.5,10,conservative,True,0.0730708817469
41,21.5,10,conservative,True,0.0785860622672
42,21.5,10,conservative,True,0.0834345378146
43,21.5,10,conservative,True,0.091753278785
44,21.5,10,conservative,True,0.101236333348
45,21.5,10,conservative,True,0.111394497427
46,21.5,10,conservative,True,0.123136620845
47,21.5,10,conservative,True,0.134004939458
48,21.5,10,conservative,True,0.151525118985
49,21.5,10,conservative,True,0.169595514349
50,21.5,10,conservative,True,0.187918624681
51,21.5,10,conservative,True,0.205873037877
52,21.5,10,conservative,True,0.23008933236
-52,22.5,10,conservative,True,0.206182504653
-51,22.5,10,conservative,True,0.203332738169
-50,22.5,10,conservative,True,0.199649265092
-49,22.5,10,conservative,True,0.195693767329
-48,22.5,10,conservative,True,0.189740497124
-47,22.5,10,conservative,True,0.193411509602
-46,22.5,10,conservative,True,0.191256750148
-45,22.5,10,conservative,True,0.190701762058
-44,22.5,10,conservative,True,0.190817986314
-43,22.5,10,conservative,True,0.18950672076
-42,22.5,10,conservative,True,0.194809715852
-41,22.5,10,conservative,True,0.202075506569
-40,22.5,10,conservative,True,0.206088450138
-39,22.5,10,conservative,True,0.209246825014
-38,22.5,10,conservative,True,0.214410479588
-37,22.5,10,conservative,True,0.218672310939
-36,22.5,10,conservative,True,0.223564513848
-35,22.5,10,conservative,True,0.228858780986
-34,22.5,10,conservative,True,0.236153705366
-33,22.5,10,conservative,True,0.242775840281
-32,22.5,10,conservative,True,0.247730537978
-31,22.5,10,conservative,True,0.249032846576
-30,22.5,10,conservative,True,0.253118838137
-29,22.5,10,conservative,True,0.254636139808
-28,22.5,10,conservative,True,0.256265060519
-27,22.5,10,conservative,True,0.255263839196
-26,22.5,10,conservative,True,0.254818722923
-25,22.5,10,conservative,True,0.255168941137
-24,22.5,10,conservative,True,0.252231947854
-23,22.5,10,conservative,True,0.250917088929
-22,22.5,10,conservative,True,0.247906660082
-21,22.5,10,conservative,True,0.246708993544
-20,22.5,10,conservative,True,0.242628759567
-19,22.5,10,conservative,True,0.236903447809
-18,22.5,10,conservative,True,0.22936541078
-17,22.5,10,conservative,True,0.221022200412
-16,22.5,10,conservative,True,0.213296462827
-15,22.5,10,conservative,True,0.203179629735
-14,22.5,10,conservative,True,0.195758048963
-13,22.5,10,conservative,True,0.185335792852
-12,22.5,10,conservative,True,0.176756037945
-11,22.5,10,conservative,True,0.165325473895
-10,22.5,10,conservative,True,0.154667691076
-9,22.5,10,conservative,True,0.145468927879
-8,22.5,10,conservative,True,0.135975206059
-7,22.5,10,conservative,True,0.129482526538
-6,22.5,10,conservative,True,0.120874740331
-5,22.5,10,conservative,True,0.111615370977
-4,22.5,10,conservative,True,0.102633452717
-3,22.5,10,conservative,True,0.0952026753036
-2,22.5,10,conservative,True,0.0876654897272
-1,22.5,10,conservative,True,0.0801245708842
0,22.5,10,conservative,True,0.0729652236229
1,22.5,10,conservative,True,0.0663843858068
2,22.5,10,conservative,True,0.0602924852181
3,22.5,10,conservative,True,0.0538800891679
4,22.5,10,conservative,True,0.0490492825964
5,22.5,10,conservative,True,0.0466444087956
6,22.5,10,conservative,True,0.0426950325325
7,22.5,10,conservative,True,0.0397593447589
8,22.5,10,conservative,True,0.0370578355316
9,22.5,10,conservative,True,0.0369727923548
10,22.5,10,conservative,True,0.0345537324536
11,22.5,10,conservative,True,0.0339520144912
12,22.5,10,conservative,True,0.0336041298163
13,22.5,10,conservative,True,0.0331541215722
14,22.5,10,conservative,True,0.0339045382731
15,22.5,10,conservative,True,0.0341362486668
16,22.5,10,conservative,True,0.0364433763325
17,22.5,10,conservative,True,0.0383684671833
18,22.5,10,conservative,True,0.0408113243485
19,22.5,10,conservative,True,0.0424861340763
20,22.5,10,conservative,True,0.044803462978
21,22.5,10,conservative,True,0.0471959715759
22,22.5,10,conservative,True,0.047366525335
23,22.5,10,conservative,True,0.0486462863873
24,22.5,10,conservative,True,0.0523314924314
25,22.5,10,conservative,True,0.0545577904902
26,22.5,10,conservative,True,0.0566486793379
27,22.5,10,conservative,True,0.060000314619
28,22.5,10,conservative,True,0.0600819370241
29,22.5,10,conservative,True,0.0617605447942
30,22.5,10,conservative,True,0.0641028162661
31,22.5,10,conservative,True,0.0651008418078
32,22.5,10,conservative,True,0.0683229097155
33,22.5,10,conservative,True,0.0722961119867
34,22.5,10,conservative,True,0.076754084657
35,22.5,10,conservative,True,0.0804697770184
36,22.5,10,conservative,True,0.0827798461559
37,22.5,10,conservative,True,0.0852414259527
38,22.5,10,conservative,True,0.0877072938943
39,22.5,10,conservative,True,0.0925924200153
40,22.5,10,conservative,True,0.100497914136
41,22.5,10,conservative,True,0.103096937148
42,22.5,10,conservative,True,0.109258782295
43,22.5,10,conservative,True,0.117839801818
44,22.5,10,conservative,True,0.13014625442
45,22.5,10,conservative,True,0.137804953342
46,22.5,10,conservative,True,0.149907806068
47,22.5,10,conservative,True,0.16767803844
48,22.5,10,conservative,True,0.186633135392
49,22.5,10,conservative,True,0.20380565589
50,22.5,10,conservative,True,0.219109550548
51,22.5,10,conservative,True,0.240559756577
52,22.5,10,conservative,True,0.26409192184
-52,23.5,10,conservative,True,0.235547337803
-51,23.5,10,conservative,True,0.233173815778
-50,23.5,10,conservative,True,0.224124824228
-49,23.5,10,conservative,True,0.221263141563
-48,23.5,10,conservative,True,0.221945391265
-47,23.5,10,conservative,True,0.219256334848
-46,23.5,10,conservative,True,0.220399690302
-45,23.5,10,conservative,True,0.220931860145
-44,23.5,10,conservative,True,0.220880941027
-43,23.5,10,conservative,True,0.222000622415
-42,23.5,10,conservative,True,0.222906304317
-41,23.5,10,conservative,True,0.227394956228
-40,23.5,10,conservative,True,0.231910821918
-39,23.5,10,conservative,True,0.234943441088
-38,23.5,10,conservative,True,0.238807258426
-37,23.5,10,conservative,True,0.241642664999
-36,23.5,10,conservative,True,0.246787906254
-35,23.5,10,conservative,True,0.250679858196
-34,23.5,10,conservative,True,0.255167666513
-33,23.5,10,conservative,True,0.260238033908
-32,23.5,10,conservative,True,0.262740266242
-31,23.5,10,conservative,True,0.267454816824
-30,23.5,10,conservative,True,0.269515379102
-29,23.5,10,conservative,True,0.270957587143
-28,23.5,10,conservative,True,0.270995782292
-27,23.5,10,conservative,True,0.269726115811
-26,23.5,10,conservative,True,0.268196463082
-25,23.5,10,conservative,True,0.265660368276
-24,23.5,10,conservative,True,0.262584069185
-23,23.5,10,conservative,True,0.261102707423
-22,23.5,10,conservative,True,0.258203195322
-21,23.5,10,conservative,True,0.255583680899
-20,23.5,10,conservative,True,0.249548014371
-19,23.5,10,conservative,True,0.243043823992
-18,23.5,10,conservative,True,0.234342319568
-17,23.5,10,conservative,True,0.226001419131
-16,23.5,10,conservative,True,0.216728727858
-15,23.5,10,conservative,True,0.208925456926
-14,23.5,10,conservative,True,0.200466360357
-13,23.5,10,conservative,True,0.190259571964
-12,23.5,10,conservative,True,0.178302337854
-11,23.5,10,conservative,True,0.168926445698
-10,23.5,10,conservative,True,0.157819599901
-9,23.5,10,conservative,True,0.148030634327
-8,23.5,10,conservative,True,0.138732288132
-7,23.5,10,conservative,True,0.130520498001
-6,23.5,10,conservative,True,0.12117535771
-5,23.5,10,conservative,True,0.112752386209
-4,23.5,10,conservative,True,0.103301557573
-3,23.5,10,conservative,True,0.0962995295944
-2,23.5,10,conservative,True,0.0885565898418
-1,23.5,10,conservative,True,0.0813779205071
0,23.5,10,conservative,True,0.0735066449794
1,23.5,10,conservative,True,0.0681083245931
2,23.5,10,conservative,True,0.0618449941179
3,23.5,10,conservative,True,0.0559565481159
4,23.5,10,conservative,True,0.0529065035792
5,23.5,10,conservative,True,0.0507563835979
6,23.5,10,conservative,True,0.048069248591
7,23.5,10,conservative,True,0.0447263967518
8,23.5,10,conservative,True,0.0439843072001
9,23.5,10,conservative,True,0.0420369194542
10,23.5,10,conservative,True,0.04075930525
11,23.5,10,conservative,True,0.0407324028031
12,23.5,10,conservative,True,0.040546288332
13,23.5,10,conservative,True,0.0414089361101
14,23.5,10,conservative,True,0.0417644604035
15,23.5,10,conservative,True,0.0417950150249
16,23.5,10,conservative,True,0.044925444791
17,23.5,10,conservative,True,0.0473580224196
18,23.5,10,conservative,True,0.0521463468382
19,23.5,10,conservative,True,0.0525852775909
20,23.5,10,conservative,True,0.0548688581262
21,23.5,10,conservative,True,0.0570732076202
22,23.5,10,conservative,True,0.0591218528
23,23.5,10,conservative,True,0.0619883751362
24,23.5,10,conservative,True,0.065860943595
25,23.5,10,conservative,True,0.0691086597966
26,23.5,10,conservative,True,0.0725430750372
27,23.5,10,conservative,True,0.075071287955
28,23.5,10,conservative,True,0.0768816158167
29,23.5,10,conservative,True,0.0808393972652
30,23.5,10,conservative,True,0.0829587531212
31,23.5,10,conservative,True,0.0863172948157
32,23.5,10,conservative,True,0.0903384349192
33,23.5,10,conservative,True,0.0926031121579
34,23.5,10,conservative,True,0.0979116769358
35,23.5,10,conservative,True,0.101456461965
36,23.5,10,conservative,True,0.104840761247
37,23.5,10,conservative,True,0.104912974495
38,23.5,10,conservative,True,0.11136346746
39,23.5,10,conservative,True,0.118960162572
40,23.5,10,conservative,True,0.123026438969
41,23.5,10,conservative,True,0.128161072459
42,23.5,10,conservative,True,0.13548607341
43,23.5,10,conservative,True,0.145401165421
44,23.5,10,conservative,True,0.156912609463
45,23.5,10,conservative,True,0.164881847144
46,23.5,10,conservative,True,0.180726437192
47,23.5,10,conservative,True,0.197498985507
48,23.5,10,conservative,True,0.217606737969
49,23.5,10,conservative,True,0.232753872089
50,23.5,10,conservative,True,0.256859418522
51,23.5,10,conservative,True,0.26884915677
52,23.5,10,conservative,True,0.286517807259
-52,24.5,10,conservative,True,0.263912252161
-51,24.5,10,conservative,True,0.25834604431
-50,24.5,10,conservative,True,0.261584820784
-49,24.5,10,conservative,True,0.248124413039
-48,24.5,10,conservative,True,0.248910090033
-47,24.5,10,conservative,True,0.246122463781
-46,24.5,10,conservative,True,0.24641070945
-45,24.5,10,conservative,True,0.244798537575
-44,24.5,10,conservative,True,0.244873478007
-43,24.5,10,conservative,True,0.248119223963
-42,24.5,10,conservative,True,0.25063279021
-41,24.5,10,conservative,True,0.251276369307
-40,24.5,10,conservative,True,0.254418480296
-39,24.5,10,conservative,True,0.256024750996
-38,24.5,10,conservative,True,0.259104534072
-37,24.5,10,conservative,True,0.264001132384
-36,24.5,10,conservative,True,0.267746641865
-35,24.5,10,conservative,True,0.269846887472
-34,24.5,10,conservative,True,0.272720749017
-33,24.5,10,conservative,True,0.278916168173
-32,24.5,10,conservative,True,0.279483725252
-31,24.5,10,conservative,True,0.282620111644
-30,24.5,10,conservative,True,0.283675704782
-29,24.5,10,conservative,True,0.284655001813
-28,24.5,10,conservative,True,0.283994226676
-27,24.5,10,conservative,True,0.283035025367
-26,24.5,10,conservative,True,0.278506383297
-25,24.5,10,conservative,True,0.278675714103
-24,24.5,10,conservative,True,0.274546144184
-23,24.5,10,conservative,True,0.272440498107
-22,24.5,10,conservative,True,0.267161710459
-21,24.5,10,conservative,True,0.263920324798
-20,24.5,10,conservative,True,0.25857120281
-19,24.5,10,conservative,True,0.250005194332
-18,24.5,10,conservative,True,0.24070572914
-17,24.5,10,conservative,True,0.233072345556
-16,24.5,10,conservative,True,0.223223525479
-15,24.5,10,conservative,True,0.2130842579
-14,24.5,10,conservative,True,0.203371049696
-13,24.5,10,conservative,True,0.193622929601
-12,24.5,10,conservative,True,0.181837571085
-11,24.5,10,conservative,True,0.17152384552
-10,24.5,10,conservative,True,0.161942975975
-9,24.5,10,conservative,True,0.15157721481
-8,24.5,10,conservative,True,0.142803619651
-7,24.5,10,conservative,True,0.132977583821
-6,24.5,10,conservative,True,0.122724061169
-5,24.5,10,conservative,True,0.113379081023
-4,24.5,10,conservative,True,0.103523933684
-3,24.5,10,conservative,True,0.0951743204993
-2,24.5,10,conservative,True,0.0886164464016
-1,24.5,10,conservative,True,0.0814761589415
0,24.5,10,conservative,True,0.0749242124579
1,24.5,10,conservative,True,0.0701837598518
2,24.5,10,conservative,True,0.0647672737518
3,24.5,10,conservative,True,0.0599417810958
4,24.5,10,conservative,True,0.0573921141153
5,24.5,10,conservative,True,0.05461350426
6,24.5,10,conservative,True,0.0526397647398
7,24.5,10,conservative,True,0.0498724106643
8,24.5,10,conservative,True,0.0486375497147
9,24.5,10,conservative,True,0.047050279336
10,24.5,10,conservative,True,0.0467882475155
11,24.5,10,conservative,True,0.0475756233003
12,24.5,10,conservative,True,0.0470867549274
13,24.5,10,conservative,True,0.0491867227136
14,24.5,10,conservative,True,0.0486216942955
15,24.5,10,conservative,True,0.0500573365586
16,24.5,10,conservative,True,0.0535098750545
17,24.5,10,conservative,True,0.0550734342628
18,24.5,10,conservative,True,0.059847447003
19,24.5,10,conservative,True,0.0637043955911
20,24.5,10,conservative,True,0.0656688614571
21,24.5,10,conservative,True,0.0689471530862
22,24.5,10,conservative,True,0.0716510040291
23,24.5,10,conservative,True,0.0754345716821
24,24.5,10,conservative,True,0.0806999114987
25,24.5,10,conservative,True,0.0829960797049
26,24.5,10,conservative,True,0.0867002420221
27,24.5,10,conservative,True,0.0888232814515
28,24.5,10,conservative,True,0.0936945255012
29,24.5,10,conservative,True,0.0988076237583
30,24.5,10,conservative,True,0.101753888359
31,24.5,10,conservative,True,0.105168650857
32,24.5,10,conservative,True,0.109061647981
33,24.5,10,conservative,True,0.113473979592
34,24.5,10,conservative,True,0.118055937726
35,24.5,10,conservative,True,0.119497888263
36,24.5,10,conservative,True,0.125871769335
37,24.5,10,conservative,True,0.130123802879
38,24.5,10,conservative,True,0.136231742057
39,24.5,10,conservative,True,0.138873285772
40,24.5,10,conservative,True,0.143867525237
41,24.5,10,conservative,True,0.151084234559
42,24.5,10,conservative,True,0.16390570924
43,24.5,10,conservative,True,0.170240616402
44,24.5,10,conservative,True,0.178954827933
45,24.5,10,conservative,True,0.191024362815
46,24.5,10,conservative,True,0.20828165452
47,24.5,10,conservative,True,0.228618980435
48,24.5,10,conservative,True,0.246245443745
49,24.5,10,conservative,True,0.266374724159
50,24.5,10,conservative,True,0.280697925159
51,24.5,10,conservative,True,0.292687234141
52,24.5,10,conservative,True,0.308898336897
-52,25.5,10,conservative,True,0.285899788771
-51,25.5,10,conservative,True,0.277311816821
-50,25.5,10,conservative,True,0.281268074034
-49,25.5,10,conservative,True,0.277249835196
-48,25.5,10,conservative,True,0.275199865449
-47,25.5,10,conservative,True,0.271090480577
-46,25.5,10,conservative,True,0.269828360719
-45,25.5,10,conservative,True,0.272493838131
-44,25.5,10,conservative,True,0.26818476469
-43,25.5,10,conservative,True,0.271985127736
-42,25.5,10,conservative,True,0.274299769979
-41,25.5,10,conservative,True,0.273852636194
-40,25.5,10,conservative,True,0.275253468536
-39,25.5,10,conservative,True,0.277610999787
-38,25.5,10,conservative,True,0.279917332733
-37,25.5,10,conservative,True,0.282297813184
-36,25.5,10,conservative,True,0.285584311099
-35,25.5,10,conservative,True,0.289433211716
-34,25.5,10,conservative,True,0.291513149844
-33,25.5,10,conservative,True,0.293637297067
-32,25.5,10,conservative,True,0.294842772748
-31,25.5,10,conservative,True,0.296534837821
-30,25.5,10,conservative,True,0.297113319033
-29,25.5,10,conservative,True,0.297358692756
-28,25.5,10,conservative,True,0.295817177326
-27,25.5,10,conservative,True,0.293927460047
-26,25.5,10,conservative,True,0.291035016013
-25,25.5,10,conservative,True,0.289445723677
-24,25.5,10,conservative,True,0.285176766342
-23,25.5,10,conservative,True,0.279351760947
-22,25.5,10,conservative,True,0.275600713445
-21,25.5,10,conservative,True,0.269016833102
-20,25.5,10,conservative,True,0.264238292353
-19,25.5,10,conservative,True,0.25568670283
-18,25.5,10,conservative,True,0.247741663374
-17,25.5,10,conservative,True,0.238046468499
-16,25.5,10,conservative,True,0.227530546781
-15,25.5,10,conservative,True,0.216266354138
-14,25.5,10,conservative,True,0.2056933784
-13,25.5,10,conservative,True,0.196098137005
-12,25.5,10,conservative,True,0.185449442466
-11,25.5,10,conservative,True,0.174429642852
-10,25.5,10,conservative,True,0.16415078605
-9,25.5,10,conservative,True,0.152850787282
-8,25.5,10,conservative,True,0.143855078858
-7,25.5,10,conservative,True,0.134457776798
-6,25.5,10,conservative,True,0.124551176198
-5,25.5,10,conservative,True,0.115029880034
-4,25.5,10,conservative,True,0.106470938134
-3,25.5,10,conservative,True,0.0986256493485
-2,25.5,10,conservative,True,0.0895392479311
-1,25.5,10,conservative,True,0.083623203224
0,25.5,10,conservative,True,0.078422628288
1,25.5,10,conservative,True,0.0725452179796
2,25.5,10,conservative,True,0.0677902504214
3,25.5,10,conservative,True,0.0637527774639
4,25.5,10,conservative,True,0.0616543597726
5,25.5,10,conservative,True,0.058506333983
6,25.5,10,conservative,True,0.0569799545467
7,25.5,10,conservative,True,0.0541238485003
8,25.5,10,conservative,True,0.05432215643
9,25.5,10,conservative,True,0.0522341607049
10,25.5,10,conservative,True,0.0514143593976
11,25.5,10,conservative,True,0.0522658247175
12,25.5,10,conservative,True,0.0549466300679
13,25.5,10,conservative,True,0.0560048831292
14,25.5,10,conservative,True,0.0559036473546
15,25.5,10,conservative,True,0.05729951541
16,25.5,10,conservative,True,0.0605914746454
17,25.5,10,conservative,True,0.0651967591924
18,25.5,10,conservative,True,0.0693509314416
19,25.5,10,conservative,True,0.0717417881442
20,25.5,10,conservative,True,0.0748058162915
21,25.5,10,conservative,True,0.079707550328
22,25.5,10,conservative,True,0.0843361625047
23,25.5,10,conservative,True,0.0883332911392
24,25.5,10,conservative,True,0.0932542124801
25,25.5,10,conservative,True,0.095422723393
26,25.5,10,conservative,True,0.0995153838458
27,25.5,10,conservative,True,0.10598641777
28,25.5,10,conservative,True,0.110084658737
29,25.5,10,conservative,True,0.115940382138
30,25.5,10,conservative,True,0.119199828566
31,25.5,10,conservative,True,0.123477397287
32,25.5,10,conservative,True,0.126941749023
33,25.5,10,conservative,True,0.13272050532
34,25.5,10,conservative,True,0.135175118671
35,25.5,10,conservative,True,0.142372931866
36,25.5,10,conservative,True,0.148761192153
37,25.5,10,conservative,True,0.152833957572
38,25.5,10,conservative,True,0.160370924069
39,25.5,10,conservative,True,0.159516312933
40,25.5,10,conservative,True,0.167091371447
41,25.5,10,conservative,True,0.173464679448
42,25.5,10,conservative,True,0.182781703232
43,25.5,10,conservative,True,0.190244752339
44,25.5,10,conservative,True,0.201118368712
45,25.5,10,conservative,True,0.219833190604
46,25.5,10,conservative,True,0.23499093073
47,25.5,10,conservative,True,0.251556283643
48,25.5,10,conservative,True,0.272506646926
49,25.5,10,conservative,True,0.286577456306
50,25.5,10,conservative,True,0.299814280399
51,25.5,10,conservative,True,0.314632639022
52,25.5,10,conservative,True,0.337803269842
-52,26.5,10,conservative,True,0.296655228413
-51,26.5,10,conservative,True,0.300376396268
-50,26.5,10,conservative,True,0.296720219831
-49,26.5,10,conservative,True,0.295301437021
-48,26.5,10,conservative,True,0.295309190164
-47,26.5,10,conservative,True,0.29166483558
-46,26.5,10,conservative,True,0.290376474247
-45,26.5,10,conservative,True,0.290935005863
-44,26.5,10,conservative,True,0.289071412276
-43,26.5,10,conservative,True,0.292254351735
-42,26.5,10,conservative,True,0.294251045369
-41,26.5,10,conservative,True,0.293874160977
-40,26.5,10,conservative,True,0.298552819144
-39,26.5,10,conservative,True,0.29814594535
-38,26.5,10,conservative,True,0.298092195629
-37,26.5,10,conservative,True,0.300807666965
-36,26.5,10,conservative,True,0.305135537157
-35,26.5,10,conservative,True,0.305562777479
-34,26.5,10,conservative,True,0.307403561141
-33,26.5,10,conservative,True,0.3111160066
-32,26.5,10,conservative,True,0.310422004873
-31,26.5,10,conservative,True,0.309882072169
-30,26.5,10,conservative,True,0.308957647518
-29,26.5,10,conservative,True,0.309873829375
-28,26.5,10,conservative,True,0.309140708741
-27,26.5,10,conservative,True,0.307236595428
-26,26.5,10,conservative,True,0.302646538425
-25,26.5,10,conservative,True,0.297949671478
-24,26.5,10,conservative,True,0.29324932233
-23,26.5,10,conservative,True,0.288869355484
-22,26.5,10,conservative,True,0.281825613192
-21,26.5,10,conservative,True,0.275214427936
-20,26.5,10,conservative,True,0.269140110038
-19,26.5,10,conservative,True,0.260362082561
-18,26.5,10,conservative,True,0.25268089186
-17,26.5,10,conservative,True,0.242773220479
-16,26.5,10,conservative,True,0.230896651644
-15,26.5,10,conservative,True,0.220385862264
-14,26.5,10,conservative,True,0.211891764846
-13,26.5,10,conservative,True,0.198939252844
-12,26.5,10,conservative,True,0.188076620152
-11,26.5,10,conservative,True,0.177426579016
-10,26.5,10,conservative,True,0.166273071819
-9,26.5,10,conservative,True,0.155782457494
-8,26.5,10,conservative,True,0.144120480807
-7,26.5,10,conservative,True,0.135328903329
-6,26.5,10,conservative,True,0.124908081373
-5,26.5,10,conservative,True,0.115320925812
-4,26.5,10,conservative,True,0.107129722054
-3,26.5,10,conservative,True,0.0985851738451
-2,26.5,10,conservative,True,0.0910941882632
-1,26.5,10,conservative,True,0.0849420248426
0,26.5,10,conservative,True,0.0797381757741
1,26.5,10,conservative,True,0.0751961134772
2,26.5,10,conservative,True,0.0704170224998
3,26.5,10,conservative,True,0.0679198783019
4,26.5,10,conservative,True,0.0640733620212
5,26.5,10,conservative,True,0.061584801899
6,26.5,10,conservative,True,0.0600634032529
7,26.5,10,conservative,True,0.0577789531372
8,26.5,10,conservative,True,0.0582562749735
9,26.5,10,conservative,True,0.0563898781772
10,26.5,10,conservative,True,0.056452377763
11,26.5,10,conservative,True,0.0563603423732
12,26.5,10,conservative,True,0.0601201202296
13,26.5,10,conservative,True,0.0620550259922
14,26.5,10,conservative,True,0.0655096151275
15,26.5,10,conservative,True,0.0667560081301
16,26.5,10,conservative,True,0.0703394153617
17,26.5,10,conservative,True,0.074865968173
18,26.5,10,conservative,True,0.0767882712022
19,26.5,10,conservative,True,0.0789545377144
20,26.5,10,conservative,True,0.0838243081795
21,26.5,10,conservative,True,0.0915728214457
22,26.5,10,conservative,True,0.0971097419929
23,26.5,10,conservative,True,0.100273448155
24,26.5,10,conservative,True,0.104591978223
25,26.5,10,conservative,True,0.108233062097
26,26.5,10,conservative,True,0.113495230325
27,26.5,10,conservative,True,0.119902100161
28,26.5,10,conservative,True,0.124406056041
29,26.5,10,conservative,True,0.132112956645
30,26.5,10,conservative,True,0.135998231215
31,26.5,10,conservative,True,0.140616924509
32,26.5,10,conservative,True,0.143741171173
33,26.5,10,conservative,True,0.147651144868
34,26.5,10,conservative,True,0.154469603136
35,26.5,10,conservative,True,0.161950089869
36,26.5,10,conservative,True,0.167208657554
37,26.5,10,conservative,True,0.172155240295
38,26.5,10,conservative,True,0.179699744016
39,26.5,10,conservative,True,0.177163157857
40,26.5,10,conservative,True,0.188164498061
41,26.5,10,conservative,True,0.197071421796
42,26.5,10,conservative,True,0.206383321499
43,26.5,10,conservative,True,0.215531760798
44,26.5,10,conservative,True,0.227637376029
45,26.5,10,conservative,True,0.246179244338
46,26.5,10,conservative,True,0.260415399464
47,26.5,10,conservative,True,0.278067752708
48,26.5,10,conservative,True,0.29493158111
49,26.5,10,conservative,True,0.310794310958
50,26.5,10,conservative,True,0.32428870952
51,26.5,10,conservative,True,0.337823417735
52,26.5,10,conservative,True,0.355645363367
-52,27.5,10,conservative,True,0.301249418613
-51,27.5,10,conservative,True,0.308451584415
-50,27.5,10,conservative,True,0.312821716188
-49,27.5,10,conservative,True,0.309378601411
-48,27.5,10,conservative,True,0.313438886791
-47,27.5,10,conservative,True,0.309305535915
-46,27.5,10,conservative,True,0.306303504368
-45,27.5,10,conservative,True,0.307796154976
-44,27.5,10,conservative,True,0.311104887961
-43,27.5,10,conservative,True,0.309930999188
-42,27.5,10,conservative,True,0.315051663506
-41,27.5,10,conservative,True,0.313210437597
-40,27.5,10,conservative,True,0.318280926438
-39,27.5,10,conservative,True,0.318911280171
-38,27.5,10,conservative,True,0.323411059045
-37,27.5,10,conservative,True,0.322861032908
-36,27.5,10,conservative,True,0.324499070147
-35,27.5,10,conservative,True,0.326072678141
-34,27.5,10,conservative,True,0.325330432338
-33,27.5,10,conservative,True,0.325379278344
-32,27.5,10,conservative,True,0.325584735697
-31,27.5,10,conservative,True,0.323450208272
-30,27.5,10,conservative,True,0.322762651424
-29,27.5,10,conservative,True,0.323024809229
-28,27.5,10,conservative,True,0.321855458383
-27,27.5,10,conservative,True,0.31878159166
-26,27.5,10,conservative,True,0.31428901992
-25,27.5,10,conservative,True,0.307698160165
-24,27.5,10,conservative,True,0.301919978791
-23,27.5,10,conservative,True,0.296530223067
-22,27.5,10,conservative,True,0.29007756721
-21,27.5,10,conservative,True,0.282597145942
-20,27.5,10,conservative,True,0.273614517847
-19,27.5,10,conservative,True,0.263073374932
-18,27.5,10,conservative,True,0.254009694949
-17,27.5,10,conservative,True,0.24504981677
-16,27.5,10,conservative,True,0.236651577825
-15,27.5,10,conservative,True,0.225613133442
-14,27.5,10,conservative,True,0.212748110737
-13,27.5,10,conservative,True,0.202496545286
-12,27.5,10,conservative,True,0.187967930269
-11,27.5,10,conservative,True,0.176674552697
-10,27.5,10,conservative,True,0.166080033086
-9,27.5,10,conservative,True,0.15538915121
-8,27.5,10,conservative,True,0.145164015663
-7,27.5,10,conservative,True,0.13506534381
-6,27.5,10,conservative,True,0.124951182008
-5,27.5,10,conservative,True,0.115652742122
-4,27.5,10,conservative,True,0.107701308286
-3,27.5,10,conservative,True,0.0991557749158
-2,27.5,10,conservative,True,0.0921820766398
-1,27.5,10,conservative,True,0.085863452644
0,27.5,10,conservative,True,0.0814472490612
1,27.5,10,conservative,True,0.0755626472248
2,27.5,10,conservative,True,0.0720204407563
3,27.5,10,conservative,True,0.0697215837858
4,27.5,10,conservative,True,0.0667767584782
5,27.5,10,conservative,True,0.0651165792773
6,27.5,10,conservative,True,0.0629223207241
7,27.5,10,conservative,True,0.060914449715
8,27.5,10,conservative,True,0.0622324168197
9,27.5,10,conservative,True,0.0610566072537
10,27.5,10,conservative,True,0.0621239737099
11,27.5,10,conservative,True,0.0644789629682
12,27.5,10,conservative,True,0.0665644255969
13,27.5,10,conservative,True,0.0695979932172
14,27.5,10,conservative,True,0.0725248864921
15,27.5,10,conservative,True,0.0748669617676
16,27.5,10,conservative,True,0.0775347208926
17,27.5,10,conservative,True,0.0810715809762
18,27.5,10,conservative,True,0.0851238460593
19,27.5,10,conservative,True,0.089751758878
20,27.5,10,conservative,True,0.0941898602664
21,27.5,10,conservative,True,0.102783606677
22,27.5,10,conservative,True,0.1090474764
23,27.5,10,conservative,True,0.11157743558
24,27.5,10,conservative,True,0.1154140261
25,27.5,10,conservative,True,0.119757555105
26,27.5,10,conservative,True,0.12578127631
27,27.5,10,conservative,True,0.133586282014
28,27.5,10,conservative,True,0.139134874782
29,27.5,10,conservative,True,0.14457218781
30,27.5,10,conservative,True,0.148875221522
31,27.5,10,conservative,True,0.154652147402
32,27.5,10,conservative,True,0.160225123765
33,27.5,10,conservative,True,0.167527058077
34,27.5,10,conservative,True,0.172217715371
35,27.5,10,conservative,True,0.180763432704
36,27.5,10,conservative,True,0.187438231424
37,27.5,10,conservative,True,0.192632957167
38,27.5,10,conservative,True,0.198411091015
39,27.5,10,conservative,True,0.204018321449
40,27.5,10,conservative,True,0.209671250085
41,27.5,10,conservative,True,0.219683168849
42,27.5,10,conservative,True,0.226491674855
43,27.5,10,conservative,True,0.241670238011
44,27.5,10,conservative,True,0.255049502336
45,27.5,10,conservative,True,0.270518362628
46,27.5,10,conservative,True,0.290498320617
47,27.5,10,conservative,True,0.302364028643
48,27.5,10,conservative,True,0.314565723629
49,27.5,10,conservative,True,0.333075249665
50,27.5,10,conservative,True,0.347178716735
51,27.5,10,conservative,True,0.35921307115
52,27.5,10,conservative,True,0.383211610407
-52,28.5,10,conservative,True,0.304715416733
-51,28.5,10,conservative,True,0.316160190091
-50,28.5,10,conservative,True,0.323194690236
-49,28.5,10,conservative,True,0.319534231436
-48,28.5,10,conservative,True,0.323664204024
-47,28.5,10,conservative,True,0.318295618044
-46,28.5,10,conservative,True,0.319177941218
-45,28.5,10,conservative,True,0.321275688455
-44,28.5,10,conservative,True,0.325725852088
-43,28.5,10,conservative,True,0.328435270804
-42,28.5,10,conservative,True,0.330454932974
-41,28.5,10,conservative,True,0.329648171444
-40,28.5,10,conservative,True,0.330908036129
-39,28.5,10,conservative,True,0.33504040272
-38,28.5,10,conservative,True,0.339353849869
-37,28.5,10,conservative,True,0.338750524475
-36,28.5,10,conservative,True,0.34342022204
-35,28.5,10,conservative,True,0.340726157447
-34,28.5,10,conservative,True,0.341392528445
-33,28.5,10,conservative,True,0.339053597661
-32,28.5,10,conservative,True,0.340867249916
-31,28.5,10,conservative,True,0.339158652999
-30,28.5,10,conservative,True,0.334703369913
-29,28.5,10,conservative,True,0.333694240323
-28,28.5,10,conservative,True,0.332375181635
-27,28.5,10,conservative,True,0.330182290416
-26,28.5,10,conservative,True,0.327968407165
-25,28.5,10,conservative,True,0.319076224305
-24,28.5,10,conservative,True,0.312408101952
-23,28.5,10,conservative,True,0.304591701512
-22,28.5,10,conservative,True,0.295845776094
-21,28.5,10,conservative,True,0.285936657337
-20,28.5,10,conservative,True,0.277498589851
-19,28.5,10,conservative,True,0.266150128341
-18,28.5,10,conservative,True,0.2564945327
-17,28.5,10,conservative,True,0.246748407645
-16,28.5,10,conservative,True,0.238754933793
-15,28.5,10,conservative,True,0.225600932488
-14,28.5,10,conservative,True,0.212852174524
-13,28.5,10,conservative,True,0.201541594041
-12,28.5,10,conservative,True,0.188725445308
-11,28.5,10,conservative,True,0.176419798015
-10,28.5,10,conservative,True,0.166679431406
-9,28.5,10,conservative,True,0.155287042777
-8,28.5,10,conservative,True,0.145302794275
-7,28.5,10,conservative,True,0.136435545065
-6,28.5,10,conservative,True,0.126286196974
-5,28.5,10,conservative,True,0.117384097244
-4,28.5,10,conservative,True,0.10964930088
-3,28.5,10,conservative,True,0.101237668835
-2,28.5,10,conservative,True,0.0924604681077
-1,28.5,10,conservative,True,0.0859374681207
0,28.5,10,conservative,True,0.0809401996449
1,28.5,10,conservative,True,0.0767701499532
2,28.5,10,conservative,True,0.072822882475
3,28.5,10,conservative,True,0.070288451882
4,28.5,10,conservative,True,0.0686139055496
5,28.5,10,conservative,True,0.0666666193088
6,28.5,10,conservative,True,0.0655541748384
7,28.5,10,conservative,True,0.0656964253993
8,28.5,10,conservative,True,0.0641270757786
9,28.5,10,conservative,True,0.0649057723821
10,28.5,10,conservative,True,0.065699543325
11,28.5,10,conservative,True,0.0685885475894
12,28.5,10,conservative,True,0.0721797109042
13,28.5,10,conservative,True,0.0756880331476
14,28.5,10,conservative,True,0.0770059500503
15,28.5,10,conservative,True,0.0817085374264
16,28.5,10,conservative,True,0.0859113160302
17,28.5,10,conservative,True,0.0907634989484
18,28.5,10,conservative,True,0.0953104767633
19,28.5,10,conservative,True,0.101265694575
20,28.5,10,conservative,True,0.106135590582
21,28.5,10,conservative,True,0.113309595165
22,28.5,10,conservative,True,0.118757184653
23,28.5,10,conservative,True,0.121591365924
24,28.5,10,conservative,True,0.12845436344
25,28.5,10,conservative,True,0.135852327236
26,28.5,10,conservative,True,0.141011092811
27,28.5,10,conservative,True,0.147939066555
28,28.5,10,conservative,True,0.151761332263
29,28.5,10,conservative,True,0.157089539622
30,28.5,10,conservative,True,0.163980344017
31,28.5,10,conservative,True,0.170412798761
32,28.5,10,conservative,True,0.176372473408
33,28.5,10,conservative,True,0.18230318192
34,28.5,10,conservative,True,0.192218243656
35,28.5,10,conservative,True,0.199191009481
36,28.5,10,conservative,True,0.205036336813
37,28.5,10,conservative,True,0.21190130601
38,28.5,10,conservative,True,0.218635984211
39,28.5,10,conservative,True,0.226932278619
40,28.5,10,conservative,True,0.230622521222
41,28.5,10,conservative,True,0.242204378008
42,28.5,10,conservative,True,0.250430723389
43,28.5,10,conservative,True,0.268580717773
44,28.5,10,conservative,True,0.280160246534
45,28.5,10,conservative,True,0.292134145454
46,28.5,10,conservative,True,0.30823973161
47,28.5,10,conservative,True,0.323403833974
48,28.5,10,conservative,True,0.333527204843
49,28.5,10,conservative,True,0.350491843532
50,28.5,10,conservative,True,0.360982780681
51,28.5,10,conservative,True,0.377317217862
52,28.5,10,conservative,True,0.403613290261
-52,29.5,10,conservative,True,0.317595214841
-51,29.5,10,conservative,True,0.325353088172
-50,29.5,10,conservative,True,0.331361063489
-49,29.5,10,conservative,True,0.328470685051
-48,29.5,10,conservative,True,0.338021384436
-47,29.5,10,conservative,True,0.332752859985
-46,29.5,10,conservative,True,0.332696087016
-45,29.5,10,conservative,True,0.332870314034
-44,29.5,10,conservative,True,0.33825763342
-43,29.5,10,conservative,True,0.342599445738
-42,29.5,10,conservative,True,0.343749198069
-41,29.5,10,conservative,True,0.344280220417
-40,29.5,10,conservative,True,0.345965863604
-39,29.5,10,conservative,True,0.349499746543
-38,29.5,10,conservative,True,0.347970166963
-37,29.5,10,conservative,True,0.351623009133
-36,29.5,10,conservative,True,0.353830003942
-35,29.5,10,conservative,True,0.355197099603
-34,29.5,10,conservative,True,0.353830282733
-33,29.5,10,conservative,True,0.355599332075
-32,29.5,10,conservative,True,0.354050464271
-31,29.5,10,conservative,True,0.354126858935
-30,29.5,10,conservative,True,0.350021090673
-29,29.5,10,conservative,True,0.346872942755
-28,29.5,10,conservative,True,0.344159224569
-27,29.5,10,conservative,True,0.338876326826
-26,29.5,10,conservative,True,0.336097051708
-25,29.5,10,conservative,True,0.326964719494
-24,29.5,10,conservative,True,0.31791115132
-23,29.5,10,conservative,True,0.309727088727
-22,29.5,10,conservative,True,0.300331056893
-21,29.5,10,conservative,True,0.291772967615
-20,29.5,10,conservative,True,0.281073044007
-19,29.5,10,conservative,True,0.267956145733
-18,29.5,10,conservative,True,0.260370250996
-17,29.5,10,conservative,True,0.2512945188
-16,29.5,10,conservative,True,0.238909422516
-15,29.5,10,conservative,True,0.226806509909
-14,29.5,10,conservative,True,0.214758334581
-13,29.5,10,conservative,True,0.201072970335
-12,29.5,10,conservative,True,0.188351794364
-11,29.5,10,conservative,True,0.177649403349
-10,29.5,10,conservative,True,0.165995874602
-9,29.5,10,conservative,True,0.156369491116
-8,29.5,10,conservative,True,0.146106882402
-7,29.5,10,conservative,True,0.13572620499
-6,29.5,10,conservative,True,0.125772130057
-5,29.5,10,conservative,True,0.119613090885
-4,29.5,10,conservative,True,0.111021123196
-3,29.5,10,conservative,True,0.102082569603
-2,29.5,10,conservative,True,0.0944779631635
-1,29.5,10,conservative,True,0.0877471315293
0,29.5,10,conservative,True,0.0804643760658
1,29.5,10,conservative,True,0.0768785071171
2,29.5,10,conservative,True,0.0752516003222
3,29.5,10,conservative,True,0.0721062435766
4,29.5,10,conservative,True,0.0696046650832
5,29.5,10,conservative,True,0.0670123570238
6,29.5,10,conservative,True,0.0690650386621
7,29.5,10,conservative,True,0.0678337782044
8,29.5,10,conservative,True,0.0684465055096
9,29.5,10,conservative,True,0.0685034092544
10,29.5,10,conservative,True,0.0706986885357
11,29.5,10,conservative,True,0.0736291112093
12,29.5,10,conservative,True,0.0763693024905
13,29.5,10,conservative,True,0.0797297216913
14,29.5,10,conservative,True,0.0826584659763
15,29.5,10,conservative,True,0.0875464978706
16,29.5,10,conservative,True,0.0939109452161
17,29.5,10,conservative,True,0.0993800512738
18,29.5,10,conservative,True,0.105812473758
19,29.5,10,conservative,True,0.112682194664
20,29.5,10,conservative,True,0.117542457916
21,29.5,10,conservative,True,0.123663407158
22,29.5,10,conservative,True,0.128049856781
23,29.5,10,conservative,True,0.132625025982
24,29.5,10,conservative,True,0.139339864047
25,29.5,10,conservative,True,0.145716595864
26,29.5,10,conservative,True,0.15287225054
27,29.5,10,conservative,True,0.161009775368
28,29.5,10,conservative,True,0.167599051304
29,29.5,10,conservative,True,0.170106919158
30,29.5,10,conservative,True,0.180702089284
31,29.5,10,conservative,True,0.186890168454
32,29.5,10,conservative,True,0.190684441539
33,29.5,10,conservative,True,0.200696014007
34,29.5,10,conservative,True,0.208254059598
35,29.5,10,conservative,True,0.216502131558
36,29.5,10,conservative,True,0.223771422605
37,29.5,10,conservative,True,0.232977332418
38,29.5,10,conservative,True,0.239970613312
39,29.5,10,conservative,True,0.244294362632
40,29.5,10,conservative,True,0.253067934501
41,29.5,10,conservative,True,0.265979345604
42,29.5,10,conservative,True,0.278144553907
43,29.5,10,conservative,True,0.292754626311
44,29.5,10,conservative,True,0.302697975585
45,29.5,10,conservative,True,0.313108705555
46,29.5,10,conservative,True,0.329923512288
47,29.5,10,conservative,True,0.339446326461
48,29.5,10,conservative,True,0.352871242321
49,29.5,10,conservative,True,0.369431070201
50,29.5,10,conservative,True,0.38200039314
51,29.5,10,conservative,True,0.407973903157
52,29.5,10,conservative,True,0.418485926688
-52,30.5,10,conservative,True,0.328562883494
-51,30.5,10,conservative,True,0.335839420486
-50,30.5,10,conservative,True,0.339689573449
-49,30.5,10,conservative,True,0.342126857023
-48,30.5,10,conservative,True,0.341163016967
-47,30.5,10,conservative,True,0.342625004884
-46,30.5,10,conservative,True,0.343721244203
-45,30.5,10,conservative,True,0.342165562247
-44,30.5,10,conservative,True,0.346981675724
-43,30.5,10,conservative,True,0.354344923077
-42,30.5,10,conservative,True,0.354688253892
-41,30.5,10,conservative,True,0.353523357753
-40,30.5,10,conservative,True,0.353599883011
-39,30.5,10,conservative,True,0.355950817578
-38,30.5,10,conservative,True,0.358719150388
-37,30.5,10,conservative,True,0.359406916535
-36,30.5,10,conservative,True,0.362270865633
-35,30.5,10,conservative,True,0.365003620124
-34,30.5,10,conservative,True,0.361907728043
-33,30.5,10,conservative,True,0.360874363161
-32,30.5,10,conservative,True,0.361879992479
-31,30.5,10,conservative,True,0.361508520845
-30,30.5,10,conservative,True,0.358828137614
-29,30.5,10,conservative,True,0.352375238849
-28,30.5,10,conservative,True,0.350296316156
-27,30.5,10,conservative,True,0.345075011218
-26,30.5,10,conservative,True,0.338930788872
-25,30.5,10,conservative,True,0.331451886114
-24,30.5,10,conservative,True,0.322593194001
-23,30.5,10,conservative,True,0.315328511509
-22,30.5,10,conservative,True,0.304176801965
-21,30.5,10,conservative,True,0.293811745417
-20,30.5,10,conservative,True,0.284387747675
-19,30.5,10,conservative,True,0.273644802303
-18,30.5,10,conservative,True,0.261497548508
-17,30.5,10,conservative,True,0.251492498846
-16,30.5,10,conservative,True,0.240791524992
-15,30.5,10,conservative,True,0.227914888824
-14,30.5,10,conservative,True,0.215687232929
-13,30.5,10,conservative,True,0.204846657978
-12,30.5,10,conservative,True,0.191198420532
-11,30.5,10,conservative,True,0.18082861038
-10,30.5,10,conservative,True,0.167955457954
-9,30.5,10,conservative,True,0.155668205508
-8,30.5,10,conservative,True,0.144750678401
-7,30.5,10,conservative,True,0.13574685472
-6,30.5,10,conservative,True,0.127314945582
-5,30.5,10,conservative,True,0.118306833729
-4,30.5,10,conservative,True,0.109355698429
-3,30.5,10,conservative,True,0.102424823286
-2,30.5,10,conservative,True,0.0944666971909
-1,30.5,10,conservative,True,0.0878132380886
0,30.5,10,conservative,True,0.082032475487
1,30.5,10,conservative,True,0.077334630743
2,30.5,10,conservative,True,0.0763382231305
3,30.5,10,conservative,True,0.0733916809693
4,30.5,10,conservative,True,0.0706158627897
5,30.5,10,conservative,True,0.0708721647362
6,30.5,10,conservative,True,0.0703881031508
7,30.5,10,conservative,True,0.0724892335183
8,30.5,10,conservative,True,0.0722037652187
9,30.5,10,conservative,True,0.0733116941787
10,30.5,10,conservative,True,0.0770267106424
11,30.5,10,conservative,True,0.0793192278885
12,30.5,10,conservative,True,0.0833479089539
13,30.5,10,conservative,True,0.085820246127
14,30.5,10,conservative,True,0.0907569209358
15,30.5,10,conservative,True,0.0963417226133
16,30.5,10,conservative,True,0.103005042676
17,30.5,10,conservative,True,0.109908465876
18,30.5,10,conservative,True,0.117674948429
19,30.5,10,conservative,True,0.12297635858
20,30.5,10,conservative,True,0.129249945346
21,30.5,10,conservative,True,0.134100419994
22,30.5,10,conservative,True,0.139922844262
23,30.5,10,conservative,True,0.143824678705
24,30.5,10,conservative,True,0.15215002471
25,30.5,10,conservative,True,0.157950897086
26,30.5,10,conservative,True,0.16672579528
27,30.5,10,conservative,True,0.1747788602
28,30.5,10,conservative,True,0.18020054141
29,30.5,10,conservative,True,0.19084074136
30,30.5,10,conservative,True,0.200737055021
31,30.5,10,conservative,True,0.205126435341
32,30.5,10,conservative,True,0.208299413824
33,30.5,10,conservative,True,0.218574934135
34,30.5,10,conservative,True,0.229895900414
35,30.5,10,conservative,True,0.236841971794
36,30.5,10,conservative,True,0.244775042782
37,30.5,10,conservative,True,0.25281116979
38,30.5,10,conservative,True,0.26107327535
39,30.5,10,conservative,True,0.266059789073
40,30.5,10,conservative,True,0.274375501425
41,30.5,10,conservative,True,0.286188642739
42,30.5,10,conservative,True,0.298745995384
43,30.5,10,conservative,True,0.311254469088
44,30.5,10,conservative,True,0.321814434844
45,30.5,10,conservative,True,0.328055550364
46,30.5,10,conservative,True,0.344422748086
47,30.5,10,conservative,True,0.358044042626
48,30.5,10,conservative,True,0.366422468377
49,30.5,10,conservative,True,0.386191143709
50,30.5,10,conservative,True,0.404095795465
51,30.5,10,conservative,True,0.418394489903
52,30.5,10,conservative,True,0.443287585343
-52,31.5,10,conservative,True,0.335153534621
-51,31.5,10,conservative,True,0.335480309541
-50,31.5,10,conservative,True,0.343656961191
-49,31.5,10,conservative,True,0.352367334821
-48,31.5,10,conservative,True,0.348855560632
-47,31.5,10,conservative,True,0.351463855218
-46,31.5,10,conservative,True,0.352735191809
-45,31.5,10,conservative,True,0.35061324261
-44,31.5,10,conservative,True,0.358735536371
-43,31.5,10,conservative,True,0.355934687109
-42,31.5,10,conservative,True,0.364581348704
-41,31.5,10,conservative,True,0.360517324188
-40,31.5,10,conservative,True,0.366861556303
-39,31.5,10,conservative,True,0.366614643848
-38,31.5,10,conservative,True,0.369206223085
-37,31.5,10,conservative,True,0.371719992984
-36,31.5,10,conservative,True,0.374061826376
-35,31.5,10,conservative,True,0.373699743122
-34,31.5,10,conservative,True,0.372248284667
-33,31.5,10,conservative,True,0.371172949965
-32,31.5,10,conservative,True,0.36680612339
-31,31.5,10,conservative,True,0.366724631851
-30,31.5,10,conservative,True,0.364102253538
-29,31.5,10,conservative,True,0.359929020167
-28,31.5,10,conservative,True,0.351672113556
-27,31.5,10,conservative,True,0.349664576551
-26,31.5,10,conservative,True,0.342856862736
-25,31.5,10,conservative,True,0.336182427692
-24,31.5,10,conservative,True,0.327999053
-23,31.5,10,conservative,True,0.317125315141
-22,31.5,10,conservative,True,0.3080112521
-21,31.5,10,conservative,True,0.298909887268
-20,31.5,10,conservative,True,0.287817635594
-19,31.5,10,conservative,True,0.277865568168
-18,31.5,10,conservative,True,0.263309777355
-17,31.5,10,conservative,True,0.253334387096
-16,31.5,10,conservative,True,0.241525587718
-15,31.5,10,conservative,True,0.229529924888
-14,31.5,10,conservative,True,0.218670589988
-13,31.5,10,conservative,True,0.206711243547
-12,31.5,10,conservative,True,0.193218878454
-11,31.5,10,conservative,True,0.181073670527
-10,31.5,10,conservative,True,0.170724934289
-9,31.5,10,conservative,True,0.158084805157
-8,31.5,10,conservative,True,0.145709824957
-7,31.5,10,conservative,True,0.135709388232
-6,31.5,10,conservative,True,0.126535659765
-5,31.5,10,conservative,True,0.117415243724
-4,31.5,10,conservative,True,0.108934377375
-3,31.5,10,conservative,True,0.100789408201
-2,31.5,10,conservative,True,0.095073267796
-1,31.5,10,conservative,True,0.0901032140595
0,31.5,10,conservative,True,0.0855410641561
1,31.5,10,conservative,True,0.0812883019902
2,31.5,10,conservative,True,0.0771298516639
3,31.5,10,conservative,True,0.0768521089937
4,31.5,10,conservative,True,0.0751937055051
5,31.5,10,conservative,True,0.0743863542741
6,31.5,10,conservative,True,0.0735592722882
7,31.5,10,conservative,True,0.0753378043676
8,31.5,10,conservative,True,0.0760974339735
9,31.5,10,conservative,True,0.0791129495929
10,31.5,10,conservative,True,0.0817934903675
11,31.5,10,conservative,True,0.085858768964
12,31.5,10,conservative,True,0.0879836077387
13,31.5,10,conservative,True,0.092622981689
14,31.5,10,conservative,True,0.0959989522495
15,31.5,10,conservative,True,0.103861121121
16,31.5,10,conservative,True,0.110270052212
17,31.5,10,conservative,True,0.11777364078
18,31.5,10,conservative,True,0.124506005506
19,31.5,10,conservative,True,0.129891228344
20,31.5,10,conservative,True,0.138173137452
21,31.5,10,conservative,True,0.141872888701
22,31.5,10,conservative,True,0.15098665806
23,31.5,10,conservative,True,0.156250056615
24,31.5,10,conservative,True,0.164194256946
25,31.5,10,conservative,True,0.173381487714
26,31.5,10,conservative,True,0.178649230317
27,31.5,10,conservative,True,0.187560413882
28,31.5,10,conservative,True,0.195101903177
29,31.5,10,conservative,True,0.205303530587
30,31.5,10,conservative,True,0.213867474329
31,31.5,10,conservative,True,0.2190500051
32,31.5,10,conservative,True,0.22436671986
33,31.5,10,conservative,True,0.238210409066
34,31.5,10,conservative,True,0.247792810239
35,31.5,10,conservative,True,0.254159785291
36,31.5,10,conservative,True,0.261037674651
37,31.5,10,conservative,True,0.267861581389
38,31.5,10,conservative,True,0.277936730546
39,31.5,10,conservative,True,0.285027368303
40,31.5,10,conservative,True,0.294138807124
41,31.5,10,conservative,True,0.306640035569
42,31.5,10,conservative,True,0.320617289022
43,31.5,10,conservative,True,0.331183683976
44,31.5,10,conservative,True,0.339826789581
45,31.5,10,conservative,True,0.353041787305
46,31.5,10,conservative,True,0.36110887044
47,31.5,10,conservative,True,0.374408909468
48,31.5,10,conservative,True,0.386019107079
49,31.5,10,conservative,True,0.402725028049
50,31.5,10,conservative,True,0.420485266016
51,31.5,10,conservative,True,0.439296309415
52,31.5,10,conservative,True,0.447661676897
-52,32.5,10,conservative,True,0.336130222193
-51,32.5,10,conservative,True,0.333620621606
-50,32.5,10,conservative,True,0.345633990268
-49,32.5,10,conservative,True,0.361398475025
-48,32.5,10,conservative,True,0.361721299533
-47,32.5,10,conservative,True,0.355509758557
-46,32.5,10,conservative,True,0.356348839752
-45,32.5,10,conservative,True,0.361418484698
-44,32.5,10,conservative,True,0.360256395133
-43,32.5,10,conservative,True,0.366734754528
-42,32.5,10,conservative,True,0.370829714333
-41,32.5,10,conservative,True,0.371397838962
-40,32.5,10,conservative,True,0.370772329016
-39,32.5,10,conservative,True,0.375340946917
-38,32.5,10,conservative,True,0.374985649966
-37,32.5,10,conservative,True,0.379529920561
-36,32.5,10,conservative,True,0.381987591848
-35,32.5,10,conservative,True,0.384250089784
-34,32.5,10,conservative,True,0.383221734437
-33,32.5,10,conservative,True,0.377449958461
-32,32.5,10,conservative,True,0.376227434998
-31,32.5,10,conservative,True,0.374719985437
-30,32.5,10,conservative,True,0.372069789015
-29,32.5,10,conservative,True,0.365057280088
-28,32.5,10,conservative,True,0.357013923236
-27,32.5,10,conservative,True,0.353556231347
-26,32.5,10,conservative,True,0.347735935888
-25,32.5,10,conservative,True,0.341310118644
-24,32.5,10,conservative,True,0.333728002088
-23,32.5,10,conservative,True,0.326200123422
-22,32.5,10,conservative,True,0.316161237983
-21,32.5,10,conservative,True,0.301293919654
-20,32.5,10,conservative,True,0.290152175571
-19,32.5,10,conservative,True,0.28003340614
-18,32.5,10,conservative,True,0.268050327464
-17,32.5,10,conservative,True,0.254693963062
-16,32.5,10,conservative,True,0.241641340957
-15,32.5,10,conservative,True,0.22877613941
-14,32.5,10,conservative,True,0.220247607981
-13,32.5,10,conservative,True,0.206431362714
-12,32.5,10,conservative,True,0.193339599394
-11,32.5,10,conservative,True,0.18244995426
-10,32.5,10,conservative,True,0.170341414024
-9,32.5,10,conservative,True,0.158703680105
-8,32.5,10,conservative,True,0.146749285131
-7,32.5,10,conservative,True,0.135292744528
-6,32.5,10,conservative,True,0.124992840165
-5,32.5,10,conservative,True,0.117415224157
-4,32.5,10,conservative,True,0.108139421493
-3,32.5,10,conservative,True,0.0982747957898
-2,32.5,10,conservative,True,0.0940947572763
-1,32.5,10,conservative,True,0.090752179822
0,32.5,10,conservative,True,0.0879709957345
1,32.5,10,conservative,True,0.0829800162233
2,32.5,10,conservative,True,0.0806993156214
3,32.5,10,conservative,True,0.0782893693694
4,32.5,10,conservative,True,0.0770963311174
5,32.5,10,conservative,True,0.0781833233256
6,32.5,10,conservative,True,0.0774075015392
7,32.5,10,conservative,True,0.0784408630304
8,32.5,10,conservative,True,0.0790752991628
9,32.5,10,conservative,True,0.0813741326817
10,32.5,10,conservative,True,0.0851605805678
11,32.5,10,conservative,True,0.0875471055555
12,32.5,10,conservative,True,0.0925467488704
13,32.5,10,conservative,True,0.0952917344219
14,32.5,10,conservative,True,0.10396718902
15,32.5,10,conservative,True,0.11213548063
16,32.5,10,conservative,True,0.117812784918
17,32.5,10,conservative,True,0.126814256688
18,32.5,10,conservative,True,0.13200408273
19,32.5,10,conservative,True,0.139550180531
20,32.5,10,conservative,True,0.147513332364
21,32.5,10,conservative,True,0.152504956304
22,32.5,10,conservative,True,0.161524142807
23,32.5,10,conservative,True,0.168878493165
24,32.5,10,conservative,True,0.176557022494
25,32.5,10,conservative,True,0.184573353427
26,32.5,10,conservative,True,0.19158694529
27,32.5,10,conservative,True,0.204200537813
28,32.5,10,conservative,True,0.214516857781
29,32.5,10,conservative,True,0.219660496456
30,32.5,10,conservative,True,0.228525861887
31,32.5,10,conservative,True,0.235624902161
32,32.5,10,conservative,True,0.245200454685
33,32.5,10,conservative,True,0.257083211869
34,32.5,10,conservative,True,0.264956380604
35,32.5,10,conservative,True,0.273097282177
36,32.5,10,conservative,True,0.280289079888
37,32.5,10,conservative,True,0.289875854886
38,32.5,10,conservative,True,0.298796429747
39,32.5,10,conservative,True,0.307075728505
40,32.5,10,conservative,True,0.316458580063
41,32.5,10,conservative,True,0.327405705197
42,32.5,10,conservative,True,0.342099235244
43,32.5,10,conservative,True,0.349156270154
44,32.5,10,conservative,True,0.354594098168
45,32.5,10,conservative,True,0.366953261538
46,32.5,10,conservative,True,0.376267035791
47,32.5,10,conservative,True,0.392291430277
48,32.5,10,conservative,True,0.401150968657
49,32.5,10,conservative,True,0.422140811558
50,32.5,10,conservative,True,0.445290571816
51,32.5,10,conservative,True,0.446034035775
52,32.5,10,conservative,False,
-52,33.5,10,conservative,True,0.347266956697
-51,33.5,10,conservative,True,0.338828000206
-50,33.5,10,conservative,True,0.337140195319
-49,33.5,10,conservative,True,0.350781835534
-48,33.5,10,conservative,True,0.363895486437
-47,33.5,10,conservative,True,0.363573133202
-46,33.5,10,conservative,True,0.356520763648
-45,33.5,10,conservative,True,0.366321241878
-44,33.5,10,conservative,True,0.367659317293
-43,33.5,10,conservative,True,0.365126281354
-42,33.5,10,conservative,True,0.372044961012
-41,33.5,10,conservative,True,0.376805647908
-40,33.5,10,conservative,True,0.375117793736
-39,33.5,10,conservative,True,0.381305746807
-38,33.5,10,conservative,True,0.382032030869
-37,33.5,10,conservative,True,0.384650995492
-36,33.5,10,conservative,True,0.39232333273
-35,33.5,10,conservative,True,0.389870776488
-34,33.5,10,conservative,True,0.39013555712
-33,33.5,10,conservative,True,0.386500045613
-32,33.5,10,conservative,True,0.383857522151
-31,33.5,10,conservative,True,0.381335984658
-30,33.5,10,conservative,True,0.378012936248
-29,33.5,10,conservative,True,0.371531995601
-28,33.5,10,conservative,True,0.366460111578
-27,33.5,10,conservative,True,0.357137451443
-26,33.5,10,conservative,True,0.352158160865
-25,33.5,10,conservative,True,0.343356000682
-24,33.5,10,conservative,True,0.337276395545
-23,33.5,10,conservative,True,0.328193771065
-22,33.5,10,conservative,True,0.318218496518
-21,33.5,10,conservative,True,0.305131701595
-20,33.5,10,conservative,True,0.292903444427
-19,33.5,10,conservative,True,0.280142259383
-18,33.5,10,conservative,True,0.265417023936
-17,33.5,10,conservative,True,0.255621904928
-16,33.5,10,conservative,True,0.24477255072
-15,33.5,10,conservative,True,0.231070815197
-14,33.5,10,conservative,True,0.219017704173
-13,33.5,10,conservative,True,0.207835281737
-12,33.5,10,conservative,True,0.194736414207
-11,33.5,10,conservative,True,0.182639102358
-10,33.5,10,conservative,True,0.170754930838
-9,33.5,10,conservative,True,0.158041065229
-8,33.5,10,conservative,True,0.148829160671
-7,33.5,10,conservative,True,0.138174093425
-6,33.5,10,conservative,True,0.125592669841
-5,33.5,10,conservative,True,0.115772122548
-4,33.5,10,conservative,True,0.106687568196
-3,33.5,10,conservative,True,0.102585414438
-2,33.5,10,conservative,True,0.0944392991465
-1,33.5,10,conservative,True,0.0908583111201
0,33.5,10,conservative,True,0.0875020692063
1,33.5,10,conservative,True,0.0842863746793
2,33.5,10,conservative,True,0.080226957667
3,33.5,10,conservative,True,0.0772132751136
4,33.5,10,conservative,True,0.0782731297255
5,33.5,10,conservative,True,0.0754633231814
6,33.5,10,conservative,True,0.0772625537476
7,33.5,10,conservative,True,0.0784194391842
8,33.5,10,conservative,True,0.0789082121259
9,33.5,10,conservative,True,0.0813123615852
10,33.5,10,conservative,True,0.0862880349577
11,33.5,10,conservative,True,0.0904928367709
12,33.5,10,conservative,True,0.0973156181993
13,33.5,10,conservative,True,0.10115545771
14,33.5,10,conservative,True,0.111302851024
15,33.5,10,conservative,True,0.118007546378
16,33.5,10,conservative,True,0.127341466674
17,33.5,10,conservative,True,0.131707356023
18,33.5,10,conservative,True,0.139315236327
19,33.5,10,conservative,True,0.148237088226
20,33.5,10,conservative,True,0.157225176532
21,33.5,10,conservative,True,0.163554548931
22,33.5,10,conservative,True,0.174004675852
23,33.5,10,conservative,True,0.180450798695
24,33.5,10,conservative,True,0.19149628338
25,33.5,10,conservative,True,0.199219946728
26,33.5,10,conservative,True,0.209283422489
27,33.5,10,conservative,True,0.220746331811
28,33.5,10,conservative,True,0.225943913509
29,33.5,10,conservative,True,0.232879358899
30,33.5,10,conservative,True,0.244437071702
31,33.5,10,conservative,True,0.254902621695
32,33.5,10,conservative,True,0.262748099271
33,33.5,10,conservative,True,0.276363439789
34,33.5,10,conservative,True,0.284138836913
35,33.5,10,conservative,True,0.290215289817
36,33.5,10,conservative,True,0.296933254892
37,33.5,10,conservative,True,0.307466399879
38,33.5,10,conservative,True,0.31902761572
39,33.5,10,conservative,True,0.327062349096
40,33.5,10,conservative,True,0.33077233741
41,33.5,10,conservative,True,0.346987679578
42,33.5,10,conservative,True,0.349587668536
43,33.5,10,conservative,True,0.359816601825
44,33.5,10,conservative,True,0.376503811902
45,33.5,10,conservative,True,0.390204144362
46,33.5,10,conservative,True,0.399515259558
47,33.5,10,conservative,True,0.413166164572
48,33.5,10,conservative,True,0.423930336498
49,33.5,10,conservative,True,0.448317607882
50,33.5,10,conservative,True,0.458527401526
51,33.5,10,conservative,False,
52,33.5,10,conservative,False,
